model,epoch_d,L_metal_total,metal_frac_of_all,dominant_metal,dominant_metal_L,L_C,L_O,L_Ne,overall_rank_of_dominant_metal
A1,10.0,1.544765494689296e+37,0.00029034505407701355,O_I_7774,1.5327424042074728e+37,1.1093460033889047e+35,1.5336720346553611e+37,4.572139550188499e+23,10
A1,20.0,2.0436040181788405e+37,0.0002431790929958397,O_I_7774,1.7458047283607752e+37,4.582453058222319e+29,2.0436039723543099e+37,2659113271247.544,10
A1,30.0,4.603471505738492e+37,0.0003789946724649176,O_I_7774,2.772466430416046e+37,8.566474335570124e+28,4.603471497172017e+37,94381444045.9637,10
A1,40.0,8.534544925448288e+37,0.0006318763376621718,O_I_6300,4.745876323742252e+37,4.981291437028002e+28,8.534544920466996e+37,2821469878.6943607,10
A1,50.0,1.5024269764980224e+38,0.000915471721719171,O_I_6300,8.38774705005828e+37,8.589033633487626e+28,1.5024269756391192e+38,1540361611.3686905,10
A1,60.0,2.0865041162066582e+38,0.0012098776966242835,O_I_6300,1.1755486476246205e+38,1.4029908774726468e+29,2.0865041148036677e+38,625688352.1414158,10
A1,70.0,2.9109449148725084e+38,0.0015194614330870154,O_I_6300,1.5124235620954294e+38,4.037759247636891e+29,2.9109449108347494e+38,778426157.2848415,10
A1,80.0,3.470885460193207e+38,0.0020952410534047176,O_I_6300,1.9632692324149913e+38,5.087874730395093e+29,3.470885455105332e+38,199991217.50955456,10
A1,90.0,4.2479684793614656e+38,0.0027908545969333926,O_I_6300,2.390378073139545e+38,8.429674558465358e+29,4.2479684709317906e+38,187264852.70453477,10
A1,100.0,4.991929008171255e+38,0.004608857760030373,O_I_6300,3.0392181669835235e+38,8.779796417834063e+29,4.991928999391459e+38,79674208.90992425,10
A1,110.0,7.365832983416448e+38,0.008184645776364434,O_I_6300,4.285904454903651e+38,1.6323627484332446e+30,7.365832967092821e+38,150029111.84718513,10
A1,120.0,1.1816076964353646e+39,0.023827253102151558,O_I_6300,8.243284876321494e+38,8.385752943437714e+29,1.1816076955967893e+39,2.789679600962879e+16,7
A1,130.0,1.5695898033989e+39,0.10920574547980419,C_III_4647,2.898958461888004e+38,1.2256673372481963e+39,3.066193930556849e+38,3.73030730950192e+37,6
A1,140.0,3.445006694758444e+36,0.0007023480857398549,O_I_7774,3.4450066946959885e+35,2.0670040168800484e+36,1.0335020084087965e+36,3.4450066946959885e+35,10
A1,150.0,5.189475969508587e+36,0.0020610995323706574,Ne_III_3869,5.275984895232002e+35,3.079082011415786e+36,1.5827954685696005e+36,5.275984895232002e+35,10
A1,160.0,5.1638862851744467e+36,0.003659290870648186,Ne_III_3869,5.780300892232008e+35,2.9534691996671993e+36,1.6323869962840465e+36,5.780300892232008e+35,10
A10,0.1,1.284439361256483e+38,0.0015358911623595938,C_III_1909,9.69920748550602e+37,9.780572607492615e+37,3.06290457658524e+37,9.164284869718599e+33,10
A10,0.2,1.2469303419589023e+38,0.0014902484861957922,C_III_1909,9.32791439606118e+37,9.406736490249439e+37,3.062134534795469e+37,4.323945441160636e+33,10
A10,0.3,1.2114084438369696e+38,0.001447032523093176,C_III_1909,8.975516263074426e+37,9.05192727733117e+37,3.0619322595440085e+37,2.2490149451564246e+33,10
A10,0.4,1.457457087748571e+38,0.0016743782298442329,C_III_1909,1.12417610469432e+38,1.1333167218506244e+38,3.2412855390214955e+37,1.18119957972209e+33,10
A10,0.5,1.4118210711340385e+38,0.0016209344085383645,C_III_1909,1.0788125491993563e+38,1.0876532559344114e+38,3.24152041713051e+37,1.5773486575988704e+33,10
A10,0.6,1.3676636433618025e+38,0.001569262996255412,C_III_1909,1.0349487483803503e+38,1.043495662204e+38,3.2415721902945283e+37,1.0762128349663602e+33,10
A10,0.7,1.325233102120127e+38,0.0015196437779983825,C_III_1909,9.927950918523228e+37,1.0010577649798939e+38,3.241672408776343e+37,8.096262598882041e+32,10
A10,0.8,1.2844437600499632e+38,0.001471973842275272,C_III_1909,9.522696529903633e+37,9.60257072938096e+37,3.2417997150436974e+37,6.715607497455457e+32,10
A10,0.9,1.2452273020225209e+38,0.0014261704892496777,C_III_1909,9.133059373434163e+37,9.210267095988743e+37,3.2419445058112097e+37,6.141842525458344e+32,10
A10,1.0,1.2075250959998576e+38,0.0013821623760780911,C_III_1909,8.758461326661152e+37,8.833085801037626e+37,3.2421032257957948e+37,6.193316515663179e+32,10
A10,2.0,9.427248730300555e+37,0.0010728601186036082,C_III_1909,6.080674468534579e+37,6.13689056684033e+37,3.275887907787054e+37,1.4470255673170017e+35,10
A10,3.0,6.672158983949053e+37,0.0007535609651096219,C_III_1909,3.364662504902503e+37,3.399789814264483e+37,3.267602798934334e+37,4.766370750235907e+34,10
A10,4.0,1.2890697818589438e+38,0.0014434429325926455,C_III_1909,8.57985537141717e+37,8.681753368338105e+37,3.950290189731622e+37,2.5865426051971144e+36,10
A10,5.0,6.488270819455362e+37,0.0007204416406905125,O_I_7774,3.2538946964163016e+37,2.9156090272487774e+37,3.5085941618474967e+37,6.406763035908709e+35,10
A10,10.0,7.357335007222031e+38,0.007774948322985055,C_III_1909,5.4085291715239225e+38,5.6293400823002785e+38,1.1806322696099618e+38,5.473626553117908e+37,9
A10,20.0,1.564301494849063e+38,0.001875133101546327,O_III_5007,7.05543474031065e+37,5.342217041548001e+37,7.124728579676761e+37,3.176069327265867e+37,10
A10,30.0,1.2665446154546413e+38,0.0017576512193579752,O_III_5007,5.31099849859308e+37,5.230042331706785e+37,5.317245730518354e+37,2.1181580923212762e+37,10
A10,40.0,1.4752263881190021e+38,0.0019324966874733713,C_IV_5801,5.501673495022056e+37,8.139306439441609e+37,4.708352421018468e+37,1.9046050207299427e+37,10
A10,50.0,1.9415136714186934e+38,0.0007794739539674715,O_III_5007,6.274978494994804e+37,1.0049358307142306e+38,6.284287566774034e+37,3.0814908402705934e+37,10
A10,60.0,1.3125945880371366e+39,0.0006751206517202749,C_II_4267,3.835981578445525e+38,9.939061416002525e+38,2.7590574424042807e+38,4.278270219645601e+37,10
A10,70.0,2.713284473618405e+40,0.05347187015102688,C_III_4647,8.019727290431779e+39,2.6358170357935442e+40,6.4846806434155696e+38,1.262063139070581e+38,6
A10,80.0,7.108798415258281e+40,0.15683220043944884,C_III_4647,2.4474263446993033e+40,6.997023866212683e+40,9.239527677013337e+38,1.9379272275465588e+38,4
A10,90.0,1.198770122550668e+41,0.2811950844558203,C_III_4647,4.2204817681756666e+40,1.1844445633084898e+41,1.2084542149228558e+39,2.2410170929493875e+38,3
A10,100.0,1.243082277745931e+41,0.32567426055197335,C_III_4647,4.166176802314666e+40,1.2227467140686484e+41,1.7856025579598913e+39,2.479538097683728e+38,3
A10,110.0,1.7164410986915508e+40,0.06719395894095886,C_III_4647,3.918757562607994e+39,1.5136876731461845e+40,1.9134783164456997e+39,1.1405593900796373e+38,5
A10,120.0,3.268712551525852e+36,1.779956858838324e-05,O_I_7774,7.229193929045334e+35,1.5439465314339277e+36,1.6855415380393485e+36,3.9224482052576224e+34,10
A10,130.0,3.919677534753587e+36,2.7440868268375202e-05,O_I_7774,8.886423956554667e+35,1.901781181737293e+36,1.9856998566353687e+36,3.219649638092639e+34,10
A10,140.0,1.2664398167211825e+37,6.212616843157389e-05,O_I_6300,2.999271869664e+36,6.559029817962831e+36,6.094925751519623e+36,1.0442597729369977e+34,10
A10,150.0,2.450441165299184e+36,2.1785734437372418e-05,O_I_6300,6.096833658224001e+35,1.2277274267305971e+36,1.2225356092088603e+36,1.781293597268028e+32,10
A11,0.1,1.1381194552600287e+38,0.0006851709455605269,O_I_7774,6.60458308708064e+37,4.77403602804953e+37,6.60715851303859e+37,1.1512167485913923e+29,10
A11,0.2,1.1296719577493842e+38,0.0006797757413240454,O_I_7774,6.604671532602486e+37,4.689454368904273e+37,6.607265202845706e+37,5.743859938530508e+28,10
A11,0.3,1.121366367335378e+38,0.000674472251621662,O_I_7774,6.604760153329997e+37,4.606291445372008e+37,6.607372224709619e+37,3.27215456883047e+28,10
A11,0.4,1.1132004445850101e+38,0.0006692589570220504,O_I_7774,6.604848950162902e+37,4.524524868877047e+37,6.607479574851167e+37,2.1218876263262762e+28,10
A11,0.5,1.1051719879688431e+38,0.0006641343654106141,O_I_7774,6.60493792319484e+37,4.44413262571529e+37,6.607587252420836e+37,1.5523037638064957e+28,10
A11,0.6,1.0972788298662074e+38,0.0006590970094680454,O_I_7774,6.605027072223698e+37,4.3650930397710475e+37,6.60769525762569e+37,1.265337464690527e+28,10
A11,0.7,1.0895188349345728e+38,0.000654145445576186,O_I_7774,6.605116396925742e+37,4.287384757118547e+37,6.607803591090846e+37,1.1363335894090608e+28,10
A11,0.8,1.081889899264656e+38,0.0006492782532000078,O_I_7774,6.605205896918098e+37,4.2109867378989005e+37,6.607912253630225e+37,1.1174352922606074e+28,10
A11,0.9,1.0743899498297303e+38,0.0006444940344495178,O_I_7774,6.605295571779709e+37,4.135878250923929e+37,6.608021246168792e+37,1.2045828957142457e+28,10
A11,1.0,1.067016944077445e+38,0.0006397914137300465,O_I_7774,6.605385421052256e+37,4.062038869601089e+37,6.608130569738505e+37,1.434855922637245e+28,10
A11,2.0,9.94022786683426e+37,0.0005932433855629402,O_I_7774,6.608525315348159e+37,3.328723639912874e+37,6.611502328154538e+37,1.8987668488880834e+31,10
A11,3.0,8.947863410579794e+37,0.0005299616500167884,O_I_7774,6.631736843868318e+37,2.3126872500452477e+37,6.635176073963718e+37,8.65708268483976e+29,10
A11,4.0,8.237594426725254e+37,0.0004841419545120273,O_I_7774,6.657159056525085e+37,1.576296323968685e+37,6.661274575771684e+37,2.3526984884508974e+32,10
A11,5.0,7.65076338541696e+37,0.00044525378305774343,O_I_7774,6.7003467133698585e+37,9.454792766627828e+36,6.705282125572697e+37,1.9831814802602217e+31,10
A11,10.0,7.323114204742817e+37,0.0004065233747992475,O_I_7774,6.925871296396036e+37,3.4242312936874306e+36,6.979287248126728e+37,1.4038272473456112e+34,10
A11,20.0,1.83069814824239e+38,0.0010693628352244232,C_III_1909,7.46293297942306e+37,9.095727034130482e+37,8.323506767671479e+37,8.877476806219381e+36,10
A11,30.0,2.3102687062193464e+38,0.0016711858729562443,O_III_5007,8.303629876687621e+37,1.1197441882831545e+38,8.679535535023813e+37,3.225709644338105e+37,10
A11,40.0,2.09592896012083e+38,0.0017514531853837297,O_III_5007,7.642612287163999e+37,1.0449435944678814e+38,7.667153889556051e+37,2.8426997669734343e+37,10
A11,50.0,2.3957629886382792e+38,0.002193004334464935,C_IV_5801,9.038808035273041e+37,1.4763600989241686e+38,6.700432017402729e+37,2.4935968797383815e+37,10
A11,60.0,2.515525253368759e+38,0.001395592610809594,C_IV_5801,9.899805988026272e+37,1.5735443854366574e+38,6.780712658753744e+37,2.639096020567271e+37,10
A11,70.0,3.932273087211255e+38,0.0008186397863885814,C_IV_5801,1.5228855440247395e+38,2.6773479906169002e+38,8.737377684192662e+37,3.811873281750895e+37,10
A11,80.0,3.558486529977373e+39,0.0007294234462974127,C_II_4267,1.0296077516102312e+39,2.6346968765301854e+39,8.563516822456685e+38,6.743797120151877e+37,10
A11,90.0,9.577901601014687e+40,0.13392442545970304,C_III_4647,3.3061373005669265e+40,9.456979607079148e+40,1.0054808006432855e+39,2.0373913871211055e+38,5
A11,100.0,1.3896537987176271e+41,0.2120980577881279,C_III_4647,4.137759272254665e+40,1.3695725625125575e+41,1.7605023234102983e+39,2.476212970966799e+38,4
A11,110.0,1.3592468594851634e+40,0.0278595339762508,C_III_4647,2.52693572996799e+39,1.0526492067742813e+40,2.9334071877976023e+39,1.3256933931121903e+38,10
A11,120.0,1.2389800329459227e+39,0.0032983158143407134,O_I_7774,1.842996832529667e+38,7.617447804390337e+38,4.3065116454226095e+38,4.6584087964628005e+37,10
A11,130.0,4.396893658665178e+36,1.527398233170969e-05,O_I_7774,9.525110861461669e+35,2.1068837318478047e+36,2.2271313727650965e+36,6.287855405227726e+34,10
A11,140.0,1.836983445897345e+36,7.029965064785514e-06,O_I_7774,4.375617656715005e+35,8.991534387454842e+35,9.273728345877131e+35,1.0457172564147618e+34,10
A11,150.0,5.831339593206195e+36,0.005425183324181311,Ne_III_3869,6.86733273849e+35,3.2749364750376906e+36,1.8696698443195048e+36,6.86733273849e+35,10
A12,0.1,3.6516727124325685e+38,0.013991804812570197,C_III_1909,1.3550363518866562e+38,1.404464213357528e+38,1.3327174460654484e+38,9.144910530095919e+37,9
A12,0.2,3.625925733651453e+38,0.013918237111775126,C_III_1909,1.3451053796277014e+38,1.3945033651262516e+38,1.3244611975696581e+38,9.069611709555434e+37,9
A12,0.3,3.580486345825391e+38,0.01376987182135232,O_III_5007,1.3158255674851297e+38,1.3643433921831263e+38,1.3164569210431532e+38,8.996860325991115e+37,9
A12,0.4,3.516686432215005e+38,0.013551297870387346,O_III_5007,1.3080788418498492e+38,1.315330139654836e+38,1.3086980331316128e+38,8.926582594285563e+37,9
A12,0.5,3.436560553421953e+38,0.013268607950029246,O_III_5007,1.3005696946005787e+38,1.2495330766891748e+38,1.3011671500750153e+38,8.85860326657763e+37,9
A12,0.6,3.3427268816933313e+38,0.012931486249073487,O_III_5007,1.2932702778191587e+38,1.1696235369639239e+38,1.2938374378474272e+38,8.792659068819803e+37,9
A12,0.7,3.2382408639233304e+38,0.012551828850516816,O_III_5007,1.286144966807189e+38,1.0787243773926292e+38,1.2866746462613467e+38,8.728418402693545e+37,9
A12,0.8,3.1264285511774264e+38,0.012142550908016693,O_III_5007,1.2791529739132472e+38,9.80238393973545e+37,1.2796396210908499e+38,8.665505361130316e+37,9
A12,0.9,3.0107091270192832e+38,0.011716745832766875,O_III_5007,1.2722512070438543e+38,8.776655076285759e+37,1.2726910462651623e+38,8.603525731255452e+37,9
A12,1.0,2.8944198293707134e+38,0.011286284928235133,O_III_5007,1.2653971011945891e+38,7.744224183511665e+37,1.2657881557556272e+38,8.5420925526392e+37,9
A12,2.0,2.8702649779454408e+38,0.010944265622486805,O_III_5007,1.2085388673790976e+38,8.593310102440261e+37,1.2090522563997589e+38,8.018817113016555e+37,9
A12,3.0,2.1467758275899542e+38,0.008359865767568336,O_III_5007,1.1241406472094037e+38,2.9162561237495975e+37,1.1243174907769877e+38,7.30832724438007e+37,9
A12,4.0,1.958365860357264e+38,0.00774987482571543,O_III_5007,1.0313617058561129e+38,2.7137197289726103e+37,1.0315634294471101e+38,6.5543045801289235e+37,9
A12,5.0,1.7703329898791895e+38,0.006828714306652131,O_III_5007,9.726148378647469e+37,1.9064627377131802e+37,9.727389336143206e+37,6.069477824935508e+37,9
A12,10.0,1.209763604149876e+38,0.004858585983225265,O_III_5007,6.610779521188102e+37,1.7383235969709187e+37,6.611398017785795e+37,3.7479144267420465e+37,9
A12,20.0,1.1772447443597266e+38,0.0011877109108590909,O_III_5007,5.325659935740878e+37,3.2278471373411303e+37,5.32669282270462e+37,3.2179074835515165e+37,10
A12,30.0,5.998217609515643e+38,0.0010955334276330263,C_III_4647,1.7740709792868957e+38,4.908853721433529e+38,7.866973008970326e+37,3.026665871850819e+37,10
A12,40.0,1.282274901105161e+39,0.0032385227929452457,C_IV_5801,4.898626159235586e+38,1.1292565161816876e+39,1.1312648571704253e+38,3.9891899206430723e+37,10
A12,50.0,5.925219876349472e+39,0.02148536361523649,C_III_4647,1.5767232099250915e+39,5.3812000997187654e+39,4.666788152534276e+38,7.734096137727853e+37,10
A12,60.0,2.133494750945496e+40,0.0932513919222405,C_II_4267,6.808888465708345e+39,2.0486151493929504e+40,7.456743697305274e+38,1.0312164579492849e+38,5
A12,70.0,3.618503160784773e+40,0.17585641283047856,C_II_4267,1.1040614232019216e+40,3.52253820353344e+40,8.185542822830665e+38,1.4109529023026844e+38,5
A12,80.0,6.414720496496318e+40,0.2902071421999498,C_II_4267,2.0368404738651535e+40,6.290794786033996e+40,1.0749427766146859e+39,1.6431432800854003e+38,4
A12,90.0,6.238676747800733e+40,0.5158668799250993,C_III_4647,2.1581398130628175e+40,6.122177707131633e+40,9.703422524623045e+38,1.946481542287082e+38,2
A12,100.0,1.5746622080347014e+41,0.3405753804229532,C_II_4267,4.54483926058275e+40,1.5339160280931183e+41,3.9402549458144184e+39,1.3436304834388533e+38,3
A12,110.0,1.3169308207580165e+40,0.12503249964123717,C_III_5696,2.47797544174793e+39,1.0049696851531511e+40,3.074903719664476e+39,4.470763638417597e+37,7
A12,120.0,5.045157454754569e+36,5.520193420226601e-05,C_II_4267,1.2490829777727501e+36,2.513314744417433e+36,2.5290319624254944e+36,2.810747911642131e+33,10
A12,130.0,6.763705402486686e+36,6.870322299311258e-05,O_I_7774,1.6772290182065e+36,3.377773908892148e+36,3.3836222053054286e+36,2.3092882891092667e+33,10
A12,140.0,4.591873858908861e+36,4.4279992658539854e-05,O_I_7774,1.144380749469125e+36,2.2952644682521095e+36,2.296091112251891e+36,5.1827840486128926e+32,10
A12,150.0,3.569264885279869e+36,2.2508383802988325e-05,O_I_7774,8.911044096950502e+35,1.7850976272111722e+36,1.7840601372435247e+36,1.0712082517252883e+32,10
A13,0.1,1.3173389693053338e+39,0.02620758155248963,C_III_1909,1.2184451386288082e+39,1.2239514962064561e+39,6.455016155638292e+37,2.8837311542494724e+37,7
A13,0.2,1.6620125178107848e+39,0.03280496349382756,C_III_1909,1.500639009697952e+39,1.5076908561019355e+39,1.014380843130006e+38,5.288357739584881e+37,7
A13,0.3,1.4768963331649158e+39,0.029257005303859804,C_III_1909,1.3405340334036345e+39,1.346823509726463e+39,8.69671838834833e+37,4.310563955496927e+37,7
A13,0.4,1.2471947676128128e+39,0.024818971110451938,C_III_1909,1.1428609954576463e+39,1.1482066341831602e+39,6.807170980970926e+37,3.0916423619943434e+37,7
A13,0.5,1.1268773808037815e+39,0.022478124938534867,C_III_1909,1.0364688083669526e+39,1.0413495726117605e+39,5.978600368759013e+37,2.574180450443078e+37,7
A13,0.6,1.0302931807957615e+39,0.020591041855116166,C_III_1909,9.49973434499181e+38,9.5448591348201e+38,5.376208225041083e+37,2.20451850633408e+37,7
A13,0.7,9.52797565443064e+38,0.019071786547643698,C_III_1909,8.795636144001662e+38,8.837839662888371e+38,4.9534289108689905e+37,1.9479310045536756e+37,8
A13,0.8,8.909678513421451e+38,0.01785640522708901,C_III_1909,8.224334559142097e+38,8.264238450220567e+38,4.674861231902721e+37,1.7795394001061285e+37,8
A13,0.9,8.425497417197047e+38,0.016902688986070193,C_III_1909,7.767430892062477e+38,7.80557182064408e+38,4.516329947670438e+37,1.6829260178592337e+37,8
A13,1.0,8.06326840191746e+38,0.016187698309607885,C_III_1909,7.415138505154713e+38,7.45201533377413e+38,4.463837538356992e+37,1.6486931430763018e+37,8
A13,2.0,1.681486712323078e+39,0.033143697751136264,C_III_1909,1.445938199110008e+39,1.4553811346590752e+39,1.4339290057067304e+38,8.27126770933299e+37,7
A13,3.0,1.534720849189472e+39,0.030355844203987126,C_III_1909,1.2886684327789678e+39,1.2991163393416337e+39,1.4861829177837217e+38,8.698621806946624e+37,7
A13,4.0,1.132317870575913e+39,0.022588203685488372,C_III_1909,8.317551186648703e+38,8.445398393899312e+38,1.7611501121924978e+38,1.1166301996673205e+38,8
A13,5.0,1.0919113015968769e+39,0.02103083222205268,C_III_1909,8.068723409077529e+38,8.203066349227066e+38,1.6771919755611043e+38,1.0388546911806016e+38,8
A13,10.0,2.5264332231192364e+38,0.004881679699173927,O_III_5007,1.2469923267289774e+38,5.522192653472119e+37,1.2482725343017967e+38,7.259414234702282e+37,10
A13,20.0,1.2807126604792196e+38,0.002634221751246969,O_III_5007,6.5863854741780295e+37,2.981626616798617e+37,6.589193035519479e+37,3.236306952474099e+37,10
A13,30.0,1.1524441688566978e+38,0.0025499911812247246,O_III_5007,4.568692364785572e+37,4.882348278508214e+37,4.5699664727420375e+37,2.072126937316726e+37,10
A13,40.0,2.4563329477642433e+38,0.0007304560244970343,O_III_5007,6.754605201225511e+37,1.3856923995922763e+38,6.79308869765072e+37,3.9133167840689534e+37,10
A13,50.0,1.475778836503348e+39,0.002016752082928186,C_III_4647,5.778839217487685e+38,1.2589756007459684e+39,1.6043230298228332e+38,5.637093277509674e+37,10
A13,60.0,1.0550917146813065e+40,0.026839408981079605,C_III_4647,3.1406374626891745e+39,9.911154119129197e+39,5.324841765595804e+38,1.0727885112428766e+38,10
A13,70.0,4.073760343645483e+40,0.12855237967104918,C_III_4647,1.3280245177632358e+40,3.9770893093287036e+40,7.986725450112242e+38,1.6803779815657496e+38,4
A13,80.0,7.491034377288839e+40,0.2706212125883333,C_III_4647,2.466939601825537e+40,7.373924665535368e+40,9.859894692226758e+38,1.8510764831203296e+38,3
A13,90.0,8.035187912853152e+40,0.33494672041297024,C_III_4647,3.0069664851993397e+40,7.911923476061205e+40,1.0270383546646857e+39,2.0560601325479254e+38,3
A13,100.0,1.042312478320226e+41,0.4637351688439616,C_III_4647,3.6877901999116676e+40,1.01995083983927e+41,2.0450331563934792e+39,1.9113069170212702e+38,2
A13,110.0,9.509183652693886e+37,0.0009298164371101802,C_II_4267,1.347852815603005e+37,5.287349372396574e+37,4.043558446809015e+37,1.7827583348829593e+36,10
A13,120.0,5.660478885114473e+36,4.035555588078479e-05,O_I_7774,1.3997544892583343e+36,2.830885229646914e+36,2.827452299441445e+36,2.141356026113116e+33,10
A13,130.0,3.876174753164474e+36,3.144486761195806e-05,O_I_7774,9.637946434020002e+35,1.9372394475254368e+36,1.9381508908032692e+36,7.844148357684146e+32,10
A13,140.0,3.8972422982655484e+36,2.9486450042128342e-05,O_I_7774,9.707901795703334e+35,1.9493107887278352e+36,1.9475389175581103e+36,3.925919796031517e+32,10
A13,150.0,3.3654938332852686e+36,2.8866640859066556e-05,O_I_6300,8.395803591406669e+35,1.683561370469738e+36,1.6817789733856395e+36,1.5348942989136239e+32,10
A14,0.1,5.339539376304216e+38,0.006314382495858914,C_III_1909,5.000033510225241e+38,5.028950320111057e+38,3.0825230350274483e+37,2.3367526904133826e+35,9
A14,0.2,5.122935554524803e+38,0.006055794821688282,C_III_1909,4.787821184986296e+38,4.815734836907707e+38,3.0606445494902194e+37,1.1362626680732038e+35,9
A14,0.3,4.931105585546699e+38,0.005826575991387965,C_III_1909,4.598181054944708e+38,4.62520794563314e+38,3.0522101937546813e+37,6.766205380924626e+34,9
A14,0.4,4.750734127066012e+38,0.005610998838252681,C_III_1909,4.41934173078333e+38,4.44553041241376e+38,3.0477037991582524e+37,4.333347364269233e+34,9
A14,0.5,4.578957651993781e+38,0.005405643434753928,C_III_1909,4.248757298956853e+38,4.274142171503355e+38,3.0451698663010093e+37,2.984938603251161e+34,9
A14,0.6,4.4143375232032515e+38,0.005208924141614923,C_III_1909,4.085139496252043e+38,4.1097479878723935e+38,3.0436838337489403e+37,2.211519559636293e+34,9
A14,0.7,4.256085216211525e+38,0.0050197879565962306,C_III_1909,3.92777403613782e+38,3.951629961504385e+38,3.0427901888473547e+37,1.7623582240380602e+34,9
A14,0.8,4.103725677411053e+38,0.004837265873031501,C_III_1909,3.776223506140139e+38,3.799348779693594e+38,3.0422583837739155e+37,1.5105934006734456e+34,9
A14,0.9,3.9569458847021316e+38,0.004661548125799938,C_III_1909,3.63019378938872e+38,3.652609302323397e+38,3.041973142820196e+37,1.3926809671546168e+34,9
A14,1.0,3.8155264217433895e+38,0.004492362397488741,C_III_1909,3.489473759631718e+38,3.511199821768754e+38,3.041884959498726e+37,1.3810402476308176e+34,9
A14,2.0,2.9542252497732077e+38,0.003457056024352462,C_III_1909,2.5986390429744367e+38,2.6162539956621915e+38,3.2621606306965533e+37,1.1755191041361015e+36,9
A14,3.0,1.7610719384061363e+38,0.0020496442349496706,C_III_1909,1.4321219256899403e+38,1.443053420929614e+38,3.1342287216257223e+37,4.595645313949973e+35,10
A14,4.0,3.181956274466761e+38,0.003532699191149466,C_III_1909,2.6271296789740603e+38,2.6489050258723224e+38,4.631436158446666e+37,6.990763274977284e+36,10
A14,5.0,2.317258152301013e+38,0.0025585318783394803,C_III_1909,1.8037966076548187e+38,1.821096129854053e+38,4.420780154355859e+37,5.408400701137423e+36,10
A14,10.0,1.0878463966767292e+39,0.01143295447023751,C_III_1909,8.275791173749432e+38,8.536301176090324e+38,1.526669841682868e+38,8.154929489940988e+37,9
A14,20.0,1.899464581928856e+38,0.0020632669656527594,O_III_5007,8.88425334127071e+37,5.729046923337703e+37,8.927273940596454e+37,4.338324955354407e+37,10
A14,30.0,1.3971336061703005e+38,0.0018139587933359463,O_III_5007,6.106916475298102e+37,5.299265263114067e+37,6.113173527932486e+37,2.5588972706564525e+37,10
A14,40.0,1.6842613728347856e+38,0.002006260220454617,C_IV_5801,5.848633820404862e+37,8.61038697355789e+37,5.777813649553404e+37,2.45441310523656e+37,10
A14,50.0,2.2729566114180408e+38,0.0007840255305897918,O_III_5007,7.703045763693859e+37,1.0994449870296305e+38,7.712581524702099e+37,4.022534719181999e+37,10
A14,60.0,1.0193710037383761e+39,0.0005527142966881726,C_II_4267,3.0368274999343195e+38,7.502629554120454e+38,2.2455046571336032e+38,4.455758261297037e+37,10
A14,70.0,9.293132717737883e+39,0.01556433879251966,C_III_4647,3.034169289534754e+39,8.684657087885919e+39,4.867253636151039e+38,1.2175026623686091e+38,10
A14,80.0,6.408723173978532e+40,0.12445395248719977,C_III_4647,2.307635339594534e+40,6.29823457646922e+40,8.949720381657077e+38,2.099139369274124e+38,4
A14,90.0,9.934955737240004e+40,0.21549839316382977,C_III_4647,3.841157239670128e+40,9.79637625064098e+40,1.14063131362335e+39,2.4516355236685203e+38,3
A14,100.0,1.1036857731907009e+41,0.18594060846119415,C_III_4647,2.822456655497e+40,1.0743129487191569e+41,2.7129496694682473e+39,2.2433277768615965e+38,5
A14,110.0,6.166772241335363e+38,0.0024128519402741478,O_I_7774,8.349262641267001e+37,3.4580736818336026e+38,2.5047787923801004e+38,2.0391976712166056e+37,10
A14,120.0,6.719697210339368e+36,3.6223689685594566e-05,O_I_7774,1.490958204269e+36,3.2829547007678976e+36,3.379588744201831e+36,5.71537653696402e+34,10
A14,130.0,2.365735317998775e+37,0.00010605241350402194,O_I_6300,5.546072247876013e+36,1.2382488295557732e+37,1.1264584535037318e+37,1.028034939270682e+34,10
A14,140.0,3.7614678758960405e+36,2.4391106444555085e-05,O_I_6300,9.355749225614e+35,1.8844850738233023e+36,1.8766615060683142e+36,3.21296004422867e+32,10
A15,0.1,3.668132759803548e+38,0.0022309271196526317,C_III_1909,2.99626103462057e+38,3.0185724136742547e+38,6.495601539889449e+37,1.9214034806264971e+31,10
A15,0.2,3.6245869603686285e+38,0.0022033547560961356,C_III_1909,2.9529924575328436e+38,2.97504111969974e+38,6.495456621767354e+37,1.784921528883138e+31,10
A15,0.3,3.5633775631475986e+38,0.0021648647416992552,C_III_1909,2.8921157095939824e+38,2.9138044458065638e+38,6.495730469929858e+37,7.034804894525786e+30,10
A15,0.4,3.50334022206318e+38,0.0021270393171073983,C_III_1909,2.8324054416907458e+38,2.8537395844094293e+38,6.496006062650737e+37,3.138867760151783e+30,10
A15,0.5,3.444452972556014e+38,0.002089965493513755,C_III_1909,2.7738399109210437e+38,2.794824699438127e+38,6.496282572301057e+37,1.588778111522002e+30,10
A15,0.6,3.386695406769795e+38,0.002053629123683793,C_III_1909,2.7163988246805573e+38,2.73703942434688e+38,6.496559732934188e+37,9.129496684387653e+29,10
A15,0.7,3.3300477936144633e+38,0.002018016521289799,C_III_1909,2.6600625339969226e+38,2.680364042496304e+38,6.496837451746927e+37,5.943466969005639e+29,10
A15,0.8,3.274490816685715e+38,0.0019831143005139265,C_III_1909,2.604811793106057e+38,2.624779242916079e+38,6.497115694089715e+37,4.360664366243579e+29,10
A15,0.9,3.2200054884089752e+38,0.0019489093226930784,C_III_1909,2.5506276805350256e+38,2.570266040171852e+38,6.497394446569096e+37,3.580213375375229e+29,10
A15,1.0,3.1665731186885e+38,0.001915388676077694,C_III_1909,2.497491570139363e+38,2.516805744986406e+38,6.497673704328586e+37,3.2692352529753086e+29,10
A15,2.0,2.686319937027865e+38,0.0016151738456506041,C_III_1909,2.019935761676024e+38,2.036265376085696e+38,6.50052771603618e+37,1.7893385512804275e+32,10
A15,3.0,2.117537769174518e+38,0.0012663626521442447,C_III_1909,1.454217642683572e+38,1.4668530328771832e+38,6.506845113041425e+37,2.2499319146413584e+31,10
A15,4.0,1.6831435028627287e+38,0.0010010440464370885,C_III_1909,1.0220688709721858e+38,1.0316703879378967e+38,6.514472470170806e+37,2.5867907751337252e+33,10
A15,5.0,1.3210549449273977e+38,0.0007796667068079026,C_III_1909,6.6027754058776965e+37,6.671217044566246e+37,6.539272640176918e+37,5.9764530813735216e+32,10
A15,10.0,8.76019460736059e+37,0.0004945863595972882,O_I_7774,6.704951999346591e+37,1.883865087615689e+37,6.857628376215389e+37,1.870114352951153e+35,10
A15,20.0,4.639974055398242e+38,0.0027280414858420455,C_III_1909,2.9543068105393197e+38,3.303204687253933e+38,1.0510876154917763e+38,2.8568175265253298e+37,10
A15,30.0,2.2060611128641164e+38,0.0015601212771095248,O_III_5007,8.205518327537154e+37,1.022773561224448e+38,8.456816768937392e+37,3.3760587474592937e+37,10
A15,40.0,2.0819531167616312e+38,0.0016634633716770789,O_III_5007,8.127720783546324e+37,9.548288751220701e+37,8.154594437607954e+37,3.116647978787654e+37,10
A15,50.0,2.6632787819973737e+38,0.002099978735038351,C_IV_5801,9.649544655436575e+37,1.5696870180202005e+38,7.8712210668779865e+37,3.06469657289374e+37,10
A15,60.0,2.7495201051484263e+38,0.0012285991961564066,C_IV_5801,9.55417508485412e+37,1.5873820583812658e+38,8.207237196118362e+37,3.414143271553245e+37,10
A15,70.0,3.3941299743403334e+38,0.0007848816541751161,C_IV_5801,1.1490557530064914e+38,2.0684977331199862e+38,9.155325496141026e+37,4.1009969160624363e+37,10
A15,80.0,7.686155146224347e+38,0.00059730278393778,C_III_4647,1.9750197236367392e+38,5.9182531512614696e+38,1.2784058155990606e+38,4.894961793638181e+37,10
A15,90.0,6.415627072510515e+40,0.07941269114576152,C_III_4647,2.258360874277013e+40,6.304364232514735e+40,9.069624153422961e+38,2.0566598461550063e+38,6
A15,100.0,1.1126920992778931e+41,0.1508404019767746,C_III_4647,2.601266746504002e+40,1.0827228781526526e+41,2.7601128904713856e+39,2.3680922205267164e+38,5
A15,110.0,5.723427279560071e+39,0.010701959457668279,O_I_7774,9.270264333088001e+38,3.98423987276427e+39,1.6364225214654264e+39,1.027648853303738e+38,10
A15,120.0,7.425598608769858e+36,1.7650616036253024e-05,O_I_7774,1.528942667648001e+36,3.5136024658987423e+36,3.783682212448179e+36,1.283139304229359e+35,10
A15,130.0,2.1217859547313187e+37,5.8376932098864894e-05,O_I_7774,3.7761894988959995e+36,1.136014405491904e+37,9.541417839433182e+36,3.162976529609655e+35,10
A15,140.0,2.0030572162540885e+37,7.96313599593429e-05,O_I_6300,4.601057332351999e+36,1.0686692256179127e+37,9.327570306920742e+36,1.6309599441014516e+34,10
A4,0.1,4.576114514709498e+38,0.019444195443195665,C_III_1909,2.816750202633273e+38,2.8673810299158684e+38,1.0435769864114684e+38,6.651564983821625e+37,8
A4,0.2,4.504634946046597e+38,0.019180682825350084,C_III_1909,2.760116631861249e+38,2.810742587251494e+38,1.0355028113025692e+38,6.583895474925333e+37,9
A4,0.3,4.392545092881994e+38,0.018746049841275314,C_III_1909,2.660733382948314e+38,2.711338195112673e+38,1.0285607602172498e+38,6.52646137552072e+37,9
A4,0.4,4.243490351391617e+38,0.01815253651136861,C_III_1909,2.522403900870863e+38,2.5729726127811215e+38,1.0226689175950754e+38,6.478488210154195e+37,9
A4,0.5,4.061873547425907e+38,0.017416528552144796,C_III_1909,2.349802809137668e+38,2.4003239913672604e+38,1.017683095515415e+38,6.438664605432317e+37,9
A4,0.6,3.4193095020466805e+38,0.014725169234006547,C_III_1909,1.6959299695288415e+38,1.7463722839983702e+38,1.0234558005845987e+38,6.494814174637107e+37,9
A4,0.7,3.2420733026262705e+38,0.013994843424346363,C_III_1909,1.5281304735907585e+38,1.5786070645751712e+38,1.0181992186023138e+38,6.452670194487858e+37,9
A4,0.8,3.05253872919941e+38,0.013208401552548729,C_III_1909,1.3474392615794806e+38,1.3979987867417937e+38,1.0132262381911067e+38,6.413137042665096e+37,9
A4,0.9,2.8578077605113383e+38,0.012395307887358972,C_III_1909,1.1612413505081254e+38,1.2119605502894158e+38,1.0083726508251069e+38,6.374745593968155e+37,9
A4,1.0,2.665046856496531e+38,0.011585941110672132,O_III_5007,1.0024703069145662e+38,1.0279442622173524e+38,1.0034876456480924e+38,6.336149486310862e+37,9
A4,2.0,2.5708858993589475e+38,0.011292843668922593,C_III_1909,1.0363711820726322e+38,1.0871631988121635e+38,9.184960257971476e+37,5.6522667474963675e+37,9
A4,3.0,1.819057898686597e+38,0.007785239812551982,O_III_5007,8.80966804472961e+37,4.0215142169240975e+37,8.81478122172759e+37,5.354283548214289e+37,9
A4,4.0,1.672349488447106e+38,0.0072075551055434854,O_III_5007,8.044186635242899e+37,3.9003825556748156e+37,8.050394354893313e+37,4.772717973902933e+37,9
A4,5.0,1.3374594703468711e+38,0.005801573099169669,O_III_5007,7.368357038193317e+37,1.7296847291040427e+37,7.37078873254794e+37,4.274121241816727e+37,9
A4,10.0,8.832840315404983e+37,0.0039515035231401366,O_III_5007,4.979419802237974e+37,1.2395219440874806e+37,4.980559854854038e+37,2.6127585164634634e+37,10
A4,20.0,7.129082455950587e+37,0.001256547987195702,O_III_5007,3.0859331600285694e+37,2.4328407715602436e+37,3.086574077868133e+37,1.609667606522209e+37,10
A4,30.0,5.8134095167767e+38,0.0016152729486022819,C_III_4647,2.380800112618969e+38,5.011616509256738e+38,5.879547464366636e+37,2.138382610832971e+37,10
A4,40.0,1.6694939306275966e+39,0.007380710008157976,C_IV_5801,5.844596608998651e+38,1.4861524967136912e+39,1.4418314142703348e+38,3.9158292486871717e+37,10
A4,50.0,4.4634608236529154e+39,0.023626826459251907,C_III_4647,1.3005825170034992e+39,4.0343574589659515e+39,3.6533414583985995e+38,6.376921884710376e+37,9
A4,60.0,1.4189950365747451e+40,0.0826693243095692,C_II_4267,4.250458371731241e+39,1.349110384415388e+40,6.139691053061995e+38,8.487741628737343e+37,5
A4,70.0,2.720308902496933e+40,0.14709799568373624,C_III_4647,8.415301036235366e+39,2.637597952417331e+40,7.134644310622086e+38,1.1364506973382088e+38,5
A4,80.0,4.1212811985603872e+40,0.25947080313521387,C_III_4647,1.3035307995835937e+40,4.0261438498678074e+40,8.165714910793687e+38,1.3480199584641951e+38,4
A4,90.0,4.964245532971367e+40,0.26360340555697126,C_III_4647,1.7903596625350152e+40,4.872061957588379e+40,7.60111406898828e+38,1.617243469310411e+38,3
A4,100.0,6.473273246397541e+40,0.34958433784112114,C_III_4647,2.3618332489536794e+40,6.365723018209939e+40,9.066489261519523e+38,1.6885335572407985e+38,2
A4,110.0,7.572554901637285e+40,0.6372339980969898,C_III_4647,2.871251595161338e+40,7.431044854276264e+40,1.2516877193711641e+39,1.6341275423904534e+38,1
A4,120.0,5.687695717170637e+40,0.15529856305406414,C_II_4267,1.4943621254040001e+40,5.44060452738293e+40,2.360008027872276e+39,1.1090387000478968e+38,4
A4,130.0,5.511636823968848e+36,4.7962090363607086e-05,C_II_4267,1.3407752084870002e+36,2.7453495665491235e+36,2.7587688933105103e+36,7.518364109213794e+33,10
A4,140.0,2.8116893929444924e+36,3.6077116670054924e-05,O_I_7774,6.938713407506e+35,1.399146770324403e+36,1.410505885891905e+36,2.0367367281846273e+33,10
A4,150.0,7.722263086249769e+35,9.141778680640392e-06,O_I_7774,1.927489161078302e+35,3.856947340833811e+35,3.8645313097821e+35,7.844356338569116e+31,10
A5,0.1,5.232873639995986e+37,0.0011076768722782689,C_III_1909,3.4117137576561225e+37,3.4444133557011663e+37,1.7394322971970973e+37,4.902798709772137e+35,10
A5,0.2,5.134589643174978e+37,0.0010864831367433433,C_III_1909,3.3008658724343603e+37,3.332943781894253e+37,1.7492685044132755e+37,5.237735686744894e+35,10
A5,0.3,5.118856402510901e+37,0.0010827244438108246,C_III_1909,3.2607868430045506e+37,3.2929183691205203e+37,1.7670591393054583e+37,5.887889408492254e+35,10
A5,0.4,5.210695668024638e+37,0.0011016925311099364,C_III_1909,3.312132628110495e+37,3.345228539411794e+37,1.7958119262693004e+37,6.96552023435429e+35,10
A5,0.5,5.455302280620365e+37,0.0011528980814732785,C_III_1909,3.4923243487743122e+37,3.5277143172703017e+37,1.8408451429659695e+37,8.674282038409318e+35,10
A5,0.6,5.931883035605986e+37,0.0012530038790923858,C_III_1909,3.866995727045519e+37,3.9067436022190907e+37,1.911379395088424e+37,1.137600382984713e+36,10
A5,0.7,6.779432842857344e+37,0.0014312268134894063,C_III_1909,4.551267834688883e+37,4.598735084321734e+37,2.0234645626340984e+37,1.5723319590151184e+36,10
A5,0.8,8.244357238274833e+37,0.0017392903127483256,C_III_1909,5.748911331269671e+37,5.8097878821978765e+37,2.2052754755400716e+37,2.292938805368857e+36,10
A5,0.9,1.076642568155189e+38,0.0022692987798077404,C_III_1909,7.822631631998359e+37,7.9068378680257835e+37,2.506314705604966e+37,3.5327310792113955e+36,10
A5,1.0,1.5122543678079338e+38,0.0031830768973092234,C_III_1909,1.141063309279317e+38,1.1535772811374354e+38,3.0117096398369633e+37,5.750612268680212e+36,10
A5,2.0,1.8907985201876226e+38,0.00395402119262282,C_III_1909,1.423289976808091e+38,1.4420072337108435e+38,3.659701760033289e+37,8.282111047345037e+36,9
A5,3.0,6.466698785188295e+38,0.013305939647251245,C_III_1909,4.974027713730096e+38,5.06417292342133e+38,9.45556441533602e+37,4.569694202333631e+37,9
A5,4.0,5.5523662406393165e+38,0.01137933435961627,C_III_1909,4.1561179061260096e+38,4.247349496074177e+38,8.87090538988821e+37,4.1792620557631875e+37,9
A5,5.0,5.515629517591288e+38,0.011236720057291113,C_III_1909,3.6155759596323326e+38,3.7527861363664536e+38,1.1378501316782475e+38,6.249932495465865e+37,9
A5,10.0,2.024807889133951e+38,0.004080736564637069,O_III_5007,8.623362344302902e+37,7.057367797882891e+37,8.67201339746208e+37,4.518697695994542e+37,10
A5,20.0,8.056473540251395e+37,0.0019587321458570807,O_III_5007,3.8871873395591737e+37,2.533802495054397e+37,3.8906696022622655e+37,1.6320014429347314e+37,10
A5,30.0,9.561399218668755e+37,0.0011579180757424806,O_III_5007,3.3558112972996844e+37,4.607947865451331e+37,3.357713316708722e+37,1.595738036508703e+37,10
A5,40.0,2.4893964640611076e+38,0.0006162961949994176,C_IV_5801,6.529225553467073e+37,1.8116031486900585e+38,4.617604814572334e+37,2.1603283391381537e+37,10
A5,50.0,2.0050426386889556e+39,0.006792578085993908,C_III_4647,6.744573804854995e+38,1.776667792960838e+39,1.748737676258335e+38,5.350107810228389e+37,10
A5,60.0,1.098839042235049e+40,0.04679727377718881,C_III_4647,3.475926156721059e+39,1.0391540660952305e+40,5.035280103320433e+38,9.332175106613984e+37,6
A5,70.0,2.919202212219379e+40,0.13873347448125403,C_III_4647,9.742305221226548e+39,2.8409224103605655e+40,6.5636033497811956e+38,1.2643768361001214e+38,4
A5,80.0,4.14110117800049e+40,0.21839390358854024,C_III_4647,1.571235087134123e+40,4.058206159459008e+40,6.73975716874424e+38,1.5497446854040088e+38,3
A5,90.0,6.545414644215037e+40,0.35221357316006985,C_III_4647,2.4774699147373224e+40,6.444577899454278e+40,8.211509173648941e+38,1.8721653024267773e+38,3
A5,100.0,8.630707342676929e+40,0.46830602824653783,C_III_4647,3.431138727409052e+40,8.506246716372448e+40,1.032816942728582e+39,2.1178932031621252e+38,2
A5,110.0,8.9743222149372e+40,0.14874016782615748,C_III_4647,3.483949966433334e+40,8.803977205682267e+40,1.485471824332293e+39,2.1797826821703452e+38,5
A5,120.0,1.7067109704443977e+40,0.17504425665702733,C_III_4647,4.27504179006501e+39,1.5376187276009625e+40,1.5993585258557613e+39,9.15639025785887e+37,5
A5,130.0,2.614449956415625e+36,4.835895012879461e-05,O_I_7774,5.526019744893337e+35,1.2042278283133511e+36,1.374827486128563e+36,3.5394641973710914e+34,10
A5,140.0,4.960335342570257e+36,7.364810304692522e-05,O_I_7774,1.1326838397908321e+36,2.4698680179628653e+36,2.4689195029005146e+36,2.154782170687711e+34,10
A6,0.1,4.764267525205044e+37,0.000546944643702162,O_I_7774,3.3021513237799674e+37,1.4599298733484427e+37,3.3043329046839707e+37,4.747172630768825e+31,10
A6,0.2,4.701866222741674e+37,0.0005393509165409839,O_I_7774,3.303136972130248e+37,1.396510667525528e+37,3.305352808564847e+37,2.7466512990064012e+31,10
A6,0.3,4.642113386568838e+37,0.0005320755887659908,O_I_7774,3.3041233693745255e+37,1.3357338023376635e+37,3.3063778205942303e+37,1.763636944933819e+31,10
A6,0.4,4.5849483346252595e+37,0.0005251107463888565,O_I_7774,3.3051098566614824e+37,1.2775336686041465e+37,3.3074117082245067e+37,2.9577966061511665e+31,10
A6,0.5,4.530135554668435e+37,0.0005184285213459812,O_I_7774,3.3060985799181e+37,1.2216912392998254e+37,3.3084420109130826e+37,2.3044555282391703e+31,10
A6,0.6,4.477655635992529e+37,0.0005120258477530579,O_I_7774,3.307088362379924e+37,1.1681781043499097e+37,3.309475538858416e+37,1.99278420425091e+31,10
A6,0.7,4.427414140563663e+37,0.0005058911167299795,O_I_7774,3.308079251214082e+37,1.1169002320741067e+37,3.310511995807268e+37,1.912682288502445e+31,10
A6,0.8,4.379322804997879e+37,0.0005000134745511832,O_I_7774,3.309071248806422e+37,1.0677694231710598e+37,3.311551344244318e+37,2.0375825015787665e+31,10
A6,0.9,4.333299033825188e+37,0.0004943827607562443,O_I_7774,3.310064317403042e+37,1.0207028505141058e+37,3.3125937740883624e+37,2.409222719258528e+31,10
A6,1.0,4.289266820399939e+37,0.0004889896093136058,O_I_7774,3.3110583605264974e+37,9.756238552952636e+36,3.3136398033522867e+37,3.161752390192575e+31,10
A6,2.0,3.9404004385284626e+37,0.0004458165060116042,O_I_7774,3.3230283471113064e+37,6.122187062201875e+36,3.327841134057618e+37,3.405982506571166e+33,10
A6,3.0,3.684364446599885e+37,0.00041295377808944214,O_I_7774,3.3451813773755514e+37,3.334977624639268e+36,3.3506450844264855e+37,2.2159970947325765e+33,10
A6,4.0,3.767669046679478e+37,0.0004183125630505722,O_I_7774,3.363704132517112e+37,3.65179038381455e+36,3.3990771823878765e+37,3.4128259101464204e+34,10
A6,5.0,3.720350107177921e+37,0.00040950962572135755,O_I_7774,3.3906142873034836e+37,2.858106140988784e+36,3.4319143651426034e+37,2.6251279364379587e+34,10
A6,10.0,1.7853693223018783e+38,0.0019453226664724686,C_III_1909,1.0582857880880956e+38,1.1260881894876141e+38,5.599964073718916e+37,9.92847254423725e+36,10
A6,20.0,1.4504072426840194e+38,0.0018410604388568834,O_III_5007,5.996798609315776e+37,5.923292516868913e+37,6.130741217686766e+37,2.4500386922845134e+37,10
A6,30.0,1.1462764310412604e+38,0.0017169209988400671,O_III_5007,4.386855792084659e+37,5.3699069675423065e+37,4.393233579897731e+37,1.6996237629725646e+37,10
A6,40.0,1.3996325885080346e+38,0.0017206092815982245,C_IV_5801,5.506405720946436e+37,8.34402173316141e+37,4.0430393338107526e+37,1.609264818108186e+37,10
A6,50.0,1.9102367326997705e+38,0.0008144044695614212,C_IV_5801,7.081284963363479e+37,1.1708923962223355e+38,5.071535219543e+37,2.3219081452313453e+37,10
A6,60.0,3.535475636043189e+39,0.006390100966472218,C_II_4267,1.1931952932971598e+39,2.6617757202765073e+39,8.249107901841915e+38,4.878912558248958e+37,10
A6,70.0,1.8826674339992788e+40,0.04910118896332949,C_III_4647,6.424129833823048e+39,1.8174144806380787e+40,5.307457513652095e+38,1.2178378224679324e+38,6
A6,80.0,4.027882143777791e+40,0.1237095430728668,C_III_4647,1.5190317244249586e+40,3.943738657889292e+40,6.719060674455461e+38,1.6952879143944686e+38,4
A6,90.0,7.401752446003723e+40,0.23610174444130205,C_III_4647,2.906984263217588e+40,7.295557271745164e+40,8.491549437425755e+38,2.127967988430307e+38,3
A6,100.0,1.1876363041458038e+41,0.3678385761294008,C_III_4647,4.363327599463729e+40,1.1735921201941241e+41,1.172134578774608e+39,2.3228381639335093e+38,3
A6,110.0,1.0017102026292498e+41,0.17573073749580537,C_III_4647,3.060862607953001e+40,9.817977627256257e+40,1.7693427342078658e+39,2.2190125615453e+38,5
A6,120.0,3.7339031223942804e+39,0.02296288008940076,C_III_5696,5.964876699445001e+38,2.4689117733880557e+39,1.1964253690528273e+39,6.856597995339839e+37,10
A6,130.0,2.2624951961690844e+36,1.915520268620529e-05,C_II_4267,4.7545158529285004e+35,1.0286626618033141e+36,1.1932657101711766e+36,4.056682419459376e+34,10
A6,140.0,4.559425432667907e+36,4.7147413817323305e-05,O_I_7774,8.863433313378998e+35,2.128748508917805e+36,2.3430972858161373e+36,8.757963793396475e+34,10
A7,0.1,7.070559250177859e+37,0.00040639990857239944,O_I_7774,6.924942015668553e+37,1.3534185105370966e+36,6.935217399119104e+37,5.043743662644237e+25,10
A7,0.2,7.069074885038528e+37,0.0004061916874938918,O_I_7774,6.925205530140395e+37,1.3352871281058422e+36,6.935546172197081e+37,3.086428081903154e+26,10
A7,0.3,7.06761397797365e+37,0.0004059852988399532,O_I_7774,6.925468823516089e+37,1.3173879053698472e+36,6.935875187185725e+37,2.5094048290058615e+27,10
A7,0.4,7.065722959678831e+37,0.0004057039819466514,O_I_7774,6.926676792281396e+37,1.2852991744287854e+36,6.937193041865067e+37,3.7088636490719577e+27,10
A7,0.5,7.063586208093624e+37,0.0004053657144982507,O_I_7774,6.928636010842563e+37,1.242874987004515e+36,6.939298709256439e+37,1.3673449253912962e+27,10
A7,0.6,7.061586386246331e+37,0.0004050334033998816,O_I_7774,6.930595931214232e+37,1.2017903338860996e+36,6.941407352800359e+37,5.736168605019149e+26,10
A7,0.7,7.0597194586199025e+37,0.00040470936286344557,O_I_7774,6.93255652495146e+37,1.1620047756203743e+36,6.943518981030462e+37,2.7402937525110724e+26,10
A7,0.8,7.057981515996096e+37,0.00040439334872816306,O_I_7774,6.934517762572682e+37,1.1234791267079879e+36,6.945633603310385e+37,1.4911498502302897e+26,10
A7,0.9,7.056368764363197e+37,0.0004040851241047154,O_I_7774,6.936479613794564e+37,1.0861753508539584e+36,6.947751229268567e+37,9.235199222615689e+25,10
A7,1.0,7.054877519644913e+37,0.00040378445904730946,O_I_7774,6.938442047587284e+37,1.0500565100080223e+36,6.949871868637614e+37,6.496328402117467e+25,10
A7,2.0,7.045909847778972e+37,0.00040114755877555423,O_I_7774,6.958091050424837e+37,7.466367280900325e+35,6.9712461744749e+37,4.950696643339599e+27,10
A7,3.0,7.050970808376665e+37,0.0004012573769008644,O_I_7774,6.9861847396806845e+37,4.927348069939609e+35,7.001697326768955e+37,9.083141681043307e+27,10
A7,4.0,7.068483247258882e+37,0.00039789480887373544,O_I_7774,7.018815633098336e+37,3.110088435796669e+35,7.037382338687835e+37,2.4213080826642113e+29,10
A7,5.0,7.0847211053657e+37,0.00039605119734964045,O_I_7774,7.043661131816687e+37,1.828484397203443e+35,7.066436239448873e+37,2.194479225913065e+29,10
A7,10.0,7.095808352442579e+37,0.0004310342762115478,O_I_7774,7.004653255546074e+37,4.692708453199005e+34,7.091114277520907e+37,1.3664684734924352e+31,10
A7,20.0,9.537509485702882e+37,0.0006633481722745502,O_I_7774,5.497408197972119e+37,1.7325268272111912e+37,7.56694949185898e+37,2.3803316663271008e+36,10
A7,30.0,2.074489491384373e+38,0.0017911263062064323,O_III_5007,7.381963337901032e+37,1.0272168403654085e+38,7.866757013269973e+37,2.6059694969196676e+37,10
A7,40.0,1.914469633530603e+38,0.002061023370060288,O_III_5007,6.212745020024238e+37,1.0731397851973527e+38,6.231795668221156e+37,2.181502815111351e+37,10
A7,50.0,2.5566855321573746e+38,0.0017960654008710936,C_IV_5801,1.0465900667565468e+38,1.6923091859949892e+38,6.301006745065402e+37,2.3427567165584516e+37,10
A7,60.0,3.337293188910665e+38,0.0011499018232898396,C_IV_5801,1.527106429125823e+38,2.33219617663136e+38,7.1212055811999e+37,2.9297645415931533e+37,10
A7,70.0,3.646340413733667e+38,0.0009622980320296214,C_IV_5801,1.745248067489471e+38,2.68467440396933e+38,6.825407140169703e+37,2.7912529574736542e+37,10
A7,80.0,3.6432634961536876e+39,0.006038503894471862,C_III_4647,1.6434094932686555e+39,3.231612296206335e+39,3.146369469671085e+38,9.701425298024483e+37,10
A7,90.0,8.551392568715458e+40,0.15688852147019214,C_III_4647,3.0309992021773643e+40,8.442006265749727e+40,8.870003019052382e+38,2.0686272775207526e+38,4
A7,100.0,1.0608837412884997e+41,0.2130218314868827,C_III_4647,4.375153371380442e+40,1.047552262004841e+41,1.0915765717039324e+39,2.4157135666194285e+38,4
A7,110.0,9.11511713991402e+40,0.15349075330361275,C_III_4647,1.910440133419e+40,8.855591657982017e+40,2.37865065780132e+39,2.1660416151869415e+38,5
A7,120.0,4.2321932712954864e+39,0.013495348621058759,O_I_7774,6.798470719657e+38,2.826324700356464e+39,1.3215693066712226e+39,8.4299264267799685e+37,10
A7,130.0,7.64780208217689e+37,0.0003278502141271935,O_I_7774,9.767045879357001e+36,4.1288469818872786e+37,2.9301137638071005e+37,5.888413364825116e+36,10
A7,140.0,8.024092019351479e+35,4.058926288490004e-06,O_I_7774,1.9095822398280008e+35,3.870150595749154e+35,4.091756193098388e+35,6.218523050393725e+33,10
A8,0.1,3.735764347186363e+38,0.015014478633441498,C_III_1909,1.7450545235725636e+38,1.7951920493084334e+38,1.1701341958290218e+38,7.704381020489077e+37,9
A8,0.2,3.571156935567219e+38,0.014383542966144629,C_III_1909,1.5907033016142663e+38,1.6409587329238299e+38,1.1645330962497722e+38,7.656651063936174e+37,9
A8,0.3,3.3886853702229296e+38,0.013678771679653685,C_III_1909,1.4178082986845902e+38,1.468250872669998e+38,1.1592455968393656e+38,7.611889007135658e+37,9
A8,0.4,2.9337844553527292e+38,0.011880622093745387,O_III_5007,1.1573850992672366e+38,1.015223770954325e+38,1.1580619312922527e+38,7.604987531061517e+37,9
A8,0.5,2.7919964785459465e+38,0.011327214681527054,O_III_5007,1.1516014093931772e+38,8.843034461829343e+37,1.1521932948933485e+38,7.554997374696633e+37,9
A8,0.6,2.686896288029312e+38,0.010919633481466148,O_III_5007,1.1449694300005654e+38,7.915627222917765e+37,1.1455032088022932e+38,7.498303569352416e+37,9
A8,0.7,2.8915135592219533e+38,0.011758928098769232,O_III_5007,1.1325798002558426e+38,1.0188754929326635e+38,1.1333059930422872e+38,7.393320732470032e+37,9
A8,0.8,2.893690246789859e+38,0.011785244171983273,O_III_5007,1.1233579469565621e+38,1.0379606088051228e+38,1.1241165155571646e+38,7.31613122427572e+37,9
A8,0.9,2.8850643403635966e+38,0.011767822770566205,O_III_5007,1.1143270424364925e+38,1.0458777858775362e+38,1.115109764988631e+38,7.240767894974294e+37,9
A8,1.0,2.8654869432529622e+38,0.011706179325072097,O_III_5007,1.1054998412094116e+38,1.0424563221260107e+38,1.1062976422152102e+38,7.167329789117411e+37,9
A8,2.0,2.401612343163366e+38,0.00996745101069223,O_III_5007,1.023797441482875e+38,7.274194939017491e+37,1.024463478979666e+38,6.497293702819511e+37,9
A8,3.0,1.870164104007869e+38,0.007879185660307812,O_III_5007,9.459887243504398e+37,3.361012950115976e+37,9.463256570253524e+37,5.877371519709191e+37,9
A8,4.0,1.654792238696575e+38,0.0067780718952149144,O_III_5007,8.926843847267518e+37,2.172492991731536e+37,8.928994375855418e+37,5.4464350193787965e+37,9
A8,5.0,1.4654174528695871e+38,0.0060614753894616975,O_III_5007,8.165687250163289e+37,1.6191659268919953e+37,8.167172633217512e+37,4.867835968586364e+37,9
A8,10.0,1.0149551979581746e+38,0.004340089095934786,O_III_5007,5.5930981185310475e+37,1.5258175863530285e+37,5.593852648039956e+37,3.0298817451887633e+37,10
A8,20.0,8.825385122918998e+37,0.0011681173897722032,O_III_5007,4.038866923272211e+37,2.483592975683882e+37,4.039717720148913e+37,2.3020744270862036e+37,10
A8,30.0,7.99897515952701e+38,0.0009457398582736088,C_III_4647,2.6042315912859462e+38,6.746326974520525e+38,9.77977296546152e+37,2.7467088846033346e+37,10
A8,40.0,2.7213287826622596e+39,0.012166837133292903,C_IV_5801,1.1036322650777371e+39,2.5005101149747106e+39,1.7879585432400714e+38,4.202281336354179e+37,10
A8,50.0,8.465781271542978e+39,0.03431762450682919,C_II_4267,2.6658849907530894e+39,7.736461298730782e+39,6.595758510922237e+38,6.974412171997201e+37,9
A8,60.0,2.813674803618131e+40,0.11770652194125286,C_II_4267,9.6317769352971e+39,2.7099957210223764e+40,9.413924327200815e+38,9.539839323746858e+37,5
A8,70.0,4.488061687193659e+40,0.1885744202279601,C_II_4267,1.5014124434934476e+40,4.375309149002017e+40,9.9932016405216e+38,1.282052178642639e+38,5
A8,80.0,6.281949632501496e+40,0.3182236354101658,C_II_4267,2.065934991514381e+40,6.160465728879618e+40,1.0730020812380648e+39,1.418369549807211e+38,4
A8,90.0,9.50782063797646e+40,0.6444255989937484,C_III_4647,2.8812719977170524e+40,9.35859769238293e+40,1.3200435328640975e+39,1.721859230712171e+38,1
A8,100.0,8.056289137310739e+40,0.6020517858325944,C_III_4647,2.9606605219416477e+40,7.903831551738441e+40,1.3461094689420733e+39,1.7846638678090346e+38,1
A8,110.0,8.864104726082914e+40,0.267153128613485,C_III_5696,1.9303983259125e+40,8.145868263748678e+40,7.07032457673795e+39,1.1204004660442684e+38,4
A8,120.0,8.965806088050639e+36,0.00010950220158475924,C_II_4267,2.1407169866425003e+36,4.4485257315948495e+36,4.4964610959434845e+36,2.0819260512303638e+34,10
A8,130.0,3.312820893261021e+36,3.709306436674479e-05,O_I_7774,8.218884398931251e+35,1.651504024130413e+36,1.6599043051603252e+36,1.412563970283596e+33,10
A8,140.0,2.891427370526529e+36,3.0089524370463645e-05,O_I_7774,7.200159330365001e+35,1.4439793467632143e+36,1.4469140692520527e+36,5.339545112624101e+32,10
A8,150.0,2.503224417669012e+36,2.4922736075910713e-05,O_I_7774,6.244501948352501e+35,1.2510765497407882e+36,1.251937484944368e+36,2.1038298385561705e+32,10
A9,0.1,2.1529615679368513e+38,0.004606519643885442,C_III_1909,1.879118934636957e+38,1.891778079929423e+38,2.2481410382775835e+37,3.636938417966977e+36,9
A9,0.2,2.002112516570673e+38,0.004284165078220618,C_III_1909,1.7397949878999785e+38,1.7516619690743757e+38,2.1781640059102397e+37,3.263414690527344e+36,9
A9,0.3,1.8911476565001855e+38,0.0040464054553368675,C_III_1909,1.6347336394558087e+38,1.6460263546238134e+38,2.143791475668432e+37,3.074215430952893e+36,9
A9,0.4,1.8146055255191117e+38,0.003881863084130798,C_III_1909,1.5592832099499822e+38,1.570194799251377e+38,2.140008733339402e+37,3.040985293379457e+36,9
A9,0.5,1.7715052593845904e+38,0.0037886780710066938,C_III_1909,1.512564970753567e+38,1.5232897864107547e+38,2.1662675578025626e+37,3.1588717193579205e+36,9
A9,0.6,1.7651607558431043e+38,0.003773868219419609,C_III_1909,1.4973110904719886e+38,1.5080711334469818e+38,2.2263559376651054e+37,3.4454028629612283e+36,9
A9,0.7,1.8039798449734573e+38,0.0038552565784562226,C_III_1909,1.5205320712691667e+38,1.5316102095151139e+38,2.3292272159704394e+37,3.944691386129891e+36,9
A9,0.8,1.903449665895773e+38,0.004065645795407467,C_III_1909,1.5951819076615228e+38,1.6069701797555064e+38,2.4909726271477055e+37,4.738222342549604e+36,9
A9,0.9,2.0897735523020132e+38,0.004460431844914315,C_III_1909,1.7432127093932606e+38,1.756288251123381e+38,2.7383191912904343e+37,5.965338204958872e+36,9
A9,1.0,2.4058146770468915e+38,0.005129944639793617,C_III_1909,2.0005719425099406e+38,2.0158199121382852e+38,3.1140712456388e+37,7.858764034472665e+36,9
A9,2.0,8.07865776377134e+38,0.01639425736459233,C_III_1909,6.7075298026708545e+38,6.768387306409906e+38,8.944332349363575e+37,4.158372224250768e+37,9
A9,3.0,9.029354287857042e+38,0.01824989941470428,C_III_1909,7.336053341997034e+38,7.419888643000124e+38,1.0691367324615054e+38,5.403289123954114e+37,8
A9,4.0,9.528840087304767e+38,0.01916287806180669,C_III_1909,7.253971856041302e+38,7.379054532109606e+38,1.3660950507957927e+38,7.836905043993686e+37,9
A9,5.0,8.00210137808233e+38,0.01604940286610391,C_III_1909,5.821972300027981e+38,5.951689118921644e+38,1.3068261093060607e+38,7.435861498546261e+37,9
A9,10.0,2.1659417930554864e+38,0.00432857170377517,O_III_5007,1.033762072980352e+38,5.58422697508232e+37,1.0359268150735283e+38,5.715922804737261e+37,10
A9,20.0,1.039393778120492e+38,0.0022808535884356507,O_III_5007,5.180811636557062e+37,2.8458397963297765e+37,5.183741079884654e+37,2.364356904990489e+37,10
A9,30.0,9.948963203314796e+37,0.001915875802196823,O_III_5007,3.7399688157655198e+37,4.539796713134499e+37,3.7413447634579154e+37,1.6678217267223833e+37,10
A9,40.0,2.388042514821836e+38,0.0006462772191339413,O_III_5007,5.767312724993173e+37,1.4855509273180297e+38,5.855669586240497e+37,3.1692462887975643e+37,10
A9,50.0,2.1085602562340515e+39,0.004685038877652865,C_IV_5801,8.524611305417743e+38,1.9019879000077012e+39,1.5503993926868356e+38,5.153241695766681e+37,10
A9,60.0,1.9738350648906759e+40,0.06149088845761373,C_III_4647,5.2677055779994273e+39,1.8926923639371191e+40,7.098314148496324e+38,1.0159559468593338e+38,6
A9,70.0,4.932061899720774e+40,0.1787177297995455,C_III_4647,1.5211587517458242e+40,4.823566872068327e+40,9.254944113209849e+38,1.5945586520347901e+38,4
A9,80.0,8.512753123047712e+40,0.3268197372286929,C_III_4647,2.686184891995772e+40,8.38491681364383e+40,1.1048191358960441e+39,1.7354395814277516e+38,3
A9,90.0,1.0887884150635654e+41,0.4370321224670823,C_III_4647,3.711690854608264e+40,1.0746551202344253e+41,1.2299300574593902e+39,1.8339942545462143e+38,3
A9,100.0,1.243578851435071e+41,0.5263594314463678,C_III_4647,4.570661150614669e+40,1.2244712733914854e+41,1.6971364664061835e+39,2.1362133795236595e+38,2
A9,110.0,4.35927891358121e+40,0.18497130770460046,C_III_5696,1.029647273064101e+40,4.067803347126753e+40,2.799985467435561e+39,1.1477019710901622e+38,5
A9,120.0,4.882942936767103e+36,9.395077521726281e-05,C_II_4267,1.050194810231333e+36,2.3081120957403716e+36,2.5230813700781297e+36,5.174947094860164e+34,10
A9,130.0,6.890628975691995e+36,4.167908113419907e-05,O_I_7774,1.6930135377263372e+36,3.463694228956067e+36,3.4242487929572147e+36,2.685953778710162e+33,10
A9,140.0,2.763580618240371e+36,2.3548833744269647e-05,O_I_7774,6.874474614461334e+35,1.3819613352577896e+36,1.3811887556252177e+36,4.305273573640098e+32,10
A9,150.0,7.634326700499323e+34,5.989029106559124e-07,O_I_7774,2.79984053929934e+34,2.0339095490822434e+34,5.600372148229006e+34,4.5003188073194124e+29,10
B1,10.0,1.3909508986250476e+37,0.0003485102920158651,O_I_7774,1.3886237707577232e+37,5.822796575003911e+33,1.390368618967547e+37,2.6467488782905015e+21,10
B1,20.0,1.6509174470170142e+37,0.0002462394148734612,O_I_7774,1.3444831190274938e+37,1.6836861224816427e+29,1.650917430180153e+37,445056742199.0155,10
B1,30.0,3.2654028770342377e+38,0.006544337082020181,C_II_4267,1.1003343893494375e+38,2.358106475986751e+38,8.2535108571120965e+37,8.194531533627682e+36,10
B1,40.0,8.777838526605052e+38,0.010505930945347226,C_II_4267,3.106122618684495e+38,5.550321973120112e+38,3.0632708134424912e+38,1.6424574004244668e+37,10
B1,50.0,1.2709887274884264e+39,0.014411002226680663,O_I_7774,4.537147959614483e+38,7.229955115427566e+38,5.257297668673085e+38,2.2263449078361427e+37,10
B1,60.0,1.6187798041849976e+39,0.014205143490692638,O_I_7774,6.262758072288365e+38,8.751954606641374e+38,7.17594075767176e+38,2.5990267753684833e+37,9
B1,70.0,1.78216057336261e+39,0.003470708325452337,O_I_7774,6.680493457297438e+38,9.822153333472584e+38,7.718932455421277e+38,2.8051994473224414e+37,8
B1,80.0,2.0003541611112275e+39,0.005408205147522113,C_II_4267,7.798947638705199e+38,1.1646363565359365e+39,8.05990409663249e+38,2.97273949120425e+37,7
B1,90.0,2.326814204324477e+39,0.009514006841772395,C_II_4267,9.745998713150634e+38,1.437796218887417e+39,8.569190251545551e+38,3.209896028250496e+37,7
B1,100.0,2.8096199297401834e+39,0.01568126757861672,C_II_4267,1.2110926915294334e+39,1.763295302370368e+39,1.011569944345272e+39,3.475468302454369e+37,7
B1,110.0,3.3305397406467916e+39,0.02206182016098966,C_II_4267,1.447577788313914e+39,2.0848649842636843e+39,1.2068307131720137e+39,3.884404321109372e+37,6
B1,120.0,4.2054854263487497e+39,0.04276902827630137,C_II_4267,1.8081312620167944e+39,2.5722721295477493e+39,1.5915990439343472e+39,4.161425286665343e+37,5
B1,130.0,5.78815666093344e+39,0.08771789992687082,C_II_4267,2.447852504742774e+39,3.41335611333748e+39,2.329406650353821e+39,4.539389724214077e+37,4
B1,140.0,8.637578951704348e+39,0.22654103529573988,C_II_4267,3.979967628919605e+39,5.2745728957816896e+39,3.3208087497822814e+39,4.2197306140376274e+37,3
B1,150.0,2.5951904460094887e+39,0.233132665304317,C_II_4267,6.135436999577e+38,1.752214247026662e+39,8.198314778198425e+38,2.314472116298457e+37,4
B1,160.0,1.2884536222910006e+39,0.11288955493371597,C_III_4647,2.5083188945810002e+38,8.675473821796296e+38,4.058913387348107e+38,1.501490137656034e+37,5
B10,0.1,3.8333875800819463e+37,0.0004541242773394726,O_I_7774,3.1860956490066803e+37,6.443639029713775e+36,3.189023383190673e+37,2.939198957756667e+30,10
B10,0.2,3.8034682021588e+37,0.0004502126199696605,O_I_7774,3.1869476784622827e+37,6.135275178555753e+36,3.189940290155683e+37,3.94147541451075e+30,10
B10,0.3,3.774962016690034e+37,0.00044647691866364116,O_I_7774,3.1878003989223457e+37,5.841014946834043e+36,3.1908599357764128e+37,5.862302167928313e+30,10
B10,0.4,3.7478127667369717e+37,0.00044290994718836237,O_I_7774,3.18865371701351e+37,5.560290245016603e+36,3.1917827751663475e+37,9.670689637451848e+30,10
B10,0.5,3.7220738962434964e+37,0.0004395174637939739,O_I_7774,3.1895056577130613e+37,5.293505515365268e+36,3.192719334797052e+37,4.009909917798086e+31,10
B10,0.6,3.697614829134908e+37,0.0004362835176641752,O_I_7774,3.1903574743271966e+37,5.039441323251664e+36,3.193662755338029e+37,7.941471712054536e+31,10
B10,0.7,3.6746031406559443e+37,0.00043322735572113143,O_I_7774,3.1912051943861157e+37,4.799516288603419e+36,3.194634063941724e+37,1.7447853878071514e+32,10
B10,0.8,3.653477855752666e+37,0.0004304001399567212,O_I_7774,3.1920398870550333e+37,4.5775508050434675e+36,3.195680247736021e+37,4.252751229876847e+32,10
B10,0.9,3.6357749870252482e+37,0.0004279819599517714,O_I_7774,3.19283253332005e+37,4.387063400111632e+36,3.1969536392317136e+37,1.1500778237123445e+33,10
B10,1.0,3.627024663607104e+37,0.0004266219617511849,O_I_7774,3.1934804045162074e+37,4.276874844962726e+36,3.1989919793375585e+37,3.451997732725743e+33,10
B10,2.0,3.444214499347635e+37,0.00040136208739028066,O_I_7774,3.2145805373284696e+37,2.247174624793517e+36,3.219457520923685e+37,3.9515944598406106e+32,10
B10,3.0,3.648055472131645e+37,0.0004214611412178675,O_I_7774,3.2292562876321143e+37,3.712062882678265e+36,3.2731834153500675e+37,3.6657685137500574e+34,10
B10,4.0,3.3741557922513546e+37,0.00038645053203428185,O_I_7774,3.2599300173563864e+37,9.843994450401844e+35,3.275302300714141e+37,4.135470331949166e+33,10
B10,5.0,5.024013054397661e+37,0.0005712216670494451,O_I_7774,3.2325670499382876e+37,1.4932245652614557e+37,3.5070175978037547e+37,2.3770891332449885e+35,10
B10,10.0,1.155909961694276e+38,0.0013082402431106896,C_III_1909,5.756617121348306e+37,6.28586275155112e+37,4.728396692005275e+37,5.44840173386364e+36,10
B10,20.0,1.260528810935779e+38,0.0018447634748628501,O_III_5007,5.083426544442558e+37,5.390602065491155e+37,5.182748484376507e+37,2.0319375594901266e+37,10
B10,30.0,1.1507383670206921e+38,0.001851433503409696,O_III_5007,3.74509393274296e+37,6.262674868887216e+37,3.750560974432496e+37,1.4941478268872086e+37,10
B10,40.0,1.3958782216440907e+38,0.0013651127308383657,C_IV_5801,5.63779009458869e+37,8.870305741984833e+37,3.577418253569066e+37,1.5110582208870073e+37,10
B10,50.0,3.1646018627989004e+38,0.001098318250135978,C_IV_5801,1.4140990231254703e+38,2.4724995262767753e+38,4.769506138300166e+37,2.1515172269210823e+37,10
B10,60.0,2.843427871648245e+39,0.008216506099609487,C_III_4647,1.0792298908477088e+39,2.5576994071457364e+39,2.184764973353106e+38,6.725196716719738e+37,10
B10,70.0,1.152658029143492e+40,0.04270735851924407,C_III_4647,4.2410014912521775e+39,1.1014462506672786e+40,3.9545546017878204e+38,1.1666232458335114e+38,6
B10,80.0,2.20824701419278e+40,0.09532083199645468,C_III_4647,8.380465567035879e+39,2.142349583336775e+40,5.031339052582839e+38,1.5584040330175912e+38,5
B10,90.0,3.976296858485962e+40,0.19202096033229116,C_III_4647,1.4068226230484164e+40,3.890087327011587e+40,6.88416096450644e+38,1.736792182931045e+38,4
B10,100.0,5.454568260294698e+40,0.11759698303253645,C_III_4647,1.9487915746153796e+40,5.332449181358253e+40,1.0275865733088695e+39,1.93604216055576e+38,5
B10,110.0,2.4246759454240176e+40,0.10158303967566985,C_III_5696,4.9702564001360046e+39,2.2402849140668617e+40,1.7189861283505743e+39,1.249241852209885e+38,5
B10,120.0,3.552680348534511e+39,0.03205671957947865,C_II_6580,5.8532743501680015e+38,2.4482459752336255e+39,1.0344667319465899e+39,6.996764135429506e+37,9
B10,130.0,9.382284490305708e+38,0.001441477408204175,C_III_5696,1.4452445316319999e+38,6.0057490070809124e+38,2.9781658372663467e+38,3.9836964595844854e+37,10
B10,140.0,2.948787198349488e+36,5.19217254591564e-05,C_II_4267,5.5566977930160016e+35,1.3143878993520067e+36,1.5464409783782472e+36,8.795832061923392e+34,10
B11,0.1,6.751615370432044e+37,0.0004016622290268271,O_I_7774,6.6925039746316375e+37,4.340111654804464e+35,6.708214253881371e+37,2.6279907303890974e+25,10
B11,0.2,6.751729702673386e+37,0.00040145685079638144,O_I_7774,6.69385959831791e+37,4.19353961356793e+35,6.709794306535949e+37,1.7573479445061136e+25,10
B11,0.3,6.7518940933571745e+37,0.0004012567893494949,O_I_7774,6.6952143006008685e+37,4.051709274505191e+35,6.711377000610796e+37,1.3275522028870198e+25,10
B11,0.4,6.7521070870738435e+37,0.00040106086884264037,O_I_7774,6.696568028679934e+37,3.914474190113901e+35,6.712962345171573e+37,1.1313427000307018e+25,10
B11,0.5,6.752367271433234e+37,0.00040086742951091854,O_I_7774,6.697920728575964e+37,3.781692216233756e+35,6.7145503492698085e+37,1.0868287066151682e+25,10
B11,0.6,6.752673275850958e+37,0.00040067805825628956,O_I_7774,6.699272345105452e+37,3.6532253911180496e+35,6.7161410219386e+37,1.1772954710589918e+25,10
B11,0.7,6.75302377038022e+37,0.00040049635760328056,O_I_7774,6.700622821853566e+37,3.528939818956022e+35,6.717734372189221e+37,1.4397500367094362e+25,10
B11,0.8,6.753417464586568e+37,0.00040031535592527465,O_I_7774,6.701972101146032e+37,3.4087055576086604e+35,6.71933040900849e+37,1.990717330070085e+25,10
B11,0.9,6.753853106476344e+37,0.0004001365532173752,O_I_7774,6.703320124019579e+37,3.2923965115274516e+35,6.720929141357955e+37,3.115597496329234e+25,10
B11,1.0,6.754329481517731e+37,0.0003999608091025094,O_I_7774,6.704666830188875e+37,3.17989033348127e+35,6.722530578177396e+37,5.521807984107191e+25,10
B11,2.0,6.764408495743608e+37,0.00039831432114719584,O_I_7774,6.722100868720236e+37,2.1405653976569477e+35,6.743002841324608e+37,4.424307755503302e+27,10
B11,3.0,6.784062116035356e+37,0.0003996823927998847,O_I_7774,6.745740752136574e+37,1.3315948602237218e+35,6.770746167168958e+37,2.6416123004389926e+27,10
B11,4.0,6.800641915883698e+37,0.00039776795524882664,O_I_7774,6.7622269760065e+37,7.771423950055854e+34,6.792870488394884e+37,3.5387585710071584e+28,10
B11,5.0,6.809863857949312e+37,0.00039952025914020685,O_I_7774,6.766762766496273e+37,4.108866350392946e+34,6.805754985312215e+37,6.286703210181626e+28,10
B11,10.0,6.96350764857564e+37,0.0004175428304419449,O_I_7774,6.780781765980209e+37,5.41424309143257e+34,6.9580922847942135e+37,1.1206899955934107e+31,10
B11,20.0,1.163081479932316e+38,0.0009357496521964813,O_I_7774,4.429921506407291e+37,3.2662446736206596e+37,7.732338897845412e+37,6.322312278570858e+36,10
B11,30.0,2.0470587525960343e+38,0.0017558231663152286,O_III_5007,6.899883426351232e+37,1.0773729354915213e+38,7.206686333020478e+37,2.490171838024653e+37,10
B11,40.0,2.162132585076355e+38,0.002357452638705706,C_IV_5801,8.232118416952908e+37,1.4120887657591026e+38,5.51340585731123e+37,1.9870323358612954e+37,10
B11,50.0,2.5697138959248093e+38,0.0019002524580292348,C_IV_5801,1.2222294354519745e+38,1.885747740628353e+38,4.9847612355162595e+37,1.8549003174482962e+37,10
B11,60.0,3.4014260051039473e+38,0.001367099186618629,C_IV_5801,1.840302826866467e+38,2.648469917502434e+38,5.371121462151385e+37,2.1584394138637482e+37,10
B11,70.0,4.63123770736634e+39,0.007148965036738435,C_II_4267,1.465360902866125e+39,3.437350168764037e+39,1.144665604532981e+39,4.922193406932217e+37,10
B11,80.0,2.0278401062958805e+40,0.04840575789735329,C_IV_5801,7.679532659840705e+39,1.9655394356597136e+40,4.8016706706003406e+38,1.428396393016346e+38,6
B11,90.0,4.357637050138451e+40,0.12168928878736006,C_IV_5801,1.6174759098104406e+40,4.2660034046138916e+40,7.245291189149131e+38,1.9180733633068735e+38,5
B11,100.0,6.104807616760012e+40,0.10739854693681633,C_III_4647,2.266939875283334e+40,5.964317674547187e+40,1.2038193486633232e+39,2.0108007346493237e+38,5
B11,110.0,1.0472589456180731e+40,0.04036669113026923,C_III_4647,2.110409812924998e+39,9.084487208245952e+39,1.2690095362604236e+39,1.1909271167435434e+38,9
B11,120.0,3.8932234375260976e+39,0.001443438285084505,C_II_6580,5.99662864685e+38,2.725446691355824e+39,1.084815409248856e+39,8.296133692141805e+37,10
B11,130.0,1.016048775990524e+39,0.006503023130559153,C_III_5696,1.546841290791666e+38,6.442558482293279e+38,3.2428741322106718e+38,4.75055145401291e+37,10
B11,140.0,2.4998444680828082e+36,2.521054869337943e-05,O_I_7774,4.430311228433332e+35,1.0689196786076303e+36,1.3290933685299996e+36,1.0183142094517825e+35,10
B12,0.1,3.42313217482321e+38,0.012530878141539182,O_III_5007,1.4407943478610425e+38,9.236553134477396e+37,1.4410789767724941e+38,1.0583978846029757e+38,9
B12,0.2,3.3667448120752868e+38,0.01234629739854803,O_III_5007,1.4332990738575109e+38,8.821857305901514e+37,1.433574947987942e+38,1.0509841334971941e+38,9
B12,0.3,3.3409634552802365e+38,0.012275327798924103,O_III_5007,1.4248331055487278e+38,8.731223882415646e+37,1.4251111769933706e+38,1.0427298900453014e+38,9
B12,0.4,3.3040705447546764e+38,0.012163267619485855,O_III_5007,1.4164885097173788e+38,8.52694939263912e+37,1.4167647847119287e+38,1.0346108207788352e+38,9
B12,0.5,3.2569204192140485e+38,0.01201349091164702,O_III_5007,1.408261414164463e+38,8.21765876113881e+37,1.4085319744359438e+38,1.026622568664224e+38,9
B12,0.6,3.200757501071229e+38,0.01182956614982666,O_III_5007,1.4001436483619762e+38,7.815960497996338e+37,1.4004048163502547e+38,1.0187566349213398e+38,9
B12,0.7,3.1371452761922522e+38,0.011617851858456745,O_III_5007,1.3921233191861687e+38,7.337724965828678e+37,1.3923718066012327e+38,1.011000973008152e+38,9
B12,0.8,3.067881817815973e+38,0.011384368904523828,O_III_5007,1.3841856261793446e+38,6.801223544154571e+37,1.3844186560151589e+38,1.003340807385357e+38,9
B12,0.9,2.9949083447936734e+38,0.011135225932994298,O_III_5007,1.3763138407109228e+38,6.226195075304023e+37,1.3765292353182364e+38,9.957596019450349e+37,9
B12,1.0,3.050103981037071e+38,0.011355694694192342,O_III_5007,1.367145117854357e+38,6.957683174472696e+37,1.3673936845081358e+38,9.86941979081666e+37,9
B12,2.0,2.9161467156552683e+38,0.010611637049270109,O_III_5007,1.312581336237268e+38,6.708973190365114e+37,1.3128572940010353e+38,9.32392102617722e+37,9
B12,3.0,2.3512070757391852e+38,0.008723496041938408,O_III_5007,1.2230668931469203e+38,2.7661093726786076e+37,1.2231763871937836e+38,8.514197512775406e+37,9
B12,4.0,2.156452204325811e+38,0.008145954365710455,O_III_5007,1.130095951778747e+38,2.557519734394306e+37,1.1302164873797864e+38,7.704837435065942e+37,9
B12,5.0,1.996810065823376e+38,0.007350804686291988,O_III_5007,1.0726395925677044e+38,2.0457227102934134e+37,1.0727077387118032e+38,7.195300560822312e+37,9
B12,10.0,1.4113012674522996e+38,0.0054689618440237455,O_III_5007,7.412269917370794e+37,2.1505645253692663e+37,7.412699853219922e+37,4.549748295933809e+37,9
B12,20.0,1.8059913886476523e+38,0.0011909035245437887,O_III_5007,6.427760428583001e+37,7.40925046074197e+37,6.430762475679732e+37,4.219900950054824e+37,10
B12,30.0,8.457688004812292e+38,0.0010846905206122533,C_II_4267,2.224585691896167e+38,7.068419650506198e+38,1.0329446261544843e+38,3.563237281516083e+37,10
B12,40.0,1.249027778991554e+39,0.00274803973036027,C_IV_5801,3.680895174754706e+38,1.0780487824807896e+39,1.2570394609481991e+38,4.527505041594434e+37,10
B12,50.0,6.520621445541899e+39,0.030822331919629544,C_III_4647,1.7662937886558086e+39,5.98076517601377e+39,4.545758089275792e+38,8.528046060054946e+37,10
B12,60.0,1.2817451585333609e+40,0.061044598435508454,C_III_4647,3.634938563032582e+39,1.2216765468750854e+40,4.850567661233e+38,1.1562935045945514e+38,5
B12,70.0,1.9375900273225682e+40,0.11165300687714308,C_III_4647,6.132358398212452e+39,1.8649364130246425e+40,5.851316666874002e+38,1.4140447629185818e+38,5
B12,80.0,3.34048657699996e+40,0.37166207141783253,C_III_4647,9.810938919783525e+39,3.230960059100743e+40,9.146256979361717e+38,1.806394810559971e+38,3
B12,90.0,5.745796676906798e+40,0.20815456471402533,C_II_4267,1.512087097168001e+40,5.327334657614834e+40,4.0568530387961366e+39,1.2776715412351147e+38,5
B12,100.0,2.2151500179298505e+39,0.027660763108171213,C_III_5696,3.76681799411775e+38,1.557051618700762e+39,6.324556828306692e+38,2.5642716398419563e+37,10
B12,110.0,4.462230085408768e+36,5.559354466060355e-05,C_II_4267,1.10267666339875e+36,2.2217142292654114e+36,2.2347182833284818e+36,5.797572814873985e+33,10
B12,120.0,3.922851933335683e+36,4.619352421995538e-05,C_II_4267,9.756565322876001e+35,1.9566256578776273e+36,1.96401967615605e+36,2.206599302005052e+33,10
B12,130.0,3.2921354797118014e+36,3.745296911428059e-05,O_I_7774,8.690706653595e+35,1.5473156884714375e+36,1.743936029747232e+36,8.837614931316951e+32,10
B12,140.0,2.834924856626928e+36,1.9652700275483418e-05,O_I_7774,7.92405710697175e+35,1.2479737907206537e+36,1.5866983701787456e+36,2.526957275289566e+32,10
B12,150.0,2.5497056663484912e+36,1.6498987751908305e-05,O_I_7774,7.36543755054475e+35,1.0755548152165329e+36,1.474038804283752e+36,1.1204684820649464e+32,10
B13,0.1,2.2758769136633208e+39,0.044078634500510326,C_III_1909,2.1680042901458843e+39,2.1760123816013327e+39,6.711927222698283e+37,3.2745259835005234e+37,7
B13,0.2,2.480372481960902e+39,0.0477874877955235,C_III_1909,2.3166786136347e+39,2.3254929827175655e+39,9.973514800240238e+37,5.514435124093363e+37,7
B13,0.3,2.795833843749333e+39,0.05346843611000092,C_III_1909,2.5535305658546802e+39,2.563831941872071e+39,1.4371608779373936e+38,8.828581408352199e+37,7
B13,0.4,2.975939825885243e+39,0.056653807939723244,C_III_1909,2.669850796085002e+39,2.6815777013016896e+39,1.7776324255024043e+38,1.1659888203331228e+38,6
B13,0.5,2.775221140859441e+39,0.0530229627372618,C_III_1909,2.5189335510282935e+39,2.5294454029741118e+39,1.5139450927140458e+38,9.438122861392436e+37,7
B13,0.6,2.5922652131481783e+39,0.04969032833790376,C_III_1909,2.3666976955752403e+39,2.3764303079396746e+39,1.3474827601124227e+38,8.108662919726101e+37,7
B13,0.7,2.416420608619861e+39,0.04646188810809105,C_III_1909,2.2166387225376148e+39,2.2256993978735815e+39,1.205512116212492e+38,7.016999912503032e+37,7
B13,0.8,2.2594475049431387e+39,0.04355963895240193,C_III_1909,2.080211404587744e+39,2.088713112235466e+39,1.0910116305474753e+38,6.163322965292545e+37,7
B13,0.9,2.1253885033769718e+39,0.041066651559943566,C_III_1909,1.961680194444929e+39,1.9697293900109274e+39,1.0037902597920465e+38,5.528008738683984e+37,7
B13,1.0,2.0147941963134936e+39,0.038995561543931634,C_III_1909,1.8620330060217284e+39,1.8697270258886934e+39,9.421128446087108e+37,5.085588596392924e+37,7
B13,2.0,2.319079505654254e+39,0.04442588647964375,C_III_1909,2.0456105887650365e+39,2.0564467730460253e+39,1.6088250463189576e+38,1.0175022797633268e+38,7
B13,3.0,2.0096129640117265e+39,0.03870527469058744,C_III_1909,1.6776103648927688e+39,1.6907113757821984e+39,1.9042859338977705e+38,1.2847299483975073e+38,7
B13,4.0,1.3991767440175128e+39,0.027338706100308464,C_III_1909,1.0601554864978601e+39,1.0735665562538283e+39,1.9334535598332164e+38,1.3226483178036274e+38,7
B13,5.0,1.0212008624008559e+39,0.01941855879407566,C_III_1909,6.80988643875082e+38,6.94937331704516e+38,1.9383097012455748e+38,1.3243256057178255e+38,9
B13,10.0,3.0030318369407518e+38,0.005597906607285553,O_III_5007,1.4506322221295068e+38,6.346085673056022e+37,1.451549081207254e+38,9.168741884278953e+37,9
B13,20.0,1.64824572332072e+38,0.0032046594531953305,O_III_5007,8.171037240268816e+37,3.8605540316149797e+37,8.172993810408163e+37,4.448909391184057e+37,10
B13,30.0,1.3259725040516532e+38,0.0026216861051661677,O_III_5007,5.530087818615072e+37,4.949578853216584e+37,5.531357126911601e+37,2.778789060388349e+37,10
B13,40.0,3.431302420427307e+38,0.0006931130825852636,C_III_1909,1.0136274535609086e+38,2.2104809181758698e+38,7.744566430379487e+37,4.463648592134878e+37,10
B13,50.0,1.5432560994599525e+39,0.002014416026563359,C_III_4647,5.561967991805751e+38,1.3092399866084447e+39,1.723629241850597e+38,6.165318866644771e+37,10
B13,60.0,9.201566557542509e+39,0.023093983934134296,C_III_4647,2.7801454926900984e+39,8.643786593389706e+39,4.350347663601532e+38,1.227451977926499e+38,10
B13,70.0,2.27841047295197e+40,0.0759976723878818,C_III_4647,7.969678681551209e+39,2.1996787349136355e+40,6.18136111688822e+38,1.6918126869452771e+38,5
B13,80.0,3.87865011945821e+40,0.16449064905067357,C_III_4647,1.297026415241899e+40,3.7585399293427494e+40,9.878757327484448e+38,2.1322616840615857e+38,4
B13,90.0,3.484086454284062e+40,0.12887197671920655,C_III_4647,1.0907392883308e+40,3.290049341376202e+40,1.7998079922309478e+39,1.4056313684765567e+38,5
B13,100.0,2.5393789875821665e+39,0.026467811506009395,C_III_5696,4.167628479004001e+38,1.7381532579250847e+39,7.582809559182982e+38,4.294477373878404e+37,10
B13,110.0,4.502408730924275e+36,2.6726771118394014e-05,C_II_4267,1.1176028696700671e+36,2.2486684567691516e+36,2.250948207055874e+36,2.792067099249519e+33,10
B13,120.0,3.732969025588034e+36,3.440204883984423e-05,O_I_7774,9.282470550538e+35,1.863506086377274e+36,1.8677086940168318e+36,1.7542451939281428e+33,10
B13,130.0,2.296540645480356e+36,1.9759609808405817e-05,O_I_7774,5.9596243794753334e+35,1.1011133971937694e+36,1.1949797796369757e+36,4.4746864961079875e+32,10
B13,140.0,3.121629719882421e+36,2.5665326451881324e-05,O_I_7774,7.941304423014666e+35,1.5295943638531573e+36,1.5916003628489687e+36,4.349931802948045e+32,10
B13,150.0,2.6397298133569597e+36,2.0796941313621948e-05,O_I_7774,7.102608846029333e+35,1.2174353833810154e+36,1.42211151306405e+36,1.829169118945116e+32,10
B14,0.1,1.705279025661336e+39,0.02007962890333156,C_III_1909,1.6688678946705488e+39,1.6760487089179182e+39,2.9193355090988185e+37,3.6961652429362864e+34,8
B14,0.2,1.6820429943607378e+39,0.019786875701943984,C_III_1909,1.6456082173633784e+39,1.6527013992618094e+39,2.9262093758925767e+37,7.9501340002044745e+34,8
B14,0.3,1.6605788574240346e+39,0.01951516680958626,C_III_1909,1.6239319051236324e+39,1.630944227897325e+39,2.9444449365942856e+37,1.901801607669806e+35,8
B14,0.4,1.643953804451942e+39,0.019296611069425353,C_III_1909,1.6065295624819773e+39,1.6134799708636273e+39,2.996815449369953e+37,5.056790946152975e+35,8
B14,0.5,1.6426726031368015e+39,0.019255232358214632,C_III_1909,1.6026250359705457e+39,1.6095742829550853e+39,3.160669717175284e+37,1.491623009963236e+36,8
B14,0.6,1.606662361422986e+39,0.018820315995647343,C_III_1909,1.565986287542039e+39,1.572813825595653e+39,3.2075191998496974e+37,1.77334382883617e+36,8
B14,0.7,1.53794510019906e+39,0.018013499510765238,C_III_1909,1.499208276381796e+39,1.5057932100825608e+39,3.1015899479249846e+37,1.135990637249269e+36,8
B14,0.8,1.476762783617458e+39,0.017293779438463774,C_III_1909,1.4392141653946016e+39,1.4455835940703178e+39,3.0407768702749536e+37,7.714208443907425e+35,8
B14,0.9,1.420390958383003e+39,0.016629901770695125,C_III_1909,1.3836183772172736e+39,1.389788881873863e+39,3.0046471419484045e+37,5.556050896558912e+35,8
B14,1.0,1.367403245948404e+39,0.016005484658077367,C_III_1909,1.3311698889414152e+39,1.3371525738835662e+39,2.982613636249438e+37,4.2453570234312e+35,8
B14,2.0,9.609230784120605e+38,0.011206917102967675,C_III_1909,9.243999936571768e+38,9.288988279936834e+38,3.0940244828813627e+37,1.0840055895635625e+36,9
B14,3.0,8.199330653659233e+38,0.009508791877329364,C_III_1909,7.641059002046953e+38,7.68223408242734e+38,4.336796039063384e+37,8.341696732555363e+36,9
B14,4.0,7.847425653007035e+38,0.008682909441380053,C_III_1909,7.225798875712434e+38,7.267802115793187e+38,4.798554202440532e+37,9.976811696979534e+36,9
B14,5.0,1.0469762773180108e+39,0.011506002746324755,C_III_1909,9.343302427770782e+38,9.406479743853101e+38,7.837687032404092e+37,2.7951432608659764e+37,9
B14,10.0,1.5303561273283424e+39,0.016325902354463236,C_III_1909,1.2192930780354828e+39,1.2469780788442861e+39,1.7753119935246434e+38,1.0584684913159166e+38,9
B14,20.0,2.3925228553238533e+38,0.0024801173392746782,O_III_5007,1.0914412723929324e+38,7.074632572011739e+37,1.0948668445494513e+38,5.901927535732284e+37,10
B14,30.0,1.51871551616035e+38,0.001928625442183962,O_III_5007,6.523259986746789e+37,5.701197796685122e+37,6.528652481481173e+37,2.957304883437207e+37,10
B14,40.0,1.7991211415942348e+38,0.0019443636496441587,O_III_5007,6.353302064148193e+37,8.70869996900956e+37,6.3565133445140425e+37,2.925998102418744e+37,10
B14,50.0,2.8093727532080315e+38,0.000763354152666083,O_III_5007,8.51236942079252e+37,1.4864022864093202e+38,8.529634899415803e+37,4.700069768571313e+37,10
B14,60.0,1.5893826830159643e+39,0.0009093621818457595,C_II_4267,4.4559846122429196e+38,1.2609145232004947e+39,2.715072101887465e+38,5.6960949626722885e+37,10
B14,70.0,1.437242213644262e+40,0.02258230085933924,C_III_4647,4.4120981581908355e+39,1.3693522751652287e+40,5.306149562839613e+38,1.4828442850637322e+38,10
B14,80.0,4.383896902913941e+40,0.08710308140288014,C_III_4647,1.511413475462821e+40,4.25862185362167e+40,1.0299983432815395e+39,2.2275214964117167e+38,5
B14,90.0,3.0332725006278358e+40,0.06303157706750134,C_III_4647,7.609034862457997e+39,2.7919602333026533e+40,2.2623245227329472e+39,1.5079815051887163e+38,6
B14,100.0,4.6589847058022015e+39,0.016236402811793192,C_II_6580,7.880624640780334e+38,3.3406335923866983e+39,1.2465869667295627e+39,7.176414668594044e+37,10
B14,110.0,3.993124083829519e+38,0.0020731469266432713,O_I_7774,5.392610146203668e+37,2.2364619161863845e+38,1.6177830438611003e+38,1.3887912378203384e+37,10
B14,120.0,4.7368284843515254e+36,2.2039975213570322e-05,O_I_7774,1.1757333501053371e+36,2.3709647260810215e+36,2.3640603524951682e+36,1.8034057753360777e+33,10
B14,130.0,3.3475743313313823e+36,2.389109183279143e-05,O_I_7774,8.335844933187669e+35,1.6740427473650944e+36,1.6728119131464798e+36,7.196708198079019e+32,10
B14,140.0,1.62184458943682e+36,1.0777173909990657e-05,O_I_7774,4.288784081123672e+35,7.630285122874258e+35,8.587035814008542e+35,1.124957485395349e+32,10
B15,0.1,1.456099872352542e+39,0.009062323659537906,C_III_1909,1.3865188605763308e+39,1.3939987657977613e+39,6.21010826904879e+37,2.3864292332129613e+31,9
B15,0.2,1.4511503757014924e+39,0.009025633322486787,C_III_1909,1.3815981758846763e+39,1.389056252485217e+39,6.209404384626448e+37,7.937001098084035e+31,9
B15,0.3,1.4462238418291762e+39,0.008989158723558984,C_III_1909,1.3766997190369284e+39,1.384136243984833e+39,6.208728617986758e+37,3.1166447525597004e+32,9
B15,0.4,1.4381860136160684e+39,0.008933649149432362,C_III_1909,1.368701805775779e+39,1.3761036085553467e+39,6.208132639255206e+37,1.0786681696531018e+33,9
B15,0.5,1.403904815625777e+39,0.008717117455223859,C_III_1909,1.334581192417292e+39,1.3418318440311373e+39,6.207258519698277e+37,3.8639765671967864e+32,9
B15,0.6,1.3703835402144804e+39,0.008505478177761707,C_III_1909,1.3012163398034541e+39,1.3083188064536355e+39,6.206457789030789e+37,1.5587053683132835e+32,9
B15,0.7,1.337597529076624e+39,0.008298283608199328,C_III_1909,1.2685837200985898e+39,1.275540656905286e+39,6.205680131160998e+37,7.085972804098931e+31,9
B15,0.8,1.3055308355708509e+39,0.008095533144390023,C_III_1909,1.236667770279993e+39,1.2434816951327272e+39,6.204910410974152e+37,3.632838220059548e+31,9
B15,0.9,1.2741701051828507e+39,0.0078973510174846,C_III_1909,1.2054552821874704e+39,1.2121286477335218e+39,6.204143644164299e+37,2.100768580690762e+31,9
B15,1.0,1.2435028575628918e+39,0.007703653592805352,C_III_1909,1.174933844673726e+39,1.1814690634484265e+39,6.203378042426842e+37,1.3690196765657964e+31,9
B15,2.0,9.723835835290215e+38,0.005996004223713997,C_III_1909,9.051451976391776e+38,9.104256535418185e+38,6.195767173871803e+37,2.58248484836289e+32,9
B15,3.0,7.207724395974126e+38,0.00442362738408063,C_III_1909,6.547634223552494e+38,6.588512806320693e+38,6.192024027432683e+37,9.186910163229647e+32,9
B15,4.0,5.174443869822797e+38,0.0031597276643700535,C_III_1909,4.524495749253311e+38,4.5551593229759486e+38,6.192003270849969e+37,8.421976185182386e+33,10
B15,5.0,3.6522469628608655e+38,0.002219459470657146,C_III_1909,3.0100813417856013e+38,3.0325012017460868e+38,6.195932979221642e+37,1.524631926148472e+34,10
B15,10.0,1.4816393717176167e+38,0.0008708064074422977,C_III_1909,7.900135088085892e+37,8.010863270485773e+37,6.682116827175661e+37,1.2341361951473593e+36,10
B15,20.0,8.118757639874464e+38,0.0044618290014106785,C_III_1909,5.87040624003089e+38,6.362775410361428e+38,1.2599413602576477e+38,4.960408692553889e+37,10
B15,30.0,2.584577635145804e+38,0.0016529621455204206,O_III_5007,9.152940057637197e+37,1.2348939104712612e+38,9.356008252808413e+37,4.1408289939370155e+37,10
B15,40.0,2.2048942943218245e+38,0.001751908745212153,O_III_5007,8.252590496744485e+37,1.039516743196733e+38,8.268209091444476e+37,3.3855664198064354e+37,10
B15,50.0,2.7695154984639826e+38,0.0020760524937428705,C_IV_5801,9.509160798302074e+37,1.5997687273012927e+38,8.246874394856488e+37,3.45059331677041e+37,10
B15,60.0,3.1572918529424785e+38,0.0009797929185200631,C_IV_5801,1.0019325824391692e+38,1.7928571093614137e+38,9.309745445907055e+37,4.334601989903598e+37,10
B15,70.0,4.6421063069750916e+38,0.0007462136696960648,C_IV_5801,1.2503616439557798e+38,3.023778930183951e+38,1.0868924352552359e+38,5.314349415359056e+37,10
B15,80.0,3.598572898215264e+39,0.002089750971453463,C_III_4647,1.3468822359721272e+39,3.003513619555011e+39,4.920121353862737e+38,1.0304714327397856e+38,10
B15,90.0,3.579522253976302e+40,0.04354635465203222,C_II_4267,1.0814337514297001e+40,3.3807033036724085e+40,1.8074349780059968e+39,1.80754525032943e+38,7
B15,100.0,1.209000074109132e+40,0.019676842289936974,C_III_5696,2.333156992595e+39,9.989545741025922e+39,1.9686510142971823e+39,1.3180398576821538e+38,10
B15,110.0,2.810093456688596e+39,0.00566324922178006,C_II_6580,4.439470977784999e+38,1.9153679632350752e+39,8.346218862822579e+38,6.010360717126275e+37,10
B15,120.0,3.9444491194187854e+36,1.0523615282667496e-05,O_I_7774,9.09224589027601e+35,1.910329189658065e+36,1.9960819003319622e+36,3.803802942875826e+34,10
B15,130.0,7.23777379865277e+36,2.5282280885162077e-05,O_I_7774,1.770529022215001e+36,3.657357822609141e+36,3.575143651934849e+36,5.272324108781368e+33,10
B15,140.0,2.9011051724856855e+36,1.0571147587524554e-05,O_I_6300,7.229679158532e+35,1.452964151428825e+36,1.4479387778694707e+36,2.022431873896402e+32,10
B4,0.1,1.8074814365055915e+38,0.008886248856004707,C_III_1909,1.2371764076196824e+38,1.2752860117674622e+38,3.6663996596735297e+37,1.655554587707767e+37,9
B4,0.2,1.813242391784824e+38,0.00892684867038753,C_III_1909,1.2343631317272446e+38,1.2735110949176378e+38,3.709719442544956e+37,1.6875935261269137e+37,9
B4,0.3,1.8288061155075116e+38,0.00899623263121023,C_III_1909,1.2373234245972669e+38,1.2778485874704915e+38,3.774431600565856e+37,1.7351436798043417e+37,9
B4,0.4,1.8518850113890946e+38,0.00910592092039792,C_III_1909,1.2440488608204453e+38,1.2862723390585375e+38,3.8588276207937787e+37,1.79729910251179e+37,9
B4,0.5,1.8794745621703846e+38,0.009238466560436982,C_III_1909,1.2519251958883102e+38,1.2961359449611787e+38,3.9606131383409013e+37,1.8727730337511544e+37,9
B4,0.6,1.9077266409528713e+38,0.009432413044662585,C_III_1909,1.2576381039451956e+38,1.304072664300264e+38,4.076779604832577e+37,1.9597601616934997e+37,9
B4,0.7,1.9319121732584292e+38,0.009503431361521316,C_III_1909,1.2571584785192804e+38,1.3059754037861044e+38,4.203537135553726e+37,2.0558305591695233e+37,9
B4,0.8,1.8354480131235035e+38,0.009026811663388732,C_III_1909,1.1995988317899548e+38,1.2457319332998651e+38,3.994381440338418e+37,1.9027793578979642e+37,9
B4,0.9,1.870880851582121e+38,0.00919609696516481,C_III_1909,1.204873818059077e+38,1.2538755338704045e+38,4.1500765055321525e+37,2.0199766715850172e+37,9
B4,1.0,1.8910461137312568e+38,0.0092916564990843,C_III_1909,1.1945077998945525e+38,1.2463327013933541e+38,4.306988521014669e+37,2.140145602364355e+37,9
B4,2.0,1.4701819951785548e+38,0.007240814846223373,C_III_1909,6.831532910861758e+37,7.432971635639312e+37,4.749118729907571e+37,2.519729586238664e+37,9
B4,3.0,1.1949325010242581e+38,0.005907408096665311,C_III_1909,4.554328631254216e+37,5.15969579800317e+37,4.457532996694843e+37,2.3320962155445643e+37,10
B4,4.0,9.374800688165758e+37,0.004520208771524198,O_III_5007,4.304350858253703e+37,2.801324345598756e+37,4.32198997130783e+37,2.2514863712591735e+37,10
B4,5.0,8.041452660260741e+37,0.003910691070679263,O_III_5007,3.8894452933377766e+37,2.156701109431615e+37,3.904852843599474e+37,1.9798987072296524e+37,10
B4,10.0,3.834365029805373e+37,0.0021993246622837837,O_III_5007,2.0410571830198526e+37,9.201099602757127e+36,2.0429994266067083e+37,8.712556429229528e+36,10
B4,20.0,7.012010908634266e+37,0.0008257547386924061,C_IV_5801,3.741535281887298e+37,5.159671471258526e+37,1.2302681207800813e+37,6.220713165956603e+36,10
B4,30.0,1.0547353286345465e+39,0.0069984885355384024,C_IV_5801,4.7995874144285935e+38,9.7794740304205e+38,5.892761568010065e+37,1.786030991239593e+37,10
B4,40.0,3.536397224457147e+39,0.02932441002207602,C_III_4647,9.705582410208663e+38,3.23834092908729e+39,2.6361112064443805e+38,3.444517472541914e+37,8
B4,50.0,5.828332978288851e+39,0.04801294614008466,C_II_4267,1.7069884036931295e+39,5.3433919197532605e+39,4.4047120717383415e+38,4.446985136175844e+37,7
B4,60.0,9.377202677210576e+39,0.07569722837142817,C_III_4647,2.7247579747667967e+39,8.796086967664694e+39,5.214013450772591e+38,5.971436446862253e+37,5
B4,70.0,1.1364178939420817e+40,0.08576023189631399,C_III_4647,3.596367948227671e+39,1.087485465518846e+40,4.196034283321335e+38,6.972085590022625e+37,5
B4,80.0,1.5690821458709261e+40,0.1262430318033676,C_III_4647,5.05256942949837e+39,1.5199801021337707e+40,4.096959964405848e+38,8.132444093096601e+37,5
B4,90.0,1.7238470179046596e+40,0.14959109673300608,C_III_4647,6.109338006753398e+39,1.6740788430139993e+40,3.977588665503319e+38,9.99228823562718e+37,4
B4,100.0,2.1576109829411539e+40,0.1812194324115605,C_III_4647,7.933067611831702e+39,2.1002337878682705e+40,4.486103120559369e+38,1.2516163867289728e+38,4
B4,110.0,3.1437163794731057e+40,0.02389486070800119,C_III_4647,1.0784749837016911e+40,3.069224232598378e+40,5.985881352320622e+38,1.4633333351521184e+38,6
B4,120.0,4.3157361687187403e+40,0.04206679610972328,C_III_4647,1.3368896495163668e+40,4.217837796101424e+40,8.279888055677146e+38,1.50994920605451e+38,6
B4,130.0,3.670258139144993e+40,0.10707017822947715,C_III_4647,1.0453966471338671e+40,3.5416451226584574e+40,1.1377288582223997e+39,1.4840130664294855e+38,4
B4,140.0,4.1944316365173967e+39,0.11177853664368344,C_III_4647,7.795988127388667e+38,3.230310781388899e+39,9.003667843554345e+38,6.3754070773063535e+37,6
B4,150.0,1.9594494989163938e+39,0.04526972000233667,C_II_6580,3.2025768152866673e+38,1.3289699265948434e+39,5.922448255555401e+38,3.823474676601008e+37,7
B5,0.1,1.7237568847781892e+37,0.00038046539388319247,O_I_7774,1.69970242636992e+37,2.9957592782664967e+34,1.7207571674901383e+37,3.9580097844070867e+31,10
B5,0.2,1.7246700682119342e+37,0.00038058318178395327,O_I_7774,1.6994910008244525e+37,3.223321023653857e+34,1.7214424357993362e+37,4.311388944289438e+31,10
B5,0.3,1.7259365856189053e+37,0.0003808030128480577,O_I_7774,1.6992465176030668e+37,3.710643148036162e+34,1.7222208351562273e+37,5.1073146417838555e+31,10
B5,0.4,1.727747304140333e+37,0.00038116701289741254,O_I_7774,1.6989556363570075e+37,4.604094444923468e+34,1.7231365788972076e+37,6.630798201671028e+31,10
B5,0.5,1.7304768482083682e+37,0.0003861678078829498,O_I_7774,1.6985928743001692e+37,6.191504807582779e+34,1.7242757803274848e+37,9.563073300379588e+31,10
B5,0.6,1.8193856855351212e+37,0.00039748064550537953,O_I_7774,1.7826051010268338e+37,1.0185259329018713e+35,1.8091819013146345e+37,1.852489146827398e+32,10
B5,0.7,1.8277171802695846e+37,0.0003944674700762827,O_I_7774,1.781986602334008e+37,1.6087289887224597e+35,1.8115951575718598e+37,3.4732810500059235e+32,10
B5,0.8,1.8432813781942972e+37,0.0003964162537824288,O_I_7774,1.7808925951925802e+37,2.7601850143139572e+35,1.8156007682521685e+37,7.875979898902495e+32,10
B5,0.9,1.8745463896658339e+37,0.0004024044038091074,O_I_7774,1.7787717337407327e+37,5.127129926056351e+35,1.823052754284081e+37,2.2233612118947148e+33,10
B5,1.0,1.941937603617523e+37,0.0004163877574753642,O_I_7774,1.77428963299681e+37,1.0274836209769969e+36,1.8384082490310665e+37,7.809924887565126e+33,10
B5,2.0,1.9639347416117276e+37,0.00042917127418427945,O_I_7774,1.7454950331455053e+37,1.2422623671420161e+36,1.8382112473609332e+37,1.4972575365924796e+34,10
B5,3.0,3.541196747354484e+37,0.0008105133205153695,O_I_7774,1.5705555392723792e+37,1.2183096970768496e+37,2.207325702764441e+37,1.1556134751319337e+36,10
B5,4.0,3.5881236322047517e+37,0.000820984269999209,O_I_7774,1.5381507677536063e+37,1.1826136360368163e+37,2.2664100173220123e+37,1.3909997884592284e+36,10
B5,5.0,8.509350568227926e+37,0.0019134475166454363,C_III_1909,3.599744096434683e+37,4.350214751707536e+37,3.3593271633263436e+37,7.99808653194049e+36,10
B5,10.0,7.589462293540346e+37,0.0021297007865621964,O_III_5007,2.7588690462796946e+37,3.634830819374403e+37,2.8810397239978948e+37,1.0735917501680485e+37,10
B5,20.0,5.301689477725819e+37,0.0018650318221359488,C_IV_5801,1.7646569794980765e+37,3.150171144992127e+37,1.5387994331089607e+37,6.127188996247297e+36,10
B5,30.0,1.38600207498921e+38,0.0010277598434448253,C_IV_5801,7.615736361032405e+37,1.0753120136821923e+38,2.1110735277899898e+37,9.958270852801899e+36,10
B5,40.0,1.4199205249064906e+39,0.008984620741085013,C_IV_5801,5.662229985821449e+38,1.3075805142549747e+39,8.548711895209018e+37,2.6852891699426205e+37,10
B5,50.0,6.03159581785418e+39,0.04788794744300313,C_III_4647,1.8655921634416933e+39,5.631260380935912e+39,3.472390044012326e+38,5.309643251703561e+37,6
B5,60.0,1.0018806952652925e+40,0.09399073904508601,C_III_4647,3.151384940427197e+39,9.516438794164768e+39,4.325740796502138e+38,6.979407883794434e+37,5
B5,70.0,1.4401160731968263e+40,0.14999418240022536,C_IV_5801,4.629797891117242e+39,1.3912035342036984e+40,4.0745105927767756e+38,8.167433065360174e+37,5
B5,80.0,1.7326876406592005e+40,0.20418483059415096,C_IV_5801,5.851602657856411e+39,1.684807557125635e+40,3.863342018337873e+38,9.246663350186785e+37,4
B5,90.0,2.342529700549528e+40,0.2952161080863496,C_IV_5801,8.595360592281464e+39,2.290625185921372e+40,4.115670840978462e+38,1.0747806218371276e+38,3
B5,100.0,2.8143803428042467e+40,0.0246612626609687,C_IV_5801,1.0185146105025078e+40,2.7545050982104944e+40,4.7032975744188585e+38,1.2842268849563666e+38,7
B5,110.0,3.911877951116273e+40,0.04292267143167251,C_IV_5801,1.479191213340432e+40,3.8347948471422886e+40,6.1728121678192154e+38,1.5354982295792002e+38,6
B5,120.0,4.432034155088768e+40,0.10949719463507855,C_III_4647,1.5995137327151111e+40,4.3369389669528433e+40,7.869966033791182e+38,1.6395527798012182e+38,4
B5,130.0,2.84494401987942e+40,0.13259451487340707,C_II_4267,5.955586849815666e+39,2.724203996605012e+40,1.0943975950630418e+39,1.1300263768103853e+38,4
B5,140.0,3.516924928895955e+39,0.08373555456233935,C_II_6580,5.929570566810666e+38,2.4974925978861615e+39,9.615435978320857e+38,5.788873317770756e+37,7
B6,0.1,3.5803810754623403e+37,0.00043274913181633385,O_I_7774,3.4848670082184493e+37,5.4786859825971705e+32,3.5803262886019826e+37,5.315904425621524e+24,10
B6,0.2,3.5737250601735147e+37,0.00044403846252024265,O_I_7774,3.474841113991246e+37,4.974273730455772e+32,3.5736753174354574e+37,7.527673191218142e+24,10
B6,0.3,3.567068169578971e+37,0.0004398345625282551,O_I_7774,3.464684996494866e+37,4.514993918500992e+32,3.567023019638572e+37,1.2144466180372982e+25,10
B6,0.4,3.560409663521737e+37,0.00043808226191715014,O_I_7774,3.4543928563715186e+37,4.0970666013089536e+32,3.560368692853492e+37,2.23220222488107e+25,10
B6,0.5,3.5537487199425735e+37,0.00043711349049060466,O_I_7774,3.4439586134732766e+37,3.71723876896672e+32,3.5537115475502097e+37,4.674445707831371e+25,10
B6,0.6,3.547084433304585e+37,0.000436496165049437,O_I_7774,3.433375893253707e+37,3.373215237954837e+32,3.547050701141053e+37,1.1152556383144387e+26,10
B6,0.7,3.7672965322722503e+37,0.000450809413395508,O_I_7774,3.6595984263198764e+37,4.8926234111549354e+32,3.767247605997048e+37,4.10906184534818e+26,10
B6,0.8,3.760852026583796e+37,0.00044729465476094305,O_I_7774,3.649291001726723e+37,4.4661742093968705e+32,3.7608073647144196e+37,1.272827159344646e+27,10
B6,0.9,3.7544026196572093e+37,0.00044556388378309283,O_I_7774,3.638827482979048e+37,4.1626134294083815e+32,3.7543609930734974e+37,4.494182893015084e+27,10
B6,1.0,3.7464874365112315e+37,0.00044407195111174295,O_I_7774,3.6266304960147708e+37,4.127018844826329e+32,3.746446164879672e+37,1.4431111165890932e+28,10
B6,2.0,3.7809144675993726e+37,0.00046000362653144137,O_I_7774,3.6097311853586363e+37,1.539967489218054e+32,3.7808990677857404e+37,1.3873974774573624e+27,10
B6,3.0,3.815132359825229e+37,0.0004626042383886661,O_I_7774,3.5786884908240575e+37,2.2988163215382437e+33,3.8149024143728065e+37,6.382026927162999e+29,10
B6,4.0,3.656182685531209e+37,0.00048554811978073414,O_I_7774,3.261883367632324e+37,5.395404539084797e+32,3.6561287236462197e+37,7.839599011187159e+28,10
B6,5.0,3.746376424633735e+37,0.0004942375512270458,O_I_7774,3.276127582558719e+37,5.802927134566469e+34,3.740510441998287e+37,6.305550088156355e+32,10
B6,10.0,3.7919061024777014e+37,0.0006506421477524996,O_I_7774,2.3765796806949085e+37,2.1563939470993125e+36,3.5332086309097545e+37,4.305807685801567e+35,10
B6,20.0,9.209305912989801e+37,0.001510071838456527,O_III_5007,2.911940605990362e+37,5.160829423632294e+37,2.9889729241305283e+37,1.059503565226976e+37,10
B6,30.0,1.1415548306676663e+38,0.0022472003222301653,C_IV_5801,5.340561532075316e+37,8.270381648998608e+37,2.2961507244889775e+37,8.49015933189079e+36,10
B6,40.0,1.9690475241606466e+38,0.0014238725118255332,C_IV_5801,1.1676094700614001e+38,1.5797002301418915e+38,2.7438871027559713e+37,1.1495858374315812e+37,10
B6,50.0,1.5292469919991365e+39,0.0061257975931931375,C_II_4267,5.98312672814151e+38,1.2897238224107827e+39,2.23212454272436e+38,1.6310715315917965e+37,10
B6,60.0,7.744115460558668e+39,0.040198557851827195,C_III_4647,2.5959174829702047e+39,7.332512418629456e+39,3.424446439009086e+38,6.9158398028302495e+37,7
B6,70.0,1.4373097074546967e+40,0.08668660419439023,C_IV_5801,5.3173252080065714e+39,1.39082458366433e+40,3.795364707528783e+38,8.531476715078754e+37,5
B6,80.0,1.9515067927806593e+40,0.1400097736902914,C_IV_5801,7.683934863900098e+39,1.9018663381388979e+40,3.917432465031624e+38,1.0466129991444924e+38,4
B6,90.0,2.561505153138294e+40,0.20677013477679798,C_IV_5801,9.814423937192747e+39,2.5076996295987105e+40,4.201519843964189e+38,1.179032509994123e+38,4
B6,100.0,4.155884150257847e+40,0.037382939829044864,C_IV_5801,1.814332984411059e+40,4.088286946924117e+40,5.353724236742094e+38,1.4059960966308758e+38,7
B6,110.0,5.114182689687836e+40,0.06656932888750766,C_IV_5801,2.075129974013724e+40,5.031322811953868e+40,6.734698084935089e+38,1.5512896884618378e+38,5
B6,120.0,5.661158742416924e+40,0.1240609692831681,C_III_4647,1.8091346740720002e+40,5.558365659897154e+40,8.780948882572702e+38,1.498359369404281e+38,5
B6,130.0,1.6780784416706902e+40,0.10367481853410111,C_IV_5801,3.0482396411874975e+39,1.536892594915293e+40,1.3160460729284858e+39,9.581239462548938e+37,6
B6,140.0,3.1516054815058914e+39,0.06423316702388665,C_II_6580,5.099459171295e+38,2.202760362457123e+39,8.881443178450075e+38,6.070080120376042e+37,7
B7,0.1,7.147254827115383e+37,0.0004983824814708777,O_I_7774,6.598340580946179e+37,2.805895896923257e+31,7.147252021219486e+37,6310421899685516.0,10
B7,0.2,7.126828846499974e+37,0.0004981769826049165,O_I_7774,6.566942111820134e+37,2.651597181409055e+31,7.126826194902792e+37,1.839496339009961e+16,10
B7,0.3,7.106269967968709e+37,0.000497974045202082,O_I_7774,6.535203098903875e+37,2.5055631085998356e+31,7.1062674624056e+37,1.00413249649035e+17,10
B7,0.4,7.085575995321021e+37,0.0004977767227404473,O_I_7774,6.503118567131577e+37,2.367363271538496e+31,7.085573627957749e+37,8.598257764318811e+17,10
B7,0.5,7.061201314173595e+37,0.0004975964570361273,O_I_7774,6.466512060282064e+37,2.2275983289861e+31,7.061199086575266e+37,6.134022242289217e+18,10
B7,0.6,7.007736173033059e+37,0.0004975947400719443,O_I_7774,6.395344362222945e+37,2.028042517124033e+31,7.0077341449905415e+37,1.593723563278447e+18,10
B7,0.7,6.953987986758027e+37,0.0004976455784787505,O_I_7774,6.323425822396141e+37,1.8458959253100097e+31,6.953986140862102e+37,4.93637564762367e+17,10
B7,0.8,6.899954144940857e+37,0.000497722109718177,O_I_7774,6.250748272401628e+37,1.6796821911899872e+31,6.899952465258666e+37,1.82481309501839e+17,10
B7,0.9,6.845632357045577e+37,0.0004978140576718924,O_I_7774,6.177304427397004e+37,1.5280463789467622e+31,6.845630828999198e+37,6.237540698543442e+16,10
B7,1.0,6.791020690690027e+37,0.0004979061953134861,O_I_7774,6.103087984805439e+37,1.3897453199446813e+31,6.791019300944707e+37,3.2673606108791296e+16,10
B7,2.0,7.055462151751981e+37,0.0005059255204904649,O_I_7774,6.308714426177368e+37,1.2923183859735026e+31,7.055460859433595e+37,1.1532877197625976e+18,10
B7,3.0,7.156783737944382e+37,0.0005138708905789706,O_I_7774,6.29367905368926e+37,9.650467299213458e+30,7.156782772897652e+37,7.490372736935287e+19,10
B7,4.0,7.077927656383435e+37,0.0005191936079783285,O_I_7774,6.056796637537481e+37,6.153133765193394e+30,7.077927041070058e+37,1.441404914527439e+21,10
B7,5.0,6.855049681027287e+37,0.0005246261665112923,O_I_7774,5.628910925425271e+37,3.5247508391911924e+30,6.855049328552201e+37,2.6191202168960373e+22,10
B7,10.0,6.069481985112058e+37,0.0005584326500535416,O_I_7774,4.246555428376585e+37,1.6781973970186326e+31,6.069480306820742e+37,9.391904371513416e+26,10
B7,20.0,5.4052970474255065e+37,0.0006930107162792621,O_I_7774,2.676518603178378e+37,2.719574631794336e+36,5.055915820649848e+37,7.742376359622536e+35,10
B7,30.0,1.6412537290268057e+38,0.0014003098358187033,O_III_5007,4.694331675598843e+37,9.767783564247586e+37,5.08262582586838e+37,1.562127900152093e+37,10
B7,40.0,2.5257733149865196e+38,0.0025366180693521378,C_IV_5801,1.3853387791930768e+38,1.9909447827560247e+38,3.979958810219388e+37,1.3683265120855559e+37,10
B7,50.0,4.022113081912888e+38,0.002000027914150092,C_IV_5801,2.666780389230894e+38,3.455409814330412e+38,4.1196768711312874e+37,1.547355804693475e+37,10
B7,60.0,4.766303447556302e+38,0.00172696501455339,C_IV_5801,3.2284913718781655e+38,4.228739403582585e+38,3.908091586509362e+37,1.467548853227812e+37,10
B7,70.0,3.9014131489293786e+39,0.011057079964748664,C_III_4647,1.5596239028340208e+39,3.632599932246415e+39,2.0680472343251438e+38,6.200849325044857e+37,10
B7,80.0,1.6357425460525012e+40,0.06415724674164841,C_IV_5801,6.401673398276485e+39,1.5849681491127156e+40,3.94764091320158e+38,1.1297987807769363e+38,6
B7,90.0,2.808669245233191e+40,0.13987569028184288,C_IV_5801,1.2497235546691726e+40,2.7485115363561126e+40,4.618471632928253e+38,1.3972992547796406e+38,4
B7,100.0,4.638408716640856e+40,0.05408610816417346,C_IV_5801,2.0555969546599508e+40,4.562041639233162e+40,5.999635511376262e+38,1.6370722293931324e+38,5
B7,110.0,6.524508807385896e+40,0.09281380296149003,C_IV_5801,2.785813916837452e+40,6.431022777043258e+40,7.695342814465842e+38,1.6532602197978874e+38,5
B7,120.0,4.990847963757389e+40,0.12836155351815956,C_III_4647,1.250755748749999e+40,4.862562448015947e+40,1.1150254699734339e+39,1.6782968744098163e+38,5
B7,130.0,5.0556170956083674e+39,0.056346836561758255,C_II_4267,1.000405956269999e+39,4.1259715989632087e+39,8.421533976433913e+38,8.7492099001768e+37,7
B7,140.0,2.6452802495256418e+39,0.03823568056886478,C_II_6580,4.029562759399999e+38,1.792658342865387e+39,7.883005598731399e+38,6.432134678711481e+37,8
B8,0.1,3.74527488190241e+38,0.016510744507219042,C_III_1909,2.0964002685781048e+38,2.1525194113964e+38,9.64837371303265e+37,6.27918099202745e+37,9
B8,0.2,3.0850199843826196e+38,0.013657901101813762,C_III_1909,1.42403845325328e+38,1.4802380253624239e+38,9.708914012709302e+37,6.338905577492657e+37,9
B8,0.3,2.921306909916997e+38,0.012957440666443483,C_III_1909,1.2692720883929918e+38,1.3255780045791258e+38,9.659431561208607e+37,6.297857492170109e+37,9
B8,0.4,2.945036928393863e+38,0.01307514420014881,C_III_1909,1.3105640606695816e+38,1.3668291630801664e+38,9.56469706440309e+37,6.217380588733871e+37,9
B8,0.5,2.9536949822470194e+38,0.013126545550549536,C_III_1909,1.3361927724540575e+38,1.3924420827005256e+38,9.472810867600175e+37,6.139718127864763e+37,9
B8,0.6,3.2533822184242332e+38,0.014453685220619527,C_III_1909,1.6654682783895628e+38,1.721629214885625e+38,9.315294717538057e+37,6.002235317848022e+37,9
B8,0.7,3.2455060797404327e+38,0.014433674980122593,C_III_1909,1.6741814355199091e+38,1.730375947222052e+38,9.224870353929405e+37,5.926430971254403e+37,9
B8,0.8,3.219163509605452e+38,0.01433300972141014,C_III_1909,1.6635334037634399e+38,1.7197622567208607e+38,9.13903395687243e+37,5.854978571973488e+37,9
B8,0.9,3.175072324874531e+38,0.014153399621178541,C_III_1909,1.6342179836651348e+38,1.6904795839542489e+38,9.057938171660357e+37,5.787989237542464e+37,9
B8,1.0,3.1143115892731064e+38,0.01389957890262489,C_III_1909,1.5873233780954619e+38,1.6436153764041093e+38,8.981552347089087e+37,5.725409781600885e+37,9
B8,2.0,2.0119794931147942e+38,0.009099108765740925,O_III_5007,8.363466413688388e+37,6.502440002616959e+37,8.372395945321351e+37,5.244958983209636e+37,9
B8,3.0,1.6244564496099002e+38,0.007403595298687353,O_III_5007,7.671082186954488e+37,3.867996125618136e+37,7.6771632164467005e+37,4.699405154034165e+37,9
B8,4.0,1.3381885651578118e+38,0.006132591295853338,O_III_5007,7.0074387379884815e+37,2.180294006582392e+37,7.0110128639448225e+37,4.1905787810509033e+37,9
B8,5.0,1.1823546386963239e+38,0.005444651946139064,O_III_5007,6.43648095551665e+37,1.6204304889870464e+37,6.439150320648344e+37,3.763965577327849e+37,9
B8,10.0,8.280155747123105e+37,0.0038658894951230046,O_III_5007,4.46389464864704e+37,1.4377809320755203e+37,4.464787201283766e+37,2.3775876137638186e+37,10
B8,20.0,7.7144242999374985e+37,0.0008735897736489928,O_III_5007,2.6767342097478345e+37,3.519718001366339e+37,2.678394113167219e+37,1.516312185403942e+37,10
B8,30.0,5.183359819824346e+38,0.002497676818990178,C_III_4647,1.927074881120075e+38,4.537409618761136e+38,4.641381913545696e+37,1.8181200970864131e+37,10
B8,40.0,2.1181644721831194e+39,0.012014630070191646,C_IV_5801,6.3239130308441e+38,1.9003104261594244e+39,1.759685894829919e+38,4.1885456540702937e+37,10
B8,50.0,4.1306055590687355e+39,0.026516293234414186,C_III_4647,1.2621592019022647e+39,3.756948118216067e+39,3.14446271854684e+38,5.921116899798452e+37,8
B8,60.0,7.181031686581087e+39,0.050325953154897976,C_III_4647,2.3149680644419155e+39,6.750157775882489e+39,3.568651901732793e+38,7.400872052531786e+37,6
B8,70.0,1.1562926914798834e+40,0.08417232995175074,C_III_4647,3.9276321712224787e+39,1.1085119771391242e+40,3.807032126979802e+38,9.710393070961164e+37,5
B8,80.0,1.5634032107404782e+40,0.11416499090242069,C_III_4647,5.843670555242123e+39,1.508285360211362e+40,4.2827440511228115e+38,1.2290410017888118e+38,5
B8,90.0,2.200991721679427e+40,0.2837863514210234,C_III_4647,8.497814226561409e+39,2.1278263494970629e+40,5.70311638815799e+38,1.6134208300784601e+38,4
B8,100.0,3.6966507161257593e+40,0.05877128602462183,C_III_4647,1.2253237167492154e+40,3.5932396607684594e+40,8.636351196557935e+38,1.704754339172027e+38,5
B8,110.0,3.400763348571946e+40,0.11885438440003905,C_III_4647,1.1544482398037491e+40,3.257653200923997e+40,1.3060829503011257e+39,1.2501852617836374e+38,4
B8,120.0,3.9147690067584344e+39,0.08426907334199821,C_II_6580,6.6549988746659994e+38,2.7750594536481814e+39,1.0816922786885648e+39,5.80172744216876e+37,7
B8,130.0,1.0783648959825168e+39,0.038808035973623985,C_III_5696,1.7048896479607502e+38,7.031621959359132e+38,3.449923613961906e+38,3.0210338650413064e+37,10
B8,140.0,2.0473475769826254e+36,2.0250627156238015e-05,C_II_4267,5.061358382704746e+35,1.0196013282460889e+36,1.0252408726940626e+36,2.5053760424739865e+33,10
B8,150.0,1.7563798059283534e+36,3.191078595543351e-05,C_II_4267,4.3386393666272494e+35,8.732804730681246e+35,8.808605312086954e+35,2.2388016515336086e+33,10
B9,0.1,4.883426859989999e+37,0.0010746837889881657,C_III_1909,3.168571997867075e+37,3.19950413102388e+37,1.6451188185817132e+37,3.880391038440608e+35,10
B9,0.2,4.629252535491393e+37,0.0010183744088778151,C_III_1909,2.9276390251023877e+37,2.9566354369699e+37,1.6376207282063394e+37,3.4996370315152745e+35,10
B9,0.3,4.433967115835216e+37,0.0009750505884896975,C_III_1909,2.7381822680307307e+37,2.765698846771632e+37,1.6349783753240895e+37,3.328989373949367e+35,10
B9,0.4,4.29127703922095e+37,0.0009433158612113391,C_III_1909,2.594713513317913e+37,2.6211709254280936e+37,1.636704770915685e+37,3.340134287717223e+35,10
B9,0.5,4.028425038528329e+37,0.0008852294583129759,C_III_1909,2.3516350797220515e+37,2.375967687761699e+37,1.6245837331695781e+37,2.7873617597051782e+35,10
B9,0.6,3.973223177655007e+37,0.000872707497422227,C_III_1909,2.2848316742339763e+37,2.3088218352903642e+37,1.6335176137331177e+37,3.0883728631524233e+35,10
B9,0.7,3.9804345046935684e+37,0.0008738899482612973,C_III_1909,2.2717791555169976e+37,2.2959847291597217e+37,1.6483447103150692e+37,3.610506521877719e+35,10
B9,0.8,4.074332211694791e+37,0.0008940816069821399,C_III_1909,2.332678850483815e+37,2.3579012277161877e+37,1.671883307124731e+37,4.454767685387209e+35,10
B9,0.9,4.298549990195872e+37,0.0009428157179835327,C_III_1909,2.5039067691044864e+37,2.5313828596792196e+37,1.7091290243591685e+37,5.803810615748447e+35,10
B9,1.0,4.731348526241051e+37,0.0010371843560709512,C_III_1909,2.850707677035302e+37,2.8824585680159166e+37,1.76897689862066e+37,7.991305960447533e+35,10
B9,2.0,2.1343163820146387e+38,0.004635301620020687,C_III_1909,1.640626787097075e+38,1.6625763020545127e+38,3.7624608950229457e+37,9.549399045783151e+36,9
B9,3.0,2.5530517591295503e+38,0.00550525876847166,C_III_1909,1.942224692812264e+38,1.973901003917463e+38,4.468747889875378e+37,1.3227596622454946e+37,9
B9,4.0,6.242800775878745e+38,0.012870924045761555,C_III_1909,4.778175093255623e+38,4.88074183317441e+38,9.09761564443943e+37,4.522973782603913e+37,9
B9,5.0,5.649472393688751e+38,0.011597774859840636,C_III_1909,4.1769720311654494e+38,4.290746634441979e+38,9.044760128228466e+37,4.542497464239252e+37,9
B9,10.0,2.0618777101181806e+38,0.004336065548818255,O_III_5007,8.042864938591398e+37,8.181093220845151e+37,8.103579128956376e+37,4.3341047513802805e+37,10
B9,20.0,7.20565354068298e+37,0.001891121763804313,O_III_5007,3.2046064891437994e+37,2.6475194556030573e+37,3.2075989258509305e+37,1.3505351592289926e+37,10
B9,30.0,9.6891936060584e+37,0.0009402793943188625,C_IV_5801,3.2188734343401343e+37,5.100278735172366e+37,3.046544067859213e+37,1.5423708030268242e+37,10
B9,40.0,7.8296658425972e+38,0.0008352612961305541,C_III_4647,2.709794340717031e+38,6.431387757959865e+38,1.1658129650715576e+38,2.3246511956577755e+37,10
B9,50.0,2.923124930739367e+39,0.012545326469095962,C_III_4647,9.912317307438693e+38,2.647043771442169e+39,2.1801765270702144e+38,5.8063506590176685e+37,10
B9,60.0,6.371302872610375e+39,0.0341278425434983,C_III_4647,2.3243338943123534e+39,5.944176953216263e+39,3.4027652260570563e+38,8.684939678840603e+37,6
B9,70.0,1.1076131051573246e+40,0.07261868919868358,C_III_4647,3.955254590696807e+39,1.0606328791823326e+40,3.6505436337216765e+38,1.0474789637775364e+38,5
B9,80.0,1.8190157117618733e+40,0.13636034504344036,C_III_4647,6.942398085948942e+39,1.761039305514616e+40,4.4584552521283264e+38,1.3391853725973703e+38,4
B9,90.0,2.6109648027311895e+40,0.2250631505328199,C_III_4647,1.02787914732548e+40,2.534261824776336e+40,6.001687706392194e+38,1.6686100890931642e+38,3
B9,100.0,4.671261263143105e+40,0.09265900253405995,C_III_4647,1.5786054436880746e+40,4.56248112401591e+40,9.110878160890163e+38,1.767135751829379e+38,5
B9,110.0,3.4421104020654184e+40,0.15324454352402275,C_II_4267,8.621185016673333e+39,3.278085507070463e+40,1.5084844041779036e+39,1.3176454577164812e+38,5
B9,120.0,3.8676594707566735e+39,0.057579059044106394,C_II_6580,6.390552225115334e+38,2.730199727507747e+39,1.0738155172281033e+39,6.36442260208227e+37,8
B9,130.0,1.1046670331275382e+39,0.025182206557011408,C_III_5696,1.7307831382760002e+38,7.161252124064186e+38,3.5077494894643154e+38,3.776687177468795e+37,10
B9,140.0,3.235106715876678e+36,9.81244585612678e-05,C_II_4267,6.188895549769331e+35,1.4484065375973926e+36,1.698396249573539e+36,8.830392870574588e+34,10
C1,0.1,4.45874230023998e+39,0.1311673366645317,C_IV_1549,3.3723e+39,4.450585266785863e+39,2.6162544910879734e+36,5.540778963028348e+36,3
C1,0.2,3.972334499553691e+40,0.4689925300402649,C_III_1909,3.57050161186392e+40,3.969709982460871e+40,9.136713855304709e+36,1.7108457072894747e+37,1
C1,0.3,4.678788314392809e+40,0.7968598876331726,C_III_1909,4.2924368791975004e+40,4.67610529428045e+40,1.67280553590104e+37,1.0102145764578257e+37,1
C1,0.4,2.594208798680383e+40,0.9829680683828559,C_III_1909,2.432459324825144e+40,2.5925334487087254e+40,1.47159906487491e+37,2.037509067829957e+36,1
C1,0.5,2.1598403977373835e+40,0.9789258821114332,C_III_1909,2.1489381497615843e+40,2.1576840256531216e+40,2.1555510817654717e+37,8.210024961220578e+33,1
C1,0.6,1.5173636478639527e+40,0.9728634190892274,C_III_1909,1.5068372194163633e+40,1.5147881882748678e+40,2.575016761909202e+37,4.428271756251817e+33,1
C1,0.7,6.468229359660686e+39,0.9381585160671558,C_III_1909,6.387401346048058e+39,6.437354895839365e+39,3.08711172960965e+37,3.346525224305744e+33,1
C1,0.8,2.0260721303676268e+39,0.8053325926033561,C_III_1909,1.9610251289255992e+39,1.985151359782449e+39,4.091859025999435e+37,2.180325183369138e+33,1
C1,0.9,9.641151544763002e+38,0.5955124536057003,C_III_1909,8.930183921881114e+38,9.087859916667484e+38,5.532804426044221e+37,1.1185491096264027e+33,1
C1,1.0,6.092653411615761e+39,0.8208010721652094,C_III_1909,5.92916915783297e+39,5.993885152270453e+39,9.876677876844071e+37,1.480576868178859e+33,1
C1,2.0,6.652593249985846e+39,0.7332900228657938,C_III_1909,6.340187792740959e+39,6.410762812508162e+39,2.4183043058416295e+38,6.893520146442269e+30,1
C1,3.0,7.277099297477128e+39,0.6971346296071023,C_III_1909,6.834902384843732e+39,6.911582152699633e+39,3.654880775357585e+38,2.906724173689672e+34,1
C1,4.0,6.857246915933043e+40,0.9424312862901396,C_III_1909,6.625791445991e+40,6.76224391779154e+40,4.909114154769899e+38,4.591185659380426e+38,1
C1,5.0,1.084540702284235e+40,0.7141236118378995,C_III_1909,1.0138655808101053e+40,1.0248247064145931e+40,5.971599232789327e+38,3.5417485845001137e+31,1
C1,6.0,1.3006237092100557e+40,0.759043929259905,C_III_1909,1.2320545668649757e+40,1.2448645435113214e+40,5.575916302589667e+38,2.672837186402934e+31,1
C1,7.0,9.742807013864298e+40,0.9418655447585973,C_III_1909,5.507283337167804e+40,9.547857509847122e+40,9.177746523400618e+38,1.0317203878316705e+39,1
C1,8.0,2.0902764638514734e+40,0.6963399195746883,C_III_1909,1.0938669184188209e+40,1.8149924488891194e+40,1.2644384094600758e+39,1.488401740163465e+39,1
C1,9.0,2.041496705435456e+40,0.629613885567454,C_III_1909,1.8559211861796821e+40,1.8788425228093577e+40,1.6265418108529578e+39,1.54080246757619e+31,1
C1,10.0,1.4617793131991873e+41,0.9254914506650015,C_III_1909,1.2670911108045789e+41,1.4234402630956826e+41,1.82733053020147e+39,2.006574480149028e+39,1
C1,20.0,1.2270820308880192e+41,0.9419161094480175,C_III_1909,1.0798618284459e+41,1.1385747326751234e+41,5.0957365782597956e+39,3.754993243029768e+39,1
C1,30.0,8.884635915292873e+39,0.8727457763789406,C_III_1909,3.973144340248506e+39,6.043102041949777e+39,2.2008065541386312e+39,6.407273192044634e+38,1
C1,40.0,2.750570512994697e+39,0.8881544934782268,C_II_4267,7.25154072654165e+38,1.3926557527960488e+39,1.1608507813598938e+39,1.9706397883875436e+38,1
C1,50.0,7.199845123180437e+38,0.8905561773341047,O_III_5007,1.7999559026955e+38,2.552722882356975e+38,4.206608660443966e+38,4.405135803794944e+37,1
C1,60.0,4.2134167571763005e+38,0.9511364364878502,O_I_7774,1.2361549649592776e+38,1.4113391181512905e+38,2.614430368794936e+38,1.8764727023007413e+37,1
C1,70.0,2.255150989326052e+38,0.9707011017146295,O_I_7774,8.502489918106699e+37,6.008263095817651e+37,1.5956593741067407e+38,5.866530563754626e+36,1
C1,80.0,1.3493965088380626e+38,0.9804426932059906,O_I_7774,5.902678036780633e+37,2.6093427511501727e+37,1.071169763884382e+38,1.7292469838663444e+36,1
C10,0.1,5.183548731599453e+42,0.9440741765878427,C_III_1909,5.1179947607453644e+42,5.168376989321586e+42,5.287265466380763e+39,9.884476811486597e+39,1
C10,0.2,5.147453967442004e+42,0.9480189683900957,C_III_1909,5.0936798860752603e+42,5.132532367185316e+42,5.213970029478959e+39,9.707630227209174e+39,1
C10,0.3,5.107030956205234e+42,0.9521076166485392,C_III_1909,5.0624449944549916e+42,5.0923596977933773e+42,5.1402053311998205e+39,9.53105308065674e+39,1
C10,0.4,5.062078238185763e+42,0.955769297953514,C_III_1909,5.024557320242821e+42,5.0476573089943906e+42,5.0660228575625394e+39,9.354906333809934e+39,1
C10,0.5,5.018666170022893e+42,0.9591958325249735,C_III_1909,4.986480082194887e+42,5.004491048909039e+42,4.992942042049754e+39,9.182179071804498e+39,1
C10,0.6,5.10602386030814e+42,0.9625586723792419,C_III_1909,5.075848577912977e+42,5.0919985398467526e+42,4.952602245380957e+39,9.072718216006456e+39,1
C10,0.7,5.176283212082128e+42,0.9654922616963557,C_III_1909,5.147857449577037e+42,5.1624093968941e+42,4.9120529490265015e+39,8.961762239001944e+39,1
C10,0.8,5.5461256216184354e+42,0.9627701246427595,C_III_1909,5.517501006627926e+42,5.531058873156043e+42,5.317565818826708e+39,9.749182643565706e+39,1
C10,0.9,5.60265725325453e+42,0.9655129567323641,C_III_1909,5.575424339054147e+42,5.58775169063965e+42,5.2739763418651574e+39,9.631586273014859e+39,1
C10,1.0,5.644230700713175e+42,0.9679354056255342,C_III_1909,5.618218743075053e+42,5.629487137069569e+42,5.230430879625877e+39,9.513132763981451e+39,1
C10,2.0,4.956977816920568e+42,0.9791617455939563,C_III_1909,4.9372864991360006e+42,4.943812894772809e+42,4.842807623595895e+39,8.32211452416273e+39,1
C10,3.0,4.314612955048296e+42,0.9856271574187266,C_III_1909,4.2994064216860004e+42,4.3034607479625554e+42,4.4680802644350234e+39,6.68412682130619e+39,1
C10,4.0,3.985988564508499e+42,0.9897905131261033,C_III_1909,3.974161095363267e+42,3.977216135053907e+42,4.121526774687465e+39,4.650902679904756e+39,1
C10,5.0,4.2026603609137565e+42,0.9885512422573073,C_III_1909,4.185733839921846e+42,4.1924281457790545e+42,4.362741225853822e+39,5.869473908848808e+39,1
C10,6.0,4.518804211415571e+42,0.9773731646181354,C_III_1909,4.477515164775003e+42,4.506016431995823e+42,4.729111397442316e+39,8.058668022306859e+39,1
C10,7.0,3.659530469028691e+42,0.9385352520371072,C_III_1909,3.5263293913523214e+42,3.6457990345133397e+42,4.916965188564081e+39,8.81446932678722e+39,1
C10,8.0,2.610451093565931e+42,0.9659556994759202,C_III_1909,2.2371385059687262e+42,2.5950956177684222e+42,5.386830496602103e+39,9.968645300907068e+39,1
C10,9.0,2.0514727304846215e+42,0.9327511682059687,C_III_1909,1.4657176810540294e+42,2.0353075398900822e+42,5.623899345780046e+39,1.0541291248759692e+40,1
C10,10.0,1.4867041560695514e+42,0.8978178041951071,C_IV_1549,8.013699999999999e+41,1.4703923106457518e+42,5.670877044949626e+39,1.0640968378850061e+40,1
C10,20.0,1.2033549093994225e+40,0.7173920059428887,Ne_III_3869,5.535138808723371e+39,2.899554332836474e+39,3.598855952434381e+39,5.535138808723371e+39,1
C10,30.0,1.6760834845450707e+41,0.895661107386346,C_III_1909,7.414762082794145e+40,1.4078097053929041e+41,1.3897407062836854e+40,1.2929970852379797e+40,1
C10,40.0,6.863326522939659e+39,0.7404409636757494,O_III_5007,1.8912774632908707e+39,4.151699632444129e+39,2.0065459042859857e+39,7.050809862095442e+38,2
C10,50.0,1.0735375610911821e+39,0.7628468416987153,O_III_5007,2.129915203098e+38,5.4896181517299225e+38,3.6884701430608545e+38,1.557287316121043e+38,2
C10,60.0,6.86452267616444e+38,0.9212704581625876,C_II_4267,1.9298940038725e+38,3.665487906506985e+38,2.563462096917931e+38,6.355726727395233e+37,1
C10,70.0,4.778776245712908e+38,0.9599021590418956,O_III_5007,1.7298940038725002e+38,2.4636813807013982e+38,2.014255831076104e+38,3.0083903393540607e+37,1
C10,80.0,3.0124652059354314e+38,0.9615601197107078,O_III_5007,1.0415333682322382e+38,1.655384051170267e+38,1.2231211942557154e+38,1.339599605094491e+37,1
C10,90.0,1.9281755425955627e+38,0.9864891963088028,O_III_5007,5.942012591156422e+37,1.150505693254786e+38,7.16298343425198e+37,6.137150591557871e+36,1
C10,100.0,1.2405290691138338e+38,0.9899694210248116,C_II_4267,3.6760276264314216e+37,7.762351316883363e+37,4.346643666246653e+37,2.962957080083245e+36,1
C10,110.0,7.748308965835158e+37,0.9937669995711927,C_II_4267,2.272064583165677e+37,5.102560260696388e+37,2.5087863875915037e+37,1.3696231754726533e+36,1
C11,0.1,4.585398907798041e+42,0.9425480338512161,C_IV_1549,4.1963e+42,4.5653443218119445e+42,6.688783385612271e+39,1.3365802600484238e+40,1
C11,0.2,4.548461690864082e+42,0.9462146856471523,C_IV_1549,4.1340999999999996e+42,4.52860045984436e+42,6.635780488953128e+39,1.3225450530768494e+40,1
C11,0.3,4.688666019021423e+42,0.9509501755320643,C_IV_1549,4.2472000000000004e+42,4.668999195993339e+42,6.582355525909661e+39,1.3084467502172826e+40,1
C11,0.4,4.6633438218659026e+42,0.9533486384819,C_IV_1549,4.1928e+42,4.643872449008513e+42,6.528509354347417e+39,1.294286350304213e+40,1
C11,0.5,4.8538150048576374e+42,0.9370873521942058,C_IV_1549,4.4546999999999997e+42,4.8298094268096165e+42,7.990555991054115e+39,1.6015022056966289e+40,1
C11,0.6,4.9330515644480764e+42,0.9396291035348013,C_IV_1549,4.5045e+42,4.909183646313867e+42,7.953995927810276e+39,1.591392220639927e+40,1
C11,0.7,4.755920297871207e+42,0.9389899138372946,C_IV_1549,4.2954e+42,4.732190868082112e+42,7.917146948261696e+39,1.5812282840834125e+40,1
C11,0.8,4.581048029215621e+42,0.9381725596999677,C_IV_1549,4.0857999999999997e+42,4.5574579155720655e+42,7.880008828468609e+39,1.5710104815086934e+40,1
C11,0.9,4.469681272301296e+42,0.9379929783490101,C_IV_1549,3.9367e+42,4.446231302057207e+42,7.84258136214518e+39,1.5607388881944274e+40,1
C11,1.0,4.3806051148671026e+42,0.9379809879534929,C_IV_1549,3.8067e+42,4.35729530265895e+42,7.805091474536424e+39,1.550472073361654e+40,1
C11,2.0,3.3744312660149665e+42,0.9306523712629617,C_IV_1549,2.18447e+42,3.352372196267074e+42,7.469202208238628e+39,1.4589867539653088e+40,1
C11,3.0,3.182317178592274e+42,0.9080309534317416,C_III_1909,1.9923876113095305e+42,3.157343621234556e+42,8.492716078101681e+39,1.6480841279615725e+40,1
C11,4.0,3.9569783501522804e+42,0.9393531778164593,C_III_1909,3.477381157563506e+42,3.93349174636565e+42,8.087143892952353e+39,1.5399459893678834e+40,1
C11,5.0,5.789833354880037e+42,0.9551938650701761,C_III_1909,5.5439794965025644e+42,5.764026242375414e+42,8.940785199661174e+39,1.6866327304961403e+40,1
C11,6.0,8.289726767941491e+42,0.9763407602748532,C_III_1909,8.18582283485633e+42,8.265532313787608e+42,8.505773978158957e+39,1.5688680175721538e+40,1
C11,7.0,8.927021431325175e+42,0.9819801771815938,C_III_1909,8.858859197337961e+42,8.904339709519876e+42,8.102787198236281e+39,1.4578934607063026e+40,1
C11,8.0,9.934894207991962e+42,0.9848736130533542,C_III_1909,9.865226671263565e+42,9.910004374217941e+42,8.921366262179255e+39,1.5968467511842218e+40,1
C11,9.0,9.64072989298924e+42,0.9852639914109297,C_III_1909,9.56772107533135e+42,9.616386791186542e+42,8.777525369210059e+39,1.5565576433485665e+40,1
C11,10.0,9.271663527744059e+42,0.9837023841441156,C_III_1909,9.181643690835547e+42,9.247176351687342e+42,8.817542178353975e+39,1.5669633878363915e+40,1
C11,20.0,1.0171503725729178e+42,0.8460006472650059,C_IV_1549,8.0912e+41,9.929581545897239e+41,8.867830678047948e+39,1.5324387305146102e+40,1
C11,30.0,1.4325544914248291e+40,0.7169874906141083,Ne_III_3869,6.468762139750337e+39,3.0879225535169505e+39,4.7688602209810036e+39,6.468762139750337e+39,1
C11,40.0,2.031883395161597e+41,0.8135024521869193,C_III_1909,1.3422716265249984e+41,1.641272891282008e+41,1.946945594877418e+40,1.959159443918475e+40,1
C11,50.0,5.774586139335843e+39,0.36924444071479784,C_III_1909,7.317566424335999e+38,3.3191273167491107e+39,1.7237021801531326e+39,7.317566424335999e+38,2
C11,60.0,1.478220344371843e+39,0.2589969401356578,Ne_III_3869,1.96990107416e+38,6.902599147078427e+38,5.9097032224799994e+38,1.96990107416e+38,2
C11,70.0,9.504928825203624e+38,0.43140460254061475,C_II_4267,1.729920859328e+38,4.601722871036024e+38,3.919661655685841e+38,9.835442984817572e+37,2
C11,80.0,6.976662147987157e+38,0.7909467225986285,C_II_4267,1.4899010741600001e+38,3.3654681388739155e+38,3.207410630005838e+38,4.037833791074042e+37,2
C11,90.0,5.200805411747826e+38,0.8660142351602471,C_II_4267,1.2800197851680001e+38,2.5232165436472342e+38,2.4673700266281955e+38,2.1021884147239656e+37,1
C11,100.0,3.6975897300404244e+38,0.9260697427766031,C_II_4267,1.0599340494400002e+38,1.9105121990817626e+38,1.6770448458042823e+38,1.1003268515437883e+37,1
C11,110.0,2.6690629579523203e+38,0.910091349569284,C_II_4267,8.819380064735999e+37,1.4797429111032071e+38,1.1303035675817159e+38,5.901647926739694e+36,1
C12,0.1,1.1681502484565615e+40,0.02292277379300821,Ne_III_3869,6.60080114364697e+39,1.4739775469609397e+39,3.606723793957704e+39,6.60080114364697e+39,6
C12,0.2,1.2051710936795398e+40,0.0171216829841881,Ne_III_3869,6.696070118733774e+39,1.6987363292598183e+39,3.656904488801806e+39,6.696070118733774e+39,6
C12,0.3,1.1818493351967935e+40,0.01574487924743986,Ne_III_3869,6.65304717329839e+39,1.5252785530219303e+39,3.640167625647619e+39,6.65304717329839e+39,6
C12,0.4,1.175100946655029e+40,0.014734046629465689,Ne_III_3869,6.609783145255612e+39,1.5179098330855225e+39,3.6233164882091527e+39,6.609783145255612e+39,6
C12,0.5,1.1704715381430275e+40,0.013863378134106864,Ne_III_3869,6.566316530512589e+39,1.5320465912218148e+39,3.6063522596958727e+39,6.566316530512589e+39,6
C12,0.6,1.280169781618824e+40,0.008916792084038325,Ne_III_3869,6.678788312926983e+39,2.4587163266419324e+39,3.664193176619326e+39,6.678788312926983e+39,6
C12,0.7,1.3088368716769948e+40,0.008975001635374662,Ne_III_3869,6.676622834448563e+39,2.7445545671967465e+39,3.6671913151246384e+39,6.676622834448563e+39,6
C12,0.8,1.2215844064696978e+40,0.016229469155748112,Ne_III_3869,6.57842489273503e+39,2.0125933631606294e+39,3.624825808801322e+39,6.57842489273503e+39,6
C12,0.9,1.2907800690342937e+40,0.015171089305304905,Ne_III_3869,6.628615840744814e+39,2.625486539462865e+39,3.6536983101352576e+39,6.628615840744814e+39,6
C12,1.0,1.3687294407867924e+40,0.01374559633360669,Ne_III_3869,6.651796680765834e+39,3.3659580185562776e+39,3.6695397085458115e+39,6.651796680765834e+39,6
C12,2.0,3.871568498960591e+41,0.23142677794243605,C_IV_1549,1.91152e+41,3.76215077626538e+41,3.9166047835920327e+39,7.02516748592903e+39,4
C12,3.0,5.317760863720829e+41,0.2881712365062861,C_III_1909,4.013928050987999e+41,5.212477902869677e+41,3.849951488762853e+39,6.678344596352255e+39,2
C12,4.0,5.646962925635298e+41,0.48323523586252387,C_III_1909,4.307470021245e+41,5.544664060330709e+41,3.8033775229553446e+39,6.426509007503421e+39,1
C12,5.0,5.864977666731349e+41,0.553030146612703,C_III_1909,4.4908876872035005e+41,5.7690198111316474e+41,3.637894514120598e+39,5.95789104584949e+39,1
C12,6.0,5.687337939628165e+41,0.5938722626786381,C_III_1909,4.395565953261e+41,5.598274527105532e+41,3.488678468598071e+39,5.4176627836651224e+39,1
C12,7.0,5.2217764424564485e+41,0.7819526366836813,C_III_1909,4.0689836192195e+41,5.136369396733263e+41,3.4103036759144473e+39,5.130400896404091e+39,1
C12,8.0,4.84155658033996e+41,0.853446813722836,C_III_1909,3.7399356532115e+41,4.7612894653414206e+41,3.312641664759503e+39,4.714069835094478e+39,1
C12,9.0,4.673174242759812e+41,0.9332941103347338,C_III_1909,3.6149356532115e+41,4.5910488679309905e+41,3.4603805143464204e+39,4.7521569685357195e+39,1
C12,10.0,3.836882881100848e+41,0.9489345330769193,C_III_1909,2.6604416489625e+41,3.74421462619225e+41,4.069968700404903e+39,5.196856790455028e+39,1
C12,20.0,1.3336017653219615e+40,0.9503539026593193,C_IV_1549,4.2625e+39,7.806457264016554e+39,3.7265197392936664e+39,1.803040649909392e+39,1
C12,30.0,1.3880140862561344e+39,0.9613663120714101,O_III_5007,4.1462649893775e+38,6.784616422036856e+38,5.3702031396971745e+38,1.7253213008273128e+38,1
C12,40.0,5.651575079825502e+38,0.9886253360010168,O_III_5007,2.633719351071618e+38,2.300789308162182e+38,2.8509503983393645e+38,4.998353733239556e+37,1
C12,50.0,2.7181856791836926e+38,0.9949820887342131,O_III_5007,1.261484461679761e+38,1.1869819856085697e+38,1.3459127451416226e+38,1.8529094843349987e+37,1
C12,60.0,1.4539270686689058e+38,0.9974235060124006,O_III_5007,6.0041427893718855e+37,7.378969132316508e+37,6.475063113294336e+37,6.852384410782141e+36,1
C12,70.0,7.977887617916852e+37,0.9982919826422478,O_III_5007,3.0003765563070335e+37,4.370970233739895e+37,3.3381294280384106e+37,2.687879561385449e+36,1
C12,80.0,4.579571302561308e+37,0.999022538849479,O_III_5007,1.5699885505904067e+37,2.6884223367246177e+37,1.7790517912543255e+37,1.1209717458236539e+36,1
C12,90.0,2.546517893479309e+37,0.9992825353008852,O_III_5007,7.955957118601048e+36,1.590572995670202e+37,9.118960916183335e+36,4.404880619077358e+35,1
C12,100.0,1.398638247641424e+37,0.9995815857078929,O_III_5007,4.184800755065201e+36,9.007928806206651e+36,4.800211469648263e+36,1.7824220055932338e+35,1
C13,0.1,2.5647298333451914e+40,0.074434112281783,Ne_III_3869,1.1206783561980397e+40,8.31477117481229e+39,6.125743596659227e+39,1.1206783561980397e+40,6
C13,0.2,2.51994964795228e+40,0.07295322803550214,Ne_III_3869,1.1169789199950764e+40,7.918241505646709e+39,6.11146577392533e+39,1.1169789199950764e+40,6
C13,0.3,2.437396324671896e+40,0.07047478377615006,Ne_III_3869,1.113284876371219e+40,7.143966713976758e+39,6.097147769030015e+39,1.113284876371219e+40,6
C13,0.4,2.4434782747462046e+40,0.06897976910157627,Ne_III_3869,1.1452424199300668e+40,6.723171974246307e+39,6.259186573915072e+39,1.1452424199300668e+40,6
C13,0.5,2.280762226292736e+40,0.06447611460273564,Ne_III_3869,1.1413676376589974e+40,5.1498565809503013e+39,6.244089305387089e+39,1.1413676376589974e+40,6
C13,0.6,2.1562581856675497e+40,0.06098346665042298,Ne_III_3869,1.137476598532229e+40,3.958866795813375e+39,6.22894907553983e+39,1.137476598532229e+40,6
C13,0.7,2.02235273415489e+40,0.05724347028326826,Ne_III_3869,1.1335872267094066e+40,2.673868734351881e+39,6.213786340102952e+39,1.1335872267094066e+40,6
C13,0.8,2.0652601034090403e+40,0.05866950937150329,Ne_III_3869,1.1275916281168916e+40,3.1870406204234346e+39,6.189644132498054e+39,1.1275916281168916e+40,5
C13,0.9,2.0886373260984985e+40,0.05962712246424632,Ne_III_3869,1.1214703189673076e+40,3.506772836791449e+39,6.16489723452046e+39,1.1214703189673076e+40,5
C13,1.0,2.068439988517698e+40,0.05943426964544757,Ne_III_3869,1.1153569052030102e+40,3.3907358859819235e+39,6.140094947164956e+39,1.1153569052030102e+40,5
C13,2.0,1.9758764978102749e+40,0.060199691918769116,Ne_III_3869,1.1122422845852623e+40,2.44895812040425e+39,6.187384011845874e+39,1.1122422845852623e+40,5
C13,3.0,1.9654800953368389e+40,0.07462277061918837,Ne_III_3869,1.0884638157744622e+40,2.6267536238063354e+39,6.143409171817433e+39,1.0884638157744622e+40,5
C13,4.0,1.8291690346361874e+40,0.08852117951207293,Ne_III_3869,1.0041197168064535e+40,2.46277682232389e+39,5.787716355973449e+39,1.0041197168064535e+40,4
C13,5.0,2.2816217488983134e+40,0.05258348696061147,Ne_III_3869,9.512030005883415e+39,7.714451735028944e+39,5.58973574807077e+39,9.512030005883415e+39,5
C13,6.0,3.078317929469673e+40,0.06463299960452815,C_III_1909,1.5661238621353857e+40,1.703582966339613e+40,5.166568968402014e+39,8.580780662898592e+39,5
C13,7.0,5.135528677735888e+41,0.5274134291167404,C_IV_1549,4.6542e+41,5.009393702359561e+41,4.8212326297618644e+39,7.792264907870816e+39,1
C13,8.0,3.8721006338484195e+41,0.4664810427333185,C_IV_1549,2.09331e+41,3.750370584789e+41,4.728819269093671e+39,7.444185636848301e+39,2
C13,9.0,4.224236840449487e+41,0.6488798269332614,C_III_1909,2.1229511231635115e+41,4.111117218438006e+41,4.467953806777686e+39,6.844008394370387e+39,1
C13,10.0,6.034868145113892e+41,0.820400868834573,C_III_1909,4.620360166048475e+41,5.927111496061731e+41,4.392006807891422e+39,6.383658097324661e+39,1
C13,20.0,4.36308808084859e+40,0.92928866354149,C_III_1909,2.066459579464e+40,2.98610124760372e+40,8.101229159032079e+39,5.668639173416627e+39,1
C13,30.0,1.3361439914494205e+39,0.9376534881707324,O_III_5007,4.066459579464001e+38,6.688912509528418e+38,4.930953783558787e+38,1.741573621406999e+38,1
C13,40.0,5.850047989508124e+38,0.9807382219424887,O_III_5007,2.6445077498230107e+38,2.462476650250968e+38,2.8990450768578183e+38,4.885262623993376e+37,1
C13,50.0,2.9165128439042183e+38,0.9914169987698735,O_III_5007,1.2695435777203226e+38,1.3735245531749063e+38,1.3657517882934532e+38,1.7723650243585915e+37,1
C13,60.0,1.6112319298003138e+38,0.9950717409988064,O_III_5007,6.401902277308767e+37,8.416138056840541e+37,6.996298695416994e+37,6.998825457456044e+36,1
C13,70.0,9.066608069968603e+37,0.9821994003729831,O_III_5007,3.205686691420357e+37,5.254505947953647e+37,3.539241220392248e+37,2.7286090162270616e+36,1
C13,80.0,5.049708694664365e+37,0.9983150885173717,O_III_5007,1.6190184745609418e+37,3.131425177766773e+37,1.8107937083390488e+37,1.074898085585419e+36,1
C13,90.0,2.8544641488157466e+37,0.9988688044133706,O_III_5007,8.689284735640262e+36,1.836702862791527e+37,9.71300514278506e+36,4.6460771745713434e+35,1
C13,100.0,1.5565948239130372e+37,0.9994778443259703,O_III_5007,4.401000100120694e+36,1.0526079772102486e+37,4.862775528188652e+36,1.7709293883923183e+35,1
C14,0.1,3.171890244088139e+42,0.9066545190082256,C_IV_1549,2.6727999999999998e+42,3.1568169121960255e+42,5.106366966027749e+39,9.966964926086155e+39,1
C14,0.2,3.338027893788096e+42,0.9039017430792765,C_IV_1549,2.8951999999999996e+42,3.321306796897296e+42,5.642246570959308e+39,1.10788503198411e+40,1
C14,0.3,3.0415435627360876e+42,0.8938355919702333,C_IV_1549,2.7361e+42,3.0248488316098093e+42,5.635335229659646e+39,1.105939589661859e+40,1
C14,0.4,2.7487810156012487e+42,0.882100612574149,C_IV_1549,2.5513e+42,2.7321253075578917e+42,5.624938294114701e+39,1.103076974924247e+40,1
C14,0.5,2.6781399708015588e+42,0.8777632439795197,C_IV_1549,2.4453e+42,2.661553973661376e+42,5.606328670389858e+39,1.0979668469793506e+40,1
C14,0.6,3.098145157474434e+42,0.8910993703378239,C_IV_1549,2.7034e+42,3.0816295960035925e+42,5.587559592836772e+39,1.0928001878004634e+40,1
C14,0.7,3.071300148889092e+42,0.8887624477052912,C_IV_1549,2.4334999999999997e+42,3.0548553672515865e+42,5.568632722890552e+39,1.0876148914616024e+40,1
C14,0.8,3.01099118883022e+42,0.8852465848338289,C_IV_1549,2.2688e+42,2.994617467443252e+42,5.549548646546355e+39,1.0824172740421393e+40,1
C14,0.9,2.9388147419081187e+42,0.8811599853957847,C_IV_1549,2.12102e+42,2.922512514951179e+42,5.53030748875285e+39,1.0771919468186057e+40,1
C14,1.0,2.883597892248325e+42,0.8775057709924902,C_IV_1549,1.98205e+42,2.8673676179503996e+42,5.510909737977841e+39,1.0719364559948181e+40,1
C14,2.0,2.2608764794734537e+42,0.8209660014520945,C_IV_1549,1.48943e+42,2.243841572993532e+42,5.815155396765683e+39,1.1219751083155744e+40,1
C14,3.0,1.734351192194553e+42,0.7551817481204245,C_IV_1549,1.6545e+42,1.7183966034476838e+42,5.513265720182163e+39,1.0441323026686994e+40,1
C14,4.0,4.494595198563524e+40,0.07907076927060834,C_III_1909,2.6469020214012003e+40,2.7559406653987433e+40,6.053857624790814e+39,1.1332687706856995e+40,4
C14,5.0,2.3609783260615708e+40,0.057509239041663905,Ne_III_3869,1.0226301675107293e+40,7.778576742346736e+39,5.604904843161673e+39,1.0226301675107293e+40,5
C14,6.0,2.011220629709526e+40,0.07513788977760723,Ne_III_3869,9.819204690060267e+39,4.780702707425978e+39,5.512298899609011e+39,9.819204690060267e+39,5
C14,7.0,1.7491030421500498e+40,0.17369245989015733,Ne_III_3869,8.666859789848025e+39,3.8069545164526817e+39,5.0172161151997886e+39,8.666859789848025e+39,4
C14,8.0,1.8015203442179713e+40,0.27353679669837433,Ne_III_3869,8.20610681229046e+39,4.9298626701363765e+39,4.879233959752877e+39,8.20610681229046e+39,4
C14,9.0,1.6419040149141458e+40,0.236310337574834,Ne_III_3869,6.927035694546358e+39,5.230221259964154e+39,4.261783194630944e+39,6.927035694546358e+39,4
C14,10.0,1.90778072453981e+40,0.10642307237302698,C_III_1909,6.776346067708196e+39,8.941620138652063e+39,3.92835676908259e+39,6.207830337663447e+39,5
C14,20.0,4.948846363282734e+40,0.8242735717518712,C_IV_1549,1.65353e+40,3.225408805256325e+40,1.0315657308038275e+40,6.918718272225805e+39,1
C14,30.0,1.5533301357213676e+39,0.8474403294009006,O_III_5007,4.0155548763275e+38,7.891103070236876e+38,5.6439628641247024e+38,1.9982354228520975e+38,1
C14,40.0,7.950939821290264e+38,0.9490866340314056,O_III_5007,3.286115371687287e+38,3.513024722801788e+38,3.7883721762774325e+38,6.4954292221104525e+37,1
C14,50.0,4.1921406994169395e+38,0.9740556765571318,O_III_5007,1.6580745895322388e+38,2.08093617279351e+38,1.862198624811867e+38,2.4900590181156176e+37,1
C14,60.0,2.373470174597931e+38,0.9854275346900929,O_III_5007,8.281324317311688e+37,1.3236477211832036e+38,9.549624970127892e+37,9.485995640193818e+36,1
C14,70.0,1.407057359968064e+38,0.9897638210294518,O_III_5007,4.307831041085971e+37,8.569348175328502e+37,5.1244901646469e+37,3.7673525970523965e+36,1
C14,80.0,8.254348349035945e+37,0.9939145954735428,C_II_4267,2.326483358269341e+37,5.326017906595265e+37,2.7736327186866707e+37,1.546977237540098e+36,1
C14,90.0,4.7090912432421145e+37,0.9962507865804398,C_II_4267,1.2643161289029816e+37,3.2060812415679515e+37,1.441238955351933e+37,6.177104632223056e+35,1
C14,100.0,2.544201901488194e+37,0.9977720283161696,C_II_4267,6.403339211154483e+36,1.7964750100002748e+37,7.242567227963862e+36,2.3470168691532952e+35,1
C15,0.1,4.6464759932386494e+42,0.9521222606730005,C_IV_1549,4.1707e+42,4.627035113479079e+42,6.517870996227397e+39,1.2923008763343155e+40,1
C15,0.2,4.8582782682102597e+42,0.9358817603827181,C_IV_1549,4.4554000000000004e+42,4.8343115262936245e+42,7.977364853813068e+39,1.5989377062822084e+40,1
C15,0.3,4.916982563970636e+42,0.9385558888583411,C_IV_1549,4.4850000000000004e+42,4.8931813240785695e+42,7.932690885184849e+39,1.5868549006881829e+40,1
C15,0.4,4.725795965147161e+42,0.9378147636527944,C_IV_1549,4.2616999999999997e+42,4.7021283788938767e+42,7.897080415672585e+39,1.5770505837611776e+40,1
C15,0.5,4.5603675812542765e+42,0.9371701513339287,C_IV_1549,4.0614e+42,4.5368344254786e+42,7.861198774317768e+39,1.567195700135934e+40,1
C15,0.6,4.4371425752929203e+42,0.9368941673043126,C_IV_1549,3.9003000000000004e+42,4.4137446262522663e+42,7.825045901937924e+39,1.5572903138715934e+40,1
C15,0.7,4.339186858976107e+42,0.9368213235733153,C_IV_1549,3.7612e+42,4.3159248924722753e+42,7.788621754228098e+39,1.5473344749603116e+40,1
C15,0.8,4.242012068112143e+42,0.9365491912913365,C_IV_1549,3.6207000000000004e+42,4.2188795867177845e+42,7.754034548235343e+39,1.5378446846123087e+40,1
C15,0.9,4.131741822283065e+42,0.9359403503292859,C_IV_1549,3.4645e+42,4.1087347749234656e+42,7.720570503637823e+39,1.5286476855961398e+40,1
C15,1.0,4.032407074076085e+42,0.9354101863807437,C_IV_1549,3.3155e+42,4.009526342206809e+42,7.686798613217219e+39,1.5193933256058425e+40,1
C15,2.0,3.089672141383047e+42,0.9269172074744204,C_IV_1549,1.64989e+42,3.068066822972155e+42,7.343101172086517e+39,1.4262217238805197e+40,1
C15,3.0,3.2532254801136753e+42,0.9127514066120295,C_III_1909,2.3156069177789675e+42,3.228771251667119e+42,8.346870934258769e+39,1.6107357512298182e+40,1
C15,4.0,4.424252572985721e+42,0.947598888841136,C_III_1909,4.0567441754323006e+42,4.401272397505069e+42,7.944791692390584e+39,1.5035383788260899e+40,1
C15,5.0,6.62680019937574e+42,0.9622052465062588,C_III_1909,6.430405257464034e+42,6.601500632971735e+42,8.799137490216987e+39,1.6500428913790351e+40,1
C15,6.0,7.860194698644174e+42,0.975634977577558,C_III_1909,7.741690068656682e+42,7.836284336183133e+42,8.420870055461336e+39,1.5489492405579085e+40,1
C15,7.0,7.98046135035914e+42,0.977611482956869,C_III_1909,7.858474011966148e+42,7.957299351111077e+42,8.218308527335386e+39,1.4943690720725855e+40,1
C15,8.0,7.138469459483327e+42,0.9722058900669589,C_III_1909,6.918891465736386e+42,7.114984741964546e+42,8.309774844914161e+39,1.5174942673866167e+40,1
C15,9.0,5.676281038142736e+42,0.9498043618026158,C_III_1909,5.1477924530622867e+42,5.651552728131897e+42,8.667617334137117e+39,1.6060692676700682e+40,1
C15,10.0,4.7609358940126174e+42,0.9190369083619315,C_III_1909,3.69925367155529e+42,4.734771745844582e+42,9.087970587062815e+39,1.7076177580972642e+40,1
C15,20.0,5.444117830094612e+40,0.10212793427015414,C_III_1909,2.544627953730647e+40,2.7539782758480463e+40,9.689575152265804e+39,1.7211820390199845e+40,5
C15,30.0,1.5912046986381808e+40,0.6972421744648085,Ne_III_3869,6.877467411810897e+39,3.9602670271941175e+39,5.0743125473767925e+39,6.877467411810897e+39,1
C15,40.0,1.0253695426529308e+41,0.7832548504188955,C_III_1909,4.660932796608001e+40,6.6357342029238e+40,2.0104527227622581e+40,1.6075085008432481e+40,1
C15,50.0,2.2309980914318402e+39,0.44660755658240286,O_III_5007,3.733644265536e+38,9.537497098138643e+38,9.439393856388394e+38,3.3330899597913618e+38,2
C15,60.0,1.1436335396664092e+39,0.7748067540552934,C_II_4267,2.9379268755040002e+38,5.529199342558521e+38,5.155597514275483e+38,7.5153853983008665e+37,2
C15,70.0,7.366670550608493e+38,0.8971109822179674,C_II_4267,2.306104742736e+38,3.7564709261316146e+38,3.2587152355933365e+38,3.51484388883544e+37,1
C15,80.0,5.023609515150021e+38,0.9463384217587458,C_II_4267,1.949612647296e+38,2.907756985602536e+38,1.947938917332283e+38,1.679136122152012e+37,1
C15,90.0,3.2132172446891574e+38,0.9680569207282679,C_II_4267,1.2945849740856383e+38,1.9333448269991732e+38,1.2013860087075861e+38,7.848640898239743e+36,1
C15,100.0,2.0854814538873303e+38,0.9781551482355606,C_II_4267,8.659744951989257e+37,1.2956029055577388e+38,7.530738845474229e+37,3.680466378216861e+36,1
C4,0.1,9.701600948967861e+39,0.17882553470662668,Ne_III_3869,5.5567075851693e+39,9.34872623211517e+38,3.210020740587042e+39,5.5567075851693e+39,4
C4,0.2,9.932756368590215e+39,0.1768206008113577,Ne_III_3869,5.606430748916913e+39,1.0874296823449696e+39,3.2388959373283333e+39,5.606430748916913e+39,4
C4,0.3,9.838390769234385e+39,0.17564701906723762,Ne_III_3869,5.56137195034093e+39,1.0572725263953958e+39,3.2197462924980605e+39,5.56137195034093e+39,4
C4,0.4,9.79170773869563e+39,0.17527192498625535,Ne_III_3869,5.516196693041993e+39,1.0750064081709575e+39,3.200504637482682e+39,5.516196693041993e+39,4
C4,0.5,9.746195297078392e+39,0.17483273462894944,Ne_III_3869,5.470938438836485e+39,1.0940755158923212e+39,3.181181342349587e+39,5.470938438836485e+39,4
C4,0.6,9.702009024758786e+39,0.1742292167092805,Ne_III_3869,5.425599520637589e+39,1.1146327521544971e+39,3.1617767519667e+39,5.425599520637589e+39,4
C4,0.7,9.65932933187047e+39,0.17340476281846628,Ne_III_3869,5.380182308340127e+39,1.1368557987893932e+39,3.14229122474095e+39,5.380182308340127e+39,4
C4,0.8,9.618366825326278e+39,0.17232231601980563,Ne_III_3869,5.334689204948655e+39,1.160952488464047e+39,3.122725131913577e+39,5.334689204948655e+39,4
C4,0.9,1.0011241858838503e+40,0.13716810593549067,Ne_III_3869,5.3874688160672063e+39,1.4705977300322968e+39,3.153175312739e+39,5.3874688160672063e+39,4
C4,1.0,1.0051742338522478e+40,0.13188459951922576,Ne_III_3869,5.3423079761926835e+39,1.5756830971886052e+39,3.13375126514119e+39,5.3423079761926835e+39,4
C4,2.0,1.3426068531855276e+40,0.10453357653342879,C_III_1909,5.1955550405933557e+39,5.602448469219156e+39,2.933579051825043e+39,4.8900410108110754e+39,5
C4,3.0,1.547958036168765e+41,0.4457460913349892,C_IV_1549,1.0794800000000001e+41,1.4754661160874785e+41,2.7609179874593445e+39,4.488274020669299e+39,1
C4,4.0,2.3873520785784335e+41,0.6174384829044627,C_IV_1549,2.16e+41,2.3180136321883348e+41,2.6762406545036973e+39,4.257603984506175e+39,1
C4,5.0,2.7123189194441296e+41,0.6303968222850087,C_III_1909,2.0519246821474166e+41,2.6493946218479358e+41,2.4927794432218223e+39,3.7996503163975315e+39,1
C4,6.0,1.8468077836178768e+41,0.6955489843436066,C_IV_1549,1.01565e+41,1.7872654418897086e+41,2.374138651426014e+39,3.5800955213908194e+39,1
C4,7.0,3.1586315216848525e+41,0.8808363466471645,C_III_1909,2.4566817314385973e+41,3.103767010165618e+41,2.279259477251878e+39,3.2071916746715646e+39,1
C4,8.0,2.5594484409577545e+41,0.9109869759872438,C_III_1909,1.8490803116816798e+41,2.5040830361318873e+41,2.3212579046729587e+39,3.215282577913805e+39,1
C4,9.0,2.7078328699728463e+41,0.9450170280879959,C_III_1909,1.9520729440657616e+41,2.6518428771812665e+41,2.4255476988069596e+39,3.1734515803510575e+39,1
C4,10.0,2.4964178929799032e+41,0.9526238100652678,C_III_1909,1.552345829653265e+41,2.425905425691036e+41,3.1011713822748585e+39,3.950075346611846e+39,1
C4,20.0,3.988991545317782e+40,0.9171197489255841,C_IV_1549,2.1781e+40,2.7966667537335644e+40,7.000797894358301e+39,4.922450021483878e+39,1
C4,30.0,6.750286504597962e+39,0.9175183478657969,O_III_5007,1.9528793617539587e+39,4.0115110374986846e+39,1.9771326054010716e+39,7.616428616982048e+38,1
C4,40.0,1.3062423781496532e+39,0.9164046305858685,O_III_5007,2.6538368892670003e+38,7.142092048883162e+38,4.075516091350484e+38,1.844815641262888e+38,1
C4,50.0,7.173688140342293e+38,0.9633086594836953,O_III_5007,2.421278963089e+38,3.56862914381273e+38,2.873701559904825e+38,7.31357436624739e+37,1
C4,60.0,4.3278722093764716e+38,0.9859252023040954,O_III_5007,1.90819155127044e+38,1.952176934494014e+38,2.0480196020109433e+38,3.2767567287151427e+37,1
C4,70.0,2.531170792735192e+38,0.9919542259392111,O_III_5007,1.0555782361498202e+38,1.2455698781409523e+38,1.136646996621025e+38,1.4895391797321502e+37,1
C4,80.0,1.6056045220059406e+38,0.9949358389699684,O_III_5007,6.243378580530122e+37,8.516592740318484e+37,6.793320731300613e+37,7.461317484403079e+36,1
C4,90.0,1.014780880920523e+38,0.9965757198208296,O_III_5007,3.5572839884445646e+37,5.830313521121117e+37,3.965317964297189e+37,3.521773237869265e+36,1
C4,100.0,6.509812766365347e+37,0.9975543301408863,O_III_5007,2.0860112520632958e+37,3.967681169711778e+37,2.3694929509203976e+37,1.726386457331704e+36,1
C5,0.1,1.5375225838549853e+42,0.9512478038564292,C_III_1909,1.5328374186094867e+42,1.533245799415044e+42,3.8350483223531835e+39,4.41736117588415e+38,1
C5,0.2,1.5153889189021807e+42,0.9523207365395752,C_III_1909,1.5108170606404722e+42,1.5112142009260596e+42,3.765016772915567e+39,4.097012032057876e+38,1
C5,0.3,1.4934801451309492e+42,0.9533964177573199,C_III_1909,1.4890186799244684e+42,1.489406638909015e+42,3.693749774793e+39,3.797564471415413e+38,1
C5,0.4,1.4717954600757e+42,0.9545429808157231,C_III_1909,1.467441581933964e+42,1.467822408852393e+42,3.6212631263733624e+39,3.517880969335939e+38,1
C5,0.5,1.4503351272603025e+42,0.9556880128861359,C_III_1909,1.446086626623048e+42,1.446462016476231e+42,3.5474808846294954e+39,3.2562989944223836e+38,1
C5,0.6,1.4291818735818118e+42,0.9567182535535392,C_III_1909,1.4250479497784883e+42,1.4254189387312573e+42,3.465325698340286e+39,2.9760915221430413e+38,1
C5,0.7,1.4082223797074295e+42,0.957662641758424,C_III_1909,1.4042017321180487e+42,1.404569276874037e+42,3.3813167662166376e+39,2.71786067176161e+38,1
C5,0.8,1.3874564273481305e+42,0.9585315253597662,C_III_1909,1.3835477757676006e+42,1.3839128984294891e+42,3.2955168014333646e+39,2.4801211720801275e+38,1
C5,0.9,1.3668832697781281e+42,0.9593390070142903,C_III_1909,1.3630858545559521e+42,1.363449118023454e+42,3.2080057625970095e+39,2.261459920768812e+38,1
C5,1.0,1.2731512391932786e+42,0.9579439191329188,C_III_1909,1.26946051932e+42,1.2698262715197153e+42,3.118896633144103e+39,2.0607104041935162e+38,1
C5,2.0,8.939598246797514e+41,0.9569655405732236,C_III_1909,8.9075243358e+41,8.916201850218031e+41,2.1998960187317037e+39,1.3974363921663436e+38,1
C5,3.0,9.240561266207237e+41,0.9647746639425705,C_III_1909,9.158393022683978e+41,9.184582850192245e+41,2.7968077170479455e+39,2.8010338844513594e+39,1
C5,4.0,3.5015931514021714e+41,0.9814349104911521,C_III_1909,3.0793712754071555e+41,3.407005459898179e+41,3.7881985291539683e+39,5.670570621245332e+39,1
C5,5.0,2.672942314492677e+41,0.9746231089139991,C_IV_1549,1.79938e+41,2.5708505476797807e+41,3.9769403033557567e+39,6.232236377933813e+39,1
C5,6.0,4.524991605399603e+41,0.9811589141252136,C_IV_1549,4.1055e+41,4.415542674609065e+41,4.2037642109884915e+39,6.741128868065272e+39,1
C5,7.0,6.073551811419429e+41,0.9834839080463635,C_IV_1549,5.8353999999999995e+41,5.957617988755092e+41,4.418369645446159e+39,7.175012620987675e+39,1
C5,8.0,1.8427561130777957e+40,0.6067966772664466,Ne_III_3869,7.63971332512612e+39,6.119635434263364e+39,4.6682123713884736e+39,7.63971332512612e+39,1
C5,9.0,1.5277710259750055e+40,0.5650421975634995,Ne_III_3869,7.627668666876508e+39,2.974590742042512e+39,4.6754508508310326e+39,7.627668666876508e+39,1
C5,10.0,1.363521070644613e+40,0.557074995371112,Ne_III_3869,7.428021274532897e+39,1.6170612987561435e+39,4.590128133157092e+39,7.428021274532897e+39,1
C5,20.0,1.9963316975630444e+41,0.9743555064230854,C_IV_1549,1.9023900000000003e+41,1.941250161160046e+41,2.4181950167742157e+39,3.089958623525626e+39,1
C5,30.0,6.72072869054843e+40,0.9006496434685377,C_IV_1549,3.8029e+40,5.052048966355338e+40,9.091864780347748e+39,7.594932461583162e+39,1
C5,40.0,1.8539816973345567e+40,0.8575867202769197,C_IV_1549,8.4549e+39,1.276633389485958e+40,3.772348288629903e+39,2.0011347898560848e+39,1
C5,50.0,6.647497643189009e+39,0.848204428857226,O_III_5007,2.0560825195742302e+39,3.699438002735565e+39,2.1024471926621003e+39,8.456124477913442e+38,1
C5,60.0,1.2365400002072525e+39,0.772914756515002,Ne_III_3869,1.8499929015700004e+38,7.212568663650338e+38,3.3028384368521867e+38,1.8499929015700004e+38,2
C5,70.0,7.811223606894664e+38,0.9131011538158494,C_II_4267,1.72997870471e+38,4.858071532980576e+38,2.1425615018472654e+38,8.105905720668244e+37,1
C5,80.0,5.317536092986528e+38,0.9604560816902334,O_III_5007,1.59997160628e+38,3.1032235703252627e+38,1.8315190325004127e+38,3.827934901608528e+37,1
C5,90.0,3.836380842338976e+38,0.9786248315869658,O_III_5007,1.3714634599387451e+38,2.098867318537839e+38,1.522028862881711e+38,2.1548466091942544e+37,1
C5,100.0,2.5886308594922936e+38,0.9834531246551009,O_III_5007,8.639791974835029e+37,1.5053944102461708e+38,9.676237389954572e+37,1.1561271025066534e+37,1
C6,0.1,5.902688648074535e+42,0.9685241892218583,C_III_1909,5.872891228516293e+42,5.889355738236604e+42,4.7759817046626093e+39,8.556928133268478e+39,1
C6,0.2,6.264178467951149e+42,0.967318441910814,C_III_1909,6.235975619470969e+42,6.24981208901928e+42,5.122293668933915e+39,9.244085262936366e+39,1
C6,0.3,6.188413306232773e+42,0.9693425257654872,C_III_1909,6.16307387956845e+42,6.174323887664644e+42,5.0447683721567823e+39,9.044650195970784e+39,1
C6,0.4,5.795014104723187e+42,0.9700327796517575,C_III_1909,5.77190224697e+42,5.781203290170942e+42,4.96687256768505e+39,8.843941984560586e+39,1
C6,0.5,5.349324761975392e+42,0.9698963348076952,C_III_1909,5.3277875038800005e+42,5.335768829099982e+42,4.897058721390032e+39,8.658874154019772e+39,1
C6,0.6,5.208692078601657e+42,0.970965622666777,C_III_1909,5.187787503880001e+42,5.1953090173795275e+42,4.8550764581096527e+39,8.527984764019914e+39,1
C6,0.7,5.0681018809482646e+42,0.9721465080973742,C_III_1909,5.04778750388e+42,5.0548953661914407e+42,4.8128651632501535e+39,8.393649593573765e+39,1
C6,0.8,4.927515648290052e+42,0.9730696223077089,C_III_1909,4.90778750388e+42,4.914489695482505e+42,4.770420270520068e+39,8.255532537026591e+39,1
C6,0.9,4.786956632292309e+42,0.9739277053427067,C_III_1909,4.76778750388e+42,4.774115626362642e+42,4.727736563896387e+39,8.113269365770307e+39,1
C6,1.0,4.658753707606548e+42,0.9747521904800901,C_III_1909,4.6404424130700005e+42,4.646099104038161e+42,4.6861425448273067e+39,7.968461023559568e+39,1
C6,2.0,3.812414719721065e+42,0.9821185589119632,C_III_1909,3.7984955371000003e+42,3.801951511193347e+42,4.300082804186156e+39,6.16312572353218e+39,1
C6,3.0,3.31631862143881e+42,0.987534308608574,C_III_1909,3.306778750388e+42,3.308840473744006e+42,3.912713131159415e+39,3.565434563644664e+39,1
C6,4.0,3.1442233871567044e+42,0.9916539882063491,C_III_1909,3.13808161713625e+42,3.139305552947884e+42,3.4789686258250515e+39,1.4388655829946447e+39,1
C6,5.0,2.809226272627026e+42,0.9921230446806182,C_III_1909,2.803084240670198e+42,2.8045491086942156e+42,3.325107185802318e+39,1.3520567470089597e+39,1
C6,6.0,3.889992842674569e+42,0.984971183610344,C_III_1909,3.87111673624174e+42,3.880098433179642e+42,4.091867252814738e+39,5.802542242112549e+39,1
C6,7.0,4.258088886960725e+42,0.9710255325902949,C_III_1909,4.223885579510169e+42,4.246528836522731e+42,4.30537356552972e+39,7.254676872464508e+39,1
C6,8.0,3.9249717689846877e+42,0.9916567538110035,C_III_1909,3.8365263201330214e+42,3.911605343244924e+42,4.790078181917499e+39,8.576347557845844e+39,1
C6,9.0,2.6481522526350472e+42,0.9782697833745232,C_III_1909,2.457966089897455e+42,2.6338392132863303e+42,5.0632212556419335e+39,9.249818093074946e+39,1
C6,10.0,1.506454574681632e+42,0.9452955430992863,C_III_1909,1.1766720303091784e+42,1.491875054439239e+42,5.1423917010305944e+39,9.43712854136251e+39,1
C6,20.0,1.1322564287552277e+40,0.7780990840948971,Ne_III_3869,5.164937354867196e+39,2.7801966857199474e+39,3.377430246965134e+39,5.164937354867196e+39,1
C6,30.0,2.0821051272589253e+41,0.9052783810330981,C_III_1909,9.41643077294585e+40,1.8323862877577352e+41,1.2391156437920583e+40,1.2580727512198414e+40,1
C6,40.0,1.3603971531296165e+40,0.7559828006290509,O_III_5007,2.990805893518159e+39,9.145541107699873e+39,3.129759432706381e+39,1.3286709908899144e+39,2
C6,50.0,1.4514808207927357e+39,0.7610859579850442,O_III_5007,2.579424776855e+38,7.944545445775313e+38,4.404196212000517e+38,2.166066550151528e+38,2
C6,60.0,9.071937690027217e+38,0.8510612659883391,C_II_4267,2.3795398214840003e+38,5.069874757066904e+38,3.0720058130695927e+38,9.300571198907204e+37,1
C6,70.0,6.3288384531179446e+38,0.949142990601483,O_III_5007,2.327353973533e+38,3.236007288609833e+38,2.6691557362652097e+38,4.2367542824290186e+37,1
C6,80.0,4.051842015510852e+38,0.9721102164206478,O_III_5007,1.4021978041493914e+38,2.2622469811561032e+38,1.5852602236990092e+38,2.0433481065573985e+37,1
C6,90.0,2.64475653875815e+38,0.9817979353596317,O_III_5007,8.291801596661536e+37,1.5915503628721707e+38,9.542577699622281e+37,9.894840592375081e+36,1
C6,100.0,1.7430712027391844e+38,0.9793374822234585,O_III_5007,4.899974964871649e+37,1.1228267857263413e+38,5.726939660918036e+37,4.755045092103978e+36,1
C6,110.0,1.1419471824593268e+38,0.9903515048469306,C_II_4267,3.1016387739925557e+37,7.626980799685463e+37,3.5514944113678e+37,2.4099661354000112e+36,1
C7,0.1,4.5763165339584433e+42,0.9438161682878886,C_IV_1549,4.1608e+42,4.556328746983842e+42,6.654236900174013e+39,1.3333550074427888e+40,1
C7,0.2,4.6371280183740633e+42,0.9482372049197146,C_IV_1549,4.1997999999999996e+42,4.6173324677801364e+42,6.601717608863601e+39,1.3193832985063723e+40,1
C7,0.3,4.761169846383014e+42,0.9524757463037319,C_IV_1549,4.3008e+42,4.741567596330171e+42,6.548773411466198e+39,1.3053476641376672e+40,1
C7,0.4,4.7344488406496387e+42,0.9337964102362608,C_IV_1549,4.3525999999999995e+42,4.710297315424767e+42,8.011142972037672e+39,1.6140382252833856e+40,1
C7,0.5,4.898854425306262e+42,0.9380664713843864,C_IV_1549,4.49e+42,4.8748922652276015e+42,7.95985306180761e+39,1.6002307016853953e+40,1
C7,0.6,4.9144174528060245e+42,0.9398188620912684,C_IV_1549,4.4752999999999995e+42,4.890594435411308e+42,7.922893473555093e+39,1.5900123921161135e+40,1
C7,0.7,4.7173863509018644e+42,0.9389136106276152,C_IV_1549,4.2453999999999996e+42,4.693703300093114e+42,7.885645940307288e+39,1.579740486844406e+40,1
C7,0.8,4.560094341129173e+42,0.9382840320714299,C_IV_1549,4.0523999999999996e+42,4.53655207990723e+42,7.848110334208204e+39,1.5694150887734898e+40,1
C7,0.9,4.4563947631494195e+42,0.9381829108301939,C_IV_1549,3.9098999999999997e+42,4.432994113703151e+42,7.810286545869245e+39,1.5590362900399965e+40,1
C7,1.0,4.364629162440611e+42,0.938064524367553,C_IV_1549,3.7768e+42,4.341362721728931e+42,7.774492145410016e+39,1.5491948566270235e+40,1
C7,2.0,3.358187033995506e+42,0.9306032903909751,C_IV_1549,2.14308e+42,3.336172356893654e+42,7.439104951548723e+39,1.4575572150302963e+40,1
C7,3.0,3.1949451104361266e+42,0.9086457223446661,C_III_1909,2.0323214733245477e+42,3.170025872369158e+42,8.457255527853864e+39,1.6461982539114486e+40,1
C7,4.0,4.009916775636649e+42,0.9404005561926683,C_III_1909,3.537535870199903e+42,3.9864970090518265e+42,8.049086086366306e+39,1.5370680498455997e+40,1
C7,5.0,5.88006168195842e+42,0.9561551132494277,C_III_1909,5.645226939690046e+42,5.854308057369998e+42,8.905151791293123e+39,1.6848472797128463e+40,1
C7,6.0,8.316876631953418e+42,0.9766939171596191,C_III_1909,8.214903622175696e+42,8.292754974880522e+42,8.465973570525933e+39,1.5655683502370026e+40,1
C7,7.0,8.980730082041825e+42,0.9825376631304258,C_III_1909,8.917582618025597e+42,8.958209583822573e+42,8.041612606107007e+39,1.44788856131444e+40,1
C7,8.0,1.017318393661726e+43,0.9860985369382043,C_III_1909,1.0114419512064933e+43,1.014868281252334e+43,8.804974463638683e+39,1.569614963028069e+40,1
C7,9.0,9.82646793913851e+42,0.9872484379582528,C_III_1909,9.772309763080005e+42,9.802956744420767e+42,8.556638132012322e+39,1.4954556585730196e+40,1
C7,10.0,9.514662029721893e+42,0.9870208974615685,C_III_1909,9.458728966802721e+42,9.49155441676846e+42,8.460937949681282e+39,1.4646675003754497e+40,1
C7,20.0,8.07404234400509e+41,0.8746451082681044,C_IV_1549,5.7305e+41,7.846826866255466e+41,8.394123486466254e+39,1.4327424288496268e+40,1
C7,30.0,1.3908450787398136e+40,0.7375917873719953,Ne_III_3869,6.314400721531867e+39,2.930108012249931e+39,4.663942053616337e+39,6.314400721531867e+39,1
C7,40.0,3.7045961731714926e+41,0.8796453490124738,C_IV_1549,1.55403e+41,3.3338080452719356e+41,1.7934733163443217e+40,1.9144079626512458e+40,1
C7,50.0,1.8308171609963281e+40,0.6568658946885051,C_III_1909,2.8491348440245e+39,1.1748381604206913e+40,4.380028107705207e+39,2.1797618980511627e+39,2
C7,60.0,1.9562487849946902e+39,0.39142510822848525,Ne_III_3869,2.3994281496855004e+38,1.0027402673169052e+39,7.13565702709235e+38,2.3994281496855004e+38,2
C7,70.0,1.3566536351498798e+39,0.3853099264676787,C_II_4267,2.179237532914e+38,7.01136534774489e+38,4.8177573949313615e+38,1.7374136088225452e+38,2
C7,80.0,9.489047834524403e+38,0.6970387609493599,C_II_4267,1.9190469161425004e+38,5.048023628202919e+38,3.7351631846881066e+38,7.058610216333787e+37,2
C7,90.0,6.856406049065659e+38,0.8429732711994018,C_II_4267,1.6482844490565003e+38,3.610607746467334e+38,2.9262278753757654e+38,3.1957042722255824e+37,1
C7,100.0,5.056844047043428e+38,0.9029216009310369,C_II_4267,1.4091104550663331e+38,2.8315367413091885e+38,2.0487550821673187e+38,1.7655222356692053e+37,1
C7,110.0,3.719933161324197e+38,0.9380776202085195,C_II_4267,1.1991104550663331e+38,2.2152834079979724e+38,1.4049404863588923e+38,9.97092669673324e+36,1
C8,0.1,1.067720956438499e+40,0.09495982853325624,Ne_III_3869,5.971617813311968e+39,1.275505155405253e+39,3.430086595667769e+39,5.971617813311968e+39,4
C8,0.2,1.0710031914102848e+40,0.08637874479954348,Ne_III_3869,5.930900397391506e+39,1.365887020930946e+39,3.413244495780395e+39,5.930900397391506e+39,4
C8,0.3,1.0761859324129453e+40,0.07845519654845115,Ne_III_3869,5.889023788565129e+39,1.4770511408970244e+39,3.3957843946672994e+39,5.889023788565129e+39,4
C8,0.4,1.0841161391761022e+40,0.09377367996081677,Ne_III_3869,5.845972814107938e+39,1.6174896530851317e+39,3.3776989245679516e+39,5.845972814107938e+39,4
C8,0.5,1.0898023427273512e+40,0.08639736329465994,Ne_III_3869,5.801766019006483e+39,1.7372688023129044e+39,3.3589886059541255e+39,5.801766019006483e+39,4
C8,0.6,1.1082600661765933e+40,0.08039014092117643,Ne_III_3869,5.756306608743884e+39,1.9866668246859687e+39,3.3396272283360816e+39,5.756306608743884e+39,4
C8,0.7,1.3062370454842343e+40,0.07147967251933232,Ne_III_3869,5.848398500505367e+39,3.8245828344720383e+39,3.389389119864939e+39,5.848398500505367e+39,5
C8,0.8,1.4197835199079669e+40,0.07024116762149997,Ne_III_3869,5.79260126620135e+39,5.040339307649662e+39,3.364894625228655e+39,5.79260126620135e+39,5
C8,0.9,1.2230097019038952e+40,0.07472734453706172,Ne_III_3869,5.670375684414029e+39,3.252767973115011e+39,3.306953361509913e+39,5.670375684414029e+39,5
C8,1.0,1.4124266317680676e+40,0.08363220581868376,Ne_III_3869,5.780698957343065e+39,4.9765775899718856e+39,3.366989770365724e+39,5.780698957343065e+39,5
C8,2.0,1.782965519518618e+41,0.4274760297314613,C_IV_1549,1.30881e+41,1.6981758012527592e+41,3.1680068663603047e+39,5.310964960225572e+39,1
C8,3.0,1.9019369563771834e+41,0.5132377347213263,C_IV_1549,9.4709e+40,1.8210224099066914e+41,3.0679944396025474e+39,5.023460207446661e+39,1
C8,4.0,2.9426455486747058e+41,0.5703348022808108,C_IV_1549,2.5839e+41,2.8711008159789055e+41,2.763618753103874e+39,4.3908545164761005e+39,1
C8,5.0,3.593598657907947e+41,0.6121551578902734,C_III_1909,2.8577050256705003e+41,3.524215924629215e+41,2.7594691897604234e+39,4.178804138112803e+39,1
C8,6.0,2.8605601199006958e+41,0.7449076594175402,C_III_1909,2.0660017366135107e+41,2.7937856407286678e+41,2.6744168154244946e+39,4.0030311017783055e+39,1
C8,7.0,3.695544043904995e+41,0.8884886848971757,C_III_1909,2.8429472829757966e+41,3.634153424862021e+41,2.5495170030321166e+39,3.589544901265252e+39,1
C8,8.0,3.4039465049902788e+41,0.9243644899137711,C_III_1909,2.6367154911548628e+41,3.3418438309867954e+41,2.6032497031902718e+39,3.607017697157991e+39,1
C8,9.0,3.2982896644043164e+41,0.9557704181859863,C_III_1909,2.5167212915425e+41,3.233873735998874e+41,2.7887005051405586e+39,3.652892335403688e+39,1
C8,10.0,3.0756148646361552e+41,0.9618077039160958,C_III_1909,2.2009016752235002e+41,2.9976415799163453e+41,3.433380070943605e+39,4.3639484010373097e+39,1
C8,20.0,3.033827903274218e+40,0.9278468213822622,C_IV_1549,1.42456e+40,1.9898091187759588e+40,6.327315552208802e+39,4.1128722927737876e+39,1
C8,30.0,4.1354010029732954e+39,0.922723129634746,O_III_5007,1.385890339858122e+39,2.221901744702795e+39,1.4376902547239753e+39,4.75809003546524e+38,1
C8,40.0,8.729075192744681e+38,0.9467112282722817,O_III_5007,2.167377033234e+38,4.4543210630207396e+38,3.1876219949393145e+38,1.0871321347846285e+38,1
C8,50.0,5.158954855993561e+38,0.9807946267612166,O_III_5007,1.9573770332340004e+38,2.4523172673797555e+38,2.2371206128990818e+38,4.69516975714723e+37,1
C8,60.0,3.1401501397417274e+38,0.9910847030993376,O_III_5007,1.3929141846803835e+38,1.4044313963698867e+38,1.521525032472211e+38,2.1419371089963057e+37,1
C8,70.0,1.8260102553084756e+38,0.9948582580810914,O_III_5007,7.461768091720796e+37,9.063557244124833e+37,8.26415118372381e+37,9.323941252361198e+36,1
C8,80.0,1.1274573552220085e+38,0.9967229574899772,O_III_5007,4.236559003755647e+37,6.007921559846567e+37,4.826704385729309e+37,4.399476066442092e+36,1
C9,0.1,1.926022853665316e+40,0.25798309630058974,Ne_III_3869,9.898120369876123e+39,3.6629854944189125e+39,5.699122672358123e+39,9.898120369876123e+39,4
C9,0.2,1.884508801545842e+40,0.25674819928891185,Ne_III_3869,9.852033519890622e+39,3.313320532460124e+39,5.679733963107672e+39,9.852033519890622e+39,4
C9,0.3,1.8269116339644202e+40,0.2536964595109219,Ne_III_3869,9.806007155516482e+39,2.802773274574842e+39,5.66033590955288e+39,9.806007155516482e+39,4
C9,0.4,1.7809624127858138e+40,0.2516421741767264,Ne_III_3869,9.759875818259716e+39,2.4088708759159774e+39,5.640877433682445e+39,9.759875818259716e+39,4
C9,0.5,1.7298862827644007e+40,0.24883900360444,Ne_III_3869,9.713746610064233e+39,1.963722982045716e+39,5.621393235534056e+39,9.713746610064233e+39,4
C9,0.6,1.6759977165074472e+40,0.24565066266558136,Ne_III_3869,9.666076348212457e+39,1.4927424489943278e+39,5.60115836786769e+39,9.666076348212457e+39,4
C9,0.7,1.667407742561884e+40,0.24850628747231668,Ne_III_3869,9.605419834791873e+39,1.493849949389751e+39,5.574807641437215e+39,9.605419834791873e+39,4
C9,0.8,1.7235854757061612e+40,0.2585986361317937,Ne_III_3869,9.544257627777633e+39,2.1433816452312514e+39,5.548215484052731e+39,9.544257627777633e+39,4
C9,0.9,1.7966200180466952e+40,0.270540351286568,Ne_III_3869,9.482980924689524e+39,2.9616813083954e+39,5.521537947382024e+39,9.482980924689524e+39,4
C9,1.0,1.898418101610035e+40,0.285526308054066,Ne_III_3869,9.421501718253072e+39,4.067933769382606e+39,5.49474552846467e+39,9.421501718253072e+39,4
C9,2.0,1.8133925510430367e+40,0.30478504078641744,Ne_III_3869,9.050422338360132e+39,3.7304509168079624e+39,5.353052255262274e+39,9.050422338360132e+39,4
C9,3.0,1.501457057649535e+40,0.367314455768114,Ne_III_3869,8.396386177042379e+39,1.5594672086452033e+39,5.0587171908077675e+39,8.396386177042379e+39,2
C9,4.0,1.4499456220423708e+40,0.3787859875334138,Ne_III_3869,7.905106700984792e+39,1.7437677414443352e+39,4.850581777994581e+39,7.905106700984792e+39,2
C9,5.0,1.3929758324846347e+40,0.18223428828107668,Ne_III_3869,7.322512693884623e+39,2.0237596412236085e+39,4.5834859897381165e+39,7.322512693884623e+39,3
C9,6.0,1.4869362671381733e+40,0.0688527251029092,Ne_III_3869,6.768292889519169e+39,3.781097945341743e+39,4.31997183652082e+39,6.768292889519169e+39,4
C9,7.0,1.4311225656837085e+40,0.08469316032052394,Ne_III_3869,6.06926120156316e+39,4.272619123084857e+39,3.96934533218907e+39,6.06926120156316e+39,4
C9,8.0,3.732336951395439e+41,0.7441749654574414,C_IV_1549,3.4937e+41,3.638529845348761e+41,3.761175268891124e+39,5.619535335776676e+39,1
C9,9.0,2.1244208076912845e+41,0.7161554166635179,C_IV_1549,1.55987e+41,2.0355357546255807e+41,3.615946001280016e+39,5.27255930529035e+39,1
C9,10.0,2.1448353436079164e+41,0.84055573453443,C_IV_1549,1.10041e+41,2.063602234566145e+41,3.3744007418183364e+39,4.7489101623588214e+39,1
C9,20.0,5.523319789804482e+40,0.924055926626814,C_III_1909,2.0788145167569528e+40,3.95326691775433e+40,8.99228752102771e+39,6.708241199473808e+39,1
C9,30.0,8.010566039977591e+39,0.8377002178308034,O_III_5007,2.4647262334825002e+39,4.136318130212786e+39,2.605670196191103e+39,1.268577713573701e+39,1
C9,40.0,9.018788281611396e+38,0.9228117557718963,O_III_5007,2.1265072202685e+38,4.822852792884365e+38,2.9555278579327475e+38,1.2404076307942846e+38,1
C9,50.0,5.381650288141356e+38,0.9530036244084105,O_III_5007,1.9347262334825002e+38,2.6361620427774784e+38,2.256920931558057e+38,4.885673138058212e+37,1
C9,60.0,3.3221713544060388e+38,0.9745052783311834,O_III_5007,1.4111057317021306e+38,1.528468779571091e+38,1.5830918656783827e+38,2.1061070915656485e+37,1
C9,70.0,2.0432235310193615e+38,0.9923866912538113,O_III_5007,8.069607858459146e+37,1.0501971054643485e+38,8.942919726547328e+37,9.873445290027994e+36,1
C9,80.0,1.2431328413217119e+38,0.9953283705675817,O_III_5007,4.412944431471019e+37,7.017804256445502e+37,4.978729340633849e+37,4.3479481613776734e+36,1
C9,90.0,7.678390134148653e+37,0.9969405926632526,O_III_5007,2.507937244511569e+37,4.614991297916754e+37,2.859763073033932e+37,2.036357631979668e+36,1
C9,100.0,4.791513709674142e+37,0.9980665531647556,O_III_5007,1.4636039921184908e+37,3.017792300685989e+37,1.674447362434276e+37,9.92740465538768e+35,1
GO1,-10.0,9.560501268977261e+42,0.9727642069292415,C_III_1909,9.295648546235001e+42,9.549225499336315e+42,5.507839091306559e+39,5.767930549638545e+39,1
GO1,-5.0,1.8849324087475217e+43,0.9556515098092179,C_III_1909,1.75721113205e+43,1.8836334767204184e+43,6.134137611393729e+39,6.85518265963752e+39,1
GO1,1.0,2.1428302827419094e+43,0.9458286240821567,C_III_1909,2.021394433975e+43,2.1410230195675028e+43,8.650519119663988e+39,9.422112624399013e+39,1
GO1,2.0,2.0638946513379364e+43,0.9432528584271963,C_III_1909,1.9713944339750002e+43,2.0621425496677884e+43,8.501865362533061e+39,9.0191513389478e+39,1
GO1,3.0,1.9737852514435547e+43,0.9412237279383138,C_III_1909,1.9102310943600004e+43,1.9721121814906893e+43,8.29438798091064e+39,8.436311547744779e+39,1
GO1,4.0,1.8681762440472703e+43,0.9395691576161718,C_III_1909,1.8302310943600002e+43,1.866609198227632e+43,8.04951576506793e+39,7.620942431319591e+39,1
GO1,5.0,1.7704377498688803e+43,0.9387855848494892,C_III_1909,1.746509981155e+43,1.7690100938741382e+43,7.770711948136049e+39,6.505847999282684e+39,1
GO1,6.0,1.671051784532936e+43,0.9397568955129038,C_III_1909,1.6565099811550001e+43,1.6697947508446453e+43,7.47942055315664e+39,5.090916329749605e+39,1
GO1,7.0,1.578308494054045e+43,0.941718570370504,C_III_1909,1.5646494245525e+43,1.5767862185242191e+43,9.958706390796682e+39,5.264048907462774e+39,1
GO1,8.0,1.4798320345677573e+43,0.9456427708634707,C_III_1909,1.4696494245525e+43,1.4785190942577545e+43,9.699557965565772e+39,3.429845134463403e+39,1
GO1,9.0,1.3864196689264086e+43,0.9520113972010178,C_III_1909,1.37278886795e+43,1.385258080905571e+43,9.589365281958651e+39,2.0265149264131718e+39,1
GO1,10.0,1.2776794141616582e+43,0.9591019679164393,C_III_1909,1.27278886795e+43,1.276599137483598e+43,9.696774830489078e+39,1.1059919501132013e+39,1
GO1,11.0,1.1813201920764577e+43,0.9669632364728841,C_III_1909,1.176509981155e+43,1.180275162342447e+43,9.874477707466295e+39,5.758196326410693e+38,1
GO1,12.0,1.0913471838955423e+43,0.9744602766966753,C_III_1909,1.0865099811550001e+43,1.0903301329623084e+43,9.878020351525021e+39,2.9248898081195106e+38,1
GO1,13.0,1.010835167768789e+43,0.9810871474225912,C_III_1909,1.0022777066227499e+43,1.0091268327828633e+43,1.6840718783320727e+40,2.4263107593479138e+38,1
GO1,14.0,9.360811486312152e+42,0.9860800966429981,C_III_1909,9.2777770662275e+42,9.344043619279074e+42,1.6572856765874403e+40,1.9501026720318056e+38,1
GO1,15.0,8.65941079584333e+42,0.9897434689509172,C_III_1909,8.579290981290001e+42,8.643067593876087e+42,1.606680600635584e+40,2.7639596088682887e+38,1
GO1,16.0,8.03441841649726e+42,0.9921592177342082,C_III_1909,7.959290981290001e+42,8.018548001746667e+42,1.556828606593679e+40,3.0212868465645687e+38,1
GO1,17.0,7.470168034336556e+42,0.9938281769415853,C_III_1909,7.402549905775001e+42,7.45492826146963e+42,1.500818344151137e+40,2.3158942541462934e+38,1
GO1,18.0,7.054515323679724e+42,0.9948808294044691,C_III_1909,6.952549905775e+42,7.029300211712068e+42,2.5099922269697767e+40,1.151896979594848e+38,1
GO1,19.0,6.616756255741255e+42,0.9962335588682355,C_III_1909,6.534179368017502e+42,6.592641480296225e+42,2.383094600509715e+40,2.838294399323533e+38,1
GO1,20.0,5.178848459222956e+42,0.9969800037373708,C_III_1909,5.116999479805425e+42,5.156389915222123e+42,2.1890180229495433e+40,5.683637713379004e+38,1
