  days post max Lbol                      0.8
               zones                      648
 inner boundary mass    3.321425929144929E+33    1.670393000000000E+00
          total mass    0.000000000000000E+00    0.000000000000000E+00

                                  mass of cell (g)        cell center m (g)       cell center R (cm)     cell center v (cm/s)              avg density       radiation pressure          avg temperature    radiation temperature              avg opacity                      tau         outer edge m (g)        outer edge r (cm)                       h1                      he3                      he4                      c12                      n14                      o16                     ne20                     na23                     mg24                     si28                      s32                     ar36                     ca40                     ti44                     cr48                     cr60                     fe52                     fe54                     fe56                     co56                     ni56               luminosity                    n_bar                      n_e

                        1    7.600825977384893E+30    3.321425929144929E+33    2.673104145164552E+13    4.699818903350800E+07    9.661283791566786E-11    2.029021490024795E+04    5.298802804869213E+04    5.311017806862275E+04    1.613148474502600E-01    9.696348049098540E+02    3.328416184045367E+33    3.394249364139723E+13    3.877140000000000E-15    0.000000000000000E+00    5.808194000000000E-01    3.926957000000000E-02    4.462541000000000E-04    2.010531000000000E-01    3.591287000000000E-02    2.261657000000000E-05    2.824720999999999E-02    1.742524000000000E-02    5.125609000000000E-03    1.074563000000000E-03    9.629418000000000E-04    0.000000000000000E+00    0.000000000000000E+00    0.000000000000000E+00    0.000000000000000E+00    0.000000000000000E+00    4.460221000000000E-04    0.000000000000000E+00    8.909741000000000E-02    5.332609771728000E+39    5.820882547381000E+13    2.195106678010000E+13
                        2    1.397980590378377E+31    3.335406438945806E+33    4.115394583114893E+13    6.283335214424101E+07    6.744790663702965E-11    1.527614984361037E+04    4.948605514140781E+04    4.948605514140781E+04    1.609688414764400E-01    8.145690268788126E+02    3.342264464589844E+33    4.598714842689398E+13    3.878821000000000E-15    0.000000000000000E+00    5.808366000000000E-01    3.927061000000000E-02    4.462715000000000E-04    2.010406000000000E-01    3.591159000000000E-02    2.261745000000000E-05    2.824543000000000E-02    1.742402000000000E-02    5.125262000000000E-03    1.074490000000000E-03    9.628756000000000E-04    0.000000000000000E+00    0.000000000000000E+00    0.000000000000000E+00    0.000000000000000E+00    0.000000000000000E+00    4.459942000000000E-04    0.000000000000000E+00    8.909643000000000E-02    1.390815553665000E+40    4.061518241884000E+13    1.523458822251000E+13
                        3    1.371710514530662E+31    3.349122490233882E+33    5.082035102263902E+13    7.393343369960749E+07    5.446855266623355E-11    1.270614800185079E+04    4.722110613790510E+04    4.725881577149236E+04    1.616704725837700E-01    7.302700784019062E+02    3.355350189948908E+33    5.444003775485513E+13    3.989359000000000E-15    0.000000000000000E+00    5.819770000000000E-01    3.933932000000000E-02    4.474164000000000E-04    2.002110000000000E-01    3.582696000000000E-02    2.267547000000000E-05    2.812765000000000E-02    1.734335000000000E-02    5.102315000000000E-03    1.069653000000000E-03    9.584992000000000E-04    0.000000000000000E+00    0.000000000000000E+00    0.000000000000000E+00    0.000000000000000E+00    0.000000000000000E+00    4.441520000000001E-04    0.000000000000000E+00    8.903308000000000E-02    2.161467996597000E+40    3.276591423036000E+13    1.224111265183000E+13
                        4    1.245392402992853E+31    3.361577889663934E+33    5.805972448707124E+13    8.287843369960751E+07    4.722215858935307E-11    1.112732786977286E+04    4.572315142149564E+04    4.572315142149564E+04    1.622048933219900E-01    6.753600747062851E+02    3.367772780616094E+33    6.123752342956292E+13    4.184077000000000E-15    0.000000000000000E+00    5.839255000000000E-01    3.945599000000000E-02    4.493695000000000E-04    1.988018000000000E-01    3.568306000000000E-02    2.277446000000000E-05    2.792746000000000E-02    1.720632000000000E-02    5.063345000000000E-03    1.061439000000000E-03    9.510668000000000E-04    0.000000000000000E+00    0.000000000000000E+00    0.000000000000000E+00    0.000000000000000E+00    0.000000000000000E+00    4.410236000000000E-04    0.000000000000000E+00    8.891420000000000E-02    2.901631107330000E+40    2.840849050523000E+13    1.055781694031200E+13
                        5    1.239131894514960E+31    3.373967671568254E+33    6.441532237205460E+13    9.116007318115200E+07    4.218381322159237E-11    1.005520397345573E+04    4.454408052817668E+04    4.457959883974124E+04    1.627721036911000E-01    6.321483357071357E+02    3.380639780889381E+33    6.752730425422199E+13    4.256675000000000E-15    0.000000000000000E+00    5.846380000000000E-01    3.949848000000000E-02    4.500830000000000E-04    1.982885000000000E-01    3.563060000000000E-02    2.281062000000000E-05    2.785452000000000E-02    1.715640000000000E-02    5.049151000000000E-03    1.058447000000000E-03    9.483597000000000E-04    0.000000000000000E+00    0.000000000000000E+00    0.000000000000000E+00    0.000000000000000E+00    0.000000000000000E+00    4.398841999999999E-04    0.000000000000000E+00    8.886819999999999E-02    3.488678365707000E+40    2.541501493455000E+13    9.419937379841000E+12
                        6    1.334320256481069E+31    3.387311890210508E+33    7.063928613638938E+13    9.906171266269651E+07    3.817115942729635E-11    9.136434294732408E+03    4.346464692234581E+04    4.353013346538725E+04    1.632721036911000E-01    5.937361325560360E+02    3.394022773524114E+33    7.353112572184103E+13    4.274961000000000E-15    0.000000000000000E+00    5.848198999999999E-01    3.950936000000000E-02    4.502653000000000E-04    1.981571000000000E-01    3.561718000000000E-02    2.281986000000000E-05    2.783585000000000E-02    1.714362000000000E-02    5.045517000000000E-03    1.057681000000000E-03    9.476668000000000E-04    0.000000000000000E+00    0.000000000000000E+00    0.000000000000000E+00    0.000000000000000E+00    0.000000000000000E+00    4.395926000000000E-04    0.000000000000000E+00    8.885691000000000E-02    4.092772882461000E+40    2.301990825654000E+13    8.482057819370000E+12
                        7    1.342157772827412E+31    3.400733656837720E+33    7.642296530729267E+13    1.062299916257855E+08    3.489276227476352E-11    8.332527109859040E+03    4.253926665555059E+04    4.253926665555059E+04    1.638065244293200E-01    5.610027559465689E+02    3.407047852382122E+33    7.897410942878016E+13    4.452061000000000E-15    0.000000000000000E+00    5.865605000000000E-01    3.961318000000000E-02    4.520084000000000E-04    1.969029000000000E-01    3.548902000000000E-02    2.290820000000000E-05    2.765760000000000E-02    1.702164000000000E-02    5.010833000000000E-03    1.050370000000000E-03    9.410519000000000E-04    0.000000000000000E+00    0.000000000000000E+00    0.000000000000000E+00    0.000000000000000E+00    0.000000000000000E+00    4.368083000000000E-04    0.000000000000000E+00    8.874493000000000E-02    4.719657030105000E+40    2.099038084031000E+13    7.736967889789000E+12
                        8    1.262917253388250E+31    3.413362047926524E+33    8.152525355026767E+13    1.131499916257855E+08    3.222150602640997E-11    7.669671009891417E+03    4.166678567574196E+04    4.166678567574196E+04    1.643065244293200E-01    5.342567895859088E+02    3.420377157950346E+33    8.421878181777133E+13    4.702694000000000E-15    0.000000000000000E+00    5.889408000000000E-01    3.975406000000000E-02    4.543875000000000E-04    1.952002000000000E-01    3.531485000000000E-02    2.302877000000000E-05    2.741546000000000E-02    1.685603000000000E-02    4.963756000000000E-03    1.040447000000000E-03    9.320737999999999E-04    0.000000000000000E+00    0.000000000000000E+00    0.000000000000000E+00    0.000000000000000E+00    0.000000000000000E+00    4.330296000000000E-04    0.000000000000000E+00    8.857598000000000E-02    5.360798805236000E+40    1.939364305497000E+13    7.141551738742000E+12
                        9    1.402966528129152E+31    3.427392267974169E+33    8.691231008527498E+13    1.204449916257855E+08    2.976701947498941E-11    7.124866565849655E+03    4.090628112941422E+04    4.090628112941422E+04    1.648065244293200E-01    5.080886254151831E+02    3.435134141805732E+33    8.974466933655944E+13    4.717076000000000E-15    0.000000000000000E+00    5.890771000000000E-01    3.976212000000000E-02    4.545237000000000E-04    1.951028000000000E-01    3.530488000000000E-02    2.303567000000000E-05    2.740160000000001E-02    1.684655000000000E-02    4.961062000000000E-03    1.039879000000000E-03    9.315600999999999E-04    0.000000000000000E+00    0.000000000000000E+00    0.000000000000000E+00    0.000000000000000E+00    0.000000000000000E+00    4.328134000000000E-04    0.000000000000000E+00    8.856624000000000E-02    5.984893321990000E+40    1.789690526963000E+13    6.579414550784000E+12
                       10    1.548378544291326E+31    3.442876015637295E+33    9.257702858784388E+13    1.277216311073300E+08    2.752550855210622E-11    6.558080379334837E+03    4.006729270657412E+04    4.006729270657412E+04    1.651048933219900E-01    4.825949475947424E+02    3.450513497950646E+33    9.526178616547989E+13    4.808022000000000E-15    0.000000000000000E+00    5.899447000000000E-01    3.981353000000000E-02    4.553910000000000E-04    1.944815000000000E-01    3.524133000000000E-02    2.307963000000000E-05    2.731325000000000E-02    1.678612000000000E-02    4.943884000000000E-03    1.036258000000000E-03    9.282839999999999E-04    0.000000000000000E+00    0.000000000000000E+00    0.000000000000000E+00    0.000000000000000E+00    0.000000000000000E+00    4.314346000000000E-04    0.000000000000000E+00    8.850544000000000E-02    6.749640281676000E+40    1.653295711518000E+13    6.070556325915000E+12
                       11    1.527419312367259E+31    3.458150980263997E+33    9.794654374311591E+13    1.343966311073300E+08    2.545278749485356E-11    6.092236234203079E+03    3.927680531690342E+04    3.933598219705877E+04    1.647639481544500E-01    4.602852506619949E+02    3.465130298910147E+33    1.003235224352946E+14    4.988672000000000E-15    0.000000000000000E+00    5.916410000000000E-01    3.991367000000000E-02    4.570835000000000E-04    1.932712000000000E-01    3.511747000000000E-02    2.316541000000000E-05    2.714108000000000E-02    1.666839000000000E-02    4.910420000000000E-03    1.029205000000000E-03    9.219020999999999E-04    0.000000000000000E+00    0.000000000000000E+00    0.000000000000000E+00    0.000000000000000E+00    0.000000000000000E+00    4.287485999999999E-04    0.000000000000000E+00    8.838124999999999E-02    7.470782056807000E+40    1.536900896073000E+13    5.608256027224000E+12
                       12    1.396014053016256E+31    3.472109617556297E+33    1.027005011274732E+14    1.404932705888745E+08    2.369929088906725E-11    5.659482681897438E+03    3.861801960863316E+04    3.861801960863316E+04    1.640541615104700E-01    4.419621868289804E+02    3.478896060444990E+33    1.049484828060070E+14    5.235275000000000E-15    0.000000000000000E+00    5.938617000000000E-01    4.004330000000000E-02    4.593109000000000E-04    1.917020000000000E-01    3.495662000000000E-02    2.327829000000000E-05    2.691766000000000E-02    1.651574000000000E-02    4.867046000000000E-03    1.020063000000000E-03    9.136305999999999E-04    0.000000000000000E+00    0.000000000000000E+00    0.000000000000000E+00    0.000000000000000E+00    0.000000000000000E+00    4.252675000000000E-04    0.000000000000000E+00    8.819928000000000E-02    8.131760721205000E+40    1.423785043717000E+13    5.215792617800000E+12
                       13    1.357169869669209E+31    3.485682503333682E+33    1.071964644845408E+14    1.470099100704190E+08    2.221955472867413E-11    5.306115941401997E+03    3.800056017739621E+04    3.800056017739621E+04    1.653083230209400E-01    4.255788839454451E+02    3.494030842175808E+33    1.098989399777060E+14    5.520349000000000E-15    0.000000000000000E+00    5.963686000000000E-01    4.018856000000000E-02    4.618428000000000E-04    1.899411000000000E-01    3.477591000000000E-02    2.340662000000000E-05    2.666681000000000E-02    1.634443000000000E-02    4.818376000000000E-03    1.009805000000000E-03    9.043495000000000E-04    0.000000000000000E+00    0.000000000000000E+00    0.000000000000000E+00    0.000000000000000E+00    0.000000000000000E+00    4.213617000000000E-04    0.000000000000000E+00    8.798074000000000E-02    8.785692127226002E+40    1.333948154450000E+13    4.886445060732000E+12
                       14    1.669736368565692E+31    3.502379181017934E+33    1.126014154708712E+14    1.546965495519635E+08    2.071693125295617E-11    4.947557894281440E+03    3.733671941375290E+04    3.733671941375290E+04    1.641952741623000E-01    4.073230449702969E+02    3.512290410018428E+33    1.157398442892948E+14    5.531475000000000E-15    0.000000000000000E+00    5.964666000000000E-01    4.019425000000000E-02    4.619418000000000E-04    1.898722000000000E-01    3.476884000000000E-02    2.341163000000000E-05    2.665699000000000E-02    1.633772000000000E-02    4.816472000000000E-03    1.009403000000000E-03    9.039863000000000E-04    0.000000000000000E+00    0.000000000000000E+00    0.000000000000000E+00    0.000000000000000E+00    0.000000000000000E+00    4.212088000000000E-04    0.000000000000000E+00    8.797223999999999E-02    9.599949754713000E+40    1.250832302094000E+13    4.550539577486000E+12
                       15    1.982276620451882E+31    3.522201639018923E+33    1.188782731077185E+14    1.625881890335080E+08    1.908689795376023E-11    4.579064229394266E+03    3.657094275378552E+04    3.662604281294374E+04    1.625166460418800E-01    3.879763534460066E+02    3.531437802868315E+33    1.217296511341036E+14    5.713147000000000E-15    0.000000000000000E+00    5.980704999999999E-01    4.028730000000000E-02    4.635599000000000E-04    1.887445000000000E-01    3.465314000000000E-02    2.349364000000000E-05    2.649636000000000E-02    1.622802000000000E-02    4.785304000000000E-03    1.002834000000000E-03    8.980425000000000E-04    0.000000000000000E+00    0.000000000000000E+00    0.000000000000000E+00    0.000000000000000E+00    0.000000000000000E+00    4.187075000000000E-04    0.000000000000000E+00    8.783381000000000E-02    1.054092841911100E+41    1.150995412827000E+13    4.187913057329000E+12
                       16    1.847217657963471E+31    3.540673966717708E+33    1.245810291604887E+14    1.697298285150525E+08    1.773108662694200E-11    4.230492065469904E+03    3.587484214042868E+04    3.590344782283055E+04    1.605101216125600E-01    3.718423282723361E+02    3.549147575381688E+33    1.271560543559391E+14    5.995050000000000E-15    0.000000000000000E+00    6.005005000000000E-01    4.042721000000000E-02    4.660278000000000E-04    1.870463000000000E-01    3.447871000000000E-02    2.361872000000000E-05    2.625434000000000E-02    1.606280000000000E-02    4.738375000000000E-03    9.929429000000000E-04    8.890935000000000E-04    0.000000000000000E+00    0.000000000000000E+00    0.000000000000000E+00    0.000000000000000E+00    0.000000000000000E+00    4.149415000000000E-04    0.000000000000000E+00    8.761106000000000E-02    1.147534915733100E+41    1.065863249397700E+13    3.881844463350000E+12
                       17    1.694646769743823E+31    3.557621184045667E+33    1.297310795513894E+14    1.765331074781415E+08    1.649397852899382E-11    3.929984928360765E+03    3.524813604738922E+04    3.524813604738922E+04    1.585396490287900E-01    3.584503895503842E+02    3.566255853909174E+33    1.323369011918942E+14    6.076758999999999E-15    0.000000000000000E+00    6.011986000000000E-01    4.046730000000000E-02    4.667386000000001E-04    1.865595000000000E-01    3.442868000000000E-02    2.365474000000000E-05    2.618495000000000E-02    1.601544000000000E-02    4.724924000000000E-03    9.901077999999999E-04    8.865283999999998E-04    0.000000000000000E+00    0.000000000000000E+00    0.000000000000000E+00    0.000000000000000E+00    0.000000000000000E+00    4.138621000000000E-04    0.000000000000000E+00    8.754566000000000E-02    1.224583848953000E+41    9.926658416752000E+12    3.605775869371000E+12
                       18    1.727035381604662E+31    3.574890523772679E+33    1.349427228323989E+14    1.837063864412305E+08    1.532235163770524E-11    3.684604556622375E+03    3.465692278338188E+04    3.468455732801033E+04    1.567052282905700E-01    3.460050999428242E+02    3.584452786840866E+33    1.378008029438412E+14    6.162481000000000E-15    0.000000000000000E+00    6.019358000000000E-01    4.050972000000000E-02    4.674863000000000E-04    1.860446000000000E-01    3.437579000000000E-02    2.369264000000000E-05    2.611157000000000E-02    1.596534000000000E-02    4.710695000000000E-03    9.871089000000001E-04    8.838150999999999E-04    0.000000000000000E+00    0.000000000000000E+00    0.000000000000000E+00    0.000000000000000E+00    0.000000000000000E+00    4.127203000000000E-04    0.000000000000000E+00    8.747773000000000E-02    1.301304885864000E+41    9.214847450260000E+12    3.342986238481000E+12
                       19    1.912461760322790E+31    3.594015049909053E+33    1.406588830552834E+14    1.913196654043195E+08    1.426676228055477E-11    3.441729507992572E+03    3.410279691035386E+04    3.410279691035386E+04    1.548380179214600E-01    3.334459161299700E+02    3.603997861664893E+33    1.435969373420620E+14    6.570071000000000E-15    0.000000000000000E+00    6.054165000000000E-01    4.070946000000000E-02    4.710387000000000E-04    1.836182000000000E-01    3.412644000000000E-02    2.387267000000000E-05    2.576570000000000E-02    1.572928000000000E-02    4.643648000000000E-03    9.729775000000000E-04    8.710296000000000E-04    0.000000000000000E+00    0.000000000000000E+00    0.000000000000000E+00    0.000000000000000E+00    0.000000000000000E+00    4.073399000000000E-04    0.000000000000000E+00    8.715106000000000E-02    1.394746959686000E+41    8.576152336124000E+12    3.106754533769000E+12
                       20    1.996584223676490E+31    3.613980673420732E+33    1.465349916288406E+14    1.986063048858640E+08    1.334521038894520E-11    3.226834824809548E+03    3.353083452117590E+04    3.355753089730470E+04    1.528052282905700E-01    3.215276640933170E+02    3.622920564199391E+33    1.491452522565670E+14    6.826554000000000E-15    0.000000000000000E+00    6.075424000000000E-01    4.082988000000000E-02    4.732668000000000E-04    1.821490000000000E-01    3.397515000000000E-02    2.398560000000000E-05    2.555613000000000E-02    1.558633000000000E-02    4.603059000000000E-03    9.644228000000000E-04    8.632899000000000E-04    0.000000000000000E+00    0.000000000000000E+00    0.000000000000000E+00    0.000000000000000E+00    0.000000000000000E+00    4.040830000000000E-04    0.000000000000000E+00    8.693589000000000E-02    1.481467996597000E+41    8.017294111255000E+12    2.903801792146000E+12
                       21    1.787786870702126E+31    3.631860454978050E+33    1.517555128842935E+14    2.054913048858640E+08    1.248318552051219E-11    3.014195695940359E+03    3.299471355427588E+04    3.299471355427588E+04    1.510396490287900E-01    3.117376120752284E+02    3.640954447521687E+33    1.543962559417480E+14    6.842747000000000E-15    0.000000000000000E+00    6.076737000000000E-01    4.083723000000000E-02    4.734087000000001E-04    1.820589000000000E-01    3.396585000000000E-02    2.399279000000000E-05    2.554327000000000E-02    1.557756000000000E-02    4.600570000000000E-03    9.638982000000000E-04    8.628153000000000E-04    0.000000000000000E+00    0.000000000000000E+00    0.000000000000000E+00    0.000000000000000E+00    0.000000000000000E+00    4.038833000000000E-04    0.000000000000000E+00    8.692184000000000E-02    1.548189033508000E+41    7.511551738742000E+12    2.700849050523000E+12
                       22    1.818820580077071E+31    3.650048440065324E+33    1.570369989992024E+14    2.125445838489530E+08    1.167684256732366E-11    2.852143979127603E+03    3.254200911286037E+04    3.254200911286037E+04    1.495412801361200E-01    3.025652712824355E+02    3.659503329000494E+33    1.597826143333671E+14    7.168728999999999E-15    0.000000000000000E+00    6.102897000000000E-01    4.098283000000000E-02    4.762733000000000E-04    1.802694000000000E-01    3.378108000000000E-02    2.413797000000000E-05    2.528786000000000E-02    1.540347000000000E-02    4.551153000000000E-03    9.534832000000000E-04    8.533924999999999E-04    0.000000000000000E+00    0.000000000000000E+00    0.000000000000000E+00    0.000000000000000E+00    0.000000000000000E+00    3.999183000000000E-04    0.000000000000000E+00    8.663456000000000E-02    1.618189033508000E+41    7.035809366229000E+12    2.521175271989000E+12
                       23    1.891124134000329E+31    3.668958217935663E+33    1.625282296675317E+14    2.195878628120420E+08    1.092258479360223E-11    2.698804622616235E+03    3.209551600923807E+04    3.209551600923807E+04    1.486805941963300E-01    2.936993779109167E+02    3.678029343765788E+33    1.651565369294509E+14    7.602351000000000E-15    0.000000000000000E+00    6.137692000000000E-01    4.117647000000000E-02    4.800840000000000E-04    1.778893000000000E-01    3.353535000000000E-02    2.433110000000000E-05    2.494816000000000E-02    1.517193000000000E-02    4.485429000000000E-03    9.396311000000001E-04    8.408600999999999E-04    0.000000000000000E+00    0.000000000000000E+00    0.000000000000000E+00    0.000000000000000E+00    0.000000000000000E+00    3.946448000000000E-04    0.000000000000000E+00    8.625236000000000E-02    1.684910070419000E+41    6.570066993716000E+12    2.344780456544000E+12
                       24    1.814229540526617E+31    3.687100469595912E+33    1.677848441913700E+14    2.263295022935865E+08    1.024060051990780E-11    2.553709225185261E+03    3.163000398171903E+04    3.165514902065958E+04    1.482903808403100E-01    2.857683430051594E+02    3.695827600518406E+33    1.702927100054695E+14    7.742279000000000E-15    0.000000000000000E+00    6.148892000000000E-01    4.123871000000000E-02    4.813147000000000E-04    1.771238000000000E-01    3.345629000000000E-02    2.439347000000000E-05    2.483891000000000E-02    1.509747000000000E-02    4.464291000000000E-03    9.351762000000000E-04    8.368295999999999E-04    0.000000000000000E+00    0.000000000000000E+00    0.000000000000000E+00    0.000000000000000E+00    0.000000000000000E+00    3.929488000000000E-04    0.000000000000000E+00    8.612857000000000E-02    1.744910070419000E+41    6.170882547381000E+12    2.188385641099000E+12
                       25    1.745377468456916E+31    3.704554731440899E+33    1.728005758195689E+14    2.333627812566755E+08    9.712374608369323E-12    2.416414568192944E+03    3.122082409367546E+04    3.122082409367546E+04    1.495969052696300E-01    2.785312133673204E+02    3.714607137542213E+33    1.756541220463161E+14    7.791914000000000E-15    0.000000000000000E+00    6.152743000000001E-01    4.125975000000000E-02    4.817555000000000E-04    1.768633000000000E-01    3.342931000000000E-02    2.441581000000000E-05    2.480169000000000E-02    1.507212000000000E-02    4.457099000000000E-03    9.336604000000001E-04    8.354582000000000E-04    0.000000000000000E+00    0.000000000000000E+00    0.000000000000000E+00    0.000000000000000E+00    0.000000000000000E+00    3.923718000000000E-04    0.000000000000000E+00    8.608273000000000E-02    1.801631107330000E+41    5.841534990313000E+12    2.061990825654000E+12
                       26    2.010417591146936E+31    3.724659543643527E+33    1.785076682730632E+14    2.415260602197645E+08    9.232629860501431E-12    2.299190725336573E+03    3.083892612313574E+04    3.083892612313574E+04    1.490378504371700E-01    2.707363685566361E+02    3.736667550852673E+33    1.818728291410997E+14    8.210632000000000E-15    0.000000000000000E+00    6.185000000000000E-01    4.143515000000000E-02    4.854824000000000E-04    1.746865000000000E-01    3.320377000000000E-02    2.460469000000000E-05    2.449074000000000E-02    1.486038000000000E-02    4.397018000000000E-03    9.209982000000000E-04    8.240024999999998E-04    0.000000000000000E+00    0.000000000000000E+00    0.000000000000000E+00    0.000000000000000E+00    0.000000000000000E+00    3.875517000000000E-04    0.000000000000000E+00    8.569221000000000E-02    1.861631107330000E+41    5.555466396334000E+12    1.945432899476000E+12
                       27    2.401539801123114E+31    3.748675558061819E+33    1.852379900091361E+14    2.498076997013090E+08    8.716164636528567E-12    2.175579705381045E+03    3.041580019414524E+04    3.041580019414524E+04    1.485132163429300E-01    2.620937835765770E+02    3.759273782672639E+33    1.881745550813100E+14    8.621835000000000E-15    0.000000000000000E+00    6.216690000000000E-01    4.160753000000000E-02    4.891406000000000E-04    1.725475000000000E-01    3.298215000000000E-02    2.479010000000000E-05    2.418520000000000E-02    1.465232000000000E-02    4.337981000000000E-03    9.085560000000000E-04    8.127459000000000E-04    0.000000000000000E+00    0.000000000000000E+00    0.000000000000000E+00    0.000000000000000E+00    0.000000000000000E+00    3.828153000000000E-04    0.000000000000000E+00    8.530894000000000E-02    1.928352144241000E+41    5.246118839266000E+12    1.822317047120000E+12
                       28    2.119798029724165E+31    3.769872007283460E+33    1.911111201534839E+14    2.566676997013090E+08    8.247558883665700E-12    2.058614364744784E+03    2.999847977054322E+04    2.999847977054322E+04    1.480213718795800E-01    2.549849840278515E+02    3.778189525772590E+33    1.933895911047219E+14    8.655298000000000E-15    0.000000000000000E+00    6.219238000000000E-01    4.162121000000000E-02    4.894466000000000E-04    1.723765000000000E-01    3.296439000000000E-02    2.480560000000000E-05    2.416077000000000E-02    1.463568000000000E-02    4.333262000000000E-03    9.075614000000000E-04    8.118460000000000E-04    0.000000000000000E+00    0.000000000000000E+00    0.000000000000000E+00    0.000000000000000E+00    0.000000000000000E+00    3.824367000000000E-04    0.000000000000000E+00    8.527709999999999E-02    1.988352144241000E+41    4.963329208376000E+12    1.692480157853000E+12
                       29    1.663453987579222E+31    3.786507044261720E+33    1.956680620559598E+14    2.624643391828535E+08    7.894514466099931E-12    1.965961455808498E+03    2.965509001217409E+04    2.965509001217409E+04    1.477262652015700E-01    2.497176815139544E+02    3.794375182120072E+33    1.977945866484229E+14    8.894266000000001E-15    0.000000000000000E+00    6.237200000000001E-01    4.171646000000000E-02    4.916907000000001E-04    1.711770000000000E-01    3.283960000000000E-02    2.491933000000000E-05    2.398935000000000E-02    1.451904000000000E-02    4.300174000000000E-03    9.005881000000001E-04    8.055374000000000E-04    0.000000000000000E+00    0.000000000000000E+00    0.000000000000000E+00    0.000000000000000E+00    0.000000000000000E+00    3.797822000000000E-04    0.000000000000000E+00    8.504490000000001E-02    2.025073181152000E+41    4.757097503664000E+12    1.605922231675000E+12
                       30    1.573656602454550E+31    3.802243319978424E+33    1.999211112408859E+14    2.683259786643980E+08    7.644083543458665E-12    1.894850710434263E+03    2.938321051273253E+04    2.938321051273253E+04    1.476606859397900E-01    2.449600422003075E+02    3.810937642138051E+33    2.022489674009995E+14    9.392725000000000E-15    0.000000000000000E+00    6.274651999999999E-01    4.191502000000000E-02    4.963725000000000E-04    1.686762000000000E-01    3.257943000000000E-02    2.515661000000000E-05    2.363198000000000E-02    1.427586000000000E-02    4.231192000000000E-03    8.860501000000000E-04    7.923848000000000E-04    0.000000000000000E+00    0.000000000000000E+00    0.000000000000000E+00    0.000000000000000E+00    0.000000000000000E+00    3.742481999999999E-04    0.000000000000000E+00    8.456034000000000E-02    2.065073181152000E+41    4.607423725130000E+12    1.539364305497000E+12
                       31    1.738922891175644E+31    3.819631964297679E+33    2.045768235611131E+14    2.745626181459425E+08    7.384573626229808E-12    1.826312110151044E+03    2.911382361952440E+04    2.911382361952440E+04    1.476278963089000E-01    2.399300865991072E+02    3.828705078537674E+33    2.069856073908288E+14    9.651147000000000E-15    0.000000000000000E+00    6.294049000000000E-01    4.201764000000000E-02    4.988146000000000E-04    1.673818000000000E-01    3.244473000000000E-02    2.528038000000000E-05    2.344701000000000E-02    1.415000000000000E-02    4.195490000000000E-03    8.785261000000000E-04    7.855778999999998E-04    0.000000000000000E+00    0.000000000000000E+00    0.000000000000000E+00    0.000000000000000E+00    0.000000000000000E+00    3.713841000000000E-04    0.000000000000000E+00    8.430848000000001E-02    2.108515254974000E+41    4.447749946596000E+12    1.466085342408000E+12
                       32    1.814517064593920E+31    3.837778192777669E+33    2.093943912205446E+14    2.807858971090315E+08    7.110760561551565E-12    1.760252617959512E+03    2.884690648019834E+04    2.884690648019834E+04    1.477295274162300E-01    2.349150488866051E+02    3.846602755783827E+33    2.117130218007056E+14    9.688813000000000E-15    0.000000000000000E+00    6.296827000000000E-01    4.203184000000000E-02    4.992047000000000E-04    1.671984000000000E-01    3.242553000000000E-02    2.530015000000000E-05    2.342080000000000E-02    1.413218000000000E-02    4.190436000000000E-03    8.774608000000000E-04    7.846141000000000E-04    0.000000000000000E+00    0.000000000000000E+00    0.000000000000000E+00    0.000000000000000E+00    0.000000000000000E+00    3.709786000000000E-04    0.000000000000000E+00    8.427026000000000E-02    2.155236291885000E+41    4.281355131151000E+12    1.389527416230000E+12
                       33    1.764976429188439E+31    3.855427318789985E+33    2.140316523808666E+14    2.867425365905760E+08    6.860020679469117E-12    1.696582562099457E+03    2.858243645191471E+04    2.858243645191471E+04    1.477295274162300E-01    2.302582471527309E+02    3.863885020174999E+33    2.162366674278633E+14    1.020435000000000E-14    0.000000000000000E+00    6.334510000000000E-01    4.222097000000000E-02    5.047787000000000E-04    1.647238000000000E-01    3.216580000000000E-02    2.558265000000000E-05    2.306713000000000E-02    1.389178000000000E-02    4.122269000000000E-03    8.630951000000000E-04    7.716177999999999E-04    0.000000000000000E+00    0.000000000000000E+00    0.000000000000000E+00    0.000000000000000E+00    0.000000000000000E+00    3.655102000000000E-04    0.000000000000000E+00    8.373675000000000E-02    2.195236291885000E+41    4.131681352617000E+12    1.326248453141000E+12
                       34    1.691533317568284E+31    3.872342721560013E+33    2.184416824748600E+14    2.935625365905759E+08    6.642406117424192E-12    1.635215514325772E+03    2.832039109942458E+04    2.832039109942458E+04    1.478639481544500E-01    2.259665234076301E+02    3.883902342343316E+33    2.214146084397692E+14    1.023790000000000E-14    0.000000000000000E+00    6.336962000000000E-01    4.223327000000000E-02    5.051414000000000E-04    1.645627000000000E-01    3.214890000000000E-02    2.560103000000000E-05    2.304412000000000E-02    1.387614000000000E-02    4.117833000000000E-03    8.621603000000000E-04    7.707721999999999E-04    0.000000000000000E+00    0.000000000000000E+00    0.000000000000000E+00    0.000000000000000E+00    0.000000000000000E+00    3.651544000000000E-04    0.000000000000000E+00    8.370204000000001E-02    2.231957328796000E+41    3.995286537172000E+12    1.259690526963000E+12
                       35    2.311874446413856E+31    3.895461963126619E+33    2.243875344046784E+14    3.019525365905760E+08    6.402143802670847E-12    1.576068172587379E+03    2.806074819316668E+04    2.806074819316668E+04    1.478983688926700E-01    2.203885880558611E+02    3.908805187563939E+33    2.277837670062450E+14    1.080354000000000E-14    0.000000000000000E+00    6.378317000000000E-01    4.244102000000000E-02    5.112433000000000E-04    1.618464000000000E-01    3.186383000000000E-02    2.591028000000000E-05    2.265590000000000E-02    1.361225000000000E-02    4.043005000000000E-03    8.463907999999999E-04    7.565058000000000E-04    0.000000000000000E+00    0.000000000000000E+00    0.000000000000000E+00    0.000000000000000E+00    0.000000000000000E+00    3.591516000000000E-04    0.000000000000000E+00    8.311717000000000E-02    2.285399402618000E+41    3.855612758638000E+12    1.197165222931600E+12
                       36    2.668579269938121E+31    3.922148412001258E+33    2.311799996078117E+14    3.104741760721205E+08    6.113999866193748E-12    1.505133419885302E+03    2.773953946474404E+04    2.773953946474404E+04    1.481327896308900E-01    2.142940699792419E+02    3.934343329738249E+33    2.342490643756086E+14    1.108879000000000E-14    0.000000000000000E+00    6.399151000000000E-01    4.254522000000000E-02    5.143564000000000E-04    1.604793000000000E-01    3.172026000000000E-02    2.606805000000000E-05    2.246053000000000E-02    1.347945000000000E-02    4.005350000000000E-03    8.384554999999998E-04    7.493270000000002E-04    0.000000000000000E+00    0.000000000000000E+00    0.000000000000000E+00    0.000000000000000E+00    0.000000000000000E+00    3.561310000000000E-04    0.000000000000000E+00    8.282104999999999E-02    2.342120439529000E+41    3.679217943193000E+12    1.116656229973500E+12
                       37    2.439035246054867E+31    3.946538247475240E+33    2.373181291434056E+14    3.176508155536650E+08    5.852284423818126E-12    1.437391256963546E+03    2.742200758223098E+04    2.742200758223098E+04    1.500983688926700E-01    2.089520960918508E+02    3.956095539518751E+33    2.396921832198834E+14    1.126539000000000E-14    0.000000000000000E+00    6.411813000000000E-01    4.260362000000000E-02    5.166718000000000E-04    1.596638000000000E-01    3.163352000000000E-02    2.618540000000000E-05    2.234404000000000E-02    1.340036000000000E-02    3.982934000000000E-03    8.337315000000001E-04    7.450535000000000E-04    0.000000000000000E+00    0.000000000000000E+00    0.000000000000000E+00    0.000000000000000E+00    0.000000000000000E+00    3.543328000000000E-04    0.000000000000000E+00    8.262514999999999E-02    2.388841476440000E+41    3.526265201570000E+12    1.042786718559900E+12
                       38    1.911416652094751E+31    3.965652831562260E+33    2.420662372963612E+14    3.238374550352095E+08    5.666637416125711E-12    1.385399411764812E+03    2.717060110556617E+04    2.717060110556617E+04    1.500655792617800E-01    2.049519395583792E+02    3.975053039225986E+33    2.443844684919349E+14    1.184678000000000E-14    0.000000000000000E+00    6.453449000000000E-01    4.279445000000000E-02    5.243918000000000E-04    1.569858000000000E-01    3.134840000000000E-02    2.657666000000000E-05    2.196150000000000E-02    1.314067000000000E-02    3.909329000000000E-03    8.182204000000001E-04    7.310214999999999E-04    0.000000000000000E+00    0.000000000000000E+00    0.000000000000000E+00    0.000000000000000E+00    0.000000000000000E+00    3.484282000000000E-04    0.000000000000000E+00    8.197718000000000E-02    2.428841476440000E+41    3.413149349214000E+12    9.889172071462998E+11
                       39    1.880162825747119E+31    3.984453246889711E+33    2.467026996875084E+14    3.304140945167540E+08    5.486879529495989E-12    1.347643431616460E+03    2.698356000318132E+04    2.698356000318132E+04    1.502327896308900E-01    2.011656759754310E+02    3.995405408457515E+33    2.493747144754761E+14    1.186831000000000E-14    0.000000000000000E+00    6.454985000000000E-01    4.280118000000000E-02    5.247037000000000E-04    1.568879000000000E-01    3.133790000000000E-02    2.659246000000000E-05    2.194751000000000E-02    1.313119000000000E-02    3.906640000000000E-03    8.176537000000000E-04    7.305088000000000E-04    0.000000000000000E+00    0.000000000000000E+00    0.000000000000000E+00    0.000000000000000E+00    0.000000000000000E+00    3.482124000000000E-04    0.000000000000000E+00    8.195247999999999E-02    2.465562513351000E+41    3.303312459947000E+12    9.416871772772000E+11
                       40    2.190370672854981E+31    4.006357570025320E+33    2.520467292634436E+14    3.374907339982985E+08    5.325071272451101E-12    1.298897852888151E+03    2.673617323808285E+04    2.673617323808285E+04    1.503000000000000E-01    1.969285445986926E+02    4.017487694276553E+33    2.547426157085458E+14    1.247558000000000E-14    0.000000000000000E+00    6.498078000000000E-01    4.297897000000000E-02    5.344365000000000E-04    1.541686000000000E-01    3.104385000000000E-02    2.708573000000000E-05    2.155942000000000E-02    1.286804000000000E-02    3.832083000000000E-03    8.019426000000001E-04    7.162964000000000E-04    0.000000000000000E+00    0.000000000000000E+00    0.000000000000000E+00    0.000000000000000E+00    0.000000000000000E+00    3.422313000000000E-04    0.000000000000000E+00    8.123016000000000E-02    2.505562513351000E+41    3.206917644502000E+12    8.971455621724999E+11
                       41    2.226010931377373E+31    4.028617818527785E+33    2.574385021536478E+14    3.440873734798430E+08    5.144289783434790E-12    1.258888828277671E+03    2.653106300968942E+04    2.653106300968942E+04    1.505672103691100E-01    1.927914935799784E+02    4.038208913539098E+33    2.597446032033844E+14    1.254679000000000E-14    0.000000000000000E+00    6.503131000000000E-01    4.299978000000000E-02    5.355814000000000E-04    1.538499000000000E-01    3.100937000000000E-02    2.714376000000000E-05    2.151393000000000E-02    1.283720000000000E-02    3.823344000000000E-03    8.001012000000000E-04    7.146306000000000E-04    0.000000000000000E+00    0.000000000000000E+00    0.000000000000000E+00    0.000000000000000E+00    0.000000000000000E+00    3.415302000000000E-04    0.000000000000000E+00    8.114536999999999E-02    2.542283550262000E+41    3.097080755235000E+12    8.466365692143999E+11
                       42    1.918132705274021E+31    4.047800008550409E+33    2.620507042531209E+14    3.503873734798430E+08    4.987880671696112E-12    1.217797277745529E+03    2.630869139182712E+04    2.630869139182712E+04    1.507344207382200E-01    1.893562872214950E+02    4.058210328428449E+33    2.645245318044050E+14    1.279365000000000E-14    0.000000000000000E+00    6.520623000000000E-01    4.307410000000000E-02    5.393368000000000E-04    1.527415000000000E-01    3.089003000000000E-02    2.733408000000000E-05    2.135570000000000E-02    1.272988000000000E-02    3.792935000000000E-03    7.936931000000000E-04    7.088338000000000E-04    0.000000000000000E+00    0.000000000000000E+00    0.000000000000000E+00    0.000000000000000E+00    0.000000000000000E+00    3.390908000000000E-04    0.000000000000000E+00    8.085624000000000E-02    2.572283550262000E+41    3.003964902879000E+12    8.087344356542000E+11
                       43    2.082161407691593E+31    4.068620648306488E+33    2.669983593556891E+14    3.576690129613875E+08    4.856522720818171E-12    1.184608921050108E+03    2.612758363417718E+04    2.612758363417718E+04    1.508016311073300E-01    1.857670434806705E+02    4.081595022712793E+33    2.700509868004991E+14    1.358122000000000E-14    0.000000000000000E+00    6.576697000000000E-01    4.328923000000000E-02    5.534667000000000E-04    1.492377000000000E-01    3.050732000000000E-02    2.805020000000000E-05    2.085607000000000E-02    1.239131000000000E-02    3.697021999999999E-03    7.734820000000000E-04    6.905509000000000E-04    0.000000000000000E+00    0.000000000000000E+00    0.000000000000000E+00    0.000000000000000E+00    0.000000000000000E+00    3.313959000000000E-04    0.000000000000000E+00    7.988562000000000E-02    2.602283550262000E+41    2.924128013612000E+12    7.748649242405999E+11
                       44    2.594898742179404E+31    4.094569397119098E+33    2.731036142453092E+14    3.656106524429320E+08    4.708862997731052E-12    1.148120256933289E+03    2.592714228459235E+04    2.592714228459235E+04    1.509688414764400E-01    1.814677805322828E+02    4.107329023259367E+33    2.760783025184992E+14    1.413957000000000E-14    0.000000000000000E+00    6.616605000000000E-01    4.342911000000000E-02    5.647188000000000E-04    1.467722000000000E-01    3.023487000000000E-02    2.862046000000000E-05    2.050485000000000E-02    1.215347000000000E-02    3.629657000000001E-03    7.592871000000000E-04    6.777106000000000E-04    0.000000000000000E+00    0.000000000000000E+00    0.000000000000000E+00    0.000000000000000E+00    0.000000000000000E+00    3.259911000000000E-04    0.000000000000000E+00    7.916980000000000E-02    2.635562513351000E+41    2.834291124345000E+12    7.389791017537000E+11
                       45    2.551817853920860E+31    4.120088649399635E+33    2.790529907916892E+14    3.726556524429320E+08    4.553291188811421E-12    1.106591626242919E+03    2.568944081535418E+04    2.568944081535418E+04    1.514721036911000E-01    1.774043262410887E+02    4.130366740021274E+33    2.814216501024329E+14    1.415334000000000E-14    0.000000000000000E+00    6.617588000000000E-01    4.343260000000000E-02    5.649921000000000E-04    1.467114000000000E-01    3.022816000000000E-02    2.863432000000000E-05    2.049619000000000E-02    1.214761000000000E-02    3.627995000000000E-03    7.589368000000000E-04    6.773938000000000E-04    0.000000000000000E+00    0.000000000000000E+00    0.000000000000000E+00    0.000000000000000E+00    0.000000000000000E+00    3.258578000000000E-04    0.000000000000000E+00    7.915224000000000E-02    2.662120439529000E+41    2.741175271989000E+12    6.984701087955999E+11
                       46    2.055713568001438E+31    4.140644830642914E+33    2.837903094131766E+14    3.798506524429320E+08    4.435229069014239E-12    1.076433932282635E+03    2.551259594868799E+04    2.551259594868799E+04    1.524130488586400E-01    1.742343698772382E+02    4.154204791756138E+33    2.868781536254423E+14    1.479857000000000E-14    0.000000000000000E+00    6.663683000000000E-01    4.359603000000000E-02    5.778208000000000E-04    1.438597000000000E-01    2.991348000000000E-02    2.928449000000000E-05    2.008990000000000E-02    1.187246000000000E-02    3.550060000000000E-03    7.425144000000000E-04    6.625385000000000E-04    0.000000000000000E+00    0.000000000000000E+00    0.000000000000000E+00    0.000000000000000E+00    0.000000000000000E+00    3.196049000000000E-04    0.000000000000000E+00    7.832894999999999E-02    2.682120439529000E+41    2.674617345811000E+12    6.709121826175999E+11
                       47    2.711914674660114E+31    4.167764752869364E+33    2.899659978377081E+14    3.881672919244765E+08    4.314356763698491E-12    1.047098119207254E+03    2.533696847352093E+04    2.533696847352093E+04    1.534539940261800E-01    1.701890430419133E+02    4.182072356093972E+33    2.931850176059096E+14    1.483438000000000E-14    0.000000000000000E+00    6.666242999999999E-01    4.360504000000000E-02    5.785389000000000E-04    1.437015000000000E-01    2.989601000000000E-02    2.932088000000000E-05    2.006736000000000E-02    1.185719000000000E-02    3.545737000000000E-03    7.416033999999999E-04    6.617145000000000E-04    0.000000000000000E+00    0.000000000000000E+00    0.000000000000000E+00    0.000000000000000E+00    0.000000000000000E+00    3.192581000000000E-04    0.000000000000000E+00    7.828312000000000E-02    2.708678365707000E+41    2.594780456544000E+12    6.406984638217999E+11
                       48    2.861512691282081E+31    4.196379959318579E+33    2.964040373741111E+14    3.965439314060210E+08    4.200736350312959E-12    1.009223557874028E+03    2.510467775030551E+04    2.510467775030551E+04    1.544621495628300E-01    1.660584267016977E+02    4.210634869681613E+33    2.995347252175612E+14    1.516962000000000E-14    0.000000000000000E+00    6.690409000000000E-01    4.367947000000000E-02    5.862855000000000E-04    1.422289000000000E-01    2.973081000000000E-02    2.971348000000000E-05    1.985790000000000E-02    1.171547000000000E-02    3.505602000000000E-03    7.331466000000000E-04    6.540649000000000E-04    0.000000000000000E+00    0.000000000000000E+00    0.000000000000000E+00    0.000000000000000E+00    0.000000000000000E+00    3.160377000000000E-04    0.000000000000000E+00    7.783217000000001E-02    2.741957328796000E+41    2.528222530366000E+12    6.131568487170999E+11
                       49    2.851063597411563E+31    4.224889780044648E+33    3.026654130610114E+14    4.048139314060210E+08    4.114579186473832E-12    9.727189564040297E+02    2.487451668124137E+04    2.487451668124137E+04    1.570030947303700E-01    1.620606218267334E+02    4.239520499873244E+33    3.058051541878671E+14    1.601368000000000E-14    0.000000000000000E+00    6.751677000000000E-01    4.384621000000000E-02    6.079219000000000E-04    1.385396000000000E-01    2.931155000000000E-02    3.081004000000000E-05    1.933375000000000E-02    1.136108000000000E-02    3.405263000000000E-03    7.120043000000000E-04    6.349413000000000E-04    0.000000000000000E+00    0.000000000000000E+00    0.000000000000000E+00    0.000000000000000E+00    0.000000000000000E+00    3.079859000000000E-04    0.000000000000000E+00    7.665103000000000E-02    2.768515254974000E+41    2.481664604188000E+12    5.922547151568999E+11
                       50    2.926205606425242E+31    4.254151219701840E+33    3.089448953147229E+14    4.131805708875655E+08    4.058125043624293E-12    9.462096643572459E+02    2.470328171285502E+04    2.470328171285502E+04    1.574112502670200E-01    1.580980110778801E+02    4.269334717474490E+33    3.121426640023646E+14    1.646202000000000E-14    0.000000000000000E+00    6.784417000000000E-01    4.392522000000000E-02    6.203999000000000E-04    1.365883000000000E-01    2.908731000000000E-02    3.144244000000000E-05    1.905682000000000E-02    1.117396000000000E-02    3.352293000000000E-03    7.008434000000000E-04    6.248463000000000E-04    0.000000000000000E+00    0.000000000000000E+00    0.000000000000000E+00    0.000000000000000E+00    0.000000000000000E+00    3.037350000000000E-04    0.000000000000000E+00    7.600251000000000E-02    2.811794218063000E+41    2.445106678010000E+12    5.746804779056000E+11
                       51    3.036602122446399E+31    4.284518215247141E+33    3.153404326900064E+14    4.209822103691101E+08    4.002445480652904E-12    9.119843369410128E+02    2.447680066478210E+04    2.447680066478210E+04    1.578521954345600E-01    1.541083028130089E+02    4.297824654101852E+33    3.180495478662202E+14    1.648753000000000E-14    0.000000000000000E+00    6.786278000000000E-01    4.392983000000000E-02    6.210992000000000E-04    1.364772000000000E-01    2.907456000000000E-02    3.147788000000000E-05    1.904105000000000E-02    1.116330000000000E-02    3.349275000000001E-03    7.002075000000000E-04    6.242711000000000E-04    0.000000000000000E+00    0.000000000000000E+00    0.000000000000000E+00    0.000000000000000E+00    0.000000000000000E+00    3.034928000000000E-04    0.000000000000000E+00    7.596584000000001E-02    2.855073181152000E+41    2.411827714921000E+12    5.571062406542999E+11
                       52    2.661333504369297E+31    4.311131092956564E+33    3.207586630424340E+14    4.282122103691100E+08    3.938450803165915E-12    8.871302318874457E+02    2.430830355419528E+04    2.430830355419528E+04    1.582931406021000E-01    1.507745668777855E+02    4.324901825516084E+33    3.235260843866802E+14    1.768203000000000E-14    0.000000000000000E+00    6.873406000000000E-01    4.414525000000000E-02    6.538382000000000E-04    1.312740000000000E-01    2.847791000000000E-02    3.313712000000000E-05    1.830247000000000E-02    1.066420000000000E-02    3.207980000000000E-03    6.704362000000000E-04    5.973428000000000E-04    0.000000000000000E+00    0.000000000000000E+00    0.000000000000000E+00    0.000000000000000E+00    0.000000000000000E+00    2.921538000000000E-04    0.000000000000000E+00    7.424885000000001E-02    2.901794218063000E+41    2.368548751832000E+12    5.445156923297000E+11
                       53    2.754084871197878E+31    4.338672558075603E+33    3.262935057309265E+14    4.355722103691100E+08    3.866565974693542E-12    8.629534701971271E+02    2.414096636955895E+04    2.414096636955895E+04    1.588996650314200E-01    1.474197474956710E+02    4.352921503209026E+33    3.291015459133989E+14    1.770193000000000E-14    0.000000000000000E+00    6.874858000000000E-01    4.414883000000000E-02    6.543837000000000E-04    1.311873000000000E-01    2.846797000000000E-02    3.316477000000000E-05    1.829017000000000E-02    1.065588000000000E-02    3.205625000000000E-03    6.699401000000000E-04    5.968941000000000E-04    0.000000000000000E+00    0.000000000000000E+00    0.000000000000000E+00    0.000000000000000E+00    0.000000000000000E+00    2.919649000000000E-04    0.000000000000000E+00    7.422024000000001E-02    2.941794218063000E+41    2.331990825654000E+12    5.289251440050999E+11
                       54    2.849854644210179E+31    4.367170448342447E+33    3.319095860958712E+14    4.430472103691100E+08    3.813514700679890E-12    8.347856961006635E+02    2.393862748300937E+04    2.393862748300937E+04    1.592389790916300E-01    1.440564454231614E+02    4.381972171419924E+33    3.347605536713881E+14    1.826269000000000E-14    0.000000000000000E+00    6.916706000000000E-01    4.422243000000000E-02    6.728361000000000E-04    1.287421000000000E-01    2.818014000000000E-02    3.409995000000000E-05    1.794406000000000E-02    1.042231000000000E-02    3.139520000000000E-03    6.560121000000000E-04    5.842968000000000E-04    0.000000000000000E+00    0.000000000000000E+00    0.000000000000000E+00    0.000000000000000E+00    0.000000000000000E+00    2.866589000000000E-04    0.000000000000000E+00    7.335230000000000E-02    2.991794218063000E+41    2.298711862565000E+12    5.173182846072000E+11
                       55    2.960404267791378E+31    4.396773894497399E+33    3.376115212469049E+14    4.506072103691099E+08    3.792416740932595E-12    8.120354683306407E+02    2.375497901145207E+04    2.377383513054702E+04    1.596733998298500E-01    1.406511932483064E+02    4.412005114106947E+33    3.404749443590920E+14    1.855160000000000E-14    0.000000000000000E+00    6.938267000000000E-01    4.426035000000000E-02    6.823429000000000E-04    1.274823000000000E-01    2.803185000000000E-02    3.458176000000000E-05    1.776574000000000E-02    1.030197000000000E-02    3.105463000000000E-03    6.488364000000000E-04    5.778067000000000E-04    0.000000000000000E+00    0.000000000000000E+00    0.000000000000000E+00    0.000000000000000E+00    0.000000000000000E+00    2.839252000000000E-04    0.000000000000000E+00    7.290513000000000E-02    3.048515254974000E+41    2.285432899476000E+12    5.100393215182000E+11
                       56    3.046224037810706E+31    4.427236333716494E+33    3.433383674712791E+14    4.583688498506545E+08    3.787262650134351E-12    7.870229186795782E+02    2.359145088617549E+04    2.359145088617549E+04    1.599717687225200E-01    1.372293766223542E+02    4.443791834299926E+33    3.463363481243323E+14    1.878413000000000E-14    0.000000000000000E+00    6.956120000000000E-01    4.427912000000000E-02    6.913695000000000E-04    1.264605000000000E-01    2.790837000000000E-02    3.503924000000000E-05    1.762155000000000E-02    1.020479000000000E-02    3.077965000000000E-03    6.430431000000000E-04    5.725672000000000E-04    0.000000000000000E+00    0.000000000000000E+00    0.000000000000000E+00    0.000000000000000E+00    0.000000000000000E+00    2.817177000000000E-04    0.000000000000000E+00    7.251857000000000E-02    3.115236291885000E+41    2.278711862565000E+12    5.044161510469999E+11
                       57    3.311076255767945E+31    4.460347334883358E+33    3.493343287773854E+14    4.673638498506545E+08    3.761191317433619E-12    7.655743591944031E+02    2.342904848059513E+04    2.342904848059513E+04    1.604701376151900E-01    1.336599457593764E+02    4.481587529122154E+33    3.531251583149946E+14    1.968270000000000E-14    0.000000000000000E+00    7.025108000000000E-01    4.435168000000000E-02    7.262507000000000E-04    1.225118000000000E-01    2.743119000000000E-02    3.680705000000000E-05    1.706435000000000E-02    9.829253000000000E-03    2.971708000000000E-03    6.206563999999999E-04    5.523205000000000E-04    0.000000000000000E+00    0.000000000000000E+00    0.000000000000000E+00    0.000000000000000E+00    0.000000000000000E+00    2.731870000000000E-04    0.000000000000000E+00    7.102479000000000E-02    3.191957328796000E+41    2.265432899476000E+12    4.987929805757999E+11
                       58    4.247997091152030E+31    4.502827723360951E+33    3.569159878526037E+14    4.778722103691100E+08    3.658688412127578E-12    7.378827871338892E+02    2.321424967301502E+04    2.321424967301502E+04    1.618357168769700E-01    1.292317269203766E+02    4.526497754461741E+33    3.610719542158443E+14    1.968272000000000E-14    0.000000000000000E+00    7.025109000000000E-01    4.435168000000000E-02    7.262516000000000E-04    1.225117000000000E-01    2.743118000000000E-02    3.680709000000000E-05    1.706434000000000E-02    9.829243999999999E-03    2.971706000000000E-03    6.206559000000000E-04    5.523201000000000E-04    0.000000000000000E+00    0.000000000000000E+00    0.000000000000000E+00    0.000000000000000E+00    0.000000000000000E+00    2.731868000000000E-04    0.000000000000000E+00    7.102476000000001E-02    3.288678365707000E+41    2.205596010209000E+12    4.815303285601000E+11
                       59    4.734079791323134E+31    4.550167785562530E+33    3.652279205790849E+14    4.879788498506545E+08    3.485984284432943E-12    7.046725910656947E+02    2.294851835439781E+04    2.294851835439781E+04    1.640340857696400E-01    1.245424489442954E+02    4.570133409074210E+33    3.687206758601570E+14    2.069210000000000E-14    0.000000000000000E+00    7.104825000000000E-01    4.438907000000000E-02    7.709593000000000E-04    1.180250000000000E-01    2.687657000000000E-02    3.907292000000000E-05    1.643301000000000E-02    9.404203000000000E-03    2.851464000000000E-03    5.953236999999999E-04    5.294105000000000E-04    0.000000000000000E+00    0.000000000000000E+00    0.000000000000000E+00    0.000000000000000E+00    0.000000000000000E+00    2.635314000000000E-04    0.000000000000000E+00    6.924226999999999E-02    3.378841476440000E+41    2.095759120942000E+12    4.576118839266000E+11
                       60    3.993088910958152E+31    4.590099032585888E+33    3.722134311412291E+14    4.964988498506545E+08    3.494020308144377E-12    6.754216834078165E+02    2.270383629096836E+04    2.270383629096836E+04    1.641324546623100E-01    1.205897146683458E+02    4.607389250616543E+33    3.751524839803376E+14    2.195570000000000E-14    0.000000000000000E+00    7.207187000000000E-01    4.438236000000000E-02    8.329480999999998E-04    1.123441000000000E-01    2.616125000000000E-02    4.221457000000000E-05    1.563555000000000E-02    8.867787000000000E-03    2.699737000000000E-03    5.633595000000000E-04    5.005041000000000E-04    0.000000000000000E+00    0.000000000000000E+00    0.000000000000000E+00    0.000000000000000E+00    0.000000000000000E+00    2.513457000000000E-04    0.000000000000000E+00    6.689897000000000E-02    3.475562513351000E+41    2.105759120942000E+12    4.583002986910000E+11
                       61    3.457989919064471E+31    4.624679468647198E+33    3.780915368194461E+14    5.044472103691100E+08    3.446080552301641E-12    6.509910216534149E+02    2.249568626870718E+04    2.249568626870718E+04    1.667308235549800E-01    1.172568226532563E+02    4.642949972744106E+33    3.811509243431629E+14    2.219313000000000E-14    0.000000000000000E+00    7.226626000000000E-01    4.437844000000000E-02    8.451029000000000E-04    1.112708000000000E-01    2.602500000000000E-02    4.283059000000000E-05    1.548506000000000E-02    8.766599000000000E-03    2.671118000000000E-03    5.573303000000000E-04    4.950518000000000E-04    0.000000000000000E+00    0.000000000000000E+00    0.000000000000000E+00    0.000000000000000E+00    0.000000000000000E+00    2.490469000000000E-04    0.000000000000000E+00    6.644905000000000E-02    3.559004587173000E+41    2.072480157853000E+12    4.503329208376000E+11
                       62    3.654202228285213E+31    4.661220476841016E+33    3.842103118668798E+14    5.131688498506545E+08    3.325952595916757E-12    6.309390092887633E+02    2.232310751903521E+04    2.232310751903521E+04    1.683291924476500E-01    1.138754636753888E+02    4.682422891292270E+33    3.877554168667023E+14    2.245977000000000E-14    0.000000000000000E+00    7.249730000000000E-01    4.435027000000000E-02    8.615933000000000E-04    1.100293000000000E-01    2.586145000000000E-02    4.366634000000000E-05    1.531186000000000E-02    8.650345000000000E-03    2.638246000000000E-03    5.504057000000000E-04    4.887903000000000E-04    0.000000000000000E+00    0.000000000000000E+00    0.000000000000000E+00    0.000000000000000E+00    0.000000000000000E+00    2.464056000000000E-04    0.000000000000000E+00    6.589173000000000E-02    3.639004587173000E+41    2.002643268586000E+12    4.333818540575000E+11
                       63    4.240437156823637E+31    4.703625305743523E+33    3.913005218665249E+14    5.226988498506545E+08    3.171943368592979E-12    6.047487772115521E+02    2.211844803913600E+04    2.208509372112618E+04    1.703947717094300E-01    1.100927109444405E+02    4.725264176161395E+33    3.949688431805519E+14    2.317901000000000E-14    0.000000000000000E+00    7.312050000000000E-01    4.427428000000000E-02    9.060751000000000E-04    1.066804000000000E-01    2.542028000000000E-02    4.592072000000000E-05    1.484467000000000E-02    8.336758000000000E-03    2.549576000000000E-03    5.317270000000000E-04    4.719001000000000E-04    0.000000000000000E+00    0.000000000000000E+00    0.000000000000000E+00    0.000000000000000E+00    0.000000000000000E+00    2.392809000000000E-04    0.000000000000000E+00    6.438836000000001E-02    3.719004587173000E+41    1.912806379319000E+12    4.141028909685000E+11
                       64    4.327658755801806E+31    4.746903046579266E+33    3.986371644945790E+14    5.316322103691100E+08    3.190921020914593E-12    5.828744234775997E+02    2.188261636484250E+04    2.188261636484250E+04    1.701603509712100E-01    1.061600061836603E+02    4.766036520560059E+33    4.017156558381634E+14    2.318007000000000E-14    0.000000000000000E+00    7.312145000000000E-01    4.427413000000000E-02    9.061461000000000E-04    1.066754000000000E-01    2.541961000000000E-02    4.592431000000000E-05    1.484396000000000E-02    8.336288000000001E-03    2.549443000000000E-03    5.316990000000000E-04    4.718748000000000E-04    0.000000000000000E+00    0.000000000000000E+00    0.000000000000000E+00    0.000000000000000E+00    0.000000000000000E+00    2.392702000000000E-04    0.000000000000000E+00    6.438604000000001E-02    3.825725624084000E+41    1.922806379319000E+12    4.144470983507000E+11
                       65    3.826698772978140E+31    4.785169994540851E+33    4.047941471817478E+14    5.399038498506545E+08    3.135634433099145E-12    5.597413353198015E+02    2.166479834711641E+04    2.166479834711641E+04    1.708587198638800E-01    1.029034710064992E+02    4.805082925190955E+33    4.079700909468762E+14    2.391223000000000E-14    0.000000000000000E+00    7.377169000000000E-01    4.416913000000000E-02    9.549160999999999E-04    1.032190000000000E-01    2.495726000000000E-02    4.839602000000000E-05    1.436284000000000E-02    8.013589999999999E-03    2.458207000000000E-03    5.124802000000000E-04    4.544968000000000E-04    0.000000000000000E+00    0.000000000000000E+00    0.000000000000000E+00    0.000000000000000E+00    0.000000000000000E+00    2.319380000000000E-04    0.000000000000000E+00    6.279195000000000E-02    3.905725624084001E+41    1.889527416230000E+12    4.081355131151000E+11
                       66    3.982574199561901E+31    4.824995855841061E+33    4.111460347120046E+14    5.496254893321990E+08    3.047305917553387E-12    5.394949447032596E+02    2.146617428198295E+04    2.146617428198295E+04    1.720570887565500E-01    9.961485171169053E+01    4.851149410870353E+33    4.153247052310917E+14    2.484485000000000E-14    0.000000000000000E+00    7.459997999999999E-01    4.403539000000000E-02    1.017040000000000E-03    9.881619000000000E-02    2.436831000000000E-02    5.154452000000000E-05    1.374997000000000E-02    7.602532000000000E-03    2.341988000000000E-03    4.879990000000000E-04    4.323605000000000E-04    0.000000000000000E+00    0.000000000000000E+00    0.000000000000000E+00    0.000000000000000E+00    0.000000000000000E+00    2.225982000000000E-04    0.000000000000000E+00    6.076137000000000E-02    3.989167697906000E+41    1.832969490052000E+12    3.974960315706000E+11
                       67    5.230734866776740E+31    4.877302965899645E+33    4.195033757501788E+14    5.614304893321989E+08    2.930326786310534E-12    5.152136723876579E+02    2.122045301689944E+04    2.122045301689944E+04    1.735882472801100E-01    9.541634407215619E+01    4.907042618130739E+33    4.242498100718418E+14    2.498350000000000E-14    0.000000000000000E+00    7.472312000000000E-01    4.401551000000000E-02    1.026276000000000E-03    9.816164999999999E-02    2.428076000000000E-02    5.201260000000000E-05    1.365886000000000E-02    7.541422000000001E-03    2.324711000000000E-03    4.843594000000000E-04    4.290695000000000E-04    0.000000000000000E+00    0.000000000000000E+00    0.000000000000000E+00    0.000000000000000E+00    0.000000000000000E+00    2.212097000000000E-04    0.000000000000000E+00    6.045949000000000E-02    4.079167697905999E+41    1.763132600785000E+12    3.822007574083000E+11
                       68    5.947968226006621E+31    4.936782270361835E+33    4.289962443935047E+14    5.737204893321990E+08    2.866324955705988E-12    4.892997556750069E+02    2.094591064884677E+04    2.094591064884677E+04    1.743866161727800E-01    9.073008053137887E+01    4.965768315251936E+33    4.335382446162029E+14    2.522531000000000E-14    0.000000000000000E+00    7.494668000000000E-01    4.396578000000000E-02    1.044294000000000E-03    9.699313000000001E-02    2.412069000000000E-02    5.292580000000000E-05    1.349677000000000E-02    7.432834999999999E-03    2.294015000000000E-03    4.778937000000000E-04    4.232234000000001E-04    0.000000000000000E+00    0.000000000000000E+00    0.000000000000000E+00    0.000000000000000E+00    0.000000000000000E+00    2.187422000000000E-04    0.000000000000000E+00    5.989823000000000E-02    4.185888734817000E+41    1.726574674607000E+12    3.728891721727000E+11
                       69    5.797288514414994E+31    4.994754360142037E+33    4.380802448389010E+14    5.853671288137435E+08    2.807536589041048E-12    4.613041689853225E+02    2.064213675947848E+04    2.064213675947848E+04    1.749177746963400E-01    8.632368878403307E+01    5.022619936069999E+33    4.423458116705851E+14    2.617730000000000E-14    0.000000000000000E+00    7.583850000000000E-01    4.375079000000000E-02    1.117698000000000E-03    9.235506000000000E-02    2.348071000000000E-02    5.664595000000000E-05    1.285413000000000E-02    7.002461999999999E-03    2.172361000000000E-03    4.522689000000000E-04    4.000546000000000E-04    0.000000000000000E+00    0.000000000000000E+00    0.000000000000000E+00    0.000000000000000E+00    0.000000000000000E+00    2.089620000000000E-04    0.000000000000000E+00    5.764417000000000E-02    4.292609771728000E+41    1.686574674607000E+12    3.669054832460000E+11
                       70    5.573107231953013E+31    5.050485511997961E+33    4.466113785022693E+14    5.977737682952881E+08    2.681176627518112E-12    4.365031473868767E+02    2.035891602546752E+04    2.035891602546752E+04    1.765145124816800E-01    8.233475061729470E+01    5.083879861571400E+33    4.517216589301144E+14    2.694434000000000E-14    0.000000000000000E+00    7.658165000000000E-01    4.353731000000000E-02    1.182017000000000E-03    8.853861000000000E-02    2.294446000000000E-02    5.990568000000000E-05    1.232682000000000E-02    6.649638000000000E-03    2.072640000000000E-03    4.312645000000000E-04    3.810642000000000E-04    0.000000000000000E+00    0.000000000000000E+00    0.000000000000000E+00    0.000000000000000E+00    0.000000000000000E+00    2.009434000000000E-04    0.000000000000000E+00    5.573478999999999E-02    4.369330808639000E+41    1.616737785340000E+12    3.516102090837000E+11
                       71    6.678766517374404E+31    5.117274211144839E+33    4.568319393579594E+14    6.120521288137435E+08    2.662719537439352E-12    4.107475663028873E+02    2.004930149094770E+04    2.004930149094770E+04    1.762784606361300E-01    7.759452751239945E+01    5.154402794455448E+33    4.625089533999476E+14    2.759758000000000E-14    0.000000000000000E+00    7.723477000000001E-01    4.332276000000000E-02    1.241017000000000E-03    8.522204000000000E-02    2.247081000000000E-02    6.289586000000001E-05    1.186976000000000E-02    6.344067000000000E-03    1.986283000000000E-03    4.130756000000000E-04    3.646199000000000E-04    0.000000000000000E+00    0.000000000000000E+00    0.000000000000000E+00    0.000000000000000E+00    0.000000000000000E+00    1.939980000000000E-04    0.000000000000000E+00    5.403281000000000E-02    4.466051845550000E+41    1.603458822251000E+12    3.502823127747999E+11
                       72    7.425758418729153E+31    5.191531377766057E+33    4.681859674419356E+14    6.270321288137435E+08    2.434027187494851E-12    3.836960952206140E+02    1.971308756494247E+04    1.971308756494247E+04    1.794751984214700E-01    7.269240367789186E+01    5.227646866247545E+33    4.738411261942606E+14    2.810323000000000E-14    0.000000000000000E+00    7.774634999999999E-01    4.314694000000000E-02    1.287942000000000E-03    8.263510000000000E-02    2.209913000000000E-02    6.527409000000001E-05    1.151360000000000E-02    6.106023000000000E-03    1.919012000000000E-03    3.989069000000000E-04    3.518104000000000E-04    0.000000000000000E+00    0.000000000000000E+00    0.000000000000000E+00    0.000000000000000E+00    0.000000000000000E+00    1.885872000000000E-04    0.000000000000000E+00    5.269280000000000E-02    4.529493919372000E+41    1.467064006806000E+12    3.213475570680000E+11
                       73    7.223083777428643E+31    5.263762354729035E+33    4.794962849465855E+14    6.410837682952880E+08    2.295704867387524E-12    3.564407751986640E+02    1.935328316745511E+04    1.935328316745511E+04    1.823375154685900E-01    6.801151835371633E+01    5.295166306021905E+33    4.844792220152246E+14    2.907142000000000E-14    0.000000000000000E+00    7.875858000000000E-01    4.275731000000000E-02    1.384626000000000E-03    7.757472000000000E-02    2.136003000000000E-02    7.017413000000001E-05    1.081876000000000E-02    5.642016000000000E-03    1.787898000000000E-03    3.712923000000000E-04    3.268459000000000E-04    0.000000000000000E+00    0.000000000000000E+00    0.000000000000000E+00    0.000000000000000E+00    0.000000000000000E+00    1.780391000000000E-04    0.000000000000000E+00    5.000423000000000E-02    4.566378067016000E+41    1.380506080628000E+12    3.043801792146000E+11
                       74    6.280830026771346E+31    5.326570257314774E+33    4.894621590838638E+14    6.537687682952881E+08    2.184366084655553E-12    3.341853285454772E+02    1.904384556971585E+04    1.904384556971585E+04    1.835670428848200E-01    6.406006330001566E+01    5.355309739380908E+33    4.940804121092722E+14    2.986947000000000E-14    0.000000000000000E+00    7.960270000000000E-01    4.242033000000000E-02    1.466361000000000E-03    7.337162000000000E-02    2.074263000000000E-02    7.431651999999999E-05    1.024218000000000E-02    5.257097000000000E-03    1.679136000000000E-03    3.483857000000000E-04    3.061377000000000E-04    0.000000000000000E+00    0.000000000000000E+00    0.000000000000000E+00    0.000000000000000E+00    0.000000000000000E+00    1.692886000000000E-04    0.000000000000000E+00    4.775146000000001E-02    4.583262214660000E+41    1.317390228272000E+12    2.907406976701000E+11
                       75    5.747872552308406E+31    5.384049221447043E+33    4.986986651346808E+14    6.666187682952880E+08    2.057431690134396E-12    3.162185766529665E+02    1.878255421293955E+04    1.878255421293955E+04    1.850965703010500E-01    6.058111757149973E+01    5.415160876488920E+33    5.038044936072609E+14    3.003943000000000E-14    0.000000000000000E+00    7.978589000000000E-01    4.234303000000000E-02    1.484481000000000E-03    7.246531000000000E-02    2.060827000000000E-02    7.523487000000000E-05    1.011804000000000E-02    5.174262000000000E-03    1.655732000000000E-03    3.434565000000000E-04    3.016818000000000E-04    0.000000000000000E+00    0.000000000000000E+00    0.000000000000000E+00    0.000000000000000E+00    0.000000000000000E+00    1.674054000000000E-04    0.000000000000000E+00    4.725886999999999E-02    4.570146362304000E+41    1.240832302094000E+12    2.744454235078000E+11
                       76    6.222394637491272E+31    5.446272531530795E+33    5.089103220798410E+14    6.807854077768326E+08    1.942340764286707E-12    2.992177683432339E+02    1.852484790797833E+04    1.852484790797833E+04    1.865260977172800E-01    5.692121321325317E+01    5.480145093678138E+33    5.145253822524022E+14    3.006458000000000E-14    0.000000000000000E+00    7.981308000000000E-01    4.233146000000000E-02    1.487180000000000E-03    7.233088999999999E-02    2.058832000000000E-02    7.537164000000000E-05    1.009963000000000E-02    5.161981000000000E-03    1.652262000000000E-03    3.427257000000000E-04    3.010211000000000E-04    0.000000000000000E+00    0.000000000000000E+00    0.000000000000000E+00    0.000000000000000E+00    0.000000000000000E+00    1.671262000000000E-04    0.000000000000000E+00    4.718566000000000E-02    4.530309473037000E+41    1.170995412827000E+12    2.588059419633000E+11
                       77    6.774492545369551E+31    5.514017655825479E+33    5.201404424249635E+14    6.958820472583770E+08    1.863482955875808E-12    2.821035623983637E+02    1.825620800644499E+04    1.825620800644499E+04    1.870556251335100E-01    5.304795028178246E+01    5.548279946307476E+33    5.259521571289909E+14    3.081163000000000E-14    0.000000000000000E+00    8.062362000000000E-01    4.198303000000000E-02    1.567945000000000E-03    6.832972000000000E-02    1.999330000000000E-02    7.946488000000000E-05    9.551880000000000E-03    4.796543000000000E-03    1.549014000000000E-03    3.209807000000000E-04    2.813638000000000E-04    0.000000000000000E+00    0.000000000000000E+00    0.000000000000000E+00    0.000000000000000E+00    0.000000000000000E+00    1.588179000000000E-04    0.000000000000000E+00    4.500041000000000E-02    4.483914657592000E+41    1.121076968193500E+12    2.494943567277000E+11
                       78    6.852454119579881E+31    5.582542236789475E+33    5.317638718330182E+14    7.114986867399215E+08    1.711297141372327E-12    2.644895821231497E+02    1.800572344217294E+04    1.796431142742719E+04    1.891835214424100E-01    4.932342049877072E+01    5.616581825365954E+33    5.377795450526285E+14    3.126457000000000E-14    0.000000000000000E+00    8.112751000000000E-01    4.175159000000000E-02    1.619516000000000E-03    6.586299000000000E-02    1.962209000000000E-02    8.207854999999999E-05    9.214866000000000E-03    4.571845000000000E-03    1.485534000000000E-03    3.076117000000000E-04    2.692786000000000E-04    0.000000000000000E+00    0.000000000000000E+00    0.000000000000000E+00    0.000000000000000E+00    0.000000000000000E+00    1.537089000000000E-04    0.000000000000000E+00    4.362871000000000E-02    4.407682952880001E+41    1.031912182617600E+12    2.301990825654000E+11
                       79    6.807975379182235E+31    5.650621413942434E+33    5.437952182722388E+14    7.270403262214659E+08    1.571539947191379E-12    2.502698713990347E+02    1.771783183436178E+04    1.771783183436178E+04    1.912786281204200E-01    4.574286433630951E+01    5.681995539087244E+33    5.495555545906044E+14    3.171371000000000E-14    0.000000000000000E+00    8.163300000000000E-01    4.151264000000000E-02    1.671873000000000E-03    6.339789000000000E-02    1.924910000000000E-02    8.473207000000001E-05    8.878389000000000E-03    4.347572000000000E-03    1.422176000000000E-03    2.942685000000000E-04    2.572170000000000E-04    0.000000000000000E+00    0.000000000000000E+00    0.000000000000000E+00    0.000000000000000E+00    0.000000000000000E+00    1.486095000000000E-04    0.000000000000000E+00    4.224662000000000E-02    4.304893321990000E+41    9.454358118060999E+11    2.119038084031000E+11
                       80    6.274791225994036E+31    5.713369664232054E+33    5.553158909089700E+14    7.417953262214661E+08    1.453200119438840E-12    2.390058716906154E+02    1.751501749046955E+04    1.751501749046955E+04    1.929065244293200E-01    4.254456215197000E+01    5.742008731599717E+33    5.607356934695619E+14    3.203371000000000E-14    0.000000000000000E+00    8.199387999999999E-01    4.134123000000000E-02    1.709326000000000E-03    6.163919999999999E-02    1.898275000000000E-02    8.663023000000000E-05    8.638371000000001E-03    4.187599000000000E-03    1.376984000000000E-03    2.847510000000000E-04    2.486136000000000E-04    0.000000000000000E+00    0.000000000000000E+00    0.000000000000000E+00    0.000000000000000E+00    0.000000000000000E+00    1.449720000000000E-04    0.000000000000000E+00    4.125922000000000E-02    4.175545764922000E+41    8.742547151568999E+11    1.959364305497000E+11
                       81    5.727847276500606E+31    5.770647798967381E+33    5.661554960301540E+14    7.561219657030106E+08    1.361181553635635E-12    2.282488354801285E+02    1.731452474317409E+04    1.731452474317409E+04    1.941344207382200E-01    3.970696530823547E+01    5.798861346622716E+33    5.715888751446105E+14    3.226615000000000E-14    0.000000000000000E+00    8.225582999999999E-01    4.121702000000000E-02    1.736494000000000E-03    6.036230000000000E-02    1.878943000000000E-02    8.800711999999999E-05    8.464096000000001E-03    4.071443000000000E-03    1.344170000000000E-03    2.778403000000000E-04    2.423667000000000E-04    0.000000000000000E+00    0.000000000000000E+00    0.000000000000000E+00    0.000000000000000E+00    0.000000000000000E+00    1.423309000000000E-04    0.000000000000000E+00    4.054266000000000E-02    4.039477170943000E+41    8.183688926700000E+11    1.836248453141000E+11
                       82    5.642669762869513E+31    5.827074894278051E+33    5.770222542590670E+14    7.712436051845551E+08    1.292187170676320E-12    2.199928522441208E+02    1.715578422617313E+04    1.715578422617313E+04    1.948967377853400E-01    3.699542849132042E+01    5.857720267205249E+33    5.830385043702281E+14    3.251918000000000E-14    0.000000000000000E+00    8.254098000000000E-01    4.108180000000000E-02    1.766068000000000E-03    5.897232000000000E-02    1.857899000000000E-02    8.950593000000000E-05    8.274389000000000E-03    3.945000000000000E-03    1.308450000000000E-03    2.703177000000000E-04    2.355665000000000E-04    0.000000000000000E+00    0.000000000000000E+00    0.000000000000000E+00    0.000000000000000E+00    0.000000000000000E+00    1.394558000000000E-04    0.000000000000000E+00    3.976265000000000E-02    3.910129613875000E+41    7.784341369632000E+11    1.746411563874000E+11
                       83    6.128957269257299E+31    5.888365640132447E+33    5.890547544813895E+14    7.876502446660994E+08    1.232866508869056E-12    2.120354959827031E+02    1.699849905097979E+04    1.699849905097979E+04    1.954590548324600E-01    3.412180390440841E+01    5.918877789598308E+33    5.954721608295762E+14    3.275998000000000E-14    0.000000000000000E+00    8.281236000000000E-01    4.095311000000000E-02    1.794214000000000E-03    5.764944000000000E-02    1.837871000000000E-02    9.093240000000000E-05    8.093838000000001E-03    3.824660000000000E-03    1.274454000000000E-03    2.631581000000000E-04    2.290946000000000E-04    0.000000000000000E+00    0.000000000000000E+00    0.000000000000000E+00    0.000000000000000E+00    0.000000000000000E+00    1.367196000000000E-04    0.000000000000000E+00    3.902029000000000E-02    3.760945167540000E+41    7.421714849475000E+11    1.673295711518000E+11
                       84    6.102571070273136E+31    5.949389939064170E+33    6.018895671777631E+14    8.075535236291884E+08    1.023095218627812E-12    2.051102573447277E+02    1.685600498496330E+04    1.685600498496330E+04    2.010148474502600E-01    3.150439259781267E+01    5.986641803786763E+33    6.105676674209810E+14    3.283849000000000E-14    0.000000000000000E+00    8.290080000000000E-01    4.091117000000000E-02    1.803386000000000E-03    5.721833000000000E-02    1.831344000000000E-02    9.139727000000000E-05    8.034998999999999E-03    3.785444000000000E-03    1.263376000000000E-03    2.608249000000000E-04    2.269855000000000E-04    0.000000000000000E+00    0.000000000000000E+00    0.000000000000000E+00    0.000000000000000E+00    0.000000000000000E+00    1.358279000000000E-04    0.000000000000000E+00    3.877836000000000E-02    3.548481758116000E+41    6.157603584292000E+11    1.387227117539000E+11
                       85    7.450249663106542E+31    6.023893668509356E+33    6.192457676641990E+14    8.325868025922774E+08    9.245194558808259E-13    1.984152273190244E+02    1.671472541776947E+04    1.671472541776947E+04    2.017739022827200E-01    2.829271902679945E+01    6.065412660814467E+33    6.295535611198336E+14    3.298862000000000E-14    0.000000000000000E+00    8.307000000000000E-01    4.083094000000000E-02    1.820934000000000E-03    5.639357000000000E-02    1.818858000000000E-02    9.228660000000001E-05    7.922435000000000E-03    3.710418000000000E-03    1.242181000000000E-03    2.563613000000000E-04    2.229506000000000E-04    0.000000000000000E+00    0.000000000000000E+00    0.000000000000000E+00    0.000000000000000E+00    0.000000000000000E+00    1.341219000000000E-04    0.000000000000000E+00    3.831554000000000E-02    3.253228717802000E+41    5.565466396333999E+11    1.254111265183000E+11
                       86    8.303780565333292E+31    6.106931653119577E+33    6.398613545754684E+14    8.609300815553665E+08    8.201929935307381E-13    1.919426318314741E+02    1.659966205733615E+04    1.657464984740435E+04    2.043624845314100E-01    2.486314379232545E+01    6.147775580273585E+33    6.510678942399531E+14    3.326011000000000E-14    0.000000000000000E+00    8.337595000000000E-01    4.068587000000000E-02    1.852665000000000E-03    5.490221000000001E-02    1.796279000000000E-02    9.389475000000000E-05    7.718889000000000E-03    3.574752000000000E-03    1.203855000000000E-03    2.482899000000000E-04    2.156544000000000E-04    0.000000000000000E+00    0.000000000000000E+00    0.000000000000000E+00    0.000000000000000E+00    0.000000000000000E+00    1.310372000000000E-04    0.000000000000000E+00    3.747863000000000E-02    2.898301898954001E+41    4.940050245287000E+11    1.116372242355800E+11
                       87    8.168793384441214E+31    6.188619507427594E+33    6.622744339044378E+14    8.908049999999999E+08    6.765897667166264E-13    1.874030847467999E+02    1.651163192132574E+04    1.647365622172120E+04    2.093805941963300E-01    2.170981928494474E+01    6.225381229117060E+33    6.737677941903915E+14    3.349278000000000E-14    0.000000000000000E+00    8.363813000000000E-01    4.056154000000000E-02    1.879856000000000E-03    5.362420000000000E-02    1.776930000000000E-02    9.527283000000000E-05    7.544463999999999E-03    3.458495000000000E-03    1.171013000000000E-03    2.413732000000000E-04    2.094021000000000E-04    0.000000000000000E+00    0.000000000000000E+00    0.000000000000000E+00    0.000000000000000E+00    0.000000000000000E+00    1.283937000000000E-04    0.000000000000000E+00    3.676145000000000E-02    2.486652368352101E+41    4.075123426439000E+11    9.208126413348999E+10
                       88    7.352314511745051E+31    6.262142950806526E+33    6.852611544763455E+14    9.206549184446335E+08    5.512205814686959E-13    1.853590989826911E+02    1.648679189423598E+04    1.642414742757611E+04    2.152987038612500E-01    1.899882687462139E+01    6.294478472123817E+33    6.964691894503126E+14    3.354780000000000E-14    0.000000000000000E+00    8.370011000000001E-01    4.053215000000000E-02    1.886284000000000E-03    5.332208000000000E-02    1.772356000000000E-02    9.559861000000002E-05    7.503229000000000E-03    3.431012000000001E-03    1.163249000000000E-03    2.397381000000000E-04    2.079240000000000E-04    0.000000000000000E+00    0.000000000000000E+00    0.000000000000000E+00    0.000000000000000E+00    0.000000000000000E+00    1.277688000000000E-04    0.000000000000000E+00    3.659191000000000E-02    2.031658295399421E+41    3.320033496858000E+11    7.511388628009000E+10
                       89    6.467181811443295E+31    6.326813993441109E+33    7.076772244242798E+14    9.495014763708115E+08    4.807464157753738E-13    1.860569191446801E+02    1.653799417871728E+04    1.643728310009088E+04    2.198872861099400E-01    1.664285039840491E+01    6.354351481740406E+33    7.184434986050240E+14    3.354781000000000E-14    0.000000000000000E+00    8.370011000000001E-01    4.053215000000000E-02    1.886284000000000E-03    5.332207000000000E-02    1.772356000000000E-02    9.559861000000002E-05    7.503229000000000E-03    3.431010999999999E-03    1.163249000000000E-03    2.397381000000000E-04    2.079240000000000E-04    0.000000000000000E+00    0.000000000000000E+00    0.000000000000000E+00    0.000000000000000E+00    0.000000000000000E+00    1.277688000000000E-04    0.000000000000000E+00    3.659191000000000E-02    1.624007424923201E+41    2.890849050523000E+11    6.553345956805000E+10
                       90    5.507511578728555E+31    6.381888970039704E+33    7.292097727857682E+14    9.834979527416230E+08    3.871827989492090E-13    1.892066467284035E+02    1.662761786790540E+04    1.650159797966151E+04    2.277726061439700E-01    1.475381498989682E+01    6.413978922737964E+33    7.444135976826208E+14    3.354783000000000E-14    0.000000000000000E+00    8.370011000000001E-01    4.053215000000000E-02    1.886284000000000E-03    5.332207000000000E-02    1.772356000000000E-02    9.559861000000002E-05    7.503229000000000E-03    3.431010999999999E-03    1.163249000000000E-03    2.397381000000000E-04    2.079240000000000E-04    0.000000000000000E+00    0.000000000000000E+00    0.000000000000000E+00    0.000000000000000E+00    0.000000000000000E+00    1.277688000000000E-04    0.000000000000000E+00    3.659191000000000E-02    1.206946767803001E+41    2.331990825654000E+11    5.285955728533000E+10
                       91    6.417934864175718E+31    6.446068875436224E+33    7.596174225794732E+14    1.021372708075524E+09    2.943852560203311E-13    1.934617294856230E+02    1.679491296339703E+04    1.659108430311608E+04    2.385202432251200E-01    1.262849044755065E+01    6.471355483761891E+33    7.734219473329815E+14    3.354786000000000E-14    0.000000000000000E+00    8.370011000000001E-01    4.053215000000000E-02    1.886284000000000E-03    5.332207000000000E-02    1.772356000000000E-02    9.559861000000002E-05    7.503229000000000E-03    3.431010999999999E-03    1.163249000000000E-03    2.397381000000000E-04    2.079240000000000E-04    0.000000000000000E+00    0.000000000000000E+00    0.000000000000000E+00    0.000000000000000E+00    0.000000000000000E+00    1.277688000000000E-04    0.000000000000000E+00    3.659191000000000E-02    5.672562408400011E+40    1.773132600785000E+11    4.028565500261000E+10
                       92    5.057452900184888E+31    6.496642092087559E+33    7.872264720864898E+14    1.048497544964791E+09    2.274657718653375E-13    2.014942661028274E+02    1.704221352678466E+04    1.675807234387887E+04    2.513055632591500E-01    1.105692518662888E+01    6.508843969259096E+33    7.941951636327455E+14    3.354790000000000E-14    0.000000000000000E+00    8.370011000000001E-01    4.053215000000000E-02    1.886284000000000E-03    5.332207000000000E-02    1.772356000000000E-02    9.559861000000002E-05    7.503229000000000E-03    3.431010999999999E-03    1.163249000000000E-03    2.397381000000000E-04    2.079240000000000E-04    0.000000000000000E+00    0.000000000000000E+00    0.000000000000000E+00    0.000000000000000E+00    0.000000000000000E+00    1.277688000000000E-04    0.000000000000000E+00    3.659191000000000E-02   -4.243428612299886E+39    1.367227117539000E+11    3.110359718324000E+10
                       93    2.440309816781984E+31    6.521045846430635E+33    8.011638551790014E+14    1.060550823927880E+09    1.867778727743209E-13    2.079405942788813E+02    1.726544425198774E+04    1.688783104046897E+04    2.621285662460600E-01    1.037736047264909E+01    6.525282153660157E+33    8.033610823635175E+14    3.354798000000000E-14    0.000000000000000E+00    8.370011000000001E-01    4.053215000000000E-02    1.886284000000000E-03    5.332207000000000E-02    1.772356000000000E-02    9.559861000000002E-05    7.503229000000000E-03    3.431010999999999E-03    1.163249000000000E-03    2.397381000000000E-04    2.079240000000000E-04    0.000000000000000E+00    0.000000000000000E+00    0.000000000000000E+00    0.000000000000000E+00    0.000000000000000E+00    1.277688000000000E-04    0.000000000000000E+00    3.659191000000000E-02   -3.737559204159988E+40    1.123765382957900E+11    2.561501493455000E+10
                       94    8.472344035301977E+30    6.529518460889680E+33    8.055583095480338E+14    1.065434102890969E+09    1.850654829439143E-13    2.118064985593234E+02    1.735905193176223E+04    1.696578172680874E+04    2.643646180916100E-01    1.016331766586731E+01    6.532625351312646E+33    8.070575198392565E+14    3.354803000000000E-14    0.000000000000000E+00    8.370011000000001E-01    4.053215000000000E-02    1.886284000000000E-03    5.332207000000000E-02    1.772356000000000E-02    9.559861000000002E-05    7.503229000000000E-03    3.431010999999999E-03    1.163249000000000E-03    2.397381000000000E-04    2.079240000000000E-04    0.000000000000000E+00    0.000000000000000E+00    0.000000000000000E+00    0.000000000000000E+00    0.000000000000000E+00    1.277688000000000E-04    0.000000000000000E+00    3.659191000000000E-02   -4.831034774839987E+40    1.113765382957900E+11    2.531501493455000E+10
                       95    6.213480596040932E+30    6.535732241735612E+33    8.085567301304791E+14    1.069327381854058E+09    1.936047708236526E-13    2.118064985593234E+02    1.739906867927159E+04    1.696578172680874E+04    2.635695114136000E-01    1.001098576092022E+01    6.538539876473036E+33    8.100391362960128E+14    3.354803000000000E-14    0.000000000000000E+00    8.370011000000001E-01    4.053215000000000E-02    1.886284000000000E-03    5.332207000000000E-02    1.772356000000000E-02    9.559861000000002E-05    7.503229000000000E-03    3.431010999999999E-03    1.163249000000000E-03    2.397381000000000E-04    2.079240000000000E-04    0.000000000000000E+00    0.000000000000000E+00    0.000000000000000E+00    0.000000000000000E+00    0.000000000000000E+00    1.277688000000000E-04    0.000000000000000E+00    3.659191000000000E-02   -5.493351821959986E+40    1.170995412827000E+11    2.654617345811000E+10
                       96    5.615828218024961E+30    6.541347511210463E+33    8.115215424615462E+14    1.073469021335602E+09    1.913885953380692E-13    2.137663199607947E+02    1.742519944071473E+04    1.700489189286672E+04    2.646695114136000E-01    9.861459239747663E+00    6.544073621143189E+33    8.132330239553815E+14    3.354803000000000E-14    0.000000000000000E+00    8.370011000000001E-01    4.053215000000000E-02    1.886284000000000E-03    5.332207000000000E-02    1.772356000000000E-02    9.559861000000002E-05    7.503229000000000E-03    3.431010999999999E-03    1.163249000000000E-03    2.397381000000000E-04    2.079240000000000E-04    0.000000000000000E+00    0.000000000000000E+00    0.000000000000000E+00    0.000000000000000E+00    0.000000000000000E+00    1.277688000000000E-04    0.000000000000000E+00    3.659191000000000E-02   -6.188458499969988E+40    1.150995412827000E+11    2.621338382722000E+10
                       97    5.452923762548281E+30    6.546799731075917E+33    8.149445054492166E+14    1.078197300298691E+09    1.802669268420475E-13    2.137663199607947E+02    1.746536867398046E+04    1.700489189286672E+04    2.666662491989400E-01    9.697599485156937E+00    6.549529817828385E+33    8.169048416922900E+14    3.354803000000000E-14    0.000000000000000E+00    8.370011000000001E-01    4.053215000000000E-02    1.886284000000000E-03    5.332207000000000E-02    1.772356000000000E-02    9.559861000000002E-05    7.503229000000000E-03    3.431010999999999E-03    1.163249000000000E-03    2.397381000000000E-04    2.079240000000000E-04    0.000000000000000E+00    0.000000000000000E+00    0.000000000000000E+00    0.000000000000000E+00    0.000000000000000E+00    1.277688000000000E-04    0.000000000000000E+00    3.659191000000000E-02   -6.916354808869985E+40    1.084519042015500E+11    2.471664604188000E+10
                       98    5.458743838239814E+30    6.552259904580853E+33    8.188651779353632E+14    1.083288858224869E+09    1.634960413548879E-13    2.157442753664230E+02    1.750563050689229E+04    1.704409221716871E+04    2.707925144005100E-01    9.524699878651571E+00    6.554840860593019E+33    8.208603595953618E+14    3.354803000000000E-14    0.000000000000000E+00    8.370011000000001E-01    4.053215000000000E-02    1.886284000000000E-03    5.332207000000000E-02    1.772356000000000E-02    9.559861000000002E-05    7.503229000000000E-03    3.431010999999999E-03    1.163249000000000E-03    2.397381000000000E-04    2.079240000000000E-04    0.000000000000000E+00    0.000000000000000E+00    0.000000000000000E+00    0.000000000000000E+00    0.000000000000000E+00    1.277688000000000E-04    0.000000000000000E+00    3.659191000000000E-02   -7.877040748659985E+40    9.860263601306999E+10    2.242153936387000E+10
                       99    5.162773005806151E+30    6.557421816605187E+33    8.228555412553601E+14    1.088457137187958E+09    1.525833837577317E-13    2.177405325680861E+02    1.754598515291440E+04    1.708338290755097E+04    2.740220418167400E-01    9.358508720654161E+00    6.559919259402782E+33    8.248644525590606E+14    3.354803000000000E-14    0.000000000000000E+00    8.370011000000001E-01    4.053215000000000E-02    1.886284000000000E-03    5.332207000000000E-02    1.772356000000000E-02    9.559861000000002E-05    7.503229000000000E-03    3.431010999999999E-03    1.163249000000000E-03    2.397381000000000E-04    2.079240000000000E-04    0.000000000000000E+00    0.000000000000000E+00    0.000000000000000E+00    0.000000000000000E+00    0.000000000000000E+00    1.277688000000000E-04    0.000000000000000E+00    3.659191000000000E-02   -8.770516319339985E+40    9.208126413348999E+10    2.092480157853000E+10
                      100    4.994493878448975E+30    6.562416702200380E+33    8.268733638627608E+14    1.093790416151047E+09    1.457160002386974E-13    2.185872597722731E+02    1.758643282600317E+04    1.709716935318411E+04    2.765859899711900E-01    9.197204423828001E+00    6.564953913195391E+33    8.289949828991285E+14    3.354803000000000E-14    0.000000000000000E+00    8.370011000000001E-01    4.053215000000000E-02    1.886284000000000E-03    5.332207000000000E-02    1.772356000000000E-02    9.559861000000002E-05    7.503229000000000E-03    3.431010999999999E-03    1.163249000000000E-03    2.397381000000000E-04    2.079240000000000E-04    0.000000000000000E+00    0.000000000000000E+00    0.000000000000000E+00    0.000000000000000E+00    0.000000000000000E+00    1.277688000000000E-04    0.000000000000000E+00    3.659191000000000E-02   -9.763991890019984E+40    8.755989225391000E+10    1.992643268586000E+10
                      101    5.074159519918493E+30    6.567491124190400E+33    8.311166019354961E+14    1.099281974077225E+09    1.385183283393257E-13    2.197552609102150E+02    1.764111383512788E+04    1.712276417232880E+04    2.792499381256400E-01    9.033695934124992E+00    6.569968682889291E+33    8.332520899216168E+14    3.354803000000000E-14    0.000000000000000E+00    8.370011000000001E-01    4.053215000000000E-02    1.886284000000000E-03    5.332207000000000E-02    1.772356000000000E-02    9.559861000000002E-05    7.503229000000000E-03    3.431010999999999E-03    1.163249000000000E-03    2.397381000000000E-04    2.079240000000000E-04    0.000000000000000E+00    0.000000000000000E+00    0.000000000000000E+00    0.000000000000000E+00    0.000000000000000E+00    1.277688000000000E-04    0.000000000000000E+00    3.659191000000000E-02   -1.087681501776799E+41    8.343362705234000E+10    1.899527416230000E+10
                      102    4.954679947607988E+30    6.572446241588180E+33    8.353875779077372E+14    1.104516892521858E+09    1.327137909846797E-13    2.217886313041689E+02    1.768178080247719E+04    1.716223622029774E+04    2.817810966492000E-01    8.874582700042346E+00    6.574608637322564E+33    8.373093266160032E+14    3.354803000000000E-14    0.000000000000000E+00    8.370011000000001E-01    4.053215000000000E-02    1.886284000000000E-03    5.332207000000000E-02    1.772356000000000E-02    9.559861000000002E-05    7.503229000000000E-03    3.431010999999999E-03    1.163249000000000E-03    2.397381000000000E-04    2.079240000000000E-04    0.000000000000000E+00    0.000000000000000E+00    0.000000000000000E+00    0.000000000000000E+00    0.000000000000000E+00    1.277688000000000E-04    0.000000000000000E+00    3.659191000000000E-02   -1.197619607169399E+41    7.990736185076999E+10    1.819690526963000E+10
                      103    4.325702160489039E+30    6.576771033056948E+33    8.392310753242692E+14    1.110051810966492E+09    1.277930518631037E-13    2.238408162427308E+02    1.772254151686815E+04    1.720179926073469E+04    2.840466759109800E-01    8.735595360309571E+00    6.579303273027283E+33    8.416118757801418E+14    3.354803000000000E-14    0.000000000000000E+00    8.370011000000001E-01    4.053215000000000E-02    1.886284000000000E-03    5.332207000000000E-02    1.772356000000000E-02    9.559861000000002E-05    7.503229000000000E-03    3.431010999999999E-03    1.163249000000000E-03    2.397381000000000E-04    2.079240000000000E-04    0.000000000000000E+00    0.000000000000000E+00    0.000000000000000E+00    0.000000000000000E+00    0.000000000000000E+00    1.277688000000000E-04    0.000000000000000E+00    3.659191000000000E-02   -1.296967164237399E+41    7.704667591098000E+10    1.753132600785000E+10
                      104    5.064175713957718E+30    6.581835512997616E+33    8.439926762360141E+14    1.116501729411125E+09    1.198139101759546E-13    2.247112656087022E+02    1.779007412050665E+04    1.721568126944360E+04    2.874762033272100E-01    8.572187083018946E+00    6.584535773602024E+33    8.466301305458054E+14    3.354803000000000E-14    0.000000000000000E+00    8.370011000000001E-01    4.053215000000000E-02    1.886284000000000E-03    5.332207000000000E-02    1.772356000000000E-02    9.559861000000002E-05    7.503229000000000E-03    3.431010999999999E-03    1.163249000000000E-03    2.397381000000000E-04    2.079240000000000E-04    0.000000000000000E+00    0.000000000000000E+00    0.000000000000000E+00    0.000000000000000E+00    0.000000000000000E+00    1.277688000000000E-04    0.000000000000000E+00    3.659191000000000E-02   -1.422118988425798E+41    7.212367292406999E+10    1.640016748429000E+10
                      105    5.400123526841765E+30    6.587236034206432E+33    8.492675848555965E+14    1.123185008374215E+09    1.132181502207368E-13    2.267904933495279E+02    1.783108447677791E+04    1.725536751344292E+04    2.906729411125500E-01    8.399227104572930E+00    6.589832897497565E+33    8.518133774989829E+14    3.354803000000000E-14    0.000000000000000E+00    8.370011000000001E-01    4.053215000000000E-02    1.886284000000000E-03    5.332207000000000E-02    1.772356000000000E-02    9.559861000000002E-05    7.503229000000000E-03    3.431010999999999E-03    1.163249000000000E-03    2.397381000000000E-04    2.079240000000000E-04    0.000000000000000E+00    0.000000000000000E+00    0.000000000000000E+00    0.000000000000000E+00    0.000000000000000E+00    1.277688000000000E-04    0.000000000000000E+00    3.659191000000000E-02   -1.565845049865498E+41    6.819740772250000E+10    1.556900896073000E+10
                      106    5.193738512722532E+30    6.592429760788695E+33    8.543591701423690E+14    1.129779926818848E+09    1.113030952221324E-13    2.288889599477656E+02    1.787218937168401E+04    1.729514524368306E+04    2.923385203743300E-01    8.234164234907345E+00    6.594994809521896E+33    8.569355477127151E+14    3.354803000000000E-14    0.000000000000000E+00    8.370011000000001E-01    4.053215000000000E-02    1.886284000000000E-03    5.332207000000000E-02    1.772356000000000E-02    9.559861000000002E-05    7.503229000000000E-03    3.431010999999999E-03    1.163249000000000E-03    2.397381000000000E-04    2.079240000000000E-04    0.000000000000000E+00    0.000000000000000E+00    0.000000000000000E+00    0.000000000000000E+00    0.000000000000000E+00    1.277688000000000E-04    0.000000000000000E+00    3.659191000000000E-02   -1.707554800231898E+41    6.703345956805000E+10    1.526900896073000E+10
                      107    5.131443619883432E+30    6.597559858255097E+33    8.595119252830612E+14    1.136963124226571E+09    1.077723224369281E-13    2.297837960826781E+02    1.792775887573188E+04    1.730912347787934E+04    2.939647855759000E-01    8.071474023578670E+00    6.600429133698514E+33    8.625340640413055E+14    3.354803000000000E-14    0.000000000000000E+00    8.370011000000001E-01    4.053215000000000E-02    1.886284000000000E-03    5.332207000000000E-02    1.772356000000000E-02    9.559861000000002E-05    7.503229000000000E-03    3.431010999999999E-03    1.163249000000000E-03    2.397381000000000E-04    2.079240000000000E-04    0.000000000000000E+00    0.000000000000000E+00    0.000000000000000E+00    0.000000000000000E+00    0.000000000000000E+00    1.277688000000000E-04    0.000000000000000E+00    3.659191000000000E-02   -1.779956315048498E+41    6.497114252092999E+10    1.480342969895000E+10
                      108    5.738523049096383E+30    6.603298409141932E+33    8.655562027995496E+14    1.140387304672248E+09    1.009482942405923E-13    2.331443234234574E+02    1.799607347006526E+04    1.737497600696227E+04    2.970549989319200E-01    7.890788487433920E+00    6.605883341973840E+33    8.682544276149354E+14    3.354803000000000E-14    0.000000000000000E+00    8.370011000000001E-01    4.053215000000000E-02    1.886284000000000E-03    5.332207000000000E-02    1.772356000000000E-02    9.559861000000002E-05    7.503229000000000E-03    3.431010999999999E-03    1.163249000000000E-03    2.397381000000000E-04    2.079240000000000E-04    0.000000000000000E+00    0.000000000000000E+00    0.000000000000000E+00    0.000000000000000E+00    0.000000000000000E+00    1.277688000000000E-04    0.000000000000000E+00    3.659191000000000E-02   -1.920586184891298E+41    6.077929805757999E+10    1.387227117539000E+10
                      109    5.168197387933415E+30    6.608468274805746E+33    8.709526524303211E+14    1.137251981010460E+09    9.996366439993638E-14    2.353015812875202E+02    1.807913957103767E+04    1.741502946325611E+04    2.991173159790400E-01    7.729424295139069E+00    6.610909047922028E+33    8.734250631808692E+14    3.354803000000000E-14    0.000000000000000E+00    8.370011000000001E-01    4.053215000000000E-02    1.886284000000000E-03    5.332207000000000E-02    1.772356000000000E-02    9.559861000000002E-05    7.503229000000000E-03    3.431010999999999E-03    1.163249000000000E-03    2.397381000000000E-04    2.079240000000000E-04    0.000000000000000E+00    0.000000000000000E+00    0.000000000000000E+00    0.000000000000000E+00    0.000000000000000E+00    1.277688000000000E-04    0.000000000000000E+00    3.659191000000000E-02   -1.418766481408998E+41    6.015792617800000E+10    1.374111265183000E+10
                      110    4.883007713818677E+30    6.613349821038310E+33    8.758974739314171E+14    1.130852199112936E+09    1.017724157699268E-13    2.374788000128381E+02    1.812081629199249E+04    1.745517525230257E+04    3.007403189659500E-01    7.577062124146194E+00    6.615798547794075E+33    8.782620563455441E+14    3.354803000000000E-14    0.000000000000000E+00    8.370011000000001E-01    4.053215000000000E-02    1.886284000000000E-03    5.332207000000000E-02    1.772356000000000E-02    9.559861000000002E-05    7.503229000000000E-03    3.431010999999999E-03    1.163249000000000E-03    2.397381000000000E-04    2.079240000000000E-04    0.000000000000000E+00    0.000000000000000E+00    0.000000000000000E+00    0.000000000000000E+00    0.000000000000000E+00    1.277688000000000E-04    0.000000000000000E+00    3.659191000000000E-02   -5.560270958059976E+40    6.128891721726999E+10    1.401484745026000E+10
                      111    4.897598665449859E+30    6.618247274549840E+33    8.806266387596712E+14    1.121052446338714E+09    1.049239834047256E-13    2.396761642949843E+02    1.817715884484636E+04    1.749541358695058E+04    3.021879560471000E-01    7.425653388154767E+00    6.620493183498793E+33    8.825677547694469E+14    3.354803000000000E-14    0.000000000000000E+00    8.370011000000001E-01    4.053215000000000E-02    1.886284000000000E-03    5.332207000000000E-02    1.772356000000000E-02    9.559861000000002E-05    7.503229000000000E-03    3.431010999999999E-03    1.163249000000000E-03    2.397381000000000E-04    2.079240000000000E-04    0.000000000000000E+00    0.000000000000000E+00    0.000000000000000E+00    0.000000000000000E+00    0.000000000000000E+00    1.277688000000000E-04    0.000000000000000E+00    3.659191000000000E-02    5.016223602160031E+40    6.320016748429000E+10    1.439184446335000E+10
                      112    4.490899252546633E+30    6.622739092447747E+33    8.845088707792226E+14    1.108737377531119E+09    1.166321643828454E-13    2.418938605385023E+02    1.821906152356352E+04    1.753574468053982E+04    2.994979101753700E-01    7.289328448374304E+00    6.624715571859220E+33    8.859856435757090E+14    3.354803000000000E-14    0.000000000000000E+00    8.370011000000001E-01    4.053215000000000E-02    1.886284000000000E-03    5.332207000000000E-02    1.772356000000000E-02    9.559861000000002E-05    7.503229000000000E-03    3.431010999999999E-03    1.163249000000000E-03    2.397381000000000E-04    2.079240000000000E-04    0.000000000000000E+00    0.000000000000000E+00    0.000000000000000E+00    0.000000000000000E+00    0.000000000000000E+00    1.277688000000000E-04    0.000000000000000E+00    3.659191000000000E-02    1.995210796342003E+41    7.014746959686000E+10    1.603605184555000E+10
                      113    3.953976888801521E+30    6.626692051270694E+33    8.874624163721955E+14    1.096320894972871E+09    1.356822826766458E-13    2.428395390337557E+02    1.826106079793125E+04    1.754991737134394E+04    2.946192820549500E-01    7.171648412471766E+00    6.628529341991218E+33    8.886408440299786E+14    3.354803000000000E-14    0.000000000000000E+00    8.370011000000001E-01    4.053215000000000E-02    1.886284000000000E-03    5.332207000000000E-02    1.772356000000000E-02    9.559861000000002E-05    7.503229000000000E-03    3.431010999999999E-03    1.163249000000000E-03    2.397381000000000E-04    2.079240000000000E-04    0.000000000000000E+00    0.000000000000000E+00    0.000000000000000E+00    0.000000000000000E+00    0.000000000000000E+00    1.277688000000000E-04    0.000000000000000E+00    3.659191000000000E-02    3.483073608384003E+41    8.169150949477000E+10    1.864583848953000E+10
                      114    3.673923277382796E+30    6.630366632711744E+33    8.898192716877620E+14    1.084376693778108E+09    1.590610247499503E-13    2.450865056233503E+02    1.830315689062546E+04    1.759037410913237E+04    2.892046020889800E-01    7.065022371113834E+00    6.632022978134035E+33    8.907241352160098E+14    3.354803000000000E-14    0.000000000000000E+00    8.370011000000001E-01    4.053215000000000E-02    1.886284000000000E-03    5.332207000000000E-02    1.772356000000000E-02    9.559861000000002E-05    7.503229000000000E-03    3.431010999999999E-03    1.163249000000000E-03    2.397381000000000E-04    2.079240000000000E-04    0.000000000000000E+00    0.000000000000000E+00    0.000000000000000E+00    0.000000000000000E+00    0.000000000000000E+00    1.277688000000000E-04    0.000000000000000E+00    3.659191000000000E-02    4.952094943986004E+41    9.581907083509000E+10    2.182609771728000E+10
                      115    3.313508081039809E+30    6.633679323556327E+33    8.916289987442576E+14    1.071496331873005E+09    1.900069462620503E-13    2.450865056233503E+02    1.831786146006333E+04    1.759037410913237E+04    2.828555013847900E-01    6.971209199116975E+00    6.635806922117973E+33    8.927241474913720E+14    3.354803000000000E-14    0.000000000000000E+00    8.370011000000001E-01    4.053215000000000E-02    1.886284000000000E-03    5.332207000000000E-02    1.772356000000000E-02    9.559861000000002E-05    7.503229000000000E-03    3.431010999999999E-03    1.163249000000000E-03    2.397381000000000E-04    2.079240000000000E-04    0.000000000000000E+00    0.000000000000000E+00    0.000000000000000E+00    0.000000000000000E+00    0.000000000000000E+00    1.277688000000000E-04    0.000000000000000E+00    3.659191000000000E-02    6.322601024614003E+41    1.146383091544700E+11    2.607846063613000E+10
                      116    4.253771433416537E+30    6.637934520679620E+33    8.938192962384862E+14    1.057801873264370E+09    2.014848127953936E-13    2.460497655944826E+02    1.836008849180677E+04    1.760461221810491E+04    2.809555013847900E-01    6.851931841045555E+00    6.640212244186506E+33    8.947679057651895E+14    3.354803000000000E-14    0.000000000000000E+00    8.370011000000001E-01    4.053215000000000E-02    1.886284000000000E-03    5.332207000000000E-02    1.772356000000000E-02    9.559861000000002E-05    7.503229000000000E-03    3.431010999999999E-03    1.163249000000000E-03    2.397381000000000E-04    2.079240000000000E-04    0.000000000000000E+00    0.000000000000000E+00    0.000000000000000E+00    0.000000000000000E+00    0.000000000000000E+00    1.277688000000000E-04    0.000000000000000E+00    3.659191000000000E-02    8.058038948618703E+41    1.214578824424300E+11    2.761614358901000E+10
                      117    4.555124891370180E+30    6.642489967693390E+33    8.957165152918926E+14    1.046400660121966E+09    2.471724856685480E-13    2.473542631388145E+02    1.837486093445330E+04    1.763092410933322E+04    2.728931843376700E-01    6.729852350363388E+00    6.644671253321546E+33    8.963884112065554E+14    3.354803000000000E-14    0.000000000000000E+00    8.370011000000001E-01    4.053215000000000E-02    1.886284000000000E-03    5.332207000000000E-02    1.772356000000000E-02    9.559861000000002E-05    7.503229000000000E-03    3.431010999999999E-03    1.163249000000000E-03    2.397381000000000E-04    2.079240000000000E-04    0.000000000000000E+00    0.000000000000000E+00    0.000000000000000E+00    0.000000000000000E+00    0.000000000000000E+00    1.277688000000000E-04    0.000000000000000E+00    3.659191000000000E-02    9.689878387440003E+41    1.489657030105000E+11    3.393408576964001E+10
                      118    4.362571256311522E+30    6.646852538949702E+33    8.970603071212179E+14    1.038043313578646E+09    3.352131776859174E-13    2.483264360447228E+02    1.838966743109712E+04    1.764519504053673E+04    2.601406539345300E-01    6.618700802138729E+00    6.649016923093956E+33    8.975723186502945E+14    3.354803000000000E-14    0.000000000000000E+00    8.370011000000001E-01    4.053215000000000E-02    1.886284000000000E-03    5.332207000000000E-02    1.772356000000000E-02    9.559861000000002E-05    7.503229000000000E-03    3.431010999999999E-03    1.163249000000000E-03    2.397381000000000E-04    2.079240000000000E-04    0.000000000000000E+00    0.000000000000000E+00    0.000000000000000E+00    0.000000000000000E+00    0.000000000000000E+00    1.277688000000000E-04    0.000000000000000E+00    3.659191000000000E-02    1.090302773665400E+42    2.017682952880000E+11    4.596344570158000E+10
                      119    4.329752551395651E+30    6.651181307238210E+33    8.980843301793712E+14    1.031957476902995E+09    4.340030230238301E-13    2.483264360447228E+02    1.838966743109712E+04    1.764519504053673E+04    2.489651205444800E-01    6.513063625919635E+00    6.653410314703264E+33    8.984997473689999E+14    3.354803000000000E-14    0.000000000000000E+00    8.370011000000001E-01    4.053215000000000E-02    1.886284000000000E-03    5.332207000000000E-02    1.772356000000000E-02    9.559861000000002E-05    7.503229000000000E-03    3.431010999999999E-03    1.163249000000000E-03    2.397381000000000E-04    2.079240000000000E-04    0.000000000000000E+00    0.000000000000000E+00    0.000000000000000E+00    0.000000000000000E+00    0.000000000000000E+00    1.277688000000000E-04    0.000000000000000E+00    3.659191000000000E-02    1.177355056571100E+42    2.611940580367000E+11    5.951743972776001E+10
                      120    4.457299102551577E+30    6.655639322168316E+33    8.989151645586285E+14    1.028076445806531E+09    5.377384869016067E-13    2.493076043557754E+02    1.838966743109712E+04    1.765949886963425E+04    2.393616908455300E-01    6.409639146853788E+00    6.657602876915631E+33    8.991920032855992E+14    3.354803000000000E-14    0.000000000000000E+00    8.370011000000001E-01    4.053215000000000E-02    1.886284000000000E-03    5.332207000000000E-02    1.772356000000000E-02    9.559861000000002E-05    7.503229000000000E-03    3.431010999999999E-03    1.163249000000000E-03    2.397381000000000E-04    2.079240000000000E-04    0.000000000000000E+00    0.000000000000000E+00    0.000000000000000E+00    0.000000000000000E+00    0.000000000000000E+00    1.277688000000000E-04    0.000000000000000E+00    3.659191000000000E-02    1.251947279738600E+42    3.238824728011000E+11    7.372396415708002E+10
                      121    3.927202949892573E+30    6.659566431662945E+33    8.994688420125699E+14    1.026121288883234E+09    6.976597580707884E-13    2.506241722672736E+02    1.841721936355552E+04    1.768587141603614E+04    2.276401514816600E-01    6.322956941704078E+00    6.661303307684999E+33    8.996715684549832E+14    3.354803000000000E-14    0.000000000000000E+00    8.370011000000001E-01    4.053215000000000E-02    1.886284000000000E-03    5.332207000000000E-02    1.772356000000000E-02    9.559861000000002E-05    7.503229000000000E-03    3.431010999999999E-03    1.163249000000000E-03    2.397381000000000E-04    2.079240000000000E-04    0.000000000000000E+00    0.000000000000000E+00    0.000000000000000E+00    0.000000000000000E+00    0.000000000000000E+00    1.277688000000000E-04    0.000000000000000E+00    3.659191000000000E-02    1.288997887801400E+42    4.204730211257000E+11    9.567160123823001E+10
                      122    3.474414184596436E+30    6.663040183707054E+33    8.998742948973968E+14    1.024960586195015E+09    8.313136207586882E-13    2.506241722672736E+02    1.841721936355552E+04    1.768587141603614E+04    2.197841913795700E-01    6.248889842211309E+00    6.664930167289153E+33    9.000813257471522E+14    3.354803000000000E-14    0.000000000000000E+00    8.370011000000001E-01    4.053215000000000E-02    1.886284000000000E-03    5.332207000000000E-02    1.772356000000000E-02    9.559861000000002E-05    7.503229000000000E-03    3.431010999999999E-03    1.163249000000000E-03    2.397381000000000E-04    2.079240000000000E-04    0.000000000000000E+00    0.000000000000000E+00    0.000000000000000E+00    0.000000000000000E+00    0.000000000000000E+00    1.277688000000000E-04    0.000000000000000E+00    3.659191000000000E-02    1.308506880759500E+42    5.001957328796000E+11    1.137047258377000E+11
                      123    3.780430463696866E+30    6.666820150871251E+33    9.002883565969078E+14    1.024138668550513E+09    8.845987915489206E-13    2.506241722672736E+02    1.841721936355552E+04    1.768587141603614E+04    2.170660817146500E-01    6.169165617807950E+00    6.668660424206582E+33    9.004715872833352E+14    3.354803000000000E-14    0.000000000000000E+00    8.370011000000001E-01    4.053215000000000E-02    1.886284000000000E-03    5.332207000000000E-02    1.772356000000000E-02    9.559861000000002E-05    7.503229000000000E-03    3.431010999999999E-03    1.163249000000000E-03    2.397381000000000E-04    2.079240000000000E-04    0.000000000000000E+00    0.000000000000000E+00    0.000000000000000E+00    0.000000000000000E+00    0.000000000000000E+00    1.277688000000000E-04    0.000000000000000E+00    3.659191000000000E-02    1.326376392173100E+42    5.327373479843000E+11    1.213442073822000E+11
                      124    3.680228525082780E+30    6.670500697541913E+33    9.006548179697628E+14    1.023759883506796E+09    9.609437833316918E-13    2.460497655944826E+02    1.837486093445330E+04    1.760461221810491E+04    2.131561275863800E-01    6.093726318377035E+00    6.672040720986769E+33    9.007987518330785E+14    3.354803000000000E-14    0.000000000000000E+00    8.370011000000001E-01    4.053215000000000E-02    1.886284000000000E-03    5.332207000000000E-02    1.772356000000000E-02    9.559861000000002E-05    7.503229000000000E-03    3.431010999999999E-03    1.163249000000000E-03    2.397381000000000E-04    2.079240000000000E-04    0.000000000000000E+00    0.000000000000000E+00    0.000000000000000E+00    0.000000000000000E+00    0.000000000000000E+00    1.277688000000000E-04    0.000000000000000E+00    3.659191000000000E-02    1.339983251571000E+42    5.794763708115000E+11    1.316231704712000E+11
                      125    3.078784249443387E+30    6.673580744431625E+33    9.009426856963942E+14    1.023643814912817E+09    1.022540819542112E-12    2.506241722672736E+02    1.843205999269920E+04    1.768587141603614E+04    2.107805941963300E-01    6.031433860033811E+00    6.674878181872255E+33    9.010633251739296E+14    3.354803000000000E-14    0.000000000000000E+00    8.370011000000001E-01    4.053215000000000E-02    1.886284000000000E-03    5.332207000000000E-02    1.772356000000000E-02    9.559861000000002E-05    7.503229000000000E-03    3.431010999999999E-03    1.163249000000000E-03    2.397381000000000E-04    2.079240000000000E-04    0.000000000000000E+00    0.000000000000000E+00    0.000000000000000E+00    0.000000000000000E+00    0.000000000000000E+00    1.277688000000000E-04    0.000000000000000E+00    3.659191000000000E-02    1.349983251571000E+42    6.158385641099000E+11    1.398858224869000E+11
                      126    2.595006116312422E+30    6.676175619312886E+33    9.011839646514652E+14    1.023585454394361E+09    1.043310949809777E-12    2.516144192169312E+02    1.843205999269920E+04    1.770020821886517E+04    2.100887497329800E-01    5.978400888057351E+00    6.677612245444465E+33    9.013137841451565E+14    3.354803000000000E-14    0.000000000000000E+00    8.370011000000001E-01    4.053215000000000E-02    1.886284000000000E-03    5.332207000000000E-02    1.772356000000000E-02    9.559861000000002E-05    7.503229000000000E-03    3.431010999999999E-03    1.163249000000000E-03    2.397381000000000E-04    2.079240000000000E-04    0.000000000000000E+00    0.000000000000000E+00    0.000000000000000E+00    0.000000000000000E+00    0.000000000000000E+00    1.277688000000000E-04    0.000000000000000E+00    3.659191000000000E-02    1.358671666335400E+42    6.280522829057000E+11    1.428532003403000E+11
                      127    2.874894689711879E+30    6.679048871576044E+33    9.014436036388478E+14    1.023540291283628E+09    1.066964444151824E-12    2.516144192169312E+02    1.845967543892140E+04    1.770020821886517E+04    2.091575912094200E-01    5.920307461324880E+00    6.680473567248398E+33    9.015695899490450E+14    3.354803000000000E-14    0.000000000000000E+00    8.370011000000001E-01    4.053215000000000E-02    1.886284000000000E-03    5.332207000000000E-02    1.772356000000000E-02    9.559861000000002E-05    7.503229000000000E-03    3.431010999999999E-03    1.163249000000000E-03    2.397381000000000E-04    2.079240000000000E-04    0.000000000000000E+00    0.000000000000000E+00    0.000000000000000E+00    0.000000000000000E+00    0.000000000000000E+00    1.277688000000000E-04    0.000000000000000E+00    3.659191000000000E-02    1.360966940497700E+42    6.430196607591000E+11    1.461810966492000E+11
                      128    2.848381232495992E+30    6.681898262920754E+33    9.016955762592421E+14    1.023511604543707E+09    1.084571629112101E-12    2.516144192169312E+02    1.845967543892140E+04    1.770020821886517E+04    2.084936430549700E-01    5.863202846309232E+00    6.683195700361385E+33    9.018098428482256E+14    3.354803000000000E-14    0.000000000000000E+00    8.370011000000001E-01    4.053215000000000E-02    1.886284000000000E-03    5.332207000000000E-02    1.772356000000000E-02    9.559861000000002E-05    7.503229000000000E-03    3.431010999999999E-03    1.163249000000000E-03    2.397381000000000E-04    2.079240000000000E-04    0.000000000000000E+00    0.000000000000000E+00    0.000000000000000E+00    0.000000000000000E+00    0.000000000000000E+00    1.277688000000000E-04    0.000000000000000E+00    3.659191000000000E-02    1.369327458953200E+42    6.533149349213999E+11    1.485089929581000E+11
                      129    2.595715978636261E+30    6.684493137802015E+33    9.019241094372090E+14    1.023491196766875E+09    1.093021598609541E-12    2.529431691813255E+02    1.847455027924849E+04    1.772664156026522E+04    2.082280637931900E-01    5.811082508122351E+00    6.685766714324197E+33    9.020349542398504E+14    3.354803000000000E-14    0.000000000000000E+00    8.370011000000001E-01    4.053215000000000E-02    1.886284000000000E-03    5.332207000000000E-02    1.772356000000000E-02    9.559861000000002E-05    7.503229000000000E-03    3.431010999999999E-03    1.163249000000000E-03    2.397381000000000E-04    2.079240000000000E-04    0.000000000000000E+00    0.000000000000000E+00    0.000000000000000E+00    0.000000000000000E+00    0.000000000000000E+00    1.277688000000000E-04    0.000000000000000E+00    3.659191000000000E-02    1.370966940497700E+42    6.579707275392000E+11    1.498368892670000E+11
                      130    2.546771269669029E+30    6.687040290846379E+33    9.021457990424919E+14    1.023472428471586E+09    1.105678192215722E-12    2.529431691813255E+02    1.847455027924849E+04    1.772664156026522E+04    2.078624845314100E-01    5.760029768180976E+00    6.688320826803109E+33    9.022557446406005E+14    3.354803000000000E-14    0.000000000000000E+00    8.370011000000001E-01    4.053215000000000E-02    1.886284000000000E-03    5.332207000000000E-02    1.772356000000000E-02    9.559861000000002E-05    7.503229000000000E-03    3.431010999999999E-03    1.163249000000000E-03    2.397381000000000E-04    2.079240000000000E-04    0.000000000000000E+00    0.000000000000000E+00    0.000000000000000E+00    0.000000000000000E+00    0.000000000000000E+00    1.277688000000000E-04    0.000000000000000E+00    3.659191000000000E-02    1.379327458953200E+42    6.656265201570000E+11    1.511647855759000E+11
                      131    2.560161221738309E+30    6.689601362759839E+33    9.023656902387094E+14    1.023453660176298E+09    1.119437329986178E-12    2.529431691813255E+02    1.850222938564889E+04    1.772664156026522E+04    2.073296949005200E-01    5.708896784356591E+00    6.690871956667215E+33    9.024734889922386E+14    3.354803000000000E-14    0.000000000000000E+00    8.370011000000001E-01    4.053215000000000E-02    1.886284000000000E-03    5.332207000000000E-02    1.772356000000000E-02    9.559861000000002E-05    7.503229000000000E-03    3.431010999999999E-03    1.163249000000000E-03    2.397381000000000E-04    2.079240000000000E-04    0.000000000000000E+00    0.000000000000000E+00    0.000000000000000E+00    0.000000000000000E+00    0.000000000000000E+00    1.277688000000000E-04    0.000000000000000E+00    3.659191000000000E-02    1.380639044188800E+42    6.736102090837000E+11    1.531647855759000E+11
                      132    2.542533968234571E+30    6.692142550574591E+33    9.025812877457680E+14    1.023438252399466E+09    1.132399803345577E-12    2.529431691813255E+02    1.850222938564889E+04    1.772664156026522E+04    2.069969052696300E-01    5.658265594763273E+00    6.693368405259877E+33    9.026840999640545E+14    3.354803000000000E-14    0.000000000000000E+00    8.370011000000001E-01    4.053215000000000E-02    1.886284000000000E-03    5.332207000000000E-02    1.772356000000000E-02    9.559861000000002E-05    7.503229000000000E-03    3.431010999999999E-03    1.163249000000000E-03    2.397381000000000E-04    2.079240000000000E-04    0.000000000000000E+00    0.000000000000000E+00    0.000000000000000E+00    0.000000000000000E+00    0.000000000000000E+00    1.277688000000000E-04    0.000000000000000E+00    3.659191000000000E-02    1.388999562644300E+42    6.812660017015000E+11    1.551647855759000E+11
                      133    2.450506382598924E+30    6.694594259945161E+33    9.027869121823412E+14    1.023424565659544E+09    1.140249223790216E-12    2.529431691813255E+02    1.851713851602430E+04    1.772664156026522E+04    2.066641156387400E-01    5.609717483733629E+00    6.695734613006006E+33    9.028824239774084E+14    3.354803000000000E-14    0.000000000000000E+00    8.370011000000001E-01    4.053215000000000E-02    1.886284000000000E-03    5.332207000000000E-02    1.772356000000000E-02    9.559861000000002E-05    7.503229000000000E-03    3.431010999999999E-03    1.163249000000000E-03    2.397381000000000E-04    2.079240000000000E-04    0.000000000000000E+00    0.000000000000000E+00    0.000000000000000E+00    0.000000000000000E+00    0.000000000000000E+00    1.277688000000000E-04    0.000000000000000E+00    3.659191000000000E-02    1.390311147879900E+42    6.872660017015000E+11    1.561647855759000E+11
                      134    2.282098008600152E+30    6.696874966066852E+33    9.029779357724755E+14    1.023407599956534E+09    1.147172543174102E-12    2.539425787731963E+02    1.851713851602430E+04    1.774101141283804E+04    2.064641156387400E-01    5.564387686767564E+00    6.698016313332632E+33    9.030723961862336E+14    3.354803000000000E-14    0.000000000000000E+00    8.370011000000001E-01    4.053215000000000E-02    1.886284000000000E-03    5.332207000000000E-02    1.772356000000000E-02    9.559861000000002E-05    7.503229000000000E-03    3.431010999999999E-03    1.163249000000000E-03    2.397381000000000E-04    2.079240000000000E-04    0.000000000000000E+00    0.000000000000000E+00    0.000000000000000E+00    0.000000000000000E+00    0.000000000000000E+00    1.277688000000000E-04    0.000000000000000E+00    3.659191000000000E-02    1.398343770026500E+42    6.905938980103999E+11    1.571647855759000E+11
                      135    2.281091873205579E+30    6.699157660598414E+33    9.031668565999916E+14    1.023390634253524E+09    1.158776783223633E-12    2.539425787731963E+02    1.854488142935471E+04    1.774101141283804E+04    2.061313260078500E-01    5.519175784846747E+00    6.700240349773009E+33    9.032557376703981E+14    3.354803000000000E-14    0.000000000000000E+00    8.370011000000001E-01    4.053215000000000E-02    1.886284000000000E-03    5.332207000000000E-02    1.772356000000000E-02    9.559861000000002E-05    7.503229000000000E-03    3.431010999999999E-03    1.163249000000000E-03    2.397381000000000E-04    2.079240000000000E-04    0.000000000000000E+00    0.000000000000000E+00    0.000000000000000E+00    0.000000000000000E+00    0.000000000000000E+00    1.277688000000000E-04    0.000000000000000E+00    3.659191000000000E-02    1.399655355262100E+42    6.979217943193000E+11    1.584926818848000E+11
                      136    2.165453908765264E+30    6.701323038947604E+33    9.033446187408046E+14    1.023378750105880E+09    1.165812597497834E-12    2.539425787731963E+02    1.854488142935471E+04    1.774101141283804E+04    2.059313260078500E-01    5.476418178767350E+00    6.702307301833600E+33    9.034252848018799E+14    3.354803000000000E-14    0.000000000000000E+00    8.370011000000001E-01    4.053215000000000E-02    1.886284000000000E-03    5.332207000000000E-02    1.772356000000000E-02    9.559861000000002E-05    7.503229000000000E-03    3.431010999999999E-03    1.163249000000000E-03    2.397381000000000E-04    2.079240000000000E-04    0.000000000000000E+00    0.000000000000000E+00    0.000000000000000E+00    0.000000000000000E+00    0.000000000000000E+00    1.277688000000000E-04    0.000000000000000E+00    3.659191000000000E-02    1.400966940497700E+42    7.019217943192999E+11    1.594926818848000E+11
                      137    1.969743474195886E+30    6.703291564719595E+33    9.035059508629551E+14    1.023365226476691E+09    1.168500073089280E-12    2.539425787731963E+02    1.854488142935471E+04    1.774101141283804E+04    2.058313260078500E-01    5.437537083089873E+00    6.704263897146366E+33    9.035852554934595E+14    3.354803000000000E-14    0.000000000000000E+00    8.370011000000001E-01    4.053215000000000E-02    1.886284000000000E-03    5.332207000000000E-02    1.772356000000000E-02    9.559861000000002E-05    7.503229000000000E-03    3.431010999999999E-03    1.163249000000000E-03    2.397381000000000E-04    2.079240000000000E-04    0.000000000000000E+00    0.000000000000000E+00    0.000000000000000E+00    0.000000000000000E+00    0.000000000000000E+00    1.277688000000000E-04    0.000000000000000E+00    3.659191000000000E-02    1.408999562644300E+42    7.039217943192999E+11    1.601647855759000E+11
                      138    1.943145907242467E+30    6.705236229573138E+33    9.036645601239638E+14    1.023351702847502E+09    1.177605391279926E-12    2.539425787731963E+02    1.855982492882516E+04    1.774101141283804E+04    2.055657467460700E-01    5.399070799413137E+00    6.706296052034220E+33    9.037494808485929E+14    3.354803000000000E-14    0.000000000000000E+00    8.370011000000001E-01    4.053215000000000E-02    1.886284000000000E-03    5.332207000000000E-02    1.772356000000000E-02    9.559861000000002E-05    7.503229000000000E-03    3.431010999999999E-03    1.163249000000000E-03    2.397381000000000E-04    2.079240000000000E-04    0.000000000000000E+00    0.000000000000000E+00    0.000000000000000E+00    0.000000000000000E+00    0.000000000000000E+00    1.277688000000000E-04    0.000000000000000E+00    3.659191000000000E-02    1.409983251571000E+42    7.092496906282000E+11    1.614926818848000E+11
                      139    2.121257522569258E+30    6.707355874495301E+33    9.038344015732220E+14    1.023343179218314E+09    1.193987514123615E-12    2.552836235096367E+02    1.855982492882516E+04    1.776750568938323E+04    2.050329571151800E-01    5.357416604370987E+00    6.708446517309379E+33    9.039203790761570E+14    3.354803000000000E-14    0.000000000000000E+00    8.370011000000001E-01    4.053215000000000E-02    1.886284000000000E-03    5.332207000000000E-02    1.772356000000000E-02    9.559861000000002E-05    7.503229000000000E-03    3.431010999999999E-03    1.163249000000000E-03    2.397381000000000E-04    2.079240000000000E-04    0.000000000000000E+00    0.000000000000000E+00    0.000000000000000E+00    0.000000000000000E+00    0.000000000000000E+00    1.277688000000000E-04    0.000000000000000E+00    3.659191000000000E-02    1.416704288482000E+42    7.195612758638000E+11    1.638205781937000E+11
                      140    2.181214045400416E+30    6.709537160123457E+33    9.040063565790920E+14    1.023334655589125E+09    1.207813237930299E-12    2.552836235096367E+02    1.858763179617579E+04    1.776750568938323E+04    2.046673778534000E-01    5.314836347166313E+00    6.710480660607103E+33    9.040809338182966E+14    3.354803000000000E-14    0.000000000000000E+00    8.370011000000001E-01    4.053215000000000E-02    1.886284000000000E-03    5.332207000000000E-02    1.772356000000000E-02    9.559861000000002E-05    7.503229000000000E-03    3.431010999999999E-03    1.163249000000000E-03    2.397381000000000E-04    2.079240000000000E-04    0.000000000000000E+00    0.000000000000000E+00    0.000000000000000E+00    0.000000000000000E+00    0.000000000000000E+00    1.277688000000000E-04    0.000000000000000E+00    3.659191000000000E-02    1.419983251571000E+42    7.272170684816000E+11    1.651484745026000E+11
                      141    1.886278379145438E+30    6.711424161090750E+33    9.041555110575012E+14    1.023326213515304E+09    1.207813237930299E-12    2.552836235096367E+02    1.858763179617579E+04    1.776750568938323E+04    2.047001674842900E-01    5.277894758382656E+00    6.712269235285796E+33    9.042223814907165E+14    3.354803000000000E-14    0.000000000000000E+00    8.370011000000001E-01    4.053215000000000E-02    1.886284000000000E-03    5.332207000000000E-02    1.772356000000000E-02    9.559861000000002E-05    7.503229000000000E-03    3.431010999999999E-03    1.163249000000000E-03    2.397381000000000E-04    2.079240000000000E-04    0.000000000000000E+00    0.000000000000000E+00    0.000000000000000E+00    0.000000000000000E+00    0.000000000000000E+00    1.277688000000000E-04    0.000000000000000E+00    3.659191000000000E-02    1.419983251571000E+42    7.268891721727000E+11    1.651484745026000E+11
                      142    1.690502525891314E+30    6.713114309480844E+33    9.042892519239316E+14    1.023319492478393E+09    1.209563697422610E-12    2.552836235096367E+02    1.860260974397025E+04    1.776750568938323E+04    2.046673778534000E-01    5.244726243196117E+00    6.713933534347571E+33    9.043538181123812E+14    3.354803000000000E-14    0.000000000000000E+00    8.370011000000001E-01    4.053215000000000E-02    1.886284000000000E-03    5.332207000000000E-02    1.772356000000000E-02    9.559861000000002E-05    7.503229000000000E-03    3.431010999999999E-03    1.163249000000000E-03    2.397381000000000E-04    2.079240000000000E-04    0.000000000000000E+00    0.000000000000000E+00    0.000000000000000E+00    0.000000000000000E+00    0.000000000000000E+00    1.277688000000000E-04    0.000000000000000E+00    3.659191000000000E-02    1.426704288482000E+42    7.278891721727000E+11    1.658205781937000E+11
                      143    1.638096393021171E+30    6.714752759214298E+33    9.044183843008310E+14    1.023314410923026E+09    1.216185399330457E-12    2.562922805246039E+02    1.860260974397025E+04    1.778190866788736E+04    2.044673778534000E-01    5.212559739520477E+00    6.715574966695832E+33    9.044826473140334E+14    3.354803000000000E-14    0.000000000000000E+00    8.370011000000001E-01    4.053215000000000E-02    1.886284000000000E-03    5.332207000000000E-02    1.772356000000000E-02    9.559861000000002E-05    7.503229000000000E-03    3.431010999999999E-03    1.163249000000000E-03    2.397381000000000E-04    2.079240000000000E-04    0.000000000000000E+00    0.000000000000000E+00    0.000000000000000E+00    0.000000000000000E+00    0.000000000000000E+00    1.277688000000000E-04    0.000000000000000E+00    3.659191000000000E-02    1.429983251571000E+42    7.322170684816000E+11    1.661484745026000E+11
                      144    1.644879654454070E+30    6.716397174177365E+33    9.045469103272358E+14    1.023309329367660E+09    1.224615593781015E-12    2.562922805246039E+02    1.860260974397025E+04    1.778190866788736E+04    2.042345882225100E-01    5.180358857902982E+00    6.717221370068770E+33    9.046107339860712E+14    3.354803000000000E-14    0.000000000000000E+00    8.370011000000001E-01    4.053215000000000E-02    1.886284000000000E-03    5.332207000000000E-02    1.772356000000000E-02    9.559861000000002E-05    7.503229000000000E-03    3.431010999999999E-03    1.163249000000000E-03    2.397381000000000E-04    2.079240000000000E-04    0.000000000000000E+00    0.000000000000000E+00    0.000000000000000E+00    0.000000000000000E+00    0.000000000000000E+00    1.277688000000000E-04    0.000000000000000E+00    3.659191000000000E-02    1.429983251571000E+42    7.368728610993999E+11    1.671484745026000E+11
                      145    1.648027506120372E+30    6.718045565960174E+33    9.046745576449069E+14    1.023305968849204E+09    1.231321220583855E-12    2.562922805246039E+02    1.863048071277033E+04    1.778190866788736E+04    2.040017985916200E-01    5.148240977532050E+00    6.718870756056514E+33    9.047381182004704E+14    3.354803000000000E-14    0.000000000000000E+00    8.370011000000001E-01    4.053215000000000E-02    1.886284000000000E-03    5.332207000000000E-02    1.772356000000000E-02    9.559861000000002E-05    7.503229000000000E-03    3.431010999999999E-03    1.163249000000000E-03    2.397381000000000E-04    2.079240000000000E-04    0.000000000000000E+00    0.000000000000000E+00    0.000000000000000E+00    0.000000000000000E+00    0.000000000000000E+00    1.277688000000000E-04    0.000000000000000E+00    3.659191000000000E-02    1.429983251571000E+42    7.422007574082999E+11    1.684763708115000E+11
                      146    1.650619994909788E+30    6.719695946152854E+33    9.048016787560340E+14    1.023304247812293E+09    1.239856331535141E-12    2.562922805246039E+02    1.863048071277033E+04    1.778190866788736E+04    2.037690089607300E-01    5.116075574012189E+00    6.720586753774926E+33    9.048693667793261E+14    3.354803000000000E-14    0.000000000000000E+00    8.370011000000001E-01    4.053215000000000E-02    1.886284000000000E-03    5.332207000000000E-02    1.772356000000000E-02    9.559861000000002E-05    7.503229000000000E-03    3.431010999999999E-03    1.163249000000000E-03    2.397381000000000E-04    2.079240000000000E-04    0.000000000000000E+00    0.000000000000000E+00    0.000000000000000E+00    0.000000000000000E+00    0.000000000000000E+00    1.277688000000000E-04    0.000000000000000E+00    3.659191000000000E-02    1.439983251571000E+42    7.468565500261000E+11    1.701484745026000E+11
                      147    1.781859023195601E+30    6.721477561397000E+33    9.049370548026185E+14    1.023304166256927E+09    1.254213191214998E-12    2.562922805246039E+02    1.863048071277033E+04    1.778190866788736E+04    2.033362193298400E-01    5.081497156357853E+00    6.722426032905322E+33    9.050081512175872E+14    3.354803000000000E-14    0.000000000000000E+00    8.370011000000001E-01    4.053215000000000E-02    1.886284000000000E-03    5.332207000000000E-02    1.772356000000000E-02    9.559861000000002E-05    7.503229000000000E-03    3.431010999999999E-03    1.163249000000000E-03    2.397381000000000E-04    2.079240000000000E-04    0.000000000000000E+00    0.000000000000000E+00    0.000000000000000E+00    0.000000000000000E+00    0.000000000000000E+00    1.277688000000000E-04    0.000000000000000E+00    3.659191000000000E-02    1.439983251571000E+42    7.548402389528000E+11    1.714763708115000E+11
                      148    1.896652708804818E+30    6.723374504413646E+33    9.050792476325559E+14    1.023309166256927E+09    1.266903339388230E-12    2.562922805246039E+02    1.864549318830038E+04    1.778190866788736E+04    2.029706400680600E-01    5.044881007860978E+00    6.724202677124791E+33    9.051410735044108E+14    3.354803000000000E-14    0.000000000000000E+00    8.370011000000001E-01    4.053215000000000E-02    1.886284000000000E-03    5.332207000000000E-02    1.772356000000000E-02    9.559861000000002E-05    7.503229000000000E-03    3.431010999999999E-03    1.163249000000000E-03    2.397381000000000E-04    2.079240000000000E-04    0.000000000000000E+00    0.000000000000000E+00    0.000000000000000E+00    0.000000000000000E+00    0.000000000000000E+00    1.277688000000000E-04    0.000000000000000E+00    3.659191000000000E-02    1.439983251571000E+42    7.624960315706000E+11    1.738042671204000E+11
                      149    1.656234270179704E+30    6.725030849835937E+33    9.052028993762656E+14    1.023312526775382E+09    1.266903339388230E-12    2.562922805246039E+02    1.864549318830038E+04    1.778190866788736E+04    2.030378504371700E-01    5.013030777206175E+00    6.725691001913008E+33    9.052525729278901E+14    3.354803000000000E-14    0.000000000000000E+00    8.370011000000001E-01    4.053215000000000E-02    1.886284000000000E-03    5.332207000000000E-02    1.772356000000000E-02    9.559861000000002E-05    7.503229000000000E-03    3.431010999999999E-03    1.163249000000000E-03    2.397381000000000E-04    2.079240000000000E-04    0.000000000000000E+00    0.000000000000000E+00    0.000000000000000E+00    0.000000000000000E+00    0.000000000000000E+00    1.277688000000000E-04    0.000000000000000E+00    3.659191000000000E-02    1.449983251571000E+42    7.624960315706000E+11    1.734763708115000E+11
                      150    1.319364033956639E+30    6.726351153990080E+33    9.053022464795145E+14    1.023315887293838E+09    1.261082447287783E-12    2.576457337952145E+02    1.867342840631897E+04    1.780846402004770E+04    2.032378504371700E-01    4.987532419588765E+00    6.726960601615449E+33    9.053485983630118E+14    3.354803000000000E-14    0.000000000000000E+00    8.370011000000001E-01    4.053215000000000E-02    1.886284000000000E-03    5.332207000000000E-02    1.772356000000000E-02    9.559861000000002E-05    7.503229000000000E-03    3.431010999999999E-03    1.163249000000000E-03    2.397381000000000E-04    2.079240000000000E-04    0.000000000000000E+00    0.000000000000000E+00    0.000000000000000E+00    0.000000000000000E+00    0.000000000000000E+00    1.277688000000000E-04    0.000000000000000E+00    3.659191000000000E-02    1.449983251571000E+42    7.591681352617000E+11    1.728042671204000E+11
                      151    1.220650817812744E+30    6.727570049240819E+33    9.053949502465090E+14    1.023322608330748E+09    1.263989542564642E-12    2.576457337952145E+02    1.867342840631897E+04    1.780846402004770E+04    2.031378504371700E-01    4.963694907695626E+00    6.728301784073236E+33    9.054494852076118E+14    3.354803000000000E-14    0.000000000000000E+00    8.370011000000001E-01    4.053215000000000E-02    1.886284000000000E-03    5.332207000000000E-02    1.772356000000000E-02    9.559861000000002E-05    7.503229000000000E-03    3.431010999999999E-03    1.163249000000000E-03    2.397381000000000E-04    2.079240000000000E-04    0.000000000000000E+00    0.000000000000000E+00    0.000000000000000E+00    0.000000000000000E+00    0.000000000000000E+00    1.277688000000000E-04    0.000000000000000E+00    3.659191000000000E-02    1.449983251571000E+42    7.611681352617000E+11    1.728042671204000E+11
                      152    1.462150752566531E+30    6.729033518905652E+33    9.055040201687145E+14    1.023329329367660E+09    1.278625851657759E-12    2.576457337952145E+02    1.867342840631897E+04    1.780846402004770E+04    2.027050608062800E-01    4.935386531560368E+00    6.729807010345352E+33    9.055607512345450E+14    3.354803000000000E-14    0.000000000000000E+00    8.370011000000001E-01    4.053215000000000E-02    1.886284000000000E-03    5.332207000000000E-02    1.772356000000000E-02    9.559861000000002E-05    7.503229000000000E-03    3.431010999999999E-03    1.163249000000000E-03    2.397381000000000E-04    2.079240000000000E-04    0.000000000000000E+00    0.000000000000000E+00    0.000000000000000E+00    0.000000000000000E+00    0.000000000000000E+00    1.277688000000000E-04    0.000000000000000E+00    3.659191000000000E-02    1.449983251571000E+42    7.701518241883999E+11    1.751321634293000E+11
                      153    1.547627124201190E+30    6.730580501785054E+33    9.056174823003754E+14    1.023337689886115E+09    1.288594091750426E-12    2.576457337952145E+02    1.867342840631897E+04    1.780846402004770E+04    2.024394815445000E-01    4.905754281083754E+00    6.731261532165768E+33    9.056675638233802E+14    3.354803000000000E-14    0.000000000000000E+00    8.370011000000001E-01    4.053215000000000E-02    1.886284000000000E-03    5.332207000000000E-02    1.772356000000000E-02    9.559861000000002E-05    7.503229000000000E-03    3.431010999999999E-03    1.163249000000000E-03    2.397381000000000E-04    2.079240000000000E-04    0.000000000000000E+00    0.000000000000000E+00    0.000000000000000E+00    0.000000000000000E+00    0.000000000000000E+00    1.277688000000000E-04    0.000000000000000E+00    3.659191000000000E-02    1.459983251571000E+42    7.761355131150999E+11    1.761321634293000E+11
                      154    1.361518919738399E+30    6.731942562546482E+33    9.057176453463851E+14    1.023346050404571E+09    1.288594091750426E-12    2.576457337952145E+02    1.868847548917924E+04    1.780846402004770E+04    2.024394815445000E-01    4.879593740543672E+00    6.732585813139655E+33    9.057648208970958E+14    3.354803000000000E-14    0.000000000000000E+00    8.370011000000001E-01    4.053215000000000E-02    1.886284000000000E-03    5.332207000000000E-02    1.772356000000000E-02    9.559861000000002E-05    7.503229000000000E-03    3.431010999999999E-03    1.163249000000000E-03    2.397381000000000E-04    2.079240000000000E-04    0.000000000000000E+00    0.000000000000000E+00    0.000000000000000E+00    0.000000000000000E+00    0.000000000000000E+00    1.277688000000000E-04    0.000000000000000E+00    3.659191000000000E-02    1.459983251571000E+42    7.761355131150999E+11    1.761321634293000E+11
                      155    1.286088790134456E+30    6.733229063732825E+33    9.058119964478065E+14    1.023352771441481E+09    1.291564607917686E-12    2.586637237986326E+02    1.868847548917924E+04    1.782290020084633E+04    2.024066919136100E-01    4.854899140725101E+00    6.733908105703668E+33    9.058616076855172E+14    3.354803000000000E-14    0.000000000000000E+00    8.370011000000001E-01    4.053215000000000E-02    1.886284000000000E-03    5.332207000000000E-02    1.772356000000000E-02    9.559861000000002E-05    7.503229000000000E-03    3.431010999999999E-03    1.163249000000000E-03    2.397381000000000E-04    2.079240000000000E-04    0.000000000000000E+00    0.000000000000000E+00    0.000000000000000E+00    0.000000000000000E+00    0.000000000000000E+00    1.277688000000000E-04    0.000000000000000E+00    3.659191000000000E-02    1.459983251571000E+42    7.781355131151000E+11    1.771321634293000E+11
                      156    1.357855274551638E+30    6.734587147674512E+33    9.059112189232279E+14    1.023362852996848E+09    1.301635333133951E-12    2.586637237986326E+02    1.868847548917924E+04    1.782290020084633E+04    2.021066919136100E-01    4.828769282015882E+00    6.735295021588480E+33    9.059623598125375E+14    3.354803000000000E-14    0.000000000000000E+00    8.370011000000001E-01    4.053215000000000E-02    1.886284000000000E-03    5.332207000000000E-02    1.772356000000000E-02    9.559861000000002E-05    7.503229000000000E-03    3.431010999999999E-03    1.163249000000000E-03    2.397381000000000E-04    2.079240000000000E-04    0.000000000000000E+00    0.000000000000000E+00    0.000000000000000E+00    0.000000000000000E+00    0.000000000000000E+00    1.277688000000000E-04    0.000000000000000E+00    3.659191000000000E-02    1.459983251571000E+42    7.831192020418000E+11    1.784600597382000E+11
                      157    1.417278307014488E+30    6.736002895502449E+33    9.060135007018470E+14    1.023376295070670E+09    1.308769185697420E-12    2.586637237986326E+02    1.871647510452615E+04    1.782290020084633E+04    2.018739022827200E-01    4.801716118306399E+00    6.736657082349908E+33    9.060604191644938E+14    3.354803000000000E-14    0.000000000000000E+00    8.370011000000001E-01    4.053215000000000E-02    1.886284000000000E-03    5.332207000000000E-02    1.772356000000000E-02    9.559861000000002E-05    7.503229000000000E-03    3.431010999999999E-03    1.163249000000000E-03    2.397381000000000E-04    2.079240000000000E-04    0.000000000000000E+00    0.000000000000000E+00    0.000000000000000E+00    0.000000000000000E+00    0.000000000000000E+00    1.277688000000000E-04    0.000000000000000E+00    3.659191000000000E-02    1.463262214660000E+42    7.884470983507000E+11    1.794600597382000E+11
                      158    1.308597987552732E+30    6.737311269197368E+33    9.061073376271405E+14    1.023386376626036E+09    1.310657838229043E-12    2.586637237986326E+02    1.871647510452615E+04    1.782290020084633E+04    2.018411126518300E-01    4.776868024559832E+00    6.737817319509461E+33    9.061441345231740E+14    3.354803000000000E-14    0.000000000000000E+00    8.370011000000001E-01    4.053215000000000E-02    1.886284000000000E-03    5.332207000000000E-02    1.772356000000000E-02    9.559861000000002E-05    7.503229000000000E-03    3.431010999999999E-03    1.163249000000000E-03    2.397381000000000E-04    2.079240000000000E-04    0.000000000000000E+00    0.000000000000000E+00    0.000000000000000E+00    0.000000000000000E+00    0.000000000000000E+00    1.277688000000000E-04    0.000000000000000E+00    3.659191000000000E-02    1.469983251571000E+42    7.897749946596000E+11    1.794600597382000E+11
                      159    1.011855254407264E+30    6.738323369821553E+33    9.061809314192075E+14    1.023396458181403E+09    1.305759100099306E-12    2.586637237986326E+02    1.871647510452615E+04    1.782290020084633E+04    2.020411126518300E-01    4.757434506819578E+00    6.738762808402977E+33    9.062129083875396E+14    3.354803000000000E-14    0.000000000000000E+00    8.370011000000001E-01    4.053215000000000E-02    1.886284000000000E-03    5.332207000000000E-02    1.772356000000000E-02    9.559861000000002E-05    7.503229000000000E-03    3.431010999999999E-03    1.163249000000000E-03    2.397381000000000E-04    2.079240000000000E-04    0.000000000000000E+00    0.000000000000000E+00    0.000000000000000E+00    0.000000000000000E+00    0.000000000000000E+00    1.277688000000000E-04    0.000000000000000E+00    3.659191000000000E-02    1.469983251571000E+42    7.864470983507000E+11    1.787879560471000E+11
                      160    8.792955242853331E+29    6.739202246984402E+33    9.062448853558719E+14    1.023409900255225E+09    1.305759100099306E-12    2.586637237986326E+02    1.873155687449481E+04    1.782290020084633E+04    2.021083230209400E-01    4.740539691337850E+00    6.739737129239618E+33    9.062837023405336E+14    3.354803000000000E-14    0.000000000000000E+00    8.370011000000001E-01    4.053215000000000E-02    1.886284000000000E-03    5.332207000000000E-02    1.772356000000000E-02    9.559861000000002E-05    7.503229000000000E-03    3.431010999999999E-03    1.163249000000000E-03    2.397381000000000E-04    2.079240000000000E-04    0.000000000000000E+00    0.000000000000000E+00    0.000000000000000E+00    0.000000000000000E+00    0.000000000000000E+00    1.277688000000000E-04    0.000000000000000E+00    3.659191000000000E-02    1.469983251571000E+42    7.857749946596000E+11    1.784600597382000E+11
                      161    1.068901142869694E+30    6.740272011494838E+33    9.063225193251955E+14    1.023423342329047E+09    1.317841140296119E-12    2.586637237986326E+02    1.873155687449481E+04    1.782290020084633E+04    2.017755333900500E-01    4.719880217231553E+00    6.740822801029021E+33    9.063617890126349E+14    3.354803000000000E-14    0.000000000000000E+00    8.370011000000001E-01    4.053215000000000E-02    1.886284000000000E-03    5.332207000000000E-02    1.772356000000000E-02    9.559861000000002E-05    7.503229000000000E-03    3.431010999999999E-03    1.163249000000000E-03    2.397381000000000E-04    2.079240000000000E-04    0.000000000000000E+00    0.000000000000000E+00    0.000000000000000E+00    0.000000000000000E+00    0.000000000000000E+00    1.277688000000000E-04    0.000000000000000E+00    3.659191000000000E-02    1.469983251571000E+42    7.927586835863000E+11    1.804600597382000E+11
                      162    1.100502344421737E+30    6.741373590563204E+33    9.064010587000745E+14    1.023436784402869E+09    1.322017890601629E-12    2.586637237986326E+02    1.873155687449481E+04    1.782290020084633E+04    2.015755333900500E-01    4.698932493417598E+00    6.741836890063076E+33    9.064340550997869E+14    3.354803000000000E-14    0.000000000000000E+00    8.370011000000001E-01    4.053215000000000E-02    1.886284000000000E-03    5.332207000000000E-02    1.772356000000000E-02    9.559861000000002E-05    7.503229000000000E-03    3.431010999999999E-03    1.163249000000000E-03    2.397381000000000E-04    2.079240000000000E-04    0.000000000000000E+00    0.000000000000000E+00    0.000000000000000E+00    0.000000000000000E+00    0.000000000000000E+00    1.277688000000000E-04    0.000000000000000E+00    3.659191000000000E-02    1.473262214660000E+42    7.960865798952000E+11    1.807879560471000E+11
                      163    9.267459432347361E+29    6.742300189562949E+33    9.064670514994992E+14    1.023450226476691E+09    1.318977333827803E-12    2.586637237986326E+02    1.873155687449481E+04    1.782290020084633E+04    2.017427437591600E-01    4.681360480581746E+00    6.742664068569287E+33    9.064935240615361E+14    3.354803000000000E-14    0.000000000000000E+00    8.370011000000001E-01    4.053215000000000E-02    1.886284000000000E-03    5.332207000000000E-02    1.772356000000000E-02    9.559861000000002E-05    7.503229000000000E-03    3.431010999999999E-03    1.163249000000000E-03    2.397381000000000E-04    2.079240000000000E-04    0.000000000000000E+00    0.000000000000000E+00    0.000000000000000E+00    0.000000000000000E+00    0.000000000000000E+00    1.277688000000000E-04    0.000000000000000E+00    3.659191000000000E-02    1.473262214660000E+42    7.950865798952000E+11    1.807879560471000E+11
                      164    7.291666022278890E+29    6.743027947575625E+33    9.065199966235729E+14    1.023460308032058E+09    1.315943770140499E-12    2.586637237986326E+02    1.875962103562118E+04    1.782290020084633E+04    2.018427437591600E-01    4.667285565308164E+00    6.743411710680669E+33    9.065476188402122E+14    3.354803000000000E-14    0.000000000000000E+00    8.370011000000001E-01    4.053215000000000E-02    1.886284000000000E-03    5.332207000000000E-02    1.772356000000000E-02    9.559861000000002E-05    7.503229000000000E-03    3.431010999999999E-03    1.163249000000000E-03    2.397381000000000E-04    2.079240000000000E-04    0.000000000000000E+00    0.000000000000000E+00    0.000000000000000E+00    0.000000000000000E+00    0.000000000000000E+00    1.277688000000000E-04    0.000000000000000E+00    3.659191000000000E-02    1.473262214660000E+42    7.930865798952000E+11    1.807879560471000E+11
                      165    7.673677338227527E+29    6.743795473785714E+33    9.065752410568515E+14    1.023473750105880E+09    1.322017890601629E-12    2.586637237986326E+02    1.875962103562118E+04    1.782290020084633E+04    2.017099541282700E-01    4.652544648587676E+00    6.744285616818842E+33    9.066101141904938E+14    3.354803000000000E-14    0.000000000000000E+00    8.370011000000001E-01    4.053215000000000E-02    1.886284000000000E-03    5.332207000000000E-02    1.772356000000000E-02    9.559861000000002E-05    7.503229000000000E-03    3.431010999999999E-03    1.163249000000000E-03    2.397381000000000E-04    2.079240000000000E-04    0.000000000000000E+00    0.000000000000000E+00    0.000000000000000E+00    0.000000000000000E+00    0.000000000000000E+00    1.277688000000000E-04    0.000000000000000E+00    3.659191000000000E-02    1.473262214660000E+42    7.957423725130000E+11    1.811158523560000E+11
                      166    9.799889978194564E+29    6.744775759851968E+33    9.066449873241360E+14    1.023490552698157E+09    1.332331030868154E-12    2.600297004181650E+02    1.875962103562118E+04    1.784951676941561E+04    2.013771644973800E-01    4.633816150681003E+00    6.745361346558889E+33    9.066858049005776E+14    3.354803000000000E-14    0.000000000000000E+00    8.370011000000001E-01    4.053215000000000E-02    1.886284000000000E-03    5.332207000000000E-02    1.772356000000000E-02    9.559861000000002E-05    7.503229000000000E-03    3.431010999999999E-03    1.163249000000000E-03    2.397381000000000E-04    2.079240000000000E-04    0.000000000000000E+00    0.000000000000000E+00    0.000000000000000E+00    0.000000000000000E+00    0.000000000000000E+00    1.277688000000000E-04    0.000000000000000E+00    3.659191000000000E-02    1.479983251571000E+42    8.030702688218999E+11    1.827879560471000E+11
                      167    1.170933015087784E+30    6.745946933265810E+33    9.067266224770191E+14    1.023507355290434E+09    1.344658938113209E-12    2.600297004181650E+02    1.875962103562118E+04    1.784951676941561E+04    2.010443748664900E-01    4.611736824485162E+00    6.746478832906221E+33    9.067633806276029E+14    3.354803000000000E-14    0.000000000000000E+00    8.370011000000001E-01    4.053215000000000E-02    1.886284000000000E-03    5.332207000000000E-02    1.772356000000000E-02    9.559861000000002E-05    7.503229000000000E-03    3.431010999999999E-03    1.163249000000000E-03    2.397381000000000E-04    2.079240000000000E-04    0.000000000000000E+00    0.000000000000000E+00    0.000000000000000E+00    0.000000000000000E+00    0.000000000000000E+00    1.277688000000000E-04    0.000000000000000E+00    3.659191000000000E-02    1.479983251571000E+42    8.097260614397000E+11    1.841158523560000E+11
                      168    1.063109501439312E+30    6.747010732546633E+33    9.068001387781866E+14    1.023524157882712E+09    1.344658938113209E-12    2.600297004181650E+02    1.877473757266024E+04    1.784951676941561E+04    2.010443748664900E-01    4.591851692651201E+00    6.747456136357669E+33    9.068311744888439E+14    3.354803000000000E-14    0.000000000000000E+00    8.370011000000001E-01    4.053215000000000E-02    1.886284000000000E-03    5.332207000000000E-02    1.772356000000000E-02    9.559861000000002E-05    7.503229000000000E-03    3.431010999999999E-03    1.163249000000000E-03    2.397381000000000E-04    2.079240000000000E-04    0.000000000000000E+00    0.000000000000000E+00    0.000000000000000E+00    0.000000000000000E+00    0.000000000000000E+00    1.277688000000000E-04    0.000000000000000E+00    3.659191000000000E-02    1.479983251571000E+42    8.100539577486000E+11    1.844437486649000E+11
                      169    8.910476231441199E+29    6.747901540168705E+33    9.068622101995010E+14    1.023540960474990E+09    1.342726293212744E-12    2.600297004181650E+02    1.877473757266024E+04    1.784951676941561E+04    2.011115852356000E-01    4.575083488302627E+00    6.748280332249074E+33    9.068888711723110E+14    3.354803000000000E-14    0.000000000000000E+00    8.370011000000001E-01    4.053215000000000E-02    1.886284000000000E-03    5.332207000000000E-02    1.772356000000000E-02    9.559861000000002E-05    7.503229000000000E-03    3.431010999999999E-03    1.163249000000000E-03    2.397381000000000E-04    2.079240000000000E-04    0.000000000000000E+00    0.000000000000000E+00    0.000000000000000E+00    0.000000000000000E+00    0.000000000000000E+00    1.277688000000000E-04    0.000000000000000E+00    3.659191000000000E-02    1.483262214660000E+42    8.083818540575000E+11    1.841158523560000E+11
                      170    7.586582997481083E+29    6.748659124329442E+33    9.069155321451210E+14    1.023557763067267E+09    1.340798093272203E-12    2.610571097671119E+02    1.877473757266024E+04    1.786398622904792E+04    2.012115852356000E-01    4.560690040773533E+00    6.748997154007459E+33    9.069392474772918E+14    3.354803000000000E-14    0.000000000000000E+00    8.370011000000001E-01    4.053215000000000E-02    1.886284000000000E-03    5.332207000000000E-02    1.772356000000000E-02    9.559861000000002E-05    7.503229000000000E-03    3.431010999999999E-03    1.163249000000000E-03    2.397381000000000E-04    2.079240000000000E-04    0.000000000000000E+00    0.000000000000000E+00    0.000000000000000E+00    0.000000000000000E+00    0.000000000000000E+00    1.277688000000000E-04    0.000000000000000E+00    3.659191000000000E-02    1.483262214660000E+42    8.077097503663999E+11    1.834437486649000E+11
                      171    6.751806777154757E+29    6.749335183685479E+33    9.069629628094628E+14    1.023571205141089E+09    1.340798093272203E-12    2.610571097671119E+02    1.877473757266024E+04    1.786398622904792E+04    2.012115852356000E-01    4.547890727857487E+00    6.749661282904273E+33    9.069859484205370E+14    3.354803000000000E-14    0.000000000000000E+00    8.370011000000001E-01    4.053215000000000E-02    1.886284000000000E-03    5.332207000000000E-02    1.772356000000000E-02    9.559861000000002E-05    7.503229000000000E-03    3.431010999999999E-03    1.163249000000000E-03    2.397381000000000E-04    2.079240000000000E-04    0.000000000000000E+00    0.000000000000000E+00    0.000000000000000E+00    0.000000000000000E+00    0.000000000000000E+00    1.277688000000000E-04    0.000000000000000E+00    3.659191000000000E-02    1.483262214660000E+42    8.077097503663999E+11    1.834437486649000E+11
                      172    6.534161397937761E+29    6.749987382123067E+33    9.070089340316110E+14    1.023584647214911E+09    1.343888952091590E-12    2.610571097671119E+02    1.877473757266024E+04    1.786398622904792E+04    2.011787956047100E-01    4.535457178972703E+00    6.750312487136927E+33    9.070316799702090E+14    3.354803000000000E-14    0.000000000000000E+00    8.370011000000001E-01    4.053215000000000E-02    1.886284000000000E-03    5.332207000000000E-02    1.772356000000000E-02    9.559861000000002E-05    7.503229000000000E-03    3.431010999999999E-03    1.163249000000000E-03    2.397381000000000E-04    2.079240000000000E-04    0.000000000000000E+00    0.000000000000000E+00    0.000000000000000E+00    0.000000000000000E+00    0.000000000000000E+00    1.277688000000000E-04    0.000000000000000E+00    3.659191000000000E-02    1.483262214660000E+42    8.090376466752999E+11    1.844437486649000E+11
                      173    6.499785768093133E+29    6.750637592150785E+33    9.070544259088070E+14    1.023598089288733E+09    1.346986936076421E-12    2.610571097671119E+02    1.880286642835944E+04    1.786398622904792E+04    2.011460059738200E-01    4.523129472154049E+00    6.750925911582038E+33    9.070745301701298E+14    3.354803000000000E-14    0.000000000000000E+00    8.370011000000001E-01    4.053215000000000E-02    1.886284000000000E-03    5.332207000000000E-02    1.772356000000000E-02    9.559861000000002E-05    7.503229000000000E-03    3.431010999999999E-03    1.163249000000000E-03    2.397381000000000E-04    2.079240000000000E-04    0.000000000000000E+00    0.000000000000000E+00    0.000000000000000E+00    0.000000000000000E+00    0.000000000000000E+00    1.277688000000000E-04    0.000000000000000E+00    3.659191000000000E-02    1.483262214660000E+42    8.103655429842000E+11    1.844437486649000E+11
                      174    5.750811422097297E+29    6.751214231013288E+33    9.070946344314525E+14    1.023611531362555E+09    1.345054291175956E-12    2.610571097671119E+02    1.880286642835944E+04    1.786398622904792E+04    2.011460059738200E-01    4.512245583836175E+00    6.751494596805057E+33    9.071143623014328E+14    3.354803000000000E-14    0.000000000000000E+00    8.370011000000001E-01    4.053215000000000E-02    1.886284000000000E-03    5.332207000000000E-02    1.772356000000000E-02    9.559861000000002E-05    7.503229000000000E-03    3.431010999999999E-03    1.163249000000000E-03    2.397381000000000E-04    2.079240000000000E-04    0.000000000000000E+00    0.000000000000000E+00    0.000000000000000E+00    0.000000000000000E+00    0.000000000000000E+00    1.277688000000000E-04    0.000000000000000E+00    3.659191000000000E-02    1.483262214660000E+42    8.103655429842000E+11    1.844437486649000E+11
                      175    5.625664881655304E+29    6.751774962596826E+33    9.071340901714130E+14    1.023624973436377E+09    1.346986936076421E-12    2.610571097671119E+02    1.880286642835944E+04    1.786398622904792E+04    2.011132163429300E-01    4.501556937980260E+00    6.752069247257688E+33    9.071545095285804E+14    3.354803000000000E-14    0.000000000000000E+00    8.370011000000001E-01    4.053215000000000E-02    1.886284000000000E-03    5.332207000000000E-02    1.772356000000000E-02    9.559861000000002E-05    7.503229000000000E-03    3.431010999999999E-03    1.163249000000000E-03    2.397381000000000E-04    2.079240000000000E-04    0.000000000000000E+00    0.000000000000000E+00    0.000000000000000E+00    0.000000000000000E+00    0.000000000000000E+00    1.277688000000000E-04    0.000000000000000E+00    3.659191000000000E-02    1.489983251571000E+42    8.113655429842000E+11    1.847716449738000E+11
                      176    5.872456372756992E+29    6.752363531918552E+33    9.071749288857478E+14    1.023638415510199E+09    1.351262779697078E-12    2.610571097671119E+02    1.880286642835944E+04    1.786398622904792E+04    2.010132163429300E-01    4.490459835392496E+00    6.752664776013963E+33    9.071958074223192E+14    3.354803000000000E-14    0.000000000000000E+00    8.370011000000001E-01    4.053215000000000E-02    1.886284000000000E-03    5.332207000000000E-02    1.772356000000000E-02    9.559861000000002E-05    7.503229000000000E-03    3.431010999999999E-03    1.163249000000000E-03    2.397381000000000E-04    2.079240000000000E-04    0.000000000000000E+00    0.000000000000000E+00    0.000000000000000E+00    0.000000000000000E+00    0.000000000000000E+00    1.277688000000000E-04    0.000000000000000E+00    3.659191000000000E-02    1.489983251571000E+42    8.130213356020000E+11    1.847716449738000E+11
                      177    6.021867478851114E+29    6.752966020109374E+33    9.072166859588908E+14    1.023651857584021E+09    1.354377762110086E-12    2.610571097671119E+02    1.880286642835944E+04    1.786398622904792E+04    2.009132163429300E-01    4.479099685764330E+00    6.753270246819590E+33    9.072376294381105E+14    3.354803000000000E-14    0.000000000000000E+00    8.370011000000001E-01    4.053215000000000E-02    1.886284000000000E-03    5.332207000000000E-02    1.772356000000000E-02    9.559861000000002E-05    7.503229000000000E-03    3.431010999999999E-03    1.163249000000000E-03    2.397381000000000E-04    2.079240000000000E-04    0.000000000000000E+00    0.000000000000000E+00    0.000000000000000E+00    0.000000000000000E+00    0.000000000000000E+00    1.277688000000000E-04    0.000000000000000E+00    3.659191000000000E-02    1.493262214660000E+42    8.150213356020000E+11    1.857716449738000E+11
                      178    6.100688046125584E+29    6.753574473529807E+33    9.072585729173304E+14    1.023665299657843E+09    1.355553883944239E-12    2.610571097671119E+02    1.880286642835944E+04    1.786398622904792E+04    2.008804267120400E-01    4.467690695983920E+00    6.753845891477157E+33    9.072771233461666E+14    3.354803000000000E-14    0.000000000000000E+00    8.370011000000001E-01    4.053215000000000E-02    1.886284000000000E-03    5.332207000000000E-02    1.772356000000000E-02    9.559861000000002E-05    7.503229000000000E-03    3.431010999999999E-03    1.163249000000000E-03    2.397381000000000E-04    2.079240000000000E-04    0.000000000000000E+00    0.000000000000000E+00    0.000000000000000E+00    0.000000000000000E+00    0.000000000000000E+00    1.277688000000000E-04    0.000000000000000E+00    3.659191000000000E-02    1.493262214660000E+42    8.163492319108999E+11    1.857716449738000E+11
                      179    5.419570175377192E+29    6.754117309424508E+33    9.072956737750028E+14    1.023678741731665E+09    1.355553883944239E-12    2.610571097671119E+02    1.880286642835944E+04    1.786398622904792E+04    2.008804267120400E-01    4.457588092539951E+00    6.754331063485608E+33    9.073104004141836E+14    3.354803000000000E-14    0.000000000000000E+00    8.370011000000001E-01    4.053215000000000E-02    1.886284000000000E-03    5.332207000000000E-02    1.772356000000000E-02    9.559861000000002E-05    7.503229000000000E-03    3.431010999999999E-03    1.163249000000000E-03    2.397381000000000E-04    2.079240000000000E-04    0.000000000000000E+00    0.000000000000000E+00    0.000000000000000E+00    0.000000000000000E+00    0.000000000000000E+00    1.277688000000000E-04    0.000000000000000E+00    3.659191000000000E-02    1.493262214660000E+42    8.163492319108999E+11    1.857716449738000E+11
                      180    4.275707571110078E+29    6.754544817546708E+33    9.073251270533644E+14    1.023692183805487E+09    1.352436196526077E-12    2.610571097671119E+02    1.881801781261530E+04    1.786398622904792E+04    2.009804267120400E-01    4.449579192197904E+00    6.754744652738712E+33    9.073390269495892E+14    3.354803000000000E-14    0.000000000000000E+00    8.370011000000001E-01    4.053215000000000E-02    1.886284000000000E-03    5.332207000000000E-02    1.772356000000000E-02    9.559861000000002E-05    7.503229000000000E-03    3.431010999999999E-03    1.163249000000000E-03    2.397381000000000E-04    2.079240000000000E-04    0.000000000000000E+00    0.000000000000000E+00    0.000000000000000E+00    0.000000000000000E+00    0.000000000000000E+00    1.277688000000000E-04    0.000000000000000E+00    3.659191000000000E-02    1.493262214660000E+42    8.146771282198000E+11    1.850995412827000E+11
                      181    3.989237361038610E+29    6.754944487930718E+33    9.073529268458140E+14    1.023702265360854E+09    1.352436196526077E-12    2.610571097671119E+02    1.881801781261530E+04    1.786398622904792E+04    2.009804267120400E-01    4.442026565196470E+00    6.755147305737529E+33    9.073669636292370E+14    3.354803000000000E-14    0.000000000000000E+00    8.370011000000001E-01    4.053215000000000E-02    1.886284000000000E-03    5.332207000000000E-02    1.772356000000000E-02    9.559861000000002E-05    7.503229000000000E-03    3.431010999999999E-03    1.163249000000000E-03    2.397381000000000E-04    2.079240000000000E-04    0.000000000000000E+00    0.000000000000000E+00    0.000000000000000E+00    0.000000000000000E+00    0.000000000000000E+00    1.277688000000000E-04    0.000000000000000E+00    3.659191000000000E-02    1.493262214660000E+42    8.150050245287000E+11    1.850995412827000E+11
                      182    4.064359485953583E+29    6.755350123544341E+33    9.073810004126599E+14    1.023713986397765E+09    1.355553883944239E-12    2.610571097671119E+02    1.881801781261530E+04    1.786398622904792E+04    2.009476370811500E-01    4.434380740877716E+00    6.755550952941282E+33    9.073948286923870E+14    3.354803000000000E-14    0.000000000000000E+00    8.370011000000001E-01    4.053215000000000E-02    1.886284000000000E-03    5.332207000000000E-02    1.772356000000000E-02    9.559861000000002E-05    7.503229000000000E-03    3.431010999999999E-03    1.163249000000000E-03    2.397381000000000E-04    2.079240000000000E-04    0.000000000000000E+00    0.000000000000000E+00    0.000000000000000E+00    0.000000000000000E+00    0.000000000000000E+00    1.277688000000000E-04    0.000000000000000E+00    3.659191000000000E-02    1.493262214660000E+42    8.160050245287000E+11    1.857716449738000E+11
                      183    4.013547660117764E+29    6.755751782338222E+33    9.074086569721140E+14    1.023729067953131E+09    1.356732717019230E-12    2.610571097671119E+02    1.881801781261530E+04    1.786398622904792E+04    2.009148474502600E-01    4.426842859442023E+00    6.755939687071003E+33    9.074215454227150E+14    3.354803000000000E-14    0.000000000000000E+00    8.370011000000001E-01    4.053215000000000E-02    1.886284000000000E-03    5.332207000000000E-02    1.772356000000000E-02    9.559861000000002E-05    7.503229000000000E-03    3.431010999999999E-03    1.163249000000000E-03    2.397381000000000E-04    2.079240000000000E-04    0.000000000000000E+00    0.000000000000000E+00    0.000000000000000E+00    0.000000000000000E+00    0.000000000000000E+00    1.277688000000000E-04    0.000000000000000E+00    3.659191000000000E-02    1.493262214660000E+42    8.173329208376000E+11    1.860995412827000E+11
                      184    3.755505745967666E+29    6.756127591803783E+33    9.074344338733159E+14    1.023739149508497E+09    1.356732717019230E-12    2.610571097671119E+02    1.881801781261530E+04    1.786398622904792E+04    2.009148474502600E-01    4.419815069939546E+00    6.756303566077340E+33    9.074465593670905E+14    3.354803000000000E-14    0.000000000000000E+00    8.370011000000001E-01    4.053215000000000E-02    1.886284000000000E-03    5.332207000000000E-02    1.772356000000000E-02    9.559861000000002E-05    7.503229000000000E-03    3.431010999999999E-03    1.163249000000000E-03    2.397381000000000E-04    2.079240000000000E-04    0.000000000000000E+00    0.000000000000000E+00    0.000000000000000E+00    0.000000000000000E+00    0.000000000000000E+00    1.277688000000000E-04    0.000000000000000E+00    3.659191000000000E-02    1.493262214660000E+42    8.173329208376000E+11    1.860995412827000E+11
                      185    3.526856506526227E+29    6.756479540350897E+33    9.074586848608651E+14    1.023749231063864E+09    1.356732717019230E-12    2.610571097671119E+02    1.881801781261530E+04    1.786398622904792E+04    2.009148474502600E-01    4.413204334944599E+00    6.756632647910941E+33    9.074691475191501E+14    3.354803000000000E-14    0.000000000000000E+00    8.370011000000001E-01    4.053215000000000E-02    1.886284000000000E-03    5.332207000000000E-02    1.772356000000000E-02    9.559861000000002E-05    7.503229000000000E-03    3.431010999999999E-03    1.163249000000000E-03    2.397381000000000E-04    2.079240000000000E-04    0.000000000000000E+00    0.000000000000000E+00    0.000000000000000E+00    0.000000000000000E+00    0.000000000000000E+00    1.277688000000000E-04    0.000000000000000E+00    3.659191000000000E-02    1.493262214660000E+42    8.176608171465000E+11    1.860995412827000E+11
                      186    3.058017296753816E+29    6.756785755470984E+33    9.074796101774352E+14    1.023759312619231E+09    1.356732717019230E-12    2.610571097671119E+02    1.881801781261530E+04    1.786398622904792E+04    2.009148474502600E-01    4.407504986155347E+00    6.756915996317515E+33    9.074885378811062E+14    3.354803000000000E-14    0.000000000000000E+00    8.370011000000001E-01    4.053215000000000E-02    1.886284000000000E-03    5.332207000000000E-02    1.772356000000000E-02    9.559861000000002E-05    7.503229000000000E-03    3.431010999999999E-03    1.163249000000000E-03    2.397381000000000E-04    2.079240000000000E-04    0.000000000000000E+00    0.000000000000000E+00    0.000000000000000E+00    0.000000000000000E+00    0.000000000000000E+00    1.277688000000000E-04    0.000000000000000E+00    3.659191000000000E-02    1.493262214660000E+42    8.169887134553999E+11    1.860995412827000E+11
                      187    2.613852265066898E+29    6.757046237164047E+33    9.074974655847772E+14    1.023766033656142E+09    1.356732717019230E-12    2.610571097671119E+02    1.881801781261530E+04    1.786398622904792E+04    2.009820578193700E-01    4.402634264534174E+00    6.757161564936546E+33    9.075053891320021E+14    3.354803000000000E-14    0.000000000000000E+00    8.370011000000001E-01    4.053215000000000E-02    1.886284000000000E-03    5.332207000000000E-02    1.772356000000000E-02    9.559861000000002E-05    7.503229000000000E-03    3.431010999999999E-03    1.163249000000000E-03    2.397381000000000E-04    2.079240000000000E-04    0.000000000000000E+00    0.000000000000000E+00    0.000000000000000E+00    0.000000000000000E+00    0.000000000000000E+00    1.277688000000000E-04    0.000000000000000E+00    3.659191000000000E-02    1.493262214660000E+42    8.166608171465000E+11    1.860995412827000E+11
                      188    2.289091246115398E+29    6.757276892709047E+33    9.075133126792274E+14    1.023772754693053E+09    1.354791151435221E-12    2.610571097671119E+02    1.881801781261530E+04    1.786398622904792E+04    2.009820578193700E-01    4.398320829017163E+00    6.757379295817388E+33    9.075203685003342E+14    3.354803000000000E-14    0.000000000000000E+00    8.370011000000001E-01    4.053215000000000E-02    1.886284000000000E-03    5.332207000000000E-02    1.772356000000000E-02    9.559861000000002E-05    7.503229000000000E-03    3.431010999999999E-03    1.163249000000000E-03    2.397381000000000E-04    2.079240000000000E-04    0.000000000000000E+00    0.000000000000000E+00    0.000000000000000E+00    0.000000000000000E+00    0.000000000000000E+00    1.277688000000000E-04    0.000000000000000E+00    3.659191000000000E-02    1.493262214660000E+42    8.159887134553999E+11    1.860995412827000E+11
                      189    2.051889855820086E+29    6.757481698925729E+33    9.075274243214414E+14    1.023779475729964E+09    1.354791151435221E-12    2.610571097671119E+02    1.881801781261530E+04    1.786398622904792E+04    2.009820578193700E-01    4.394480789409413E+00    6.757574159984717E+33    9.075338533453414E+14    3.354803000000000E-14    0.000000000000000E+00    8.370011000000001E-01    4.053215000000000E-02    1.886284000000000E-03    5.332207000000000E-02    1.772356000000000E-02    9.559861000000002E-05    7.503229000000000E-03    3.431010999999999E-03    1.163249000000000E-03    2.397381000000000E-04    2.079240000000000E-04    0.000000000000000E+00    0.000000000000000E+00    0.000000000000000E+00    0.000000000000000E+00    0.000000000000000E+00    1.277688000000000E-04    0.000000000000000E+00    3.659191000000000E-02    1.493262214660000E+42    8.159887134553999E+11    1.854274375916000E+11
                      190    1.846651955355258E+29    6.757666621043705E+33    9.075402823692414E+14    1.023786196766875E+09    1.354791151435221E-12    2.610571097671119E+02    1.884621151202377E+04    1.786398622904792E+04    2.009820578193700E-01    4.390980551844752E+00    6.757755105282951E+33    9.075464705114454E+14    3.354803000000000E-14    0.000000000000000E+00    8.370011000000001E-01    4.053215000000000E-02    1.886284000000000E-03    5.332207000000000E-02    1.772356000000000E-02    9.559861000000002E-05    7.503229000000000E-03    3.431010999999999E-03    1.163249000000000E-03    2.397381000000000E-04    2.079240000000000E-04    0.000000000000000E+00    0.000000000000000E+00    0.000000000000000E+00    0.000000000000000E+00    0.000000000000000E+00    1.277688000000000E-04    0.000000000000000E+00    3.659191000000000E-02    1.493262214660000E+42    8.163166097643000E+11    1.854274375916000E+11
                      191    1.769994976861094E+29    6.757843589522197E+33    9.075526586536495E+14    1.023792917803785E+09    1.354791151435221E-12    2.610571097671119E+02    1.884621151202377E+04    1.786398622904792E+04    2.009820578193700E-01    4.387613882400778E+00    6.757925114326895E+33    9.075582519585802E+14    3.354803000000000E-14    0.000000000000000E+00    8.370011000000001E-01    4.053215000000000E-02    1.886284000000000E-03    5.332207000000000E-02    1.772356000000000E-02    9.559861000000002E-05    7.503229000000000E-03    3.431010999999999E-03    1.163249000000000E-03    2.397381000000000E-04    2.079240000000000E-04    0.000000000000000E+00    0.000000000000000E+00    0.000000000000000E+00    0.000000000000000E+00    0.000000000000000E+00    1.277688000000000E-04    0.000000000000000E+00    3.659191000000000E-02    1.493262214660000E+42    8.163166097643000E+11    1.854274375916000E+11
                      192    1.630266034950362E+29    6.758006639131594E+33    9.075638452635110E+14    1.023799638840697E+09    1.354791151435221E-12    2.610571097671119E+02    1.884621151202377E+04    1.786398622904792E+04    2.009820578193700E-01    4.384566708328734E+00    6.758104071215258E+33    9.075706925004896E+14    3.354803000000000E-14    0.000000000000000E+00    8.370011000000001E-01    4.053215000000000E-02    1.886284000000000E-03    5.332207000000000E-02    1.772356000000000E-02    9.559861000000002E-05    7.503229000000000E-03    3.431010999999999E-03    1.163249000000000E-03    2.397381000000000E-04    2.079240000000000E-04    0.000000000000000E+00    0.000000000000000E+00    0.000000000000000E+00    0.000000000000000E+00    0.000000000000000E+00    1.277688000000000E-04    0.000000000000000E+00    3.659191000000000E-02    1.493262214660000E+42    8.163166097643000E+11    1.854274375916000E+11
                      193    1.963486544855760E+29    6.758201503298921E+33    9.075775397374684E+14    1.023806359877607E+09    1.357914267585112E-12    2.610571097671119E+02    1.884621151202377E+04    1.786398622904792E+04    2.009492681884800E-01    4.380831846080834E+00    6.758319813686228E+33    9.075854959874026E+14    3.354803000000000E-14    0.000000000000000E+00    8.370011000000001E-01    4.053215000000000E-02    1.886284000000000E-03    5.332207000000000E-02    1.772356000000000E-02    9.559861000000002E-05    7.503229000000000E-03    3.431010999999999E-03    1.163249000000000E-03    2.397381000000000E-04    2.079240000000000E-04    0.000000000000000E+00    0.000000000000000E+00    0.000000000000000E+00    0.000000000000000E+00    0.000000000000000E+00    1.277688000000000E-04    0.000000000000000E+00    3.659191000000000E-02    1.493262214660000E+42    8.176445060732000E+11    1.860995412827000E+11
                      194    2.355086569723866E+29    6.758438124073534E+33    9.075934522373370E+14    1.023813080914518E+09    1.361044583261271E-12    2.610571097671119E+02    1.884621151202377E+04    1.786398622904792E+04    2.008820578193700E-01    4.376479856957869E+00    6.758557428665777E+33    9.076013766237762E+14    3.354803000000000E-14    0.000000000000000E+00    8.370011000000001E-01    4.053215000000000E-02    1.886284000000000E-03    5.332207000000000E-02    1.772356000000000E-02    9.559861000000002E-05    7.503229000000000E-03    3.431010999999999E-03    1.163249000000000E-03    2.397381000000000E-04    2.079240000000000E-04    0.000000000000000E+00    0.000000000000000E+00    0.000000000000000E+00    0.000000000000000E+00    0.000000000000000E+00    1.277688000000000E-04    0.000000000000000E+00    3.659191000000000E-02    1.493262214660000E+42    8.193166097642999E+11    1.864274375916000E+11
                      195    2.393206375355018E+29    6.758676733258019E+33    9.076093010102155E+14    1.023819801951429E+09    1.361044583261271E-12    2.610571097671119E+02    1.884621151202377E+04    1.786398622904792E+04    2.008492681884800E-01    4.372149009386585E+00    6.758775159546618E+33    9.076158031051112E+14    3.354803000000000E-14    0.000000000000000E+00    8.370011000000001E-01    4.053215000000000E-02    1.886284000000000E-03    5.332207000000000E-02    1.772356000000000E-02    9.559861000000002E-05    7.503229000000000E-03    3.431010999999999E-03    1.163249000000000E-03    2.397381000000000E-04    2.079240000000000E-04    0.000000000000000E+00    0.000000000000000E+00    0.000000000000000E+00    0.000000000000000E+00    0.000000000000000E+00    1.277688000000000E-04    0.000000000000000E+00    3.659191000000000E-02    1.493262214660000E+42    8.196445060732000E+11    1.864274375916000E+11
                      196    1.967069659442757E+29    6.758873585835217E+33    9.076223052000072E+14    1.023823162469885E+09    1.359098541906349E-12    2.610571097671119E+02    1.884621151202377E+04    1.786398622904792E+04    2.009492681884800E-01    4.368601582837124E+00    6.758947157000433E+33    9.076272399602034E+14    3.354803000000000E-14    0.000000000000000E+00    8.370011000000001E-01    4.053215000000000E-02    1.886284000000000E-03    5.332207000000000E-02    1.772356000000000E-02    9.559861000000002E-05    7.503229000000000E-03    3.431010999999999E-03    1.163249000000000E-03    2.397381000000000E-04    2.079240000000000E-04    0.000000000000000E+00    0.000000000000000E+00    0.000000000000000E+00    0.000000000000000E+00    0.000000000000000E+00    1.277688000000000E-04    0.000000000000000E+00    3.659191000000000E-02    1.496541177749000E+42    8.189724023821000E+11    1.864274375916000E+11
                      197    1.463540452225162E+29    6.759020728165649E+33    9.076321747203998E+14    1.023826522988340E+09    1.359098541906349E-12    2.610571097671119E+02    1.884621151202377E+04    1.786398622904792E+04    2.009492681884800E-01    4.365906360390180E+00    6.759076403642030E+33    9.076359280737522E+14    3.354803000000000E-14    0.000000000000000E+00    8.370011000000001E-01    4.053215000000000E-02    1.886284000000000E-03    5.332207000000000E-02    1.772356000000000E-02    9.559861000000002E-05    7.503229000000000E-03    3.431010999999999E-03    1.163249000000000E-03    2.397381000000000E-04    2.079240000000000E-04    0.000000000000000E+00    0.000000000000000E+00    0.000000000000000E+00    0.000000000000000E+00    0.000000000000000E+00    1.277688000000000E-04    0.000000000000000E+00    3.659191000000000E-02    1.496541177749000E+42    8.179724023820999E+11    1.864274375916000E+11
                      198    1.113755493891913E+29    6.759132079118408E+33    9.076396814271049E+14    1.023833244025252E+09    1.357914267585112E-12    2.610571097671119E+02    1.884621151202377E+04    1.786398622904792E+04    2.010164785575900E-01    4.363857662368007E+00    6.759186760389852E+33    9.076434028069045E+14    3.354803000000000E-14    0.000000000000000E+00    8.370011000000001E-01    4.053215000000000E-02    1.886284000000000E-03    5.332207000000000E-02    1.772356000000000E-02    9.559861000000002E-05    7.503229000000000E-03    3.431010999999999E-03    1.163249000000000E-03    2.397381000000000E-04    2.079240000000000E-04    0.000000000000000E+00    0.000000000000000E+00    0.000000000000000E+00    0.000000000000000E+00    0.000000000000000E+00    1.277688000000000E-04    0.000000000000000E+00    3.659191000000000E-02    1.496541177749000E+42    8.176445060732000E+11    1.864274375916000E+11
                      199    1.092792285148105E+29    6.759241441661296E+33    9.076471241867041E+14    1.023836604543707E+09    1.359098541906349E-12    2.610571097671119E+02    1.884621151202377E+04    1.786398622904792E+04    2.009492681884800E-01    4.361828215600079E+00    6.759296122932741E+33    9.076508776019542E+14    3.354803000000000E-14    0.000000000000000E+00    8.370011000000001E-01    4.053215000000000E-02    1.886284000000000E-03    5.332207000000000E-02    1.772356000000000E-02    9.559861000000002E-05    7.503229000000000E-03    3.431010999999999E-03    1.163249000000000E-03    2.397381000000000E-04    2.079240000000000E-04    0.000000000000000E+00    0.000000000000000E+00    0.000000000000000E+00    0.000000000000000E+00    0.000000000000000E+00    1.277688000000000E-04    0.000000000000000E+00    3.659191000000000E-02    1.496541177749000E+42    8.179724023820999E+11    1.864274375916000E+11
                      200    1.106339520438158E+29    6.759350804204185E+33    9.076546310172044E+14    1.023839965062162E+09    1.359098541906349E-12    2.610571097671119E+02    1.884621151202377E+04    1.786398622904792E+04    2.009492681884800E-01    4.359778336790252E+00    6.759401508655888E+33    9.076579664698738E+14    3.354803000000000E-14    0.000000000000000E+00    8.370011000000001E-01    4.053215000000000E-02    1.886284000000000E-03    5.332207000000000E-02    1.772356000000000E-02    9.559861000000002E-05    7.503229000000000E-03    3.431010999999999E-03    1.163249000000000E-03    2.397381000000000E-04    2.079240000000000E-04    0.000000000000000E+00    0.000000000000000E+00    0.000000000000000E+00    0.000000000000000E+00    0.000000000000000E+00    1.277688000000000E-04    0.000000000000000E+00    3.659191000000000E-02    1.496541177749000E+42    8.179724023820999E+11    1.864274375916000E+11
                      201    1.005851051961704E+29    6.759452213107591E+33    9.076613019225434E+14    1.023843325580618E+09    1.359098541906349E-12    2.610571097671119E+02    1.884621151202377E+04    1.786398622904792E+04    2.009492681884800E-01    4.357955716001111E+00    6.759492975509939E+33    9.076640828990098E+14    3.354803000000000E-14    0.000000000000000E+00    8.370011000000001E-01    4.053215000000000E-02    1.886284000000000E-03    5.332207000000000E-02    1.772356000000000E-02    9.559861000000002E-05    7.503229000000000E-03    3.431010999999999E-03    1.163249000000000E-03    2.397381000000000E-04    2.079240000000000E-04    0.000000000000000E+00    0.000000000000000E+00    0.000000000000000E+00    0.000000000000000E+00    0.000000000000000E+00    1.277688000000000E-04    0.000000000000000E+00    3.659191000000000E-02    1.496541177749000E+42    8.179724023820999E+11    1.864274375916000E+11
                      202    8.255557649149122E+28    6.759533737912289E+33    9.076668638754762E+14    1.023846686099074E+09    1.359098541906349E-12    2.610571097671119E+02    1.884621151202377E+04    1.786398622904792E+04    2.010164785575900E-01    4.356437119526571E+00    6.759571517699832E+33    9.076694038641899E+14    3.354803000000000E-14    0.000000000000000E+00    8.370011000000001E-01    4.053215000000000E-02    1.886284000000000E-03    5.332207000000000E-02    1.772356000000000E-02    9.559861000000002E-05    7.503229000000000E-03    3.431010999999999E-03    1.163249000000000E-03    2.397381000000000E-04    2.079240000000000E-04    0.000000000000000E+00    0.000000000000000E+00    0.000000000000000E+00    0.000000000000000E+00    0.000000000000000E+00    1.277688000000000E-04    0.000000000000000E+00    3.659191000000000E-02    1.496541177749000E+42    8.179724023820999E+11    1.864274375916000E+11
                      203    7.383447045090570E+28    6.759609297487376E+33    9.076719438529034E+14    1.023850046617529E+09    1.357156976322340E-12    2.610571097671119E+02    1.884621151202377E+04    1.786398622904792E+04    2.010164785575900E-01    4.355054615155451E+00    6.759646083069983E+33    9.076744113614102E+14    3.354803000000000E-14    0.000000000000000E+00    8.370011000000001E-01    4.053215000000000E-02    1.886284000000000E-03    5.332207000000000E-02    1.772356000000000E-02    9.559861000000002E-05    7.503229000000000E-03    3.431010999999999E-03    1.163249000000000E-03    2.397381000000000E-04    2.079240000000000E-04    0.000000000000000E+00    0.000000000000000E+00    0.000000000000000E+00    0.000000000000000E+00    0.000000000000000E+00    1.277688000000000E-04    0.000000000000000E+00    3.659191000000000E-02    1.496541177749000E+42    8.179724023820999E+11    1.864274375916000E+11
                      204    7.432258530596466E+28    6.759682868652591E+33    9.076768788699171E+14    1.023850046617529E+09    1.359098541906349E-12    2.610571097671119E+02    1.884621151202377E+04    1.786398622904792E+04    2.010164785575900E-01    4.353706514658981E+00    6.759716671620393E+33    9.076791373904482E+14    3.354803000000000E-14    0.000000000000000E+00    8.370011000000001E-01    4.053215000000000E-02    1.886284000000000E-03    5.332207000000000E-02    1.772356000000000E-02    9.559861000000002E-05    7.503229000000000E-03    3.431010999999999E-03    1.163249000000000E-03    2.397381000000000E-04    2.079240000000000E-04    0.000000000000000E+00    0.000000000000000E+00    0.000000000000000E+00    0.000000000000000E+00    0.000000000000000E+00    1.277688000000000E-04    0.000000000000000E+00    3.659191000000000E-02    1.496541177749000E+42    8.179724023820999E+11    1.864274375916000E+11
                      205    6.685113521681674E+28    6.759750474588196E+33    9.076813959109795E+14    1.023853407135985E+09    1.359098541906349E-12    2.624357256126893E+02    1.884621151202377E+04    1.789066415514459E+04    2.010164785575900E-01    4.352472083247046E+00    6.759781294941192E+33    9.076835179355064E+14    3.354803000000000E-14    0.000000000000000E+00    8.370011000000001E-01    4.053215000000000E-02    1.886284000000000E-03    5.332207000000000E-02    1.772356000000000E-02    9.559861000000002E-05    7.503229000000000E-03    3.431010999999999E-03    1.163249000000000E-03    2.397381000000000E-04    2.079240000000000E-04    0.000000000000000E+00    0.000000000000000E+00    0.000000000000000E+00    0.000000000000000E+00    0.000000000000000E+00    1.277688000000000E-04    0.000000000000000E+00    3.659191000000000E-02    1.496541177749000E+42    8.179724023820999E+11    1.864274375916000E+11
                      206    6.289821616206642E+28    6.759812115294187E+33    9.076856399600331E+14    1.023856767654440E+09    1.359098541906349E-12    2.624357256126893E+02    1.884621151202377E+04    1.789066415514459E+04    2.010164785575900E-01    4.351314900222278E+00    6.759839953032376E+33    9.076874804958218E+14    3.354803000000000E-14    0.000000000000000E+00    8.370011000000001E-01    4.053215000000000E-02    1.886284000000000E-03    5.332207000000000E-02    1.772356000000000E-02    9.559861000000002E-05    7.503229000000000E-03    3.431010999999999E-03    1.163249000000000E-03    2.397381000000000E-04    2.079240000000000E-04    0.000000000000000E+00    0.000000000000000E+00    0.000000000000000E+00    0.000000000000000E+00    0.000000000000000E+00    1.277688000000000E-04    0.000000000000000E+00    3.659191000000000E-02    1.496541177749000E+42    8.179724023820999E+11    1.864274375916000E+11
                      207    5.627378890963845E+28    6.759867790770566E+33    9.076893210316102E+14    1.023856767654440E+09    1.357156976322340E-12    2.624357256126893E+02    1.884621151202377E+04    1.789066415514459E+04    2.010164785575900E-01    4.350309235877118E+00    6.759892645893950E+33    9.076909205645638E+14    3.354803000000000E-14    0.000000000000000E+00    8.370011000000001E-01    4.053215000000000E-02    1.886284000000000E-03    5.332207000000000E-02    1.772356000000000E-02    9.559861000000002E-05    7.503229000000000E-03    3.431010999999999E-03    1.163249000000000E-03    2.397381000000000E-04    2.079240000000000E-04    0.000000000000000E+00    0.000000000000000E+00    0.000000000000000E+00    0.000000000000000E+00    0.000000000000000E+00    1.277688000000000E-04    0.000000000000000E+00    3.659191000000000E-02    1.496541177749000E+42    8.173002986910000E+11    1.864274375916000E+11
                      208    4.826286333847144E+28    6.759917501017333E+33    9.076925200975172E+14    1.023856767654440E+09    1.357156976322340E-12    2.624357256126893E+02    1.884621151202377E+04    1.789066415514459E+04    2.010164785575900E-01    4.349437493986745E+00    6.759939373525911E+33    9.076939106314991E+14    3.354803000000000E-14    0.000000000000000E+00    8.370011000000001E-01    4.053215000000000E-02    1.886284000000000E-03    5.332207000000000E-02    1.772356000000000E-02    9.559861000000002E-05    7.503229000000000E-03    3.431010999999999E-03    1.163249000000000E-03    2.397381000000000E-04    2.079240000000000E-04    0.000000000000000E+00    0.000000000000000E+00    0.000000000000000E+00    0.000000000000000E+00    0.000000000000000E+00    1.277688000000000E-04    0.000000000000000E+00    3.659191000000000E-02    1.496541177749000E+42    8.173002986910000E+11    1.864274375916000E+11
                      209    4.341661138111262E+28    6.759961246034489E+33    9.076953011654814E+14    1.023860128172896E+09    1.357156976322340E-12    2.624357256126893E+02    1.884621151202377E+04    1.789066415514459E+04    2.010164785575900E-01    4.348679259677536E+00    6.759979141723325E+33    9.076964826985692E+14    3.354803000000000E-14    0.000000000000000E+00    8.370011000000001E-01    4.053215000000000E-02    1.886284000000000E-03    5.332207000000000E-02    1.772356000000000E-02    9.559861000000002E-05    7.503229000000000E-03    3.431010999999999E-03    1.163249000000000E-03    2.397381000000000E-04    2.079240000000000E-04    0.000000000000000E+00    0.000000000000000E+00    0.000000000000000E+00    0.000000000000000E+00    0.000000000000000E+00    1.277688000000000E-04    0.000000000000000E+00    3.659191000000000E-02    1.496541177749000E+42    8.173002986910000E+11    1.864274375916000E+11
                      210    3.750475068994800E+28    6.759997037412162E+33    9.076976642316571E+14    1.023863488691351E+09    1.357156976322340E-12    2.624357256126893E+02    1.884621151202377E+04    1.789066415514459E+04    2.010164785575900E-01    4.348034533998013E+00    6.760012944691129E+33    9.076987092584154E+14    3.354803000000000E-14    0.000000000000000E+00    8.370011000000001E-01    4.053215000000000E-02    1.886284000000000E-03    5.332207000000000E-02    1.772356000000000E-02    9.559861000000002E-05    7.503229000000000E-03    3.431010999999999E-03    1.163249000000000E-03    2.397381000000000E-04    2.079240000000000E-04    0.000000000000000E+00    0.000000000000000E+00    0.000000000000000E+00    0.000000000000000E+00    0.000000000000000E+00    1.277688000000000E-04    0.000000000000000E+00    3.659191000000000E-02    1.496541177749000E+42    8.173002986910000E+11    1.864274375916000E+11
                      211    3.032108316138621E+28    6.760028851970094E+33    9.076997542851735E+14    1.023863488691351E+09    1.357156976322340E-12    2.624357256126893E+02    1.884621151202377E+04    1.789066415514459E+04    2.010164785575900E-01    4.347466978651065E+00    6.760043765044123E+33    9.077007588246430E+14    3.354803000000000E-14    0.000000000000000E+00    8.370011000000001E-01    4.053215000000000E-02    1.886284000000000E-03    5.332207000000000E-02    1.772356000000000E-02    9.559861000000002E-05    7.503229000000000E-03    3.431010999999999E-03    1.163249000000000E-03    2.397381000000000E-04    2.079240000000000E-04    0.000000000000000E+00    0.000000000000000E+00    0.000000000000000E+00    0.000000000000000E+00    0.000000000000000E+00    1.277688000000000E-04    0.000000000000000E+00    3.659191000000000E-02    1.496541177749000E+42    8.173002986910000E+11    1.857553339005000E+11
                      212    3.102603411284479E+28    6.760058678118154E+33    9.077017633641126E+14    1.023863488691351E+09    1.357156976322340E-12    2.624357256126893E+02    1.884621151202377E+04    1.789066415514459E+04    2.010164785575900E-01    4.346915344810983E+00    6.760071602782313E+33    9.077025993891022E+14    3.354803000000000E-14    0.000000000000000E+00    8.370011000000001E-01    4.053215000000000E-02    1.886284000000000E-03    5.332207000000000E-02    1.772356000000000E-02    9.559861000000002E-05    7.503229000000000E-03    3.431010999999999E-03    1.163249000000000E-03    2.397381000000000E-04    2.079240000000000E-04    0.000000000000000E+00    0.000000000000000E+00    0.000000000000000E+00    0.000000000000000E+00    0.000000000000000E+00    1.277688000000000E-04    0.000000000000000E+00    3.659191000000000E-02    1.496541177749000E+42    8.173002986910000E+11    1.864274375916000E+11
                      213    2.631869246905293E+28    6.760084527446472E+33    9.077034354140918E+14    1.023863488691351E+09    1.357156976322340E-12    2.624357256126893E+02    1.884621151202377E+04    1.789066415514459E+04    2.010164785575900E-01    4.346461298576401E+00    6.760094469495825E+33    9.077040624338445E+14    3.354803000000000E-14    0.000000000000000E+00    8.370011000000001E-01    4.053215000000000E-02    1.886284000000000E-03    5.332207000000000E-02    1.772356000000000E-02    9.559861000000002E-05    7.503229000000000E-03    3.431010999999999E-03    1.163249000000000E-03    2.397381000000000E-04    2.079240000000000E-04    0.000000000000000E+00    0.000000000000000E+00    0.000000000000000E+00    0.000000000000000E+00    0.000000000000000E+00    1.277688000000000E-04    0.000000000000000E+00    3.659191000000000E-02    1.496541177749000E+42    8.173002986910000E+11    1.857553339005000E+11
                      214    1.817951446122589E+28    6.760104411545180E+33    9.077046894535974E+14    1.023863488691351E+09    1.357156976322340E-12    2.624357256126893E+02    1.884621151202377E+04    1.789066415514459E+04    2.010164785575900E-01    4.346120763351568E+00    6.760110376774792E+33    9.077051394740555E+14    3.354803000000000E-14    0.000000000000000E+00    8.370011000000001E-01    4.053215000000000E-02    1.886284000000000E-03    5.332207000000000E-02    1.772356000000000E-02    9.559861000000002E-05    7.503229000000000E-03    3.431010999999999E-03    1.163249000000000E-03    2.397381000000000E-04    2.079240000000000E-04    0.000000000000000E+00    0.000000000000000E+00    0.000000000000000E+00    0.000000000000000E+00    0.000000000000000E+00    1.277688000000000E-04    0.000000000000000E+00    3.659191000000000E-02    1.496541177749000E+42    8.173002986910000E+11    1.857553339005000E+11
                      215    1.270645407191705E+28    6.760116342004404E+33    9.077055894945135E+14    1.023863488691351E+09    1.357156976322340E-12    2.624357256126893E+02    1.884621151202377E+04    1.789066415514459E+04    2.010164785575900E-01    4.345873323060192E+00    6.760122307234016E+33    9.077059030050255E+14    3.354803000000000E-14    0.000000000000000E+00    8.370011000000001E-01    4.053215000000000E-02    1.886284000000000E-03    5.332207000000000E-02    1.772356000000000E-02    9.559861000000002E-05    7.503229000000000E-03    3.431010999999999E-03    1.163249000000000E-03    2.397381000000000E-04    2.079240000000000E-04    0.000000000000000E+00    0.000000000000000E+00    0.000000000000000E+00    0.000000000000000E+00    0.000000000000000E+00    1.277688000000000E-04    0.000000000000000E+00    3.659191000000000E-02    1.496541177749000E+42    8.173002986910000E+11    1.857553339005000E+11
                      216    1.121937601668849E+28    6.760128272463628E+33    9.077062165155376E+14    1.023863488691351E+09    1.357156976322340E-12    2.624357256126893E+02    1.884621151202377E+04    1.789066415514459E+04    2.010164785575900E-01    4.345703055100435E+00    6.760132249283369E+33    9.077065620331261E+14    3.354803000000000E-14    0.000000000000000E+00    8.370011000000001E-01    4.053215000000000E-02    1.886284000000000E-03    5.332207000000000E-02    1.772356000000000E-02    9.559861000000002E-05    7.503229000000000E-03    3.431010999999999E-03    1.163249000000000E-03    2.397381000000000E-04    2.079240000000000E-04    0.000000000000000E+00    0.000000000000000E+00    0.000000000000000E+00    0.000000000000000E+00    0.000000000000000E+00    1.277688000000000E-04    0.000000000000000E+00    3.659191000000000E-02    1.496541177749000E+42    8.173002986910000E+11    1.857553339005000E+11
                      217    9.362097800143234E+27    6.760136226103111E+33    9.077069075507148E+14    1.023863488691351E+09    1.357156976322340E-12    2.624357256126893E+02    1.884621151202377E+04    1.789066415514459E+04    2.010164785575900E-01    4.345512370443397E+00    6.760141197127788E+33    9.077072210616821E+14    3.354803000000000E-14    0.000000000000000E+00    8.370011000000001E-01    4.053215000000000E-02    1.886284000000000E-03    5.332207000000000E-02    1.772356000000000E-02    9.559861000000002E-05    7.503229000000000E-03    3.431010999999999E-03    1.163249000000000E-03    2.397381000000000E-04    2.079240000000000E-04    0.000000000000000E+00    0.000000000000000E+00    0.000000000000000E+00    0.000000000000000E+00    0.000000000000000E+00    1.277688000000000E-04    0.000000000000000E+00    3.659191000000000E-02    1.496541177749000E+42    8.173002986910000E+11    1.857553339005000E+11
                      218    9.587185797506254E+27    6.760146168152464E+33    9.077075345726495E+14    1.023863488691351E+09    1.357156976322340E-12    2.624357256126893E+02    1.884621151202377E+04    1.789066415514459E+04    2.010164785575900E-01    4.345342102234281E+00    6.760151139177141E+33    9.077079205806986E+14    3.354803000000000E-14    0.000000000000000E+00    8.370011000000001E-01    4.053215000000000E-02    1.886284000000000E-03    5.332207000000000E-02    1.772356000000000E-02    9.559861000000002E-05    7.503229000000000E-03    3.431010999999999E-03    1.163249000000000E-03    2.397381000000000E-04    2.079240000000000E-04    0.000000000000000E+00    0.000000000000000E+00    0.000000000000000E+00    0.000000000000000E+00    0.000000000000000E+00    1.277688000000000E-04    0.000000000000000E+00    3.659191000000000E-02    1.496541177749000E+42    8.173002986910000E+11    1.857553339005000E+11
                      219    1.048318714616124E+28    6.760156110201817E+33    9.077083065887479E+14    1.023863488691351E+09    1.357156976322340E-12    2.624357256126893E+02    1.884621151202377E+04    1.789066415514459E+04    2.010164785575900E-01    4.345135494384785E+00    6.760162075431431E+33    9.077086521071325E+14    3.354803000000000E-14    0.000000000000000E+00    8.370011000000001E-01    4.053215000000000E-02    1.886284000000000E-03    5.332207000000000E-02    1.772356000000000E-02    9.559861000000002E-05    7.503229000000000E-03    3.431010999999999E-03    1.163249000000000E-03    2.397381000000000E-04    2.079240000000000E-04    0.000000000000000E+00    0.000000000000000E+00    0.000000000000000E+00    0.000000000000000E+00    0.000000000000000E+00    1.277688000000000E-04    0.000000000000000E+00    3.659191000000000E-02    1.496541177749000E+42    8.173002986910000E+11    1.857553339005000E+11
                      220    1.070741217364038E+28    6.760168040661042E+33    9.077089976255174E+14    1.023863488691351E+09    1.357156976322340E-12    2.624357256126893E+02    1.884621151202377E+04    1.789066415514459E+04    2.010164785575900E-01    4.344944809288304E+00    6.760173011685718E+33    9.077093111372065E+14    3.354803000000000E-14    0.000000000000000E+00    8.370011000000001E-01    4.053215000000000E-02    1.886284000000000E-03    5.332207000000000E-02    1.772356000000000E-02    9.559861000000002E-05    7.503229000000000E-03    3.431010999999999E-03    1.163249000000000E-03    2.397381000000000E-04    2.079240000000000E-04    0.000000000000000E+00    0.000000000000000E+00    0.000000000000000E+00    0.000000000000000E+00    0.000000000000000E+00    1.277688000000000E-04    0.000000000000000E+00    3.659191000000000E-02    1.496541177749000E+42    8.173002986910000E+11    1.857553339005000E+11
                      221    9.490463576165889E+27    6.760177982710395E+33    9.077096246488958E+14    1.023866849209807E+09    1.357156976322340E-12    2.624357256126893E+02    1.884621151202377E+04    1.789066415514459E+04    2.010164785575900E-01    4.344774540687154E+00    6.760180965325202E+33    9.077098336568082E+14    3.354803000000000E-14    0.000000000000000E+00    8.370011000000001E-01    4.053215000000000E-02    1.886284000000000E-03    5.332207000000000E-02    1.772356000000000E-02    9.559861000000002E-05    7.503229000000000E-03    3.431010999999999E-03    1.163249000000000E-03    2.397381000000000E-04    2.079240000000000E-04    0.000000000000000E+00    0.000000000000000E+00    0.000000000000000E+00    0.000000000000000E+00    0.000000000000000E+00    1.277688000000000E-04    0.000000000000000E+00    3.659191000000000E-02    1.496541177749000E+42    8.173002986910000E+11    1.857553339005000E+11
                      222    7.029018950868254E+27    6.760183947940007E+33    9.077100426647208E+14    1.023870209728262E+09    1.357156976322340E-12    2.624357256126893E+02    1.884621151202377E+04    1.789066415514459E+04    2.010164785575900E-01    4.344661028221327E+00    6.760186930554813E+33    9.077102516727300E+14    3.354803000000000E-14    0.000000000000000E+00    8.370011000000001E-01    4.053215000000000E-02    1.886284000000000E-03    5.332207000000000E-02    1.772356000000000E-02    9.559861000000002E-05    7.503229000000000E-03    3.431010999999999E-03    1.163249000000000E-03    2.397381000000000E-04    2.079240000000000E-04    0.000000000000000E+00    0.000000000000000E+00    0.000000000000000E+00    0.000000000000000E+00    0.000000000000000E+00    1.277688000000000E-04    0.000000000000000E+00    3.659191000000000E-02    1.496541177749000E+42    8.173002986910000E+11    1.857553339005000E+11
                      223    5.351327948614836E+27    6.760189913169619E+33    9.077104606807396E+14    1.023870209728262E+09    1.357156976322340E-12    2.624357256126893E+02    1.884621151202377E+04    1.789066415514459E+04    2.010164785575900E-01    4.344547515702970E+00    6.760191901579490E+33    9.077105971917802E+14    3.354803000000000E-14    0.000000000000000E+00    8.370011000000001E-01    4.053215000000000E-02    1.886284000000000E-03    5.332207000000000E-02    1.772356000000000E-02    9.559861000000002E-05    7.503229000000000E-03    3.431010999999999E-03    1.163249000000000E-03    2.397381000000000E-04    2.079240000000000E-04    0.000000000000000E+00    0.000000000000000E+00    0.000000000000000E+00    0.000000000000000E+00    0.000000000000000E+00    1.277688000000000E-04    0.000000000000000E+00    3.659191000000000E-02    1.496541177749000E+42    8.173002986910000E+11    1.857553339005000E+11
                      224    5.074433920480649E+27    6.760193889989360E+33    9.077107337028208E+14    1.023870209728262E+09    1.357156976322340E-12    2.624357256126893E+02    1.884621151202377E+04    1.789066415514459E+04    2.010164785575900E-01    4.344470342755178E+00    6.760196872604167E+33    9.077109427109898E+14    3.354803000000000E-14    0.000000000000000E+00    8.370011000000001E-01    4.053215000000000E-02    1.886284000000000E-03    5.332207000000000E-02    1.772356000000000E-02    9.559861000000002E-05    7.503229000000000E-03    3.431010999999999E-03    1.163249000000000E-03    2.397381000000000E-04    2.079240000000000E-04    0.000000000000000E+00    0.000000000000000E+00    0.000000000000000E+00    0.000000000000000E+00    0.000000000000000E+00    1.277688000000000E-04    0.000000000000000E+00    3.659191000000000E-02    1.496541177749000E+42    8.173002986910000E+11    1.857553339005000E+11
                      225    4.993002571045952E+27    6.760199855218974E+33    9.077111517191590E+14    1.023870209728262E+09    1.357156976322340E-12    2.624357256126893E+02    1.884621151202377E+04    1.789066415514459E+04    2.010164785575900E-01    4.344356830148635E+00    6.760201843628844E+33    9.077112562232788E+14    3.354803000000000E-14    0.000000000000000E+00    8.370011000000001E-01    4.053215000000000E-02    1.886284000000000E-03    5.332207000000000E-02    1.772356000000000E-02    9.559861000000002E-05    7.503229000000000E-03    3.431010999999999E-03    1.163249000000000E-03    2.397381000000000E-04    2.079240000000000E-04    0.000000000000000E+00    0.000000000000000E+00    0.000000000000000E+00    0.000000000000000E+00    0.000000000000000E+00    1.277688000000000E-04    0.000000000000000E+00    3.659191000000000E-02    1.496541177749000E+42    8.173002986910000E+11    1.857553339005000E+11
                      226    4.706259948822197E+27    6.760203832038714E+33    9.077113607273985E+14    1.023870209728262E+09    1.357156976322340E-12    2.624357256126893E+02    1.884621151202377E+04    1.789066415514459E+04    2.010164785575900E-01    4.344300073826250E+00    6.760205820448585E+33    9.077115697357121E+14    3.354803000000000E-14    0.000000000000000E+00    8.370011000000001E-01    4.053215000000000E-02    1.886284000000000E-03    5.332207000000000E-02    1.772356000000000E-02    9.559861000000002E-05    7.503229000000000E-03    3.431010999999999E-03    1.163249000000000E-03    2.397381000000000E-04    2.079240000000000E-04    0.000000000000000E+00    0.000000000000000E+00    0.000000000000000E+00    0.000000000000000E+00    0.000000000000000E+00    1.277688000000000E-04    0.000000000000000E+00    3.659191000000000E-02    1.496541177749000E+42    8.173002986910000E+11    1.857553339005000E+11
                      227    4.048211609393643E+27    6.760207808858455E+33    9.077117787440255E+14    1.023870209728262E+09    1.357156976322340E-12    2.624357256126893E+02    1.884621151202377E+04    1.789066415514459E+04    2.010164785575900E-01    4.344186561141313E+00    6.760209797268327E+33    9.077118832482175E+14    3.354803000000000E-14    0.000000000000000E+00    8.370011000000001E-01    4.053215000000000E-02    1.886284000000000E-03    5.332207000000000E-02    1.772356000000000E-02    9.559861000000002E-05    7.503229000000000E-03    3.431010999999999E-03    1.163249000000000E-03    2.397381000000000E-04    2.079240000000000E-04    0.000000000000000E+00    0.000000000000000E+00    0.000000000000000E+00    0.000000000000000E+00    0.000000000000000E+00    1.277688000000000E-04    0.000000000000000E+00    3.659191000000000E-02    1.496541177749000E+42    8.173002986910000E+11    1.857553339005000E+11
                      228    3.281600067844717E+27    6.760211785678197E+33    9.077119877524095E+14    1.023870209728262E+09    1.357156976322340E-12    2.624357256126893E+02    1.884621151202377E+04    1.789066415514459E+04    2.010164785575900E-01    4.344129804779723E+00    6.760213774088069E+33    9.077120922566268E+14    3.354803000000000E-14    0.000000000000000E+00    8.370011000000001E-01    4.053215000000000E-02    1.886284000000000E-03    5.332207000000000E-02    1.772356000000000E-02    9.559861000000002E-05    7.503229000000000E-03    3.431010999999999E-03    1.163249000000000E-03    2.397381000000000E-04    2.079240000000000E-04    0.000000000000000E+00    0.000000000000000E+00    0.000000000000000E+00    0.000000000000000E+00    0.000000000000000E+00    1.277688000000000E-04    0.000000000000000E+00    3.659191000000000E-02    1.496541177749000E+42    8.173002986910000E+11    1.857553339005000E+11
                      229    3.797409495582757E+27    6.760215762497939E+33    9.077121967608440E+14    1.023870209728262E+09    1.357156976322340E-12    2.624357256126893E+02    1.884621151202377E+04    1.789066415514459E+04    2.010164785575900E-01    4.344073048404430E+00    6.760217750907809E+33    9.077123012650845E+14    3.354803000000000E-14    0.000000000000000E+00    8.370011000000001E-01    4.053215000000000E-02    1.886284000000000E-03    5.332207000000000E-02    1.772356000000000E-02    9.559861000000002E-05    7.503229000000000E-03    3.431010999999999E-03    1.163249000000000E-03    2.397381000000000E-04    2.079240000000000E-04    0.000000000000000E+00    0.000000000000000E+00    0.000000000000000E+00    0.000000000000000E+00    0.000000000000000E+00    1.277688000000000E-04    0.000000000000000E+00    3.659191000000000E-02    1.496541177749000E+42    8.173002986910000E+11    1.857553339005000E+11
                      230    3.474008548982814E+27    6.760219739317680E+33    9.077124057693252E+14    1.023870209728262E+09    1.357156976322340E-12    2.624357256126893E+02    1.884621151202377E+04    1.789066415514459E+04    2.010164785575900E-01    4.344016292016357E+00    6.760220733522615E+33    9.077125102735892E+14    3.354803000000000E-14    0.000000000000000E+00    8.370011000000001E-01    4.053215000000000E-02    1.886284000000000E-03    5.332207000000000E-02    1.772356000000000E-02    9.559861000000002E-05    7.503229000000000E-03    3.431010999999999E-03    1.163249000000000E-03    2.397381000000000E-04    2.079240000000000E-04    0.000000000000000E+00    0.000000000000000E+00    0.000000000000000E+00    0.000000000000000E+00    0.000000000000000E+00    1.277688000000000E-04    0.000000000000000E+00    3.659191000000000E-02    1.496541177749000E+42    8.173002986910000E+11    1.857553339005000E+11
                      231    2.420741875244445E+27    6.760221727727551E+33    9.077126147778534E+14    1.023870209728262E+09    1.357156976322340E-12    2.624357256126893E+02    1.884621151202377E+04    1.789066415514459E+04    2.010164785575900E-01    4.343959535615577E+00    6.760222721932486E+33    9.077126467849270E+14    3.354803000000000E-14    0.000000000000000E+00    8.370011000000001E-01    4.053215000000000E-02    1.886284000000000E-03    5.332207000000000E-02    1.772356000000000E-02    9.559861000000002E-05    7.503229000000000E-03    3.431010999999999E-03    1.163249000000000E-03    2.397381000000000E-04    2.079240000000000E-04    0.000000000000000E+00    0.000000000000000E+00    0.000000000000000E+00    0.000000000000000E+00    0.000000000000000E+00    1.277688000000000E-04    0.000000000000000E+00    3.659191000000000E-02    1.496541177749000E+42    8.173002986910000E+11    1.857553339005000E+11
                      232    2.095787980535487E+27    6.760223716137422E+33    9.077126787920005E+14    1.023870209728262E+09    1.357156976322340E-12    2.624357256126893E+02    1.884621151202377E+04    1.789066415514459E+04    2.010164785575900E-01    4.343939118899597E+00    6.760224710342356E+33    9.077127832962980E+14    3.354803000000000E-14    0.000000000000000E+00    8.370011000000001E-01    4.053215000000000E-02    1.886284000000000E-03    5.332207000000000E-02    1.772356000000000E-02    9.559861000000002E-05    7.503229000000000E-03    3.431010999999999E-03    1.163249000000000E-03    2.397381000000000E-04    2.079240000000000E-04    0.000000000000000E+00    0.000000000000000E+00    0.000000000000000E+00    0.000000000000000E+00    0.000000000000000E+00    1.277688000000000E-04    0.000000000000000E+00    3.659191000000000E-02    1.496541177749000E+42    8.173002986910000E+11    1.857553339005000E+11
                      233    2.486928086200500E+27    6.760225704547292E+33    9.077128878005954E+14    1.023870209728262E+09    1.357156976322340E-12    2.624357256126893E+02    1.884621151202377E+04    1.789066415514459E+04    2.010164785575900E-01    4.343882362480025E+00    6.760227692957162E+33    9.077129923049150E+14    3.354803000000000E-14    0.000000000000000E+00    8.370011000000001E-01    4.053215000000000E-02    1.886284000000000E-03    5.332207000000000E-02    1.772356000000000E-02    9.559861000000002E-05    7.503229000000000E-03    3.431010999999999E-03    1.163249000000000E-03    2.397381000000000E-04    2.079240000000000E-04    0.000000000000000E+00    0.000000000000000E+00    0.000000000000000E+00    0.000000000000000E+00    0.000000000000000E+00    1.277688000000000E-04    0.000000000000000E+00    3.659191000000000E-02    1.496541177749000E+42    8.173002986910000E+11    1.857553339005000E+11
                      234    2.922690097773848E+27    6.760229681367034E+33    9.077130968092345E+14    1.023870209728262E+09    1.357156976322340E-12    2.624357256126893E+02    1.884621151202377E+04    1.789066415514459E+04    2.010164785575900E-01    4.343825606048423E+00    6.760230675571970E+33    9.077132013135795E+14    3.354803000000000E-14    0.000000000000000E+00    8.370011000000001E-01    4.053215000000000E-02    1.886284000000000E-03    5.332207000000000E-02    1.772356000000000E-02    9.559861000000002E-05    7.503229000000000E-03    3.431010999999999E-03    1.163249000000000E-03    2.397381000000000E-04    2.079240000000000E-04    0.000000000000000E+00    0.000000000000000E+00    0.000000000000000E+00    0.000000000000000E+00    0.000000000000000E+00    1.277688000000000E-04    0.000000000000000E+00    3.659191000000000E-02    1.496541177749000E+42    8.173002986910000E+11    1.857553339005000E+11
                      235    2.842565133624200E+27    6.760231669776904E+33    9.077133058179245E+14    1.023870209728262E+09    1.357156976322340E-12    2.624357256126893E+02    1.884621151202377E+04    1.789066415514459E+04    2.010164785575900E-01    4.343768849603079E+00    6.760232663981839E+33    9.077133783151892E+14    3.354803000000000E-14    0.000000000000000E+00    8.370011000000001E-01    4.053215000000000E-02    1.886284000000000E-03    5.332207000000000E-02    1.772356000000000E-02    9.559861000000002E-05    7.503229000000000E-03    3.431010999999999E-03    1.163249000000000E-03    2.397381000000000E-04    2.079240000000000E-04    0.000000000000000E+00    0.000000000000000E+00    0.000000000000000E+00    0.000000000000000E+00    0.000000000000000E+00    1.277688000000000E-04    0.000000000000000E+00    3.659191000000000E-02    1.496541177749000E+42    8.173002986910000E+11    1.857553339005000E+11
                      236    2.198775681378421E+27    6.760233658186775E+33    9.077134508124538E+14    1.023870209728262E+09    1.357156976322340E-12    2.624357256126893E+02    1.884621151202377E+04    1.789066415514459E+04    2.010164785575900E-01    4.343732509880116E+00    6.760234652391710E+33    9.077134828195574E+14    3.354803000000000E-14    0.000000000000000E+00    8.370011000000001E-01    4.053215000000000E-02    1.886284000000000E-03    5.332207000000000E-02    1.772356000000000E-02    9.559861000000002E-05    7.503229000000000E-03    3.431010999999999E-03    1.163249000000000E-03    2.397381000000000E-04    2.079240000000000E-04    0.000000000000000E+00    0.000000000000000E+00    0.000000000000000E+00    0.000000000000000E+00    0.000000000000000E+00    1.277688000000000E-04    0.000000000000000E+00    3.659191000000000E-02    1.496541177749000E+42    8.173002986910000E+11    1.857553339005000E+11
                      237    1.637888803030670E+27    6.760235646596646E+33    9.077135148266610E+14    1.023870209728262E+09    1.357156976322340E-12    2.624357256126893E+02    1.884621151202377E+04    1.789066415514459E+04    2.010164785575900E-01    4.343712093144958E+00    6.760236640801581E+33    9.077135873239425E+14    3.354803000000000E-14    0.000000000000000E+00    8.370011000000001E-01    4.053215000000000E-02    1.886284000000000E-03    5.332207000000000E-02    1.772356000000000E-02    9.559861000000002E-05    7.503229000000000E-03    3.431010999999999E-03    1.163249000000000E-03    2.397381000000000E-04    2.079240000000000E-04    0.000000000000000E+00    0.000000000000000E+00    0.000000000000000E+00    0.000000000000000E+00    0.000000000000000E+00    1.277688000000000E-04    0.000000000000000E+00    3.659191000000000E-02    1.496541177749000E+42    8.173002986910000E+11    1.857553339005000E+11
                      238    1.371862429044783E+27    6.760237635006516E+33    9.077136598212238E+14    1.023870209728262E+09    1.357156976322340E-12    2.624357256126893E+02    1.884621151202377E+04    1.789066415514459E+04    2.010164785575900E-01    4.343675753413614E+00    6.760237635006516E+33    9.077136918283342E+14    3.354803000000000E-14    0.000000000000000E+00    8.370011000000001E-01    4.053215000000000E-02    1.886284000000000E-03    5.332207000000000E-02    1.772356000000000E-02    9.559861000000002E-05    7.503229000000000E-03    3.431010999999999E-03    1.163249000000000E-03    2.397381000000000E-04    2.079240000000000E-04    0.000000000000000E+00    0.000000000000000E+00    0.000000000000000E+00    0.000000000000000E+00    0.000000000000000E+00    1.277688000000000E-04    0.000000000000000E+00    3.659191000000000E-02    1.496541177749000E+42    8.173002986910000E+11    1.857553339005000E+11
                      239    1.297810864004195E+27    6.760237635006516E+33    9.077137238354446E+14    1.023870209728262E+09    1.357156976322340E-12    2.624357256126893E+02    1.884621151202377E+04    1.789066415514459E+04    2.010164785575900E-01    4.343655336674130E+00    6.760238629211451E+33    9.077137238354446E+14    3.354803000000000E-14    0.000000000000000E+00    8.370011000000001E-01    4.053215000000000E-02    1.886284000000000E-03    5.332207000000000E-02    1.772356000000000E-02    9.559861000000002E-05    7.503229000000000E-03    3.431010999999999E-03    1.163249000000000E-03    2.397381000000000E-04    2.079240000000000E-04    0.000000000000000E+00    0.000000000000000E+00    0.000000000000000E+00    0.000000000000000E+00    0.000000000000000E+00    1.277688000000000E-04    0.000000000000000E+00    3.659191000000000E-02    1.496541177749000E+42    8.173002986910000E+11    1.857553339005000E+11
                      240    1.251643367103366E+27    6.760239623416387E+33    9.077137238354446E+14    1.023870209728262E+09    1.357156976322340E-12    2.624357256126893E+02    1.884621151202377E+04    1.789066415514459E+04    2.010164785575900E-01    4.343655336674130E+00    6.760240617621323E+33    9.077138283398619E+14    3.354803000000000E-14    0.000000000000000E+00    8.370011000000001E-01    4.053215000000000E-02    1.886284000000000E-03    5.332207000000000E-02    1.772356000000000E-02    9.559861000000002E-05    7.503229000000000E-03    3.431010999999999E-03    1.163249000000000E-03    2.397381000000000E-04    2.079240000000000E-04    0.000000000000000E+00    0.000000000000000E+00    0.000000000000000E+00    0.000000000000000E+00    0.000000000000000E+00    1.277688000000000E-04    0.000000000000000E+00    3.659191000000000E-02    1.496541177749000E+42    8.173002986910000E+11    1.857553339005000E+11
                      241    1.313848781498284E+27    6.760241611826258E+33    9.077139328442790E+14    1.023870209728262E+09    1.357156976322340E-12    2.624357256126893E+02    1.884621151202377E+04    1.789066415514459E+04    2.010164785575900E-01    4.343598580189584E+00    6.760241611826258E+33    9.077139328442790E+14    3.354803000000000E-14    0.000000000000000E+00    8.370011000000001E-01    4.053215000000000E-02    1.886284000000000E-03    5.332207000000000E-02    1.772356000000000E-02    9.559861000000002E-05    7.503229000000000E-03    3.431010999999999E-03    1.163249000000000E-03    2.397381000000000E-04    2.079240000000000E-04    0.000000000000000E+00    0.000000000000000E+00    0.000000000000000E+00    0.000000000000000E+00    0.000000000000000E+00    1.277688000000000E-04    0.000000000000000E+00    3.659191000000000E-02    1.496541177749000E+42    8.173002986910000E+11    1.857553339005000E+11
                      242    1.033734722419490E+27    6.760241611826258E+33    9.077139328442790E+14    1.023870209728262E+09    1.357156976322340E-12    2.624357256126893E+02    1.884621151202377E+04    1.789066415514459E+04    2.010164785575900E-01    4.343598580189584E+00    3.380120805913129E+33    9.077140373487194E+14    3.354803000000000E-14    0.000000000000000E+00    8.370011000000001E-01    4.053215000000000E-02    1.886284000000000E-03    5.332207000000000E-02    1.772356000000000E-02    9.559861000000002E-05    7.503229000000000E-03    3.431010999999999E-03    1.163249000000000E-03    2.397381000000000E-04    2.079240000000000E-04    0.000000000000000E+00    0.000000000000000E+00    0.000000000000000E+00    0.000000000000000E+00    0.000000000000000E+00    1.277688000000000E-04    0.000000000000000E+00    3.659191000000000E-02    1.496541177749000E+42    8.173002986910000E+11    1.857553339005000E+11
                      243    0.000000000000000E+00    0.000000000000000E+00    9.077141418531600E+14    1.023870209728262E+09    1.357156976322340E-12    2.624357256126893E+02    1.884621151202377E+04    1.789066415514459E+04    2.010164785575900E-01    4.343541823692271E+00    0.000000000000000E+00    9.077142463576239E+14    3.354803000000000E-14    0.000000000000000E+00    8.370011000000001E-01    4.053215000000000E-02    1.886284000000000E-03    5.332207000000000E-02    1.772356000000000E-02    9.559861000000002E-05    7.503229000000000E-03    3.431010999999999E-03    1.163249000000000E-03    2.397381000000000E-04    2.079240000000000E-04    0.000000000000000E+00    0.000000000000000E+00    0.000000000000000E+00    0.000000000000000E+00    0.000000000000000E+00    1.277688000000000E-04    0.000000000000000E+00    3.659191000000000E-02    1.496541177749000E+42    8.173002986910000E+11    1.857553339005000E+11
                      244    0.000000000000000E+00    0.000000000000000E+00    9.077143508620880E+14    1.023870209728262E+09    1.357156976322340E-12    2.624357256126893E+02    1.884621151202377E+04    1.789066415514459E+04    2.010164785575900E-01    4.343485067182239E+00    0.000000000000000E+00    9.077143508620880E+14    3.354803000000000E-14    0.000000000000000E+00    8.370011000000001E-01    4.053215000000000E-02    1.886284000000000E-03    5.332207000000000E-02    1.772356000000000E-02    9.559861000000002E-05    7.503229000000000E-03    3.431010999999999E-03    1.163249000000000E-03    2.397381000000000E-04    2.079240000000000E-04    0.000000000000000E+00    0.000000000000000E+00    0.000000000000000E+00    0.000000000000000E+00    0.000000000000000E+00    1.277688000000000E-04    0.000000000000000E+00    3.659191000000000E-02    1.496541177749000E+42    8.173002986910000E+11    1.857553339005000E+11
                      245    0.000000000000000E+00    0.000000000000000E+00    9.077143508620880E+14    1.023870209728262E+09    1.357156976322340E-12    2.624357256126893E+02    1.884621151202377E+04    1.789066415514459E+04    2.010164785575900E-01    4.343485067182239E+00    0.000000000000000E+00    9.077144553665772E+14    3.354803000000000E-14    0.000000000000000E+00    8.370011000000001E-01    4.053215000000000E-02    1.886284000000000E-03    5.332207000000000E-02    1.772356000000000E-02    9.559861000000002E-05    7.503229000000000E-03    3.431010999999999E-03    1.163249000000000E-03    2.397381000000000E-04    2.079240000000000E-04    0.000000000000000E+00    0.000000000000000E+00    0.000000000000000E+00    0.000000000000000E+00    0.000000000000000E+00    1.277688000000000E-04    0.000000000000000E+00    3.659191000000000E-02    1.496541177749000E+42    8.173002986910000E+11    1.857553339005000E+11
                      246    0.000000000000000E+00    0.000000000000000E+00    9.077145598710665E+14    1.023870209728262E+09    1.357156976322340E-12    2.624357256126893E+02    1.884621151202377E+04    1.789066415514459E+04    2.010164785575900E-01    4.343428310658489E+00    0.000000000000000E+00    9.077145598710665E+14    3.354803000000000E-14    0.000000000000000E+00    8.370011000000001E-01    4.053215000000000E-02    1.886284000000000E-03    5.332207000000000E-02    1.772356000000000E-02    9.559861000000002E-05    7.503229000000000E-03    3.431010999999999E-03    1.163249000000000E-03    2.397381000000000E-04    2.079240000000000E-04    0.000000000000000E+00    0.000000000000000E+00    0.000000000000000E+00    0.000000000000000E+00    0.000000000000000E+00    1.277688000000000E-04    0.000000000000000E+00    3.659191000000000E-02    1.496541177749000E+42    8.173002986910000E+11    1.857553339005000E+11
                      247    0.000000000000000E+00    0.000000000000000E+00    9.077145598710665E+14    1.023870209728262E+09    1.357156976322340E-12    2.624357256126893E+02    1.884621151202377E+04    1.789066415514459E+04    2.010164785575900E-01    4.343428310658489E+00    0.000000000000000E+00    9.077146643755792E+14    3.354803000000000E-14    0.000000000000000E+00    8.370011000000001E-01    4.053215000000000E-02    1.886284000000000E-03    5.332207000000000E-02    1.772356000000000E-02    9.559861000000002E-05    7.503229000000000E-03    3.431010999999999E-03    1.163249000000000E-03    2.397381000000000E-04    2.079240000000000E-04    0.000000000000000E+00    0.000000000000000E+00    0.000000000000000E+00    0.000000000000000E+00    0.000000000000000E+00    1.277688000000000E-04    0.000000000000000E+00    3.659191000000000E-02    1.496541177749000E+42    8.173002986910000E+11    1.857553339005000E+11
                      248    0.000000000000000E+00    0.000000000000000E+00    9.077147688800920E+14    1.023870209728262E+09    1.357156976322340E-12    2.624357256126893E+02    1.884621151202377E+04    1.789066415514459E+04    2.010164785575900E-01    4.343371554121951E+00    0.000000000000000E+00    9.077147688800920E+14    3.354803000000000E-14    0.000000000000000E+00    8.370011000000001E-01    4.053215000000000E-02    1.886284000000000E-03    5.332207000000000E-02    1.772356000000000E-02    9.559861000000002E-05    7.503229000000000E-03    3.431010999999999E-03    1.163249000000000E-03    2.397381000000000E-04    2.079240000000000E-04    0.000000000000000E+00    0.000000000000000E+00    0.000000000000000E+00    0.000000000000000E+00    0.000000000000000E+00    1.277688000000000E-04    0.000000000000000E+00    3.659191000000000E-02    1.496541177749000E+42    8.173002986910000E+11    1.857553339005000E+11
                      249    0.000000000000000E+00    0.000000000000000E+00    9.077147688800920E+14    1.023870209728262E+09    1.357156976322340E-12    2.624357256126893E+02    1.884621151202377E+04    1.789066415514459E+04    2.010164785575900E-01    4.343371554121951E+00    0.000000000000000E+00    9.077148733846281E+14    3.354803000000000E-14    0.000000000000000E+00    8.370011000000001E-01    4.053215000000000E-02    1.886284000000000E-03    5.332207000000000E-02    1.772356000000000E-02    9.559861000000002E-05    7.503229000000000E-03    3.431010999999999E-03    1.163249000000000E-03    2.397381000000000E-04    2.079240000000000E-04    0.000000000000000E+00    0.000000000000000E+00    0.000000000000000E+00    0.000000000000000E+00    0.000000000000000E+00    1.277688000000000E-04    0.000000000000000E+00    3.659191000000000E-02    1.496541177749000E+42    8.173002986910000E+11    1.857553339005000E+11
                      250    0.000000000000000E+00    0.000000000000000E+00    9.077149778891642E+14    1.023870209728262E+09    1.357156976322340E-12    2.624357256126893E+02    1.884621151202377E+04    1.789066415514459E+04    2.010164785575900E-01    4.343314797572715E+00    0.000000000000000E+00    9.077150098963262E+14    3.354803000000000E-14    0.000000000000000E+00    8.370011000000001E-01    4.053215000000000E-02    1.886284000000000E-03    5.332207000000000E-02    1.772356000000000E-02    9.559861000000002E-05    7.503229000000000E-03    3.431010999999999E-03    1.163249000000000E-03    2.397381000000000E-04    2.079240000000000E-04    0.000000000000000E+00    0.000000000000000E+00    0.000000000000000E+00    0.000000000000000E+00    0.000000000000000E+00    1.277688000000000E-04    0.000000000000000E+00    3.659191000000000E-02    1.496541177749000E+42    8.173002986910000E+11    1.857553339005000E+11
                      251    0.000000000000000E+00    0.000000000000000E+00    9.077150419034882E+14    1.023870209728262E+09    1.357156976322340E-12    2.624357256126893E+02    1.884621151202377E+04    1.789066415514459E+04    2.010164785575900E-01    4.343294380800314E+00    0.000000000000000E+00    9.077151144008878E+14    3.354803000000000E-14    0.000000000000000E+00    8.370011000000001E-01    4.053215000000000E-02    1.886284000000000E-03    5.332207000000000E-02    1.772356000000000E-02    9.559861000000002E-05    7.503229000000000E-03    3.431010999999999E-03    1.163249000000000E-03    2.397381000000000E-04    2.079240000000000E-04    0.000000000000000E+00    0.000000000000000E+00    0.000000000000000E+00    0.000000000000000E+00    0.000000000000000E+00    1.277688000000000E-04    0.000000000000000E+00    3.659191000000000E-02    1.496541177749000E+42    8.173002986910000E+11    1.857553339005000E+11
                      252    0.000000000000000E+00    0.000000000000000E+00    9.077151868982872E+14    1.023870209728262E+09    1.357156976322340E-12    2.624357256126893E+02    1.884621151202377E+04    1.789066415514459E+04    2.010164785575900E-01    4.343258041009761E+00    0.000000000000000E+00    9.077152189054572E+14    3.354803000000000E-14    0.000000000000000E+00    8.370011000000001E-01    4.053215000000000E-02    1.886284000000000E-03    5.332207000000000E-02    1.772356000000000E-02    9.559861000000002E-05    7.503229000000000E-03    3.431010999999999E-03    1.163249000000000E-03    2.397381000000000E-04    2.079240000000000E-04    0.000000000000000E+00    0.000000000000000E+00    0.000000000000000E+00    0.000000000000000E+00    0.000000000000000E+00    1.277688000000000E-04    0.000000000000000E+00    3.659191000000000E-02    1.496541177749000E+42    8.173002986910000E+11    1.857553339005000E+11
                      253    0.000000000000000E+00    0.000000000000000E+00    9.077152509126272E+14    1.023870209728262E+09    1.357156976322340E-12    2.624357256126893E+02    1.884621151202377E+04    1.789066415514459E+04    2.010164785575900E-01    4.343237624232300E+00    0.000000000000000E+00    9.077153234100421E+14    3.354803000000000E-14    0.000000000000000E+00    8.370011000000001E-01    4.053215000000000E-02    1.886284000000000E-03    5.332207000000000E-02    1.772356000000000E-02    9.559861000000002E-05    7.503229000000000E-03    3.431010999999999E-03    1.163249000000000E-03    2.397381000000000E-04    2.079240000000000E-04    0.000000000000000E+00    0.000000000000000E+00    0.000000000000000E+00    0.000000000000000E+00    0.000000000000000E+00    1.277688000000000E-04    0.000000000000000E+00    3.659191000000000E-02    1.496541177749000E+42    8.173002986910000E+11    1.857553339005000E+11
                      254    0.000000000000000E+00    0.000000000000000E+00    9.077153959074571E+14    1.023870209728262E+09    1.357156976322340E-12    2.624357256126893E+02    1.884621151202377E+04    1.789066415514459E+04    2.010164785575900E-01    4.343201284434020E+00    0.000000000000000E+00    9.077154279146339E+14    3.354803000000000E-14    0.000000000000000E+00    8.370011000000001E-01    4.053215000000000E-02    1.886284000000000E-03    5.332207000000000E-02    1.772356000000000E-02    9.559861000000002E-05    7.503229000000000E-03    3.431010999999999E-03    1.163249000000000E-03    2.397381000000000E-04    2.079240000000000E-04    0.000000000000000E+00    0.000000000000000E+00    0.000000000000000E+00    0.000000000000000E+00    0.000000000000000E+00    1.277688000000000E-04    0.000000000000000E+00    3.659191000000000E-02    1.496541177749000E+42    8.173002986910000E+11    1.857553339005000E+11
                      255    0.000000000000000E+00    0.000000000000000E+00    9.077154599218106E+14    1.023870209728262E+09    1.357156976322340E-12    2.624357256126893E+02    1.884621151202377E+04    1.789066415514459E+04    2.010164785575900E-01    4.343180867652220E+00    0.000000000000000E+00    9.077155324192421E+14    3.354803000000000E-14    0.000000000000000E+00    8.370011000000001E-01    4.053215000000000E-02    1.886284000000000E-03    5.332207000000000E-02    1.772356000000000E-02    9.559861000000002E-05    7.503229000000000E-03    3.431010999999999E-03    1.163249000000000E-03    2.397381000000000E-04    2.079240000000000E-04    0.000000000000000E+00    0.000000000000000E+00    0.000000000000000E+00    0.000000000000000E+00    0.000000000000000E+00    1.277688000000000E-04    0.000000000000000E+00    3.659191000000000E-02    1.496541177749000E+42    8.173002986910000E+11    1.857553339005000E+11
                      256    0.000000000000000E+00    0.000000000000000E+00    9.077156049166738E+14    1.023870209728262E+09    1.357156976322340E-12    2.624357256126893E+02    1.884621151202377E+04    1.789066415514459E+04    2.010164785575900E-01    4.343144527845580E+00    0.000000000000000E+00    9.077157094213075E+14    3.354803000000000E-14    0.000000000000000E+00    8.370011000000001E-01    4.053215000000000E-02    1.886284000000000E-03    5.332207000000000E-02    1.772356000000000E-02    9.559861000000002E-05    7.503229000000000E-03    3.431010999999999E-03    1.163249000000000E-03    2.397381000000000E-04    2.079240000000000E-04    0.000000000000000E+00    0.000000000000000E+00    0.000000000000000E+00    0.000000000000000E+00    0.000000000000000E+00    1.277688000000000E-04    0.000000000000000E+00    3.659191000000000E-02    1.496541177749000E+42    8.173002986910000E+11    1.857553339005000E+11
                      257    0.000000000000000E+00    0.000000000000000E+00    9.077158139259411E+14    1.023870209728262E+09    1.357156976322340E-12    2.624357256126893E+02    1.884621151202377E+04    1.789066415514459E+04    2.010164785575900E-01    4.343087771243435E+00    0.000000000000000E+00    9.077158459331332E+14    3.354803000000000E-14    0.000000000000000E+00    8.370011000000001E-01    4.053215000000000E-02    1.886284000000000E-03    5.332207000000000E-02    1.772356000000000E-02    9.559861000000002E-05    7.503229000000000E-03    3.431010999999999E-03    1.163249000000000E-03    2.397381000000000E-04    2.079240000000000E-04    0.000000000000000E+00    0.000000000000000E+00    0.000000000000000E+00    0.000000000000000E+00    0.000000000000000E+00    1.277688000000000E-04    0.000000000000000E+00    3.659191000000000E-02    1.496541177749000E+42    8.173002986910000E+11    1.857553339005000E+11
                      258    0.000000000000000E+00    0.000000000000000E+00    9.077158779403252E+14    1.023870209728262E+09    1.357156976322340E-12    2.624357256126893E+02    1.884621151202377E+04    1.789066415514459E+04    2.010164785575900E-01    4.343067354451869E+00    0.000000000000000E+00    9.077159504377902E+14    3.354803000000000E-14    0.000000000000000E+00    8.370011000000001E-01    4.053215000000000E-02    1.886284000000000E-03    5.332207000000000E-02    1.772356000000000E-02    9.559861000000002E-05    7.503229000000000E-03    3.431010999999999E-03    1.163249000000000E-03    2.397381000000000E-04    2.079240000000000E-04    0.000000000000000E+00    0.000000000000000E+00    0.000000000000000E+00    0.000000000000000E+00    0.000000000000000E+00    1.277688000000000E-04    0.000000000000000E+00    3.659191000000000E-02    1.496541177749000E+42    8.173002986910000E+11    1.857553339005000E+11
                      259    0.000000000000000E+00    0.000000000000000E+00    9.077160229352552E+14    1.023870209728262E+09    1.357156976322340E-12    2.624357256126893E+02    1.884621151202377E+04    1.789066415514459E+04    2.010164785575900E-01    4.343031014628490E+00    0.000000000000000E+00    9.077160549424542E+14    3.354803000000000E-14    0.000000000000000E+00    8.370011000000001E-01    4.053215000000000E-02    1.886284000000000E-03    5.332207000000000E-02    1.772356000000000E-02    9.559861000000002E-05    7.503229000000000E-03    3.431010999999999E-03    1.163249000000000E-03    2.397381000000000E-04    2.079240000000000E-04    0.000000000000000E+00    0.000000000000000E+00    0.000000000000000E+00    0.000000000000000E+00    0.000000000000000E+00    1.277688000000000E-04    0.000000000000000E+00    3.659191000000000E-02    1.496541177749000E+42    8.173002986910000E+11    1.857553339005000E+11
                      260    0.000000000000000E+00    0.000000000000000E+00    9.077160869496530E+14    1.023870209728262E+09    1.357156976322340E-12    2.624357256126893E+02    1.884621151202377E+04    1.789066415514459E+04    2.010164785575900E-01    4.343010597832585E+00    0.000000000000000E+00    9.077161914543415E+14    3.354803000000000E-14    0.000000000000000E+00    8.370011000000001E-01    4.053215000000000E-02    1.886284000000000E-03    5.332207000000000E-02    1.772356000000000E-02    9.559861000000002E-05    7.503229000000000E-03    3.431010999999999E-03    1.163249000000000E-03    2.397381000000000E-04    2.079240000000000E-04    0.000000000000000E+00    0.000000000000000E+00    0.000000000000000E+00    0.000000000000000E+00    0.000000000000000E+00    1.277688000000000E-04    0.000000000000000E+00    3.659191000000000E-02    1.496541177749000E+42    8.173002986910000E+11    1.857553339005000E+11
                      261    0.000000000000000E+00    0.000000000000000E+00    9.077162959590300E+14    1.023870209728262E+09    1.357156976322340E-12    2.624357256126893E+02    1.884621151202377E+04    1.789066415514459E+04    2.010164785575900E-01    4.342953841199860E+00    0.000000000000000E+00    9.077163684565296E+14    3.354803000000000E-14    0.000000000000000E+00    8.370011000000001E-01    4.053215000000000E-02    1.886284000000000E-03    5.332207000000000E-02    1.772356000000000E-02    9.559861000000002E-05    7.503229000000000E-03    3.431010999999999E-03    1.163249000000000E-03    2.397381000000000E-04    2.079240000000000E-04    0.000000000000000E+00    0.000000000000000E+00    0.000000000000000E+00    0.000000000000000E+00    0.000000000000000E+00    1.277688000000000E-04    0.000000000000000E+00    3.659191000000000E-02    1.496541177749000E+42    8.173002986910000E+11    1.857553339005000E+11
                      262    0.000000000000000E+00    0.000000000000000E+00    9.077164409540292E+14    1.023870209728262E+09    1.357156976322340E-12    2.624357256126893E+02    1.884621151202377E+04    1.789066415514459E+04    2.010164785575900E-01    4.342917501359110E+00    0.000000000000000E+00    9.077164729612429E+14    3.354803000000000E-14    0.000000000000000E+00    8.370011000000001E-01    4.053215000000000E-02    1.886284000000000E-03    5.332207000000000E-02    1.772356000000000E-02    9.559861000000002E-05    7.503229000000000E-03    3.431010999999999E-03    1.163249000000000E-03    2.397381000000000E-04    2.079240000000000E-04    0.000000000000000E+00    0.000000000000000E+00    0.000000000000000E+00    0.000000000000000E+00    0.000000000000000E+00    1.277688000000000E-04    0.000000000000000E+00    3.659191000000000E-02    1.496541177749000E+42    8.173002986910000E+11    1.857553339005000E+11
                      263    0.000000000000000E+00    0.000000000000000E+00    9.077165049684565E+14    1.023870209728262E+09    1.357156976322340E-12    2.624357256126893E+02    1.884621151202377E+04    1.789066415514459E+04    2.010164785575900E-01    4.342897084553805E+00    0.000000000000000E+00    9.077166094731926E+14    3.354803000000000E-14    0.000000000000000E+00    8.370011000000001E-01    4.053215000000000E-02    1.886284000000000E-03    5.332207000000000E-02    1.772356000000000E-02    9.559861000000002E-05    7.503229000000000E-03    3.431010999999999E-03    1.163249000000000E-03    2.397381000000000E-04    2.079240000000000E-04    0.000000000000000E+00    0.000000000000000E+00    0.000000000000000E+00    0.000000000000000E+00    0.000000000000000E+00    1.277688000000000E-04    0.000000000000000E+00    3.659191000000000E-02    1.496541177749000E+42    8.173002986910000E+11    1.857553339005000E+11
                      264    0.000000000000000E+00    0.000000000000000E+00    9.077167139779288E+14    1.023870209728262E+09    1.357156976322340E-12    2.624357256126893E+02    1.884621151202377E+04    1.789066415514459E+04    2.010164785575900E-01    4.342840327895296E+00    0.000000000000000E+00    9.077168184826892E+14    3.354803000000000E-14    0.000000000000000E+00    8.370011000000001E-01    4.053215000000000E-02    1.886284000000000E-03    5.332207000000000E-02    1.772356000000000E-02    9.559861000000002E-05    7.503229000000000E-03    3.431010999999999E-03    1.163249000000000E-03    2.397381000000000E-04    2.079240000000000E-04    0.000000000000000E+00    0.000000000000000E+00    0.000000000000000E+00    0.000000000000000E+00    0.000000000000000E+00    1.277688000000000E-04    0.000000000000000E+00    3.659191000000000E-02    1.496541177749000E+42    8.173002986910000E+11    1.857553339005000E+11
                      265    0.000000000000000E+00    0.000000000000000E+00    9.077169229874500E+14    1.023870209728262E+09    1.357156976322340E-12    2.624357256126893E+02    1.884621151202377E+04    1.789066415514459E+04    2.010164785575900E-01    4.342783571223388E+00    0.000000000000000E+00    9.077169229874500E+14    3.354803000000000E-14    0.000000000000000E+00    8.370011000000001E-01    4.053215000000000E-02    1.886284000000000E-03    5.332207000000000E-02    1.772356000000000E-02    9.559861000000002E-05    7.503229000000000E-03    3.431010999999999E-03    1.163249000000000E-03    2.397381000000000E-04    2.079240000000000E-04    0.000000000000000E+00    0.000000000000000E+00    0.000000000000000E+00    0.000000000000000E+00    0.000000000000000E+00    1.277688000000000E-04    0.000000000000000E+00    3.659191000000000E-02    1.496541177749000E+42    8.173002986910000E+11    1.857553339005000E+11
                      266    0.000000000000000E+00    0.000000000000000E+00    9.077169229874500E+14    1.023870209728262E+09    1.357156976322340E-12    2.624357256126893E+02    1.884621151202377E+04    1.789066415514459E+04    2.010164785575900E-01    4.342783571223388E+00    0.000000000000000E+00    9.077170274922355E+14    3.354803000000000E-14    0.000000000000000E+00    8.370011000000001E-01    4.053215000000000E-02    1.886284000000000E-03    5.332207000000000E-02    1.772356000000000E-02    9.559861000000002E-05    7.503229000000000E-03    3.431010999999999E-03    1.163249000000000E-03    2.397381000000000E-04    2.079240000000000E-04    0.000000000000000E+00    0.000000000000000E+00    0.000000000000000E+00    0.000000000000000E+00    0.000000000000000E+00    1.277688000000000E-04    0.000000000000000E+00    3.659191000000000E-02    1.496541177749000E+42    8.173002986910000E+11    1.857553339005000E+11
                      267    0.000000000000000E+00    0.000000000000000E+00    9.077171319970210E+14    1.023870209728262E+09    1.357156976322340E-12    2.624357256126893E+02    1.884621151202377E+04    1.789066415514459E+04    2.010164785575900E-01    4.342726814538120E+00    0.000000000000000E+00    9.077172365018292E+14    3.354803000000000E-14    0.000000000000000E+00    8.370011000000001E-01    4.053215000000000E-02    1.886284000000000E-03    5.332207000000000E-02    1.772356000000000E-02    9.559861000000002E-05    7.503229000000000E-03    3.431010999999999E-03    1.163249000000000E-03    2.397381000000000E-04    2.079240000000000E-04    0.000000000000000E+00    0.000000000000000E+00    0.000000000000000E+00    0.000000000000000E+00    0.000000000000000E+00    1.277688000000000E-04    0.000000000000000E+00    3.659191000000000E-02    1.496541177749000E+42    8.173002986910000E+11    1.857553339005000E+11
                      268    0.000000000000000E+00    0.000000000000000E+00    9.077173410066375E+14    1.023870209728262E+09    1.357156976322340E-12    2.624357256126893E+02    1.884621151202377E+04    1.789066415514459E+04    2.010164785575900E-01    4.342670057840428E+00    0.000000000000000E+00    9.077174455114702E+14    3.354803000000000E-14    0.000000000000000E+00    8.370011000000001E-01    4.053215000000000E-02    1.886284000000000E-03    5.332207000000000E-02    1.772356000000000E-02    9.559861000000002E-05    7.503229000000000E-03    3.431010999999999E-03    1.163249000000000E-03    2.397381000000000E-04    2.079240000000000E-04    0.000000000000000E+00    0.000000000000000E+00    0.000000000000000E+00    0.000000000000000E+00    0.000000000000000E+00    1.277688000000000E-04    0.000000000000000E+00    3.659191000000000E-02    1.496541177749000E+42    8.173002986910000E+11    1.857553339005000E+11
                      269    0.000000000000000E+00    0.000000000000000E+00    9.077175500163031E+14    1.023870209728262E+09    1.357156976322340E-12    2.624357256126893E+02    1.884621151202377E+04    1.789066415514459E+04    2.010164785575900E-01    4.342613301129296E+00    0.000000000000000E+00    9.077175820235610E+14    3.354803000000000E-14    0.000000000000000E+00    8.370011000000001E-01    4.053215000000000E-02    1.886284000000000E-03    5.332207000000000E-02    1.772356000000000E-02    9.559861000000002E-05    7.503229000000000E-03    3.431010999999999E-03    1.163249000000000E-03    2.397381000000000E-04    2.079240000000000E-04    0.000000000000000E+00    0.000000000000000E+00    0.000000000000000E+00    0.000000000000000E+00    0.000000000000000E+00    1.277688000000000E-04    0.000000000000000E+00    3.659191000000000E-02    1.496541177749000E+42    8.173002986910000E+11    1.857553339005000E+11
                      270    0.000000000000000E+00    0.000000000000000E+00    9.077176140308188E+14    1.023870209728262E+09    1.357156976322340E-12    2.624357256126893E+02    1.884621151202377E+04    1.789066415514459E+04    2.010164785575900E-01    4.342592884295794E+00    0.000000000000000E+00    9.077176865284186E+14    3.354803000000000E-14    0.000000000000000E+00    8.370011000000001E-01    4.053215000000000E-02    1.886284000000000E-03    5.332207000000000E-02    1.772356000000000E-02    9.559861000000002E-05    7.503229000000000E-03    3.431010999999999E-03    1.163249000000000E-03    2.397381000000000E-04    2.079240000000000E-04    0.000000000000000E+00    0.000000000000000E+00    0.000000000000000E+00    0.000000000000000E+00    0.000000000000000E+00    1.277688000000000E-04    0.000000000000000E+00    3.659191000000000E-02    1.496541177749000E+42    8.173002986910000E+11    1.857553339005000E+11
                      271    0.000000000000000E+00    0.000000000000000E+00    9.077177590260184E+14    1.023870209728262E+09    1.357156976322340E-12    2.624357256126893E+02    1.884621151202377E+04    1.789066415514459E+04    2.010164785575900E-01    4.342556544404825E+00    0.000000000000000E+00    9.077178635308990E+14    3.354803000000000E-14    0.000000000000000E+00    8.370011000000001E-01    4.053215000000000E-02    1.886284000000000E-03    5.332207000000000E-02    1.772356000000000E-02    9.559861000000002E-05    7.503229000000000E-03    3.431010999999999E-03    1.163249000000000E-03    2.397381000000000E-04    2.079240000000000E-04    0.000000000000000E+00    0.000000000000000E+00    0.000000000000000E+00    0.000000000000000E+00    0.000000000000000E+00    1.277688000000000E-04    0.000000000000000E+00    3.659191000000000E-02    1.496541177749000E+42    8.176281949998999E+11    1.857553339005000E+11
                      272    0.000000000000000E+00    0.000000000000000E+00    9.077179680357792E+14    1.023870209728262E+09    1.357156976322340E-12    2.624357256126893E+02    1.884621151202377E+04    1.789066415514459E+04    2.010164785575900E-01    4.342499787667907E+00    0.000000000000000E+00    9.077180725406842E+14    3.354803000000000E-14    0.000000000000000E+00    8.370011000000001E-01    4.053215000000000E-02    1.886284000000000E-03    5.332207000000000E-02    1.772356000000000E-02    9.559861000000002E-05    7.503229000000000E-03    3.431010999999999E-03    1.163249000000000E-03    2.397381000000000E-04    2.079240000000000E-04    0.000000000000000E+00    0.000000000000000E+00    0.000000000000000E+00    0.000000000000000E+00    0.000000000000000E+00    1.277688000000000E-04    0.000000000000000E+00    3.659191000000000E-02    1.496541177749000E+42    8.176281949998999E+11    1.857553339005000E+11
                      273    0.000000000000000E+00    0.000000000000000E+00    9.077181770455895E+14    1.023870209728262E+09    1.357156976322340E-12    2.624357256126893E+02    1.884621151202377E+04    1.789066415514459E+04    2.010164785575900E-01    4.342443030917584E+00    0.000000000000000E+00    9.077182815505192E+14    3.354803000000000E-14    0.000000000000000E+00    8.370011000000001E-01    4.053215000000000E-02    1.886284000000000E-03    5.332207000000000E-02    1.772356000000000E-02    9.559861000000002E-05    7.503229000000000E-03    3.431010999999999E-03    1.163249000000000E-03    2.397381000000000E-04    2.079240000000000E-04    0.000000000000000E+00    0.000000000000000E+00    0.000000000000000E+00    0.000000000000000E+00    0.000000000000000E+00    1.277688000000000E-04    0.000000000000000E+00    3.659191000000000E-02    1.496541177749000E+42    8.176281949998999E+11    1.857553339005000E+11
                      274    0.000000000000000E+00    0.000000000000000E+00    9.077183860554491E+14    1.023870209728262E+09    1.357156976322340E-12    2.624357256126893E+02    1.884621151202377E+04    1.789066415514459E+04    2.010164785575900E-01    4.342386274153895E+00    0.000000000000000E+00    9.077184905604016E+14    3.354803000000000E-14    0.000000000000000E+00    8.370011000000001E-01    4.053215000000000E-02    1.886284000000000E-03    5.332207000000000E-02    1.772356000000000E-02    9.559861000000002E-05    7.503229000000000E-03    3.431010999999999E-03    1.163249000000000E-03    2.397381000000000E-04    2.079240000000000E-04    0.000000000000000E+00    0.000000000000000E+00    0.000000000000000E+00    0.000000000000000E+00    0.000000000000000E+00    1.277688000000000E-04    0.000000000000000E+00    3.659191000000000E-02    1.496541177749000E+42    8.176281949998999E+11    1.857553339005000E+11
                      275    0.000000000000000E+00    0.000000000000000E+00    9.077185950653542E+14    1.023870209728262E+09    1.357156976322340E-12    2.624357256126893E+02    1.884621151202377E+04    1.789066415514459E+04    2.010164785575900E-01    4.342329517377788E+00    0.000000000000000E+00    9.077186270726496E+14    3.354803000000000E-14    0.000000000000000E+00    8.370011000000001E-01    4.053215000000000E-02    1.886284000000000E-03    5.332207000000000E-02    1.772356000000000E-02    9.559861000000002E-05    7.503229000000000E-03    3.431010999999999E-03    1.163249000000000E-03    2.397381000000000E-04    2.079240000000000E-04    0.000000000000000E+00    0.000000000000000E+00    0.000000000000000E+00    0.000000000000000E+00    0.000000000000000E+00    1.277688000000000E-04    0.000000000000000E+00    3.659191000000000E-02    1.496541177749000E+42    8.176281949998999E+11    1.857553339005000E+11
                      276    0.000000000000000E+00    0.000000000000000E+00    9.077186590799449E+14    1.023870209728262E+09    1.357156976322340E-12    2.624357256126893E+02    1.884621151202377E+04    1.789066415514459E+04    2.010164785575900E-01    4.342309100520403E+00    0.000000000000000E+00    9.077187635849289E+14    3.354803000000000E-14    0.000000000000000E+00    8.370011000000001E-01    4.053215000000000E-02    1.886284000000000E-03    5.332207000000000E-02    1.772356000000000E-02    9.559861000000002E-05    7.503229000000000E-03    3.431010999999999E-03    1.163249000000000E-03    2.397381000000000E-04    2.079240000000000E-04    0.000000000000000E+00    0.000000000000000E+00    0.000000000000000E+00    0.000000000000000E+00    0.000000000000000E+00    1.277688000000000E-04    0.000000000000000E+00    3.659191000000000E-02    1.496541177749000E+42    8.176281949998999E+11    1.857553339005000E+11
                      277    0.000000000000000E+00    0.000000000000000E+00    9.077188680899130E+14    1.023870209728262E+09    1.357156976322340E-12    2.624357256126893E+02    1.884621151202377E+04    1.789066415514459E+04    2.010164785575900E-01    4.342252343726535E+00    0.000000000000000E+00    9.077189725949222E+14    3.354803000000000E-14    0.000000000000000E+00    8.370011000000001E-01    4.053215000000000E-02    1.886284000000000E-03    5.332207000000000E-02    1.772356000000000E-02    9.559861000000002E-05    7.503229000000000E-03    3.431010999999999E-03    1.163249000000000E-03    2.397381000000000E-04    2.079240000000000E-04    0.000000000000000E+00    0.000000000000000E+00    0.000000000000000E+00    0.000000000000000E+00    0.000000000000000E+00    1.277688000000000E-04    0.000000000000000E+00    3.659191000000000E-02    1.496541177749000E+42    8.176281949998999E+11    1.857553339005000E+11
                      278    0.000000000000000E+00    0.000000000000000E+00    9.077190770999316E+14    1.023870209728262E+09    1.357156976322340E-12    2.624357256126893E+02    1.884621151202377E+04    1.789066415514459E+04    2.010164785575900E-01    4.342195586918950E+00    0.000000000000000E+00    9.077191816049645E+14    3.354803000000000E-14    0.000000000000000E+00    8.370011000000001E-01    4.053215000000000E-02    1.886284000000000E-03    5.332207000000000E-02    1.772356000000000E-02    9.559861000000002E-05    7.503229000000000E-03    3.431010999999999E-03    1.163249000000000E-03    2.397381000000000E-04    2.079240000000000E-04    0.000000000000000E+00    0.000000000000000E+00    0.000000000000000E+00    0.000000000000000E+00    0.000000000000000E+00    1.277688000000000E-04    0.000000000000000E+00    3.659191000000000E-02    1.496541177749000E+42    8.176281949998999E+11    1.857553339005000E+11
                      279    0.000000000000000E+00    0.000000000000000E+00    9.077192861099972E+14    1.023870209728262E+09    1.357156976322340E-12    2.624357256126893E+02    1.884621151202377E+04    1.789066415514459E+04    2.010164785575900E-01    4.342138830098566E+00    0.000000000000000E+00    9.077193906150535E+14    3.354803000000000E-14    0.000000000000000E+00    8.370011000000001E-01    4.053215000000000E-02    1.886284000000000E-03    5.332207000000000E-02    1.772356000000000E-02    9.559861000000002E-05    7.503229000000000E-03    3.431010999999999E-03    1.163249000000000E-03    2.397381000000000E-04    2.079240000000000E-04    0.000000000000000E+00    0.000000000000000E+00    0.000000000000000E+00    0.000000000000000E+00    0.000000000000000E+00    1.277688000000000E-04    0.000000000000000E+00    3.659191000000000E-02    1.496541177749000E+42    8.176281949998999E+11    1.857553339005000E+11
                      280    0.000000000000000E+00    0.000000000000000E+00    9.077194951201098E+14    1.023870209728262E+09    1.357156976322340E-12    2.624357256126893E+02    1.884621151202377E+04    1.789066415514459E+04    2.010164785575900E-01    4.342082073265474E+00    0.000000000000000E+00    9.077195996251912E+14    3.354803000000000E-14    0.000000000000000E+00    8.370011000000001E-01    4.053215000000000E-02    1.886284000000000E-03    5.332207000000000E-02    1.772356000000000E-02    9.559861000000002E-05    7.503229000000000E-03    3.431010999999999E-03    1.163249000000000E-03    2.397381000000000E-04    2.079240000000000E-04    0.000000000000000E+00    0.000000000000000E+00    0.000000000000000E+00    0.000000000000000E+00    0.000000000000000E+00    1.277688000000000E-04    0.000000000000000E+00    3.659191000000000E-02    1.496541177749000E+42    8.176281949998999E+11    1.857553339005000E+11
                      281    0.000000000000000E+00    0.000000000000000E+00    9.077197041302729E+14    1.023870209728262E+09    1.357156976322340E-12    2.624357256126893E+02    1.884621151202377E+04    1.789066415514459E+04    2.010164785575900E-01    4.342025316418685E+00    0.000000000000000E+00    9.077198086353779E+14    3.354803000000000E-14    0.000000000000000E+00    8.370011000000001E-01    4.053215000000000E-02    1.886284000000000E-03    5.332207000000000E-02    1.772356000000000E-02    9.559861000000002E-05    7.503229000000000E-03    3.431010999999999E-03    1.163249000000000E-03    2.397381000000000E-04    2.079240000000000E-04    0.000000000000000E+00    0.000000000000000E+00    0.000000000000000E+00    0.000000000000000E+00    0.000000000000000E+00    1.277688000000000E-04    0.000000000000000E+00    3.659191000000000E-02    1.496541177749000E+42    8.176281949998999E+11    1.857553339005000E+11
                      282    0.000000000000000E+00    0.000000000000000E+00    9.077199131404828E+14    1.023870209728262E+09    1.357156976322340E-12    2.624357256126893E+02    1.884621151202377E+04    1.789066415514459E+04    2.010164785575900E-01    4.341968559559097E+00    0.000000000000000E+00    9.077200176456112E+14    3.354803000000000E-14    0.000000000000000E+00    8.370011000000001E-01    4.053215000000000E-02    1.886284000000000E-03    5.332207000000000E-02    1.772356000000000E-02    9.559861000000002E-05    7.503229000000000E-03    3.431010999999999E-03    1.163249000000000E-03    2.397381000000000E-04    2.079240000000000E-04    0.000000000000000E+00    0.000000000000000E+00    0.000000000000000E+00    0.000000000000000E+00    0.000000000000000E+00    1.277688000000000E-04    0.000000000000000E+00    3.659191000000000E-02    1.496541177749000E+42    8.176281949998999E+11    1.857553339005000E+11
                      283    0.000000000000000E+00    0.000000000000000E+00    9.077201221507396E+14    1.023870209728262E+09    1.357156976322340E-12    2.624357256126893E+02    1.884621151202377E+04    1.789066415514459E+04    2.010164785575900E-01    4.341911802686801E+00    0.000000000000000E+00    9.077202266558934E+14    3.354803000000000E-14    0.000000000000000E+00    8.370011000000001E-01    4.053215000000000E-02    1.886284000000000E-03    5.332207000000000E-02    1.772356000000000E-02    9.559861000000002E-05    7.503229000000000E-03    3.431010999999999E-03    1.163249000000000E-03    2.397381000000000E-04    2.079240000000000E-04    0.000000000000000E+00    0.000000000000000E+00    0.000000000000000E+00    0.000000000000000E+00    0.000000000000000E+00    1.277688000000000E-04    0.000000000000000E+00    3.659191000000000E-02    1.496541177749000E+42    8.176281949998999E+11    1.857553339005000E+11
                      284    0.000000000000000E+00    0.000000000000000E+00    9.077203311610471E+14    1.023870209728262E+09    1.357156976322340E-12    2.624357256126893E+02    1.884621151202377E+04    1.789066415514459E+04    2.010164785575900E-01    4.341855045800807E+00    0.000000000000000E+00    9.077204356662242E+14    3.354803000000000E-14    0.000000000000000E+00    8.370011000000001E-01    4.053215000000000E-02    1.886284000000000E-03    5.332207000000000E-02    1.772356000000000E-02    9.559861000000002E-05    7.503229000000000E-03    3.431010999999999E-03    1.163249000000000E-03    2.397381000000000E-04    2.079240000000000E-04    0.000000000000000E+00    0.000000000000000E+00    0.000000000000000E+00    0.000000000000000E+00    0.000000000000000E+00    1.277688000000000E-04    0.000000000000000E+00    3.659191000000000E-02    1.496541177749000E+42    8.176281949998999E+11    1.857553339005000E+11
                      285    0.000000000000000E+00    0.000000000000000E+00    9.077205401714015E+14    1.023870209728262E+09    1.357156976322340E-12    2.624357256126893E+02    1.884621151202377E+04    1.789066415514459E+04    2.010164785575900E-01    4.341798288902007E+00    0.000000000000000E+00    9.077206766839778E+14    3.354803000000000E-14    0.000000000000000E+00    8.370011000000001E-01    4.053215000000000E-02    1.886284000000000E-03    5.332207000000000E-02    1.772356000000000E-02    9.559861000000002E-05    7.503229000000000E-03    3.431010999999999E-03    1.163249000000000E-03    2.397381000000000E-04    2.079240000000000E-04    0.000000000000000E+00    0.000000000000000E+00    0.000000000000000E+00    0.000000000000000E+00    0.000000000000000E+00    1.277688000000000E-04    0.000000000000000E+00    3.659191000000000E-02    1.496541177749000E+42    8.176281949998999E+11    1.857553339005000E+11
                      286    0.000000000000000E+00    0.000000000000000E+00    9.077208131965542E+14    1.023870209728262E+09    1.357156976322340E-12    2.624357256126893E+02    1.884621151202377E+04    1.789066415514459E+04    2.010164785575900E-01    4.341721115081774E+00    0.000000000000000E+00    9.077209177017880E+14    3.354803000000000E-14    0.000000000000000E+00    8.370011000000001E-01    4.053215000000000E-02    1.886284000000000E-03    5.332207000000000E-02    1.772356000000000E-02    9.559861000000002E-05    7.503229000000000E-03    3.431010999999999E-03    1.163249000000000E-03    2.397381000000000E-04    2.079240000000000E-04    0.000000000000000E+00    0.000000000000000E+00    0.000000000000000E+00    0.000000000000000E+00    0.000000000000000E+00    1.277688000000000E-04    0.000000000000000E+00    3.659191000000000E-02    1.496541177749000E+42    8.176281949998999E+11    1.857553339005000E+11
                      287    0.000000000000000E+00    0.000000000000000E+00    9.077210222070220E+14    1.023870209728262E+09    1.357156976322340E-12    2.624357256126893E+02    1.884621151202377E+04    1.789066415514459E+04    2.010164785575900E-01    4.341664358151518E+00    0.000000000000000E+00    9.077211267122781E+14    3.354803000000000E-14    0.000000000000000E+00    8.370011000000001E-01    4.053215000000000E-02    1.886284000000000E-03    5.332207000000000E-02    1.772356000000000E-02    9.559861000000002E-05    7.503229000000000E-03    3.431010999999999E-03    1.163249000000000E-03    2.397381000000000E-04    2.079240000000000E-04    0.000000000000000E+00    0.000000000000000E+00    0.000000000000000E+00    0.000000000000000E+00    0.000000000000000E+00    1.277688000000000E-04    0.000000000000000E+00    3.659191000000000E-02    1.496541177749000E+42    8.176281949998999E+11    1.857553339005000E+11
                      288    0.000000000000000E+00    0.000000000000000E+00    9.077212312175342E+14    1.023870209728262E+09    1.357156976322340E-12    2.624357256126893E+02    1.884621151202377E+04    1.789066415514459E+04    2.010164785575900E-01    4.341607601209173E+00    0.000000000000000E+00    9.077214082207146E+14    3.354803000000000E-14    0.000000000000000E+00    8.370011000000001E-01    4.053215000000000E-02    1.886284000000000E-03    5.332207000000000E-02    1.772356000000000E-02    9.559861000000002E-05    7.503229000000000E-03    3.431010999999999E-03    1.163249000000000E-03    2.397381000000000E-04    2.079240000000000E-04    0.000000000000000E+00    0.000000000000000E+00    0.000000000000000E+00    0.000000000000000E+00    0.000000000000000E+00    1.277688000000000E-04    0.000000000000000E+00    3.659191000000000E-02    1.496541177749000E+42    8.176281949998999E+11    1.857553339005000E+11
                      289    0.000000000000000E+00    0.000000000000000E+00    9.077215852238951E+14    1.023873570246718E+09    1.357156976322340E-12    2.624357256126893E+02    1.884621151202377E+04    1.789066415514459E+04    2.010164785575900E-01    4.341514504212194E+00    0.000000000000000E+00    9.077216897292165E+14    3.354803000000000E-14    0.000000000000000E+00    8.370011000000001E-01    4.053215000000000E-02    1.886284000000000E-03    5.332207000000000E-02    1.772356000000000E-02    9.559861000000002E-05    7.503229000000000E-03    3.431010999999999E-03    1.163249000000000E-03    2.397381000000000E-04    2.079240000000000E-04    0.000000000000000E+00    0.000000000000000E+00    0.000000000000000E+00    0.000000000000000E+00    0.000000000000000E+00    1.277688000000000E-04    0.000000000000000E+00    3.659191000000000E-02    1.496541177749000E+42    8.176281949998999E+11    1.857553339005000E+11
                      290    0.000000000000000E+00    0.000000000000000E+00    9.077217942345381E+14    1.023876930765173E+09    1.357156976322340E-12    2.624357256126893E+02    1.884621151202377E+04    1.789066415514459E+04    2.010164785575900E-01    4.341457747234985E+00    0.000000000000000E+00    9.077219307473045E+14    3.354803000000000E-14    0.000000000000000E+00    8.370011000000001E-01    4.053215000000000E-02    1.886284000000000E-03    5.332207000000000E-02    1.772356000000000E-02    9.559861000000002E-05    7.503229000000000E-03    3.431010999999999E-03    1.163249000000000E-03    2.397381000000000E-04    2.079240000000000E-04    0.000000000000000E+00    0.000000000000000E+00    0.000000000000000E+00    0.000000000000000E+00    0.000000000000000E+00    1.277688000000000E-04    0.000000000000000E+00    3.659191000000000E-02    1.496541177749000E+42    8.176281949998999E+11    1.857553339005000E+11
                      291    0.000000000000000E+00    0.000000000000000E+00    9.077220672600706E+14    1.023876930765173E+09    1.357156976322340E-12    2.624357256126893E+02    1.884621151202377E+04    1.789066415514459E+04    2.010164785575900E-01    4.341380573307494E+00    0.000000000000000E+00    9.077221717654476E+14    3.354803000000000E-14    0.000000000000000E+00    8.370011000000001E-01    4.053215000000000E-02    1.886284000000000E-03    5.332207000000000E-02    1.772356000000000E-02    9.559861000000002E-05    7.503229000000000E-03    3.431010999999999E-03    1.163249000000000E-03    2.397381000000000E-04    2.079240000000000E-04    0.000000000000000E+00    0.000000000000000E+00    0.000000000000000E+00    0.000000000000000E+00    0.000000000000000E+00    1.277688000000000E-04    0.000000000000000E+00    3.659191000000000E-02    1.496541177749000E+42    8.176281949998999E+11    1.857553339005000E+11
                      292    0.000000000000000E+00    0.000000000000000E+00    9.077222762708245E+14    1.023876930765173E+09    1.357156976322340E-12    2.624357256126893E+02    1.884621151202377E+04    1.789066415514459E+04    2.010164785575900E-01    4.341323816299463E+00    0.000000000000000E+00    9.077223807762250E+14    3.354803000000000E-14    0.000000000000000E+00    8.370011000000001E-01    4.053215000000000E-02    1.886284000000000E-03    5.332207000000000E-02    1.772356000000000E-02    9.559861000000002E-05    7.503229000000000E-03    3.431010999999999E-03    1.163249000000000E-03    2.397381000000000E-04    2.079240000000000E-04    0.000000000000000E+00    0.000000000000000E+00    0.000000000000000E+00    0.000000000000000E+00    0.000000000000000E+00    1.277688000000000E-04    0.000000000000000E+00    3.659191000000000E-02    1.496541177749000E+42    8.176281949998999E+11    1.857553339005000E+11
                      293    0.000000000000000E+00    0.000000000000000E+00    9.077224852816256E+14    1.023876930765173E+09    1.357156976322340E-12    2.624357256126893E+02    1.884621151202377E+04    1.789066415514459E+04    2.010164785575900E-01    4.341267059278709E+00    0.000000000000000E+00    9.077226942925006E+14    3.354803000000000E-14    0.000000000000000E+00    8.370011000000001E-01    4.053215000000000E-02    1.886284000000000E-03    5.332207000000000E-02    1.772356000000000E-02    9.559861000000002E-05    7.503229000000000E-03    3.431010999999999E-03    1.163249000000000E-03    2.397381000000000E-04    2.079240000000000E-04    0.000000000000000E+00    0.000000000000000E+00    0.000000000000000E+00    0.000000000000000E+00    0.000000000000000E+00    1.277688000000000E-04    0.000000000000000E+00    3.659191000000000E-02    1.496541177749000E+42    8.176281949998999E+11    1.857553339005000E+11
                      294    0.000000000000000E+00    0.000000000000000E+00    9.077229033033758E+14    1.023876930765173E+09    1.357156976322340E-12    2.624357256126893E+02    1.884621151202377E+04    1.789066415514459E+04    2.010164785575900E-01    4.341153545196994E+00    0.000000000000000E+00    9.077230078088484E+14    3.354803000000000E-14    0.000000000000000E+00    8.370011000000001E-01    4.053215000000000E-02    1.886284000000000E-03    5.332207000000000E-02    1.772356000000000E-02    9.559861000000002E-05    7.503229000000000E-03    3.431010999999999E-03    1.163249000000000E-03    2.397381000000000E-04    2.079240000000000E-04    0.000000000000000E+00    0.000000000000000E+00    0.000000000000000E+00    0.000000000000000E+00    0.000000000000000E+00    1.277688000000000E-04    0.000000000000000E+00    3.659191000000000E-02    1.496541177749000E+42    8.176281949998999E+11    1.857553339005000E+11
                      295    0.000000000000000E+00    0.000000000000000E+00    9.077231123143210E+14    1.023876930765173E+09    1.357156976322340E-12    2.624357256126893E+02    1.884621151202377E+04    1.789066415514459E+04    2.010164785575900E-01    4.341096788137051E+00    0.000000000000000E+00    9.077232488272911E+14    3.354803000000000E-14    0.000000000000000E+00    8.370011000000001E-01    4.053215000000000E-02    1.886284000000000E-03    5.332207000000000E-02    1.772356000000000E-02    9.559861000000002E-05    7.503229000000000E-03    3.431010999999999E-03    1.163249000000000E-03    2.397381000000000E-04    2.079240000000000E-04    0.000000000000000E+00    0.000000000000000E+00    0.000000000000000E+00    0.000000000000000E+00    0.000000000000000E+00    1.277688000000000E-04    0.000000000000000E+00    3.659191000000000E-02    1.503262214660000E+42    8.176281949998999E+11    1.857553339005000E+11
                      296    0.000000000000000E+00    0.000000000000000E+00    9.077233853402614E+14    1.023876930765173E+09    1.357156976322340E-12    2.624357256126893E+02    1.884621151202377E+04    1.789066415514459E+04    2.010164785575900E-01    4.341019614093177E+00    0.000000000000000E+00    9.077235623438555E+14    3.354803000000000E-14    0.000000000000000E+00    8.370011000000001E-01    4.053215000000000E-02    1.886284000000000E-03    5.332207000000000E-02    1.772356000000000E-02    9.559861000000002E-05    7.503229000000000E-03    3.431010999999999E-03    1.163249000000000E-03    2.397381000000000E-04    2.079240000000000E-04    0.000000000000000E+00    0.000000000000000E+00    0.000000000000000E+00    0.000000000000000E+00    0.000000000000000E+00    1.277688000000000E-04    0.000000000000000E+00    3.659191000000000E-02    1.503262214660000E+42    8.176281949998999E+11    1.857553339005000E+11
                      297    0.000000000000000E+00    0.000000000000000E+00    9.077237393474496E+14    1.023876930765173E+09    1.357156976322340E-12    2.624357256126893E+02    1.884621151202377E+04    1.789066415514459E+04    2.010164785575900E-01    4.340926516877770E+00    0.000000000000000E+00    9.077238758605141E+14    3.354803000000000E-14    0.000000000000000E+00    8.370011000000001E-01    4.053215000000000E-02    1.886284000000000E-03    5.332207000000000E-02    1.772356000000000E-02    9.559861000000002E-05    7.503229000000000E-03    3.431010999999999E-03    1.163249000000000E-03    2.397381000000000E-04    2.079240000000000E-04    0.000000000000000E+00    0.000000000000000E+00    0.000000000000000E+00    0.000000000000000E+00    0.000000000000000E+00    1.277688000000000E-04    0.000000000000000E+00    3.659191000000000E-02    1.503262214660000E+42    8.176281949998999E+11    1.857553339005000E+11
                      298    0.000000000000000E+00    0.000000000000000E+00    9.077240123735785E+14    1.023876930765173E+09    1.357156976322340E-12    2.624357256126893E+02    1.884621151202377E+04    1.789066415514459E+04    2.010164785575900E-01    4.340849342780578E+00    0.000000000000000E+00    9.077241893772950E+14    3.354803000000000E-14    0.000000000000000E+00    8.370011000000001E-01    4.053215000000000E-02    1.886284000000000E-03    5.332207000000000E-02    1.772356000000000E-02    9.559861000000002E-05    7.503229000000000E-03    3.431010999999999E-03    1.163249000000000E-03    2.397381000000000E-04    2.079240000000000E-04    0.000000000000000E+00    0.000000000000000E+00    0.000000000000000E+00    0.000000000000000E+00    0.000000000000000E+00    1.277688000000000E-04    0.000000000000000E+00    3.659191000000000E-02    1.503262214660000E+42    8.176281949998999E+11    1.857553339005000E+11
                      299    0.000000000000000E+00    0.000000000000000E+00    9.077243663810112E+14    1.023876930765173E+09    1.357156976322340E-12    2.624357256126893E+02    1.884621151202377E+04    1.789066415514459E+04    2.010164785575900E-01    4.340756245500867E+00    0.000000000000000E+00    9.077245028941700E+14    3.354803000000000E-14    0.000000000000000E+00    8.370011000000001E-01    4.053215000000000E-02    1.886284000000000E-03    5.332207000000000E-02    1.772356000000000E-02    9.559861000000002E-05    7.503229000000000E-03    3.431010999999999E-03    1.163249000000000E-03    2.397381000000000E-04    2.079240000000000E-04    0.000000000000000E+00    0.000000000000000E+00    0.000000000000000E+00    0.000000000000000E+00    0.000000000000000E+00    1.277688000000000E-04    0.000000000000000E+00    3.659191000000000E-02    1.503262214660000E+42    8.176281949998999E+11    1.857553339005000E+11
                      300    0.000000000000000E+00    0.000000000000000E+00    9.077246394073288E+14    1.023876930765173E+09    1.357156976322340E-12    2.624357256126893E+02    1.884621151202377E+04    1.789066415514459E+04    2.010164785575900E-01    4.340679071350366E+00    0.000000000000000E+00    9.077248164111674E+14    3.354803000000000E-14    0.000000000000000E+00    8.370011000000001E-01    4.053215000000000E-02    1.886284000000000E-03    5.332207000000000E-02    1.772356000000000E-02    9.559861000000002E-05    7.503229000000000E-03    3.431010999999999E-03    1.163249000000000E-03    2.397381000000000E-04    2.079240000000000E-04    0.000000000000000E+00    0.000000000000000E+00    0.000000000000000E+00    0.000000000000000E+00    0.000000000000000E+00    1.277688000000000E-04    0.000000000000000E+00    3.659191000000000E-02    1.503262214660000E+42    8.176281949998999E+11    1.857553339005000E+11
                      301    0.000000000000000E+00    0.000000000000000E+00    9.077249934150060E+14    1.023876930765173E+09    1.357156976322340E-12    2.624357256126893E+02    1.884621151202377E+04    1.789066415514459E+04    2.010164785575900E-01    4.340585974006345E+00    0.000000000000000E+00    9.077251299282591E+14    3.354803000000000E-14    0.000000000000000E+00    8.370011000000001E-01    4.053215000000000E-02    1.886284000000000E-03    5.332207000000000E-02    1.772356000000000E-02    9.559861000000002E-05    7.503229000000000E-03    3.431010999999999E-03    1.163249000000000E-03    2.397381000000000E-04    2.079240000000000E-04    0.000000000000000E+00    0.000000000000000E+00    0.000000000000000E+00    0.000000000000000E+00    0.000000000000000E+00    1.277688000000000E-04    0.000000000000000E+00    3.659191000000000E-02    1.503262214660000E+42    8.176281949998999E+11    1.857553339005000E+11
                      302    0.000000000000000E+00    0.000000000000000E+00    9.077252664415122E+14    1.023876930765173E+09    1.357156976322340E-12    2.624357256126893E+02    1.884621151202377E+04    1.789066415514459E+04    2.010164785575900E-01    4.340508799802535E+00    0.000000000000000E+00    9.077254754530264E+14    3.354803000000000E-14    0.000000000000000E+00    8.370011000000001E-01    4.053215000000000E-02    1.886284000000000E-03    5.332207000000000E-02    1.772356000000000E-02    9.559861000000002E-05    7.503229000000000E-03    3.431010999999999E-03    1.163249000000000E-03    2.397381000000000E-04    2.079240000000000E-04    0.000000000000000E+00    0.000000000000000E+00    0.000000000000000E+00    0.000000000000000E+00    0.000000000000000E+00    1.277688000000000E-04    0.000000000000000E+00    3.659191000000000E-02    1.503262214660000E+42    8.176281949998999E+11    1.857553339005000E+11
                      303    0.000000000000000E+00    0.000000000000000E+00    9.077256844645405E+14    1.023876930765173E+09    1.357156976322340E-12    2.624357256126893E+02    1.884621151202377E+04    1.789066415514459E+04    2.010164785575900E-01    4.340395285372283E+00    0.000000000000000E+00    9.077257889703348E+14    3.354803000000000E-14    0.000000000000000E+00    8.370011000000001E-01    4.053215000000000E-02    1.886284000000000E-03    5.332207000000000E-02    1.772356000000000E-02    9.559861000000002E-05    7.503229000000000E-03    3.431010999999999E-03    1.163249000000000E-03    2.397381000000000E-04    2.079240000000000E-04    0.000000000000000E+00    0.000000000000000E+00    0.000000000000000E+00    0.000000000000000E+00    0.000000000000000E+00    1.277688000000000E-04    0.000000000000000E+00    3.659191000000000E-02    1.503262214660000E+42    8.176281949998999E+11    1.857553339005000E+11
                      304    0.000000000000000E+00    0.000000000000000E+00    9.077258934761288E+14    1.023876930765173E+09    1.357156976322340E-12    2.624357256126893E+02    1.884621151202377E+04    1.789066415514459E+04    2.010164785575900E-01    4.340338528137092E+00    0.000000000000000E+00    9.077261024877872E+14    3.354803000000000E-14    0.000000000000000E+00    8.370011000000001E-01    4.053215000000000E-02    1.886284000000000E-03    5.332207000000000E-02    1.772356000000000E-02    9.559861000000002E-05    7.503229000000000E-03    3.431010999999999E-03    1.163249000000000E-03    2.397381000000000E-04    2.079240000000000E-04    0.000000000000000E+00    0.000000000000000E+00    0.000000000000000E+00    0.000000000000000E+00    0.000000000000000E+00    1.277688000000000E-04    0.000000000000000E+00    3.659191000000000E-02    1.503262214660000E+42    8.176281949998999E+11    1.857553339005000E+11
                      305    0.000000000000000E+00    0.000000000000000E+00    9.077263114994458E+14    1.023876930765173E+09    1.357156976322340E-12    2.624357256126893E+02    1.884621151202377E+04    1.789066415514459E+04    2.010164785575900E-01    4.340225013628425E+00    0.000000000000000E+00    9.077264480129016E+14    3.354803000000000E-14    0.000000000000000E+00    8.370011000000001E-01    4.053215000000000E-02    1.886284000000000E-03    5.332207000000000E-02    1.772356000000000E-02    9.559861000000002E-05    7.503229000000000E-03    3.431010999999999E-03    1.163249000000000E-03    2.397381000000000E-04    2.079240000000000E-04    0.000000000000000E+00    0.000000000000000E+00    0.000000000000000E+00    0.000000000000000E+00    0.000000000000000E+00    1.277688000000000E-04    0.000000000000000E+00    3.659191000000000E-02    1.503262214660000E+42    8.176281949998999E+11    1.857553339005000E+11
                      306    0.000000000000000E+00    0.000000000000000E+00    9.077265845263575E+14    1.023876930765173E+09    1.357156976322340E-12    2.624357256126893E+02    1.884621151202377E+04    1.789066415514459E+04    2.010164785575900E-01    4.340147839308963E+00    0.000000000000000E+00    9.077267935381751E+14    3.354803000000000E-14    0.000000000000000E+00    8.370011000000001E-01    4.053215000000000E-02    1.886284000000000E-03    5.332207000000000E-02    1.772356000000000E-02    9.559861000000002E-05    7.503229000000000E-03    3.431010999999999E-03    1.163249000000000E-03    2.397381000000000E-04    2.079240000000000E-04    0.000000000000000E+00    0.000000000000000E+00    0.000000000000000E+00    0.000000000000000E+00    0.000000000000000E+00    1.277688000000000E-04    0.000000000000000E+00    3.659191000000000E-02    1.503262214660000E+42    8.176281949998999E+11    1.857553339005000E+11
                      307    0.000000000000000E+00    0.000000000000000E+00    9.077270025499928E+14    1.023876930765173E+09    1.357156976322340E-12    2.624357256126893E+02    1.884621151202377E+04    1.789066415514459E+04    2.010164785575900E-01    4.340034324712454E+00    0.000000000000000E+00    9.077272115619079E+14    3.354803000000000E-14    0.000000000000000E+00    8.370011000000001E-01    4.053215000000000E-02    1.886284000000000E-03    5.332207000000000E-02    1.772356000000000E-02    9.559861000000002E-05    7.503229000000000E-03    3.431010999999999E-03    1.163249000000000E-03    2.397381000000000E-04    2.079240000000000E-04    0.000000000000000E+00    0.000000000000000E+00    0.000000000000000E+00    0.000000000000000E+00    0.000000000000000E+00    1.277688000000000E-04    0.000000000000000E+00    3.659191000000000E-02    1.503262214660000E+42    8.176281949998999E+11    1.857553339005000E+11
                      308    0.000000000000000E+00    0.000000000000000E+00    9.077274205738231E+14    1.023876930765173E+09    1.357156976322340E-12    2.624357256126893E+02    1.884621151202377E+04    1.789066415514459E+04    2.010164785575900E-01    4.339920810063058E+00    0.000000000000000E+00    9.077275975782002E+14    3.354803000000000E-14    0.000000000000000E+00    8.370011000000001E-01    4.053215000000000E-02    1.886284000000000E-03    5.332207000000000E-02    1.772356000000000E-02    9.559861000000002E-05    7.503229000000000E-03    3.431010999999999E-03    1.163249000000000E-03    2.397381000000000E-04    2.079240000000000E-04    0.000000000000000E+00    0.000000000000000E+00    0.000000000000000E+00    0.000000000000000E+00    0.000000000000000E+00    1.277688000000000E-04    0.000000000000000E+00    3.659191000000000E-02    1.503262214660000E+42    8.176281949998999E+11    1.857553339005000E+11
                      309    0.000000000000000E+00    0.000000000000000E+00    9.077277745825775E+14    1.023876930765173E+09    1.357156976322340E-12    2.624357256126893E+02    1.884621151202377E+04    1.789066415514459E+04    2.010164785575900E-01    4.339827712435013E+00    0.000000000000000E+00    9.077279110962525E+14    3.354803000000000E-14    0.000000000000000E+00    8.370011000000001E-01    4.053215000000000E-02    1.886284000000000E-03    5.332207000000000E-02    1.772356000000000E-02    9.559861000000002E-05    7.503229000000000E-03    3.431010999999999E-03    1.163249000000000E-03    2.397381000000000E-04    2.079240000000000E-04    0.000000000000000E+00    0.000000000000000E+00    0.000000000000000E+00    0.000000000000000E+00    0.000000000000000E+00    1.277688000000000E-04    0.000000000000000E+00    3.659191000000000E-02    1.503262214660000E+42    8.176281949998999E+11    1.857553339005000E+11
                      310    0.000000000000000E+00    0.000000000000000E+00    9.077280476099278E+14    1.023876930765173E+09    1.357156976322340E-12    2.624357256126893E+02    1.884621151202377E+04    1.789066415514459E+04    2.010164785575900E-01    4.339750537991433E+00    0.000000000000000E+00    9.077282566220830E+14    3.354803000000000E-14    0.000000000000000E+00    8.370011000000001E-01    4.053215000000000E-02    1.886284000000000E-03    5.332207000000000E-02    1.772356000000000E-02    9.559861000000002E-05    7.503229000000000E-03    3.431010999999999E-03    1.163249000000000E-03    2.397381000000000E-04    2.079240000000000E-04    0.000000000000000E+00    0.000000000000000E+00    0.000000000000000E+00    0.000000000000000E+00    0.000000000000000E+00    1.277688000000000E-04    0.000000000000000E+00    3.659191000000000E-02    1.503262214660000E+42    8.176281949998999E+11    1.857553339005000E+11
                      311    0.000000000000000E+00    0.000000000000000E+00    9.077284656342382E+14    1.023876930765173E+09    1.357156976322340E-12    2.624357256126893E+02    1.884621151202377E+04    1.789066415514459E+04    2.009836889267000E-01    4.339637043317167E+00    0.000000000000000E+00    9.077286746464890E+14    3.354803000000000E-14    0.000000000000000E+00    8.370011000000001E-01    4.053215000000000E-02    1.886284000000000E-03    5.332207000000000E-02    1.772356000000000E-02    9.559861000000002E-05    7.503229000000000E-03    3.431010999999999E-03    1.163249000000000E-03    2.397381000000000E-04    2.079240000000000E-04    0.000000000000000E+00    0.000000000000000E+00    0.000000000000000E+00    0.000000000000000E+00    0.000000000000000E+00    1.277688000000000E-04    0.000000000000000E+00    3.659191000000000E-02    1.503262214660000E+42    8.176281949998999E+11    1.857553339005000E+11
                      312    0.000000000000000E+00    0.000000000000000E+00    9.077288836587398E+14    1.023876930765173E+09    1.357156976322340E-12    2.624357256126893E+02    1.884621151202377E+04    1.789066415514459E+04    2.009836889267000E-01    4.339523548590887E+00    0.000000000000000E+00    9.077290926710881E+14    3.354803000000000E-14    0.000000000000000E+00    8.370011000000001E-01    4.053215000000000E-02    1.886284000000000E-03    5.332207000000000E-02    1.772356000000000E-02    9.559861000000002E-05    7.503229000000000E-03    3.431010999999999E-03    1.163249000000000E-03    2.397381000000000E-04    2.079240000000000E-04    0.000000000000000E+00    0.000000000000000E+00    0.000000000000000E+00    0.000000000000000E+00    0.000000000000000E+00    1.277688000000000E-04    0.000000000000000E+00    3.659191000000000E-02    1.503262214660000E+42    8.176281949998999E+11    1.857553339005000E+11
                      313    0.000000000000000E+00    0.000000000000000E+00    9.077293016834364E+14    1.023876930765173E+09    1.357156976322340E-12    2.624357256126893E+02    1.884621151202377E+04    1.789066415514459E+04    2.009836889267000E-01    4.339410053811728E+00    0.000000000000000E+00    9.077295427035884E+14    3.354803000000000E-14    0.000000000000000E+00    8.370011000000001E-01    4.053215000000000E-02    1.886284000000000E-03    5.332207000000000E-02    1.772356000000000E-02    9.559861000000002E-05    7.503229000000000E-03    3.431010999999999E-03    1.163249000000000E-03    2.397381000000000E-04    2.079240000000000E-04    0.000000000000000E+00    0.000000000000000E+00    0.000000000000000E+00    0.000000000000000E+00    0.000000000000000E+00    1.277688000000000E-04    0.000000000000000E+00    3.659191000000000E-02    1.503262214660000E+42    8.176281949998999E+11    1.857553339005000E+11
                      314    0.000000000000000E+00    0.000000000000000E+00    9.077297837237404E+14    1.023876930765173E+09    1.357156976322340E-12    2.624357256126893E+02    1.884621151202377E+04    1.789066415514459E+04    2.009836889267000E-01    4.339276151912725E+00    0.000000000000000E+00    9.077299927362952E+14    3.354803000000000E-14    0.000000000000000E+00    8.370011000000001E-01    4.053215000000000E-02    1.886284000000000E-03    5.332207000000000E-02    1.772356000000000E-02    9.559861000000002E-05    7.503229000000000E-03    3.431010999999999E-03    1.163249000000000E-03    2.397381000000000E-04    2.079240000000000E-04    0.000000000000000E+00    0.000000000000000E+00    0.000000000000000E+00    0.000000000000000E+00    0.000000000000000E+00    1.277688000000000E-04    0.000000000000000E+00    3.659191000000000E-02    1.503262214660000E+42    8.176281949998999E+11    1.857553339005000E+11
                      315    0.000000000000000E+00    0.000000000000000E+00    9.077302017488502E+14    1.023876930765173E+09    1.357156976322340E-12    2.624357256126893E+02    1.884621151202377E+04    1.789066415514459E+04    2.009836889267000E-01    4.339162657020010E+00    0.000000000000000E+00    9.077304107615008E+14    3.354803000000000E-14    0.000000000000000E+00    8.370011000000001E-01    4.053215000000000E-02    1.886284000000000E-03    5.332207000000000E-02    1.772356000000000E-02    9.559861000000002E-05    7.503229000000000E-03    3.431010999999999E-03    1.163249000000000E-03    2.397381000000000E-04    2.079240000000000E-04    0.000000000000000E+00    0.000000000000000E+00    0.000000000000000E+00    0.000000000000000E+00    0.000000000000000E+00    1.277688000000000E-04    0.000000000000000E+00    3.659191000000000E-02    1.503262214660000E+42    8.176281949998999E+11    1.857553339005000E+11
                      316    0.000000000000000E+00    0.000000000000000E+00    9.077306197741512E+14    1.023876930765173E+09    1.357156976322340E-12    2.624357256126893E+02    1.884621151202377E+04    1.789066415514459E+04    2.009836889267000E-01    4.339049162075278E+00    0.000000000000000E+00    9.077308287868994E+14    3.354803000000000E-14    0.000000000000000E+00    8.370011000000001E-01    4.053215000000000E-02    1.886284000000000E-03    5.332207000000000E-02    1.772356000000000E-02    9.559861000000002E-05    7.503229000000000E-03    3.431010999999999E-03    1.163249000000000E-03    2.397381000000000E-04    2.079240000000000E-04    0.000000000000000E+00    0.000000000000000E+00    0.000000000000000E+00    0.000000000000000E+00    0.000000000000000E+00    1.277688000000000E-04    0.000000000000000E+00    3.659191000000000E-02    1.503262214660000E+42    8.176281949998999E+11    1.857553339005000E+11
                      317    0.000000000000000E+00    0.000000000000000E+00    9.077310377996475E+14    1.023876930765173E+09    1.357156976322340E-12    2.624357256126893E+02    1.884621151202377E+04    1.789066415514459E+04    2.009836889267000E-01    4.338935667077635E+00    0.000000000000000E+00    9.077312468124918E+14    3.354803000000000E-14    0.000000000000000E+00    8.370011000000001E-01    4.053215000000000E-02    1.886284000000000E-03    5.332207000000000E-02    1.772356000000000E-02    9.559861000000002E-05    7.503229000000000E-03    3.431010999999999E-03    1.163249000000000E-03    2.397381000000000E-04    2.079240000000000E-04    0.000000000000000E+00    0.000000000000000E+00    0.000000000000000E+00    0.000000000000000E+00    0.000000000000000E+00    1.277688000000000E-04    0.000000000000000E+00    3.659191000000000E-02    1.503262214660000E+42    8.176281949998999E+11    1.857553339005000E+11
                      318    0.000000000000000E+00    0.000000000000000E+00    9.077314558253360E+14    1.023876930765173E+09    1.357156976322340E-12    2.624357256126893E+02    1.884621151202377E+04    1.789066415514459E+04    2.009836889267000E-01    4.338822172027723E+00    0.000000000000000E+00    9.077317693447822E+14    3.354803000000000E-14    0.000000000000000E+00    8.370011000000001E-01    4.053215000000000E-02    1.886284000000000E-03    5.332207000000000E-02    1.772356000000000E-02    9.559861000000002E-05    7.503229000000000E-03    3.431010999999999E-03    1.163249000000000E-03    2.397381000000000E-04    2.079240000000000E-04    0.000000000000000E+00    0.000000000000000E+00    0.000000000000000E+00    0.000000000000000E+00    0.000000000000000E+00    1.277688000000000E-04    0.000000000000000E+00    3.659191000000000E-02    1.503262214660000E+42    8.176281949998999E+11    1.857553339005000E+11
                      319    0.000000000000000E+00    0.000000000000000E+00    9.077320828642281E+14    1.023876930765173E+09    1.357156976322340E-12    2.624357256126893E+02    1.884621151202377E+04    1.789066415514459E+04    2.009836889267000E-01    4.338651929355380E+00    0.000000000000000E+00    9.077322918773112E+14    3.354803000000000E-14    0.000000000000000E+00    8.370011000000001E-01    4.053215000000000E-02    1.886284000000000E-03    5.332207000000000E-02    1.772356000000000E-02    9.559861000000002E-05    7.503229000000000E-03    3.431010999999999E-03    1.163249000000000E-03    2.397381000000000E-04    2.079240000000000E-04    0.000000000000000E+00    0.000000000000000E+00    0.000000000000000E+00    0.000000000000000E+00    0.000000000000000E+00    1.277688000000000E-04    0.000000000000000E+00    3.659191000000000E-02    1.503262214660000E+42    8.176281949998999E+11    1.857553339005000E+11
                      320    0.000000000000000E+00    0.000000000000000E+00    9.077325008903944E+14    1.023876930765173E+09    1.357156976322340E-12    2.624357256126893E+02    1.884621151202377E+04    1.789066415514459E+04    2.009836889267000E-01    4.338538434175825E+00    0.000000000000000E+00    9.077327419114008E+14    3.354803000000000E-14    0.000000000000000E+00    8.370011000000001E-01    4.053215000000000E-02    1.886284000000000E-03    5.332207000000000E-02    1.772356000000000E-02    9.559861000000002E-05    7.503229000000000E-03    3.431010999999999E-03    1.163249000000000E-03    2.397381000000000E-04    2.079240000000000E-04    0.000000000000000E+00    0.000000000000000E+00    0.000000000000000E+00    0.000000000000000E+00    0.000000000000000E+00    1.277688000000000E-04    0.000000000000000E+00    3.659191000000000E-02    1.503262214660000E+42    8.176281949998999E+11    1.857553339005000E+11
                      321    0.000000000000000E+00    0.000000000000000E+00    9.077329829324075E+14    1.023880291283628E+09    1.357156976322340E-12    2.624357256126893E+02    1.884621151202377E+04    1.789066415514459E+04    2.009836889267000E-01    4.338404531800246E+00    0.000000000000000E+00    9.077331919456998E+14    3.354803000000000E-14    0.000000000000000E+00    8.370011000000001E-01    4.053215000000000E-02    1.886284000000000E-03    5.332207000000000E-02    1.772356000000000E-02    9.559861000000002E-05    7.503229000000000E-03    3.431010999999999E-03    1.163249000000000E-03    2.397381000000000E-04    2.079240000000000E-04    0.000000000000000E+00    0.000000000000000E+00    0.000000000000000E+00    0.000000000000000E+00    0.000000000000000E+00    1.277688000000000E-04    0.000000000000000E+00    3.659191000000000E-02    1.503262214660000E+42    8.176281949998999E+11    1.857553339005000E+11
                      322    0.000000000000000E+00    0.000000000000000E+00    9.077334009589919E+14    1.023883651802084E+09    1.357156976322340E-12    2.624357256126893E+02    1.884621151202377E+04    1.789066415514459E+04    2.009836889267000E-01    4.338291036505737E+00    0.000000000000000E+00    9.077337144791098E+14    3.354803000000000E-14    0.000000000000000E+00    8.370011000000001E-01    4.053215000000000E-02    1.886284000000000E-03    5.332207000000000E-02    1.772356000000000E-02    9.559861000000002E-05    7.503229000000000E-03    3.431010999999999E-03    1.163249000000000E-03    2.397381000000000E-04    2.079240000000000E-04    0.000000000000000E+00    0.000000000000000E+00    0.000000000000000E+00    0.000000000000000E+00    0.000000000000000E+00    1.277688000000000E-04    0.000000000000000E+00    3.659191000000000E-02    1.503262214660000E+42    8.176281949998999E+11    1.864274375916000E+11
                      323    0.000000000000000E+00    0.000000000000000E+00    9.077340279992276E+14    1.023883651802084E+09    1.357156976322340E-12    2.624357256126893E+02    1.884621151202377E+04    1.789066415514459E+04    2.009836889267000E-01    4.338120793466493E+00    0.000000000000000E+00    9.077342370127591E+14    3.354803000000000E-14    0.000000000000000E+00    8.370011000000001E-01    4.053215000000000E-02    1.886284000000000E-03    5.332207000000000E-02    1.772356000000000E-02    9.559861000000002E-05    7.503229000000000E-03    3.431010999999999E-03    1.163249000000000E-03    2.397381000000000E-04    2.079240000000000E-04    0.000000000000000E+00    0.000000000000000E+00    0.000000000000000E+00    0.000000000000000E+00    0.000000000000000E+00    1.277688000000000E-04    0.000000000000000E+00    3.659191000000000E-02    1.503262214660000E+42    8.176281949998999E+11    1.864274375916000E+11
                      324    0.000000000000000E+00    0.000000000000000E+00    9.077344460262906E+14    1.023883651802084E+09    1.357156976322340E-12    2.624357256126893E+02    1.884621151202377E+04    1.789066415514459E+04    2.009836889267000E-01    4.338007298041975E+00    0.000000000000000E+00    9.077347595467694E+14    3.354803000000000E-14    0.000000000000000E+00    8.370011000000001E-01    4.053215000000000E-02    1.886284000000000E-03    5.332207000000000E-02    1.772356000000000E-02    9.559861000000002E-05    7.503229000000000E-03    3.431010999999999E-03    1.163249000000000E-03    2.397381000000000E-04    2.079240000000000E-04    0.000000000000000E+00    0.000000000000000E+00    0.000000000000000E+00    0.000000000000000E+00    0.000000000000000E+00    1.277688000000000E-04    0.000000000000000E+00    3.659191000000000E-02    1.503262214660000E+42    8.176281949998999E+11    1.864274375916000E+11
                      325    0.000000000000000E+00    0.000000000000000E+00    9.077350730672482E+14    1.023883651802084E+09    1.357156976322340E-12    2.624357256126893E+02    1.884621151202377E+04    1.789066415514459E+04    2.009836889267000E-01    4.337837054806738E+00    0.000000000000000E+00    9.077353140889430E+14    3.354803000000000E-14    0.000000000000000E+00    8.370011000000001E-01    4.053215000000000E-02    1.886284000000000E-03    5.332207000000000E-02    1.772356000000000E-02    9.559861000000002E-05    7.503229000000000E-03    3.431010999999999E-03    1.163249000000000E-03    2.397381000000000E-04    2.079240000000000E-04    0.000000000000000E+00    0.000000000000000E+00    0.000000000000000E+00    0.000000000000000E+00    0.000000000000000E+00    1.277688000000000E-04    0.000000000000000E+00    3.659191000000000E-02    1.503262214660000E+42    8.176281949998999E+11    1.864274375916000E+11
                      326    0.000000000000000E+00    0.000000000000000E+00    9.077355551106375E+14    1.023883651802084E+09    1.357156976322340E-12    2.624357256126893E+02    1.884621151202377E+04    1.789066415514459E+04    2.009836889267000E-01    4.337703152047085E+00    0.000000000000000E+00    9.077358686314994E+14    3.354803000000000E-14    0.000000000000000E+00    8.370011000000001E-01    4.053215000000000E-02    1.886284000000000E-03    5.332207000000000E-02    1.772356000000000E-02    9.559861000000002E-05    7.503229000000000E-03    3.431010999999999E-03    1.163249000000000E-03    2.397381000000000E-04    2.079240000000000E-04    0.000000000000000E+00    0.000000000000000E+00    0.000000000000000E+00    0.000000000000000E+00    0.000000000000000E+00    1.277688000000000E-04    0.000000000000000E+00    3.659191000000000E-02    1.503262214660000E+42    8.176281949998999E+11    1.864274375916000E+11
                      327    0.000000000000000E+00    0.000000000000000E+00    9.077361821523612E+14    1.023883651802084E+09    1.357156976322340E-12    2.624357256126893E+02    1.884621151202377E+04    1.789066415514459E+04    2.009836889267000E-01    4.337532908601722E+00    0.000000000000000E+00    9.077363911663896E+14    3.354803000000000E-14    0.000000000000000E+00    8.370011000000001E-01    4.053215000000000E-02    1.886284000000000E-03    5.332207000000000E-02    1.772356000000000E-02    9.559861000000002E-05    7.503229000000000E-03    3.431010999999999E-03    1.163249000000000E-03    2.397381000000000E-04    2.079240000000000E-04    0.000000000000000E+00    0.000000000000000E+00    0.000000000000000E+00    0.000000000000000E+00    0.000000000000000E+00    1.277688000000000E-04    0.000000000000000E+00    3.659191000000000E-02    1.503262214660000E+42    8.176281949998999E+11    1.864274375916000E+11
                      328    0.000000000000000E+00    0.000000000000000E+00    9.077366001804179E+14    1.023883651802084E+09    1.357156976322340E-12    2.624357256126893E+02    1.884621151202377E+04    1.789066415514459E+04    2.009836889267000E-01    4.337419412906199E+00    0.000000000000000E+00    9.077369137016408E+14    3.354803000000000E-14    0.000000000000000E+00    8.370011000000001E-01    4.053215000000000E-02    1.886284000000000E-03    5.332207000000000E-02    1.772356000000000E-02    9.559861000000002E-05    7.503229000000000E-03    3.431010999999999E-03    1.163249000000000E-03    2.397381000000000E-04    2.079240000000000E-04    0.000000000000000E+00    0.000000000000000E+00    0.000000000000000E+00    0.000000000000000E+00    0.000000000000000E+00    1.277688000000000E-04    0.000000000000000E+00    3.659191000000000E-02    1.503262214660000E+42    8.179560913088000E+11    1.864274375916000E+11
                      329    0.000000000000000E+00    0.000000000000000E+00    9.077372272228635E+14    1.023883651802084E+09    1.357156976322340E-12    2.624357256126893E+02    1.884621151202377E+04    1.789066415514459E+04    2.009836889267000E-01    4.337249169264851E+00    0.000000000000000E+00    9.077375407443030E+14    3.354803000000000E-14    0.000000000000000E+00    8.370011000000001E-01    4.053215000000000E-02    1.886284000000000E-03    5.332207000000000E-02    1.772356000000000E-02    9.559861000000002E-05    7.503229000000000E-03    3.431010999999999E-03    1.163249000000000E-03    2.397381000000000E-04    2.079240000000000E-04    0.000000000000000E+00    0.000000000000000E+00    0.000000000000000E+00    0.000000000000000E+00    0.000000000000000E+00    1.277688000000000E-04    0.000000000000000E+00    3.659191000000000E-02    1.503262214660000E+42    8.179560913088000E+11    1.864274375916000E+11
                      330    0.000000000000000E+00    0.000000000000000E+00    9.077378542657424E+14    1.023883651802084E+09    1.357156976322340E-12    2.624357256126893E+02    1.884621151202377E+04    1.789066415514459E+04    2.009836889267000E-01    4.337078925505906E+00    0.000000000000000E+00    9.077381677873982E+14    3.354803000000000E-14    0.000000000000000E+00    8.370011000000001E-01    4.053215000000000E-02    1.886284000000000E-03    5.332207000000000E-02    1.772356000000000E-02    9.559861000000002E-05    7.503229000000000E-03    3.431010999999999E-03    1.163249000000000E-03    2.397381000000000E-04    2.079240000000000E-04    0.000000000000000E+00    0.000000000000000E+00    0.000000000000000E+00    0.000000000000000E+00    0.000000000000000E+00    1.277688000000000E-04    0.000000000000000E+00    3.659191000000000E-02    1.503262214660000E+42    8.179560913088000E+11    1.864274375916000E+11
                      331    0.000000000000000E+00    0.000000000000000E+00    9.077384813090541E+14    1.023883651802084E+09    1.357156976322340E-12    2.624357256126893E+02    1.884621151202377E+04    1.789066415514459E+04    2.009836889267000E-01    4.336908681629368E+00    0.000000000000000E+00    9.077387948309274E+14    3.354803000000000E-14    0.000000000000000E+00    8.370011000000001E-01    4.053215000000000E-02    1.886284000000000E-03    5.332207000000000E-02    1.772356000000000E-02    9.559861000000002E-05    7.503229000000000E-03    3.431010999999999E-03    1.163249000000000E-03    2.397381000000000E-04    2.079240000000000E-04    0.000000000000000E+00    0.000000000000000E+00    0.000000000000000E+00    0.000000000000000E+00    0.000000000000000E+00    1.277688000000000E-04    0.000000000000000E+00    3.659191000000000E-02    1.503262214660000E+42    8.179560913088000E+11    1.864274375916000E+11
                      332    0.000000000000000E+00    0.000000000000000E+00    9.077391083528004E+14    1.023883651802084E+09    1.357156976322340E-12    2.624357256126893E+02    1.884621151202377E+04    1.789066415514459E+04    2.009836889267000E-01    4.336738437634866E+00    0.000000000000000E+00    9.077393813836475E+14    3.354803000000000E-14    0.000000000000000E+00    8.370011000000001E-01    4.053215000000000E-02    1.886284000000000E-03    5.332207000000000E-02    1.772356000000000E-02    9.559861000000002E-05    7.503229000000000E-03    3.431010999999999E-03    1.163249000000000E-03    2.397381000000000E-04    2.079240000000000E-04    0.000000000000000E+00    0.000000000000000E+00    0.000000000000000E+00    0.000000000000000E+00    0.000000000000000E+00    1.277688000000000E-04    0.000000000000000E+00    3.659191000000000E-02    1.503262214660000E+42    8.179560913088000E+11    1.864274375916000E+11
                      333    0.000000000000000E+00    0.000000000000000E+00    9.077396544144948E+14    1.023883651802084E+09    1.357156976322340E-12    2.624357256126893E+02    1.884621151202377E+04    1.789066415514459E+04    2.009836889267000E-01    4.336584126972805E+00    0.000000000000000E+00    9.077399679367725E+14    3.354803000000000E-14    0.000000000000000E+00    8.370011000000001E-01    4.053215000000000E-02    1.886284000000000E-03    5.332207000000000E-02    1.772356000000000E-02    9.559861000000002E-05    7.503229000000000E-03    3.431010999999999E-03    1.163249000000000E-03    2.397381000000000E-04    2.079240000000000E-04    0.000000000000000E+00    0.000000000000000E+00    0.000000000000000E+00    0.000000000000000E+00    0.000000000000000E+00    1.277688000000000E-04    0.000000000000000E+00    3.659191000000000E-02    1.503262214660000E+42    8.179560913088000E+11    1.864274375916000E+11
                      334    0.000000000000000E+00    0.000000000000000E+00    9.077402814590500E+14    1.023883651802084E+09    1.357156976322340E-12    2.624357256126893E+02    1.884621151202377E+04    1.789066415514459E+04    2.009836889267000E-01    4.336413882754480E+00    0.000000000000000E+00    9.077406674809625E+14    3.354803000000000E-14    0.000000000000000E+00    8.370011000000001E-01    4.053215000000000E-02    1.886284000000000E-03    5.332207000000000E-02    1.772356000000000E-02    9.559861000000002E-05    7.503229000000000E-03    3.431010999999999E-03    1.163249000000000E-03    2.397381000000000E-04    2.079240000000000E-04    0.000000000000000E+00    0.000000000000000E+00    0.000000000000000E+00    0.000000000000000E+00    0.000000000000000E+00    1.277688000000000E-04    0.000000000000000E+00    3.659191000000000E-02    1.503262214660000E+42    8.179560913088000E+11    1.864274375916000E+11
                      335    0.000000000000000E+00    0.000000000000000E+00    9.077410535028749E+14    1.023883651802084E+09    1.357156976322340E-12    2.624357256126893E+02    1.884621151202377E+04    1.789066415514459E+04    2.009836889267000E-01    4.336207297616129E+00    0.000000000000000E+00    9.077413670256360E+14    3.354803000000000E-14    0.000000000000000E+00    8.370011000000001E-01    4.053215000000000E-02    1.886284000000000E-03    5.332207000000000E-02    1.772356000000000E-02    9.559861000000002E-05    7.503229000000000E-03    3.431010999999999E-03    1.163249000000000E-03    2.397381000000000E-04    2.079240000000000E-04    0.000000000000000E+00    0.000000000000000E+00    0.000000000000000E+00    0.000000000000000E+00    0.000000000000000E+00    1.277688000000000E-04    0.000000000000000E+00    3.659191000000000E-02    1.503262214660000E+42    8.179560913088000E+11    1.864274375916000E+11
                      336    0.000000000000000E+00    0.000000000000000E+00    9.077416805483969E+14    1.023883651802084E+09    1.357156976322340E-12    2.624357256126893E+02    1.884621151202377E+04    1.789066415514459E+04    2.009836889267000E-01    4.336037053137480E+00    0.000000000000000E+00    9.077420260795460E+14    3.354803000000000E-14    0.000000000000000E+00    8.370011000000001E-01    4.053215000000000E-02    1.886284000000000E-03    5.332207000000000E-02    1.772356000000000E-02    9.559861000000002E-05    7.503229000000000E-03    3.431010999999999E-03    1.163249000000000E-03    2.397381000000000E-04    2.079240000000000E-04    0.000000000000000E+00    0.000000000000000E+00    0.000000000000000E+00    0.000000000000000E+00    0.000000000000000E+00    1.277688000000000E-04    0.000000000000000E+00    3.659191000000000E-02    1.503262214660000E+42    8.179560913088000E+11    1.864274375916000E+11
                      337    0.000000000000000E+00    0.000000000000000E+00    9.077423716106952E+14    1.023883651802084E+09    1.358343980677838E-12    2.624357256126893E+02    1.884621151202377E+04    1.789066415514459E+04    2.009836889267000E-01    4.335846213002413E+00    0.000000000000000E+00    9.077426851339115E+14    3.354803000000000E-14    0.000000000000000E+00    8.370011000000001E-01    4.053215000000000E-02    1.886284000000000E-03    5.332207000000000E-02    1.772356000000000E-02    9.559861000000002E-05    7.503229000000000E-03    3.431010999999999E-03    1.163249000000000E-03    2.397381000000000E-04    2.079240000000000E-04    0.000000000000000E+00    0.000000000000000E+00    0.000000000000000E+00    0.000000000000000E+00    0.000000000000000E+00    1.277688000000000E-04    0.000000000000000E+00    3.659191000000000E-02    1.503262214660000E+42    8.179560913088000E+11    1.864274375916000E+11
                      338    0.000000000000000E+00    0.000000000000000E+00    9.077429986571276E+14    1.023883651802084E+09    1.358343980677838E-12    2.624357256126893E+02    1.884621151202377E+04    1.789066415514459E+04    2.009836889267000E-01    4.335675827142904E+00    0.000000000000000E+00    9.077434166884195E+14    3.354803000000000E-14    0.000000000000000E+00    8.370011000000001E-01    4.053215000000000E-02    1.886284000000000E-03    5.332207000000000E-02    1.772356000000000E-02    9.559861000000002E-05    7.503229000000000E-03    3.431010999999999E-03    1.163249000000000E-03    2.397381000000000E-04    2.079240000000000E-04    0.000000000000000E+00    0.000000000000000E+00    0.000000000000000E+00    0.000000000000000E+00    0.000000000000000E+00    1.277688000000000E-04    0.000000000000000E+00    3.659191000000000E-02    1.503262214660000E+42    8.179560913088000E+11    1.864274375916000E+11
                      339    0.000000000000000E+00    0.000000000000000E+00    9.077438347197114E+14    1.023883651802084E+09    1.358343980677838E-12    2.624357256126893E+02    1.884621151202377E+04    1.789066415514459E+04    2.009836889267000E-01    4.335448645813782E+00    0.000000000000000E+00    9.077441802516856E+14    3.354803000000000E-14    0.000000000000000E+00    8.370011000000001E-01    4.053215000000000E-02    1.886284000000000E-03    5.332207000000000E-02    1.772356000000000E-02    9.559861000000002E-05    7.503229000000000E-03    3.431010999999999E-03    1.163249000000000E-03    2.397381000000000E-04    2.079240000000000E-04    0.000000000000000E+00    0.000000000000000E+00    0.000000000000000E+00    0.000000000000000E+00    0.000000000000000E+00    1.277688000000000E-04    0.000000000000000E+00    3.659191000000000E-02    1.503262214660000E+42    8.179560913088000E+11    1.864274375916000E+11
                      340    0.000000000000000E+00    0.000000000000000E+00    9.077445257836600E+14    1.023887012320539E+09    1.358343980677838E-12    2.624357256126893E+02    1.884621151202377E+04    1.789066415514459E+04    2.009836889267000E-01    4.335257805220431E+00    0.000000000000000E+00    9.077448393076202E+14    3.354803000000000E-14    0.000000000000000E+00    8.370011000000001E-01    4.053215000000000E-02    1.886284000000000E-03    5.332207000000000E-02    1.772356000000000E-02    9.559861000000002E-05    7.503229000000000E-03    3.431010999999999E-03    1.163249000000000E-03    2.397381000000000E-04    2.079240000000000E-04    0.000000000000000E+00    0.000000000000000E+00    0.000000000000000E+00    0.000000000000000E+00    0.000000000000000E+00    1.277688000000000E-04    0.000000000000000E+00    3.659191000000000E-02    1.503262214660000E+42    8.179560913088000E+11    1.864274375916000E+11
                      341    0.000000000000000E+00    0.000000000000000E+00    9.077451528315804E+14    1.023890372838995E+09    1.358343980677838E-12    2.624357256126893E+02    1.884621151202377E+04    1.789066415514459E+04    2.009836889267000E-01    4.335087418954480E+00    0.000000000000000E+00    9.077455708638650E+14    3.354803000000000E-14    0.000000000000000E+00    8.370011000000001E-01    4.053215000000000E-02    1.886284000000000E-03    5.332207000000000E-02    1.772356000000000E-02    9.559861000000002E-05    7.503229000000000E-03    3.431010999999999E-03    1.163249000000000E-03    2.397381000000000E-04    2.079240000000000E-04    0.000000000000000E+00    0.000000000000000E+00    0.000000000000000E+00    0.000000000000000E+00    0.000000000000000E+00    1.277688000000000E-04    0.000000000000000E+00    3.659191000000000E-02    1.503262214660000E+42    8.179560913088000E+11    1.864274375916000E+11
                      342    0.000000000000000E+00    0.000000000000000E+00    9.077459888961495E+14    1.023890372838995E+09    1.358343980677838E-12    2.624357256126893E+02    1.884621151202377E+04    1.789066415514459E+04    2.009836889267000E-01    4.334860237083133E+00    0.000000000000000E+00    9.077464069288184E+14    3.354803000000000E-14    0.000000000000000E+00    8.370011000000001E-01    4.053215000000000E-02    1.886284000000000E-03    5.332207000000000E-02    1.772356000000000E-02    9.559861000000002E-05    7.503229000000000E-03    3.431010999999999E-03    1.163249000000000E-03    2.397381000000000E-04    2.079240000000000E-04    0.000000000000000E+00    0.000000000000000E+00    0.000000000000000E+00    0.000000000000000E+00    0.000000000000000E+00    1.277688000000000E-04    0.000000000000000E+00    3.659191000000000E-02    1.503262214660000E+42    8.179560913088000E+11    1.864274375916000E+11
                      343    0.000000000000000E+00    0.000000000000000E+00    9.077468249614872E+14    1.023890372838995E+09    1.358343980677838E-12    2.624357256126893E+02    1.884621151202377E+04    1.789066415514459E+04    2.009836889267000E-01    4.334633055002842E+00    0.000000000000000E+00    9.077471704946049E+14    3.354803000000000E-14    0.000000000000000E+00    8.370011000000001E-01    4.053215000000000E-02    1.886284000000000E-03    5.332207000000000E-02    1.772356000000000E-02    9.559861000000002E-05    7.503229000000000E-03    3.431010999999999E-03    1.163249000000000E-03    2.397381000000000E-04    2.079240000000000E-04    0.000000000000000E+00    0.000000000000000E+00    0.000000000000000E+00    0.000000000000000E+00    0.000000000000000E+00    1.277688000000000E-04    0.000000000000000E+00    3.659191000000000E-02    1.503262214660000E+42    8.179560913088000E+11    1.864274375916000E+11
                      344    0.000000000000000E+00    0.000000000000000E+00    9.077475160277225E+14    1.023890372838995E+09    1.358343980677838E-12    2.624357256126893E+02    1.884621151202377E+04    1.789066415514459E+04    2.009836889267000E-01    4.334442213775444E+00    0.000000000000000E+00    9.077479340610960E+14    3.354803000000000E-14    0.000000000000000E+00    8.370011000000001E-01    4.053215000000000E-02    1.886284000000000E-03    5.332207000000000E-02    1.772356000000000E-02    9.559861000000002E-05    7.503229000000000E-03    3.431010999999999E-03    1.163249000000000E-03    2.397381000000000E-04    2.079240000000000E-04    0.000000000000000E+00    0.000000000000000E+00    0.000000000000000E+00    0.000000000000000E+00    0.000000000000000E+00    1.277688000000000E-04    0.000000000000000E+00    3.659191000000000E-02    1.503262214660000E+42    8.186281949998999E+11    1.864274375916000E+11
                      345    0.000000000000000E+00    0.000000000000000E+00    9.077483520944695E+14    1.023890372838995E+09    1.360285546261847E-12    2.624357256126893E+02    1.884621151202377E+04    1.789066415514459E+04    2.009836889267000E-01    4.334214696210163E+00    0.000000000000000E+00    9.077488021366558E+14    3.354803000000000E-14    0.000000000000000E+00    8.370011000000001E-01    4.053215000000000E-02    1.886284000000000E-03    5.332207000000000E-02    1.772356000000000E-02    9.559861000000002E-05    7.503229000000000E-03    3.431010999999999E-03    1.163249000000000E-03    2.397381000000000E-04    2.079240000000000E-04    0.000000000000000E+00    0.000000000000000E+00    0.000000000000000E+00    0.000000000000000E+00    0.000000000000000E+00    1.277688000000000E-04    0.000000000000000E+00    3.659191000000000E-02    1.503262214660000E+42    8.186281949998999E+11    1.864274375916000E+11
                      346    0.000000000000000E+00    0.000000000000000E+00    9.077492521788420E+14    1.023890372838995E+09    1.360285546261847E-12    2.624357256126893E+02    1.884621151202377E+04    1.789066415514459E+04    2.009836889267000E-01    4.333966723864079E+00    0.000000000000000E+00    9.077496702130135E+14    3.354803000000000E-14    0.000000000000000E+00    8.370011000000001E-01    4.053215000000000E-02    1.886284000000000E-03    5.332207000000000E-02    1.772356000000000E-02    9.559861000000002E-05    7.503229000000000E-03    3.431010999999999E-03    1.163249000000000E-03    2.397381000000000E-04    2.079240000000000E-04    0.000000000000000E+00    0.000000000000000E+00    0.000000000000000E+00    0.000000000000000E+00    0.000000000000000E+00    1.277688000000000E-04    0.000000000000000E+00    3.659191000000000E-02    1.503262214660000E+42    8.186281949998999E+11    1.864274375916000E+11
                      347    0.000000000000000E+00    0.000000000000000E+00    9.077500882471852E+14    1.023890372838995E+09    1.360285546261847E-12    2.624357256126893E+02    1.884621151202377E+04    1.789066415514459E+04    2.009836889267000E-01    4.333739205861510E+00    0.000000000000000E+00    9.077505062817426E+14    3.354803000000000E-14    0.000000000000000E+00    8.370011000000001E-01    4.053215000000000E-02    1.886284000000000E-03    5.332207000000000E-02    1.772356000000000E-02    9.559861000000002E-05    7.503229000000000E-03    3.431010999999999E-03    1.163249000000000E-03    2.397381000000000E-04    2.079240000000000E-04    0.000000000000000E+00    0.000000000000000E+00    0.000000000000000E+00    0.000000000000000E+00    0.000000000000000E+00    1.277688000000000E-04    0.000000000000000E+00    3.659191000000000E-02    1.503262214660000E+42    8.186281949998999E+11    1.864274375916000E+11
                      348    0.000000000000000E+00    0.000000000000000E+00    9.077509243162999E+14    1.023890372838995E+09    1.360285546261847E-12    2.624357256126893E+02    1.884621151202377E+04    1.789066415514459E+04    2.009836889267000E-01    4.333511687649102E+00    0.000000000000000E+00    9.077513743597670E+14    3.354803000000000E-14    0.000000000000000E+00    8.370011000000001E-01    4.053215000000000E-02    1.886284000000000E-03    5.332207000000000E-02    1.772356000000000E-02    9.559861000000002E-05    7.503229000000000E-03    3.431010999999999E-03    1.163249000000000E-03    2.397381000000000E-04    2.079240000000000E-04    0.000000000000000E+00    0.000000000000000E+00    0.000000000000000E+00    0.000000000000000E+00    0.000000000000000E+00    1.277688000000000E-04    0.000000000000000E+00    3.659191000000000E-02    1.503262214660000E+42    8.186281949998999E+11    1.864274375916000E+11
                      349    0.000000000000000E+00    0.000000000000000E+00    9.077518244032342E+14    1.023890372838995E+09    1.360285546261847E-12    2.624357256126893E+02    1.884621151202377E+04    1.789066415514459E+04    2.009836889267000E-01    4.333263714593948E+00    0.000000000000000E+00    9.077522424385899E+14    3.354803000000000E-14    0.000000000000000E+00    8.370011000000001E-01    4.053215000000000E-02    1.886284000000000E-03    5.332207000000000E-02    1.772356000000000E-02    9.559861000000002E-05    7.503229000000000E-03    3.431010999999999E-03    1.163249000000000E-03    2.397381000000000E-04    2.079240000000000E-04    0.000000000000000E+00    0.000000000000000E+00    0.000000000000000E+00    0.000000000000000E+00    0.000000000000000E+00    1.277688000000000E-04    0.000000000000000E+00    3.659191000000000E-02    1.503262214660000E+42    8.186281949998999E+11    1.864274375916000E+11
                      350    0.000000000000000E+00    0.000000000000000E+00    9.077526604739455E+14    1.023890372838995E+09    1.360285546261847E-12    2.624357256126893E+02    1.884621151202377E+04    1.789066415514459E+04    2.009836889267000E-01    4.333036195944244E+00    0.000000000000000E+00    9.077531830186830E+14    3.354803000000000E-14    0.000000000000000E+00    8.370011000000001E-01    4.053215000000000E-02    1.886284000000000E-03    5.332207000000000E-02    1.772356000000000E-02    9.559861000000002E-05    7.503229000000000E-03    3.431010999999999E-03    1.163249000000000E-03    2.397381000000000E-04    2.079240000000000E-04    0.000000000000000E+00    0.000000000000000E+00    0.000000000000000E+00    0.000000000000000E+00    0.000000000000000E+00    1.277688000000000E-04    0.000000000000000E+00    3.659191000000000E-02    1.503262214660000E+42    8.186281949998999E+11    1.864274375916000E+11
                      351    0.000000000000000E+00    0.000000000000000E+00    9.077537055634202E+14    1.023890372838995E+09    1.360285546261847E-12    2.624357256126893E+02    1.884621151202377E+04    1.789066415514459E+04    2.009836889267000E-01    4.332751797336661E+00    0.000000000000000E+00    9.077541556082728E+14    3.354803000000000E-14    0.000000000000000E+00    8.370011000000001E-01    4.053215000000000E-02    1.886284000000000E-03    5.332207000000000E-02    1.772356000000000E-02    9.559861000000002E-05    7.503229000000000E-03    3.431010999999999E-03    1.163249000000000E-03    2.397381000000000E-04    2.079240000000000E-04    0.000000000000000E+00    0.000000000000000E+00    0.000000000000000E+00    0.000000000000000E+00    0.000000000000000E+00    1.277688000000000E-04    0.000000000000000E+00    3.659191000000000E-02    1.503262214660000E+42    8.186281949998999E+11    1.864274375916000E+11
                      352    0.000000000000000E+00    0.000000000000000E+00    9.077546056531252E+14    1.023890372838995E+09    1.360285546261847E-12    2.624357256126893E+02    1.884621151202377E+04    1.789066415514459E+04    2.009836889267000E-01    4.332503823515024E+00    0.000000000000000E+00    9.077550961903149E+14    3.354803000000000E-14    0.000000000000000E+00    8.370011000000001E-01    4.053215000000000E-02    1.886284000000000E-03    5.332207000000000E-02    1.772356000000000E-02    9.559861000000002E-05    7.503229000000000E-03    3.431010999999999E-03    1.163249000000000E-03    2.397381000000000E-04    2.079240000000000E-04    0.000000000000000E+00    0.000000000000000E+00    0.000000000000000E+00    0.000000000000000E+00    0.000000000000000E+00    1.277688000000000E-04    0.000000000000000E+00    3.659191000000000E-02    1.503262214660000E+42    8.186281949998999E+11    1.864274375916000E+11
                      353    0.000000000000000E+00    0.000000000000000E+00    9.077555867275048E+14    1.023893733357450E+09    1.360285546261847E-12    2.624357256126893E+02    1.884621151202377E+04    1.789066415514459E+04    2.009836889267000E-01    4.332239879018507E+00    0.000000000000000E+00    9.077560367732898E+14    3.354803000000000E-14    0.000000000000000E+00    8.370011000000001E-01    4.053215000000000E-02    1.886284000000000E-03    5.332207000000000E-02    1.772356000000000E-02    9.559861000000002E-05    7.503229000000000E-03    3.431010999999999E-03    1.163249000000000E-03    2.397381000000000E-04    2.079240000000000E-04    0.000000000000000E+00    0.000000000000000E+00    0.000000000000000E+00    0.000000000000000E+00    0.000000000000000E+00    1.277688000000000E-04    0.000000000000000E+00    3.659191000000000E-02    1.503262214660000E+42    8.189560913087999E+11    1.864274375916000E+11
                      354    0.000000000000000E+00    0.000000000000000E+00    9.077564868190749E+14    1.023897093875906E+09    1.360285546261847E-12    2.624357256126893E+02    1.884621151202377E+04    1.789066415514459E+04    2.009836889267000E-01    4.331991904683001E+00    0.000000000000000E+00    9.077570093660130E+14    3.354803000000000E-14    0.000000000000000E+00    8.370011000000001E-01    4.053215000000000E-02    1.886284000000000E-03    5.332207000000000E-02    1.772356000000000E-02    9.559861000000002E-05    7.503229000000000E-03    3.431010999999999E-03    1.163249000000000E-03    2.397381000000000E-04    2.079240000000000E-04    0.000000000000000E+00    0.000000000000000E+00    0.000000000000000E+00    0.000000000000000E+00    0.000000000000000E+00    1.277688000000000E-04    0.000000000000000E+00    3.659191000000000E-02    1.503262214660000E+42    8.189560913087999E+11    1.864274375916000E+11
                      355    0.000000000000000E+00    0.000000000000000E+00    9.077575319129511E+14    1.023897093875906E+09    1.360285546261847E-12    2.624357256126893E+02    1.884621151202377E+04    1.789066415514459E+04    2.009836889267000E-01    4.331707504874149E+00    0.000000000000000E+00    9.077580864692688E+14    3.354803000000000E-14    0.000000000000000E+00    8.370011000000001E-01    4.053215000000000E-02    1.886284000000000E-03    5.332207000000000E-02    1.772356000000000E-02    9.559861000000002E-05    7.503229000000000E-03    3.431010999999999E-03    1.163249000000000E-03    2.397381000000000E-04    2.079240000000000E-04    0.000000000000000E+00    0.000000000000000E+00    0.000000000000000E+00    0.000000000000000E+00    0.000000000000000E+00    1.277688000000000E-04    0.000000000000000E+00    3.659191000000000E-02    1.503262214660000E+42    8.189560913087999E+11    1.864274375916000E+11
                      356    0.000000000000000E+00    0.000000000000000E+00    9.077586410255866E+14    1.023897093875906E+09    1.360285546261847E-12    2.624357256126893E+02    1.884621151202377E+04    1.789066415514459E+04    2.009836889267000E-01    4.331402649943234E+00    0.000000000000000E+00    9.077591635737665E+14    3.354803000000000E-14    0.000000000000000E+00    8.370011000000001E-01    4.053215000000000E-02    1.886284000000000E-03    5.332207000000000E-02    1.772356000000000E-02    9.559861000000002E-05    7.503229000000000E-03    3.431010999999999E-03    1.163249000000000E-03    2.397381000000000E-04    2.079240000000000E-04    0.000000000000000E+00    0.000000000000000E+00    0.000000000000000E+00    0.000000000000000E+00    0.000000000000000E+00    1.277688000000000E-04    0.000000000000000E+00    3.659191000000000E-02    1.503262214660000E+42    8.189560913087999E+11    1.864274375916000E+11
                      357    0.000000000000000E+00    0.000000000000000E+00    9.077596861219466E+14    1.023897093875906E+09    1.360285546261847E-12    2.624357256126893E+02    1.884621151202377E+04    1.789066415514459E+04    2.009836889267000E-01    4.331118249454986E+00    0.000000000000000E+00    9.077602086707269E+14    3.354803000000000E-14    0.000000000000000E+00    8.370011000000001E-01    4.053215000000000E-02    1.886284000000000E-03    5.332207000000000E-02    1.772356000000000E-02    9.559861000000002E-05    7.503229000000000E-03    3.431010999999999E-03    1.163249000000000E-03    2.397381000000000E-04    2.079240000000000E-04    0.000000000000000E+00    0.000000000000000E+00    0.000000000000000E+00    0.000000000000000E+00    0.000000000000000E+00    1.277688000000000E-04    0.000000000000000E+00    3.659191000000000E-02    1.503262214660000E+42    8.189560913087999E+11    1.864274375916000E+11
                      358    0.000000000000000E+00    0.000000000000000E+00    9.077607312195074E+14    1.023897093875906E+09    1.360285546261847E-12    2.624357256126893E+02    1.884621151202377E+04    1.789066415514459E+04    2.009836889267000E-01    4.330833848639930E+00    0.000000000000000E+00    9.077612857777846E+14    3.354803000000000E-14    0.000000000000000E+00    8.370011000000001E-01    4.053215000000000E-02    1.886284000000000E-03    5.332207000000000E-02    1.772356000000000E-02    9.559861000000002E-05    7.503229000000000E-03    3.431010999999999E-03    1.163249000000000E-03    2.397381000000000E-04    2.079240000000000E-04    0.000000000000000E+00    0.000000000000000E+00    0.000000000000000E+00    0.000000000000000E+00    0.000000000000000E+00    1.277688000000000E-04    0.000000000000000E+00    3.659191000000000E-02    1.503262214660000E+42    8.189560913087999E+11    1.864274375916000E+11
                      359    0.000000000000000E+00    0.000000000000000E+00    9.077618403360620E+14    1.023897093875906E+09    1.360285546261847E-12    2.624357256126893E+02    1.884621151202377E+04    1.789066415514459E+04    2.009836889267000E-01    4.330528992627837E+00    0.000000000000000E+00    9.077623628860836E+14    3.354803000000000E-14    0.000000000000000E+00    8.370011000000001E-01    4.053215000000000E-02    1.886284000000000E-03    5.332207000000000E-02    1.772356000000000E-02    9.559861000000002E-05    7.503229000000000E-03    3.431010999999999E-03    1.163249000000000E-03    2.397381000000000E-04    2.079240000000000E-04    0.000000000000000E+00    0.000000000000000E+00    0.000000000000000E+00    0.000000000000000E+00    0.000000000000000E+00    1.277688000000000E-04    0.000000000000000E+00    3.659191000000000E-02    1.503262214660000E+42    8.189560913087999E+11    1.864274375916000E+11
                      360    0.000000000000000E+00    0.000000000000000E+00    9.077628854361054E+14    1.023897093875906E+09    1.360285546261847E-12    2.624357256126893E+02    1.884621151202377E+04    1.789066415514459E+04    2.009836889267000E-01    4.330244591133724E+00    0.000000000000000E+00    9.077634399957038E+14    3.354803000000000E-14    0.000000000000000E+00    8.370011000000001E-01    4.053215000000000E-02    1.886284000000000E-03    5.332207000000000E-02    1.772356000000000E-02    9.559861000000002E-05    7.503229000000000E-03    3.431010999999999E-03    1.163249000000000E-03    2.397381000000000E-04    2.079240000000000E-04    0.000000000000000E+00    0.000000000000000E+00    0.000000000000000E+00    0.000000000000000E+00    0.000000000000000E+00    1.277688000000000E-04    0.000000000000000E+00    3.659191000000000E-02    1.503262214660000E+42    8.189560913087999E+11    1.864274375916000E+11
                      361    0.000000000000000E+00    0.000000000000000E+00    9.077639945553021E+14    1.023897093875906E+09    1.360285546261847E-12    2.624357256126893E+02    1.884621151202377E+04    1.789066415514459E+04    2.009836889267000E-01    4.329939734391425E+00    0.000000000000000E+00    9.077646216168878E+14    3.354803000000000E-14    0.000000000000000E+00    8.370011000000001E-01    4.053215000000000E-02    1.886284000000000E-03    5.332207000000000E-02    1.772356000000000E-02    9.559861000000002E-05    7.503229000000000E-03    3.431010999999999E-03    1.163249000000000E-03    2.397381000000000E-04    2.079240000000000E-04    0.000000000000000E+00    0.000000000000000E+00    0.000000000000000E+00    0.000000000000000E+00    0.000000000000000E+00    1.277688000000000E-04    0.000000000000000E+00    3.659191000000000E-02    1.503262214660000E+42    8.189560913087999E+11    1.864274375916000E+11
                      362    0.000000000000000E+00    0.000000000000000E+00    9.077652486784732E+14    1.023897093875906E+09    1.360285546261847E-12    2.624357256126893E+02    1.884621151202377E+04    1.789066415514459E+04    2.009836889267000E-01    4.329598451745520E+00    0.000000000000000E+00    9.077658032395192E+14    3.354803000000000E-14    0.000000000000000E+00    8.370011000000001E-01    4.053215000000000E-02    1.886284000000000E-03    5.332207000000000E-02    1.772356000000000E-02    9.559861000000002E-05    7.503229000000000E-03    3.431010999999999E-03    1.163249000000000E-03    2.397381000000000E-04    2.079240000000000E-04    0.000000000000000E+00    0.000000000000000E+00    0.000000000000000E+00    0.000000000000000E+00    0.000000000000000E+00    1.277688000000000E-04    0.000000000000000E+00    3.659191000000000E-02    1.503262214660000E+42    8.189560913087999E+11    1.864274375916000E+11
                      363    0.000000000000000E+00    0.000000000000000E+00    9.077663578005654E+14    1.023900454394361E+09    1.360285546261847E-12    2.624357256126893E+02    1.884621151202377E+04    1.789066415514459E+04    2.009836889267000E-01    4.329293594203427E+00    0.000000000000000E+00    9.077669848637834E+14    3.354803000000000E-14    0.000000000000000E+00    8.370011000000001E-01    4.053215000000000E-02    1.886284000000000E-03    5.332207000000000E-02    1.772356000000000E-02    9.559861000000002E-05    7.503229000000000E-03    3.431010999999999E-03    1.163249000000000E-03    2.397381000000000E-04    2.079240000000000E-04    0.000000000000000E+00    0.000000000000000E+00    0.000000000000000E+00    0.000000000000000E+00    0.000000000000000E+00    1.277688000000000E-04    0.000000000000000E+00    3.659191000000000E-02    1.503262214660000E+42    8.189560913087999E+11    1.864274375916000E+11
                      364    0.000000000000000E+00    0.000000000000000E+00    9.077676119270015E+14    1.023903814912817E+09    1.360285546261847E-12    2.624357256126893E+02    1.884621151202377E+04    1.789066415514459E+04    2.009836889267000E-01    4.328952310664845E+00    0.000000000000000E+00    9.077682389910859E+14    3.354803000000000E-14    0.000000000000000E+00    8.370011000000001E-01    4.053215000000000E-02    1.886284000000000E-03    5.332207000000000E-02    1.772356000000000E-02    9.559861000000002E-05    7.503229000000000E-03    3.431010999999999E-03    1.163249000000000E-03    2.397381000000000E-04    2.079240000000000E-04    0.000000000000000E+00    0.000000000000000E+00    0.000000000000000E+00    0.000000000000000E+00    0.000000000000000E+00    1.277688000000000E-04    0.000000000000000E+00    3.659191000000000E-02    1.503262214660000E+42    8.189560913087999E+11    1.864274375916000E+11
                      365    0.000000000000000E+00    0.000000000000000E+00    9.077688660551702E+14    1.023903814912817E+09    1.360285546261847E-12    2.624357256126893E+02    1.884621151202377E+04    1.789066415514459E+04    2.009836889267000E-01    4.328611026654778E+00    0.000000000000000E+00    9.077695251293259E+14    3.354803000000000E-14    0.000000000000000E+00    8.370011000000001E-01    4.053215000000000E-02    1.886284000000000E-03    5.332207000000000E-02    1.772356000000000E-02    9.559861000000002E-05    7.503229000000000E-03    3.431010999999999E-03    1.163249000000000E-03    2.397381000000000E-04    2.079240000000000E-04    0.000000000000000E+00    0.000000000000000E+00    0.000000000000000E+00    0.000000000000000E+00    0.000000000000000E+00    1.277688000000000E-04    0.000000000000000E+00    3.659191000000000E-02    1.503262214660000E+42    8.189560913087999E+11    1.864274375916000E+11
                      366    0.000000000000000E+00    0.000000000000000E+00    9.077701842034814E+14    1.023903814912817E+09    1.360285546261847E-12    2.624357256126893E+02    1.884621151202377E+04    1.789066415514459E+04    2.009836889267000E-01    4.328249287105759E+00    0.000000000000000E+00    9.077708112693426E+14    3.354803000000000E-14    0.000000000000000E+00    8.370011000000001E-01    4.053215000000000E-02    1.886284000000000E-03    5.332207000000000E-02    1.772356000000000E-02    9.559861000000002E-05    7.503229000000000E-03    3.431010999999999E-03    1.163249000000000E-03    2.397381000000000E-04    2.079240000000000E-04    0.000000000000000E+00    0.000000000000000E+00    0.000000000000000E+00    0.000000000000000E+00    0.000000000000000E+00    1.277688000000000E-04    0.000000000000000E+00    3.659191000000000E-02    1.503262214660000E+42    8.189560913087999E+11    1.864274375916000E+11
                      367    0.000000000000000E+00    0.000000000000000E+00    9.077714383352040E+14    1.023903814912817E+09    1.360285546261847E-12    2.624357256126893E+02    1.884621151202377E+04    1.789066415514459E+04    2.009508992958100E-01    4.327908062582775E+00    0.000000000000000E+00    9.077720974112315E+14    3.354803000000000E-14    0.000000000000000E+00    8.370011000000001E-01    4.053215000000000E-02    1.886284000000000E-03    5.332207000000000E-02    1.772356000000000E-02    9.559861000000002E-05    7.503229000000000E-03    3.431010999999999E-03    1.163249000000000E-03    2.397381000000000E-04    2.079240000000000E-04    0.000000000000000E+00    0.000000000000000E+00    0.000000000000000E+00    0.000000000000000E+00    0.000000000000000E+00    1.277688000000000E-04    0.000000000000000E+00    3.659191000000000E-02    1.503262214660000E+42    8.189560913087999E+11    1.864274375916000E+11
                      368    0.000000000000000E+00    0.000000000000000E+00    9.077727564872590E+14    1.023903814912817E+09    1.360285546261847E-12    2.624357256126893E+02    1.884621151202377E+04    1.789066415514459E+04    2.009508992958100E-01    4.327546392536436E+00    0.000000000000000E+00    9.077734155642481E+14    3.354803000000000E-14    0.000000000000000E+00    8.370011000000001E-01    4.053215000000000E-02    1.886284000000000E-03    5.332207000000000E-02    1.772356000000000E-02    9.559861000000002E-05    7.503229000000000E-03    3.431010999999999E-03    1.163249000000000E-03    2.397381000000000E-04    2.079240000000000E-04    0.000000000000000E+00    0.000000000000000E+00    0.000000000000000E+00    0.000000000000000E+00    0.000000000000000E+00    1.277688000000000E-04    0.000000000000000E+00    3.659191000000000E-02    1.503262214660000E+42    8.189560913087999E+11    1.864274375916000E+11
                      369    0.000000000000000E+00    0.000000000000000E+00    9.077740746412372E+14    1.023903814912817E+09    1.360285546261847E-12    2.624357256126893E+02    1.884621151202377E+04    1.789066415514459E+04    2.009508992958100E-01    4.327184721957821E+00    0.000000000000000E+00    9.077748062212942E+14    3.354803000000000E-14    0.000000000000000E+00    8.370011000000001E-01    4.053215000000000E-02    1.886284000000000E-03    5.332207000000000E-02    1.772356000000000E-02    9.559861000000002E-05    7.503229000000000E-03    3.431010999999999E-03    1.163249000000000E-03    2.397381000000000E-04    2.079240000000000E-04    0.000000000000000E+00    0.000000000000000E+00    0.000000000000000E+00    0.000000000000000E+00    0.000000000000000E+00    1.277688000000000E-04    0.000000000000000E+00    3.659191000000000E-02    1.503262214660000E+42    8.189560913087999E+11    1.864274375916000E+11
                      370    0.000000000000000E+00    0.000000000000000E+00    9.077755378013514E+14    1.023903814912817E+09    1.360285546261847E-12    2.624357256126893E+02    1.884621151202377E+04    1.789066415514459E+04    2.009508992958100E-01    4.326786624919650E+00    0.000000000000000E+00    9.077761968803655E+14    3.354803000000000E-14    0.000000000000000E+00    8.370011000000001E-01    4.053215000000000E-02    1.886284000000000E-03    5.332207000000000E-02    1.772356000000000E-02    9.559861000000002E-05    7.503229000000000E-03    3.431010999999999E-03    1.163249000000000E-03    2.397381000000000E-04    2.079240000000000E-04    0.000000000000000E+00    0.000000000000000E+00    0.000000000000000E+00    0.000000000000000E+00    0.000000000000000E+00    1.277688000000000E-04    0.000000000000000E+00    3.659191000000000E-02    1.503262214660000E+42    8.192839876177000E+11    1.864274375916000E+11
                      371    0.000000000000000E+00    0.000000000000000E+00    9.077768559593795E+14    1.023907175431273E+09    1.360285546261847E-12    2.624357256126893E+02    1.886139782382754E+04    1.789066415514459E+04    2.009508992958100E-01    4.326424953225125E+00    0.000000000000000E+00    9.077775875416794E+14    3.354803000000000E-14    0.000000000000000E+00    8.370011000000001E-01    4.053215000000000E-02    1.886284000000000E-03    5.332207000000000E-02    1.772356000000000E-02    9.559861000000002E-05    7.503229000000000E-03    3.431010999999999E-03    1.163249000000000E-03    2.397381000000000E-04    2.079240000000000E-04    0.000000000000000E+00    0.000000000000000E+00    0.000000000000000E+00    0.000000000000000E+00    0.000000000000000E+00    1.277688000000000E-04    0.000000000000000E+00    3.659191000000000E-02    1.503262214660000E+42    8.192839876177000E+11    1.867553339005000E+11
                      372    0.000000000000000E+00    0.000000000000000E+00    9.077783191239792E+14    1.023910535949728E+09    1.360285546261847E-12    2.624357256126893E+02    1.886139782382754E+04    1.789066415514459E+04    2.009508992958100E-01    4.326026854961707E+00    0.000000000000000E+00    9.077790507074575E+14    3.354803000000000E-14    0.000000000000000E+00    8.370011000000001E-01    4.053215000000000E-02    1.886284000000000E-03    5.332207000000000E-02    1.772356000000000E-02    9.559861000000002E-05    7.503229000000000E-03    3.431010999999999E-03    1.163249000000000E-03    2.397381000000000E-04    2.079240000000000E-04    0.000000000000000E+00    0.000000000000000E+00    0.000000000000000E+00    0.000000000000000E+00    0.000000000000000E+00    1.277688000000000E-04    0.000000000000000E+00    3.659191000000000E-02    1.503262214660000E+42    8.192839876177000E+11    1.867553339005000E+11
                      373    0.000000000000000E+00    0.000000000000000E+00    9.077797822909359E+14    1.023910535949728E+09    1.360285546261847E-12    2.624357256126893E+02    1.886139782382754E+04    1.789066415514459E+04    2.009508992958100E-01    4.325628756056909E+00    0.000000000000000E+00    9.077805458852091E+14    3.354803000000000E-14    0.000000000000000E+00    8.370011000000001E-01    4.053215000000000E-02    1.886284000000000E-03    5.332207000000000E-02    1.772356000000000E-02    9.559861000000002E-05    7.503229000000000E-03    3.431010999999999E-03    1.163249000000000E-03    2.397381000000000E-04    2.079240000000000E-04    0.000000000000000E+00    0.000000000000000E+00    0.000000000000000E+00    0.000000000000000E+00    0.000000000000000E+00    1.277688000000000E-04    0.000000000000000E+00    3.659191000000000E-02    1.503262214660000E+42    8.192839876177000E+11    1.867553339005000E+11
                      374    0.000000000000000E+00    0.000000000000000E+00    9.077813094794822E+14    1.023910535949728E+09    1.360285546261847E-12    2.624357256126893E+02    1.886139782382754E+04    1.789066415514459E+04    2.009508992958100E-01    4.325210211256781E+00    0.000000000000000E+00    9.077820730750471E+14    3.354803000000000E-14    0.000000000000000E+00    8.370011000000001E-01    4.053215000000000E-02    1.886284000000000E-03    5.332207000000000E-02    1.772356000000000E-02    9.559861000000002E-05    7.503229000000000E-03    3.431010999999999E-03    1.163249000000000E-03    2.397381000000000E-04    2.079240000000000E-04    0.000000000000000E+00    0.000000000000000E+00    0.000000000000000E+00    0.000000000000000E+00    0.000000000000000E+00    1.277688000000000E-04    0.000000000000000E+00    3.659191000000000E-02    1.503262214660000E+42    8.199560913088000E+11    1.867553339005000E+11
                      375    0.000000000000000E+00    0.000000000000000E+00    9.077828366706120E+14    1.023910535949728E+09    1.360285546261847E-12    2.624357256126893E+02    1.886139782382754E+04    1.789066415514459E+04    2.009508992958100E-01    4.324791665743366E+00    0.000000000000000E+00    9.077836727702721E+14    3.354803000000000E-14    0.000000000000000E+00    8.370011000000001E-01    4.053215000000000E-02    1.886284000000000E-03    5.332207000000000E-02    1.772356000000000E-02    9.559861000000002E-05    7.503229000000000E-03    3.431010999999999E-03    1.163249000000000E-03    2.397381000000000E-04    2.079240000000000E-04    0.000000000000000E+00    0.000000000000000E+00    0.000000000000000E+00    0.000000000000000E+00    0.000000000000000E+00    1.277688000000000E-04    0.000000000000000E+00    3.659191000000000E-02    1.503262214660000E+42    8.199560913088000E+11    1.867553339005000E+11
                      376    0.000000000000000E+00    0.000000000000000E+00    9.077845088699324E+14    1.023912175431273E+09    1.361475286944984E-12    2.624357256126893E+02    1.886139782382754E+04    1.789066415514459E+04    2.009508992958100E-01    4.324336316188606E+00    0.000000000000000E+00    9.077852724681935E+14    3.354803000000000E-14    0.000000000000000E+00    8.370011000000001E-01    4.053215000000000E-02    1.886284000000000E-03    5.332207000000000E-02    1.772356000000000E-02    9.559861000000002E-05    7.503229000000000E-03    3.431010999999999E-03    1.163249000000000E-03    2.397381000000000E-04    2.079240000000000E-04    0.000000000000000E+00    0.000000000000000E+00    0.000000000000000E+00    0.000000000000000E+00    0.000000000000000E+00    1.277688000000000E-04    0.000000000000000E+00    3.659191000000000E-02    1.503262214660000E+42    8.199560913088000E+11    1.867553339005000E+11
                      377    0.000000000000000E+00    0.000000000000000E+00    9.077860360664546E+14    1.023913814912817E+09    1.361475286944984E-12    2.624357256126893E+02    1.886139782382754E+04    1.789066415514459E+04    2.009508992958100E-01    4.323917392140708E+00    0.000000000000000E+00    9.077868721690622E+14    3.354803000000000E-14    0.000000000000000E+00    8.370011000000001E-01    4.053215000000000E-02    1.886284000000000E-03    5.332207000000000E-02    1.772356000000000E-02    9.559861000000002E-05    7.503229000000000E-03    3.431010999999999E-03    1.163249000000000E-03    2.397381000000000E-04    2.079240000000000E-04    0.000000000000000E+00    0.000000000000000E+00    0.000000000000000E+00    0.000000000000000E+00    0.000000000000000E+00    1.277688000000000E-04    0.000000000000000E+00    3.659191000000000E-02    1.503262214660000E+42    8.199560913088000E+11    1.867553339005000E+11
                      378    0.000000000000000E+00    0.000000000000000E+00    9.077877082716700E+14    1.023917175431273E+09    1.361475286944984E-12    2.624357256126893E+02    1.886139782382754E+04    1.789066415514459E+04    2.009508992958100E-01    4.323462040975199E+00    0.000000000000000E+00    9.077885443758171E+14    3.354803000000000E-14    0.000000000000000E+00    8.370011000000001E-01    4.053215000000000E-02    1.886284000000000E-03    5.332207000000000E-02    1.772356000000000E-02    9.559861000000002E-05    7.503229000000000E-03    3.431010999999999E-03    1.163249000000000E-03    2.397381000000000E-04    2.079240000000000E-04    0.000000000000000E+00    0.000000000000000E+00    0.000000000000000E+00    0.000000000000000E+00    0.000000000000000E+00    1.277688000000000E-04    0.000000000000000E+00    3.659191000000000E-02    1.503262214660000E+42    8.199560913088000E+11    1.867553339005000E+11
                      379    0.000000000000000E+00    0.000000000000000E+00    9.077893804799644E+14    1.023920535949728E+09    1.361475286944984E-12    2.624357256126893E+02    1.886139782382754E+04    1.789066415514459E+04    2.009508992958100E-01    4.323006688971161E+00    0.000000000000000E+00    9.077902485956304E+14    3.354803000000000E-14    0.000000000000000E+00    8.370011000000001E-01    4.053215000000000E-02    1.886284000000000E-03    5.332207000000000E-02    1.772356000000000E-02    9.559861000000002E-05    7.503229000000000E-03    3.431010999999999E-03    1.163249000000000E-03    2.397381000000000E-04    2.079240000000000E-04    0.000000000000000E+00    0.000000000000000E+00    0.000000000000000E+00    0.000000000000000E+00    0.000000000000000E+00    1.277688000000000E-04    0.000000000000000E+00    3.659191000000000E-02    1.503262214660000E+42    8.199560913088000E+11    1.867553339005000E+11
                      380    0.000000000000000E+00    0.000000000000000E+00    9.077911167112965E+14    1.023920535949728E+09    1.361475286944984E-12    2.624357256126893E+02    1.886139782382754E+04    1.789066415514459E+04    2.009508992958100E-01    4.322530843511290E+00    0.000000000000000E+00    9.077919848286280E+14    3.354803000000000E-14    0.000000000000000E+00    8.370011000000001E-01    4.053215000000000E-02    1.886284000000000E-03    5.332207000000000E-02    1.772356000000000E-02    9.559861000000002E-05    7.503229000000000E-03    3.431010999999999E-03    1.163249000000000E-03    2.397381000000000E-04    2.079240000000000E-04    0.000000000000000E+00    0.000000000000000E+00    0.000000000000000E+00    0.000000000000000E+00    0.000000000000000E+00    1.277688000000000E-04    0.000000000000000E+00    3.659191000000000E-02    1.503262214660000E+42    8.199560913088000E+11    1.867553339005000E+11
                      381    0.000000000000000E+00    0.000000000000000E+00    9.077928529459595E+14    1.023920535949728E+09    1.361475286944984E-12    2.624357256126893E+02    1.886139782382754E+04    1.789066415514459E+04    2.009508992958100E-01    4.322054997132383E+00    0.000000000000000E+00    9.077937210649565E+14    3.354803000000000E-14    0.000000000000000E+00    8.370011000000001E-01    4.053215000000000E-02    1.886284000000000E-03    5.332207000000000E-02    1.772356000000000E-02    9.559861000000002E-05    7.503229000000000E-03    3.431010999999999E-03    1.163249000000000E-03    2.397381000000000E-04    2.079240000000000E-04    0.000000000000000E+00    0.000000000000000E+00    0.000000000000000E+00    0.000000000000000E+00    0.000000000000000E+00    1.277688000000000E-04    0.000000000000000E+00    3.659191000000000E-02    1.503262214660000E+42    8.199560913088000E+11    1.867553339005000E+11
                      382    0.000000000000000E+00    0.000000000000000E+00    9.077945891839534E+14    1.023920535949728E+09    1.361475286944984E-12    2.624357256126893E+02    1.886139782382754E+04    1.789066415514459E+04    2.009508992958100E-01    4.321579149834486E+00    0.000000000000000E+00    9.077955298083578E+14    3.354803000000000E-14    0.000000000000000E+00    8.370011000000001E-01    4.053215000000000E-02    1.886284000000000E-03    5.332207000000000E-02    1.772356000000000E-02    9.559861000000002E-05    7.503229000000000E-03    3.431010999999999E-03    1.163249000000000E-03    2.397381000000000E-04    2.079240000000000E-04    0.000000000000000E+00    0.000000000000000E+00    0.000000000000000E+00    0.000000000000000E+00    0.000000000000000E+00    1.277688000000000E-04    0.000000000000000E+00    3.659191000000000E-02    1.503262214660000E+42    8.202839876177000E+11    1.867553339005000E+11
                      383    0.000000000000000E+00    0.000000000000000E+00    9.077964704327620E+14    1.023920535949728E+09    1.361475286944984E-12    2.624357256126893E+02    1.886139782382754E+04    1.789066415514459E+04    2.009508992958100E-01    4.321066874868674E+00    0.000000000000000E+00    9.077973385552224E+14    3.354803000000000E-14    0.000000000000000E+00    8.370011000000001E-01    4.053215000000000E-02    1.886284000000000E-03    5.332207000000000E-02    1.772356000000000E-02    9.559861000000002E-05    7.503229000000000E-03    3.431010999999999E-03    1.163249000000000E-03    2.397381000000000E-04    2.079240000000000E-04    0.000000000000000E+00    0.000000000000000E+00    0.000000000000000E+00    0.000000000000000E+00    0.000000000000000E+00    1.277688000000000E-04    0.000000000000000E+00    3.659191000000000E-02    1.503262214660000E+42    8.202839876177000E+11    1.867553339005000E+11
                      384    0.000000000000000E+00    0.000000000000000E+00    9.077982066776825E+14    1.023923896468184E+09    1.361475286944984E-12    2.624357256126893E+02    1.886139782382754E+04    1.789066415514459E+04    2.009508992958100E-01    4.320591025666282E+00    0.000000000000000E+00    9.077991793161522E+14    3.354803000000000E-14    0.000000000000000E+00    8.370011000000001E-01    4.053215000000000E-02    1.886284000000000E-03    5.332207000000000E-02    1.772356000000000E-02    9.559861000000002E-05    7.503229000000000E-03    3.431010999999999E-03    1.163249000000000E-03    2.397381000000000E-04    2.079240000000000E-04    0.000000000000000E+00    0.000000000000000E+00    0.000000000000000E+00    0.000000000000000E+00    0.000000000000000E+00    1.277688000000000E-04    0.000000000000000E+00    3.659191000000000E-02    1.503262214660000E+42    8.202839876177000E+11    1.867553339005000E+11
                      385    0.000000000000000E+00    0.000000000000000E+00    9.078001519546220E+14    1.023927256986639E+09    1.361475286944984E-12    2.624357256126893E+02    1.886139782382754E+04    1.789066415514459E+04    2.009508992958100E-01    4.320058255818901E+00    0.000000000000000E+00    9.078011245951805E+14    3.354803000000000E-14    0.000000000000000E+00    8.370011000000001E-01    4.053215000000000E-02    1.886284000000000E-03    5.332207000000000E-02    1.772356000000000E-02    9.559861000000002E-05    7.503229000000000E-03    3.431010999999999E-03    1.163249000000000E-03    2.397381000000000E-04    2.079240000000000E-04    0.000000000000000E+00    0.000000000000000E+00    0.000000000000000E+00    0.000000000000000E+00    0.000000000000000E+00    1.277688000000000E-04    0.000000000000000E+00    3.659191000000000E-02    1.503262214660000E+42    8.202839876177000E+11    1.867553339005000E+11
                      386    0.000000000000000E+00    0.000000000000000E+00    9.078020972357390E+14    1.023927256986639E+09    1.361475286944984E-12    2.624357256126893E+02    1.886139782382754E+04    1.789066415514459E+04    2.008836889267000E-01    4.319525648741822E+00    0.000000000000000E+00    9.078031423827316E+14    3.354803000000000E-14    0.000000000000000E+00    8.370011000000001E-01    4.053215000000000E-02    1.886284000000000E-03    5.332207000000000E-02    1.772356000000000E-02    9.559861000000002E-05    7.503229000000000E-03    3.431010999999999E-03    1.163249000000000E-03    2.397381000000000E-04    2.079240000000000E-04    0.000000000000000E+00    0.000000000000000E+00    0.000000000000000E+00    0.000000000000000E+00    0.000000000000000E+00    1.277688000000000E-04    0.000000000000000E+00    3.659191000000000E-02    1.503262214660000E+42    8.202839876177000E+11    1.867553339005000E+11
                      387    0.000000000000000E+00    0.000000000000000E+00    9.078041875297242E+14    1.023927256986639E+09    1.361475286944984E-12    2.624357256126893E+02    1.886139782382754E+04    1.789066415514459E+04    2.008836889267000E-01    4.318956631675454E+00    0.000000000000000E+00    9.078051601746116E+14    3.354803000000000E-14    0.000000000000000E+00    8.370011000000001E-01    4.053215000000000E-02    1.886284000000000E-03    5.332207000000000E-02    1.772356000000000E-02    9.559861000000002E-05    7.503229000000000E-03    3.431010999999999E-03    1.163249000000000E-03    2.397381000000000E-04    2.079240000000000E-04    0.000000000000000E+00    0.000000000000000E+00    0.000000000000000E+00    0.000000000000000E+00    0.000000000000000E+00    1.277688000000000E-04    0.000000000000000E+00    3.659191000000000E-02    1.503262214660000E+42    8.202839876177000E+11    1.867553339005000E+11
                      388    0.000000000000000E+00    0.000000000000000E+00    9.078061328194991E+14    1.023927256986639E+09    1.363421328299906E-12    2.624357256126893E+02    1.886139782382754E+04    1.789066415514459E+04    2.008836889267000E-01    4.318423266840851E+00    0.000000000000000E+00    9.078071779711365E+14    3.354803000000000E-14    0.000000000000000E+00    8.370011000000001E-01    4.053215000000000E-02    1.886284000000000E-03    5.332207000000000E-02    1.772356000000000E-02    9.559861000000002E-05    7.503229000000000E-03    3.431010999999999E-03    1.163249000000000E-03    2.397381000000000E-04    2.079240000000000E-04    0.000000000000000E+00    0.000000000000000E+00    0.000000000000000E+00    0.000000000000000E+00    0.000000000000000E+00    1.277688000000000E-04    0.000000000000000E+00    3.659191000000000E-02    1.503262214660000E+42    8.202839876177000E+11    1.867553339005000E+11
                      389    0.000000000000000E+00    0.000000000000000E+00    9.078082231227740E+14    1.023930617505095E+09    1.363421328299906E-12    2.624357256126893E+02    1.886139782382754E+04    1.789066415514459E+04    2.008836889267000E-01    4.317853407925384E+00    0.000000000000000E+00    9.078093002875110E+14    3.354803000000000E-14    0.000000000000000E+00    8.370011000000001E-01    4.053215000000000E-02    1.886284000000000E-03    5.332207000000000E-02    1.772356000000000E-02    9.559861000000002E-05    7.503229000000000E-03    3.431010999999999E-03    1.163249000000000E-03    2.397381000000000E-04    2.079240000000000E-04    0.000000000000000E+00    0.000000000000000E+00    0.000000000000000E+00    0.000000000000000E+00    0.000000000000000E+00    1.277688000000000E-04    0.000000000000000E+00    3.659191000000000E-02    1.503262214660000E+42    8.202839876177000E+11    1.867553339005000E+11
                      390    0.000000000000000E+00    0.000000000000000E+00    9.078103774522482E+14    1.023933978023550E+09    1.363421328299906E-12    2.624357256126893E+02    1.886139782382754E+04    1.789066415514459E+04    2.008836889267000E-01    4.317263054623328E+00    0.000000000000000E+00    9.078114546195459E+14    3.354803000000000E-14    0.000000000000000E+00    8.370011000000001E-01    4.053215000000000E-02    1.886284000000000E-03    5.332207000000000E-02    1.772356000000000E-02    9.559861000000002E-05    7.503229000000000E-03    3.431010999999999E-03    1.163249000000000E-03    2.397381000000000E-04    2.079240000000000E-04    0.000000000000000E+00    0.000000000000000E+00    0.000000000000000E+00    0.000000000000000E+00    0.000000000000000E+00    1.277688000000000E-04    0.000000000000000E+00    3.659191000000000E-02    1.503262214660000E+42    8.202839876177000E+11    1.867553339005000E+11
                      391    0.000000000000000E+00    0.000000000000000E+00    9.078125317868438E+14    1.023933978023550E+09    1.363421328299906E-12    2.624357256126893E+02    1.886139782382754E+04    1.789066415514459E+04    2.008836889267000E-01    4.316672699910304E+00    0.000000000000000E+00    9.078136089567040E+14    3.354803000000000E-14    0.000000000000000E+00    8.370011000000001E-01    4.053215000000000E-02    1.886284000000000E-03    5.332207000000000E-02    1.772356000000000E-02    9.559861000000002E-05    7.503229000000000E-03    3.431010999999999E-03    1.163249000000000E-03    2.397381000000000E-04    2.079240000000000E-04    0.000000000000000E+00    0.000000000000000E+00    0.000000000000000E+00    0.000000000000000E+00    0.000000000000000E+00    1.277688000000000E-04    0.000000000000000E+00    3.659191000000000E-02    1.503262214660000E+42    8.212839876177000E+11    1.867553339005000E+11
                      392    0.000000000000000E+00    0.000000000000000E+00    9.078146861265644E+14    1.023933978023550E+09    1.363421328299906E-12    2.624357256126893E+02    1.886139782382754E+04    1.789066415514459E+04    2.008508992958100E-01    4.316082454886772E+00    0.000000000000000E+00    9.078158358043295E+14    3.354803000000000E-14    0.000000000000000E+00    8.370011000000001E-01    4.053215000000000E-02    1.886284000000000E-03    5.332207000000000E-02    1.772356000000000E-02    9.559861000000002E-05    7.503229000000000E-03    3.431010999999999E-03    1.163249000000000E-03    2.397381000000000E-04    2.079240000000000E-04    0.000000000000000E+00    0.000000000000000E+00    0.000000000000000E+00    0.000000000000000E+00    0.000000000000000E+00    1.277688000000000E-04    0.000000000000000E+00    3.659191000000000E-02    1.503262214660000E+42    8.212839876177000E+11    1.867553339005000E+11
                      393    0.000000000000000E+00    0.000000000000000E+00    9.078169854820945E+14    1.023933978023550E+09    1.363421328299906E-12    2.624357256126893E+02    1.886139782382754E+04    1.789066415514459E+04    2.008508992958100E-01    4.315455715180360E+00    0.000000000000000E+00    9.078180946682686E+14    3.354803000000000E-14    0.000000000000000E+00    8.370011000000001E-01    4.053215000000000E-02    1.886284000000000E-03    5.332207000000000E-02    1.772356000000000E-02    9.559861000000002E-05    7.503229000000000E-03    3.431010999999999E-03    1.163249000000000E-03    2.397381000000000E-04    2.079240000000000E-04    0.000000000000000E+00    0.000000000000000E+00    0.000000000000000E+00    0.000000000000000E+00    0.000000000000000E+00    1.277688000000000E-04    0.000000000000000E+00    3.659191000000000E-02    1.503262214660000E+42    8.212839876177000E+11    1.867553339005000E+11
                      394    0.000000000000000E+00    0.000000000000000E+00    9.078192038544428E+14    1.023937338542006E+09    1.363421328299906E-12    2.624357256126893E+02    1.886139782382754E+04    1.789066415514459E+04    2.008508992958100E-01    4.314844984064579E+00    0.000000000000000E+00    9.078203535379305E+14    3.354803000000000E-14    0.000000000000000E+00    8.370011000000001E-01    4.053215000000000E-02    1.886284000000000E-03    5.332207000000000E-02    1.772356000000000E-02    9.559861000000002E-05    7.503229000000000E-03    3.431010999999999E-03    1.163249000000000E-03    2.397381000000000E-04    2.079240000000000E-04    0.000000000000000E+00    0.000000000000000E+00    0.000000000000000E+00    0.000000000000000E+00    0.000000000000000E+00    1.277688000000000E-04    0.000000000000000E+00    3.659191000000000E-02    1.503262214660000E+42    8.212839876177000E+11    1.867553339005000E+11
                      395    0.000000000000000E+00    0.000000000000000E+00    9.078215032214182E+14    1.023940699060461E+09    1.363421328299906E-12    2.624357256126893E+02    1.886139782382754E+04    1.789066415514459E+04    2.008508992958100E-01    4.314218241223185E+00    0.000000000000000E+00    9.078227894361080E+14    3.354803000000000E-14    0.000000000000000E+00    8.370011000000001E-01    4.053215000000000E-02    1.886284000000000E-03    5.332207000000000E-02    1.772356000000000E-02    9.559861000000002E-05    7.503229000000000E-03    3.431010999999999E-03    1.163249000000000E-03    2.397381000000000E-04    2.079240000000000E-04    0.000000000000000E+00    0.000000000000000E+00    0.000000000000000E+00    0.000000000000000E+00    0.000000000000000E+00    1.277688000000000E-04    0.000000000000000E+00    3.659191000000000E-02    1.503262214660000E+42    8.212839876177000E+11    1.867553339005000E+11
                      396    0.000000000000000E+00    0.000000000000000E+00    9.078240756507978E+14    1.023940699060461E+09    1.363421328299906E-12    2.624357256126893E+02    1.886139782382754E+04    1.789066415514459E+04    2.008508992958100E-01    4.313514036650288E+00    0.000000000000000E+00    9.078252573517435E+14    3.354803000000000E-14    0.000000000000000E+00    8.370011000000001E-01    4.053215000000000E-02    1.886284000000000E-03    5.332207000000000E-02    1.772356000000000E-02    9.559861000000002E-05    7.503229000000000E-03    3.431010999999999E-03    1.163249000000000E-03    2.397381000000000E-04    2.079240000000000E-04    0.000000000000000E+00    0.000000000000000E+00    0.000000000000000E+00    0.000000000000000E+00    0.000000000000000E+00    1.277688000000000E-04    0.000000000000000E+00    3.659191000000000E-02    1.503262214660000E+42    8.212839876177000E+11    1.867553339005000E+11
                      397    0.000000000000000E+00    0.000000000000000E+00    9.078264390526890E+14    1.023940699060461E+09    1.364613811618567E-12    2.624357256126893E+02    1.886139782382754E+04    1.789066415514459E+04    2.008508992958100E-01    4.312866240454968E+00    0.000000000000000E+00    9.078276932629982E+14    3.354803000000000E-14    0.000000000000000E+00    8.370011000000001E-01    4.053215000000000E-02    1.886284000000000E-03    5.332207000000000E-02    1.772356000000000E-02    9.559861000000002E-05    7.503229000000000E-03    3.431010999999999E-03    1.163249000000000E-03    2.397381000000000E-04    2.079240000000000E-04    0.000000000000000E+00    0.000000000000000E+00    0.000000000000000E+00    0.000000000000000E+00    0.000000000000000E+00    1.277688000000000E-04    0.000000000000000E+00    3.659191000000000E-02    1.503262214660000E+42    8.212839876177000E+11    1.867553339005000E+11
                      398    0.000000000000000E+00    0.000000000000000E+00    9.078289474733074E+14    1.023944059578917E+09    1.364613811618567E-12    2.624357256126893E+02    1.886139782382754E+04    1.789066415514459E+04    2.008508992958100E-01    4.312181948817736E+00    0.000000000000000E+00    9.078302336985551E+14    3.354803000000000E-14    0.000000000000000E+00    8.370011000000001E-01    4.053215000000000E-02    1.886284000000000E-03    5.332207000000000E-02    1.772356000000000E-02    9.559861000000002E-05    7.503229000000000E-03    3.431010999999999E-03    1.163249000000000E-03    2.397381000000000E-04    2.079240000000000E-04    0.000000000000000E+00    0.000000000000000E+00    0.000000000000000E+00    0.000000000000000E+00    0.000000000000000E+00    1.277688000000000E-04    0.000000000000000E+00    3.659191000000000E-02    1.503262214660000E+42    8.212839876177000E+11    1.867553339005000E+11
                      399    0.000000000000000E+00    0.000000000000000E+00    9.078315199238028E+14    1.023947420097372E+09    1.364613811618567E-12    2.624357256126893E+02    1.886139782382754E+04    1.789066415514459E+04    2.008508992958100E-01    4.311477124596760E+00    0.000000000000000E+00    9.078328061526998E+14    3.354803000000000E-14    0.000000000000000E+00    8.370011000000001E-01    4.053215000000000E-02    1.886284000000000E-03    5.332207000000000E-02    1.772356000000000E-02    9.559861000000002E-05    7.503229000000000E-03    3.431010999999999E-03    1.163249000000000E-03    2.397381000000000E-04    2.079240000000000E-04    0.000000000000000E+00    0.000000000000000E+00    0.000000000000000E+00    0.000000000000000E+00    0.000000000000000E+00    1.277688000000000E-04    0.000000000000000E+00    3.659191000000000E-02    1.503262214660000E+42    8.216118839266000E+11    1.867553339005000E+11
                      400    0.000000000000000E+00    0.000000000000000E+00    9.078340923815966E+14    1.023947420097372E+09    1.364613811618567E-12    2.624357256126893E+02    1.886139782382754E+04    1.789066415514459E+04    2.008508992958100E-01    4.310772298367175E+00    0.000000000000000E+00    9.078354106258168E+14    3.354803000000000E-14    0.000000000000000E+00    8.370011000000001E-01    4.053215000000000E-02    1.886284000000000E-03    5.332207000000000E-02    1.772356000000000E-02    9.559861000000002E-05    7.503229000000000E-03    3.431010999999999E-03    1.163249000000000E-03    2.397381000000000E-04    2.079240000000000E-04    0.000000000000000E+00    0.000000000000000E+00    0.000000000000000E+00    0.000000000000000E+00    0.000000000000000E+00    1.277688000000000E-04    0.000000000000000E+00    3.659191000000000E-02    1.503262214660000E+42    8.216118839266000E+11    1.867553339005000E+11
                      401    0.000000000000000E+00    0.000000000000000E+00    9.078367288700368E+14    1.023947420097372E+09    1.364613811618567E-12    2.624357256126893E+02    1.886139782382754E+04    1.789066415514459E+04    2.008508992958100E-01    4.310046939307356E+00    0.000000000000000E+00    9.078381196252032E+14    3.354803000000000E-14    0.000000000000000E+00    8.370011000000001E-01    4.053215000000000E-02    1.886284000000000E-03    5.332207000000000E-02    1.772356000000000E-02    9.559861000000002E-05    7.503229000000000E-03    3.431010999999999E-03    1.163249000000000E-03    2.397381000000000E-04    2.079240000000000E-04    0.000000000000000E+00    0.000000000000000E+00    0.000000000000000E+00    0.000000000000000E+00    0.000000000000000E+00    1.277688000000000E-04    0.000000000000000E+00    3.659191000000000E-02    1.503262214660000E+42    8.216118839266000E+11    1.867553339005000E+11
                      402    0.000000000000000E+00    0.000000000000000E+00    9.078395103803696E+14    1.023950780615828E+09    1.364613811618567E-12    2.624357256126893E+02    1.886139782382754E+04    1.789066415514459E+04    2.008508992958100E-01    4.309285083956068E+00    0.000000000000000E+00    9.078409011398032E+14    3.354803000000000E-14    0.000000000000000E+00    8.370011000000001E-01    4.053215000000000E-02    1.886284000000000E-03    5.332207000000000E-02    1.772356000000000E-02    9.559861000000002E-05    7.503229000000000E-03    3.431010999999999E-03    1.163249000000000E-03    2.397381000000000E-04    2.079240000000000E-04    0.000000000000000E+00    0.000000000000000E+00    0.000000000000000E+00    0.000000000000000E+00    0.000000000000000E+00    1.277688000000000E-04    0.000000000000000E+00    3.659191000000000E-02    1.503262214660000E+42    8.216118839266000E+11    1.867553339005000E+11
                      403    0.000000000000000E+00    0.000000000000000E+00    9.078422918992365E+14    1.023954141134283E+09    1.364613811618567E-12    2.624357256126893E+02    1.886139782382754E+04    1.789066415514459E+04    2.008508992958100E-01    4.308523226257778E+00    0.000000000000000E+00    9.078437551704852E+14    3.354803000000000E-14    0.000000000000000E+00    8.370011000000001E-01    4.053215000000000E-02    1.886284000000000E-03    5.332207000000000E-02    1.772356000000000E-02    9.559861000000002E-05    7.503229000000000E-03    3.431010999999999E-03    1.163249000000000E-03    2.397381000000000E-04    2.079240000000000E-04    0.000000000000000E+00    0.000000000000000E+00    0.000000000000000E+00    0.000000000000000E+00    0.000000000000000E+00    1.277688000000000E-04    0.000000000000000E+00    3.659191000000000E-02    1.503262214660000E+42    8.216118839266000E+11    1.867553339005000E+11
                      404    0.000000000000000E+00    0.000000000000000E+00    9.078452184417338E+14    1.023954141134283E+09    1.364613811618567E-12    2.624357256126893E+02    1.886139782382754E+04    1.789066415514459E+04    2.008508992958100E-01    4.307724871830688E+00    0.000000000000000E+00    9.078466412220089E+14    3.354803000000000E-14    0.000000000000000E+00    8.370011000000001E-01    4.053215000000000E-02    1.886284000000000E-03    5.332207000000000E-02    1.772356000000000E-02    9.559861000000002E-05    7.503229000000000E-03    3.431010999999999E-03    1.163249000000000E-03    2.397381000000000E-04    2.079240000000000E-04    0.000000000000000E+00    0.000000000000000E+00    0.000000000000000E+00    0.000000000000000E+00    0.000000000000000E+00    1.277688000000000E-04    0.000000000000000E+00    3.659191000000000E-02    1.503262214660000E+42    8.222839876177000E+11    1.867553339005000E+11
                      405    0.000000000000000E+00    0.000000000000000E+00    9.078480640022840E+14    1.023954141134283E+09    1.364613811618567E-12    2.624357256126893E+02    1.886139782382754E+04    1.789066415514459E+04    2.008508992958100E-01    4.306942478239694E+00    0.000000000000000E+00    9.078495272828360E+14    3.354803000000000E-14    0.000000000000000E+00    8.370011000000001E-01    4.053215000000000E-02    1.886284000000000E-03    5.332207000000000E-02    1.772356000000000E-02    9.559861000000002E-05    7.503229000000000E-03    3.431010999999999E-03    1.163249000000000E-03    2.397381000000000E-04    2.079240000000000E-04    0.000000000000000E+00    0.000000000000000E+00    0.000000000000000E+00    0.000000000000000E+00    0.000000000000000E+00    1.277688000000000E-04    0.000000000000000E+00    3.659191000000000E-02    1.503262214660000E+42    8.222839876177000E+11    1.867553339005000E+11
                      406    0.000000000000000E+00    0.000000000000000E+00    9.078509905633882E+14    1.023957501652739E+09    1.364613811618567E-12    2.624357256126893E+02    1.886139782382754E+04    1.789066415514459E+04    2.008508992958100E-01    4.306144118716859E+00    0.000000000000000E+00    9.078525178732786E+14    3.354803000000000E-14    0.000000000000000E+00    8.370011000000001E-01    4.053215000000000E-02    1.886284000000000E-03    5.332207000000000E-02    1.772356000000000E-02    9.559861000000002E-05    7.503229000000000E-03    3.431010999999999E-03    1.163249000000000E-03    2.397381000000000E-04    2.079240000000000E-04    0.000000000000000E+00    0.000000000000000E+00    0.000000000000000E+00    0.000000000000000E+00    0.000000000000000E+00    1.277688000000000E-04    0.000000000000000E+00    3.659191000000000E-02    1.503262214660000E+42    8.226118839266000E+11    1.867553339005000E+11
                      407    0.000000000000000E+00    0.000000000000000E+00    9.078540451831690E+14    1.023960862171194E+09    1.364613811618567E-12    2.624357256126893E+02    1.886139782382754E+04    1.789066415514459E+04    2.008508992958100E-01    4.305304694160400E+00    0.000000000000000E+00    9.078556129942696E+14    3.354803000000000E-14    0.000000000000000E+00    8.370011000000001E-01    4.053215000000000E-02    1.886284000000000E-03    5.332207000000000E-02    1.772356000000000E-02    9.559861000000002E-05    7.503229000000000E-03    3.431010999999999E-03    1.163249000000000E-03    2.397381000000000E-04    2.079240000000000E-04    0.000000000000000E+00    0.000000000000000E+00    0.000000000000000E+00    0.000000000000000E+00    0.000000000000000E+00    1.277688000000000E-04    0.000000000000000E+00    3.659191000000000E-02    1.503262214660000E+42    8.226118839266000E+11    1.867553339005000E+11
                      408    0.000000000000000E+00    0.000000000000000E+00    9.078571808053702E+14    1.023960862171194E+09    1.364613811618567E-12    2.624357256126893E+02    1.886139782382754E+04    1.789066415514459E+04    2.008181096649200E-01    4.304449455061044E+00    0.000000000000000E+00    9.078587081256945E+14    3.354803000000000E-14    0.000000000000000E+00    8.370011000000001E-01    4.053215000000000E-02    1.886284000000000E-03    5.332207000000000E-02    1.772356000000000E-02    9.559861000000002E-05    7.503229000000000E-03    3.431010999999999E-03    1.163249000000000E-03    2.397381000000000E-04    2.079240000000000E-04    0.000000000000000E+00    0.000000000000000E+00    0.000000000000000E+00    0.000000000000000E+00    0.000000000000000E+00    1.277688000000000E-04    0.000000000000000E+00    3.659191000000000E-02    1.503262214660000E+42    8.226118839266000E+11    1.867553339005000E+11
                      409    0.000000000000000E+00    0.000000000000000E+00    9.078602354460190E+14    1.023964222689649E+09    1.366564339062123E-12    2.624357256126893E+02    1.886139782382754E+04    1.789066415514459E+04    2.008181096649200E-01    4.303609008918801E+00    0.000000000000000E+00    9.078619077894550E+14    3.354803000000000E-14    0.000000000000000E+00    8.370011000000001E-01    4.053215000000000E-02    1.886284000000000E-03    5.332207000000000E-02    1.772356000000000E-02    9.559861000000002E-05    7.503229000000000E-03    3.431010999999999E-03    1.163249000000000E-03    2.397381000000000E-04    2.079240000000000E-04    0.000000000000000E+00    0.000000000000000E+00    0.000000000000000E+00    0.000000000000000E+00    0.000000000000000E+00    1.277688000000000E-04    0.000000000000000E+00    3.659191000000000E-02    1.503262214660000E+42    8.226118839266000E+11    1.870832302094000E+11
                      410    0.000000000000000E+00    0.000000000000000E+00    9.078635801328910E+14    1.023967583208105E+09    1.366564339062123E-12    2.624357256126893E+02    1.886139782382754E+04    1.789066415514459E+04    2.008181096649200E-01    4.302695401455461E+00    0.000000000000000E+00    9.078652119860225E+14    3.354803000000000E-14    0.000000000000000E+00    8.370011000000001E-01    4.053215000000000E-02    1.886284000000000E-03    5.332207000000000E-02    1.772356000000000E-02    9.559861000000002E-05    7.503229000000000E-03    3.431010999999999E-03    1.163249000000000E-03    2.397381000000000E-04    2.079240000000000E-04    0.000000000000000E+00    0.000000000000000E+00    0.000000000000000E+00    0.000000000000000E+00    0.000000000000000E+00    1.277688000000000E-04    0.000000000000000E+00    3.659191000000000E-02    1.503262214660000E+42    8.226118839266000E+11    1.870832302094000E+11
                      411    0.000000000000000E+00    0.000000000000000E+00    9.078668438391540E+14    1.023967583208105E+09    1.367759571338739E-12    2.624357256126893E+02    1.886139782382754E+04    1.789066415514459E+04    2.008181096649200E-01    4.301797044371599E+00    0.000000000000000E+00    9.078685482076750E+14    3.354803000000000E-14    0.000000000000000E+00    8.370011000000001E-01    4.053215000000000E-02    1.886284000000000E-03    5.332207000000000E-02    1.772356000000000E-02    9.559861000000002E-05    7.503229000000000E-03    3.431010999999999E-03    1.163249000000000E-03    2.397381000000000E-04    2.079240000000000E-04    0.000000000000000E+00    0.000000000000000E+00    0.000000000000000E+00    0.000000000000000E+00    0.000000000000000E+00    1.277688000000000E-04    0.000000000000000E+00    3.659191000000000E-02    1.503262214660000E+42    8.226118839266000E+11    1.870832302094000E+11
                      412    0.000000000000000E+00    0.000000000000000E+00    9.078702525761959E+14    1.023970943726560E+09    1.367759571338739E-12    2.624357256126893E+02    1.886139782382754E+04    1.789066415514459E+04    2.008181096649200E-01    4.300862104528150E+00    0.000000000000000E+00    9.078719569511205E+14    3.354803000000000E-14    0.000000000000000E+00    8.370011000000001E-01    4.053215000000000E-02    1.886284000000000E-03    5.332207000000000E-02    1.772356000000000E-02    9.559861000000002E-05    7.503229000000000E-03    3.431010999999999E-03    1.163249000000000E-03    2.397381000000000E-04    2.079240000000000E-04    0.000000000000000E+00    0.000000000000000E+00    0.000000000000000E+00    0.000000000000000E+00    0.000000000000000E+00    1.277688000000000E-04    0.000000000000000E+00    3.659191000000000E-02    1.503262214660000E+42    8.229397802355000E+11    1.870832302094000E+11
                      413    0.000000000000000E+00    0.000000000000000E+00    9.078736613260452E+14    1.023974304245016E+09    1.367759571338739E-12    2.624357256126893E+02    1.886139782382754E+04    1.789066415514459E+04    2.008181096649200E-01    4.299927161160007E+00    0.000000000000000E+00    9.078753977205448E+14    3.354803000000000E-14    0.000000000000000E+00    8.370011000000001E-01    4.053215000000000E-02    1.886284000000000E-03    5.332207000000000E-02    1.772356000000000E-02    9.559861000000002E-05    7.503229000000000E-03    3.431010999999999E-03    1.163249000000000E-03    2.397381000000000E-04    2.079240000000000E-04    0.000000000000000E+00    0.000000000000000E+00    0.000000000000000E+00    0.000000000000000E+00    0.000000000000000E+00    1.277688000000000E-04    0.000000000000000E+00    3.659191000000000E-02    1.503262214660000E+42    8.229397802355000E+11    1.870832302094000E+11
                      414    0.000000000000000E+00    0.000000000000000E+00    9.078771341150441E+14    1.023974304245016E+09    1.367759571338739E-12    2.624357256126893E+02    1.886139782382754E+04    1.789066415514459E+04    2.008181096649200E-01    4.298971645302514E+00    0.000000000000000E+00    9.078789430265246E+14    3.354803000000000E-14    0.000000000000000E+00    8.370011000000001E-01    4.053215000000000E-02    1.886284000000000E-03    5.332207000000000E-02    1.772356000000000E-02    9.559861000000002E-05    7.503229000000000E-03    3.431010999999999E-03    1.163249000000000E-03    2.397381000000000E-04    2.079240000000000E-04    0.000000000000000E+00    0.000000000000000E+00    0.000000000000000E+00    0.000000000000000E+00    0.000000000000000E+00    1.277688000000000E-04    0.000000000000000E+00    3.659191000000000E-02    1.503262214660000E+42    8.236118839266000E+11    1.877553339005000E+11
                      415    0.000000000000000E+00    0.000000000000000E+00    9.078807519380052E+14    1.023977664763471E+09    1.367759571338739E-12    2.624357256126893E+02    1.886139782382754E+04    1.789066415514459E+04    2.008181096649200E-01    4.297979545846750E+00    0.000000000000000E+00    9.078825608567010E+14    3.354803000000000E-14    0.000000000000000E+00    8.370011000000001E-01    4.053215000000000E-02    1.886284000000000E-03    5.332207000000000E-02    1.772356000000000E-02    9.559861000000002E-05    7.503229000000000E-03    3.431010999999999E-03    1.163249000000000E-03    2.397381000000000E-04    2.079240000000000E-04    0.000000000000000E+00    0.000000000000000E+00    0.000000000000000E+00    0.000000000000000E+00    0.000000000000000E+00    1.277688000000000E-04    0.000000000000000E+00    3.659191000000000E-02    1.503262214660000E+42    8.236118839266000E+11    1.877553339005000E+11
                      416    0.000000000000000E+00    0.000000000000000E+00    9.078843697753970E+14    1.023981025281927E+09    1.367759571338739E-12    2.624357256126893E+02    1.886139782382754E+04    1.789066415514459E+04    2.007508992958100E-01    4.296987753506649E+00    0.000000000000000E+00    9.078862832257845E+14    3.354803000000000E-14    0.000000000000000E+00    8.370011000000001E-01    4.053215000000000E-02    1.886284000000000E-03    5.332207000000000E-02    1.772356000000000E-02    9.559861000000002E-05    7.503229000000000E-03    3.431010999999999E-03    1.163249000000000E-03    2.397381000000000E-04    2.079240000000000E-04    0.000000000000000E+00    0.000000000000000E+00    0.000000000000000E+00    0.000000000000000E+00    0.000000000000000E+00    1.277688000000000E-04    0.000000000000000E+00    3.659191000000000E-02    1.503262214660000E+42    8.236118839266000E+11    1.877553339005000E+11
                      417    0.000000000000000E+00    0.000000000000000E+00    9.078881966761721E+14    1.023981025281927E+09    1.367759571338739E-12    2.634726414632954E+02    1.886139782382754E+04    1.790516697032619E+04    2.007508992958100E-01    4.295938826071460E+00    0.000000000000000E+00    9.078901101346322E+14    3.354803000000000E-14    0.000000000000000E+00    8.370011000000001E-01    4.053215000000000E-02    1.886284000000000E-03    5.332207000000000E-02    1.772356000000000E-02    9.559861000000002E-05    7.503229000000000E-03    3.431010999999999E-03    1.163249000000000E-03    2.397381000000000E-04    2.079240000000000E-04    0.000000000000000E+00    0.000000000000000E+00    0.000000000000000E+00    0.000000000000000E+00    0.000000000000000E+00    1.277688000000000E-04    0.000000000000000E+00    3.659191000000000E-02    1.503262214660000E+42    8.239397802355000E+11    1.877553339005000E+11
                      418    0.000000000000000E+00    0.000000000000000E+00    9.078920235930922E+14    1.023984385800382E+09    1.367759571338739E-12    2.634726414632954E+02    1.886139782382754E+04    1.790516697032619E+04    2.007508992958100E-01    4.294889894197811E+00    0.000000000000000E+00    9.078939690734831E+14    3.354803000000000E-14    0.000000000000000E+00    8.370011000000001E-01    4.053215000000000E-02    1.886284000000000E-03    5.332207000000000E-02    1.772356000000000E-02    9.559861000000002E-05    7.503229000000000E-03    3.431010999999999E-03    1.163249000000000E-03    2.397381000000000E-04    2.079240000000000E-04    0.000000000000000E+00    0.000000000000000E+00    0.000000000000000E+00    0.000000000000000E+00    0.000000000000000E+00    1.277688000000000E-04    0.000000000000000E+00    3.659191000000000E-02    1.503262214660000E+42    8.239397802355000E+11    1.877553339005000E+11
                      419    0.000000000000000E+00    0.000000000000000E+00    9.078959145538740E+14    1.023987746318838E+09    1.367759571338739E-12    2.634726414632954E+02    1.886139782382754E+04    1.790516697032619E+04    2.007508992958100E-01    4.293820388478782E+00    0.000000000000000E+00    9.078979325544462E+14    3.354803000000000E-14    0.000000000000000E+00    8.370011000000001E-01    4.053215000000000E-02    1.886284000000000E-03    5.332207000000000E-02    1.772356000000000E-02    9.559861000000002E-05    7.503229000000000E-03    3.431010999999999E-03    1.163249000000000E-03    2.397381000000000E-04    2.079240000000000E-04    0.000000000000000E+00    0.000000000000000E+00    0.000000000000000E+00    0.000000000000000E+00    0.000000000000000E+00    1.277688000000000E-04    0.000000000000000E+00    3.659191000000000E-02    1.503262214660000E+42    8.239397802355000E+11    1.877553339005000E+11
                      420    0.000000000000000E+00    0.000000000000000E+00    9.078999505550185E+14    1.023987746318838E+09    1.367759571338739E-12    2.634726414632954E+02    1.886139782382754E+04    1.790516697032619E+04    2.007181096649200E-01    4.292714518725161E+00    0.000000000000000E+00    9.079020005787321E+14    3.354803000000000E-14    0.000000000000000E+00    8.370011000000001E-01    4.053215000000000E-02    1.886284000000000E-03    5.332207000000000E-02    1.772356000000000E-02    9.559861000000002E-05    7.503229000000000E-03    3.431010999999999E-03    1.163249000000000E-03    2.397381000000000E-04    2.079240000000000E-04    0.000000000000000E+00    0.000000000000000E+00    0.000000000000000E+00    0.000000000000000E+00    0.000000000000000E+00    1.277688000000000E-04    0.000000000000000E+00    3.659191000000000E-02    1.503262214660000E+42    8.239397802355000E+11    1.877553339005000E+11
                      421    0.000000000000000E+00    0.000000000000000E+00    9.079040506024460E+14    1.023991106837294E+09    1.367759571338739E-12    2.634726414632954E+02    1.886139782382754E+04    1.790516697032619E+04    2.007181096649200E-01    4.291588084582772E+00    0.000000000000000E+00    9.079060686211176E+14    3.354803000000000E-14    0.000000000000000E+00    8.370011000000001E-01    4.053215000000000E-02    1.886284000000000E-03    5.332207000000000E-02    1.772356000000000E-02    9.559861000000002E-05    7.503229000000000E-03    3.431010999999999E-03    1.163249000000000E-03    2.397381000000000E-04    2.079240000000000E-04    0.000000000000000E+00    0.000000000000000E+00    0.000000000000000E+00    0.000000000000000E+00    0.000000000000000E+00    1.277688000000000E-04    0.000000000000000E+00    3.659191000000000E-02    1.503262214660000E+42    8.239397802355000E+11    1.877553339005000E+11
                      422    0.000000000000000E+00    0.000000000000000E+00    9.079080866397894E+14    1.023994467355749E+09    1.368957558910310E-12    2.634726414632954E+02    1.886139782382754E+04    1.790516697032619E+04    2.007181096649200E-01    4.290481256977817E+00    0.000000000000000E+00    9.079102412091702E+14    3.354803000000000E-14    0.000000000000000E+00    8.370011000000001E-01    4.053215000000000E-02    1.886284000000000E-03    5.332207000000000E-02    1.772356000000000E-02    9.559861000000002E-05    7.503229000000000E-03    3.431010999999999E-03    1.163249000000000E-03    2.397381000000000E-04    2.079240000000000E-04    0.000000000000000E+00    0.000000000000000E+00    0.000000000000000E+00    0.000000000000000E+00    0.000000000000000E+00    1.277688000000000E-04    0.000000000000000E+00    3.659191000000000E-02    1.503262214660000E+42    8.249397802355000E+11    1.877553339005000E+11
                      423    0.000000000000000E+00    0.000000000000000E+00    9.079123957785511E+14    1.023997827874204E+09    1.368957558910310E-12    2.634726414632954E+02    1.886139782382754E+04    1.790516697032619E+04    2.007181096649200E-01    4.289296647486260E+00    0.000000000000000E+00    9.079145503581779E+14    3.354803000000000E-14    0.000000000000000E+00    8.370011000000001E-01    4.053215000000000E-02    1.886284000000000E-03    5.332207000000000E-02    1.772356000000000E-02    9.559861000000002E-05    7.503229000000000E-03    3.431010999999999E-03    1.163249000000000E-03    2.397381000000000E-04    2.079240000000000E-04    0.000000000000000E+00    0.000000000000000E+00    0.000000000000000E+00    0.000000000000000E+00    0.000000000000000E+00    1.277688000000000E-04    0.000000000000000E+00    3.659191000000000E-02    1.503262214660000E+42    8.249397802355000E+11    1.877553339005000E+11
                      424    0.000000000000000E+00    0.000000000000000E+00    9.079167049378048E+14    1.024001188392660E+09    1.370912582784001E-12    2.634726414632954E+02    1.886139782382754E+04    1.790516697032619E+04    2.007181096649200E-01    4.288110346605173E+00    0.000000000000000E+00    9.079189320411542E+14    3.354803000000000E-14    0.000000000000000E+00    8.370011000000001E-01    4.053215000000000E-02    1.886284000000000E-03    5.332207000000000E-02    1.772356000000000E-02    9.559861000000002E-05    7.503229000000000E-03    3.431010999999999E-03    1.163249000000000E-03    2.397381000000000E-04    2.079240000000000E-04    0.000000000000000E+00    0.000000000000000E+00    0.000000000000000E+00    0.000000000000000E+00    0.000000000000000E+00    1.277688000000000E-04    0.000000000000000E+00    3.659191000000000E-02    1.503262214660000E+42    8.249397802355000E+11    1.877553339005000E+11
                      425    0.000000000000000E+00    0.000000000000000E+00    9.079211591445038E+14    1.024004548911115E+09    1.370912582784001E-12    2.634726414632954E+02    1.886139782382754E+04    1.790516697032619E+04    2.007181096649200E-01    4.286887392564728E+00    0.000000000000000E+00    9.079234182737522E+14    3.354803000000000E-14    0.000000000000000E+00    8.370011000000001E-01    4.053215000000000E-02    1.886284000000000E-03    5.332207000000000E-02    1.772356000000000E-02    9.559861000000002E-05    7.503229000000000E-03    3.431010999999999E-03    1.163249000000000E-03    2.397381000000000E-04    2.079240000000000E-04    0.000000000000000E+00    0.000000000000000E+00    0.000000000000000E+00    0.000000000000000E+00    0.000000000000000E+00    1.277688000000000E-04    0.000000000000000E+00    3.659191000000000E-02    1.503262214660000E+42    8.249397802355000E+11    1.877553339005000E+11
                      426    0.000000000000000E+00    0.000000000000000E+00    9.079256774030005E+14    1.024007909429571E+09    1.370912582784001E-12    2.634726414632954E+02    1.886139782382754E+04    1.790516697032619E+04    2.007181096649200E-01    4.285643825139376E+00    0.000000000000000E+00    9.079280090577068E+14    3.354803000000000E-14    0.000000000000000E+00    8.370011000000001E-01    4.053215000000000E-02    1.886284000000000E-03    5.332207000000000E-02    1.772356000000000E-02    9.559861000000002E-05    7.503229000000000E-03    3.431010999999999E-03    1.163249000000000E-03    2.397381000000000E-04    2.079240000000000E-04    0.000000000000000E+00    0.000000000000000E+00    0.000000000000000E+00    0.000000000000000E+00    0.000000000000000E+00    1.277688000000000E-04    0.000000000000000E+00    3.659191000000000E-02    1.503262214660000E+42    8.252676765443999E+11    1.877553339005000E+11
                      427    0.000000000000000E+00    0.000000000000000E+00    9.079303407124128E+14    1.024011269948027E+09    1.370912582784001E-12    2.634726414632954E+02    1.886139782382754E+04    1.790516697032619E+04    2.007181096649200E-01    4.284363603631975E+00    0.000000000000000E+00    9.079327043944129E+14    3.354803000000000E-14    0.000000000000000E+00    8.370011000000001E-01    4.053215000000000E-02    1.886284000000000E-03    5.332207000000000E-02    1.772356000000000E-02    9.559861000000002E-05    7.503229000000000E-03    3.431010999999999E-03    1.163249000000000E-03    2.397381000000000E-04    2.079240000000000E-04    0.000000000000000E+00    0.000000000000000E+00    0.000000000000000E+00    0.000000000000000E+00    0.000000000000000E+00    1.277688000000000E-04    0.000000000000000E+00    3.659191000000000E-02    1.503262214660000E+42    8.252676765443999E+11    1.877553339005000E+11
                      428    0.000000000000000E+00    0.000000000000000E+00    9.079350680764130E+14    1.024014630466482E+09    1.370912582784001E-12    2.634726414632954E+02    1.886139782382754E+04    1.790516697032619E+04    2.007181096649200E-01    4.283062767940890E+00    0.000000000000000E+00    9.079375042856868E+14    3.354803000000000E-14    0.000000000000000E+00    8.370011000000001E-01    4.053215000000000E-02    1.886284000000000E-03    5.332207000000000E-02    1.772356000000000E-02    9.559861000000002E-05    7.503229000000000E-03    3.431010999999999E-03    1.163249000000000E-03    2.397381000000000E-04    2.079240000000000E-04    0.000000000000000E+00    0.000000000000000E+00    0.000000000000000E+00    0.000000000000000E+00    0.000000000000000E+00    1.277688000000000E-04    0.000000000000000E+00    3.659191000000000E-02    1.503262214660000E+42    8.252676765443999E+11    1.877553339005000E+11
                      429    0.000000000000000E+00    0.000000000000000E+00    9.079399404949604E+14    1.024017990984938E+09    1.370912582784001E-12    2.634726414632954E+02    1.886139782382754E+04    1.790516697032619E+04    2.007181096649200E-01    4.281725277202081E+00    0.000000000000000E+00    9.079424087329892E+14    3.354803000000000E-14    0.000000000000000E+00    8.370011000000001E-01    4.053215000000000E-02    1.886284000000000E-03    5.332207000000000E-02    1.772356000000000E-02    9.559861000000002E-05    7.503229000000000E-03    3.431010999999999E-03    1.163249000000000E-03    2.397381000000000E-04    2.079240000000000E-04    0.000000000000000E+00    0.000000000000000E+00    0.000000000000000E+00    0.000000000000000E+00    0.000000000000000E+00    1.277688000000000E-04    0.000000000000000E+00    3.659191000000000E-02    1.503262214660000E+42    8.259397802355000E+11    1.877553339005000E+11
                      430    0.000000000000000E+00    0.000000000000000E+00    9.079448769710179E+14    1.024021351503393E+09    1.370912582784001E-12    2.634726414632954E+02    1.886139782382754E+04    1.790516697032619E+04    2.006853200340300E-01    4.280367425734507E+00    0.000000000000000E+00    9.079473452224864E+14    3.354803000000000E-14    0.000000000000000E+00    8.370011000000001E-01    4.053215000000000E-02    1.886284000000000E-03    5.332207000000000E-02    1.772356000000000E-02    9.559861000000002E-05    7.503229000000000E-03    3.431010999999999E-03    1.163249000000000E-03    2.397381000000000E-04    2.079240000000000E-04    0.000000000000000E+00    0.000000000000000E+00    0.000000000000000E+00    0.000000000000000E+00    0.000000000000000E+00    1.277688000000000E-04    0.000000000000000E+00    3.659191000000000E-02    1.503262214660000E+42    8.262676765443999E+11    1.880832302094000E+11
                      431    0.000000000000000E+00    0.000000000000000E+00    9.079498134739548E+14    1.024024712021849E+09    1.372113332002140E-12    2.634726414632954E+02    1.886139782382754E+04    1.790516697032619E+04    2.006853200340300E-01    4.279008379773240E+00    0.000000000000000E+00    9.079523862710290E+14    3.354803000000000E-14    0.000000000000000E+00    8.370011000000001E-01    4.053215000000000E-02    1.886284000000000E-03    5.332207000000000E-02    1.772356000000000E-02    9.559861000000002E-05    7.503229000000000E-03    3.431010999999999E-03    1.163249000000000E-03    2.397381000000000E-04    2.079240000000000E-04    0.000000000000000E+00    0.000000000000000E+00    0.000000000000000E+00    0.000000000000000E+00    0.000000000000000E+00    1.277688000000000E-04    0.000000000000000E+00    3.659191000000000E-02    1.503262214660000E+42    8.262676765443999E+11    1.880832302094000E+11
                      432    0.000000000000000E+00    0.000000000000000E+00    9.079549590681034E+14    1.024028072540304E+09    1.372113332002140E-12    2.634726414632954E+02    1.886139782382754E+04    1.790516697032619E+04    2.006853200340300E-01    4.277592032180373E+00    0.000000000000000E+00    9.079576043963112E+14    3.354803000000000E-14    0.000000000000000E+00    8.370011000000001E-01    4.053215000000000E-02    1.886284000000000E-03    5.332207000000000E-02    1.772356000000000E-02    9.559861000000002E-05    7.503229000000000E-03    3.431010999999999E-03    1.163249000000000E-03    2.397381000000000E-04    2.079240000000000E-04    0.000000000000000E+00    0.000000000000000E+00    0.000000000000000E+00    0.000000000000000E+00    0.000000000000000E+00    1.277688000000000E-04    0.000000000000000E+00    3.659191000000000E-02    1.503262214660000E+42    8.262676765443999E+11    1.880832302094000E+11
                      433    0.000000000000000E+00    0.000000000000000E+00    9.079602497245192E+14    1.024033072540304E+09    1.372113332002140E-12    2.634726414632954E+02    1.886139782382754E+04    1.790516697032619E+04    2.006853200340300E-01    4.276139027481227E+00    0.000000000000000E+00    9.079629270845874E+14    3.354803000000000E-14    0.000000000000000E+00    8.370011000000001E-01    4.053215000000000E-02    1.886284000000000E-03    5.332207000000000E-02    1.772356000000000E-02    9.559861000000002E-05    7.503229000000000E-03    3.431010999999999E-03    1.163249000000000E-03    2.397381000000000E-04    2.079240000000000E-04    0.000000000000000E+00    0.000000000000000E+00    0.000000000000000E+00    0.000000000000000E+00    0.000000000000000E+00    1.277688000000000E-04    0.000000000000000E+00    3.659191000000000E-02    1.503262214660000E+42    8.262676765443999E+11    1.880832302094000E+11
                      434    0.000000000000000E+00    0.000000000000000E+00    9.079656044446556E+14    1.024038072540304E+09    1.372113332002140E-12    2.634726414632954E+02    1.886139782382754E+04    1.790516697032619E+04    2.006181096649200E-01    4.274665827240109E+00    0.000000000000000E+00    9.079683863545671E+14    3.354803000000000E-14    0.000000000000000E+00    8.370011000000001E-01    4.053215000000000E-02    1.886284000000000E-03    5.332207000000000E-02    1.772356000000000E-02    9.559861000000002E-05    7.503229000000000E-03    3.431010999999999E-03    1.163249000000000E-03    2.397381000000000E-04    2.079240000000000E-04    0.000000000000000E+00    0.000000000000000E+00    0.000000000000000E+00    0.000000000000000E+00    0.000000000000000E+00    1.277688000000000E-04    0.000000000000000E+00    3.659191000000000E-02    1.503262214660000E+42    8.265955728533000E+11    1.880832302094000E+11
                      435    0.000000000000000E+00    0.000000000000000E+00    9.079711682644786E+14    1.024041433058759E+09    1.374072862671306E-12    2.634726414632954E+02    1.886139782382754E+04    1.790516697032619E+04    2.006181096649200E-01    4.273133145857964E+00    0.000000000000000E+00    9.079739501914569E+14    3.354803000000000E-14    0.000000000000000E+00    8.370011000000001E-01    4.053215000000000E-02    1.886284000000000E-03    5.332207000000000E-02    1.772356000000000E-02    9.559861000000002E-05    7.503229000000000E-03    3.431010999999999E-03    1.163249000000000E-03    2.397381000000000E-04    2.079240000000000E-04    0.000000000000000E+00    0.000000000000000E+00    0.000000000000000E+00    0.000000000000000E+00    0.000000000000000E+00    1.277688000000000E-04    0.000000000000000E+00    3.659191000000000E-02    1.503262214660000E+42    8.272676765443999E+11    1.880832302094000E+11
                      436    0.000000000000000E+00    0.000000000000000E+00    9.079767321184351E+14    1.024044793577215E+09    1.374072862671306E-12    2.634726414632954E+02    1.886139782382754E+04    1.790516697032619E+04    2.006181096649200E-01    4.271600455034213E+00    0.000000000000000E+00    9.079795865807492E+14    3.354803000000000E-14    0.000000000000000E+00    8.370011000000001E-01    4.053215000000000E-02    1.886284000000000E-03    5.332207000000000E-02    1.772356000000000E-02    9.559861000000002E-05    7.503229000000000E-03    3.431010999999999E-03    1.163249000000000E-03    2.397381000000000E-04    2.079240000000000E-04    0.000000000000000E+00    0.000000000000000E+00    0.000000000000000E+00    0.000000000000000E+00    0.000000000000000E+00    1.277688000000000E-04    0.000000000000000E+00    3.659191000000000E-02    1.503262214660000E+42    8.272676765443999E+11    1.880832302094000E+11
                      437    0.000000000000000E+00    0.000000000000000E+00    9.079824410430631E+14    1.024048154095670E+09    1.374072862671306E-12    2.634726414632954E+02    1.886139782382754E+04    1.790516697032619E+04    2.006181096649200E-01    4.270031038757899E+00    0.000000000000000E+00    9.079853595578875E+14    3.354803000000000E-14    0.000000000000000E+00    8.370011000000001E-01    4.053215000000000E-02    1.886284000000000E-03    5.332207000000000E-02    1.772356000000000E-02    9.559861000000002E-05    7.503229000000000E-03    3.431010999999999E-03    1.163249000000000E-03    2.397381000000000E-04    2.079240000000000E-04    0.000000000000000E+00    0.000000000000000E+00    0.000000000000000E+00    0.000000000000000E+00    0.000000000000000E+00    1.277688000000000E-04    0.000000000000000E+00    3.659191000000000E-02    1.503262214660000E+42    8.275955728532999E+11    1.880832302094000E+11
                      438    0.000000000000000E+00    0.000000000000000E+00    9.079882780727119E+14    1.024051514614126E+09    1.374072862671306E-12    2.634726414632954E+02    1.886139782382754E+04    1.790516697032619E+04    2.005853200340300E-01    4.268420626125039E+00    0.000000000000000E+00    9.079912691255314E+14    3.354803000000000E-14    0.000000000000000E+00    8.370011000000001E-01    4.053215000000000E-02    1.886284000000000E-03    5.332207000000000E-02    1.772356000000000E-02    9.559861000000002E-05    7.503229000000000E-03    3.431010999999999E-03    1.163249000000000E-03    2.397381000000000E-04    2.079240000000000E-04    0.000000000000000E+00    0.000000000000000E+00    0.000000000000000E+00    0.000000000000000E+00    0.000000000000000E+00    1.277688000000000E-04    0.000000000000000E+00    3.659191000000000E-02    1.503262214660000E+42    8.275955728532999E+11    1.880832302094000E+11
                      439    0.000000000000000E+00    0.000000000000000E+00    9.079942601783509E+14    1.024054875132581E+09    1.375276379902264E-12    2.634726414632954E+02    1.886139782382754E+04    1.790516697032619E+04    2.005853200340300E-01    4.266772059446701E+00    0.000000000000000E+00    9.079972512508975E+14    3.354803000000000E-14    0.000000000000000E+00    8.370011000000001E-01    4.053215000000000E-02    1.886284000000000E-03    5.332207000000000E-02    1.772356000000000E-02    9.559861000000002E-05    7.503229000000000E-03    3.431010999999999E-03    1.163249000000000E-03    2.397381000000000E-04    2.079240000000000E-04    0.000000000000000E+00    0.000000000000000E+00    0.000000000000000E+00    0.000000000000000E+00    0.000000000000000E+00    1.277688000000000E-04    0.000000000000000E+00    3.659191000000000E-02    1.503262214660000E+42    8.275955728532999E+11    1.880832302094000E+11
                      440    0.000000000000000E+00    0.000000000000000E+00    9.080002423234441E+14    1.024061596169493E+09    1.375276379902264E-12    2.634726414632954E+02    1.886139782382754E+04    1.790516697032619E+04    2.005853200340300E-01    4.265123481853504E+00    0.000000000000000E+00    9.080033379538078E+14    3.354803000000000E-14    0.000000000000000E+00    8.370011000000001E-01    4.053215000000000E-02    1.886284000000000E-03    5.332207000000000E-02    1.772356000000000E-02    9.559861000000002E-05    7.503229000000000E-03    3.431010999999999E-03    1.163249000000000E-03    2.397381000000000E-04    2.079240000000000E-04    0.000000000000000E+00    0.000000000000000E+00    0.000000000000000E+00    0.000000000000000E+00    0.000000000000000E+00    1.277688000000000E-04    0.000000000000000E+00    3.659191000000000E-02    1.503262214660000E+42    8.279234691622000E+11    1.880832302094000E+11
                      441    0.000000000000000E+00    0.000000000000000E+00    9.080064335841716E+14    1.024064956687948E+09    1.375276379902264E-12    2.634726414632954E+02    1.886139782382754E+04    1.790516697032619E+04    2.005853200340300E-01    4.263417492410840E+00    0.000000000000000E+00    9.080096337744922E+14    3.354803000000000E-14    0.000000000000000E+00    8.370011000000001E-01    4.053215000000000E-02    1.886284000000000E-03    5.332207000000000E-02    1.772356000000000E-02    9.559861000000002E-05    7.503229000000000E-03    3.431010999999999E-03    1.163249000000000E-03    2.397381000000000E-04    2.079240000000000E-04    0.000000000000000E+00    0.000000000000000E+00    0.000000000000000E+00    0.000000000000000E+00    0.000000000000000E+00    1.277688000000000E-04    0.000000000000000E+00    3.659191000000000E-02    1.503262214660000E+42    8.285955728533000E+11    1.880832302094000E+11
                      442    0.000000000000000E+00    0.000000000000000E+00    9.080128339648130E+14    1.024068317206403E+09    1.375276379902264E-12    2.634726414632954E+02    1.886139782382754E+04    1.790516697032619E+04    2.005853200340300E-01    4.261654089939404E+00    0.000000000000000E+00    9.080160661961450E+14    3.354803000000000E-14    0.000000000000000E+00    8.370011000000001E-01    4.053215000000000E-02    1.886284000000000E-03    5.332207000000000E-02    1.772356000000000E-02    9.559861000000002E-05    7.503229000000000E-03    3.431010999999999E-03    1.163249000000000E-03    2.397381000000000E-04    2.079240000000000E-04    0.000000000000000E+00    0.000000000000000E+00    0.000000000000000E+00    0.000000000000000E+00    0.000000000000000E+00    1.277688000000000E-04    0.000000000000000E+00    3.659191000000000E-02    1.503262214660000E+42    8.285955728533000E+11    1.880832302094000E+11
                      443    0.000000000000000E+00    0.000000000000000E+00    9.080192984274770E+14    1.024075038243315E+09    1.375276379902264E-12    2.634726414632954E+02    1.888965651642543E+04    1.790516697032619E+04    2.005853200340300E-01    4.259869990693785E+00    0.000000000000000E+00    9.080226032035245E+14    3.354803000000000E-14    0.000000000000000E+00    8.370011000000001E-01    4.053215000000000E-02    1.886284000000000E-03    5.332207000000000E-02    1.772356000000000E-02    9.559861000000002E-05    7.503229000000000E-03    3.431010999999999E-03    1.163249000000000E-03    2.397381000000000E-04    2.079240000000000E-04    0.000000000000000E+00    0.000000000000000E+00    0.000000000000000E+00    0.000000000000000E+00    0.000000000000000E+00    1.277688000000000E-04    0.000000000000000E+00    3.659191000000000E-02    1.503262214660000E+42    8.289234691622000E+11    1.887553339005000E+11
                      444    0.000000000000000E+00    0.000000000000000E+00    9.080259079795719E+14    1.024078398761770E+09    1.375276379902264E-12    2.634726414632954E+02    1.888965651642543E+04    1.790516697032619E+04    2.005525304031400E-01    4.258049498170973E+00    0.000000000000000E+00    9.080293173208145E+14    3.354803000000000E-14    0.000000000000000E+00    8.370011000000001E-01    4.053215000000000E-02    1.886284000000000E-03    5.332207000000000E-02    1.772356000000000E-02    9.559861000000002E-05    7.503229000000000E-03    3.431010999999999E-03    1.163249000000000E-03    2.397381000000000E-04    2.079240000000000E-04    0.000000000000000E+00    0.000000000000000E+00    0.000000000000000E+00    0.000000000000000E+00    0.000000000000000E+00    1.277688000000000E-04    0.000000000000000E+00    3.659191000000000E-02    1.503262214660000E+42    8.289234691622000E+11    1.890832302094000E+11
                      445    0.000000000000000E+00    0.000000000000000E+00    9.080327266620571E+14    1.024081759280226E+09    1.378446719380851E-12    2.634726414632954E+02    1.888965651642543E+04    1.790516697032619E+04    2.005525304031400E-01    4.256167270952172E+00    0.000000000000000E+00    9.080361360289215E+14    3.354803000000000E-14    0.000000000000000E+00    8.370011000000001E-01    4.053215000000000E-02    1.886284000000000E-03    5.332207000000000E-02    1.772356000000000E-02    9.559861000000002E-05    7.503229000000000E-03    3.431010999999999E-03    1.163249000000000E-03    2.397381000000000E-04    2.079240000000000E-04    0.000000000000000E+00    0.000000000000000E+00    0.000000000000000E+00    0.000000000000000E+00    0.000000000000000E+00    1.277688000000000E-04    0.000000000000000E+00    3.659191000000000E-02    1.503262214660000E+42    8.289234691622000E+11    1.890832302094000E+11
                      446    0.000000000000000E+00    0.000000000000000E+00    9.080395453957860E+14    1.024088480317137E+09    1.378446719380851E-12    2.634726414632954E+02    1.888965651642543E+04    1.790516697032619E+04    2.005525304031400E-01    4.254285029540473E+00    0.000000000000000E+00    9.080430913504288E+14    3.354803000000000E-14    0.000000000000000E+00    8.370011000000001E-01    4.053215000000000E-02    1.886284000000000E-03    5.332207000000000E-02    1.772356000000000E-02    9.559861000000002E-05    7.503229000000000E-03    3.431010999999999E-03    1.163249000000000E-03    2.397381000000000E-04    2.079240000000000E-04    0.000000000000000E+00    0.000000000000000E+00    0.000000000000000E+00    0.000000000000000E+00    0.000000000000000E+00    1.277688000000000E-04    0.000000000000000E+00    3.659191000000000E-02    1.506541177749000E+42    8.299234691622000E+11    1.890832302094000E+11
                      447    0.000000000000000E+00    0.000000000000000E+00    9.080466373050715E+14    1.024095201354048E+09    1.378446719380851E-12    2.634726414632954E+02    1.888965651642543E+04    1.790516697032619E+04    2.005525304031400E-01    4.252324525986995E+00    0.000000000000000E+00    9.080502558113015E+14    3.354803000000000E-14    0.000000000000000E+00    8.370011000000001E-01    4.053215000000000E-02    1.886284000000000E-03    5.332207000000000E-02    1.772356000000000E-02    9.559861000000002E-05    7.503229000000000E-03    3.431010999999999E-03    1.163249000000000E-03    2.397381000000000E-04    2.079240000000000E-04    0.000000000000000E+00    0.000000000000000E+00    0.000000000000000E+00    0.000000000000000E+00    0.000000000000000E+00    1.277688000000000E-04    0.000000000000000E+00    3.659191000000000E-02    1.506541177749000E+42    8.299234691622000E+11    1.890832302094000E+11
                      448    0.000000000000000E+00    0.000000000000000E+00    9.080538743175315E+14    1.024098561872503E+09    1.378446719380851E-12    2.634726414632954E+02    1.888965651642543E+04    1.790516697032619E+04    2.004853200340300E-01    4.250327830137264E+00    0.000000000000000E+00    9.080575248725999E+14    3.354803000000000E-14    0.000000000000000E+00    8.370011000000001E-01    4.053215000000000E-02    1.886284000000000E-03    5.332207000000000E-02    1.772356000000000E-02    9.559861000000002E-05    7.503229000000000E-03    3.431010999999999E-03    1.163249000000000E-03    2.397381000000000E-04    2.079240000000000E-04    0.000000000000000E+00    0.000000000000000E+00    0.000000000000000E+00    0.000000000000000E+00    0.000000000000000E+00    1.277688000000000E-04    0.000000000000000E+00    3.659191000000000E-02    1.506541177749000E+42    8.299234691622000E+11    1.890832302094000E+11
                      449    0.000000000000000E+00    0.000000000000000E+00    9.080611754276684E+14    1.024101922390958E+09    1.378446719380851E-12    2.634726414632954E+02    1.888965651642543E+04    1.790516697032619E+04    2.004853200340300E-01    4.248310395584254E+00    0.000000000000000E+00    9.080649710621479E+14    3.354803000000000E-14    0.000000000000000E+00    8.370011000000001E-01    4.053215000000000E-02    1.886284000000000E-03    5.332207000000000E-02    1.772356000000000E-02    9.559861000000002E-05    7.503229000000000E-03    3.431010999999999E-03    1.163249000000000E-03    2.397381000000000E-04    2.079240000000000E-04    0.000000000000000E+00    0.000000000000000E+00    0.000000000000000E+00    0.000000000000000E+00    0.000000000000000E+00    1.277688000000000E-04    0.000000000000000E+00    3.659191000000000E-02    1.506541177749000E+42    8.302513654711000E+11    1.890832302094000E+11
                      450    0.000000000000000E+00    0.000000000000000E+00    9.080687666966274E+14    1.024108643427869E+09    1.378446719380851E-12    2.634726414632954E+02    1.888965651642543E+04    1.790516697032619E+04    2.004525304031400E-01    4.246219752442126E+00    0.000000000000000E+00    9.080725538783028E+14    3.354803000000000E-14    0.000000000000000E+00    8.370011000000001E-01    4.053215000000000E-02    1.886284000000000E-03    5.332207000000000E-02    1.772356000000000E-02    9.559861000000002E-05    7.503229000000000E-03    3.431010999999999E-03    1.163249000000000E-03    2.397381000000000E-04    2.079240000000000E-04    0.000000000000000E+00    0.000000000000000E+00    0.000000000000000E+00    0.000000000000000E+00    0.000000000000000E+00    1.277688000000000E-04    0.000000000000000E+00    3.659191000000000E-02    1.506541177749000E+42    8.309234691622000E+11    1.890832302094000E+11
                      451    0.000000000000000E+00    0.000000000000000E+00    9.080763410599782E+14    1.024115364464781E+09    1.379655791794944E-12    2.634726414632954E+02    1.888965651642543E+04    1.790516697032619E+04    2.004525304031400E-01    4.244122589884971E+00    0.000000000000000E+00    9.080802733257429E+14    3.354803000000000E-14    0.000000000000000E+00    8.370011000000001E-01    4.053215000000000E-02    1.886284000000000E-03    5.332207000000000E-02    1.772356000000000E-02    9.559861000000002E-05    7.503229000000000E-03    3.431010999999999E-03    1.163249000000000E-03    2.397381000000000E-04    2.079240000000000E-04    0.000000000000000E+00    0.000000000000000E+00    0.000000000000000E+00    0.000000000000000E+00    0.000000000000000E+00    1.277688000000000E-04    0.000000000000000E+00    3.659191000000000E-02    1.506541177749000E+42    8.312513654710999E+11    1.890832302094000E+11
                      452    0.000000000000000E+00    0.000000000000000E+00    9.080842055915076E+14    1.024123724983236E+09    1.381624367246724E-12    2.634726414632954E+02    1.888965651642543E+04    1.790516697032619E+04    2.004525304031400E-01    4.241948699555656E+00    0.000000000000000E+00    9.080882424393229E+14    3.354803000000000E-14    0.000000000000000E+00    8.370011000000001E-01    4.053215000000000E-02    1.886284000000000E-03    5.332207000000000E-02    1.772356000000000E-02    9.559861000000002E-05    7.503229000000000E-03    3.431010999999999E-03    1.163249000000000E-03    2.397381000000000E-04    2.079240000000000E-04    0.000000000000000E+00    0.000000000000000E+00    0.000000000000000E+00    0.000000000000000E+00    0.000000000000000E+00    1.277688000000000E-04    0.000000000000000E+00    3.659191000000000E-02    1.506541177749000E+42    8.312513654710999E+11    1.890832302094000E+11
                      453    0.000000000000000E+00    0.000000000000000E+00    9.080922792871380E+14    1.024128724983236E+09    1.381624367246724E-12    2.634726414632954E+02    1.888965651642543E+04    1.790516697032619E+04    2.004525304031400E-01    4.239717157982906E+00    0.000000000000000E+00    9.080963481922914E+14    3.354803000000000E-14    0.000000000000000E+00    8.370011000000001E-01    4.053215000000000E-02    1.886284000000000E-03    5.332207000000000E-02    1.772356000000000E-02    9.559861000000002E-05    7.503229000000000E-03    3.431010999999999E-03    1.163249000000000E-03    2.397381000000000E-04    2.079240000000000E-04    0.000000000000000E+00    0.000000000000000E+00    0.000000000000000E+00    0.000000000000000E+00    0.000000000000000E+00    1.277688000000000E-04    0.000000000000000E+00    3.659191000000000E-02    1.506541177749000E+42    8.312513654710999E+11    1.890832302094000E+11
                      454    0.000000000000000E+00    0.000000000000000E+00    9.081004170974448E+14    1.024132085501691E+09    1.381624367246724E-12    2.634726414632954E+02    1.888965651642543E+04    1.790516697032619E+04    2.004525304031400E-01    4.237464835332148E+00    0.000000000000000E+00    9.081045905889805E+14    3.354803000000000E-14    0.000000000000000E+00    8.370011000000001E-01    4.053215000000000E-02    1.886284000000000E-03    5.332207000000000E-02    1.772356000000000E-02    9.559861000000002E-05    7.503229000000000E-03    3.431010999999999E-03    1.163249000000000E-03    2.397381000000000E-04    2.079240000000000E-04    0.000000000000000E+00    0.000000000000000E+00    0.000000000000000E+00    0.000000000000000E+00    0.000000000000000E+00    1.277688000000000E-04    0.000000000000000E+00    3.659191000000000E-02    1.506541177749000E+42    8.322513654711000E+11    1.890832302094000E+11
                      455    0.000000000000000E+00    0.000000000000000E+00    9.081087640805161E+14    1.024138806538602E+09    1.381624367246724E-12    2.634726414632954E+02    1.888965651642543E+04    1.790516697032619E+04    2.004525304031400E-01    4.235154858984751E+00    0.000000000000000E+00    9.081130101392649E+14    3.354803000000000E-14    0.000000000000000E+00    8.370011000000001E-01    4.053215000000000E-02    1.886284000000000E-03    5.332207000000000E-02    1.772356000000000E-02    9.559861000000002E-05    7.503229000000000E-03    3.431010999999999E-03    1.163249000000000E-03    2.397381000000000E-04    2.079240000000000E-04    0.000000000000000E+00    0.000000000000000E+00    0.000000000000000E+00    0.000000000000000E+00    0.000000000000000E+00    1.277688000000000E-04    0.000000000000000E+00    3.659191000000000E-02    1.506541177749000E+42    8.322513654711000E+11    1.894111265183000E+11
                      456    0.000000000000000E+00    0.000000000000000E+00    9.081172561980136E+14    1.024145527575513E+09    1.382836226860585E-12    2.634726414632954E+02    1.888965651642543E+04    1.790516697032619E+04    2.004197407722500E-01    4.232806411036358E+00    0.000000000000000E+00    9.081215663412224E+14    3.354803000000000E-14    0.000000000000000E+00    8.370011000000001E-01    4.053215000000000E-02    1.886284000000000E-03    5.332207000000000E-02    1.772356000000000E-02    9.559861000000002E-05    7.503229000000000E-03    3.431010999999999E-03    1.163249000000000E-03    2.397381000000000E-04    2.079240000000000E-04    0.000000000000000E+00    0.000000000000000E+00    0.000000000000000E+00    0.000000000000000E+00    0.000000000000000E+00    1.277688000000000E-04    0.000000000000000E+00    3.659191000000000E-02    1.506541177749000E+42    8.325792617800000E+11    1.894111265183000E+11
                      457    0.000000000000000E+00    0.000000000000000E+00    9.081258764844310E+14    1.024152248612424E+09    1.382836226860585E-12    2.634726414632954E+02    1.888965651642543E+04    1.790516697032619E+04    2.004197407722500E-01    4.230416342358582E+00    0.000000000000000E+00    9.081303637516695E+14    3.354803000000000E-14    0.000000000000000E+00    8.370011000000001E-01    4.053215000000000E-02    1.886284000000000E-03    5.332207000000000E-02    1.772356000000000E-02    9.559861000000002E-05    7.503229000000000E-03    3.431010999999999E-03    1.163249000000000E-03    2.397381000000000E-04    2.079240000000000E-04    0.000000000000000E+00    0.000000000000000E+00    0.000000000000000E+00    0.000000000000000E+00    0.000000000000000E+00    1.277688000000000E-04    0.000000000000000E+00    3.659191000000000E-02    1.506541177749000E+42    8.325792617800000E+11    1.894111265183000E+11
                      458    0.000000000000000E+00    0.000000000000000E+00    9.081348510189080E+14    1.024158969649335E+09    1.382836226860585E-12    2.634726414632954E+02    1.888965651642543E+04    1.790516697032619E+04    2.003525304031400E-01    4.227932481016419E+00    0.000000000000000E+00    9.081393383305386E+14    3.354803000000000E-14    0.000000000000000E+00    8.370011000000001E-01    4.053215000000000E-02    1.886284000000000E-03    5.332207000000000E-02    1.772356000000000E-02    9.559861000000002E-05    7.503229000000000E-03    3.431010999999999E-03    1.163249000000000E-03    2.397381000000000E-04    2.079240000000000E-04    0.000000000000000E+00    0.000000000000000E+00    0.000000000000000E+00    0.000000000000000E+00    0.000000000000000E+00    1.277688000000000E-04    0.000000000000000E+00    3.659191000000000E-02    1.506541177749000E+42    8.335792617800000E+11    1.894111265183000E+11
                      459    0.000000000000000E+00    0.000000000000000E+00    9.081438256421691E+14    1.024165690686247E+09    1.384809340347455E-12    2.634726414632954E+02    1.888965651642543E+04    1.790516697032619E+04    2.003525304031400E-01    4.225445026726896E+00    0.000000000000000E+00    9.081484900847690E+14    3.354803000000000E-14    0.000000000000000E+00    8.370011000000001E-01    4.053215000000000E-02    1.886284000000000E-03    5.332207000000000E-02    1.772356000000000E-02    9.559861000000002E-05    7.503229000000000E-03    3.431010999999999E-03    1.163249000000000E-03    2.397381000000000E-04    2.079240000000000E-04    0.000000000000000E+00    0.000000000000000E+00    0.000000000000000E+00    0.000000000000000E+00    0.000000000000000E+00    1.277688000000000E-04    0.000000000000000E+00    3.659191000000000E-02    1.506541177749000E+42    8.335792617800000E+11    1.894111265183000E+11
                      460    0.000000000000000E+00    0.000000000000000E+00    9.081531545273688E+14    1.024172411723158E+09    1.384809340347455E-12    2.634726414632954E+02    1.888965651642543E+04    1.790516697032619E+04    2.003525304031400E-01    4.222862867175251E+00    0.000000000000000E+00    9.081578830653502E+14    3.354803000000000E-14    0.000000000000000E+00    8.370011000000001E-01    4.053215000000000E-02    1.886284000000000E-03    5.332207000000000E-02    1.772356000000000E-02    9.559861000000002E-05    7.503229000000000E-03    3.431010999999999E-03    1.163249000000000E-03    2.397381000000000E-04    2.079240000000000E-04    0.000000000000000E+00    0.000000000000000E+00    0.000000000000000E+00    0.000000000000000E+00    0.000000000000000E+00    1.277688000000000E-04    0.000000000000000E+00    3.659191000000000E-02    1.506541177749000E+42    8.339071580888999E+11    1.894111265183000E+11
                      461    0.000000000000000E+00    0.000000000000000E+00    9.081626116033316E+14    1.024179132760069E+09    1.386023993586242E-12    2.634726414632954E+02    1.888965651642543E+04    1.790516697032619E+04    2.003197407722500E-01    4.220237274154583E+00    0.000000000000000E+00    9.081674127237331E+14    3.354803000000000E-14    0.000000000000000E+00    8.370011000000001E-01    4.053215000000000E-02    1.886284000000000E-03    5.332207000000000E-02    1.772356000000000E-02    9.559861000000002E-05    7.503229000000000E-03    3.431010999999999E-03    1.163249000000000E-03    2.397381000000000E-04    2.079240000000000E-04    0.000000000000000E+00    0.000000000000000E+00    0.000000000000000E+00    0.000000000000000E+00    0.000000000000000E+00    1.277688000000000E-04    0.000000000000000E+00    3.659191000000000E-02    1.506541177749000E+42    8.339071580888999E+11    1.900832302094000E+11
                      462    0.000000000000000E+00    0.000000000000000E+00    9.081722138441345E+14    1.024185853796979E+09    1.386023993586242E-12    2.634726414632954E+02    1.888965651642543E+04    1.790516697032619E+04    2.003197407722500E-01    4.217574712571412E+00    0.000000000000000E+00    9.081771195736532E+14    3.354803000000000E-14    0.000000000000000E+00    8.370011000000001E-01    4.053215000000000E-02    1.886284000000000E-03    5.332207000000000E-02    1.772356000000000E-02    9.559861000000002E-05    7.503229000000000E-03    3.431010999999999E-03    1.163249000000000E-03    2.397381000000000E-04    2.079240000000000E-04    0.000000000000000E+00    0.000000000000000E+00    0.000000000000000E+00    0.000000000000000E+00    0.000000000000000E+00    1.277688000000000E-04    0.000000000000000E+00    3.659191000000000E-02    1.506541177749000E+42    8.349071580888999E+11    1.900832302094000E+11
                      463    0.000000000000000E+00    0.000000000000000E+00    9.081820253031720E+14    1.024192574833890E+09    1.386023993586242E-12    2.634726414632954E+02    1.888965651642543E+04    1.790516697032619E+04    2.003197407722500E-01    4.214854342946184E+00    0.000000000000000E+00    9.081870676700155E+14    3.354803000000000E-14    0.000000000000000E+00    8.370011000000001E-01    4.053215000000000E-02    1.886284000000000E-03    5.332207000000000E-02    1.772356000000000E-02    9.559861000000002E-05    7.503229000000000E-03    3.431010999999999E-03    1.163249000000000E-03    2.397381000000000E-04    2.079240000000000E-04    0.000000000000000E+00    0.000000000000000E+00    0.000000000000000E+00    0.000000000000000E+00    0.000000000000000E+00    1.277688000000000E-04    0.000000000000000E+00    3.659191000000000E-02    1.506541177749000E+42    8.349071580888999E+11    1.900832302094000E+11
                      464    0.000000000000000E+00    0.000000000000000E+00    9.081921100368591E+14    1.024200935352346E+09    1.386023993586242E-12    2.634726414632954E+02    1.888965651642543E+04    1.790516697032619E+04    2.003197407722500E-01    4.212055324823170E+00    0.000000000000000E+00    9.081972249952279E+14    3.354803000000000E-14    0.000000000000000E+00    8.370011000000001E-01    4.053215000000000E-02    1.886284000000000E-03    5.332207000000000E-02    1.772356000000000E-02    9.559861000000002E-05    7.503229000000000E-03    3.431010999999999E-03    1.163249000000000E-03    2.397381000000000E-04    2.079240000000000E-04    0.000000000000000E+00    0.000000000000000E+00    0.000000000000000E+00    0.000000000000000E+00    0.000000000000000E+00    1.277688000000000E-04    0.000000000000000E+00    3.659191000000000E-02    1.506541177749000E+42    8.352350543978000E+11    1.904111265183000E+11
                      465    0.000000000000000E+00    0.000000000000000E+00    9.082023399535965E+14    1.024209295870801E+09    1.389219108873140E-12    2.634726414632954E+02    1.888965651642543E+04    1.790516697032619E+04    2.002869511413600E-01    4.209213322893412E+00    0.000000000000000E+00    9.082076640933476E+14    3.354803000000000E-14    0.000000000000000E+00    8.370011000000001E-01    4.053215000000000E-02    1.886284000000000E-03    5.332207000000000E-02    1.772356000000000E-02    9.559861000000002E-05    7.503229000000000E-03    3.431010999999999E-03    1.163249000000000E-03    2.397381000000000E-04    2.079240000000000E-04    0.000000000000000E+00    0.000000000000000E+00    0.000000000000000E+00    0.000000000000000E+00    0.000000000000000E+00    1.277688000000000E-04    0.000000000000000E+00    3.659191000000000E-02    1.506541177749000E+42    8.359071580888999E+11    1.904111265183000E+11
                      466    0.000000000000000E+00    0.000000000000000E+00    9.082129882330988E+14    1.024219377426168E+09    1.389219108873140E-12    2.634726414632954E+02    1.888965651642543E+04    1.790516697032619E+04    2.002869511413600E-01    4.206255479629640E+00    0.000000000000000E+00    9.082183124353210E+14    3.354803000000000E-14    0.000000000000000E+00    8.370011000000001E-01    4.053215000000000E-02    1.886284000000000E-03    5.332207000000000E-02    1.772356000000000E-02    9.559861000000002E-05    7.503229000000000E-03    3.431010999999999E-03    1.163249000000000E-03    2.397381000000000E-04    2.079240000000000E-04    0.000000000000000E+00    0.000000000000000E+00    0.000000000000000E+00    0.000000000000000E+00    0.000000000000000E+00    1.277688000000000E-04    0.000000000000000E+00    3.659191000000000E-02    1.506541177749000E+42    8.362350543977999E+11    1.904111265183000E+11
                      467    0.000000000000000E+00    0.000000000000000E+00    9.082236366375432E+14    1.024229458981534E+09    1.389219108873140E-12    2.634726414632954E+02    1.888965651642543E+04    1.790516697032619E+04    2.002197407722500E-01    4.203298529568015E+00    0.000000000000000E+00    9.082290974929624E+14    3.354803000000000E-14    0.000000000000000E+00    8.370011000000001E-01    4.053215000000000E-02    1.886284000000000E-03    5.332207000000000E-02    1.772356000000000E-02    9.559861000000002E-05    7.503229000000000E-03    3.431010999999999E-03    1.163249000000000E-03    2.397381000000000E-04    2.079240000000000E-04    0.000000000000000E+00    0.000000000000000E+00    0.000000000000000E+00    0.000000000000000E+00    0.000000000000000E+00    1.277688000000000E-04    0.000000000000000E+00    3.659191000000000E-02    1.506541177749000E+42    8.362350543977999E+11    1.904111265183000E+11
                      468    0.000000000000000E+00    0.000000000000000E+00    9.082345583483818E+14    1.024236180018445E+09    1.389219108873140E-12    2.634726414632954E+02    1.888965651642543E+04    1.790516697032619E+04    2.002197407722500E-01    4.200262779992313E+00    0.000000000000000E+00    9.082401238351906E+14    3.354803000000000E-14    0.000000000000000E+00    8.370011000000001E-01    4.053215000000000E-02    1.886284000000000E-03    5.332207000000000E-02    1.772356000000000E-02    9.559861000000002E-05    7.503229000000000E-03    3.431010999999999E-03    1.163249000000000E-03    2.397381000000000E-04    2.079240000000000E-04    0.000000000000000E+00    0.000000000000000E+00    0.000000000000000E+00    0.000000000000000E+00    0.000000000000000E+00    1.277688000000000E-04    0.000000000000000E+00    3.659191000000000E-02    1.506541177749000E+42    8.372350543977999E+11    1.904111265183000E+11
                      469    0.000000000000000E+00    0.000000000000000E+00    9.082456893219995E+14    1.024242901055357E+09    1.390439368696538E-12    2.634726414632954E+02    1.888965651642543E+04    1.790516697032619E+04    2.001869511413600E-01    4.197166990841034E+00    0.000000000000000E+00    9.082514319837845E+14    3.354803000000000E-14    0.000000000000000E+00    8.370011000000001E-01    4.053215000000000E-02    1.886284000000000E-03    5.332207000000000E-02    1.772356000000000E-02    9.559861000000002E-05    7.503229000000000E-03    3.431010999999999E-03    1.163249000000000E-03    2.397381000000000E-04    2.079240000000000E-04    0.000000000000000E+00    0.000000000000000E+00    0.000000000000000E+00    0.000000000000000E+00    0.000000000000000E+00    1.277688000000000E-04    0.000000000000000E+00    3.659191000000000E-02    1.506541177749000E+42    8.375629507067000E+11    1.904111265183000E+11
                      470    0.000000000000000E+00    0.000000000000000E+00    9.082571746455698E+14    1.024252982610723E+09    1.392421589661459E-12    2.634726414632954E+02    1.888965651642543E+04    1.790516697032619E+04    2.001869511413600E-01    4.193971618682049E+00    0.000000000000000E+00    9.082629494076645E+14    3.354803000000000E-14    0.000000000000000E+00    8.370011000000001E-01    4.053215000000000E-02    1.886284000000000E-03    5.332207000000000E-02    1.772356000000000E-02    9.559861000000002E-05    7.503229000000000E-03    3.431010999999999E-03    1.163249000000000E-03    2.397381000000000E-04    2.079240000000000E-04    0.000000000000000E+00    0.000000000000000E+00    0.000000000000000E+00    0.000000000000000E+00    0.000000000000000E+00    1.277688000000000E-04    0.000000000000000E+00    3.659191000000000E-02    1.506541177749000E+42    8.375629507067000E+11    1.904111265183000E+11
                      471    0.000000000000000E+00    0.000000000000000E+00    9.082687241697592E+14    1.024263064166089E+09    1.392421589661459E-12    2.634726414632954E+02    1.888965651642543E+04    1.790516697032619E+04    2.001869511413600E-01    4.190755290087866E+00    0.000000000000000E+00    9.082747081446772E+14    3.354803000000000E-14    0.000000000000000E+00    8.370011000000001E-01    4.053215000000000E-02    1.886284000000000E-03    5.332207000000000E-02    1.772356000000000E-02    9.559861000000002E-05    7.503229000000000E-03    3.431010999999999E-03    1.163249000000000E-03    2.397381000000000E-04    2.079240000000000E-04    0.000000000000000E+00    0.000000000000000E+00    0.000000000000000E+00    0.000000000000000E+00    0.000000000000000E+00    1.277688000000000E-04    0.000000000000000E+00    3.659191000000000E-02    1.506541177749000E+42    8.385629507067000E+11    1.907390228272000E+11
                      472    0.000000000000000E+00    0.000000000000000E+00    9.082806921195954E+14    1.024269785203001E+09    1.392421589661459E-12    2.634726414632954E+02    1.890487783629342E+04    1.790516697032619E+04    2.001869511413600E-01    4.187422893483812E+00    0.000000000000000E+00    9.082867487159785E+14    3.354803000000000E-14    0.000000000000000E+00    8.370011000000001E-01    4.053215000000000E-02    1.886284000000000E-03    5.332207000000000E-02    1.772356000000000E-02    9.559861000000002E-05    7.503229000000000E-03    3.431010999999999E-03    1.163249000000000E-03    2.397381000000000E-04    2.079240000000000E-04    0.000000000000000E+00    0.000000000000000E+00    0.000000000000000E+00    0.000000000000000E+00    0.000000000000000E+00    1.277688000000000E-04    0.000000000000000E+00    3.659191000000000E-02    1.506541177749000E+42    8.385629507067000E+11    1.907390228272000E+11
                      473    0.000000000000000E+00    0.000000000000000E+00    9.082928053123615E+14    1.024281506239911E+09    1.393644662474268E-12    2.634726414632954E+02    1.890487783629342E+04    1.790516697032619E+04    2.001541615104700E-01    4.184051085278914E+00    0.000000000000000E+00    9.082989985910291E+14    3.354803000000000E-14    0.000000000000000E+00    8.370011000000001E-01    4.053215000000000E-02    1.886284000000000E-03    5.332207000000000E-02    1.772356000000000E-02    9.559861000000002E-05    7.503229000000000E-03    3.431010999999999E-03    1.163249000000000E-03    2.397381000000000E-04    2.079240000000000E-04    0.000000000000000E+00    0.000000000000000E+00    0.000000000000000E+00    0.000000000000000E+00    0.000000000000000E+00    1.277688000000000E-04    0.000000000000000E+00    3.659191000000000E-02    1.506541177749000E+42    8.388908470156000E+11    1.907390228272000E+11
                      474    0.000000000000000E+00    0.000000000000000E+00    9.083051918696970E+14    1.024293227276822E+09    1.393644662474268E-12    2.634726414632954E+02    1.890487783629342E+04    1.790516697032619E+04    2.001541615104700E-01    4.180600224514429E+00    0.000000000000000E+00    9.083114898068431E+14    3.354803000000000E-14    0.000000000000000E+00    8.370011000000001E-01    4.053215000000000E-02    1.886284000000000E-03    5.332207000000000E-02    1.772356000000000E-02    9.559861000000002E-05    7.503229000000000E-03    3.431010999999999E-03    1.163249000000000E-03    2.397381000000000E-04    2.079240000000000E-04    0.000000000000000E+00    0.000000000000000E+00    0.000000000000000E+00    0.000000000000000E+00    0.000000000000000E+00    1.277688000000000E-04    0.000000000000000E+00    3.659191000000000E-02    1.506541177749000E+42    8.398908470155999E+11    1.914111265183000E+11
                      475    0.000000000000000E+00    0.000000000000000E+00    9.083177877439895E+14    1.024303308832189E+09    1.395631452930437E-12    2.634726414632954E+02    1.890487783629342E+04    1.790516697032619E+04    2.000869511413600E-01    4.177087317297209E+00    0.000000000000000E+00    9.083242223738950E+14    3.354803000000000E-14    0.000000000000000E+00    8.370011000000001E-01    4.053215000000000E-02    1.886284000000000E-03    5.332207000000000E-02    1.772356000000000E-02    9.559861000000002E-05    7.503229000000000E-03    3.431010999999999E-03    1.163249000000000E-03    2.397381000000000E-04    2.079240000000000E-04    0.000000000000000E+00    0.000000000000000E+00    0.000000000000000E+00    0.000000000000000E+00    0.000000000000000E+00    1.277688000000000E-04    0.000000000000000E+00    3.659191000000000E-02    1.506541177749000E+42    8.398908470155999E+11    1.914111265183000E+11
                      476    0.000000000000000E+00    0.000000000000000E+00    9.083306570038006E+14    1.024313390387555E+09    1.396857345217266E-12    2.634726414632954E+02    1.890487783629342E+04    1.790516697032619E+04    2.000541615104700E-01    4.173492821518571E+00    0.000000000000000E+00    9.083372688484528E+14    3.354803000000000E-14    0.000000000000000E+00    8.370011000000001E-01    4.053215000000000E-02    1.886284000000000E-03    5.332207000000000E-02    1.772356000000000E-02    9.559861000000002E-05    7.503229000000000E-03    3.431010999999999E-03    1.163249000000000E-03    2.397381000000000E-04    2.079240000000000E-04    0.000000000000000E+00    0.000000000000000E+00    0.000000000000000E+00    0.000000000000000E+00    0.000000000000000E+00    1.277688000000000E-04    0.000000000000000E+00    3.659191000000000E-02    1.506541177749000E+42    8.408908470156000E+11    1.914111265183000E+11
                      477    0.000000000000000E+00    0.000000000000000E+00    9.083438806931049E+14    1.024323471942922E+09    1.396857345217266E-12    2.634726414632954E+02    1.890487783629342E+04    1.790516697032619E+04    2.000541615104700E-01    4.169802947716816E+00    0.000000000000000E+00    9.083505972125841E+14    3.354803000000000E-14    0.000000000000000E+00    8.370011000000001E-01    4.053215000000000E-02    1.886284000000000E-03    5.332207000000000E-02    1.772356000000000E-02    9.559861000000002E-05    7.503229000000000E-03    3.431010999999999E-03    1.163249000000000E-03    2.397381000000000E-04    2.079240000000000E-04    0.000000000000000E+00    0.000000000000000E+00    0.000000000000000E+00    0.000000000000000E+00    0.000000000000000E+00    1.277688000000000E-04    0.000000000000000E+00    3.659191000000000E-02    1.506541177749000E+42    8.412187433245000E+11    1.914111265183000E+11
                      478    0.000000000000000E+00    0.000000000000000E+00    9.083573137320634E+14    1.024333553498289E+09    1.396857345217266E-12    2.634726414632954E+02    1.890487783629342E+04    1.790516697032619E+04    2.000541615104700E-01    4.166054858990881E+00    0.000000000000000E+00    9.083642395110938E+14    3.354803000000000E-14    0.000000000000000E+00    8.370011000000001E-01    4.053215000000000E-02    1.886284000000000E-03    5.332207000000000E-02    1.772356000000000E-02    9.559861000000002E-05    7.503229000000000E-03    3.431010999999999E-03    1.163249000000000E-03    2.397381000000000E-04    2.079240000000000E-04    0.000000000000000E+00    0.000000000000000E+00    0.000000000000000E+00    0.000000000000000E+00    0.000000000000000E+00    1.277688000000000E-04    0.000000000000000E+00    3.659191000000000E-02    1.506541177749000E+42    8.415466396333999E+11    1.917390228272000E+11
                      479    0.000000000000000E+00    0.000000000000000E+00    9.083711652901242E+14    1.024345274535199E+09    1.398086063477673E-12    2.634726414632954E+02    1.890487783629342E+04    1.790516697032619E+04    2.000541615104700E-01    4.162187051568895E+00    0.000000000000000E+00    9.083781232067824E+14    3.354803000000000E-14    0.000000000000000E+00    8.370011000000001E-01    4.053215000000000E-02    1.886284000000000E-03    5.332207000000000E-02    1.772356000000000E-02    9.559861000000002E-05    7.503229000000000E-03    3.431010999999999E-03    1.163249000000000E-03    2.397381000000000E-04    2.079240000000000E-04    0.000000000000000E+00    0.000000000000000E+00    0.000000000000000E+00    0.000000000000000E+00    0.000000000000000E+00    1.277688000000000E-04    0.000000000000000E+00    3.659191000000000E-02    1.506541177749000E+42    8.422187433245000E+11    1.917390228272000E+11
                      480    0.000000000000000E+00    0.000000000000000E+00    9.083850811234406E+14    1.024360356090566E+09    1.400077433958855E-12    2.634726414632954E+02    1.890487783629342E+04    1.790516697032619E+04    2.000213718795800E-01    4.158293303478435E+00    0.000000000000000E+00    9.083922888318865E+14    3.354803000000000E-14    0.000000000000000E+00    8.370011000000001E-01    4.053215000000000E-02    1.886284000000000E-03    5.332207000000000E-02    1.772356000000000E-02    9.559861000000002E-05    7.503229000000000E-03    3.431010999999999E-03    1.163249000000000E-03    2.397381000000000E-04    2.079240000000000E-04    0.000000000000000E+00    0.000000000000000E+00    0.000000000000000E+00    0.000000000000000E+00    0.000000000000000E+00    1.277688000000000E-04    0.000000000000000E+00    3.659191000000000E-02    1.506541177749000E+42    8.425466396333999E+11    1.917390228272000E+11
                      481    0.000000000000000E+00    0.000000000000000E+00    9.083994965403322E+14    1.024370437645932E+09    1.400077433958855E-12    2.634726414632954E+02    1.890487783629342E+04    1.790516697032619E+04    2.000213718795800E-01    4.154266698898276E+00    0.000000000000000E+00    9.084068004621976E+14    3.354803000000000E-14    0.000000000000000E+00    8.370011000000001E-01    4.053215000000000E-02    1.886284000000000E-03    5.332207000000000E-02    1.772356000000000E-02    9.559861000000002E-05    7.503229000000000E-03    3.431010999999999E-03    1.163249000000000E-03    2.397381000000000E-04    2.079240000000000E-04    0.000000000000000E+00    0.000000000000000E+00    0.000000000000000E+00    0.000000000000000E+00    0.000000000000000E+00    1.277688000000000E-04    0.000000000000000E+00    3.659191000000000E-02    1.506541177749000E+42    8.435466396333999E+11    1.917390228272000E+11
                      482    0.000000000000000E+00    0.000000000000000E+00    9.084141043840631E+14    1.024380519201299E+09    1.401308984707384E-12    2.634726414632954E+02    1.890487783629342E+04    1.790516697032619E+04    1.999541615104700E-01    4.150174614199580E+00    0.000000000000000E+00    9.084215535299318E+14    3.354803000000000E-14    0.000000000000000E+00    8.370011000000001E-01    4.053215000000000E-02    1.886284000000000E-03    5.332207000000000E-02    1.772356000000000E-02    9.559861000000002E-05    7.503229000000000E-03    3.431010999999999E-03    1.163249000000000E-03    2.397381000000000E-04    2.079240000000000E-04    0.000000000000000E+00    0.000000000000000E+00    0.000000000000000E+00    0.000000000000000E+00    0.000000000000000E+00    1.277688000000000E-04    0.000000000000000E+00    3.659191000000000E-02    1.506541177749000E+42    8.438745359422999E+11    1.917390228272000E+11
                      483    0.000000000000000E+00    0.000000000000000E+00    9.084290026758001E+14    1.024393961275121E+09    1.401308984707384E-12    2.634726414632954E+02    1.890487783629342E+04    1.790516697032619E+04    1.999213718795800E-01    4.146008763299775E+00    0.000000000000000E+00    9.084365885665106E+14    3.354803000000000E-14    0.000000000000000E+00    8.370011000000001E-01    4.053215000000000E-02    1.886284000000000E-03    5.332207000000000E-02    1.772356000000000E-02    9.559861000000002E-05    7.503229000000000E-03    3.431010999999999E-03    1.163249000000000E-03    2.397381000000000E-04    2.079240000000000E-04    0.000000000000000E+00    0.000000000000000E+00    0.000000000000000E+00    0.000000000000000E+00    0.000000000000000E+00    1.277688000000000E-04    0.000000000000000E+00    3.659191000000000E-02    1.506541177749000E+42    8.445466396333999E+11    1.917390228272000E+11
                      484    0.000000000000000E+00    0.000000000000000E+00    9.084441744572212E+14    1.024409042830487E+09    1.403304945771624E-12    2.634726414632954E+02    1.890487783629342E+04    1.790516697032619E+04    1.999213718795800E-01    4.141757367747820E+00    0.000000000000000E+00    9.084519696552962E+14    3.354803000000000E-14    0.000000000000000E+00    8.370011000000001E-01    4.053215000000000E-02    1.886284000000000E-03    5.332207000000000E-02    1.772356000000000E-02    9.559861000000002E-05    7.503229000000000E-03    3.431010999999999E-03    1.163249000000000E-03    2.397381000000000E-04    2.079240000000000E-04    0.000000000000000E+00    0.000000000000000E+00    0.000000000000000E+00    0.000000000000000E+00    0.000000000000000E+00    1.277688000000000E-04    0.000000000000000E+00    3.659191000000000E-02    1.506541177749000E+42    8.448745359423000E+11    1.920669191361000E+11
                      485    0.000000000000000E+00    0.000000000000000E+00    9.084597648533712E+14    1.024424124385854E+09    1.404539335537833E-12    2.634726414632954E+02    1.890487783629342E+04    1.790516697032619E+04    1.999213718795800E-01    4.137385319170902E+00    0.000000000000000E+00    9.084677373343060E+14    3.354803000000000E-14    0.000000000000000E+00    8.370011000000001E-01    4.053215000000000E-02    1.886284000000000E-03    5.332207000000000E-02    1.772356000000000E-02    9.559861000000002E-05    7.503229000000000E-03    3.431010999999999E-03    1.163249000000000E-03    2.397381000000000E-04    2.079240000000000E-04    0.000000000000000E+00    0.000000000000000E+00    0.000000000000000E+00    0.000000000000000E+00    0.000000000000000E+00    1.277688000000000E-04    0.000000000000000E+00    3.659191000000000E-02    1.506541177749000E+42    8.452024322512000E+11    1.927390228272000E+11
                      486    0.000000000000000E+00    0.000000000000000E+00    9.084757098152408E+14    1.024437566459676E+09    1.404539335537833E-12    2.634726414632954E+02    1.890487783629342E+04    1.790516697032619E+04    1.998885822486900E-01    4.132918252886521E+00    0.000000000000000E+00    9.084838190660319E+14    3.354803000000000E-14    0.000000000000000E+00    8.370011000000001E-01    4.053215000000000E-02    1.886284000000000E-03    5.332207000000000E-02    1.772356000000000E-02    9.559861000000002E-05    7.503229000000000E-03    3.431010999999999E-03    1.163249000000000E-03    2.397381000000000E-04    2.079240000000000E-04    0.000000000000000E+00    0.000000000000000E+00    0.000000000000000E+00    0.000000000000000E+00    0.000000000000000E+00    1.277688000000000E-04    0.000000000000000E+00    3.659191000000000E-02    1.509820140838000E+42    8.462024322512000E+11    1.927390228272000E+11
                      487    0.000000000000000E+00    0.000000000000000E+00    9.084919283168231E+14    1.024451008533498E+09    1.404539335537833E-12    2.634726414632954E+02    1.890487783629342E+04    1.790516697032619E+04    1.998885822486900E-01    4.128371560311798E+00    0.000000000000000E+00    9.085001423083900E+14    3.354803000000000E-14    0.000000000000000E+00    8.370011000000001E-01    4.053215000000000E-02    1.886284000000000E-03    5.332207000000000E-02    1.772356000000000E-02    9.559861000000002E-05    7.503229000000000E-03    3.431010999999999E-03    1.163249000000000E-03    2.397381000000000E-04    2.079240000000000E-04    0.000000000000000E+00    0.000000000000000E+00    0.000000000000000E+00    0.000000000000000E+00    0.000000000000000E+00    1.277688000000000E-04    0.000000000000000E+00    3.659191000000000E-02    1.509820140838000E+42    8.465303285600999E+11    1.927390228272000E+11
                      488    0.000000000000000E+00    0.000000000000000E+00    9.085083562999568E+14    1.024464450607320E+09    1.407777133096023E-12    2.634726414632954E+02    1.893320167190554E+04    1.790516697032619E+04    1.997885822486900E-01    4.123758040582465E+00    0.000000000000000E+00    9.085168116728922E+14    3.354803000000000E-14    0.000000000000000E+00    8.370011000000001E-01    4.053215000000000E-02    1.886284000000000E-03    5.332207000000000E-02    1.772356000000000E-02    9.559861000000002E-05    7.503229000000000E-03    3.431010999999999E-03    1.163249000000000E-03    2.397381000000000E-04    2.079240000000000E-04    0.000000000000000E+00    0.000000000000000E+00    0.000000000000000E+00    0.000000000000000E+00    0.000000000000000E+00    1.277688000000000E-04    0.000000000000000E+00    3.659191000000000E-02    1.509820140838000E+42    8.475303285601000E+11    1.927390228272000E+11
                      489    0.000000000000000E+00    0.000000000000000E+00    9.085252670458280E+14    1.024479532162686E+09    1.407777133096023E-12    2.634726414632954E+02    1.893320167190554E+04    1.790516697032619E+04    1.997885822486900E-01    4.119006198803858E+00    0.000000000000000E+00    9.085338997382096E+14    3.354803000000000E-14    0.000000000000000E+00    8.370011000000001E-01    4.053215000000000E-02    1.886284000000000E-03    5.332207000000000E-02    1.772356000000000E-02    9.559861000000002E-05    7.503229000000000E-03    3.431010999999999E-03    1.163249000000000E-03    2.397381000000000E-04    2.079240000000000E-04    0.000000000000000E+00    0.000000000000000E+00    0.000000000000000E+00    0.000000000000000E+00    0.000000000000000E+00    1.277688000000000E-04    0.000000000000000E+00    3.659191000000000E-02    1.516541177749000E+42    8.475303285601000E+11    1.930669191361000E+11
                      490    0.000000000000000E+00    0.000000000000000E+00    9.085425324305911E+14    1.024494613718053E+09    1.409017220546515E-12    2.634726414632954E+02    1.893320167190554E+04    1.790516697032619E+04    1.997885822486900E-01    4.114154135048872E+00    0.000000000000000E+00    9.085513424524449E+14    3.354803000000000E-14    0.000000000000000E+00    8.370011000000001E-01    4.053215000000000E-02    1.886284000000000E-03    5.332207000000000E-02    1.772356000000000E-02    9.559861000000002E-05    7.503229000000000E-03    3.431010999999999E-03    1.163249000000000E-03    2.397381000000000E-04    2.079240000000000E-04    0.000000000000000E+00    0.000000000000000E+00    0.000000000000000E+00    0.000000000000000E+00    0.000000000000000E+00    1.277688000000000E-04    0.000000000000000E+00    3.659191000000000E-02    1.516541177749000E+42    8.485303285601000E+11    1.930669191361000E+11
                      491    0.000000000000000E+00    0.000000000000000E+00    9.085601524742986E+14    1.024508055791875E+09    1.411022394548433E-12    2.634726414632954E+02    1.893320167190554E+04    1.790516697032619E+04    1.997557926178000E-01    4.109199749765309E+00    0.000000000000000E+00    9.085691313490568E+14    3.354803000000000E-14    0.000000000000000E+00    8.370011000000001E-01    4.053215000000000E-02    1.886284000000000E-03    5.332207000000000E-02    1.772356000000000E-02    9.559861000000002E-05    7.503229000000000E-03    3.431010999999999E-03    1.163249000000000E-03    2.397381000000000E-04    2.079240000000000E-04    0.000000000000000E+00    0.000000000000000E+00    0.000000000000000E+00    0.000000000000000E+00    0.000000000000000E+00    1.277688000000000E-04    0.000000000000000E+00    3.659191000000000E-02    1.516541177749000E+42    8.488582248690000E+11    1.930669191361000E+11
                      492    0.000000000000000E+00    0.000000000000000E+00    9.085781102238149E+14    1.024524858384152E+09    1.411022394548433E-12    2.634726414632954E+02    1.893320167190554E+04    1.790516697032619E+04    1.997557926178000E-01    4.104144217065909E+00    0.000000000000000E+00    9.085872664485328E+14    3.354803000000000E-14    0.000000000000000E+00    8.370011000000001E-01    4.053215000000000E-02    1.886284000000000E-03    5.332207000000000E-02    1.772356000000000E-02    9.559861000000002E-05    7.503229000000000E-03    3.431010999999999E-03    1.163249000000000E-03    2.397381000000000E-04    2.079240000000000E-04    0.000000000000000E+00    0.000000000000000E+00    0.000000000000000E+00    0.000000000000000E+00    0.000000000000000E+00    1.277688000000000E-04    0.000000000000000E+00    3.659191000000000E-02    1.516541177749000E+42    8.498582248690000E+11    1.930669191361000E+11
                      493    0.000000000000000E+00    0.000000000000000E+00    9.085964226732508E+14    1.024543300457975E+09    1.412265340695735E-12    2.634726414632954E+02    1.893320167190554E+04    1.790516697032619E+04    1.996557926178000E-01    4.098990562636878E+00    0.000000000000000E+00    9.086057882989629E+14    3.354803000000000E-14    0.000000000000000E+00    8.370011000000001E-01    4.053215000000000E-02    1.886284000000000E-03    5.332207000000000E-02    1.772356000000000E-02    9.559861000000002E-05    7.503229000000000E-03    3.431010999999999E-03    1.163249000000000E-03    2.397381000000000E-04    2.079240000000000E-04    0.000000000000000E+00    0.000000000000000E+00    0.000000000000000E+00    0.000000000000000E+00    0.000000000000000E+00    1.277688000000000E-04    0.000000000000000E+00    3.659191000000000E-02    1.516541177749000E+42    8.501861211778999E+11    1.930669191361000E+11
                      494    0.000000000000000E+00    0.000000000000000E+00    9.086151539246752E+14    1.024558382013341E+09    1.412265340695735E-12    2.634726414632954E+02    1.893320167190554E+04    1.790516697032619E+04    1.996557926178000E-01    4.093719416291690E+00    0.000000000000000E+00    9.086246884361494E+14    3.354803000000000E-14    0.000000000000000E+00    8.370011000000001E-01    4.053215000000000E-02    1.886284000000000E-03    5.332207000000000E-02    1.772356000000000E-02    9.559861000000002E-05    7.503229000000000E-03    3.431010999999999E-03    1.163249000000000E-03    2.397381000000000E-04    2.079240000000000E-04    0.000000000000000E+00    0.000000000000000E+00    0.000000000000000E+00    0.000000000000000E+00    0.000000000000000E+00    1.277688000000000E-04    0.000000000000000E+00    3.659191000000000E-02    1.516541177749000E+42    8.511861211778999E+11    1.940669191361000E+11
                      495    0.000000000000000E+00    0.000000000000000E+00    9.086342229476235E+14    1.024575184605618E+09    1.415520948535204E-12    2.634726414632954E+02    1.893320167190554E+04    1.790516697032619E+04    1.996557926178000E-01    4.088334622744490E+00    0.000000000000000E+00    9.086440074136229E+14    3.354803000000000E-14    0.000000000000000E+00    8.370011000000001E-01    4.053215000000000E-02    1.886284000000000E-03    5.332207000000000E-02    1.772356000000000E-02    9.559861000000002E-05    7.503229000000000E-03    3.431010999999999E-03    1.163249000000000E-03    2.397381000000000E-04    2.079240000000000E-04    0.000000000000000E+00    0.000000000000000E+00    0.000000000000000E+00    0.000000000000000E+00    0.000000000000000E+00    1.277688000000000E-04    0.000000000000000E+00    3.659191000000000E-02    1.516541177749000E+42    8.515140174868000E+11    1.940669191361000E+11
                      496    0.000000000000000E+00    0.000000000000000E+00    9.086537918796219E+14    1.024593626679440E+09    1.415520948535204E-12    2.634726414632954E+02    1.893320167190554E+04    1.790516697032619E+04    1.996230029869100E-01    4.082816804745139E+00    0.000000000000000E+00    9.086637132139236E+14    3.354803000000000E-14    0.000000000000000E+00    8.370011000000001E-01    4.053215000000000E-02    1.886284000000000E-03    5.332207000000000E-02    1.772356000000000E-02    9.559861000000002E-05    7.503229000000000E-03    3.431010999999999E-03    1.163249000000000E-03    2.397381000000000E-04    2.079240000000000E-04    0.000000000000000E+00    0.000000000000000E+00    0.000000000000000E+00    0.000000000000000E+00    0.000000000000000E+00    1.277688000000000E-04    0.000000000000000E+00    3.659191000000000E-02    1.516541177749000E+42    8.525140174867999E+11    1.940669191361000E+11
                      497    0.000000000000000E+00    0.000000000000000E+00    9.086736345482252E+14    1.024612068753263E+09    1.416769631861250E-12    2.648640134842354E+02    1.893320167190554E+04    1.793190639539394E+04    1.996230029869100E-01    4.077213922822963E+00    0.000000000000000E+00    9.086838379077820E+14    3.354803000000000E-14    0.000000000000000E+00    8.370011000000001E-01    4.053215000000000E-02    1.886284000000000E-03    5.332207000000000E-02    1.772356000000000E-02    9.559861000000002E-05    7.503229000000000E-03    3.431010999999999E-03    1.163249000000000E-03    2.397381000000000E-04    2.079240000000000E-04    0.000000000000000E+00    0.000000000000000E+00    0.000000000000000E+00    0.000000000000000E+00    0.000000000000000E+00    1.277688000000000E-04    0.000000000000000E+00    3.659191000000000E-02    1.516541177749000E+42    8.535140174868000E+11    1.940669191361000E+11
                      498    0.000000000000000E+00    0.000000000000000E+00    9.086940412673388E+14    1.024632231863996E+09    1.418784061325833E-12    2.648640134842354E+02    1.893320167190554E+04    1.793190639539394E+04    1.995902133560200E-01    4.071448378836658E+00    0.000000000000000E+00    9.087043815198509E+14    3.354803000000000E-14    0.000000000000000E+00    8.370011000000001E-01    4.053215000000000E-02    1.886284000000000E-03    5.332207000000000E-02    1.772356000000000E-02    9.559861000000002E-05    7.503229000000000E-03    3.431010999999999E-03    1.163249000000000E-03    2.397381000000000E-04    2.079240000000000E-04    0.000000000000000E+00    0.000000000000000E+00    0.000000000000000E+00    0.000000000000000E+00    0.000000000000000E+00    1.277688000000000E-04    0.000000000000000E+00    3.659191000000000E-02    1.516541177749000E+42    8.538419137957000E+11    1.943948154450000E+11
                      499    0.000000000000000E+00    0.000000000000000E+00    9.087147217723631E+14    1.024650673937818E+09    1.420035623164228E-12    2.648640134842354E+02    1.893320167190554E+04    1.793190639539394E+04    1.995230029869100E-01    4.065599222510703E+00    0.000000000000000E+00    9.087252715044961E+14    3.354803000000000E-14    0.000000000000000E+00    8.370011000000001E-01    4.053215000000000E-02    1.886284000000000E-03    5.332207000000000E-02    1.772356000000000E-02    9.559861000000002E-05    7.503229000000000E-03    3.431010999999999E-03    1.163249000000000E-03    2.397381000000000E-04    2.079240000000000E-04    0.000000000000000E+00    0.000000000000000E+00    0.000000000000000E+00    0.000000000000000E+00    0.000000000000000E+00    1.277688000000000E-04    0.000000000000000E+00    3.659191000000000E-02    1.516541177749000E+42    8.548419137957000E+11    1.943948154450000E+11
                      500    0.000000000000000E+00    0.000000000000000E+00    9.087358212366290E+14    1.024669116011639E+09    1.420035623164228E-12    2.648640134842354E+02    1.893320167190554E+04    1.793190639539394E+04    1.994902133560200E-01    4.059633086142556E+00    0.000000000000000E+00    9.087466125085900E+14    3.354803000000000E-14    0.000000000000000E+00    8.370011000000001E-01    4.053215000000000E-02    1.886284000000000E-03    5.332207000000000E-02    1.772356000000000E-02    9.559861000000002E-05    7.503229000000000E-03    3.431010999999999E-03    1.163249000000000E-03    2.397381000000000E-04    2.079240000000000E-04    0.000000000000000E+00    0.000000000000000E+00    0.000000000000000E+00    0.000000000000000E+00    0.000000000000000E+00    1.277688000000000E-04    0.000000000000000E+00    3.659191000000000E-02    1.516541177749000E+42    8.554977064135000E+11    1.943948154450000E+11
                      501    0.000000000000000E+00    0.000000000000000E+00    9.087574037805510E+14    1.024689279122373E+09    1.423309143354720E-12    2.648640134842354E+02    1.894845808053971E+04    1.793190639539394E+04    1.994902133560200E-01    4.053513443750065E+00    0.000000000000000E+00    9.087684450974212E+14    3.354803000000000E-14    0.000000000000000E+00    8.370011000000001E-01    4.053215000000000E-02    1.886284000000000E-03    5.332207000000000E-02    1.772356000000000E-02    9.559861000000002E-05    7.503229000000000E-03    3.431010999999999E-03    1.163249000000000E-03    2.397381000000000E-04    2.079240000000000E-04    0.000000000000000E+00    0.000000000000000E+00    0.000000000000000E+00    0.000000000000000E+00    0.000000000000000E+00    1.277688000000000E-04    0.000000000000000E+00    3.659191000000000E-02    1.516541177749000E+42    8.561698101045999E+11    1.950669191361000E+11
                      502    0.000000000000000E+00    0.000000000000000E+00    9.087794864142912E+14    1.024711081714650E+09    1.423309143354720E-12    2.648640134842354E+02    1.894845808053971E+04    1.793190639539394E+04    1.994574237251300E-01    4.047260282601596E+00    0.000000000000000E+00    9.087907693061926E+14    3.354803000000000E-14    0.000000000000000E+00    8.370011000000001E-01    4.053215000000000E-02    1.886284000000000E-03    5.332207000000000E-02    1.772356000000000E-02    9.559861000000002E-05    7.503229000000000E-03    3.431010999999999E-03    1.163249000000000E-03    2.397381000000000E-04    2.079240000000000E-04    0.000000000000000E+00    0.000000000000000E+00    0.000000000000000E+00    0.000000000000000E+00    0.000000000000000E+00    1.277688000000000E-04    0.000000000000000E+00    3.659191000000000E-02    1.516541177749000E+42    8.568419137957000E+11    1.953948154450000E+11
                      503    0.000000000000000E+00    0.000000000000000E+00    9.088020521980940E+14    1.024732884306927E+09    1.424566482140083E-12    2.648640134842354E+02    1.894845808053971E+04    1.793190639539394E+04    1.993902133560200E-01    4.040863868906228E+00    0.000000000000000E+00    9.088134720507559E+14    3.354803000000000E-14    0.000000000000000E+00    8.370011000000001E-01    4.053215000000000E-02    1.886284000000000E-03    5.332207000000000E-02    1.772356000000000E-02    9.559861000000002E-05    7.503229000000000E-03    3.431010999999999E-03    1.163249000000000E-03    2.397381000000000E-04    2.079240000000000E-04    0.000000000000000E+00    0.000000000000000E+00    0.000000000000000E+00    0.000000000000000E+00    0.000000000000000E+00    1.277688000000000E-04    0.000000000000000E+00    3.659191000000000E-02    1.516541177749000E+42    8.568419137957000E+11    1.953948154450000E+11
                      504    0.000000000000000E+00    0.000000000000000E+00    9.088248919034179E+14    1.024758047417660E+09    1.426590209788605E-12    2.659105237990792E+02    1.894845808053971E+04    1.794644264301736E+04    1.993574237251300E-01    4.034378646815141E+00    0.000000000000000E+00    9.088365938993622E+14    3.354803000000000E-14    0.000000000000000E+00    8.370011000000001E-01    4.053215000000000E-02    1.886284000000000E-03    5.332207000000000E-02    1.772356000000000E-02    9.559861000000002E-05    7.503229000000000E-03    3.431010999999999E-03    1.163249000000000E-03    2.397381000000000E-04    2.079240000000000E-04    0.000000000000000E+00    0.000000000000000E+00    0.000000000000000E+00    0.000000000000000E+00    0.000000000000000E+00    1.277688000000000E-04    0.000000000000000E+00    3.659191000000000E-02    1.516541177749000E+42    8.575140174867999E+11    1.953948154450000E+11
                      505    0.000000000000000E+00    0.000000000000000E+00    9.088482958953065E+14    1.024783210528394E+09    1.427850447039212E-12    2.659105237990792E+02    1.894845808053971E+04    1.794644264301736E+04    1.993574237251300E-01    4.027731327893212E+00    0.000000000000000E+00    9.088602395181080E+14    3.354803000000000E-14    0.000000000000000E+00    8.370011000000001E-01    4.053215000000000E-02    1.886284000000000E-03    5.332207000000000E-02    1.772356000000000E-02    9.559861000000002E-05    7.503229000000000E-03    3.431010999999999E-03    1.163249000000000E-03    2.397381000000000E-04    2.079240000000000E-04    0.000000000000000E+00    0.000000000000000E+00    0.000000000000000E+00    0.000000000000000E+00    0.000000000000000E+00    1.277688000000000E-04    0.000000000000000E+00    3.659191000000000E-02    1.516541177749000E+42    8.607929805757999E+11    1.957227117539000E+11
                      506    0.000000000000000E+00    0.000000000000000E+00    9.088721831409095E+14    1.024805013120671E+09    1.427850447039212E-12    2.659105237990792E+02    1.894845808053971E+04    1.794644264301736E+04    1.993246340942400E-01    4.020945112868529E+00    0.000000000000000E+00    9.088844089488320E+14    3.354803000000000E-14    0.000000000000000E+00    8.370011000000001E-01    4.053215000000000E-02    1.886284000000000E-03    5.332207000000000E-02    1.772356000000000E-02    9.559861000000002E-05    7.503229000000000E-03    3.431010999999999E-03    1.163249000000000E-03    2.397381000000000E-04    2.079240000000000E-04    0.000000000000000E+00    0.000000000000000E+00    0.000000000000000E+00    0.000000000000000E+00    0.000000000000000E+00    1.277688000000000E-04    0.000000000000000E+00    3.659191000000000E-02    1.516541177749000E+42    8.614650842668999E+11    1.957227117539000E+11
                      507    0.000000000000000E+00    0.000000000000000E+00    9.088966347567545E+14    1.024830176231404E+09    1.431141982259273E-12    2.659105237990792E+02    1.894845808053971E+04    1.794644264301736E+04    1.993246340942400E-01    4.013986425029096E+00    0.000000000000000E+00    9.089091022322802E+14    3.354803000000000E-14    0.000000000000000E+00    8.370011000000001E-01    4.053215000000000E-02    1.886284000000000E-03    5.332207000000000E-02    1.772356000000000E-02    9.559861000000002E-05    7.503229000000000E-03    3.431010999999999E-03    1.163249000000000E-03    2.397381000000000E-04    2.079240000000000E-04    0.000000000000000E+00    0.000000000000000E+00    0.000000000000000E+00    0.000000000000000E+00    0.000000000000000E+00    1.277688000000000E-04    0.000000000000000E+00    3.659191000000000E-02    1.516541177749000E+42    8.621371879580000E+11    1.957227117539000E+11
                      508    0.000000000000000E+00    0.000000000000000E+00    9.089215697078060E+14    1.024855339342137E+09    1.431141982259273E-12    2.659105237990792E+02    1.894845808053971E+04    1.794644264301736E+04    1.992246340942400E-01    4.006890812453388E+00    0.000000000000000E+00    9.089342468183346E+14    3.354803000000000E-14    0.000000000000000E+00    8.370011000000001E-01    4.053215000000000E-02    1.886284000000000E-03    5.332207000000000E-02    1.772356000000000E-02    9.559861000000002E-05    7.503229000000000E-03    3.431010999999999E-03    1.163249000000000E-03    2.397381000000000E-04    2.079240000000000E-04    0.000000000000000E+00    0.000000000000000E+00    0.000000000000000E+00    0.000000000000000E+00    0.000000000000000E+00    1.277688000000000E-04    0.000000000000000E+00    3.659191000000000E-02    1.519820140838000E+42    8.621371879580000E+11    1.963948154450000E+11
                      509    0.000000000000000E+00    0.000000000000000E+00    9.089469239288632E+14    1.024880502452870E+09    1.434441105251657E-12    2.659105237990792E+02    1.894845808053971E+04    1.794644264301736E+04    1.992246340942400E-01    3.999659649093845E+00    0.000000000000000E+00    9.089598832877572E+14    3.354803000000000E-14    0.000000000000000E+00    8.370011000000001E-01    4.053215000000000E-02    1.886284000000000E-03    5.332207000000000E-02    1.772356000000000E-02    9.559861000000002E-05    7.503229000000000E-03    3.431010999999999E-03    1.163249000000000E-03    2.397381000000000E-04    2.079240000000000E-04    0.000000000000000E+00    0.000000000000000E+00    0.000000000000000E+00    0.000000000000000E+00    0.000000000000000E+00    1.277688000000000E-04    0.000000000000000E+00    3.659191000000000E-02    1.519820140838000E+42    8.628092916490999E+11    1.967227117539000E+11
                      510    0.000000000000000E+00    0.000000000000000E+00    9.089728426466512E+14    1.024909026082058E+09    1.434441105251657E-12    2.659105237990792E+02    1.897684720933619E+04    1.794644264301736E+04    1.991918444633500E-01    3.992272715894841E+00    0.000000000000000E+00    9.089860437344966E+14    3.354803000000000E-14    0.000000000000000E+00    8.370011000000001E-01    4.053215000000000E-02    1.886284000000000E-03    5.332207000000000E-02    1.772356000000000E-02    9.559861000000002E-05    7.503229000000000E-03    3.431010999999999E-03    1.163249000000000E-03    2.397381000000000E-04    2.079240000000000E-04    0.000000000000000E+00    0.000000000000000E+00    0.000000000000000E+00    0.000000000000000E+00    0.000000000000000E+00    1.277688000000000E-04    0.000000000000000E+00    3.659191000000000E-02    1.519820140838000E+42    8.634813953402000E+11    1.967227117539000E+11
                      511    0.000000000000000E+00    0.000000000000000E+00    9.089992448223422E+14    1.024937549711247E+09    1.435710078049560E-12    2.659105237990792E+02    1.897684720933619E+04    1.794644264301736E+04    1.991918444633500E-01    3.984738534697397E+00    0.000000000000000E+00    9.090127602603245E+14    3.354803000000000E-14    0.000000000000000E+00    8.370011000000001E-01    4.053215000000000E-02    1.886284000000000E-03    5.332207000000000E-02    1.772356000000000E-02    9.559861000000002E-05    7.503229000000000E-03    3.431010999999999E-03    1.163249000000000E-03    2.397381000000000E-04    2.079240000000000E-04    0.000000000000000E+00    0.000000000000000E+00    0.000000000000000E+00    0.000000000000000E+00    0.000000000000000E+00    1.277688000000000E-04    0.000000000000000E+00    3.659191000000000E-02    1.519820140838000E+42    8.641534990312999E+11    1.967227117539000E+11
                      512    0.000000000000000E+00    0.000000000000000E+00    9.090262756983070E+14    1.024966073340436E+09    1.439019731590306E-12    2.659105237990792E+02    1.897684720933619E+04    1.794644264301736E+04    1.990918444633500E-01    3.977011604173567E+00    0.000000000000000E+00    9.090400734579625E+14    3.354803000000000E-14    0.000000000000000E+00    8.370011000000001E-01    4.053215000000000E-02    1.886284000000000E-03    5.332207000000000E-02    1.772356000000000E-02    9.559861000000002E-05    7.503229000000000E-03    3.431010999999999E-03    1.163249000000000E-03    2.397381000000000E-04    2.079240000000000E-04    0.000000000000000E+00    0.000000000000000E+00    0.000000000000000E+00    0.000000000000000E+00    0.000000000000000E+00    1.277688000000000E-04    0.000000000000000E+00    3.659191000000000E-02    1.519820140838000E+42    8.641534990312999E+11    1.970506080628000E+11
                      513    0.000000000000000E+00    0.000000000000000E+00    9.090538712176179E+14    1.024994596969624E+09    1.439019731590306E-12    2.659105237990792E+02    1.897684720933619E+04    1.794644264301736E+04    1.990590548324600E-01    3.969128593940236E+00    0.000000000000000E+00    9.090679428351218E+14    3.354803000000000E-14    0.000000000000000E+00    8.370011000000001E-01    4.053215000000000E-02    1.886284000000000E-03    5.332207000000000E-02    1.772356000000000E-02    9.559861000000002E-05    7.503229000000000E-03    3.431010999999999E-03    1.163249000000000E-03    2.397381000000000E-04    2.079240000000000E-04    0.000000000000000E+00    0.000000000000000E+00    0.000000000000000E+00    0.000000000000000E+00    0.000000000000000E+00    1.277688000000000E-04    0.000000000000000E+00    3.659191000000000E-02    1.519820140838000E+42    8.681045658113999E+11    1.970506080628000E+11
                      514    0.000000000000000E+00    0.000000000000000E+00    9.090820144526256E+14    1.025023120598813E+09    1.442337014670416E-12    2.659105237990792E+02    1.897684720933619E+04    1.794644264301736E+04    1.990590548324600E-01    3.961064256525384E+00    0.000000000000000E+00    9.090963684431665E+14    3.354803000000000E-14    0.000000000000000E+00    8.370011000000001E-01    4.053215000000000E-02    1.886284000000000E-03    5.332207000000000E-02    1.772356000000000E-02    9.559861000000002E-05    7.503229000000000E-03    3.431010999999999E-03    1.163249000000000E-03    2.397381000000000E-04    2.079240000000000E-04    0.000000000000000E+00    0.000000000000000E+00    0.000000000000000E+00    0.000000000000000E+00    0.000000000000000E+00    1.277688000000000E-04    0.000000000000000E+00    3.659191000000000E-02    1.519820140838000E+42    8.687766695025000E+11    1.977227117539000E+11
                      515    0.000000000000000E+00    0.000000000000000E+00    9.091107224337071E+14    1.025056644228001E+09    1.443614783567537E-12    2.659105237990792E+02    1.897684720933619E+04    1.794644264301736E+04    1.990262652015700E-01    3.952836444774690E+00    0.000000000000000E+00    9.091252862149242E+14    3.354803000000000E-14    0.000000000000000E+00    8.370011000000001E-01    4.053215000000000E-02    1.886284000000000E-03    5.332207000000000E-02    1.772356000000000E-02    9.559861000000002E-05    7.503229000000000E-03    3.431010999999999E-03    1.163249000000000E-03    2.397381000000000E-04    2.079240000000000E-04    0.000000000000000E+00    0.000000000000000E+00    0.000000000000000E+00    0.000000000000000E+00    0.000000000000000E+00    1.277688000000000E-04    0.000000000000000E+00    3.659191000000000E-02    1.519820140838000E+42    8.694487731935999E+11    1.980506080628000E+11
                      516    0.000000000000000E+00    0.000000000000000E+00    9.091398499961415E+14    1.025088528375645E+09    1.443614783567537E-12    2.659105237990792E+02    1.897684720933619E+04    1.794644264301736E+04    1.990262652015700E-01    3.944488725098481E+00    0.000000000000000E+00    9.091548329322078E+14    3.354803000000000E-14    0.000000000000000E+00    8.370011000000001E-01    4.053215000000000E-02    1.886284000000000E-03    5.332207000000000E-02    1.772356000000000E-02    9.559861000000002E-05    7.503229000000000E-03    3.431010999999999E-03    1.163249000000000E-03    2.397381000000000E-04    2.079240000000000E-04    0.000000000000000E+00    0.000000000000000E+00    0.000000000000000E+00    0.000000000000000E+00    0.000000000000000E+00    1.277688000000000E-04    0.000000000000000E+00    3.659191000000000E-02    1.519820140838000E+42    8.694487731935999E+11    1.980506080628000E+11
                      517    0.000000000000000E+00    0.000000000000000E+00    9.091698158682740E+14    1.025120412523289E+09    1.446942659336435E-12    2.659105237990792E+02    1.897684720933619E+04    1.794644264301736E+04    1.989262652015700E-01    3.935885962394218E+00    0.000000000000000E+00    9.091850086494725E+14    3.354803000000000E-14    0.000000000000000E+00    8.370011000000001E-01    4.053215000000000E-02    1.886284000000000E-03    5.332207000000000E-02    1.772356000000000E-02    9.559861000000002E-05    7.503229000000000E-03    3.431010999999999E-03    1.163249000000000E-03    2.397381000000000E-04    2.079240000000000E-04    0.000000000000000E+00    0.000000000000000E+00    0.000000000000000E+00    0.000000000000000E+00    0.000000000000000E+00    1.277688000000000E-04    0.000000000000000E+00    3.659191000000000E-02    1.519820140838000E+42    8.701208768847000E+11    1.980506080628000E+11
                      518    0.000000000000000E+00    0.000000000000000E+00    9.092002014306710E+14    1.025157296670933E+09    1.448226326146808E-12    2.659105237990792E+02    1.899213878762446E+04    1.794644264301736E+04    1.988934755706800E-01    3.927157158269343E+00    0.000000000000000E+00    9.092157408200672E+14    3.354803000000000E-14    0.000000000000000E+00    8.370011000000001E-01    4.053215000000000E-02    1.886284000000000E-03    5.332207000000000E-02    1.772356000000000E-02    9.559861000000002E-05    7.503229000000000E-03    3.431010999999999E-03    1.163249000000000E-03    2.397381000000000E-04    2.079240000000000E-04    0.000000000000000E+00    0.000000000000000E+00    0.000000000000000E+00    0.000000000000000E+00    0.000000000000000E+00    1.277688000000000E-04    0.000000000000000E+00    3.659191000000000E-02    1.519820140838000E+42    8.707929805757999E+11    1.983785043717000E+11
                      519    0.000000000000000E+00    0.000000000000000E+00    9.092312802094635E+14    1.025194180818577E+09    1.450278206651275E-12    2.659105237990792E+02    1.899213878762446E+04    1.794644264301736E+04    1.988934755706800E-01    3.918213484268940E+00    0.000000000000000E+00    9.092471341785658E+14    3.354803000000000E-14    0.000000000000000E+00    8.370011000000001E-01    4.053215000000000E-02    1.886284000000000E-03    5.332207000000000E-02    1.772356000000000E-02    9.559861000000002E-05    7.503229000000000E-03    3.431010999999999E-03    1.163249000000000E-03    2.397381000000000E-04    2.079240000000000E-04    0.000000000000000E+00    0.000000000000000E+00    0.000000000000000E+00    0.000000000000000E+00    0.000000000000000E+00    1.277688000000000E-04    0.000000000000000E+00    3.659191000000000E-02    1.519820140838000E+42    8.747440473558999E+11    1.983785043717000E+11
                      520    0.000000000000000E+00    0.000000000000000E+00    9.092629881476681E+14    1.025229425484676E+09    1.451564832619259E-12    2.659105237990792E+02    1.899213878762446E+04    1.794644264301736E+04    1.988606859397900E-01    3.909083131527964E+00    0.000000000000000E+00    9.092791246640521E+14    3.354803000000000E-14    0.000000000000000E+00    8.370011000000001E-01    4.053215000000000E-02    1.886284000000000E-03    5.332207000000000E-02    1.772356000000000E-02    9.559861000000002E-05    7.503229000000000E-03    3.431010999999999E-03    1.163249000000000E-03    2.397381000000000E-04    2.079240000000000E-04    0.000000000000000E+00    0.000000000000000E+00    0.000000000000000E+00    0.000000000000000E+00    0.000000000000000E+00    1.277688000000000E-04    0.000000000000000E+00    3.659191000000000E-02    1.519820140838000E+42    8.747440473558999E+11    1.993785043717000E+11
                      521    0.000000000000000E+00    0.000000000000000E+00    9.092952611804361E+14    1.025264670150776E+09    1.452854424566416E-12    2.659105237990792E+02    1.899213878762446E+04    1.794644264301736E+04    1.987606859397900E-01    3.899790642792974E+00    0.000000000000000E+00    9.093118170308141E+14    3.354803000000000E-14    0.000000000000000E+00    8.370011000000001E-01    4.053215000000000E-02    1.886284000000000E-03    5.332207000000000E-02    1.772356000000000E-02    9.559861000000002E-05    7.503229000000000E-03    3.431010999999999E-03    1.163249000000000E-03    2.397381000000000E-04    2.079240000000000E-04    0.000000000000000E+00    0.000000000000000E+00    0.000000000000000E+00    0.000000000000000E+00    0.000000000000000E+00    1.277688000000000E-04    0.000000000000000E+00    3.659191000000000E-02    1.519820140838000E+42    8.754161510470000E+11    1.993785043717000E+11
                      522    0.000000000000000E+00    0.000000000000000E+00    9.093283728811920E+14    1.025301554298420E+09    1.454911035143952E-12    2.659105237990792E+02    1.899213878762446E+04    1.794644264301736E+04    1.987606859397900E-01    3.890243545459893E+00    0.000000000000000E+00    9.093451707906835E+14    3.354803000000000E-14    0.000000000000000E+00    8.370011000000001E-01    4.053215000000000E-02    1.886284000000000E-03    5.332207000000000E-02    1.772356000000000E-02    9.559861000000002E-05    7.503229000000000E-03    3.431010999999999E-03    1.163249000000000E-03    2.397381000000000E-04    2.079240000000000E-04    0.000000000000000E+00    0.000000000000000E+00    0.000000000000000E+00    0.000000000000000E+00    0.000000000000000E+00    1.277688000000000E-04    0.000000000000000E+00    3.659191000000000E-02    1.519820140838000E+42    8.760882547380999E+11    1.993785043717000E+11
                      523    0.000000000000000E+00    0.000000000000000E+00    9.093619687001750E+14    1.025341798964520E+09    1.456203599907571E-12    2.659105237990792E+02    1.899213878762446E+04    1.794644264301736E+04    1.987278963089000E-01    3.880547230100218E+00    0.000000000000000E+00    9.093791539539584E+14    3.354803000000000E-14    0.000000000000000E+00    8.370011000000001E-01    4.053215000000000E-02    1.886284000000000E-03    5.332207000000000E-02    1.772356000000000E-02    9.559861000000002E-05    7.503229000000000E-03    3.431010999999999E-03    1.163249000000000E-03    2.397381000000000E-04    2.079240000000000E-04    0.000000000000000E+00    0.000000000000000E+00    0.000000000000000E+00    0.000000000000000E+00    0.000000000000000E+00    1.277688000000000E-04    0.000000000000000E+00    3.659191000000000E-02    1.523099103927000E+42    8.767603584292000E+11    1.997064006806000E+11
                      524    0.000000000000000E+00    0.000000000000000E+00    9.093963392077418E+14    1.025385404149074E+09    1.459560495895254E-12    2.659105237990792E+02    1.902059336012162E+04    1.794644264301736E+04    1.986951066780100E-01    3.870610428407620E+00    0.000000000000000E+00    9.094138712879086E+14    3.354803000000000E-14    0.000000000000000E+00    8.370011000000001E-01    4.053215000000000E-02    1.886284000000000E-03    5.332207000000000E-02    1.772356000000000E-02    9.559861000000002E-05    7.503229000000000E-03    3.431010999999999E-03    1.163249000000000E-03    2.397381000000000E-04    2.079240000000000E-04    0.000000000000000E+00    0.000000000000000E+00    0.000000000000000E+00    0.000000000000000E+00    0.000000000000000E+00    1.277688000000000E-04    0.000000000000000E+00    3.659191000000000E-02    1.523099103927000E+42    8.774324621202999E+11    1.997064006806000E+11
                      525    0.000000000000000E+00    0.000000000000000E+00    9.094314033680756E+14    1.025429009333629E+09    1.460859026866742E-12    2.659105237990792E+02    1.902059336012162E+04    1.794644264301736E+04    1.985951066780100E-01    3.860466460077286E+00    0.000000000000000E+00    9.094492502432631E+14    3.354803000000000E-14    0.000000000000000E+00    8.370011000000001E-01    4.053215000000000E-02    1.886284000000000E-03    5.332207000000000E-02    1.772356000000000E-02    9.559861000000002E-05    7.503229000000000E-03    3.431010999999999E-03    1.163249000000000E-03    2.397381000000000E-04    2.079240000000000E-04    0.000000000000000E+00    0.000000000000000E+00    0.000000000000000E+00    0.000000000000000E+00    0.000000000000000E+00    1.277688000000000E-04    0.000000000000000E+00    3.659191000000000E-02    1.523099103927000E+42    8.813835289003999E+11    2.007064006806000E+11
                      526    0.000000000000000E+00    0.000000000000000E+00    9.094670971184505E+14    1.025472614518184E+09    1.462925130327390E-12    2.659105237990792E+02    1.902059336012162E+04    1.794644264301736E+04    1.985951066780100E-01    3.850125975958861E+00    0.000000000000000E+00    9.094853635361359E+14    3.354803000000000E-14    0.000000000000000E+00    8.370011000000001E-01    4.053215000000000E-02    1.886284000000000E-03    5.332207000000000E-02    1.772356000000000E-02    9.559861000000002E-05    7.503229000000000E-03    3.431010999999999E-03    1.163249000000000E-03    2.397381000000000E-04    2.079240000000000E-04    0.000000000000000E+00    0.000000000000000E+00    0.000000000000000E+00    0.000000000000000E+00    0.000000000000000E+00    1.277688000000000E-04    0.000000000000000E+00    3.659191000000000E-02    1.523099103927000E+42    8.820556325915000E+11    2.007064006806000E+11
                      527    0.000000000000000E+00    0.000000000000000E+00    9.095036299538212E+14    1.025516219702739E+09    1.464226654721920E-12    2.659105237990792E+02    1.902059336012162E+04    1.794644264301736E+04    1.985623170471200E-01    3.839535922215844E+00    0.000000000000000E+00    9.095222112497386E+14    3.354803000000000E-14    0.000000000000000E+00    8.370011000000001E-01    4.053215000000000E-02    1.886284000000000E-03    5.332207000000000E-02    1.772356000000000E-02    9.559861000000002E-05    7.503229000000000E-03    3.431010999999999E-03    1.163249000000000E-03    2.397381000000000E-04    2.079240000000000E-04    0.000000000000000E+00    0.000000000000000E+00    0.000000000000000E+00    0.000000000000000E+00    0.000000000000000E+00    1.277688000000000E-04    0.000000000000000E+00    3.659191000000000E-02    1.523099103927000E+42    8.820556325915000E+11    2.007064006806000E+11
                      528    0.000000000000000E+00    0.000000000000000E+00    9.095407925456560E+14    1.025559824887295E+09    1.467602045761060E-12    2.673147700268182E+02    1.902059336012162E+04    1.797324370882593E+04    1.985295274162300E-01    3.828740994249783E+00    0.000000000000000E+00    9.095597614018545E+14    3.354803000000000E-14    0.000000000000000E+00    8.370011000000001E-01    4.053215000000000E-02    1.886284000000000E-03    5.332207000000000E-02    1.772356000000000E-02    9.559861000000002E-05    7.503229000000000E-03    3.431010999999999E-03    1.163249000000000E-03    2.397381000000000E-04    2.079240000000000E-04    0.000000000000000E+00    0.000000000000000E+00    0.000000000000000E+00    0.000000000000000E+00    0.000000000000000E+00    1.277688000000000E-04    0.000000000000000E+00    3.659191000000000E-02    1.523099103927000E+42    8.827277362825999E+11    2.010342969895000E+11
                      529    0.000000000000000E+00    0.000000000000000E+00    9.095787302580530E+14    1.025606790590305E+09    1.468909577719237E-12    2.673147700268182E+02    1.902059336012162E+04    1.797324370882593E+04    1.984295274162300E-01    3.817721072656643E+00    0.000000000000000E+00    9.095980461532872E+14    3.354803000000000E-14    0.000000000000000E+00    8.370011000000001E-01    4.053215000000000E-02    1.886284000000000E-03    5.332207000000000E-02    1.772356000000000E-02    9.559861000000002E-05    7.503229000000000E-03    3.431010999999999E-03    1.163249000000000E-03    2.397381000000000E-04    2.079240000000000E-04    0.000000000000000E+00    0.000000000000000E+00    0.000000000000000E+00    0.000000000000000E+00    0.000000000000000E+00    1.277688000000000E-04    0.000000000000000E+00    3.659191000000000E-02    1.523099103927000E+42    8.833998399737000E+11    2.010342969895000E+11
                      530    0.000000000000000E+00    0.000000000000000E+00    9.096173620485214E+14    1.025657116811771E+09    1.472295764010788E-12    2.673147700268182E+02    1.903592018913843E+04    1.797324370882593E+04    1.984295274162300E-01    3.806470583523306E+00    0.000000000000000E+00    9.096371703264148E+14    3.354803000000000E-14    0.000000000000000E+00    8.370011000000001E-01    4.053215000000000E-02    1.886284000000000E-03    5.332207000000000E-02    1.772356000000000E-02    9.559861000000002E-05    7.503229000000000E-03    3.431010999999999E-03    1.163249000000000E-03    2.397381000000000E-04    2.079240000000000E-04    0.000000000000000E+00    0.000000000000000E+00    0.000000000000000E+00    0.000000000000000E+00    0.000000000000000E+00    1.277688000000000E-04    0.000000000000000E+00    3.659191000000000E-02    1.523099103927000E+42    8.873509067537999E+11    2.020342969895000E+11
                      531    0.000000000000000E+00    0.000000000000000E+00    9.096569786043081E+14    1.025707443033237E+09    1.473609331262266E-12    2.673147700268182E+02    1.903592018913843E+04    1.797324370882593E+04    1.983967377853400E-01    3.794929816121771E+00    0.000000000000000E+00    9.096770613703811E+14    3.354803000000000E-14    0.000000000000000E+00    8.370011000000001E-01    4.053215000000000E-02    1.886284000000000E-03    5.332207000000000E-02    1.772356000000000E-02    9.559861000000002E-05    7.503229000000000E-03    3.431010999999999E-03    1.163249000000000E-03    2.397381000000000E-04    2.079240000000000E-04    0.000000000000000E+00    0.000000000000000E+00    0.000000000000000E+00    0.000000000000000E+00    0.000000000000000E+00    1.277688000000000E-04    0.000000000000000E+00    3.659191000000000E-02    1.523099103927000E+42    8.880230104448999E+11    2.020342969895000E+11
                      532    0.000000000000000E+00    0.000000000000000E+00    9.096971441364540E+14    1.025757769254703E+09    1.475689756267914E-12    2.683709635823822E+02    1.903592018913843E+04    1.798781346596085E+04    1.983639481544500E-01    3.783207700404616E+00    0.000000000000000E+00    9.097176873140954E+14    3.354803000000000E-14    0.000000000000000E+00    8.370011000000001E-01    4.053215000000000E-02    1.886284000000000E-03    5.332207000000000E-02    1.772356000000000E-02    9.559861000000002E-05    7.503229000000000E-03    3.431010999999999E-03    1.163249000000000E-03    2.397381000000000E-04    2.079240000000000E-04    0.000000000000000E+00    0.000000000000000E+00    0.000000000000000E+00    0.000000000000000E+00    0.000000000000000E+00    1.277688000000000E-04    0.000000000000000E+00    3.659191000000000E-02    1.529820140838000E+42    8.886951141360000E+11    2.023621932984000E+11
                      533    0.000000000000000E+00    0.000000000000000E+00    9.097382304917368E+14    1.025813095476169E+09    1.477006351604639E-12    2.683709635823822E+02    1.903592018913843E+04    1.798781346596085E+04    1.982639481544500E-01    3.771220392367192E+00    0.000000000000000E+00    9.097591935665122E+14    3.354803000000000E-14    0.000000000000000E+00    8.370011000000001E-01    4.053215000000000E-02    1.886284000000000E-03    5.332207000000000E-02    1.772356000000000E-02    9.559861000000002E-05    7.503229000000000E-03    3.431010999999999E-03    1.163249000000000E-03    2.397381000000000E-04    2.079240000000000E-04    0.000000000000000E+00    0.000000000000000E+00    0.000000000000000E+00    0.000000000000000E+00    0.000000000000000E+00    1.277688000000000E-04    0.000000000000000E+00    3.659191000000000E-02    1.529820140838000E+42    8.893672178271000E+11    2.023621932984000E+11
                      534    0.000000000000000E+00    0.000000000000000E+00    9.097801566412875E+14    1.025871782216090E+09    1.480411202887659E-12    2.683709635823822E+02    1.903592018913843E+04    1.798781346596085E+04    1.982311585235600E-01    3.758962679176836E+00    0.000000000000000E+00    9.098015717556118E+14    3.354803000000000E-14    0.000000000000000E+00    8.370011000000001E-01    4.053215000000000E-02    1.886284000000000E-03    5.332207000000000E-02    1.772356000000000E-02    9.559861000000002E-05    7.503229000000000E-03    3.431010999999999E-03    1.163249000000000E-03    2.397381000000000E-04    2.079240000000000E-04    0.000000000000000E+00    0.000000000000000E+00    0.000000000000000E+00    0.000000000000000E+00    0.000000000000000E+00    1.277688000000000E-04    0.000000000000000E+00    3.659191000000000E-02    1.529820140838000E+42    8.900393215182000E+11    2.026900896073000E+11
                      535    0.000000000000000E+00    0.000000000000000E+00    9.098229868699360E+14    1.025928829474467E+09    1.481733875352339E-12    2.683709635823822E+02    1.906444035619962E+04    1.798781346596085E+04    1.981983688926700E-01    3.746429188815240E+00    0.000000000000000E+00    9.098447172493888E+14    3.354803000000000E-14    0.000000000000000E+00    8.370011000000001E-01    4.053215000000000E-02    1.886284000000000E-03    5.332207000000000E-02    1.772356000000000E-02    9.559861000000002E-05    7.503229000000000E-03    3.431010999999999E-03    1.163249000000000E-03    2.397381000000000E-04    2.079240000000000E-04    0.000000000000000E+00    0.000000000000000E+00    0.000000000000000E+00    0.000000000000000E+00    0.000000000000000E+00    1.277688000000000E-04    0.000000000000000E+00    3.659191000000000E-02    1.533099103927000E+42    8.939903882982999E+11    2.033621932984000E+11
                      536    0.000000000000000E+00    0.000000000000000E+00    9.098664476288415E+14    1.025987516214389E+09    1.485149624703116E-12    2.683709635823822E+02    1.906444035619962E+04    1.798781346596085E+04    1.981983688926700E-01    3.733682288656631E+00    0.000000000000000E+00    9.098886707455654E+14    3.354803000000000E-14    0.000000000000000E+00    8.370011000000001E-01    4.053215000000000E-02    1.886284000000000E-03    5.332207000000000E-02    1.772356000000000E-02    9.559861000000002E-05    7.503229000000000E-03    3.431010999999999E-03    1.163249000000000E-03    2.397381000000000E-04    2.079240000000000E-04    0.000000000000000E+00    0.000000000000000E+00    0.000000000000000E+00    0.000000000000000E+00    0.000000000000000E+00    1.277688000000000E-04    0.000000000000000E+00    3.659191000000000E-02    1.533099103927000E+42    8.946624919893999E+11    2.036900896073000E+11
                      537    0.000000000000000E+00    0.000000000000000E+00    9.099108938622894E+14    1.026049563472766E+09    1.486478402346501E-12    2.683709635823822E+02    1.906444035619962E+04    1.798781346596085E+04    1.980983688926700E-01    3.720645989339510E+00    0.000000000000000E+00    9.099335692042260E+14    3.354803000000000E-14    0.000000000000000E+00    8.370011000000001E-01    4.053215000000000E-02    1.886284000000000E-03    5.332207000000000E-02    1.772356000000000E-02    9.559861000000002E-05    7.503229000000000E-03    3.431010999999999E-03    1.163249000000000E-03    2.397381000000000E-04    2.079240000000000E-04    0.000000000000000E+00    0.000000000000000E+00    0.000000000000000E+00    0.000000000000000E+00    0.000000000000000E+00    1.277688000000000E-04    0.000000000000000E+00    3.659191000000000E-02    1.533099103927000E+42    8.953345956805000E+11    2.036900896073000E+11
                      538    0.000000000000000E+00    0.000000000000000E+00    9.099562445461626E+14    1.026111610731143E+09    1.489905088961564E-12    2.683709635823822E+02    1.906444035619962E+04    1.798781346596085E+04    1.980655792617800E-01    3.707313134502026E+00    0.000000000000000E+00    9.099794127669692E+14    3.354803000000000E-14    0.000000000000000E+00    8.370011000000001E-01    4.053215000000000E-02    1.886284000000000E-03    5.332207000000000E-02    1.772356000000000E-02    9.559861000000002E-05    7.503229000000000E-03    3.431010999999999E-03    1.163249000000000E-03    2.397381000000000E-04    2.079240000000000E-04    0.000000000000000E+00    0.000000000000000E+00    0.000000000000000E+00    0.000000000000000E+00    0.000000000000000E+00    1.277688000000000E-04    0.000000000000000E+00    3.659191000000000E-02    1.533099103927000E+42    8.960066993716000E+11    2.040179859162000E+11
                      539    0.000000000000000E+00    0.000000000000000E+00    9.100025809877760E+14    1.026173657989520E+09    1.491239999963877E-12    2.683709635823822E+02    1.907980251720630E+04    1.798781346596085E+04    1.980327896308900E-01    3.693685602951956E+00    0.000000000000000E+00    9.100261694818079E+14    3.354803000000000E-14    0.000000000000000E+00    8.370011000000001E-01    4.053215000000000E-02    1.886284000000000E-03    5.332207000000000E-02    1.772356000000000E-02    9.559861000000002E-05    7.503229000000000E-03    3.431010999999999E-03    1.163249000000000E-03    2.397381000000000E-04    2.079240000000000E-04    0.000000000000000E+00    0.000000000000000E+00    0.000000000000000E+00    0.000000000000000E+00    0.000000000000000E+00    1.277688000000000E-04    0.000000000000000E+00    3.659191000000000E-02    1.533099103927000E+42    8.999577661517000E+11    2.046900896073000E+11
                      540    0.000000000000000E+00    0.000000000000000E+00    9.100497579758398E+14    1.026242426284808E+09    1.494677663195081E-12    2.683709635823822E+02    1.907980251720630E+04    1.798781346596085E+04    1.980000000000000E-01    3.679781965357801E+00    0.000000000000000E+00    9.100737668083332E+14    3.354803000000000E-14    0.000000000000000E+00    8.370011000000001E-01    4.053215000000000E-02    1.886284000000000E-03    5.332207000000000E-02    1.772356000000000E-02    9.559861000000002E-05    7.503229000000000E-03    3.431010999999999E-03    1.163249000000000E-03    2.397381000000000E-04    2.079240000000000E-04    0.000000000000000E+00    0.000000000000000E+00    0.000000000000000E+00    0.000000000000000E+00    0.000000000000000E+00    1.277688000000000E-04    0.000000000000000E+00    3.659191000000000E-02    1.533099103927000E+42    9.006298698427999E+11    2.050179859162000E+11
                      541    0.000000000000000E+00    0.000000000000000E+00    9.100977756408269E+14    1.026312834061640E+09    1.496018735866621E-12    2.683709635823822E+02    1.907980251720630E+04    1.798781346596085E+04    1.979000000000000E-01    3.665626014550576E+00    0.000000000000000E+00    9.101223096627072E+14    3.354803000000000E-14    0.000000000000000E+00    8.370011000000001E-01    4.053215000000000E-02    1.886284000000000E-03    5.332207000000000E-02    1.772356000000000E-02    9.559861000000002E-05    7.503229000000000E-03    3.431010999999999E-03    1.163249000000000E-03    2.397381000000000E-04    2.079240000000000E-04    0.000000000000000E+00    0.000000000000000E+00    0.000000000000000E+00    0.000000000000000E+00    0.000000000000000E+00    1.277688000000000E-04    0.000000000000000E+00    3.659191000000000E-02    1.533099103927000E+42    9.013019735338999E+11    2.053458822251000E+11
                      542    0.000000000000000E+00    0.000000000000000E+00    9.101468436845875E+14    1.026381602356928E+09    1.499467415221794E-12    2.683709635823822E+02    1.907980251720630E+04    1.798781346596085E+04    1.978672103691100E-01    3.651130357500471E+00    0.000000000000000E+00    9.101718302883086E+14    3.354803000000000E-14    0.000000000000000E+00    8.370011000000001E-01    4.053215000000000E-02    1.886284000000000E-03    5.332207000000000E-02    1.772356000000000E-02    9.559861000000002E-05    7.503229000000000E-03    3.431010999999999E-03    1.163249000000000E-03    2.397381000000000E-04    2.079240000000000E-04    0.000000000000000E+00    0.000000000000000E+00    0.000000000000000E+00    0.000000000000000E+00    0.000000000000000E+00    1.277688000000000E-04    0.000000000000000E+00    3.659191000000000E-02    1.533099103927000E+42    9.019740772250000E+11    2.053458822251000E+11
                      543    0.000000000000000E+00    0.000000000000000E+00    9.101968168920296E+14    1.026457091689128E+09    1.500814678003533E-12    2.683709635823822E+02    1.910838843004259E+04    1.798781346596085E+04    1.978344207382200E-01    3.636354139119290E+00    0.000000000000000E+00    9.102223694450994E+14    3.354803000000000E-14    0.000000000000000E+00    8.370011000000001E-01    4.053215000000000E-02    1.886284000000000E-03    5.332207000000000E-02    1.772356000000000E-02    9.559861000000002E-05    7.503229000000000E-03    3.431010999999999E-03    1.163249000000000E-03    2.397381000000000E-04    2.079240000000000E-04    0.000000000000000E+00    0.000000000000000E+00    0.000000000000000E+00    0.000000000000000E+00    0.000000000000000E+00    1.277688000000000E-04    0.000000000000000E+00    3.659191000000000E-02    1.533099103927000E+42    9.059251440051000E+11    2.063458822251000E+11
                      544    0.000000000000000E+00    0.000000000000000E+00    9.102479219981692E+14    1.026534220502871E+09    1.504274413147136E-12    2.683709635823822E+02    1.910838843004259E+04    1.798781346596085E+04    1.978016311073300E-01    3.621219405955497E+00    0.000000000000000E+00    9.102738951945198E+14    3.354803000000000E-14    0.000000000000000E+00    8.370011000000001E-01    4.053215000000000E-02    1.886284000000000E-03    5.332207000000000E-02    1.772356000000000E-02    9.559861000000002E-05    7.503229000000000E-03    3.431010999999999E-03    1.163249000000000E-03    2.397381000000000E-04    2.079240000000000E-04    0.000000000000000E+00    0.000000000000000E+00    0.000000000000000E+00    0.000000000000000E+00    0.000000000000000E+00    1.277688000000000E-04    0.000000000000000E+00    3.659191000000000E-02    1.533099103927000E+42    9.065972476962000E+11    2.063458822251000E+11
                      545    0.000000000000000E+00    0.000000000000000E+00    9.102998683908702E+14    1.026611349316614E+09    1.507742123803933E-12    2.683709635823822E+02    1.910838843004259E+04    1.798781346596085E+04    1.977016311073300E-01    3.605808225467534E+00    0.000000000000000E+00    9.103263992141242E+14    3.354803000000000E-14    0.000000000000000E+00    8.370011000000001E-01    4.053215000000000E-02    1.886284000000000E-03    5.332207000000000E-02    1.772356000000000E-02    9.559861000000002E-05    7.503229000000000E-03    3.431010999999999E-03    1.163249000000000E-03    2.397381000000000E-04    2.079240000000000E-04    0.000000000000000E+00    0.000000000000000E+00    0.000000000000000E+00    0.000000000000000E+00    0.000000000000000E+00    1.277688000000000E-04    0.000000000000000E+00    3.659191000000000E-02    1.536378067016000E+42    9.072693513872999E+11    2.066737785340000E+11
                      546    0.000000000000000E+00    0.000000000000000E+00    9.103529300373780E+14    1.026691838648814E+09    1.509098725365133E-12    2.697882031404912E+02    1.910838843004259E+04    1.801467631460688E+04    1.976688414764400E-01    3.590052362677721E+00    0.000000000000000E+00    9.103799543740116E+14    3.354803000000000E-14    0.000000000000000E+00    8.370011000000001E-01    4.053215000000000E-02    1.886284000000000E-03    5.332207000000000E-02    1.772356000000000E-02    9.559861000000002E-05    7.503229000000000E-03    3.431010999999999E-03    1.163249000000000E-03    2.397381000000000E-04    2.079240000000000E-04    0.000000000000000E+00    0.000000000000000E+00    0.000000000000000E+00    0.000000000000000E+00    0.000000000000000E+00    1.277688000000000E-04    0.000000000000000E+00    3.659191000000000E-02    1.536378067016000E+42    9.079414550783999E+11    2.070016748429000E+11
                      547    0.000000000000000E+00    0.000000000000000E+00    9.104069787106451E+14    1.026775688499468E+09    1.512577557210154E-12    2.697882031404912E+02    1.912378600448777E+04    1.801467631460688E+04    1.976360518455500E-01    3.573973717194078E+00    0.000000000000000E+00    9.104345287557292E+14    3.354803000000000E-14    0.000000000000000E+00    8.370011000000001E-01    4.053215000000000E-02    1.886284000000000E-03    5.332207000000000E-02    1.772356000000000E-02    9.559861000000002E-05    7.503229000000000E-03    3.431010999999999E-03    1.163249000000000E-03    2.397381000000000E-04    2.079240000000000E-04    0.000000000000000E+00    0.000000000000000E+00    0.000000000000000E+00    0.000000000000000E+00    0.000000000000000E+00    1.277688000000000E-04    0.000000000000000E+00    3.659191000000000E-02    1.536378067016000E+42    9.118925218585000E+11    2.070016748429000E+11
                      548    0.000000000000000E+00    0.000000000000000E+00    9.104620788008134E+14    1.026862898868578E+09    1.513940420559650E-12    2.708541695347006E+02    1.912378600448777E+04    1.802927965850076E+04    1.976032622146600E-01    3.557571767032051E+00    0.000000000000000E+00    9.104902594769015E+14    3.354803000000000E-14    0.000000000000000E+00    8.370011000000001E-01    4.053215000000000E-02    1.886284000000000E-03    5.332207000000000E-02    1.772356000000000E-02    9.559861000000002E-05    7.503229000000000E-03    3.431010999999999E-03    1.163249000000000E-03    2.397381000000000E-04    2.079240000000000E-04    0.000000000000000E+00    0.000000000000000E+00    0.000000000000000E+00    0.000000000000000E+00    0.000000000000000E+00    1.277688000000000E-04    0.000000000000000E+00    3.659191000000000E-02    1.536378067016000E+42    9.125646255496000E+11    2.080016748429000E+11
                      549    0.000000000000000E+00    0.000000000000000E+00    9.105184401529898E+14    1.026951748719233E+09    1.518799567705694E-12    2.708541695347006E+02    1.912378600448777E+04    1.802927965850076E+04    1.975704725837700E-01    3.540744961024384E+00    0.000000000000000E+00    9.105471146315360E+14    3.354803000000000E-14    0.000000000000000E+00    8.370011000000001E-01    4.053215000000000E-02    1.886284000000000E-03    5.332207000000000E-02    1.772356000000000E-02    9.559861000000002E-05    7.503229000000000E-03    3.431010999999999E-03    1.163249000000000E-03    2.397381000000000E-04    2.079240000000000E-04    0.000000000000000E+00    0.000000000000000E+00    0.000000000000000E+00    0.000000000000000E+00    0.000000000000000E+00    1.277688000000000E-04    0.000000000000000E+00    3.659191000000000E-02    1.536378067016000E+42    9.132367292407000E+11    2.083295711518000E+11
                      550    0.000000000000000E+00    0.000000000000000E+00    9.105757891100825E+14    1.027040598569887E+09    1.520171877972619E-12    2.708541695347006E+02    1.915243781465880E+04    1.802927965850076E+04    1.974704725837700E-01    3.523621535668643E+00    0.000000000000000E+00    9.106049895976922E+14    3.354803000000000E-14    0.000000000000000E+00    8.370011000000001E-01    4.053215000000000E-02    1.886284000000000E-03    5.332207000000000E-02    1.772356000000000E-02    9.559861000000002E-05    7.503229000000000E-03    3.431010999999999E-03    1.163249000000000E-03    2.397381000000000E-04    2.079240000000000E-04    0.000000000000000E+00    0.000000000000000E+00    0.000000000000000E+00    0.000000000000000E+00    0.000000000000000E+00    1.277688000000000E-04    0.000000000000000E+00    3.659191000000000E-02    1.536378067016000E+42    9.171877960207999E+11    2.083295711518000E+11
                      551    0.000000000000000E+00    0.000000000000000E+00    9.106341900853021E+14    1.027132808938997E+09    1.523676236070675E-12    2.708541695347006E+02    1.915243781465880E+04    1.802927965850076E+04    1.974376829528800E-01    3.506147454361110E+00    0.000000000000000E+00    9.106640215304462E+14    3.354803000000000E-14    0.000000000000000E+00    8.370011000000001E-01    4.053215000000000E-02    1.886284000000000E-03    5.332207000000000E-02    1.772356000000000E-02    9.559861000000002E-05    7.503229000000000E-03    3.431010999999999E-03    1.163249000000000E-03    2.397381000000000E-04    2.079240000000000E-04    0.000000000000000E+00    0.000000000000000E+00    0.000000000000000E+00    0.000000000000000E+00    0.000000000000000E+00    1.277688000000000E-04    0.000000000000000E+00    3.659191000000000E-02    1.536378067016000E+42    9.178598997118999E+11    2.086574674607000E+11
                      552    0.000000000000000E+00    0.000000000000000E+00    9.106938529755902E+14    1.027231740345018E+09    1.525054880633989E-12    2.708541695347006E+02    1.915243781465880E+04    1.802927965850076E+04    1.974048933219900E-01    3.488284280243986E+00    0.000000000000000E+00    9.107242833841332E+14    3.354803000000000E-14    0.000000000000000E+00    8.370011000000001E-01    4.053215000000000E-02    1.886284000000000E-03    5.332207000000000E-02    1.772356000000000E-02    9.559861000000002E-05    7.503229000000000E-03    3.431010999999999E-03    1.163249000000000E-03    2.397381000000000E-04    2.079240000000000E-04    0.000000000000000E+00    0.000000000000000E+00    0.000000000000000E+00    0.000000000000000E+00    0.000000000000000E+00    1.277688000000000E-04    0.000000000000000E+00    3.659191000000000E-02    1.536378067016000E+42    9.185320034030000E+11    2.096574674607000E+11
                      553    0.000000000000000E+00    0.000000000000000E+00    9.107547137926761E+14    1.027330671751039E+09    1.528570495215713E-12    2.708541695347006E+02    1.916787088417891E+04    1.802927965850076E+04    1.973393140602100E-01    3.470031633511717E+00    0.000000000000000E+00    9.107856705428325E+14    3.354803000000000E-14    0.000000000000000E+00    8.370011000000001E-01    4.053215000000000E-02    1.886284000000000E-03    5.332207000000000E-02    1.772356000000000E-02    9.559861000000002E-05    7.503229000000000E-03    3.431010999999999E-03    1.163249000000000E-03    2.397381000000000E-04    2.079240000000000E-04    0.000000000000000E+00    0.000000000000000E+00    0.000000000000000E+00    0.000000000000000E+00    0.000000000000000E+00    1.277688000000000E-04    0.000000000000000E+00    3.659191000000000E-02    1.536378067016000E+42    9.192041070941000E+11    2.096574674607000E+11
                      554    0.000000000000000E+00    0.000000000000000E+00    9.108166272929891E+14    1.027432963675515E+09    1.533482414996931E-12    2.708541695347006E+02    1.916787088417891E+04    1.802927965850076E+04    1.973065244293200E-01    3.451408332302697E+00    0.000000000000000E+00    9.108482153607221E+14    3.354803000000000E-14    0.000000000000000E+00    8.370011000000001E-01    4.053215000000000E-02    1.886284000000000E-03    5.332207000000000E-02    1.772356000000000E-02    9.559861000000002E-05    7.503229000000000E-03    3.431010999999999E-03    1.163249000000000E-03    2.397381000000000E-04    2.079240000000000E-04    0.000000000000000E+00    0.000000000000000E+00    0.000000000000000E+00    0.000000000000000E+00    0.000000000000000E+00    1.277688000000000E-04    0.000000000000000E+00    3.659191000000000E-02    1.539657030105000E+42    9.231551738742000E+11    2.099853637696000E+11
                      555    0.000000000000000E+00    0.000000000000000E+00    9.108798034284550E+14    1.027538616118448E+09    1.534873816001331E-12    2.708541695347006E+02    1.919658874359377E+04    1.802927965850076E+04    1.972737347984300E-01    3.432392873284579E+00    0.000000000000000E+00    9.109120956965365E+14    3.354803000000000E-14    0.000000000000000E+00    8.370011000000001E-01    4.053215000000000E-02    1.886284000000000E-03    5.332207000000000E-02    1.772356000000000E-02    9.559861000000002E-05    7.503229000000000E-03    3.431010999999999E-03    1.163249000000000E-03    2.397381000000000E-04    2.079240000000000E-04    0.000000000000000E+00    0.000000000000000E+00    0.000000000000000E+00    0.000000000000000E+00    0.000000000000000E+00    1.277688000000000E-04    0.000000000000000E+00    3.659191000000000E-02    1.539657030105000E+42    9.238272775652999E+11    2.103132600785000E+11
                      556    0.000000000000000E+00    0.000000000000000E+00    9.109443879646180E+14    1.027645908042924E+09    1.538412065566750E-12    2.708541695347006E+02    1.919658874359377E+04    1.802927965850076E+04    1.971737347984300E-01    3.412922882940900E+00    0.000000000000000E+00    9.109772069416042E+14    3.354803000000000E-14    0.000000000000000E+00    8.370011000000001E-01    4.053215000000000E-02    1.886284000000000E-03    5.332207000000000E-02    1.772356000000000E-02    9.559861000000002E-05    7.503229000000000E-03    3.431010999999999E-03    1.163249000000000E-03    2.397381000000000E-04    2.079240000000000E-04    0.000000000000000E+00    0.000000000000000E+00    0.000000000000000E+00    0.000000000000000E+00    0.000000000000000E+00    1.277688000000000E-04    0.000000000000000E+00    3.659191000000000E-02    1.539657030105000E+42    9.244993812563999E+11    2.109853637696000E+11
                      557    0.000000000000000E+00    0.000000000000000E+00    9.110100259185905E+14    1.027756560485856E+09    1.539809888986378E-12    2.708541695347006E+02    1.919658874359377E+04    1.802927965850076E+04    1.971409451675400E-01    3.393122330772324E+00    0.000000000000000E+00    9.110435493718668E+14    3.354803000000000E-14    0.000000000000000E+00    8.370011000000001E-01    4.053215000000000E-02    1.886284000000000E-03    5.332207000000000E-02    1.772356000000000E-02    9.559861000000002E-05    7.503229000000000E-03    3.431010999999999E-03    1.163249000000000E-03    2.397381000000000E-04    2.079240000000000E-04    0.000000000000000E+00    0.000000000000000E+00    0.000000000000000E+00    0.000000000000000E+00    0.000000000000000E+00    1.277688000000000E-04    0.000000000000000E+00    3.659191000000000E-02    1.539657030105000E+42    9.291225517276000E+11    2.113132600785000E+11
                      558    0.000000000000000E+00    0.000000000000000E+00    9.110770728251430E+14    1.027870573447243E+09    1.544763792854575E-12    2.722845226489831E+02    1.921205739001340E+04    1.805620443240835E+04    1.971081555366500E-01    3.372840895140338E+00    0.000000000000000E+00    9.111112281421380E+14    3.354803000000000E-14    0.000000000000000E+00    8.370011000000001E-01    4.053215000000000E-02    1.886284000000000E-03    5.332207000000000E-02    1.772356000000000E-02    9.559861000000002E-05    7.503229000000000E-03    3.431010999999999E-03    1.163249000000000E-03    2.397381000000000E-04    2.079240000000000E-04    0.000000000000000E+00    0.000000000000000E+00    0.000000000000000E+00    0.000000000000000E+00    0.000000000000000E+00    1.277688000000000E-04    0.000000000000000E+00    3.659191000000000E-02    1.539657030105000E+42    9.297946554187000E+11    2.116411563874000E+11
                      559    0.000000000000000E+00    0.000000000000000E+00    9.111453834591330E+14    1.027987946927087E+09    1.546171305523262E-12    2.722845226489831E+02    1.921205739001340E+04    1.805620443240835E+04    1.970425762748700E-01    3.352167492957230E+00    0.000000000000000E+00    9.111801707816020E+14    3.354803000000000E-14    0.000000000000000E+00    8.370011000000001E-01    4.053215000000000E-02    1.886284000000000E-03    5.332207000000000E-02    1.772356000000000E-02    9.559861000000002E-05    7.503229000000000E-03    3.431010999999999E-03    1.163249000000000E-03    2.397381000000000E-04    2.079240000000000E-04    0.000000000000000E+00    0.000000000000000E+00    0.000000000000000E+00    0.000000000000000E+00    0.000000000000000E+00    1.277688000000000E-04    0.000000000000000E+00    3.659191000000000E-02    1.539657030105000E+42    9.304667591097999E+11    2.119690526963000E+11
                      560    0.000000000000000E+00    0.000000000000000E+00    9.112149581040711E+14    1.028110320406929E+09    1.549735598491712E-12    2.733603523088000E+02    1.924084145093127E+04    1.807084144048663E+04    1.970097866439800E-01    3.331067166464809E+00    0.000000000000000E+00    9.112504909975222E+14    3.354803000000000E-14    0.000000000000000E+00    8.370011000000001E-01    4.053215000000000E-02    1.886284000000000E-03    5.332207000000000E-02    1.772356000000000E-02    9.559861000000002E-05    7.503229000000000E-03    3.431010999999999E-03    1.163249000000000E-03    2.397381000000000E-04    2.079240000000000E-04    0.000000000000000E+00    0.000000000000000E+00    0.000000000000000E+00    0.000000000000000E+00    0.000000000000000E+00    1.277688000000000E-04    0.000000000000000E+00    3.659191000000000E-02    1.539657030105000E+42    9.344178258898999E+11    2.129690526963000E+11
                      561    0.000000000000000E+00    0.000000000000000E+00    9.112860238909732E+14    1.028236054405228E+09    1.552566877024103E-12    2.733603523088000E+02    1.924084145093127E+04    1.807084144048663E+04    1.969769970130900E-01    3.309494310864662E+00    0.000000000000000E+00    9.113221484538184E+14    3.354803000000000E-14    0.000000000000000E+00    8.370011000000001E-01    4.053215000000000E-02    1.886284000000000E-03    5.332207000000000E-02    1.772356000000000E-02    9.559861000000002E-05    7.503229000000000E-03    3.431010999999999E-03    1.163249000000000E-03    2.397381000000000E-04    2.079240000000000E-04    0.000000000000000E+00    0.000000000000000E+00    0.000000000000000E+00    0.000000000000000E+00    0.000000000000000E+00    1.277688000000000E-04    0.000000000000000E+00    3.659191000000000E-02    1.539657030105000E+42    9.350899295810000E+11    2.129690526963000E+11
                      562    0.000000000000000E+00    0.000000000000000E+00    9.113582730166638E+14    1.028361788403527E+09    1.556145913307504E-12    2.733603523088000E+02    1.924084145093127E+04    1.807084144048663E+04    1.969442073822000E-01    3.287507521506701E+00    0.000000000000000E+00    9.113952077609828E+14    3.354803000000000E-14    0.000000000000000E+00    8.370011000000001E-01    4.053215000000000E-02    1.886284000000000E-03    5.332207000000000E-02    1.772356000000000E-02    9.559861000000002E-05    7.503229000000000E-03    3.431010999999999E-03    1.163249000000000E-03    2.397381000000000E-04    2.079240000000000E-04    0.000000000000000E+00    0.000000000000000E+00    0.000000000000000E+00    0.000000000000000E+00    0.000000000000000E+00    1.277688000000000E-04    0.000000000000000E+00    3.659191000000000E-02    1.542935993194000E+42    9.357620332721000E+11    2.132969490052000E+11
                      563    0.000000000000000E+00    0.000000000000000E+00    9.114321425053019E+14    1.028490882920280E+09    1.559733200121628E-12    2.733603523088000E+02    1.925634575626363E+04    1.807084144048663E+04    1.968786281204200E-01    3.264988574429431E+00    0.000000000000000E+00    9.114697505419095E+14    3.354803000000000E-14    0.000000000000000E+00    8.370011000000001E-01    4.053215000000000E-02    1.886284000000000E-03    5.332207000000000E-02    1.772356000000000E-02    9.559861000000002E-05    7.503229000000000E-03    3.431010999999999E-03    1.163249000000000E-03    2.397381000000000E-04    2.079240000000000E-04    0.000000000000000E+00    0.000000000000000E+00    0.000000000000000E+00    0.000000000000000E+00    0.000000000000000E+00    1.277688000000000E-04    0.000000000000000E+00    3.659191000000000E-02    1.542935993194000E+42    9.397131000522000E+11    2.136248453141000E+11
                      564    0.000000000000000E+00    0.000000000000000E+00    9.115073585785170E+14    1.028623337955490E+09    1.562590676151731E-12    2.733603523088000E+02    1.928519617129479E+04    1.807084144048663E+04    1.968458384895300E-01    3.242032634206018E+00    0.000000000000000E+00    9.115457043681070E+14    3.354803000000000E-14    0.000000000000000E+00    8.370011000000001E-01    4.053215000000000E-02    1.886284000000000E-03    5.332207000000000E-02    1.772356000000000E-02    9.559861000000002E-05    7.503229000000000E-03    3.431010999999999E-03    1.163249000000000E-03    2.397381000000000E-04    2.079240000000000E-04    0.000000000000000E+00    0.000000000000000E+00    0.000000000000000E+00    0.000000000000000E+00    0.000000000000000E+00    1.277688000000000E-04    0.000000000000000E+00    3.659191000000000E-02    1.542935993194000E+42    9.403852037432999E+11    2.146248453141000E+11
                      565    0.000000000000000E+00    0.000000000000000E+00    9.115840501576969E+14    1.028760792990700E+09    1.566192819678568E-12    2.733603523088000E+02    1.928519617129479E+04    1.807084144048663E+04    1.968130488586400E-01    3.218576698386969E+00    0.000000000000000E+00    9.116231745450170E+14    3.354803000000000E-14    0.000000000000000E+00    8.370011000000001E-01    4.053215000000000E-02    1.886284000000000E-03    5.332207000000000E-02    1.772356000000000E-02    9.559861000000002E-05    7.503229000000000E-03    3.431010999999999E-03    1.163249000000000E-03    2.397381000000000E-04    2.079240000000000E-04    0.000000000000000E+00    0.000000000000000E+00    0.000000000000000E+00    0.000000000000000E+00    0.000000000000000E+00    1.277688000000000E-04    0.000000000000000E+00    3.659191000000000E-02    1.542935993194000E+42    9.443362705233999E+11    2.149527416230000E+11
                      566    0.000000000000000E+00    0.000000000000000E+00    9.116622989323372E+14    1.028901608544364E+09    1.569070102786264E-12    2.733603523088000E+02    1.928519617129479E+04    1.807084144048663E+04    1.967474695968600E-01    3.194621043442863E+00    0.000000000000000E+00    9.117020886393594E+14    3.354803000000000E-14    0.000000000000000E+00    8.370011000000001E-01    4.053215000000000E-02    1.886284000000000E-03    5.332207000000000E-02    1.772356000000000E-02    9.559861000000002E-05    7.503229000000000E-03    3.431010999999999E-03    1.163249000000000E-03    2.397381000000000E-04    2.079240000000000E-04    0.000000000000000E+00    0.000000000000000E+00    0.000000000000000E+00    0.000000000000000E+00    0.000000000000000E+00    1.277688000000000E-04    0.000000000000000E+00    3.659191000000000E-02    1.542935993194000E+42    9.450083742145000E+11    2.152806379319000E+11
                      567    0.000000000000000E+00    0.000000000000000E+00    9.117418783463815E+14    1.029042424098030E+09    1.572687182934100E-12    2.733603523088000E+02    1.930073621774219E+04    1.807084144048663E+04    1.967146799659700E-01    3.170201950526029E+00    0.000000000000000E+00    9.117825520124050E+14    3.354803000000000E-14    0.000000000000000E+00    8.370011000000001E-01    4.053215000000000E-02    1.886284000000000E-03    5.332207000000000E-02    1.772356000000000E-02    9.559861000000002E-05    7.503229000000000E-03    3.431010999999999E-03    1.163249000000000E-03    2.397381000000000E-04    2.079240000000000E-04    0.000000000000000E+00    0.000000000000000E+00    0.000000000000000E+00    0.000000000000000E+00    0.000000000000000E+00    1.277688000000000E-04    0.000000000000000E+00    3.659191000000000E-02    1.542935993194000E+42    9.456804779056000E+11    2.156085342408000E+11
                      568    0.000000000000000E+00    0.000000000000000E+00    9.118232256784288E+14    1.029188239651695E+09    1.575584410415490E-12    2.748039403174995E+02    1.932965313984864E+04    1.809782828240829E+04    1.966818903350800E-01    3.145210809402510E+00    0.000000000000000E+00    9.118646378824168E+14    3.354803000000000E-14    0.000000000000000E+00    8.370011000000001E-01    4.053215000000000E-02    1.886284000000000E-03    5.332207000000000E-02    1.772356000000000E-02    9.559861000000002E-05    7.503229000000000E-03    3.431010999999999E-03    1.163249000000000E-03    2.397381000000000E-04    2.079240000000000E-04    0.000000000000000E+00    0.000000000000000E+00    0.000000000000000E+00    0.000000000000000E+00    0.000000000000000E+00    1.277688000000000E-04    0.000000000000000E+00    3.659191000000000E-02    1.542935993194000E+42    9.496315446857000E+11    2.162806379319000E+11
                      569    0.000000000000000E+00    0.000000000000000E+00    9.119060500864045E+14    1.029337415723815E+09    1.579216507593327E-12    2.758897245065954E+02    1.932965313984864E+04    1.811249903227493E+04    1.966491007041900E-01    3.119711689555040E+00    0.000000000000000E+00    9.119482738642811E+14    3.354803000000000E-14    0.000000000000000E+00    8.370011000000001E-01    4.053215000000000E-02    1.886284000000000E-03    5.332207000000000E-02    1.772356000000000E-02    9.559861000000002E-05    7.503229000000000E-03    3.431010999999999E-03    1.163249000000000E-03    2.397381000000000E-04    2.079240000000000E-04    0.000000000000000E+00    0.000000000000000E+00    0.000000000000000E+00    0.000000000000000E+00    0.000000000000000E+00    1.277688000000000E-04    0.000000000000000E+00    3.659191000000000E-02    1.546214956283000E+42    9.509757520678999E+11    2.166085342408000E+11
                      570    0.000000000000000E+00    0.000000000000000E+00    9.119904976421578E+14    1.029486591795936E+09    1.580673483306819E-12    2.758897245065954E+02    1.934522900980284E+04    1.811249903227493E+04    1.965835214424100E-01    3.093704497036267E+00    0.000000000000000E+00    9.120335332187789E+14    3.354803000000000E-14    0.000000000000000E+00    8.370011000000001E-01    4.053215000000000E-02    1.886284000000000E-03    5.332207000000000E-02    1.772356000000000E-02    9.559861000000002E-05    7.503229000000000E-03    3.431010999999999E-03    1.163249000000000E-03    2.397381000000000E-04    2.079240000000000E-04    0.000000000000000E+00    0.000000000000000E+00    0.000000000000000E+00    0.000000000000000E+00    0.000000000000000E+00    1.277688000000000E-04    0.000000000000000E+00    3.659191000000000E-02    1.546214956283000E+42    9.516478557590000E+11    2.169364305497000E+11
                      571    0.000000000000000E+00    0.000000000000000E+00    9.120765687953999E+14    1.029640767868056E+09    1.584317312009266E-12    2.758897245065954E+02    1.937421259229920E+04    1.811249903227493E+04    1.965835214424100E-01    3.067140036695513E+00    0.000000000000000E+00    9.121205535842828E+14    3.354803000000000E-14    0.000000000000000E+00    8.370011000000001E-01    4.053215000000000E-02    1.886284000000000E-03    5.332207000000000E-02    1.772356000000000E-02    9.559861000000002E-05    7.503229000000000E-03    3.431010999999999E-03    1.163249000000000E-03    2.397381000000000E-04    2.079240000000000E-04    0.000000000000000E+00    0.000000000000000E+00    0.000000000000000E+00    0.000000000000000E+00    0.000000000000000E+00    1.277688000000000E-04    0.000000000000000E+00    3.659191000000000E-02    1.546214956283000E+42    9.555989225391000E+11    2.172643268586000E+11
                      572    0.000000000000000E+00    0.000000000000000E+00    9.121645383731658E+14    1.029798304458632E+09    1.585781012817094E-12    2.758897245065954E+02    1.938982436834190E+04    1.811249903227493E+04    1.965507318115200E-01    3.039971037787911E+00    0.000000000000000E+00    9.122093997916525E+14    3.354803000000000E-14    0.000000000000000E+00    8.370011000000001E-01    4.053215000000000E-02    1.886284000000000E-03    5.332207000000000E-02    1.772356000000000E-02    9.559861000000002E-05    7.503229000000000E-03    3.431010999999999E-03    1.163249000000000E-03    2.397381000000000E-04    2.079240000000000E-04    0.000000000000000E+00    0.000000000000000E+00    0.000000000000000E+00    0.000000000000000E+00    0.000000000000000E+00    1.277688000000000E-04    0.000000000000000E+00    3.659191000000000E-02    1.546214956283000E+42    9.555989225391000E+11    2.179364305497000E+11
                      573    0.000000000000000E+00    0.000000000000000E+00    9.122542612101398E+14    1.029952480530752E+09    1.586505839796556E-12    2.758897245065954E+02    1.938982436834190E+04    1.811249903227493E+04    1.966507318115200E-01    3.012224842427502E+00    0.000000000000000E+00    9.123002095913986E+14    3.354803000000000E-14    0.000000000000000E+00    8.370011000000001E-01    4.053215000000000E-02    1.886284000000000E-03    5.332207000000000E-02    1.772356000000000E-02    9.559861000000002E-05    7.503229000000000E-03    3.431010999999999E-03    1.163249000000000E-03    2.397381000000000E-04    2.079240000000000E-04    0.000000000000000E+00    0.000000000000000E+00    0.000000000000000E+00    0.000000000000000E+00    0.000000000000000E+00    1.277688000000000E-04    0.000000000000000E+00    3.659191000000000E-02    1.546214956283000E+42    9.562710262302000E+11    2.179364305497000E+11
                      574    0.000000000000000E+00    0.000000000000000E+00    9.123461579726576E+14    1.030101656602873E+09    1.583588529693676E-12    2.758897245065954E+02    1.938982436834190E+04    1.811249903227493E+04    1.967491007041900E-01    2.983833610932724E+00    0.000000000000000E+00    9.123931122557320E+14    3.354803000000000E-14    0.000000000000000E+00    8.370011000000001E-01    4.053215000000000E-02    1.886284000000000E-03    5.332207000000000E-02    1.772356000000000E-02    9.559861000000002E-05    7.503229000000000E-03    3.431010999999999E-03    1.163249000000000E-03    2.397381000000000E-04    2.079240000000000E-04    0.000000000000000E+00    0.000000000000000E+00    0.000000000000000E+00    0.000000000000000E+00    0.000000000000000E+00    1.277688000000000E-04    0.000000000000000E+00    3.659191000000000E-02    1.546214956283000E+42    9.529920631412000E+11    2.172806379319000E+11
                      575    0.000000000000000E+00    0.000000000000000E+00    9.124400665388065E+14    1.030244193193449E+09    1.577794059370082E-12    2.758897245065954E+02    1.941887476489629E+04    1.811249903227493E+04    1.968474695968600E-01    2.954881582130727E+00    0.000000000000000E+00    9.124882778510386E+14    3.354803000000000E-14    0.000000000000000E+00    8.370011000000001E-01    4.053215000000000E-02    1.886284000000000E-03    5.332207000000000E-02    1.772356000000000E-02    9.559861000000002E-05    7.503229000000000E-03    3.431010999999999E-03    1.163249000000000E-03    2.397381000000000E-04    2.079240000000000E-04    0.000000000000000E+00    0.000000000000000E+00    0.000000000000000E+00    0.000000000000000E+00    0.000000000000000E+00    1.277688000000000E-04    0.000000000000000E+00    3.659191000000000E-02    1.549493919372000E+42    9.497131000522000E+11    2.166248453141000E+11
                      576    0.000000000000000E+00    0.000000000000000E+00    9.125364891632708E+14    1.030370171857847E+09    1.568437092162090E-12    2.748039403174995E+02    1.941887476489629E+04    1.809782828240829E+04    1.971114177513100E-01    2.925268531882320E+00    0.000000000000000E+00    9.125859730490595E+14    3.354803000000000E-14    0.000000000000000E+00    8.370011000000001E-01    4.053215000000000E-02    1.886284000000000E-03    5.332207000000000E-02    1.772356000000000E-02    9.559861000000002E-05    7.503229000000000E-03    3.431010999999999E-03    1.163249000000000E-03    2.397381000000000E-04    2.079240000000000E-04    0.000000000000000E+00    0.000000000000000E+00    0.000000000000000E+00    0.000000000000000E+00    0.000000000000000E+00    1.277688000000000E-04    0.000000000000000E+00    3.659191000000000E-02    1.549493919372000E+42    9.457620332721000E+11    2.156411563874000E+11
                      577    0.000000000000000E+00    0.000000000000000E+00    9.126354569348482E+14    1.030456639854444E+09    1.558538921040828E-12    2.733603523088000E+02    1.943452252979960E+04    1.807084144048663E+04    1.973737347984300E-01    2.894970514013830E+00    0.000000000000000E+00    9.126865527261011E+14    3.354803000000000E-14    0.000000000000000E+00    8.370011000000001E-01    4.053215000000000E-02    1.886284000000000E-03    5.332207000000000E-02    1.772356000000000E-02    9.559861000000002E-05    7.503229000000000E-03    3.431010999999999E-03    1.163249000000000E-03    2.397381000000000E-04    2.079240000000000E-04    0.000000000000000E+00    0.000000000000000E+00    0.000000000000000E+00    0.000000000000000E+00    0.000000000000000E+00    1.277688000000000E-04    0.000000000000000E+00    3.659191000000000E-02    1.549493919372000E+42    9.392041070941000E+11    2.136574674607000E+11
                      578    0.000000000000000E+00    0.000000000000000E+00    9.127376485173540E+14    1.030451052218449E+09    1.539214830816579E-12    2.748039403174995E+02    1.943452252979960E+04    1.809782828240829E+04    1.979000000000000E-01    2.863918356911052E+00    0.000000000000000E+00    9.127910327898388E+14    3.354803000000000E-14    0.000000000000000E+00    8.370011000000001E-01    4.053215000000000E-02    1.886284000000000E-03    5.332207000000000E-02    1.772356000000000E-02    9.559861000000002E-05    7.503229000000000E-03    3.431010999999999E-03    1.163249000000000E-03    2.397381000000000E-04    2.079240000000000E-04    0.000000000000000E+00    0.000000000000000E+00    0.000000000000000E+00    0.000000000000000E+00    0.000000000000000E+00    1.277688000000000E-04    0.000000000000000E+00    3.659191000000000E-02    1.552772882461000E+42    9.254161510470000E+11    2.110342969895000E+11
                      579    0.000000000000000E+00    0.000000000000000E+00    9.128444170623235E+14    1.030225447834026E+09    1.500202715034322E-12    2.748039403174995E+02    1.946363989443431E+04    1.809782828240829E+04    1.990181096649200E-01    2.831994777507521E+00    0.000000000000000E+00    9.129016768014391E+14    3.354803000000000E-14    0.000000000000000E+00    8.370011000000001E-01    4.053215000000000E-02    1.886284000000000E-03    5.332207000000000E-02    1.772356000000000E-02    9.559861000000002E-05    7.503229000000000E-03    3.431010999999999E-03    1.163249000000000E-03    2.397381000000000E-04    2.079240000000000E-04    0.000000000000000E+00    0.000000000000000E+00    0.000000000000000E+00    0.000000000000000E+00    0.000000000000000E+00    1.277688000000000E-04    0.000000000000000E+00    3.659191000000000E-02    1.556051845550000E+42    9.050702688218999E+11    2.061158523560000E+11
                      580    0.000000000000000E+00    0.000000000000000E+00    9.129589365405550E+14    1.029472998986253E+09    1.425602103856768E-12    2.748039403174995E+02    1.947932373116109E+04    1.809782828240829E+04    2.012510667801000E-01    2.799017047565302E+00    0.000000000000000E+00    9.130240276482765E+14    3.354803000000000E-14    0.000000000000000E+00    8.370011000000001E-01    4.053215000000000E-02    1.886284000000000E-03    5.332207000000000E-02    1.772356000000000E-02    9.559861000000002E-05    7.503229000000000E-03    3.431010999999999E-03    1.163249000000000E-03    2.397381000000000E-04    2.079240000000000E-04    0.000000000000000E+00    0.000000000000000E+00    0.000000000000000E+00    0.000000000000000E+00    0.000000000000000E+00    1.277688000000000E-04    0.000000000000000E+00    3.659191000000000E-02    1.562609771728000E+42    8.594437486649000E+11    1.956068593979000E+11
                      581    0.000000000000000E+00    0.000000000000000E+00    9.130891187559981E+14    1.027509389428140E+09    1.308511686561144E-12    2.758897245065954E+02    1.951079995289342E+04    1.811249903227493E+04    2.056841913795700E-01    2.764469640580412E+00    0.000000000000000E+00    9.131711311693330E+14    3.354803000000000E-14    0.000000000000000E+00    8.370011000000001E-01    4.053215000000000E-02    1.886284000000000E-03    5.332207000000000E-02    1.772356000000000E-02    9.559861000000002E-05    7.503229000000000E-03    3.431010999999999E-03    1.163249000000000E-03    2.397381000000000E-04    2.079240000000000E-04    0.000000000000000E+00    0.000000000000000E+00    0.000000000000000E+00    0.000000000000000E+00    0.000000000000000E+00    1.277688000000000E-04    0.000000000000000E+00    3.659191000000000E-02    1.579004587173000E+42    7.878481758116000E+11    1.798515254974000E+11
                      582    0.000000000000000E+00    0.000000000000000E+00    9.132531435826678E+14    1.022890162737833E+09    1.162328483979178E-12    2.758897245065954E+02    1.957160594935636E+04    1.811249903227493E+04    2.132716449738000E-01    2.727782934271223E+00    0.000000000000000E+00    9.133723792180312E+14    3.354803000000000E-14    0.000000000000000E+00    8.370011000000001E-01    4.053215000000000E-02    1.886284000000000E-03    5.332207000000000E-02    1.772356000000000E-02    9.559861000000002E-05    7.503229000000000E-03    3.431010999999999E-03    1.163249000000000E-03    2.397381000000000E-04    2.079240000000000E-04    0.000000000000000E+00    0.000000000000000E+00    0.000000000000000E+00    0.000000000000000E+00    0.000000000000000E+00    1.277688000000000E-04    0.000000000000000E+00    3.659191000000000E-02    1.628352144241000E+42    7.000551952358000E+11    1.594567100524000E+11
                      583    0.000000000000000E+00    0.000000000000000E+00    9.134916148533945E+14    1.012907817635493E+09    1.019255259785092E-12    2.769855553330980E+02    1.963528751657683E+04    1.812720360171280E+04    2.245822690392300E-01    2.688087722226729E+00    0.000000000000000E+00    9.136894704147331E+14    3.354803000000000E-14    0.000000000000000E+00    8.370011000000001E-01    4.053215000000000E-02    1.886284000000000E-03    5.332207000000000E-02    1.772356000000000E-02    9.559861000000002E-05    7.503229000000000E-03    3.431010999999999E-03    1.163249000000000E-03    2.397381000000000E-04    2.079240000000000E-04    0.000000000000000E+00    0.000000000000000E+00    0.000000000000000E+00    0.000000000000000E+00    0.000000000000000E+00    1.277688000000000E-04    0.000000000000000E+00    3.659191000000000E-02    1.726721036911000E+42    6.142638895029001E+11    1.402589673613200E+11
                      584    0.000000000000000E+00    0.000000000000000E+00    9.138873259760716E+14    9.933549154614375E+08    8.762349928244857E-13    2.769855553330980E+02    1.977740315604280E+04    1.812720360171280E+04    2.395340057564900E-01    2.644643542123133E+00    0.000000000000000E+00    9.142391519085601E+14    3.354803000000000E-14    0.000000000000000E+00    8.370011000000001E-01    4.053215000000000E-02    1.886284000000000E-03    5.332207000000000E-02    1.772356000000000E-02    9.559861000000002E-05    7.503229000000000E-03    3.431010999999999E-03    1.163249000000000E-03    2.397381000000000E-04    2.079240000000000E-04    0.000000000000000E+00    0.000000000000000E+00    0.000000000000000E+00    0.000000000000000E+00    0.000000000000000E+00    1.277688000000000E-04    0.000000000000000E+00    3.659191000000000E-02    1.985922231675000E+42    5.278690740579001E+11    1.206193183325300E+11
                      585    0.000000000000000E+00    0.000000000000000E+00    9.145909778410486E+14    9.591890008075595E+08    7.081188420355606E-13    2.806646749641218E+02    1.997114506590596E+04    1.818376356434785E+04    2.581611083795100E-01    2.596698899699898E+00    0.000000000000000E+00    9.152187481252316E+14    3.354803000000000E-14    0.000000000000000E+00    8.370011000000001E-01    4.053215000000000E-02    1.886284000000000E-03    5.332207000000000E-02    1.772356000000000E-02    9.559861000000002E-05    7.503229000000000E-03    3.431010999999999E-03    1.163249000000000E-03    2.397381000000000E-04    2.079240000000000E-04    0.000000000000000E+00    0.000000000000000E+00    0.000000000000000E+00    0.000000000000000E+00    0.000000000000000E+00    1.277688000000000E-04    0.000000000000000E+00    3.659191000000000E-02    2.589740772249999E+42    4.258870599741001E+11    9.794754961001003E+10
                      586    0.000000000000000E+00    0.000000000000000E+00    9.158465184094145E+14    9.067997285171851E+08    5.096426747758584E-13    2.691085134086695E+02    2.011007847963244E+04    1.799025275212444E+04    2.756335470391900E-01    2.544576265392253E+00    0.000000000000000E+00    9.169160183292590E+14    3.354803000000000E-14    0.000000000000000E+00    8.370011000000001E-01    4.053215000000000E-02    1.886284000000000E-03    5.332207000000000E-02    1.772356000000000E-02    9.559861000000002E-05    7.503229000000000E-03    3.431010999999999E-03    1.163249000000000E-03    2.397381000000000E-04    2.079240000000000E-04    0.000000000000000E+00    0.000000000000000E+00    0.000000000000000E+00    0.000000000000000E+00    0.000000000000000E+00    1.277688000000000E-04    0.000000000000000E+00    3.659191000000000E-02    3.744914443975999E+42    3.067431075473301E+11    7.078117666235002E+10
                      587    0.000000000000000E+00    0.000000000000000E+00    9.179855182491032E+14    8.373661978535247E+08    3.214109551227215E-13    2.752175846344154E+02    2.039993313288494E+04    1.808803045285482E+04    2.967891721727000E-01    2.487654417424006E+00    0.000000000000000E+00    9.196754676991958E+14    3.354803000000000E-14    0.000000000000000E+00    8.370011000000001E-01    4.053215000000000E-02    1.886284000000000E-03    5.332207000000000E-02    1.772356000000000E-02    9.559861000000002E-05    7.503229000000000E-03    3.431010999999999E-03    1.163249000000000E-03    2.397381000000000E-04    2.079240000000000E-04    0.000000000000000E+00    0.000000000000000E+00    0.000000000000000E+00    0.000000000000000E+00    0.000000000000000E+00    1.277688000000000E-04    0.000000000000000E+00    3.659191000000000E-02    5.521117025386997E+42    1.934520204922801E+11    4.506405515474101E+10
                      588    0.000000000000000E+00    0.000000000000000E+00    9.213654171492881E+14    7.584054575665531E+08    1.829900871129329E-13    2.780915257573974E+02    2.046198785393643E+04    1.814194206868407E+04    3.217297823716599E-01    2.425363366324815E+00    0.000000000000000E+00    9.238071172863355E+14    3.354803000000000E-14    0.000000000000000E+00    8.370011000000001E-01    4.053215000000000E-02    1.886284000000000E-03    5.332207000000000E-02    1.772356000000000E-02    9.559861000000002E-05    7.503229000000000E-03    3.431010999999999E-03    1.163249000000000E-03    2.397381000000000E-04    2.079240000000000E-04    0.000000000000000E+00    0.000000000000000E+00    0.000000000000000E+00    0.000000000000000E+00    0.000000000000000E+00    1.277688000000000E-04    0.000000000000000E+00    3.659191000000000E-02    7.441251012818996E+42    1.102419863508600E+11    2.582702539059201E+10
                      589    0.000000000000000E+00    0.000000000000000E+00    9.262488174233828E+14    6.781386764185427E+08    1.001860523951696E-13    2.773466698706811E+02    2.040251828786192E+04    1.813954808529219E+04    3.473240516282200E-01    2.357748705270259E+00    0.000000000000000E+00    9.294929664995959E+14    3.354803000000000E-14    0.000000000000000E+00    8.370011000000001E-01    4.053215000000000E-02    1.886284000000000E-03    5.332207000000000E-02    1.772356000000000E-02    9.559861000000002E-05    7.503229000000000E-03    3.431010999999999E-03    1.163249000000000E-03    2.397381000000000E-04    2.079240000000000E-04    0.000000000000000E+00    0.000000000000000E+00    0.000000000000000E+00    0.000000000000000E+00    0.000000000000000E+00    1.277688000000000E-04    0.000000000000000E+00    3.659191000000000E-02    9.080339342136997E+42    6.040451461784002E+10    1.421759046362100E+10
                      590    0.000000000000000E+00    0.000000000000000E+00    9.327371155758090E+14    5.926624130814701E+08    5.599072218846904E-14    2.760173543862762E+02    2.056077419673861E+04    1.813535253961590E+04    3.679723149109600E-01    2.285894061547177E+00    0.000000000000000E+00    9.368443965860918E+14    3.354803000000000E-14    0.000000000000000E+00    8.370011000000001E-01    4.053215000000000E-02    1.886284000000000E-03    5.332207000000000E-02    1.772356000000000E-02    9.559861000000002E-05    7.503229000000000E-03    3.431010999999999E-03    1.163249000000000E-03    2.397381000000000E-04    2.079240000000000E-04    0.000000000000000E+00    0.000000000000000E+00    0.000000000000000E+00    0.000000000000000E+00    0.000000000000000E+00    1.277688000000000E-04    0.000000000000000E+00    3.659191000000000E-02    1.074164422800100E+43    3.372028323169501E+10    8.098134414664002E+09
                      591    0.000000000000000E+00    0.000000000000000E+00    9.409516775963746E+14    4.894307904495916E+08    3.336054887904870E-14    2.759159046671714E+02    2.093975841753072E+04    1.814637990009740E+04    3.826651205444800E-01    2.210963322569580E+00    0.000000000000000E+00    9.461163078850952E+14    3.354803000000000E-14    0.000000000000000E+00    8.370011000000001E-01    4.053215000000000E-02    1.886284000000000E-03    5.332207000000000E-02    1.772356000000000E-02    9.559861000000002E-05    7.503229000000000E-03    3.431010999999999E-03    1.163249000000000E-03    2.397381000000000E-04    2.079240000000000E-04    0.000000000000000E+00    0.000000000000000E+00    0.000000000000000E+00    0.000000000000000E+00    0.000000000000000E+00    1.277688000000000E-04    0.000000000000000E+00    3.659191000000000E-02    1.315550864030600E+43    2.008310273168501E+10    5.065951354976001E+09
                      592    0.000000000000000E+00    0.000000000000000E+00    9.512809381738161E+14    3.708636293589256E+08    2.180690317819761E-14    2.744154571405999E+02    2.111895171979367E+04    1.813053315451126E+04    3.933613558769500E-01    2.134004702336616E+00    0.000000000000000E+00    9.577345161268540E+14    3.354803000000000E-14    0.000000000000000E+00    8.370011000000001E-01    4.053215000000000E-02    1.886284000000000E-03    5.332207000000000E-02    1.772356000000000E-02    9.559861000000002E-05    7.503229000000000E-03    3.431010999999999E-03    1.163249000000000E-03    2.397381000000000E-04    2.079240000000000E-04    0.000000000000000E+00    0.000000000000000E+00    0.000000000000000E+00    0.000000000000000E+00    0.000000000000000E+00    1.277688000000000E-04    0.000000000000000E+00    3.659191000000000E-02    1.640359718324000E+43    1.316697589110400E+10    3.528138788221001E+09
                      593    0.000000000000000E+00    0.000000000000000E+00    9.641880940798918E+14    2.630386028965395E+08    1.576797832489991E-14    2.709184327962050E+02    2.082791674237879E+04    1.807453025629527E+04    3.949858224869000E-01    2.056899659817919E+00    0.000000000000000E+00    9.719045589501960E+14    3.354803000000000E-14    0.000000000000000E+00    8.370011000000001E-01    4.053215000000000E-02    1.886284000000000E-03    5.332207000000000E-02    1.772356000000000E-02    9.559861000000002E-05    7.503229000000000E-03    3.431010999999999E-03    1.163249000000000E-03    2.397381000000000E-04    2.079240000000000E-04    0.000000000000000E+00    0.000000000000000E+00    0.000000000000000E+00    0.000000000000000E+00    0.000000000000000E+00    1.277688000000000E-04    0.000000000000000E+00    3.659191000000000E-02    1.949038084031000E+43    9.503178472515001E+09    2.520961915969000E+09
                      594    0.000000000000000E+00    0.000000000000000E+00    9.796210238205002E+14    1.958108581199180E+08    1.262957145097712E-14    2.635351533725145E+02    2.024520033106617E+04    1.795010606519657E+04    3.864959440994600E-01    1.982087137393437E+00    0.000000000000000E+00    9.882684698122286E+14    3.354803000000000E-14    0.000000000000000E+00    8.370011000000001E-01    4.053215000000000E-02    1.886284000000000E-03    5.332207000000000E-02    1.772356000000000E-02    9.559861000000002E-05    7.503229000000000E-03    3.431010999999999E-03    1.163249000000000E-03    2.397381000000000E-04    2.079240000000000E-04    0.000000000000000E+00    0.000000000000000E+00    0.000000000000000E+00    0.000000000000000E+00    0.000000000000000E+00    1.277688000000000E-04    0.000000000000000E+00    3.659191000000000E-02    2.136737785340000E+43    7.606687540052999E+09    1.927047258377000E+09
                      595    0.000000000000000E+00    0.000000000000000E+00    9.969159158039570E+14    1.708784355134865E+08    1.105246112236985E-14    2.563530888107500E+02    1.993875245549190E+04    1.782653840420465E+04    3.799240078926500E-01    1.909447362717685E+00    0.000000000000000E+00    1.006019187529405E+15    3.354803000000000E-14    0.000000000000000E+00    8.370011000000001E-01    4.053215000000000E-02    1.886284000000000E-03    5.332207000000000E-02    1.772356000000000E-02    9.559861000000002E-05    7.503229000000000E-03    3.431010999999999E-03    1.163249000000000E-03    2.397381000000000E-04    2.079240000000000E-04    0.000000000000000E+00    0.000000000000000E+00    0.000000000000000E+00    0.000000000000000E+00    0.000000000000000E+00    1.277688000000000E-04    0.000000000000000E+00    3.659191000000000E-02    2.230342969895000E+43    6.651141775131000E+09    1.665742372513000E+09
                      596    0.000000000000000E+00    0.000000000000000E+00    1.015122459254853E+15    1.651598179540595E+08    1.034298352607220E-14    2.381434026523985E+02    1.961995385122608E+04    1.750116740949466E+04    3.721174834633300E-01    1.839324158491179E+00    0.000000000000000E+00    1.024491033842785E+15    3.354803000000000E-14    0.000000000000000E+00    8.370011000000001E-01    4.053215000000000E-02    1.886284000000000E-03    5.332207000000000E-02    1.772356000000000E-02    9.559861000000002E-05    7.503229000000000E-03    3.431010999999999E-03    1.163249000000000E-03    2.397381000000000E-04    2.079240000000000E-04    0.000000000000000E+00    0.000000000000000E+00    0.000000000000000E+00    0.000000000000000E+00    0.000000000000000E+00    1.277688000000000E-04    0.000000000000000E+00    3.659191000000000E-02    2.273621932984000E+43    6.226231704712000E+09    1.519021335602000E+09
                      597    0.000000000000000E+00    0.000000000000000E+00    1.033859608430718E+15    1.629472897376980E+08    9.900096842223303E-15    2.324922981534406E+02    1.954517051270409E+04    1.739444495815868E+04    3.703044346046900E-01    1.770581646531091E+00    0.000000000000000E+00    1.043481229701781E+15    3.354803000000000E-14    0.000000000000000E+00    8.370011000000001E-01    4.053215000000000E-02    1.886284000000000E-03    5.332207000000000E-02    1.772356000000000E-02    9.559861000000002E-05    7.503229000000000E-03    3.431010999999999E-03    1.163249000000000E-03    2.397381000000000E-04    2.079240000000000E-04    0.000000000000000E+00    0.000000000000000E+00    0.000000000000000E+00    0.000000000000000E+00    0.000000000000000E+00    1.277688000000000E-04    0.000000000000000E+00    3.659191000000000E-02    2.326900896073000E+43    5.966068593979000E+09    1.459021335602000E+09
                      598    0.000000000000000E+00    0.000000000000000E+00    1.053102850972844E+15    1.611554055900540E+08    9.498159162497924E-15    2.295295232609523E+02    1.950021786794754E+04    1.734071574224353E+04    3.693355931282500E-01    1.703027934113663E+00    0.000000000000000E+00    1.062978600383022E+15    3.354803000000000E-14    0.000000000000000E+00    8.370011000000001E-01    4.053215000000000E-02    1.886284000000000E-03    5.332207000000000E-02    1.772356000000000E-02    9.559861000000002E-05    7.503229000000000E-03    3.431010999999999E-03    1.163249000000000E-03    2.397381000000000E-04    2.079240000000000E-04    0.000000000000000E+00    0.000000000000000E+00    0.000000000000000E+00    0.000000000000000E+00    0.000000000000000E+00    1.277688000000000E-04    0.000000000000000E+00    3.659191000000000E-02    2.383458822251000E+43    5.716068593979000E+09    1.392463409424000E+09
                      599    0.000000000000000E+00    0.000000000000000E+00    1.072854349793199E+15    1.595203240346875E+08    9.112539898739364E-15    2.240828247293228E+02    1.941062250529003E+04    1.723497172822254E+04    3.672323309135900E-01    1.636884762955683E+00    0.000000000000000E+00    1.082982369860940E+15    3.354803000000000E-14    0.000000000000000E+00    8.370011000000001E-01    4.053215000000000E-02    1.886284000000000E-03    5.332207000000000E-02    1.772356000000000E-02    9.559861000000002E-05    7.503229000000000E-03    3.431010999999999E-03    1.163249000000000E-03    2.397381000000000E-04    2.079240000000000E-04    0.000000000000000E+00    0.000000000000000E+00    0.000000000000000E+00    0.000000000000000E+00    0.000000000000000E+00    1.277688000000000E-04    0.000000000000000E+00    3.659191000000000E-02    2.443458822251000E+43    5.482789630890000E+09    1.329184446335000E+09
                      600    0.000000000000000E+00    0.000000000000000E+00    1.093110389928680E+15    1.580002424793210E+08    8.742576533564671E-15    2.179759456515487E+02    1.932143879593118E+04    1.711632701737887E+04    3.647618583298200E-01    1.572244185840012E+00    0.000000000000000E+00    1.103490201200975E+15    3.354803000000000E-14    0.000000000000000E+00    8.370011000000001E-01    4.053215000000000E-02    1.886284000000000E-03    5.332207000000000E-02    1.772356000000000E-02    9.559861000000002E-05    7.503229000000000E-03    3.431010999999999E-03    1.163249000000000E-03    2.397381000000000E-04    2.079240000000000E-04    0.000000000000000E+00    0.000000000000000E+00    0.000000000000000E+00    0.000000000000000E+00    0.000000000000000E+00    1.277688000000000E-04    0.000000000000000E+00    3.659191000000000E-02    2.500016748429000E+43    5.262789630889999E+09    1.262626520157000E+09
                      601    0.000000000000000E+00    0.000000000000000E+00    1.113870012473270E+15    1.565551609239545E+08    8.387633447378320E-15    2.132252118830481E+02    1.918843094682209E+04    1.702421201044185E+04    3.620930168533800E-01    1.509151653913132E+00    0.000000000000000E+00    1.124504518855016E+15    3.354803000000000E-14    0.000000000000000E+00    8.370011000000001E-01    4.053215000000000E-02    1.886284000000000E-03    5.332207000000000E-02    1.772356000000000E-02    9.559861000000002E-05    7.503229000000000E-03    3.431010999999999E-03    1.163249000000000E-03    2.397381000000000E-04    2.079240000000000E-04    0.000000000000000E+00    0.000000000000000E+00    0.000000000000000E+00    0.000000000000000E+00    0.000000000000000E+00    1.277688000000000E-04    0.000000000000000E+00    3.659191000000000E-02    2.563295711518000E+43    5.052789630889999E+09    1.209347557068000E+09
                      602    0.000000000000000E+00    0.000000000000000E+00    1.135139025236764E+15    1.551518004054990E+08    8.047100826338934E-15    2.074142328984901E+02    1.910026811494241E+04    1.690701815929021E+04    3.591569650078300E-01    1.447638145519757E+00    0.000000000000000E+00    1.146013679648900E+15    3.354803000000000E-14    0.000000000000000E+00    8.370011000000001E-01    4.053215000000000E-02    1.886284000000000E-03    5.332207000000000E-02    1.772356000000000E-02    9.559861000000002E-05    7.503229000000000E-03    3.431010999999999E-03    1.163249000000000E-03    2.397381000000000E-04    2.079240000000000E-04    0.000000000000000E+00    0.000000000000000E+00    0.000000000000000E+00    0.000000000000000E+00    0.000000000000000E+00    1.277688000000000E-04    0.000000000000000E+00    3.659191000000000E-02    2.619853637696000E+43    4.849510667801001E+09    1.152789630890000E+09
                      603    0.000000000000000E+00    0.000000000000000E+00    1.156888334061038E+15    1.537568004054990E+08    7.750107551858851E-15    2.010376109766399E+02    1.899756685500983E+04    1.677737384953915E+04    3.560553339005000E-01    1.387584128395615E+00    0.000000000000000E+00    1.167994290471036E+15    3.354803000000000E-14    0.000000000000000E+00    8.370011000000001E-01    4.053215000000000E-02    1.886284000000000E-03    5.332207000000000E-02    1.772356000000000E-02    9.559861000000002E-05    7.503229000000000E-03    3.431010999999999E-03    1.163249000000000E-03    2.397381000000000E-04    2.079240000000000E-04    0.000000000000000E+00    0.000000000000000E+00    0.000000000000000E+00    0.000000000000000E+00    0.000000000000000E+00    1.277688000000000E-04    0.000000000000000E+00    3.659191000000000E-02    2.683132600785000E+43    4.666231704712000E+09    1.109510667801000E+09
                      604    0.000000000000000E+00    0.000000000000000E+00    1.179100246881034E+15    1.523018819608655E+08    7.458293037591518E-15    1.955587779522798E+02    1.886678852465989E+04    1.666187922033502E+04    3.526209131622799E-01    1.329127052035462E+00    0.000000000000000E+00    1.190432495342337E+15    3.354803000000000E-14    0.000000000000000E+00    8.370011000000001E-01    4.053215000000000E-02    1.886284000000000E-03    5.332207000000000E-02    1.772356000000000E-02    9.559861000000002E-05    7.503229000000000E-03    3.431010999999999E-03    1.163249000000000E-03    2.397381000000000E-04    2.079240000000000E-04    0.000000000000000E+00    0.000000000000000E+00    0.000000000000000E+00    0.000000000000000E+00    0.000000000000000E+00    1.277688000000000E-04    0.000000000000000E+00    3.659191000000000E-02    2.753132600785000E+43    4.496231704712000E+09    1.062952741623000E+09
                      605    0.000000000000000E+00    0.000000000000000E+00    1.201764743803639E+15    1.507720450715985E+08    7.183030813460289E-15    1.800019934187503E+02    1.859332313772049E+04    1.632014383440747E+04    3.426864924240600E-01    1.273300771358299E+00    0.000000000000000E+00    1.213360501718119E+15    3.354803000000000E-14    0.000000000000000E+00    8.370011000000001E-01    4.053215000000000E-02    1.886284000000000E-03    5.332207000000000E-02    1.772356000000000E-02    9.559861000000002E-05    7.503229000000000E-03    3.431010999999999E-03    1.163249000000000E-03    2.397381000000000E-04    2.079240000000000E-04    0.000000000000000E+00    0.000000000000000E+00    0.000000000000000E+00    0.000000000000000E+00    0.000000000000000E+00    1.277688000000000E-04    0.000000000000000E+00    3.659191000000000E-02    2.809690526963000E+43    4.332952741623000E+09    1.013034296989500E+09
                      606    0.000000000000000E+00    0.000000000000000E+00    1.224956259632599E+15    1.492554871454205E+08    6.907290626231616E-15    1.783517252236749E+02    1.856512943831203E+04    1.628260854518157E+04    3.423209131622800E-01    1.218427969974650E+00    0.000000000000000E+00    1.236831495139239E+15    3.354803000000000E-14    0.000000000000000E+00    8.370011000000001E-01    4.053215000000000E-02    1.886284000000000E-03    5.332207000000000E-02    1.772356000000000E-02    9.559861000000002E-05    7.503229000000000E-03    3.431010999999999E-03    1.163249000000000E-03    2.397381000000000E-04    2.079240000000000E-04    0.000000000000000E+00    0.000000000000000E+00    0.000000000000000E+00    0.000000000000000E+00    0.000000000000000E+00    1.277688000000000E-04    0.000000000000000E+00    3.659191000000000E-02    2.882969490052000E+43    4.159673778533999E+09    9.737064006805999E+08
                      607    0.000000000000000E+00    0.000000000000000E+00    1.248706730645878E+15    1.478088476638760E+08    6.626858988870714E-15    1.744716357866731E+02    1.846532760154651E+04    1.619501906551681E+04    3.394881235313900E-01    1.164960735351591E+00    0.000000000000000E+00    1.260866901088409E+15    3.354803000000000E-14    0.000000000000000E+00    8.370011000000001E-01    4.053215000000000E-02    1.886284000000000E-03    5.332207000000000E-02    1.772356000000000E-02    9.559861000000002E-05    7.503229000000000E-03    3.431010999999999E-03    1.163249000000000E-03    2.397381000000000E-04    2.079240000000000E-04    0.000000000000000E+00    0.000000000000000E+00    0.000000000000000E+00    0.000000000000000E+00    0.000000000000000E+00    1.277688000000000E-04    0.000000000000000E+00    3.659191000000000E-02    2.946248453141000E+43    3.992952741623000E+09    9.317553339005001E+08
                      608    0.000000000000000E+00    0.000000000000000E+00    1.273027071530940E+15    1.464271266269650E+08    6.367611028958887E-15    1.697167993393119E+02    1.838048712775007E+04    1.608353333844773E+04    3.360225442696100E-01    1.112893677225533E+00    0.000000000000000E+00    1.285478782198973E+15    3.354803000000000E-14    0.000000000000000E+00    8.370011000000001E-01    4.053215000000000E-02    1.886284000000000E-03    5.332207000000000E-02    1.772356000000000E-02    9.559861000000002E-05    7.503229000000000E-03    3.431010999999999E-03    1.163249000000000E-03    2.397381000000000E-04    2.079240000000000E-04    0.000000000000000E+00    0.000000000000000E+00    0.000000000000000E+00    0.000000000000000E+00    0.000000000000000E+00    1.277688000000000E-04    0.000000000000000E+00    3.659191000000000E-02    3.012806379318999E+43    3.836394815445000E+09    8.927879560471001E+08
                      609    0.000000000000000E+00    0.000000000000000E+00    1.297930492867007E+15    1.450820450715985E+08    6.113750754915823E-15    1.635779769997941E+02    1.825395674436298E+04    1.593607861848183E+04    3.322241753769400E-01    1.062279313458113E+00    0.000000000000000E+00    1.310663572908455E+15    3.354803000000000E-14    0.000000000000000E+00    8.370011000000001E-01    4.053215000000000E-02    1.886284000000000E-03    5.332207000000000E-02    1.772356000000000E-02    9.559861000000002E-05    7.503229000000000E-03    3.431010999999999E-03    1.163249000000000E-03    2.397381000000000E-04    2.079240000000000E-04    0.000000000000000E+00    0.000000000000000E+00    0.000000000000000E+00    0.000000000000000E+00    0.000000000000000E+00    1.277688000000000E-04    0.000000000000000E+00    3.659191000000000E-02    3.082806379319000E+43    3.679673778534000E+09    8.544763708115000E+08
                      610    0.000000000000000E+00    0.000000000000000E+00    1.323396652949902E+15    1.437386845531430E+08    5.874575994553008E-15    1.585554195661729E+02    1.815584932246682E+04    1.581391731057112E+04    3.281258064842700E-01    1.013163156728652E+00    0.000000000000000E+00    1.336396590171558E+15    3.354803000000000E-14    0.000000000000000E+00    8.370011000000001E-01    4.053215000000000E-02    1.886284000000000E-03    5.332207000000000E-02    1.772356000000000E-02    9.559861000000002E-05    7.503229000000000E-03    3.431010999999999E-03    1.163249000000000E-03    2.397381000000000E-04    2.079240000000000E-04    0.000000000000000E+00    0.000000000000000E+00    0.000000000000000E+00    0.000000000000000E+00    0.000000000000000E+00    1.277688000000000E-04    0.000000000000000E+00    3.659191000000000E-02    3.156085342407999E+43    3.536394815445000E+09    8.198368892670001E+08
                      611    0.000000000000000E+00    0.000000000000000E+00    1.349396527393214E+15    1.423337661085095E+08    5.649064406660108E-15    1.542343441977869E+02    1.803086533485413E+04    1.570505506952980E+04    3.237290686989300E-01    9.655888252794929E-01    0.000000000000000E+00    1.362673155052278E+15    3.354803000000000E-14    0.000000000000000E+00    8.370011000000001E-01    4.053215000000000E-02    1.886284000000000E-03    5.332207000000000E-02    1.772356000000000E-02    9.559861000000002E-05    7.503229000000000E-03    3.431010999999999E-03    1.163249000000000E-03    2.397381000000000E-04    2.079240000000000E-04    0.000000000000000E+00    0.000000000000000E+00    0.000000000000000E+00    0.000000000000000E+00    0.000000000000000E+00    1.277688000000000E-04    0.000000000000000E+00    3.659191000000000E-02    3.229364305497000E+43    3.406394815445000E+09    7.868532003403001E+08
                      612    0.000000000000000E+00    0.000000000000000E+00    1.375949782711341E+15    1.408772081823315E+08    5.432209694824498E-15    1.419649360664836E+02    1.776955857790155E+04    1.538294416089654E+04    3.135995412827000E-01    9.203282107774937E-01    0.000000000000000E+00    1.389536492971211E+15    3.354803000000000E-14    0.000000000000000E+00    8.370011000000001E-01    4.053215000000000E-02    1.886284000000000E-03    5.332207000000000E-02    1.772356000000000E-02    9.559861000000002E-05    7.503229000000000E-03    3.431010999999999E-03    1.163249000000000E-03    2.397381000000000E-04    2.079240000000000E-04    0.000000000000000E+00    0.000000000000000E+00    0.000000000000000E+00    0.000000000000000E+00    0.000000000000000E+00    1.277688000000000E-04    0.000000000000000E+00    3.659191000000000E-02    3.302643268586000E+43    3.273115852356000E+09    7.538858224869000E+08
                      613    0.000000000000000E+00    0.000000000000000E+00    1.403123203231080E+15    1.394672081823315E+08    5.219703486945789E-15    1.401670945800246E+02    1.772868972727098E+04    1.533550145485819E+04    3.122355931282500E-01    8.760195238432911E-01    0.000000000000000E+00    1.417031299047896E+15    3.354803000000000E-14    0.000000000000000E+00    8.370011000000001E-01    4.053215000000000E-02    1.886284000000000E-03    5.332207000000000E-02    1.772356000000000E-02    9.559861000000002E-05    7.503229000000000E-03    3.431010999999999E-03    1.163249000000000E-03    2.397381000000000E-04    2.079240000000000E-04    0.000000000000000E+00    0.000000000000000E+00    0.000000000000000E+00    0.000000000000000E+00    0.000000000000000E+00    1.277688000000000E-04    0.000000000000000E+00    3.659191000000000E-02    3.375922231675000E+43    3.143115852356000E+09    7.235579261780000E+08
                      614    0.000000000000000E+00    0.000000000000000E+00    1.430939394864712E+15    1.381421266269650E+08    5.007786821701715E-15    1.363471521176028E+02    1.760664628562817E+04    1.522993260540226E+04    3.082732760811300E-01    8.330571027563225E-01    0.000000000000000E+00    1.445174579296343E+15    3.354803000000000E-14    0.000000000000000E+00    8.370011000000001E-01    4.053215000000000E-02    1.886284000000000E-03    5.332207000000000E-02    1.772356000000000E-02    9.559861000000002E-05    7.503229000000000E-03    3.431010999999999E-03    1.163249000000000E-03    2.397381000000000E-04    2.079240000000000E-04    0.000000000000000E+00    0.000000000000000E+00    0.000000000000000E+00    0.000000000000000E+00    0.000000000000000E+00    1.277688000000000E-04    0.000000000000000E+00    3.659191000000000E-02    3.445922231674999E+43    3.013115852356000E+09    6.939021335602000E+08
                      615    0.000000000000000E+00    0.000000000000000E+00    1.459409763727974E+15    1.368836845531430E+08    4.808133596763553E-15    1.314153424994176E+02    1.748544298512815E+04    1.509030374399648E+04    3.038109590340100E-01    7.914461877531562E-01    0.000000000000000E+00    1.473980157877449E+15    3.354803000000000E-14    0.000000000000000E+00    8.370011000000001E-01    4.053215000000000E-02    1.886284000000000E-03    5.332207000000000E-02    1.772356000000000E-02    9.559861000000002E-05    7.503229000000000E-03    3.431010999999999E-03    1.163249000000000E-03    2.397381000000000E-04    2.079240000000000E-04    0.000000000000000E+00    0.000000000000000E+00    0.000000000000000E+00    0.000000000000000E+00    0.000000000000000E+00    1.277688000000000E-04    0.000000000000000E+00    3.659191000000000E-02    3.519201194764000E+43    2.893115852356000E+09    6.652463409424000E+08
                      616    0.000000000000000E+00    0.000000000000000E+00    1.488550552026924E+15    1.356586029977765E+08    4.609415235466522E-15    1.262175524968696E+02    1.739150738368005E+04    1.494022083939667E+04    2.990158523560000E-01    7.512634070508515E-01    0.000000000000000E+00    1.503433131230396E+15    3.354803000000000E-14    0.000000000000000E+00    8.370011000000001E-01    4.053215000000000E-02    1.886284000000000E-03    5.332207000000000E-02    1.772356000000000E-02    9.559861000000002E-05    7.503229000000000E-03    3.431010999999999E-03    1.163249000000000E-03    2.397381000000000E-04    2.079240000000000E-04    0.000000000000000E+00    0.000000000000000E+00    0.000000000000000E+00    0.000000000000000E+00    0.000000000000000E+00    1.277688000000000E-04    0.000000000000000E+00    3.659191000000000E-02    3.592480157853000E+43    2.779836889267000E+09    6.375905483246000E+08
                      617    0.000000000000000E+00    0.000000000000000E+00    1.518315710433869E+15    1.343936029977765E+08    4.432470286593332E-15    1.223494782813864E+02    1.723206108558866E+04    1.482574649376925E+04    2.937879560471000E-01    7.124855376437913E-01    0.000000000000000E+00    1.533511942159338E+15    3.354803000000000E-14    0.000000000000000E+00    8.370011000000001E-01    4.053215000000000E-02    1.886284000000000E-03    5.332207000000000E-02    1.772356000000000E-02    9.559861000000002E-05    7.503229000000000E-03    3.431010999999999E-03    1.163249000000000E-03    2.397381000000000E-04    2.079240000000000E-04    0.000000000000000E+00    0.000000000000000E+00    0.000000000000000E+00    0.000000000000000E+00    0.000000000000000E+00    1.277688000000000E-04    0.000000000000000E+00    3.659191000000000E-02    3.672480157853000E+43    2.669836889267000E+09    6.119347557068000E+08
                      618    0.000000000000000E+00    0.000000000000000E+00    1.548708173884808E+15    1.330886029977765E+08    4.262317851158908E-15    1.126165248883256E+02    1.698237112846386E+04    1.452167021685510E+04    2.834289012146400E-01    6.757527280367090E-01    0.000000000000000E+00    1.564255436825064E+15    3.354803000000000E-14    0.000000000000000E+00    8.370011000000001E-01    4.053215000000000E-02    1.886284000000000E-03    5.332207000000000E-02    1.772356000000000E-02    9.559861000000002E-05    7.503229000000000E-03    3.431010999999999E-03    1.163249000000000E-03    2.397381000000000E-04    2.079240000000000E-04    0.000000000000000E+00    0.000000000000000E+00    0.000000000000000E+00    0.000000000000000E+00    0.000000000000000E+00    1.277688000000000E-04    0.000000000000000E+00    3.659191000000000E-02    3.745759120942000E+43    2.569836889267000E+09    5.872789630890000E+08
                      619    0.000000000000000E+00    0.000000000000000E+00    1.579802699765320E+15    1.318385214424100E+08    4.089270438123491E-15    1.105610416591728E+02    1.693011645470241E+04    1.445494920284989E+04    2.813337945366300E-01    6.399640879263220E-01    0.000000000000000E+00    1.595713888031097E+15    3.354803000000000E-14    0.000000000000000E+00    8.370011000000001E-01    4.053215000000000E-02    1.886284000000000E-03    5.332207000000000E-02    1.772356000000000E-02    9.559861000000002E-05    7.503229000000000E-03    3.431010999999999E-03    1.163249000000000E-03    2.397381000000000E-04    2.079240000000000E-04    0.000000000000000E+00    0.000000000000000E+00    0.000000000000000E+00    0.000000000000000E+00    0.000000000000000E+00    1.277688000000000E-04    0.000000000000000E+00    3.659191000000000E-02    3.815759120942000E+43    2.459836889267000E+09    5.632789630890000E+08
                      620    0.000000000000000E+00    0.000000000000000E+00    1.611625076296874E+15    1.306767188501325E+08    3.923248640775118E-15    1.068053067137652E+02    1.681357035280029E+04    1.433300411242080E+04    2.767403189659500E-01    6.053990900309003E-01    0.000000000000000E+00    1.627905856528236E+15    3.354803000000000E-14    0.000000000000000E+00    8.370011000000001E-01    4.053215000000000E-02    1.886284000000000E-03    5.332207000000000E-02    1.772356000000000E-02    9.559861000000002E-05    7.503229000000000E-03    3.431010999999999E-03    1.163249000000000E-03    2.397381000000000E-04    2.079240000000000E-04    0.000000000000000E+00    0.000000000000000E+00    0.000000000000000E+00    0.000000000000000E+00    0.000000000000000E+00    1.277688000000000E-04    0.000000000000000E+00    3.659191000000000E-02    3.895759120942000E+43    2.359836889267000E+09    5.399510667801000E+08
                      621    0.000000000000000E+00    0.000000000000000E+00    1.644186636759598E+15    1.295915557393995E+08    3.763967223553674E-15    1.029420544877866E+02    1.668484123890549E+04    1.420159834086593E+04    2.716468433952700E-01    5.720921749008063E-01    0.000000000000000E+00    1.660832912271064E+15    3.354803000000000E-14    0.000000000000000E+00    8.370011000000001E-01    4.053215000000000E-02    1.886284000000000E-03    5.332207000000000E-02    1.772356000000000E-02    9.559861000000002E-05    7.503229000000000E-03    3.431010999999999E-03    1.163249000000000E-03    2.397381000000000E-04    2.079240000000000E-04    0.000000000000000E+00    0.000000000000000E+00    0.000000000000000E+00    0.000000000000000E+00    0.000000000000000E+00    1.277688000000000E-04    0.000000000000000E+00    3.659191000000000E-02    3.969038084031000E+43    2.266557926178000E+09    5.176231704712000E+08
                      622    0.000000000000000E+00    0.000000000000000E+00    1.677479187782531E+15    1.285147531471220E+08    3.611152531282663E-15    9.830889882565097E+01    1.656998359971245E+04    1.403903398893786E+04    2.662533678245900E-01    5.400692574998573E-01    0.000000000000000E+00    1.694478965418550E+15    3.354803000000000E-14    0.000000000000000E+00    8.370011000000001E-01    4.053215000000000E-02    1.886284000000000E-03    5.332207000000000E-02    1.772356000000000E-02    9.559861000000002E-05    7.503229000000000E-03    3.431010999999999E-03    1.163249000000000E-03    2.397381000000000E-04    2.079240000000000E-04    0.000000000000000E+00    0.000000000000000E+00    0.000000000000000E+00    0.000000000000000E+00    0.000000000000000E+00    1.277688000000000E-04    0.000000000000000E+00    3.659191000000000E-02    4.045759120942000E+43    2.176557926178000E+09    4.966231704712000E+08
                      623    0.000000000000000E+00    0.000000000000000E+00    1.711478743054570E+15    1.274113110733000E+08    3.472528613197663E-15    9.017811116050581E+01    1.629238734198234E+04    1.374036683836547E+04    2.554303648376800E-01    5.099001368930556E-01    0.000000000000000E+00    1.728860575017716E+15    3.354803000000000E-14    0.000000000000000E+00    8.370011000000001E-01    4.053215000000000E-02    1.886284000000000E-03    5.332207000000000E-02    1.772356000000000E-02    9.559861000000002E-05    7.503229000000000E-03    3.431010999999999E-03    1.163249000000000E-03    2.397381000000000E-04    2.079240000000000E-04    0.000000000000000E+00    0.000000000000000E+00    0.000000000000000E+00    0.000000000000000E+00    0.000000000000000E+00    1.277688000000000E-04    0.000000000000000E+00    3.659191000000000E-02    4.115759120942000E+43    2.089836889267000E+09    4.769673778534000E+08
                      624    0.000000000000000E+00    0.000000000000000E+00    1.746242406980860E+15    1.263545084810225E+08    3.331546144458990E-15    8.853217513725380E+01    1.621753062179865E+04    1.367723558730626E+04    2.528024685287800E-01    4.806101728643742E-01    0.000000000000000E+00    1.764024398858251E+15    3.354803000000000E-14    0.000000000000000E+00    8.370011000000001E-01    4.053215000000000E-02    1.886284000000000E-03    5.332207000000000E-02    1.772356000000000E-02    9.559861000000002E-05    7.503229000000000E-03    3.431010999999999E-03    1.163249000000000E-03    2.397381000000000E-04    2.079240000000000E-04    0.000000000000000E+00    0.000000000000000E+00    0.000000000000000E+00    0.000000000000000E+00    0.000000000000000E+00    1.277688000000000E-04    0.000000000000000E+00    3.659191000000000E-02    4.185759120942000E+43    2.006557926178000E+09    4.576394815445000E+08
                      625    0.000000000000000E+00    0.000000000000000E+00    1.781806390735642E+15    1.253927058887450E+08    3.196287474918422E-15    8.503898006114400E+01    1.609340309300571E+04    1.354128708172912E+04    2.479434136963200E-01    4.524154733208755E-01    0.000000000000000E+00    1.799995318345768E+15    3.354803000000000E-14    0.000000000000000E+00    8.370011000000001E-01    4.053215000000000E-02    1.886284000000000E-03    5.332207000000000E-02    1.772356000000000E-02    9.559861000000002E-05    7.503229000000000E-03    3.431010999999999E-03    1.163249000000000E-03    2.397381000000000E-04    2.079240000000000E-04    0.000000000000000E+00    0.000000000000000E+00    0.000000000000000E+00    0.000000000000000E+00    0.000000000000000E+00    1.277688000000000E-04    0.000000000000000E+00    3.659191000000000E-02    4.255759120942000E+43    1.926557926178000E+09    4.386394815445000E+08
                      626    0.000000000000000E+00    0.000000000000000E+00    1.818184245955894E+15    1.245259032964675E+08    3.064189704743187E-15    8.168522991206618E+01    1.598261688537108E+04    1.340670577998040E+04    2.443646180916100E-01    4.251693802338793E-01    0.000000000000000E+00    1.836778186583479E+15    3.354803000000000E-14    0.000000000000000E+00    8.370011000000001E-01    4.053215000000000E-02    1.886284000000000E-03    5.332207000000000E-02    1.772356000000000E-02    9.559861000000002E-05    7.503229000000000E-03    3.431010999999999E-03    1.163249000000000E-03    2.397381000000000E-04    2.079240000000000E-04    0.000000000000000E+00    0.000000000000000E+00    0.000000000000000E+00    0.000000000000000E+00    0.000000000000000E+00    1.277688000000000E-04    0.000000000000000E+00    3.659191000000000E-02    4.325759120941999E+43    1.846557926178000E+09    4.206394815445000E+08
                      627    0.000000000000000E+00    0.000000000000000E+00    1.855372127211064E+15    1.236974612226455E+08    2.942021437488689E-15    7.800878895347928E+01    1.582382845013992E+04    1.325324048795468E+04    2.414939780235500E-01    3.987416542400677E-01    0.000000000000000E+00    1.874369579475282E+15    3.354803000000000E-14    0.000000000000000E+00    8.370011000000001E-01    4.053215000000000E-02    1.886284000000000E-03    5.332207000000000E-02    1.772356000000000E-02    9.559861000000002E-05    7.503229000000000E-03    3.431010999999999E-03    1.163249000000000E-03    2.397381000000000E-04    2.079240000000000E-04    0.000000000000000E+00    0.000000000000000E+00    0.000000000000000E+00    0.000000000000000E+00    0.000000000000000E+00    1.277688000000000E-04    0.000000000000000E+00    3.659191000000000E-02    4.392480157853000E+43    1.773278963089000E+09    4.036394815445000E+08
                      628    0.000000000000000E+00    0.000000000000000E+00    1.893367031739500E+15    1.228891007041900E+08    2.826933868977853E-15    7.156119642006335E+01    1.557082293059668E+04    1.297133652294000E+04    2.362429112434500E-01    3.733641505586941E-01    0.000000000000000E+00    1.912792048830092E+15    3.354803000000000E-14    0.000000000000000E+00    8.370011000000001E-01    4.053215000000000E-02    1.886284000000000E-03    5.332207000000000E-02    1.772356000000000E-02    9.559861000000002E-05    7.503229000000000E-03    3.431010999999999E-03    1.163249000000000E-03    2.397381000000000E-04    2.079240000000000E-04    0.000000000000000E+00    0.000000000000000E+00    0.000000000000000E+00    0.000000000000000E+00    0.000000000000000E+00    1.277688000000000E-04    0.000000000000000E+00    3.659191000000000E-02    4.459201194764000E+43    1.703278963089000E+09    3.873115852356000E+08
                      629    0.000000000000000E+00    0.000000000000000E+00    1.932217065920682E+15    1.221791007041900E+08    2.712162139151135E-15    6.937774711080769E+01    1.548730162202158E+04    1.287205507342204E+04    2.344608534240800E-01    3.486576518917157E-01    0.000000000000000E+00    1.952088709582140E+15    3.354803000000000E-14    0.000000000000000E+00    8.370011000000001E-01    4.053215000000000E-02    1.886284000000000E-03    5.332207000000000E-02    1.772356000000000E-02    9.559861000000002E-05    7.503229000000000E-03    3.431010999999999E-03    1.163249000000000E-03    2.397381000000000E-04    2.079240000000000E-04    0.000000000000000E+00    0.000000000000000E+00    0.000000000000000E+00    0.000000000000000E+00    0.000000000000000E+00    1.277688000000000E-04    0.000000000000000E+00    3.659191000000000E-02    4.525922231675000E+43    1.633278963089000E+09    3.713115852356000E+08
                      630    0.000000000000000E+00    0.000000000000000E+00    1.971960353243598E+15    1.216157401857345E+08    2.596065519985809E-15    6.625523412569130E+01    1.536881774401023E+04    1.272470987742590E+04    2.331296949005200E-01    3.246025067771279E-01    0.000000000000000E+00    1.992283050724942E+15    3.354803000000000E-14    0.000000000000000E+00    8.370011000000001E-01    4.053215000000000E-02    1.886284000000000E-03    5.332207000000000E-02    1.772356000000000E-02    9.559861000000002E-05    7.503229000000000E-03    3.431010999999999E-03    1.163249000000000E-03    2.397381000000000E-04    2.079240000000000E-04    0.000000000000000E+00    0.000000000000000E+00    0.000000000000000E+00    0.000000000000000E+00    0.000000000000000E+00    1.277688000000000E-04    0.000000000000000E+00    3.659191000000000E-02    4.589364305497000E+43    1.563278963089000E+09    3.563115852356000E+08
                      631    0.000000000000000E+00    0.000000000000000E+00    2.012605748206285E+15    1.211273796672790E+08    2.490666899331121E-15    6.327325737514970E+01    1.522791557600012E+04    1.257905132794110E+04    2.316296949005200E-01    3.011520673472442E-01    0.000000000000000E+00    2.033361701246868E+15    3.354803000000000E-14    0.000000000000000E+00    8.370011000000001E-01    4.053215000000000E-02    1.886284000000000E-03    5.332207000000000E-02    1.772356000000000E-02    9.559861000000002E-05    7.503229000000000E-03    3.431010999999999E-03    1.163249000000000E-03    2.397381000000000E-04    2.079240000000000E-04    0.000000000000000E+00    0.000000000000000E+00    0.000000000000000E+00    0.000000000000000E+00    0.000000000000000E+00    1.277688000000000E-04    0.000000000000000E+00    3.659191000000000E-02    4.656085342408000E+43    1.503278963089000E+09    3.413115852356000E+08
                      632    0.000000000000000E+00    0.000000000000000E+00    2.054117654287452E+15    1.206457401857345E+08    2.395055871760579E-15    5.751370093550059E+01    1.497289149246287E+04    1.228320120844816E+04    2.288969052696300E-01    2.783928235274685E-01    0.000000000000000E+00    2.075329178475925E+15    3.354803000000000E-14    0.000000000000000E+00    8.370011000000001E-01    4.053215000000000E-02    1.886284000000000E-03    5.332207000000000E-02    1.772356000000000E-02    9.559861000000002E-05    7.503229000000000E-03    3.431010999999999E-03    1.163249000000000E-03    2.397381000000000E-04    2.079240000000000E-04    0.000000000000000E+00    0.000000000000000E+00    0.000000000000000E+00    0.000000000000000E+00    0.000000000000000E+00    1.277688000000000E-04    0.000000000000000E+00    3.659191000000000E-02    4.712806379319000E+43    1.443278963089000E+09    3.273115852356000E+08
                      633    0.000000000000000E+00    0.000000000000000E+00    2.096540702664398E+15    1.202257401857345E+08    2.297818115883043E-15    5.576104918581963E+01    1.486981883243014E+04    1.218921553535017E+04    2.277641156387400E-01    2.561887830082442E-01    0.000000000000000E+00    2.118231335043103E+15    3.354803000000000E-14    0.000000000000000E+00    8.370011000000001E-01    4.053215000000000E-02    1.886284000000000E-03    5.332207000000000E-02    1.772356000000000E-02    9.559861000000002E-05    7.503229000000000E-03    3.431010999999999E-03    1.163249000000000E-03    2.397381000000000E-04    2.079240000000000E-04    0.000000000000000E+00    0.000000000000000E+00    0.000000000000000E+00    0.000000000000000E+00    0.000000000000000E+00    1.277688000000000E-04    0.000000000000000E+00    3.659191000000000E-02    4.766248453141000E+43    1.383278963089000E+09    3.139836889267000E+08
                      634    0.000000000000000E+00    0.000000000000000E+00    2.139921967421808E+15    1.199241007041900E+08    2.199457877437138E-15    5.276317689636821E+01    1.473349151393984E+04    1.202197322845312E+04    2.260985363769600E-01    2.346141588666695E-01    0.000000000000000E+00    2.162102547533538E+15    3.354803000000000E-14    0.000000000000000E+00    8.370011000000001E-01    4.053215000000000E-02    1.886284000000000E-03    5.332207000000000E-02    1.772356000000000E-02    9.559861000000002E-05    7.503229000000000E-03    3.431010999999999E-03    1.163249000000000E-03    2.397381000000000E-04    2.079240000000000E-04    0.000000000000000E+00    0.000000000000000E+00    0.000000000000000E+00    0.000000000000000E+00    0.000000000000000E+00    1.277688000000000E-04    0.000000000000000E+00    3.659191000000000E-02    4.829690526963000E+43    1.323278963089000E+09    3.009836889267000E+08
                      635    0.000000000000000E+00    0.000000000000000E+00    2.184283127645269E+15    1.196891822595565E+08    2.110161276605887E-15    4.992647873106056E+01    1.458718217549936E+04    1.185702557203092E+04    2.241329571151800E-01    2.136319902465715E-01    0.000000000000000E+00    2.206939281940071E+15    3.354803000000000E-14    0.000000000000000E+00    8.370011000000001E-01    4.053215000000000E-02    1.886284000000000E-03    5.332207000000000E-02    1.772356000000000E-02    9.559861000000002E-05    7.503229000000000E-03    3.431010999999999E-03    1.163249000000000E-03    2.397381000000000E-04    2.079240000000000E-04    0.000000000000000E+00    0.000000000000000E+00    0.000000000000000E+00    0.000000000000000E+00    0.000000000000000E+00    1.277688000000000E-04    0.000000000000000E+00    3.659191000000000E-02    4.883132600784999E+43    1.273278963089000E+09    2.889836889267000E+08
                      636    0.000000000000000E+00    0.000000000000000E+00    2.229595436234873E+15    1.194542638149230E+08    2.024490061376152E-15    4.511603623013061E+01    1.432093609525428E+04    1.156047706688022E+04    2.208001674842900E-01    1.933758245293778E-01    0.000000000000000E+00    2.252746586318122E+15    3.354803000000000E-14    0.000000000000000E+00    8.370011000000001E-01    4.053215000000000E-02    1.886284000000000E-03    5.332207000000000E-02    1.772356000000000E-02    9.559861000000002E-05    7.503229000000000E-03    3.431010999999999E-03    1.163249000000000E-03    2.397381000000000E-04    2.079240000000000E-04    0.000000000000000E+00    0.000000000000000E+00    0.000000000000000E+00    0.000000000000000E+00    0.000000000000000E+00    1.277688000000000E-04    0.000000000000000E+00    3.659191000000000E-02    4.936574674607000E+43    1.223278963089000E+09    2.769836889267000E+08
                      637    0.000000000000000E+00    0.000000000000000E+00    2.275897736401370E+15    1.192777058887450E+08    1.945297256220357E-15    4.334101091708103E+01    1.421142568810078E+04    1.144564997509812E+04    2.191673778534000E-01    1.736341496866830E-01    0.000000000000000E+00    2.299571083556718E+15    3.354803000000000E-14    0.000000000000000E+00    8.370011000000001E-01    4.053215000000000E-02    1.886284000000000E-03    5.332207000000000E-02    1.772356000000000E-02    9.559861000000002E-05    7.503229000000000E-03    3.431010999999999E-03    1.163249000000000E-03    2.397381000000000E-04    2.079240000000000E-04    0.000000000000000E+00    0.000000000000000E+00    0.000000000000000E+00    0.000000000000000E+00    0.000000000000000E+00    1.277688000000000E-04    0.000000000000000E+00    3.659191000000000E-02    4.990016748429000E+43    1.173278963089000E+09    2.656557926178000E+08
                      638    0.000000000000000E+00    0.000000000000000E+00    2.323244430712067E+15    1.192228689994780E+08    1.863441010012233E-15    4.050191828692748E+01    1.404874884345915E+04    1.125396803538549E+04    2.168690089607300E-01    1.544992210727096E-01    0.000000000000000E+00    2.347440083287383E+15    3.354803000000000E-14    0.000000000000000E+00    8.370011000000001E-01    4.053215000000000E-02    1.886284000000000E-03    5.332207000000000E-02    1.772356000000000E-02    9.559861000000002E-05    7.503229000000000E-03    3.431010999999999E-03    1.163249000000000E-03    2.397381000000000E-04    2.079240000000000E-04    0.000000000000000E+00    0.000000000000000E+00    0.000000000000000E+00    0.000000000000000E+00    0.000000000000000E+00    1.277688000000000E-04    0.000000000000000E+00    3.659191000000000E-02    5.040179859162000E+43    1.123278963089000E+09    2.546557926178000E+08
                      639    0.000000000000000E+00    0.000000000000000E+00    2.371635735862700E+15    1.192564741840330E+08    1.787786481798423E-15    3.784953802143662E+01    1.387728162638141E+04    1.106550928119923E+04    2.142034296989500E-01    1.359668037746560E-01    0.000000000000000E+00    2.396362248221986E+15    3.354803000000000E-14    0.000000000000000E+00    8.370011000000001E-01    4.053215000000000E-02    1.886284000000000E-03    5.332207000000000E-02    1.772356000000000E-02    9.559861000000002E-05    7.503229000000000E-03    3.431010999999999E-03    1.163249000000000E-03    2.397381000000000E-04    2.079240000000000E-04    0.000000000000000E+00    0.000000000000000E+00    0.000000000000000E+00    0.000000000000000E+00    0.000000000000000E+00    1.277688000000000E-04    0.000000000000000E+00    3.659191000000000E-02    5.093621932984000E+43    1.073278963089000E+09    2.439836889267000E+08
                      640    0.000000000000000E+00    0.000000000000000E+00    2.421088760581272E+15    1.193651609239545E+08    1.715203479653058E-15    3.368802829122717E+01    1.361355865584839E+04    1.074745603711538E+04    2.102378504371700E-01    1.181331093064135E-01    0.000000000000000E+00    2.446369507827371E+15    3.354803000000000E-14    0.000000000000000E+00    8.370011000000001E-01    4.053215000000000E-02    1.886284000000000E-03    5.332207000000000E-02    1.772356000000000E-02    9.559861000000002E-05    7.503229000000000E-03    3.431010999999999E-03    1.163249000000000E-03    2.397381000000000E-04    2.079240000000000E-04    0.000000000000000E+00    0.000000000000000E+00    0.000000000000000E+00    0.000000000000000E+00    0.000000000000000E+00    1.277688000000000E-04    0.000000000000000E+00    3.659191000000000E-02    5.133785043717000E+43    1.033278963089000E+09    2.339836889267000E+08
                      641    0.000000000000000E+00    0.000000000000000E+00    2.471650255073469E+15    1.196305687007870E+08    1.645567301557467E-15    3.148187447920400E+01    1.343706450392621E+04    1.056747932409665E+04    2.075394815445000E-01    1.008645230696811E-01    0.000000000000000E+00    2.497513554264330E+15    3.354803000000000E-14    0.000000000000000E+00    8.370011000000001E-01    4.053215000000000E-02    1.886284000000000E-03    5.332207000000000E-02    1.772356000000000E-02    9.559861000000002E-05    7.503229000000000E-03    3.431010999999999E-03    1.163249000000000E-03    2.397381000000000E-04    2.079240000000000E-04    0.000000000000000E+00    0.000000000000000E+00    0.000000000000000E+00    0.000000000000000E+00    0.000000000000000E+00    1.277688000000000E-04    0.000000000000000E+00    3.659191000000000E-02    5.177227117539000E+43    9.899510667801000E+08    2.239836889267000E+08
                      642    0.000000000000000E+00    0.000000000000000E+00    2.523376853455191E+15    1.200977790698970E+08    1.575127264967463E-15    2.888377703610104E+01    1.321209436518197E+04    1.034278860947559E+04    2.040739022827200E-01    8.423668160747277E-02    0.000000000000000E+00    2.549820530623429E+15    3.354803000000000E-14    0.000000000000000E+00    8.370011000000001E-01    4.053215000000000E-02    1.886284000000000E-03    5.332207000000000E-02    1.772356000000000E-02    9.559861000000002E-05    7.503229000000000E-03    3.431010999999999E-03    1.163249000000000E-03    2.397381000000000E-04    2.079240000000000E-04    0.000000000000000E+00    0.000000000000000E+00    0.000000000000000E+00    0.000000000000000E+00    0.000000000000000E+00    1.277688000000000E-04    0.000000000000000E+00    3.659191000000000E-02    5.217390228271999E+43    9.486231704712000E+08    2.146557926178000E+08
                      643    0.000000000000000E+00    0.000000000000000E+00    2.576264207791668E+15    1.207800709943735E+08    1.511178092727752E-15    2.515671813885350E+01    1.291135038043635E+04    9.991660027389715E+03    1.990755333900500E-01    6.832549353180983E-02    0.000000000000000E+00    2.603323870441627E+15    3.354803000000000E-14    0.000000000000000E+00    8.370011000000001E-01    4.053215000000000E-02    1.886284000000000E-03    5.332207000000000E-02    1.772356000000000E-02    9.559861000000002E-05    7.503229000000000E-03    3.431010999999999E-03    1.163249000000000E-03    2.397381000000000E-04    2.079240000000000E-04    0.000000000000000E+00    0.000000000000000E+00    0.000000000000000E+00    0.000000000000000E+00    0.000000000000000E+00    1.277688000000000E-04    0.000000000000000E+00    3.659191000000000E-02    5.257553339005000E+43    9.096231704712000E+08    2.049836889267000E+08
                      644    0.000000000000000E+00    0.000000000000000E+00    2.630383533091587E+15    1.218158049926720E+08    1.446490711029654E-15    2.294319962525587E+01    1.269519695203924E+04    9.764222077901590E+03    1.952771644973800E-01    5.303805602561094E-02    0.000000000000000E+00    2.658122146549155E+15    3.354803000000000E-14    0.000000000000000E+00    8.370011000000001E-01    4.053215000000000E-02    1.886284000000000E-03    5.332207000000000E-02    1.772356000000000E-02    9.559861000000002E-05    7.503229000000000E-03    3.431010999999999E-03    1.163249000000000E-03    2.397381000000000E-04    2.079240000000000E-04    0.000000000000000E+00    0.000000000000000E+00    0.000000000000000E+00    0.000000000000000E+00    0.000000000000000E+00    1.277688000000000E-04    0.000000000000000E+00    3.659191000000000E-02    5.287716449738000E+43    8.706231704712000E+08    1.959836889267000E+08
                      645    0.000000000000000E+00    0.000000000000000E+00    2.685860760006724E+15    1.235304703969915E+08    1.382438540866180E-15    2.010276393129527E+01    1.239674675720299E+04    9.447228113204115E+03    1.901460059738200E-01    3.845448129199928E-02    0.000000000000000E+00    2.714365997473903E+15    3.354803000000000E-14    0.000000000000000E+00    8.370011000000001E-01    4.053215000000000E-02    1.886284000000000E-03    5.332207000000000E-02    1.772356000000000E-02    9.559861000000002E-05    7.503229000000000E-03    3.431010999999999E-03    1.163249000000000E-03    2.397381000000000E-04    2.079240000000000E-04    0.000000000000000E+00    0.000000000000000E+00    0.000000000000000E+00    0.000000000000000E+00    0.000000000000000E+00    1.277688000000000E-04    0.000000000000000E+00    3.659191000000000E-02    5.317879560471000E+43    8.326231704712000E+08    1.866557926178000E+08
                      646    0.000000000000000E+00    0.000000000000000E+00    2.742871234941082E+15    1.270598012056305E+08    1.317182138735752E-15    1.713428263258360E+01    1.203116628928371E+04    9.077613064806403E+03    1.838476370811500E-01    2.464841015759640E-02    0.000000000000000E+00    2.772483267569904E+15    3.354803000000000E-14    0.000000000000000E+00    8.370011000000001E-01    4.053215000000000E-02    1.886284000000000E-03    5.332207000000000E-02    1.772356000000000E-02    9.559861000000002E-05    7.503229000000000E-03    3.431010999999999E-03    1.163249000000000E-03    2.397381000000000E-04    2.079240000000000E-04    0.000000000000000E+00    0.000000000000000E+00    0.000000000000000E+00    0.000000000000000E+00    0.000000000000000E+00    1.277688000000000E-04    0.000000000000000E+00    3.659191000000000E-02    5.348042671204000E+43    7.939510667801000E+08    1.776557926178000E+08
                      647    0.000000000000000E+00    0.000000000000000E+00    2.802095300198726E+15    1.361605100812855E+08    1.242532420986979E-15    1.386327781338675E+01    1.156931722705084E+04    8.609375833363832E+03    1.756164785575900E-01    1.172504558195902E-02    0.000000000000000E+00    2.834021589891155E+15    3.354803000000000E-14    0.000000000000000E+00    8.370011000000001E-01    4.053215000000000E-02    1.886284000000000E-03    5.332207000000000E-02    1.772356000000000E-02    9.559861000000002E-05    7.503229000000000E-03    3.431010999999999E-03    1.163249000000000E-03    2.397381000000000E-04    2.079240000000000E-04    0.000000000000000E+00    0.000000000000000E+00    0.000000000000000E+00    0.000000000000000E+00    0.000000000000000E+00    1.277688000000000E-04    0.000000000000000E+00    3.659191000000000E-02    5.368205781937000E+43    7.479347557068000E+08    1.669836889267000E+08
                      648    0.000000000000000E+00    0.000000000000000E+00    2.865947879583584E+15    1.428127852573330E+08    1.126257376584421E-15    9.979556330817790E+00    1.086366903652882E+04    7.930630747239305E+03    1.630541615104700E-01    0.000000000000000E+00    0.000000000000000E+00    2.865947879583584E+15    3.354803000000000E-14    0.000000000000000E+00    8.370011000000001E-01    4.053215000000000E-02    1.886284000000000E-03    5.332207000000000E-02    1.772356000000000E-02    9.559861000000002E-05    7.503229000000000E-03    3.431010999999999E-03    1.163249000000000E-03    2.397381000000000E-04    2.079240000000000E-04    0.000000000000000E+00    0.000000000000000E+00    0.000000000000000E+00    0.000000000000000E+00    0.000000000000000E+00    1.277688000000000E-04    0.000000000000000E+00    3.659191000000000E-02    5.378368892670000E+43    6.785742372513001E+08    1.503115852356000E+08
