  days post max Lbol                      1.0
               zones                      400
 inner boundary mass    3.184557712515170E+33    1.601560000000000E+00
          total mass    2.342682868950451E+34    1.178169000000000E+01

                                  mass of cell (g)        cell center m (g)       cell center R (cm)     cell center v (cm/s)              avg density       radiation pressure          avg temperature    radiation temperature              avg opacity                      tau         outer edge m (g)        outer edge r (cm)                       h1                      he3                      he4                      c12                      n14                      o16                     ne20                     na23                     mg24                     si28                      s32                     ar36                     ca40                     ti44                     cr48                     cr60                     fe52                     fe54                     fe56                     co56                     ni56               luminosity                    n_bar                      n_e

                        1    1.667133142362974E+29    3.184557712515170E+33    3.069175824325975E+13    5.931030702589000E+06    1.386784502889801E-12    9.785285085620500E+04    7.886780671517774E+04    7.886780671517774E+04    2.020316154956850E-01    1.830434111976143E+04    3.185313308266035E+33    3.238485946913116E+13    1.135528000000000E-01    0.000000000000000E+00    5.460353999999999E-01    4.567611000000000E-02    2.062019000000000E-03    1.167318000000000E-01    1.094760000000000E-02    1.045050000000000E-04    2.708437000000000E-03    5.357827000000000E-02    5.473531999999999E-02    1.501028000000000E-02    2.086878000000000E-02    0.000000000000000E+00    0.000000000000000E+00    0.000000000000000E+00    0.000000000000000E+00    0.000000000000000E+00    3.462492000000000E-03    0.000000000000000E+00    1.433710000000000E-02    1.189632534980500E+40    8.346175212862000E+11    4.006690564156500E+11
                        2    1.510602733567805E+30    3.186068904016900E+33    3.407796069500257E+13    6.791839575765500E+06    3.364934079423884E-11    9.695573052715520E+04    7.868641579327756E+04    7.868641579327756E+04    1.999154380321550E-01    1.828159997420774E+04    3.186826488177636E+33    3.482217274755401E+13    1.135528000000000E-01    0.000000000000000E+00    5.460353999999999E-01    4.567611000000000E-02    2.062019000000000E-03    1.167318000000000E-01    1.094760000000000E-02    1.045050000000000E-04    2.708437000000000E-03    5.357827000000000E-02    5.473531999999999E-02    1.501028000000000E-02    2.086878000000000E-02    0.000000000000000E+00    0.000000000000000E+00    0.000000000000000E+00    0.000000000000000E+00    0.000000000000000E+00    3.462492000000000E-03    0.000000000000000E+00    1.433710000000000E-02    1.300073943137500E+40    2.029926056862500E+13    9.660439157489000E+12
                        3    1.516232120752738E+30    3.187584072338372E+33    3.556638480010546E+13    7.193052885530250E+06    6.672805526383105E-11    9.667215669522312E+04    7.862311998485617E+04    7.862311998485617E+04    2.011073493003900E-01    1.826165479686093E+04    3.188279021588181E+33    3.603531639935247E+13    1.135528000000000E-01    0.000000000000000E+00    5.460353999999999E-01    4.567611000000000E-02    2.062019000000000E-03    1.167318000000000E-01    1.094760000000000E-02    1.045050000000000E-04    2.708437000000000E-03    5.357827000000000E-02    5.473531999999999E-02    1.501028000000000E-02    2.086878000000000E-02    0.000000000000000E+00    0.000000000000000E+00    0.000000000000000E+00    0.000000000000000E+00    0.000000000000000E+00    3.462492000000000E-03    0.000000000000000E+00    1.433710000000000E-02    1.390882816314000E+40    4.013455071450500E+13    1.913529014588000E+13
                        4    1.388376570702905E+30    3.188973970837990E+33    3.650424799859947E+13    7.457060279844001E+06    8.987629556000351E-11    9.606683504672049E+04    7.850544205892103E+04    7.850544205892103E+04    2.014713197231350E-01    1.824469894958750E+04    3.189438264542798E+33    3.676802455774091E+13    1.135528000000000E-01    0.000000000000000E+00    5.460353999999999E-01    4.567611000000000E-02    2.062019000000000E-03    1.167318000000000E-01    1.094760000000000E-02    1.045050000000000E-04    2.708437000000000E-03    5.357827000000000E-02    5.473531999999999E-02    1.501028000000000E-02    2.086878000000000E-02    0.000000000000000E+00    0.000000000000000E+00    0.000000000000000E+00    0.000000000000000E+00    0.000000000000000E+00    3.462492000000000E-03    0.000000000000000E+00    1.433710000000000E-02    1.460882816314000E+40    5.414998874666000E+13    2.571102395058500E+13
                        5    9.284034817029498E+29    3.189902558247606E+33    3.703180111688234E+13    7.650663237569500E+06    1.037518433172728E-10    9.578586103530679E+04    7.844229182681938E+04    7.844229182681938E+04    2.018911718368600E-01    1.823367038273447E+04    3.190346967853707E+33    3.725794815000810E+13    1.135528000000000E-01    0.000000000000000E+00    5.460353999999999E-01    4.567611000000000E-02    2.062019000000000E-03    1.167318000000000E-01    1.094760000000000E-02    1.045050000000000E-04    2.708437000000000E-03    5.357827000000000E-02    5.473531999999999E-02    1.501028000000000E-02    2.086878000000000E-02    0.000000000000000E+00    0.000000000000000E+00    0.000000000000000E+00    0.000000000000000E+00    0.000000000000000E+00    3.462492000000000E-03    0.000000000000000E+00    1.433710000000000E-02    1.478088731765000E+40    6.243748593332500E+13    2.968675775529000E+13
                        6    8.894924877842469E+29    3.190791377459808E+33    3.748409518313384E+13    7.818861758706750E+06    1.127186610773881E-10    9.518608900903474E+04    7.832488455260327E+04    7.832488455260327E+04    2.023470535278400E-01    1.822337441412600E+04    3.191237775475779E+33    3.769183753617488E+13    1.135528000000000E-01    0.000000000000000E+00    5.460353999999999E-01    4.567611000000000E-02    2.062019000000000E-03    1.167318000000000E-01    1.094760000000000E-02    1.045050000000000E-04    2.708437000000000E-03    5.357827000000000E-02    5.473531999999999E-02    1.501028000000000E-02    2.086878000000000E-02    0.000000000000000E+00    0.000000000000000E+00    0.000000000000000E+00    0.000000000000000E+00    0.000000000000000E+00    3.462492000000000E-03    0.000000000000000E+00    1.433710000000000E-02    1.495294647216000E+40    6.781321973803000E+13    3.217866902352500E+13
                        7    8.934500199498973E+29    3.191684173491751E+33    3.789957988921591E+13    7.973457322118499E+06    1.205937144612385E-10    9.490769098284112E+04    7.826187956200498E+04    7.826187956200498E+04    2.027470535278400E-01    1.821323380299297E+04    3.192161391860719E+33    3.810403264860562E+13    1.135528000000000E-01    0.000000000000000E+00    5.460353999999999E-01    4.567611000000000E-02    2.062019000000000E-03    1.167318000000000E-01    1.094760000000000E-02    1.045050000000000E-04    2.708437000000000E-03    5.357827000000000E-02    5.473531999999999E-02    1.501028000000000E-02    2.086878000000000E-02    0.000000000000000E+00    0.000000000000000E+00    0.000000000000000E+00    0.000000000000000E+00    0.000000000000000E+00    3.462492000000000E-03    0.000000000000000E+00    1.433710000000000E-02    1.518897604941500E+40    7.256910142901000E+13    3.440660986901500E+13
                        8    9.547940551888285E+29    3.192638610229686E+33    3.830848540799531E+13    8.163052885530248E+06    1.285239012036118E-10    9.490769098284112E+04    7.826187956200498E+04    7.826187956200498E+04    2.031470535278400E-01    1.820257448132154E+04    3.193529417851759E+33    3.864286505145143E+13    1.135528000000000E-01    0.000000000000000E+00    5.460353999999999E-01    4.567611000000000E-02    2.062019000000000E-03    1.167318000000000E-01    1.094760000000000E-02    1.045050000000000E-04    2.708437000000000E-03    5.357827000000000E-02    5.473531999999999E-02    1.501028000000000E-02    2.086878000000000E-02    0.000000000000000E+00    0.000000000000000E+00    0.000000000000000E+00    0.000000000000000E+00    0.000000000000000E+00    3.462492000000000E-03    0.000000000000000E+00    1.433710000000000E-02    1.546103520392500E+40    7.746101269724500E+13    3.669852113725000E+13
                        9    1.780715488678962E+30    3.194420225473832E+33    3.897724469490754E+13    8.394449927804749E+06    1.416818688902457E-10    9.403757204181046E+04    7.808188223388539E+04    7.808188223388539E+04    2.037470535278400E-01    1.818329732380942E+04    3.195332905604482E+33    3.926930522576209E+13    1.135528000000000E-01    0.000000000000000E+00    5.460353999999999E-01    4.567611000000000E-02    2.062019000000000E-03    1.167318000000000E-01    1.094760000000000E-02    1.045050000000000E-04    2.708437000000000E-03    5.357827000000000E-02    5.473531999999999E-02    1.501028000000000E-02    2.086878000000000E-02    0.000000000000000E+00    0.000000000000000E+00    0.000000000000000E+00    0.000000000000000E+00    0.000000000000000E+00    3.462492000000000E-03    0.000000000000000E+00    1.433710000000000E-02    1.613309435843500E+40    8.537277607920500E+13    4.045440282823000E+13
                       10    1.825931531456662E+30    3.196245585735133E+33    3.956136575661665E+13    8.637648448942000E+06    1.615621571742599E-10    9.403757204181046E+04    7.808188223388539E+04    7.808188223388539E+04    2.045470535278400E-01    1.816403233360762E+04    3.197188092013844E+33    3.982067440521189E+13    1.135528000000000E-01    0.000000000000000E+00    5.460353999999999E-01    4.567611000000000E-02    2.062019000000000E-03    1.167318000000000E-01    1.094760000000000E-02    1.045050000000000E-04    2.708437000000000E-03    5.357827000000000E-02    5.473531999999999E-02    1.501028000000000E-02    2.086878000000000E-02    0.000000000000000E+00    0.000000000000000E+00    0.000000000000000E+00    0.000000000000000E+00    0.000000000000000E+00    3.462492000000000E-03    0.000000000000000E+00    1.433710000000000E-02    1.644118309020000E+40    9.713600707057500E+13    4.602204790117000E+13
                       11    1.883643338384789E+30    3.198130598292555E+33    4.007998305380712E+13    8.895846970079251E+06    1.826871777625975E-10    9.317543039918077E+04    7.790229888813254E+04    7.790229888813254E+04    2.052749943733300E-01    1.814463385733319E+04    3.199083046620619E+33    4.031033811648562E+13    1.135528000000000E-01    0.000000000000000E+00    5.460353999999999E-01    4.567611000000000E-02    2.062019000000000E-03    1.167318000000000E-01    1.094760000000000E-02    1.045050000000000E-04    2.708437000000000E-03    5.357827000000000E-02    5.473531999999999E-02    1.501028000000000E-02    2.086878000000000E-02    0.000000000000000E+00    0.000000000000000E+00    0.000000000000000E+00    0.000000000000000E+00    0.000000000000000E+00    3.462492000000000E-03    0.000000000000000E+00    1.433710000000000E-02    1.661324224471000E+40    1.099830605984150E+14    5.204557466509000E+13
                       12    1.904934435916275E+30    3.200035494948683E+33    4.054069317916411E+13    9.155442533491001E+06    2.036118360433766E-10    9.290461949209594E+04    7.783972762083876E+04    7.783972762083876E+04    2.059029352188200E-01    1.812539113135559E+04    3.200936244620109E+33    4.073593111504959E+13    1.135528000000000E-01    0.000000000000000E+00    5.460353999999999E-01    4.567611000000000E-02    2.062019000000000E-03    1.167318000000000E-01    1.094760000000000E-02    1.045050000000000E-04    2.708437000000000E-03    5.357827000000000E-02    5.473531999999999E-02    1.501028000000000E-02    2.086878000000000E-02    0.000000000000000E+00    0.000000000000000E+00    0.000000000000000E+00    0.000000000000000E+00    0.000000000000000E+00    3.462492000000000E-03    0.000000000000000E+00    1.433710000000000E-02    1.638530139922000E+40    1.224337887764500E+14    5.798895354273500E+13
                       13    1.801926453292659E+30    3.201836994291536E+33    4.093116905093506E+13    9.376435139177250E+06    2.209055749183643E-10    9.232119291864069E+04    7.772312857261339E+04    7.772312857261339E+04    2.063029352188200E-01    1.810767394784331E+04    3.202513053647573E+33    4.107079568584848E+13    1.135528000000000E-01    0.000000000000000E+00    5.460353999999999E-01    4.567611000000000E-02    2.062019000000000E-03    1.167318000000000E-01    1.094760000000000E-02    1.045050000000000E-04    2.708437000000000E-03    5.357827000000000E-02    5.473531999999999E-02    1.501028000000000E-02    2.086878000000000E-02    0.000000000000000E+00    0.000000000000000E+00    0.000000000000000E+00    0.000000000000000E+00    0.000000000000000E+00    3.462492000000000E-03    0.000000000000000E+00    1.433710000000000E-02    1.599339013098500E+40    1.329926056862500E+14    6.278453946116500E+13
                       14    1.352117320187765E+30    3.203189113003610E+33    4.121042232076191E+13    9.579229223726250E+06    2.325546054004278E-10    9.205286482087590E+04    7.766070121524099E+04    7.766070121524099E+04    2.066029352188200E-01    1.809431363242307E+04    3.204045123452946E+33    4.137342856391170E+13    1.135528000000000E-01    0.000000000000000E+00    5.460353999999999E-01    4.567611000000000E-02    2.062019000000000E-03    1.167318000000000E-01    1.094760000000000E-02    1.045050000000000E-04    2.708437000000000E-03    5.357827000000000E-02    5.473531999999999E-02    1.501028000000000E-02    2.086878000000000E-02    0.000000000000000E+00    0.000000000000000E+00    0.000000000000000E+00    0.000000000000000E+00    0.000000000000000E+00    3.462492000000000E-03    0.000000000000000E+00    1.433710000000000E-02    1.570147886275000E+40    1.399926056862500E+14    6.616836199763500E+13
                       15    1.711773540483106E+30    3.204901133902281E+33    4.153643480706148E+13    9.790626266000750E+06    2.452288927456547E-10    9.120891908341969E+04    7.748208655895022E+04    7.748208655895022E+04    2.068029352188200E-01    1.807785681099686E+04    3.205767086400971E+33    4.169125200545965E+13    1.135528000000000E-01    0.000000000000000E+00    5.460353999999999E-01    4.567611000000000E-02    2.062019000000000E-03    1.167318000000000E-01    1.094760000000000E-02    1.045050000000000E-04    2.708437000000000E-03    5.357827000000000E-02    5.473531999999999E-02    1.501028000000000E-02    2.086878000000000E-02    0.000000000000000E+00    0.000000000000000E+00    0.000000000000000E+00    0.000000000000000E+00    0.000000000000000E+00    3.462492000000000E-03    0.000000000000000E+00    1.433710000000000E-02    1.543750844000500E+40    1.479117183686000E+14    6.967203664783000E+13
                       16    1.732456184594159E+30    3.206633038899659E+33    4.184606920385780E+13    1.000522182941250E+07    2.571904662683612E-10    9.120891908341969E+04    7.748208655895022E+04    7.748208655895022E+04    2.070669056415650E-01    1.806144492352888E+04    3.207507939242766E+33    4.199366176204755E+13    1.135528000000000E-01    0.000000000000000E+00    5.460353999999999E-01    4.567611000000000E-02    2.062019000000000E-03    1.167318000000000E-01    1.094760000000000E-02    1.045050000000000E-04    2.708437000000000E-03    5.357827000000000E-02    5.473531999999999E-02    1.501028000000000E-02    2.086878000000000E-02    0.000000000000000E+00    0.000000000000000E+00    0.000000000000000E+00    0.000000000000000E+00    0.000000000000000E+00    3.462492000000000E-03    0.000000000000000E+00    1.433710000000000E-02    1.510956759451500E+40    1.551911268235000E+14    7.311982960704500E+13
                       17    1.749331023802826E+30    3.208382839585873E+33    4.214125432023729E+13    1.024301591396150E+07    2.683357099735818E-10    9.037271068699154E+04    7.730388270496920E+04    7.730388270496920E+04    2.072669056415650E-01    1.804511805961202E+04    3.209367102471869E+33    4.229994905992494E+13    1.135528000000000E-01    0.000000000000000E+00    5.460353999999999E-01    4.567611000000000E-02    2.062019000000000E-03    1.167318000000000E-01    1.094760000000000E-02    1.045050000000000E-04    2.708437000000000E-03    5.357827000000000E-02    5.473531999999999E-02    1.501028000000000E-02    2.086878000000000E-02    0.000000000000000E+00    0.000000000000000E+00    0.000000000000000E+00    0.000000000000000E+00    0.000000000000000E+00    3.462492000000000E-03    0.000000000000000E+00    1.433710000000000E-02    1.468162674902500E+40    1.614705352784000E+14    7.627938594822000E+13
                       18    1.968657802406484E+30    3.210351365357865E+33    4.245864379961258E+13    1.049580999851050E+07    2.782443075888472E-10    9.037271068699154E+04    7.730388270496920E+04    7.730388270496920E+04    2.074308760643100E-01    1.802691341216512E+04    3.211379373261015E+33    4.261759386079610E+13    1.135528000000000E-01    0.000000000000000E+00    5.460353999999999E-01    4.567611000000000E-02    2.062019000000000E-03    1.167318000000000E-01    1.094760000000000E-02    1.045050000000000E-04    2.708437000000000E-03    5.357827000000000E-02    5.473531999999999E-02    1.501028000000000E-02    2.086878000000000E-02    0.000000000000000E+00    0.000000000000000E+00    0.000000000000000E+00    0.000000000000000E+00    0.000000000000000E+00    3.462492000000000E-03    0.000000000000000E+00    1.433710000000000E-02    1.408971548079000E+40    1.673896479607500E+14    7.901100144390500E+13
                       19    2.056212658878983E+30    3.212407381164167E+33    4.277654392197962E+13    1.075000112533400E+07    2.862880126156486E-10    9.011169527482949E+04    7.724188509450215E+04    7.724188509450215E+04    2.075308760643100E-01    1.800814734372842E+04    3.213449307936412E+33    4.293195504500574E+13    1.135528000000000E-01    0.000000000000000E+00    5.460353999999999E-01    4.567611000000000E-02    2.062019000000000E-03    1.167318000000000E-01    1.094760000000000E-02    1.045050000000000E-04    2.708437000000000E-03    5.357827000000000E-02    5.473531999999999E-02    1.501028000000000E-02    2.086878000000000E-02    0.000000000000000E+00    0.000000000000000E+00    0.000000000000000E+00    0.000000000000000E+00    0.000000000000000E+00    3.462492000000000E-03    0.000000000000000E+00    1.433710000000000E-02    1.349780421255500E+40    1.720293521882000E+14    8.122276482586500E+13
                       20    2.083274917219184E+30    3.214491234708658E+33    4.308736616803186E+13    1.100239077329475E+07    2.920736257197410E-10    8.954416869522320E+04    7.712608870847893E+04    7.712608870847893E+04    2.075948464870550E-01    1.798942412254390E+04    3.215502341127908E+33    4.323203699575861E+13    1.135528000000000E-01    0.000000000000000E+00    5.460353999999999E-01    4.567611000000000E-02    2.062019000000000E-03    1.167318000000000E-01    1.094760000000000E-02    1.045050000000000E-04    2.708437000000000E-03    5.357827000000000E-02    5.473531999999999E-02    1.501028000000000E-02    2.086878000000000E-02    0.000000000000000E+00    0.000000000000000E+00    0.000000000000000E+00    0.000000000000000E+00    0.000000000000000E+00    3.462492000000000E-03    0.000000000000000E+00    1.433710000000000E-02    1.284192252157500E+40    1.763087606431000E+14    8.300658736233500E+13
                       21    2.022698010508368E+30    3.216513447547158E+33    4.337670782348538E+13    1.123158190011825E+07    2.982379001449471E-10    8.928554628674345E+04    7.706423368855906E+04    7.706423368855906E+04    2.076948464870550E-01    1.797162691559855E+04    3.217377411635977E+33    4.349821364363618E+13    1.135528000000000E-01    0.000000000000000E+00    5.460353999999999E-01    4.567611000000000E-02    2.062019000000000E-03    1.167318000000000E-01    1.094760000000000E-02    1.045050000000000E-04    2.708437000000000E-03    5.357827000000000E-02    5.473531999999999E-02    1.501028000000000E-02    2.086878000000000E-02    0.000000000000000E+00    0.000000000000000E+00    0.000000000000000E+00    0.000000000000000E+00    0.000000000000000E+00    3.462492000000000E-03    0.000000000000000E+00    1.433710000000000E-02    1.223082012651650E+40    1.795881690980000E+14    8.461835074429500E+13
                       22    1.727913264562576E+30    3.218241375724794E+33    4.361971946378698E+13    1.144077302694175E+07    3.023868026151607E-10    8.928554628674345E+04    7.706423368855906E+04    7.706423368855906E+04    2.076948464870550E-01    1.795647138930725E+04    3.219116276067902E+33    4.373956216105705E+13    1.135528000000000E-01    0.000000000000000E+00    5.460353999999999E-01    4.567611000000000E-02    2.062019000000000E-03    1.167318000000000E-01    1.094760000000000E-02    1.045050000000000E-04    2.708437000000000E-03    5.357827000000000E-02    5.473531999999999E-02    1.501028000000000E-02    2.086878000000000E-02    0.000000000000000E+00    0.000000000000000E+00    0.000000000000000E+00    0.000000000000000E+00    0.000000000000000E+00    3.462492000000000E-03    0.000000000000000E+00    1.433710000000000E-02    1.167089406965400E+40    1.822278733254500E+14    8.587423243527500E+13
                       23    1.749611190753607E+30    3.219991176411009E+33    4.385940485832710E+13    1.164676563262800E+07    3.063754629955464E-10    8.846697147810769E+04    7.688699086951165E+04    7.688699086951165E+04    2.077588169098000E-01    1.794132393981006E+04    3.220875024598534E+33    4.397787114012509E+13    1.135528000000000E-01    0.000000000000000E+00    5.460353999999999E-01    4.567611000000000E-02    2.062019000000000E-03    1.167318000000000E-01    1.094760000000000E-02    1.045050000000000E-04    2.708437000000000E-03    5.357827000000000E-02    5.473531999999999E-02    1.501028000000000E-02    2.086878000000000E-02    0.000000000000000E+00    0.000000000000000E+00    0.000000000000000E+00    0.000000000000000E+00    0.000000000000000E+00    3.462492000000000E-03    0.000000000000000E+00    1.433710000000000E-02    1.111096801279150E+40    1.842278733254500E+14    8.693011412625500E+13
                       24    1.768230859623810E+30    3.221758872786060E+33    4.409633742192309E+13    1.185275823831425E+07    3.097031478327164E-10    8.846697147810769E+04    7.688699086951165E+04    7.688699086951165E+04    2.077588169098000E-01    1.792619061828571E+04    3.222654651432808E+33    4.421406715969684E+13    1.135528000000000E-01    0.000000000000000E+00    5.460353999999999E-01    4.567611000000000E-02    2.062019000000000E-03    1.167318000000000E-01    1.094760000000000E-02    1.045050000000000E-04    2.708437000000000E-03    5.357827000000000E-02    5.473531999999999E-02    1.501028000000000E-02    2.086878000000000E-02    0.000000000000000E+00    0.000000000000000E+00    0.000000000000000E+00    0.000000000000000E+00    0.000000000000000E+00    3.462492000000000E-03    0.000000000000000E+00    1.433710000000000E-02    1.058707153318400E+40    1.865072817803500E+14    8.794996623998000E+13
                       25    1.791897510427820E+30    3.223550430079558E+33    4.433179689747058E+13    1.206014788627500E+07    3.128458294105185E-10    8.821306946056381E+04    7.682542004759301E+04    7.682542004759301E+04    2.078227873325450E-01    1.791099605467912E+04    3.224458139185532E+33    4.444873182308042E+13    1.135528000000000E-01    0.000000000000000E+00    5.460353999999999E-01    4.567611000000000E-02    2.062019000000000E-03    1.167318000000000E-01    1.094760000000000E-02    1.045050000000000E-04    2.708437000000000E-03    5.357827000000000E-02    5.473531999999999E-02    1.501028000000000E-02    2.086878000000000E-02    0.000000000000000E+00    0.000000000000000E+00    0.000000000000000E+00    0.000000000000000E+00    0.000000000000000E+00    3.462492000000000E-03    0.000000000000000E+00    1.433710000000000E-02    1.001435139177250E+40    1.885072817803500E+14    8.874187750821500E+13
                       26    1.814624836408911E+30    3.225365848291506E+33    4.456566674869027E+13    1.226753753423575E+07    3.157405562296198E-10    8.821306946056381E+04    7.682542004759301E+04    7.682542004759301E+04    2.078588169098000E-01    1.789576312740829E+04    3.226282505241898E+33    4.468164489021274E+13    1.135528000000000E-01    0.000000000000000E+00    5.460353999999999E-01    4.567611000000000E-02    2.062019000000000E-03    1.167318000000000E-01    1.094760000000000E-02    1.045050000000000E-04    2.708437000000000E-03    5.357827000000000E-02    5.473531999999999E-02    1.501028000000000E-02    2.086878000000000E-02    0.000000000000000E+00    0.000000000000000E+00    0.000000000000000E+00    0.000000000000000E+00    0.000000000000000E+00    3.462492000000000E-03    0.000000000000000E+00    1.433710000000000E-02    9.441631250360997E+39    1.901469860078000E+14    8.959775919919500E+13
                       27    1.834510128161814E+30    3.227199162192289E+33    4.479762303173521E+13    1.247853013992200E+07    3.184369679081136E-10    8.821306946056381E+04    7.682542004759301E+04    7.682542004759301E+04    2.078588169098000E-01    1.788052738988796E+04    3.228157575749965E+33    4.491738214867925E+13    1.135528000000000E-01    0.000000000000000E+00    5.460353999999999E-01    4.567611000000000E-02    2.062019000000000E-03    1.167318000000000E-01    1.094760000000000E-02    1.045050000000000E-04    2.708437000000000E-03    5.357827000000000E-02    5.473531999999999E-02    1.501028000000000E-02    2.086878000000000E-02    0.000000000000000E+00    0.000000000000000E+00    0.000000000000000E+00    0.000000000000000E+00    0.000000000000000E+00    3.462492000000000E-03    0.000000000000000E+00    1.433710000000000E-02    8.875308151223998E+39    1.917866902352500E+14    9.038967046743000E+13
                       28    1.915487722464018E+30    3.229115989307642E+33    4.503714126562330E+13    1.271272126674550E+07    3.213834288947722E-10    8.796149523070864E+04    7.676399083463520E+04    7.676399083463520E+04    2.079227873325450E-01    1.786464468525684E+04    3.230257336573423E+33    4.517627775135824E+13    1.135528000000000E-01    0.000000000000000E+00    5.460353999999999E-01    4.567611000000000E-02    2.062019000000000E-03    1.167318000000000E-01    1.094760000000000E-02    1.045050000000000E-04    2.708437000000000E-03    5.357827000000000E-02    5.473531999999999E-02    1.501028000000000E-02    2.086878000000000E-02    0.000000000000000E+00    0.000000000000000E+00    0.000000000000000E+00    0.000000000000000E+00    0.000000000000000E+00    3.462492000000000E-03    0.000000000000000E+00    1.433710000000000E-02    8.302588009812498E+39    1.937866902352500E+14    9.118158173566500E+13
                       29    2.283639026249943E+30    3.231398683839203E+33    4.531541423709320E+13    1.296511091470625E+07    3.239001646879022E-10    8.740432717857098E+04    7.664872648467797E+04    7.664872648467797E+04    2.079227873325450E-01    1.784605220495661E+04    3.232558920998756E+33    4.545387828654496E+13    1.141982000000000E-01    0.000000000000000E+00    5.463967000000000E-01    4.561697000000000E-02    2.067534000000000E-03    1.163552000000000E-01    1.093864000000000E-02    1.047845000000000E-04    2.709335000000000E-03    5.337950000000000E-02    5.453163000000000E-02    1.495433000000000E-02    2.079084000000000E-02    0.000000000000000E+00    0.000000000000000E+00    0.000000000000000E+00    0.000000000000000E+00    0.000000000000000E+00    3.449672000000000E-03    0.000000000000000E+00    1.431721000000000E-02    7.610676741577499E+39    1.954263944627000E+14    9.203746342664500E+13
                       30    2.319223609295956E+30    3.233719158158308E+33    4.559234233599673E+13    1.321750056266700E+07    3.274204088655959E-10    8.715505939511888E+04    7.658743855498944E+04    7.658743855498944E+04    2.079227873325450E-01    1.782735215032185E+04    3.234896296801762E+33    4.572971618968107E+13    1.143666000000000E-01    0.000000000000000E+00    5.464909000000000E-01    4.560153000000000E-02    2.068973000000000E-03    1.162569000000000E-01    1.093630000000000E-02    1.048574000000000E-04    2.709569000000000E-03    5.332764000000000E-02    5.447848000000000E-02    1.493973000000000E-02    2.077050000000000E-02    0.000000000000000E+00    0.000000000000000E+00    0.000000000000000E+00    0.000000000000000E+00    0.000000000000000E+00    3.446327000000000E-03    0.000000000000000E+00    1.431201000000000E-02    6.912368431067999E+39    1.970660986901500E+14    9.289334511762500E+13
                       31    2.355185990217401E+30    3.236073435445214E+33    4.586709004336541E+13    1.347489021062775E+07    3.302180529827777E-10    8.715505939511888E+04    7.658743855498944E+04    7.658743855498944E+04    2.079867577552900E-01    1.780863612530166E+04    3.237329116278560E+33    4.601047551752485E+13    1.143666000000000E-01    0.000000000000000E+00    5.464909000000000E-01    4.560153000000000E-02    2.068973000000000E-03    1.162569000000000E-01    1.093630000000000E-02    1.048574000000000E-04    2.709569000000000E-03    5.332764000000000E-02    5.447848000000000E-02    1.493973000000000E-02    2.077050000000000E-02    0.000000000000000E+00    0.000000000000000E+00    0.000000000000000E+00    0.000000000000000E+00    0.000000000000000E+00    3.446327000000000E-03    0.000000000000000E+00    1.431201000000000E-02    6.197221670126997E+39    1.987058029176000E+14    9.374922680860500E+13
                       32    2.510920239700343E+30    3.238584797111906E+33    4.615386099168430E+13    1.373908133745125E+07    3.332735230074919E-10    8.715505939511888E+04    7.658743855498944E+04    7.658743855498944E+04    2.079867577552900E-01    1.778891998427501E+04    3.239901124446308E+33    4.630084352221584E+13    1.143666000000000E-01    0.000000000000000E+00    5.464909000000000E-01    4.560153000000000E-02    2.068973000000000E-03    1.162569000000000E-01    1.093630000000000E-02    1.048574000000000E-04    2.709569000000000E-03    5.332764000000000E-02    5.447848000000000E-02    1.493973000000000E-02    2.077050000000000E-02    0.000000000000000E+00    0.000000000000000E+00    0.000000000000000E+00    0.000000000000000E+00    0.000000000000000E+00    3.446327000000000E-03    0.000000000000000E+00    1.431201000000000E-02    5.505310401891998E+39    2.007058029176000E+14    9.460510849958500E+13
                       33    2.632668587673314E+30    3.241217451780710E+33    4.644782605274738E+13    1.400827246427475E+07    3.361215566072875E-10    8.690807691244171E+04    7.652629158362758E+04    7.652629158362758E+04    2.083507281780350E-01    1.776850236561018E+04    3.242555651623690E+33    4.659399042884091E+13    1.143666000000000E-01    0.000000000000000E+00    5.464909000000000E-01    4.560153000000000E-02    2.068973000000000E-03    1.162569000000000E-01    1.093630000000000E-02    1.048574000000000E-04    2.709569000000000E-03    5.332764000000000E-02    5.447848000000000E-02    1.493973000000000E-02    2.077050000000000E-02    0.000000000000000E+00    0.000000000000000E+00    0.000000000000000E+00    0.000000000000000E+00    0.000000000000000E+00    3.446327000000000E-03    0.000000000000000E+00    1.431201000000000E-02    4.777369556401998E+39    2.023455071450500E+14    9.546099019056500E+13
                       34    2.675902583491901E+30    3.243893851466670E+33    4.674015480493445E+13    1.427566211223550E+07    3.389943088853594E-10    8.690807691244171E+04    7.652629158362758E+04    7.652629158362758E+04    2.084507281780350E-01    1.774801747611726E+04    3.245246964383680E+33    4.688429758220059E+13    1.143666000000000E-01    0.000000000000000E+00    5.464909000000000E-01    4.560153000000000E-02    2.068973000000000E-03    1.162569000000000E-01    1.093630000000000E-02    1.048574000000000E-04    2.709569000000000E-03    5.332764000000000E-02    5.447848000000000E-02    1.493973000000000E-02    2.077050000000000E-02    0.000000000000000E+00    0.000000000000000E+00    0.000000000000000E+00    0.000000000000000E+00    0.000000000000000E+00    3.446327000000000E-03    0.000000000000000E+00    1.431201000000000E-02    4.090575921986597E+39    2.039852113725000E+14    9.631687188154500E+13
                       35    2.706444559105824E+30    3.246600077300690E+33    4.702844035946675E+13    1.453805176019625E+07    3.426801396860559E-10    8.690807691244171E+04    7.652629158362758E+04    7.652629158362758E+04    2.084507281780350E-01    1.772759948687036E+04    3.247900497356127E+33    4.716472483641599E+13    1.143666000000000E-01    0.000000000000000E+00    5.464909000000000E-01    4.560153000000000E-02    2.068973000000000E-03    1.162569000000000E-01    1.093630000000000E-02    1.048574000000000E-04    2.709569000000000E-03    5.332764000000000E-02    5.447848000000000E-02    1.493973000000000E-02    2.077050000000000E-02    0.000000000000000E+00    0.000000000000000E+00    0.000000000000000E+00    0.000000000000000E+00    0.000000000000000E+00    3.446327000000000E-03    0.000000000000000E+00    1.431201000000000E-02    3.369032118771097E+39    2.066249155999500E+14    9.720878314978000E+13
                       36    2.601064801188439E+30    3.249200917411563E+33    4.730100931336523E+13    1.479544140815700E+07    3.461652352818442E-10    8.666335877877625E+04    7.646528524639731E+04    7.646528524639731E+04    2.085146986007800E-01    1.770809604972500E+04    3.250520227360771E+33    4.743653314494550E+13    1.143666000000000E-01    0.000000000000000E+00    5.464909000000000E-01    4.560153000000000E-02    2.068973000000000E-03    1.162569000000000E-01    1.093630000000000E-02    1.048574000000000E-04    2.709569000000000E-03    5.332764000000000E-02    5.447848000000000E-02    1.493973000000000E-02    2.077050000000000E-02    0.000000000000000E+00    0.000000000000000E+00    0.000000000000000E+00    0.000000000000000E+00    0.000000000000000E+00    3.446327000000000E-03    0.000000000000000E+00    1.431201000000000E-02    2.723988428088998E+39    2.082646198274000E+14    9.806466484076000E+13
                       37    2.638192390294113E+30    3.251839537309980E+33    4.757205697652577E+13    1.504963253498050E+07    3.493682627676158E-10    8.666335877877625E+04    7.646528524639731E+04    7.646528524639731E+04    2.085146986007800E-01    1.768852324836012E+04    3.253175748743089E+33    4.770624118035873E+13    1.143666000000000E-01    0.000000000000000E+00    5.464909000000000E-01    4.560153000000000E-02    2.068973000000000E-03    1.162569000000000E-01    1.093630000000000E-02    1.048574000000000E-04    2.709569000000000E-03    5.332764000000000E-02    5.447848000000000E-02    1.493973000000000E-02    2.077050000000000E-02    0.000000000000000E+00    0.000000000000000E+00    0.000000000000000E+00    0.000000000000000E+00    0.000000000000000E+00    3.446327000000000E-03    0.000000000000000E+00    1.431201000000000E-02    2.068841667147998E+39    2.109043240548500E+14    9.899260568625000E+13
                       38    2.672977632572105E+30    3.254511960176198E+33    4.784042538419170E+13    1.531882366180400E+07    3.531680736741493E-10    8.666335877877625E+04    7.646528524639731E+04    7.646528524639731E+04    2.085786690235250E-01    1.766892945519073E+04    3.256057948850665E+33    4.799171857007305E+13    1.143666000000000E-01    0.000000000000000E+00    5.464909000000000E-01    4.560153000000000E-02    2.068973000000000E-03    1.162569000000000E-01    1.093630000000000E-02    1.048574000000000E-04    2.709569000000000E-03    5.332764000000000E-02    5.447848000000000E-02    1.493973000000000E-02    2.077050000000000E-02    0.000000000000000E+00    0.000000000000000E+00    0.000000000000000E+00    0.000000000000000E+00    0.000000000000000E+00    3.446327000000000E-03    0.000000000000000E+00    1.431201000000000E-02    1.417297863932498E+39    2.125440282823000E+14    1.005242211819350E+14
                       39    3.091317196858396E+30    3.257603937525133E+33    4.814301175595439E+13    1.562121330976475E+07    3.578326031908238E-10    8.642088423444619E+04    7.640441921984914E+04    7.640441921984914E+04    2.086786690235250E-01    1.764653860476951E+04    3.259338825137317E+33    4.830849691112808E+13    1.143669000000000E-01    0.000000000000000E+00    5.464911000000000E-01    4.560151000000000E-02    2.068975000000000E-03    1.162568000000000E-01    1.093630000000000E-02    1.048575000000000E-04    2.709569000000000E-03    5.332756000000000E-02    5.447840000000000E-02    1.493971000000000E-02    2.077047000000000E-02    0.000000000000000E+00    0.000000000000000E+00    0.000000000000000E+00    0.000000000000000E+00    0.000000000000000E+00    3.446322000000000E-03    0.000000000000000E+00    1.431201000000000E-02    6.793570184424977E+38    2.151837325097500E+14    1.014881916046800E+14
                       40    3.470007868322970E+30    3.261073712749502E+33    4.847398206630175E+13    1.594360295772550E+07    3.623083175753750E-10    8.642088423444619E+04    7.640441921984914E+04    7.640441921984914E+04    2.087426394462700E-01    1.762173972651779E+04    3.262843397534423E+33    4.863885211014375E+13    1.151694000000000E-01    0.000000000000000E+00    5.469402000000000E-01    4.552797000000000E-02    2.075832000000000E-03    1.157885000000000E-01    1.092515000000000E-02    1.052051000000000E-04    2.710685000000000E-03    5.308042000000000E-02    5.422514000000000E-02    1.487014000000000E-02    2.067356000000000E-02    0.000000000000000E+00    0.000000000000000E+00    0.000000000000000E+00    0.000000000000000E+00    0.000000000000000E+00    3.430383000000000E-03    0.000000000000000E+00    1.428726000000000E-02   -1.321867847730020E+38    2.184631409646500E+14    1.031278958321300E+14
                       41    3.539514723763091E+30    3.264613082319344E+33    4.880372215398576E+13    1.626099260568625E+07    3.679410374102663E-10    8.642088423444619E+04    7.640441921984914E+04    7.640441921984914E+04    2.091426394462700E-01    1.759660505356380E+04    3.266396685973360E+33    4.896441179613463E+13    1.151694000000000E-01    0.000000000000000E+00    5.469402000000000E-01    4.552797000000000E-02    2.075832000000000E-03    1.157885000000000E-01    1.092515000000000E-02    1.052051000000000E-04    2.710685000000000E-03    5.308042000000000E-02    5.422514000000000E-02    1.487014000000000E-02    2.067356000000000E-02    0.000000000000000E+00    0.000000000000000E+00    0.000000000000000E+00    0.000000000000000E+00    0.000000000000000E+00    3.430383000000000E-03    0.000000000000000E+00    1.428726000000000E-02   -9.409365034395025E+38    2.217425494195500E+14    1.048396592140900E+14
                       42    3.567923135585754E+30    3.268180289627376E+33    4.912510143828351E+13    1.653518373250975E+07    3.742652683210891E-10    8.697805228658384E+04    7.651968356980638E+04    7.651968356980638E+04    2.092426394462700E-01    1.757168015316437E+04    3.269550304028287E+33    4.924495386499061E+13    1.151694000000000E-01    0.000000000000000E+00    5.469402000000000E-01    4.552797000000000E-02    2.075832000000000E-03    1.157885000000000E-01    1.092515000000000E-02    1.052051000000000E-04    2.710685000000000E-03    5.308042000000000E-02    5.422514000000000E-02    1.487014000000000E-02    2.067356000000000E-02    0.000000000000000E+00    0.000000000000000E+00    0.000000000000000E+00    0.000000000000000E+00    0.000000000000000E+00    3.430383000000000E-03    0.000000000000000E+00    1.428726000000000E-02   -1.723289179831503E+39    2.253822536470000E+14    1.065514225960500E+14
                       43    2.739533687764109E+30    3.270920318429198E+33    4.936480629169772E+13    1.677117633819600E+07    3.794718168365458E-10    8.697805228658384E+04    7.651968356980638E+04    7.651968356980638E+04    2.093705802917600E-01    1.755282047831487E+04    3.272292321239980E+33    4.948247142963753E+13    1.151694000000000E-01    0.000000000000000E+00    5.469402000000000E-01    4.552797000000000E-02    2.075832000000000E-03    1.157885000000000E-01    1.092515000000000E-02    1.052051000000000E-04    2.710685000000000E-03    5.308042000000000E-02    5.422514000000000E-02    1.487014000000000E-02    2.067356000000000E-02    0.000000000000000E+00    0.000000000000000E+00    0.000000000000000E+00    0.000000000000000E+00    0.000000000000000E+00    3.430383000000000E-03    0.000000000000000E+00    1.428726000000000E-02   -2.300862560302002E+39    2.290219578744500E+14    1.082631859780100E+14
                       44    2.744103053646974E+30    3.273664324050762E+33    4.960013656757734E+13    1.700397042274500E+07    3.844863265483585E-10    8.673780076223808E+04    7.645895753123458E+04    7.645895753123458E+04    2.094066098690150E-01    1.753405997856745E+04    3.275054222550380E+33    4.971783059503884E+13    1.151694000000000E-01    0.000000000000000E+00    5.469402000000000E-01    4.552797000000000E-02    2.075832000000000E-03    1.157885000000000E-01    1.092515000000000E-02    1.052051000000000E-04    2.710685000000000E-03    5.308042000000000E-02    5.422514000000000E-02    1.487014000000000E-02    2.067356000000000E-02    0.000000000000000E+00    0.000000000000000E+00    0.000000000000000E+00    0.000000000000000E+00    0.000000000000000E+00    3.430383000000000E-03    0.000000000000000E+00    1.428726000000000E-02   -2.858435940772502E+39    2.316616621019000E+14    1.092631859780100E+14
                       45    2.779132870339061E+30    3.276444121049997E+33    4.983552462250037E+13    1.726496302843125E+07    3.895675326311086E-10    8.673780076223808E+04    7.645895753123458E+04    7.645895753123458E+04    2.094705802917600E-01    1.751504351700071E+04    3.278190939121405E+33    4.997793500409520E+13    1.151694000000000E-01    0.000000000000000E+00    5.469402000000000E-01    4.552797000000000E-02    2.075832000000000E-03    1.157885000000000E-01    1.092515000000000E-02    1.052051000000000E-04    2.710685000000000E-03    5.308042000000000E-02    5.422514000000000E-02    1.487014000000000E-02    2.067356000000000E-02    0.000000000000000E+00    0.000000000000000E+00    0.000000000000000E+00    0.000000000000000E+00    0.000000000000000E+00    3.430383000000000E-03    0.000000000000000E+00    1.428726000000000E-02   -3.416009321243003E+39    2.349410705568000E+14    1.109389197827150E+14
                       46    3.494739710294712E+30    3.279937757192814E+33    5.012034538569003E+13    1.758095563411750E+07    3.956262425707628E-10    8.673780076223808E+04    7.645895753123458E+04    7.645895753123458E+04    2.096345507145050E-01    1.749166079367927E+04    3.282095181902521E+33    5.029076403974003E+13    1.151694000000000E-01    0.000000000000000E+00    5.469402000000000E-01    4.552797000000000E-02    2.075832000000000E-03    1.157885000000000E-01    1.092515000000000E-02    1.052051000000000E-04    2.710685000000000E-03    5.308042000000000E-02    5.422514000000000E-02    1.487014000000000E-02    2.067356000000000E-02    0.000000000000000E+00    0.000000000000000E+00    0.000000000000000E+00    0.000000000000000E+00    0.000000000000000E+00    3.430383000000000E-03    0.000000000000000E+00    1.428726000000000E-02   -4.080788617164503E+39    2.385807747842500E+14    1.126506831646750E+14
                       47    4.314517354966362E+30    3.284252606612228E+33    5.046118269379003E+13    1.792694823980375E+07    4.027058228095678E-10    8.730012422688723E+04    7.657448759296027E+04    7.657448759296027E+04    2.097345507145050E-01    1.746317022250369E+04    3.286457753158833E+33    5.063052209495096E+13    1.151694000000000E-01    0.000000000000000E+00    5.469402000000000E-01    4.552797000000000E-02    2.075832000000000E-03    1.157885000000000E-01    1.092515000000000E-02    1.052051000000000E-04    2.710685000000000E-03    5.308042000000000E-02    5.422513000000000E-02    1.487013000000000E-02    2.067356000000000E-02    0.000000000000000E+00    0.000000000000000E+00    0.000000000000000E+00    0.000000000000000E+00    0.000000000000000E+00    3.430382000000000E-03    0.000000000000000E+00    1.428726000000000E-02   -4.871964955360502E+39    2.428601832391500E+14    1.144705352784000E+14
                       48    4.410474038506510E+30    3.288662899705437E+33    5.079986149611190E+13    1.827294084549000E+07    4.099125431448071E-10    8.730012422688723E+04    7.657448759296027E+04    7.657448759296027E+04    2.098345507145050E-01    1.743434534622626E+04    3.290908808654390E+33    5.096739492141413E+13    1.160364000000000E-01    0.000000000000000E+00    5.474128000000000E-01    4.544847000000000E-02    2.083200000000000E-03    1.152875000000000E-01    1.091302000000000E-02    1.055785000000000E-04    2.711874000000000E-03    5.281626000000000E-02    5.395443000000000E-02    1.479577000000000E-02    2.056998000000000E-02    0.000000000000000E+00    0.000000000000000E+00    0.000000000000000E+00    0.000000000000000E+00    0.000000000000000E+00    3.413348000000000E-03    0.000000000000000E+00    1.426057000000000E-02   -5.653950166733004E+39    2.471395916940500E+14    1.169661211968300E+14
                       49    4.490893287317021E+30    3.293154717603344E+33    5.113492834671638E+13    1.857073493003900E+07    4.179258602906522E-10    8.730012422688723E+04    7.657448759296027E+04    7.657448759296027E+04    2.102985211372500E-01    1.740521326662274E+04    3.294848842813178E+33    5.125776444341242E+13    1.160364000000000E-01    0.000000000000000E+00    5.474128000000000E-01    4.544847000000000E-02    2.083200000000000E-03    1.152875000000000E-01    1.091302000000000E-02    1.055785000000000E-04    2.711874000000000E-03    5.281625000000001E-02    5.395442000000000E-02    1.479577000000000E-02    2.056998000000000E-02    0.000000000000000E+00    0.000000000000000E+00    0.000000000000000E+00    0.000000000000000E+00    0.000000000000000E+00    3.413348000000000E-03    0.000000000000000E+00    1.426057000000000E-02   -6.432332420380003E+39    2.517792959215000E+14    1.188580324650650E+14
                       50    3.388150999175943E+30    3.296542968023013E+33    5.138060054010847E+13    1.882172753572525E+07    4.254063644723510E-10    8.786765080649353E+04    7.669028397898350E+04    7.669028397898350E+04    2.104624915599950E-01    1.738345748753209E+04    3.298216214929205E+33    5.149910240854498E+13    1.160364000000000E-01    0.000000000000000E+00    5.474128000000000E-01    4.544847000000000E-02    2.083200000000000E-03    1.152875000000000E-01    1.091302000000000E-02    1.055785000000000E-04    2.711874000000000E-03    5.281625000000001E-02    5.395442000000000E-02    1.479577000000000E-02    2.056998000000000E-02    0.000000000000000E+00    0.000000000000000E+00    0.000000000000000E+00    0.000000000000000E+00    0.000000000000000E+00    3.413348000000000E-03    0.000000000000000E+00    1.426057000000000E-02   -7.010354378254453E+39    2.560587043764000E+14    1.212815592289850E+14
                       51    3.348348998794180E+30    3.299889461835398E+33    5.161760427698150E+13    1.906952162027425E+07    4.310316886978829E-10    8.786765080649353E+04    7.669028397898350E+04    7.669028397898350E+04    2.105624915599950E-01    1.736218480118553E+04    3.301592534889651E+33    5.173517163369627E+13    1.160364000000000E-01    0.000000000000000E+00    5.474128000000000E-01    4.544847000000000E-02    2.083200000000000E-03    1.152875000000000E-01    1.091302000000000E-02    1.055785000000000E-04    2.711874000000000E-03    5.281625000000001E-02    5.395442000000000E-02    1.479577000000000E-02    2.056998000000000E-02    0.000000000000000E+00    0.000000000000000E+00    0.000000000000000E+00    0.000000000000000E+00    0.000000000000000E+00    3.413348000000000E-03    0.000000000000000E+00    1.426057000000000E-02   -7.517560293705453E+39    2.593381128313000E+14    1.230293521882000E+14
                       52    3.404280980047046E+30    3.303295607943904E+33    5.185273899041103E+13    1.931591866254875E+07    4.367318800451428E-10    8.786765080649353E+04    7.669028397898350E+04    7.669028397898350E+04    2.106624915599950E-01    1.734079392746765E+04    3.305039443400506E+33    5.197087053651050E+13    1.160364000000000E-01    0.000000000000000E+00    5.474128000000000E-01    4.544847000000000E-02    2.083200000000000E-03    1.152875000000000E-01    1.091302000000000E-02    1.055785000000000E-04    2.711874000000000E-03    5.281625000000001E-02    5.395442000000000E-02    1.479577000000000E-02    2.056998000000000E-02    0.000000000000000E+00    0.000000000000000E+00    0.000000000000000E+00    0.000000000000000E+00    0.000000000000000E+00    3.413348000000000E-03    0.000000000000000E+00    1.426057000000000E-02   -8.022424286634879E+39    2.629778170587500E+14    1.240293521882000E+14
                       53    3.487662959564898E+30    3.306783278857108E+33    5.208900208260997E+13    1.956551422596050E+07    4.428074256919560E-10    8.844042864488640E+04    7.680634730324504E+04    7.680634730324504E+04    2.107264619827400E-01    1.731899627459414E+04    3.308586766609832E+33    5.220900951815459E+13    1.160364000000000E-01    0.000000000000000E+00    5.474128000000000E-01    4.544847000000000E-02    2.083200000000000E-03    1.152875000000000E-01    1.091302000000000E-02    1.055785000000000E-04    2.711874000000000E-03    5.281625000000001E-02    5.395442000000000E-02    1.479577000000000E-02    2.056998000000000E-02    0.000000000000000E+00    0.000000000000000E+00    0.000000000000000E+00    0.000000000000000E+00    0.000000000000000E+00    3.413348000000000E-03    0.000000000000000E+00    1.426057000000000E-02   -8.527648575336853E+39    2.662572255136500E+14    1.256690564156500E+14
                       54    3.607558109538378E+30    3.310390254362554E+33    5.232901695369922E+13    1.982010978937225E+07    4.486638394332405E-10    8.844042864488640E+04    7.680634730324504E+04    7.680634730324504E+04    2.108264619827400E-01    1.729655226218384E+04    3.312226550878144E+33    5.244901243580572E+13    1.160364000000000E-01    0.000000000000000E+00    5.474128000000000E-01    4.544847000000000E-02    2.083200000000000E-03    1.152875000000000E-01    1.091302000000000E-02    1.055785000000000E-04    2.711874000000000E-03    5.281625000000001E-02    5.395442000000000E-02    1.479577000000000E-02    2.056998000000000E-02    0.000000000000000E+00    0.000000000000000E+00    0.000000000000000E+00    0.000000000000000E+00    0.000000000000000E+00    3.413348000000000E-03    0.000000000000000E+00    1.426057000000000E-02   -9.035935378105502E+39    2.705366339685500E+14    1.276690564156500E+14
                       55    3.672555251391755E+30    3.314062847393733E+33    5.256900791791222E+13    2.007470535278400E+07    4.545982078903424E-10    8.844042864488640E+04    7.680634730324504E+04    7.680634730324504E+04    2.109904324054850E-01    1.727379930252893E+04    3.315923004827772E+33    5.268829080055130E+13    1.160365000000000E-01    0.000000000000000E+00    5.474128000000000E-01    4.544846000000000E-02    2.083201000000000E-03    1.152875000000000E-01    1.091302000000000E-02    1.055785000000000E-04    2.711874000000000E-03    5.281622000000000E-02    5.395438999999999E-02    1.479576000000000E-02    2.056996000000000E-02    0.000000000000000E+00    0.000000000000000E+00    0.000000000000000E+00    0.000000000000000E+00    0.000000000000000E+00    3.413346000000000E-03    0.000000000000000E+00    1.426057000000000E-02   -9.543141293556503E+39    2.741763381960000E+14    1.293087606431000E+14
                       56    3.721627218590713E+30    3.317783162261809E+33    5.280757368319038E+13    2.033430091619575E+07    4.595521975820446E-10    8.901850633136470E+04    7.692267818110104E+04    7.692267818110104E+04    2.110544028282300E-01    1.725093109650360E+04    3.319707943016645E+33    5.292870441999530E+13    1.168792000000000E-01    0.000000000000000E+00    5.478721000000000E-01    4.537120000000000E-02    2.090361000000000E-03    1.148006000000000E-01    1.090123000000000E-02    1.059414000000000E-04    2.713029000000000E-03    5.255949000000000E-02    5.369130000000000E-02    1.472349000000000E-02    2.046929000000000E-02    0.000000000000000E+00    0.000000000000000E+00    0.000000000000000E+00    0.000000000000000E+00    0.000000000000000E+00    3.396791000000000E-03    0.000000000000000E+00    1.423463000000000E-02   -1.004674425128200E+40    2.768160424234500E+14    1.309484648705500E+14
                       57    3.848847670527845E+30    3.321632723771481E+33    5.304983515680021E+13    2.059889647960750E+07    4.656316062651523E-10    8.901850633136470E+04    7.692267818110104E+04    7.692267818110104E+04    2.114904324054850E-01    1.722735648313618E+04    3.323593295903989E+33    5.317092818434447E+13    1.168921000000000E-01    0.000000000000000E+00    5.478791000000000E-01    4.537001000000000E-02    2.090471000000000E-03    1.147932000000000E-01    1.090105000000000E-02    1.059470000000000E-04    2.713047000000000E-03    5.255556000000000E-02    5.368727000000000E-02    1.472239000000000E-02    2.046775000000000E-02    0.000000000000000E+00    0.000000000000000E+00    0.000000000000000E+00    0.000000000000000E+00    0.000000000000000E+00    3.396537000000000E-03    0.000000000000000E+00    1.423423000000000E-02   -1.055395016673300E+40    2.800954508783500E+14    1.325881690980000E+14
                       58    3.920935481980132E+30    3.325553868036498E+33    5.329202121188873E+13    2.085849204301925E+07    4.717919566398672E-10    8.960193290481994E+04    7.703927722932641E+04    7.703927722932641E+04    2.116183732509750E-01    1.720346541597634E+04    3.327543272112131E+33    5.341278969631973E+13    1.168921000000000E-01    0.000000000000000E+00    5.478791000000000E-01    4.537001000000000E-02    2.090471000000000E-03    1.147932000000000E-01    1.090105000000000E-02    1.059470000000000E-04    2.713047000000000E-03    5.255556000000000E-02    5.368727000000000E-02    1.472239000000000E-02    2.046775000000000E-02    0.000000000000000E+00    0.000000000000000E+00    0.000000000000000E+00    0.000000000000000E+00    0.000000000000000E+00    3.396537000000000E-03    0.000000000000000E+00    1.423423000000000E-02   -1.105755312445850E+40    2.837351551058000E+14    1.342278733254500E+14
                       59    3.979575677476888E+30    3.329532676187764E+33    5.353355818075073E+13    2.115808760643100E+07    4.772550500219665E-10    8.960193290481994E+04    7.703927722932641E+04    7.703927722932641E+04    2.117183732509750E-01    1.717935224403566E+04    3.332209075873724E+33    5.369156631603109E+13    1.168921000000000E-01    0.000000000000000E+00    5.478791000000000E-01    4.537001000000000E-02    2.090471000000000E-03    1.147932000000000E-01    1.090105000000000E-02    1.059470000000000E-04    2.713047000000000E-03    5.255556000000000E-02    5.368727000000000E-02    1.472239000000000E-02    2.046775000000000E-02    0.000000000000000E+00    0.000000000000000E+00    0.000000000000000E+00    0.000000000000000E+00    0.000000000000000E+00    3.396537000000000E-03    0.000000000000000E+00    1.423423000000000E-02   -1.149358270171350E+40    2.870145635607000E+14    1.362278733254500E+14
                       60    5.351274261548326E+30    3.334885475559684E+33    5.384957445131146E+13    2.158588169098000E+07    4.835697093585221E-10    9.019075785789348E+04    7.715614506611759E+04    7.715614506611759E+04    2.118183732509750E-01    1.714737526471000E+04    3.338953762155132E+33    5.408254264143830E+13    1.168921000000000E-01    0.000000000000000E+00    5.478791000000000E-01    4.537001000000000E-02    2.090471000000000E-03    1.147932000000000E-01    1.090105000000000E-02    1.059470000000000E-04    2.713047000000000E-03    5.255556000000000E-02    5.368727000000000E-02    1.472239000000000E-02    2.046775000000000E-02    0.000000000000000E+00    0.000000000000000E+00    0.000000000000000E+00    0.000000000000000E+00    0.000000000000000E+00    3.396537000000000E-03    0.000000000000000E+00    1.423423000000000E-02   -1.210799453261550E+40    2.912939720156000E+14    1.378675775529000E+14
                       61    8.138042625790867E+30    3.343022048750580E+33    5.431551083156512E+13    2.203047725439175E+07    4.930348601123295E-10    9.019075785789348E+04    7.715614506611759E+04    7.715614506611759E+04    2.119823436737200E-01    1.709927776481110E+04    3.346205492953568E+33    5.449080142704809E+13    1.169329000000000E-01    0.000000000000000E+00    5.479008000000000E-01    4.536627000000000E-02    2.090815000000000E-03    1.147698000000000E-01    1.090047000000000E-02    1.059644000000000E-04    2.713102000000000E-03    5.254326000000001E-02    5.367467000000001E-02    1.471892000000000E-02    2.046293000000000E-02    0.000000000000000E+00    0.000000000000000E+00    0.000000000000000E+00    0.000000000000000E+00    0.000000000000000E+00    3.395745000000000E-03    0.000000000000000E+00    1.423298000000000E-02   -1.288365664485100E+40    2.965733804705000E+14    1.405072817803500E+14
                       62    6.365735128250152E+30    3.349388937156555E+33    5.466609202253106E+13    2.236687429666625E+07    5.010460321288412E-10    9.102528266552216E+04    7.733400834966791E+04    7.733400834966791E+04    2.121463140964650E-01    1.706247349668634E+04    3.351873455289993E+33    5.479864082942725E+13    1.177841000000000E-01    0.000000000000000E+00    5.483520000000000E-01    4.528818000000000E-02    2.098008000000000E-03    1.142831000000000E-01    1.088847000000000E-02    1.063290000000000E-04    2.714252000000000E-03    5.228677000000000E-02    5.341182999999999E-02    1.464672000000000E-02    2.036236000000000E-02    0.000000000000000E+00    0.000000000000000E+00    0.000000000000000E+00    0.000000000000000E+00    0.000000000000000E+00    3.379208000000000E-03    0.000000000000000E+00    1.420682000000000E-02   -1.350527439120400E+40    3.018527889254000E+14    1.431469860078000E+14
                       63    4.969398157470895E+30    3.354357973423430E+33    5.493118963632342E+13    2.265827133894075E+07    5.085083197761232E-10    9.162505469179421E+04    7.745141562388401E+04    7.745141562388401E+04    2.122463140964650E-01    1.703422101372382E+04    3.356899161238181E+33    5.506376116134912E+13    1.177843000000000E-01    0.000000000000000E+00    5.483521000000000E-01    4.528816000000000E-02    2.098010000000000E-03    1.142829000000000E-01    1.088847000000000E-02    1.063291000000000E-04    2.714253000000000E-03    5.228670000000000E-02    5.341175000000000E-02    1.464670000000000E-02    2.036233000000000E-02    0.000000000000000E+00    0.000000000000000E+00    0.000000000000000E+00    0.000000000000000E+00    0.000000000000000E+00    3.379203000000000E-03    0.000000000000000E+00    1.420681000000000E-02   -1.393409805300800E+40    3.061321973803000E+14    1.454263944627000E+14
                       64    5.081520613259816E+30    3.359440349052934E+33    5.519633268637480E+13    2.295466838121525E+07    5.143965686057488E-10    9.162505469179421E+04    7.745141562388401E+04    7.745141562388401E+04    2.123463140964650E-01    1.700562415382965E+04    3.362125696583312E+33    5.533373852232536E+13    1.177843000000000E-01    0.000000000000000E+00    5.483521000000000E-01    4.528816000000000E-02    2.098010000000000E-03    1.142829000000000E-01    1.088847000000000E-02    1.063291000000000E-04    2.714253000000000E-03    5.228670000000000E-02    5.341175000000000E-02    1.464670000000000E-02    2.036233000000000E-02    0.000000000000000E+00    0.000000000000000E+00    0.000000000000000E+00    0.000000000000000E+00    0.000000000000000E+00    3.379203000000000E-03    0.000000000000000E+00    1.420681000000000E-02   -1.429534833434150E+40    3.097719016077500E+14    1.470660986901500E+14
                       65    5.370872029233926E+30    3.364811044113689E+33    5.547114435827592E+13    2.334106542348975E+07    5.200067619674602E-10    9.223037634029685E+04    7.756909354981915E+04    7.756909354981915E+04    2.129102845192100E-01    1.697558461331446E+04    3.369028461449439E+33    5.568182925967977E+13    1.177843000000000E-01    0.000000000000000E+00    5.483521000000000E-01    4.528815000000000E-02    2.098010000000000E-03    1.142829000000000E-01    1.088847000000000E-02    1.063291000000000E-04    2.714253000000000E-03    5.228670000000000E-02    5.341175000000000E-02    1.464670000000000E-02    2.036233000000000E-02    0.000000000000000E+00    0.000000000000000E+00    0.000000000000000E+00    0.000000000000000E+00    0.000000000000000E+00    3.379203000000000E-03    0.000000000000000E+00    1.420681000000000E-02   -1.471696608069451E+40    3.130513100626500E+14    1.490660986901500E+14
                       66    8.434796891713587E+30    3.373245878785190E+33    5.589251416108362E+13    2.380746246576425E+07    5.272407766188709E-10    9.247285088462691E+04    7.762995957636733E+04    7.762995957636733E+04    2.130102845192100E-01    1.692886397512925E+04    3.377633305164886E+33    5.610426616614813E+13    1.180133000000000E-01    0.000000000000000E+00    5.484734999999999E-01    4.526714000000000E-02    2.099945000000000E-03    1.141519000000000E-01    1.088524000000000E-02    1.064271000000000E-04    2.714562000000000E-03    5.221769000000000E-02    5.334104000000000E-02    1.462728000000000E-02    2.033527000000000E-02    0.000000000000000E+00    0.000000000000000E+00    0.000000000000000E+00    0.000000000000000E+00    0.000000000000000E+00    3.374754000000000E-03    0.000000000000000E+00    1.419977000000000E-02   -1.528542227747900E+40    3.173307185175500E+14    1.507058029176000E+14
                       67    8.775699821995415E+30    3.382020731544581E+33    5.631601817121264E+13    2.427385950803875E+07    5.363302169962575E-10    9.308377350538343E+04    7.774790877793837E+04    7.774790877793837E+04    2.131742549419550E-01    1.688106979591213E+04    3.386544364000419E+33    5.652649149923182E+13    1.186638000000000E-01    0.000000000000000E+00    5.488182000000000E-01    4.520747000000000E-02    2.105441000000000E-03    1.137800000000000E-01    1.087606000000000E-02    1.067057000000000E-04    2.715441000000000E-03    5.202169999999999E-02    5.314019000000000E-02    1.457210000000000E-02    2.025842000000000E-02    0.000000000000000E+00    0.000000000000000E+00    0.000000000000000E+00    0.000000000000000E+00    0.000000000000000E+00    3.362118000000000E-03    0.000000000000000E+00    1.417978000000000E-02   -1.577549622061650E+40    3.226101269724500E+14    1.533455071450500E+14
                       68    9.046942789277076E+30    3.391067996456257E+33    5.673696482725102E+13    2.474205802917600E+07    5.446839918840333E-10    9.370034892355144E+04    7.786612988050013E+04    7.786612988050013E+04    2.133382253647000E-01    1.683279308389036E+04    3.395761637956040E+33    5.694904925160592E+13    1.186638000000000E-01    0.000000000000000E+00    5.488183000000000E-01    4.520747000000000E-02    2.105441000000000E-03    1.137800000000000E-01    1.087606000000000E-02    1.067057000000000E-04    2.715441000000000E-03    5.202169999999999E-02    5.314018000000000E-02    1.457210000000000E-02    2.025841000000000E-02    0.000000000000000E+00    0.000000000000000E+00    0.000000000000000E+00    0.000000000000000E+00    0.000000000000000E+00    3.362118000000000E-03    0.000000000000000E+00    1.417978000000000E-02   -1.625476129057750E+40    3.285292396548000E+14    1.559852113725000E+14
                       69    9.387483828962437E+30    3.400455279455822E+33    5.716113367596084E+13    2.521525655031325E+07    5.531684842130843E-10    9.456734757748638E+04    7.804562984807929E+04    7.804562984807929E+04    2.135021957874450E-01    1.678335768330944E+04    3.405309982155132E+33    5.737538975766337E+13    1.188731000000000E-01    0.000000000000000E+00    5.489263000000000E-01    4.518825000000000E-02    2.107200000000000E-03    1.136614000000000E-01    1.087309000000000E-02    1.067948000000000E-04    2.715720000000000E-03    5.195927000000000E-02    5.307621000000000E-02    1.455453000000000E-02    2.023393000000000E-02    0.000000000000000E+00    0.000000000000000E+00    0.000000000000000E+00    0.000000000000000E+00    0.000000000000000E+00    3.358093000000000E-03    0.000000000000000E+00    1.417335000000000E-02   -1.665564410689150E+40    3.338086481097000E+14    1.586249155999500E+14
                       70    9.708757177000733E+30    3.410164684854441E+33    5.758964583936589E+13    2.569665359258775E+07    5.604936767630193E-10    9.519538598851825E+04    7.816439663445696E+04    7.816439663445696E+04    2.136661662101900E-01    1.673272232723971E+04    3.415115825432479E+33    5.780533516773909E+13    1.203517000000000E-01    0.000000000000000E+00    5.496899000000000E-01    4.505253000000000E-02    2.119629000000000E-03    1.128238000000000E-01    1.085210000000000E-02    1.074247000000000E-04    2.717690000000000E-03    5.151825000000000E-02    5.262427000000000E-02    1.443038000000000E-02    2.006100000000000E-02    0.000000000000000E+00    0.000000000000000E+00    0.000000000000000E+00    0.000000000000000E+00    0.000000000000000E+00    3.329665000000000E-03    0.000000000000000E+00    1.412797000000000E-02   -1.711689438822500E+40    3.370880565646000E+14    1.609043240548500E+14
                       71    9.902585382786508E+30    3.420066966010517E+33    5.802102449611230E+13    2.616985211372500E+07    5.692256694951807E-10    9.607621805009627E+04    7.834458417791482E+04    7.834458417791482E+04    2.138301366329350E-01    1.668092089931242E+04    3.425054892171164E+33    5.822457142957239E+13    1.203519000000000E-01    0.000000000000000E+00    5.496900000000000E-01    4.505251000000000E-02    2.119631000000000E-03    1.128237000000000E-01    1.085210000000000E-02    1.074248000000000E-04    2.717690000000000E-03    5.151820000000000E-02    5.262421000000000E-02    1.443037000000000E-02    2.006098000000000E-02    0.000000000000000E+00    0.000000000000000E+00    0.000000000000000E+00    0.000000000000000E+00    0.000000000000000E+00    3.329661000000000E-03    0.000000000000000E+00    1.412797000000000E-02   -1.748895354273500E+40    3.423674650195000E+14    1.635440282823000E+14
                       72    9.976759036193156E+30    3.430042818331809E+33    5.842811836303248E+13    2.655485211372500E+07    5.767647447441929E-10    9.671593256693993E+04    7.846389916687034E+04    7.846389916687034E+04    2.140301366329350E-01    1.663134844405358E+04    3.433417149882384E+33    5.856851882672927E+13    1.203519000000000E-01    0.000000000000000E+00    5.496900000000000E-01    4.505251000000000E-02    2.119631000000000E-03    1.128237000000000E-01    1.085210000000000E-02    1.074248000000000E-04    2.717690000000000E-03    5.151820000000000E-02    5.262421000000000E-02    1.443037000000000E-02    2.006098000000000E-02    0.000000000000000E+00    0.000000000000000E+00    0.000000000000000E+00    0.000000000000000E+00    0.000000000000000E+00    3.329661000000000E-03    0.000000000000000E+00    1.412797000000000E-02   -1.779704227450000E+40    3.472865777018500E+14    1.661837325097500E+14
                       73    6.748907675563279E+30    3.436791481432959E+33    5.870891929042605E+13    2.685485211372500E+07    5.830602103242998E-10    9.761083407278219E+04    7.864477713497030E+04    7.864477713497030E+04    2.152301366329350E-01    1.659659140226364E+04    3.440078322949223E+33    5.883663671385094E+13    1.203519000000000E-01    0.000000000000000E+00    5.496900000000000E-01    4.505251000000000E-02    2.119631000000000E-03    1.128237000000000E-01    1.085210000000000E-02    1.074248000000000E-04    2.717690000000000E-03    5.151820000000000E-02    5.262421000000000E-02    1.443037000000000E-02    2.006098000000000E-02    0.000000000000000E+00    0.000000000000000E+00    0.000000000000000E+00    0.000000000000000E+00    0.000000000000000E+00    3.329661000000000E-03    0.000000000000000E+00    1.412797000000000E-02   -1.803307185175500E+40    3.509262819293000E+14    1.671837325097500E+14
                       74    6.572422380669733E+30    3.443365164465487E+33    5.896435413727581E+13    2.714985211372500E+07    5.867168666575785E-10    9.826244177045232E+04    7.876464285689191E+04    7.876464285689191E+04    2.152941070556800E-01    1.656476854919719E+04    3.446656977006427E+33    5.909749920852164E+13    1.203519000000000E-01    0.000000000000000E+00    5.496900000000000E-01    4.505251000000000E-02    2.119631000000000E-03    1.128237000000000E-01    1.085210000000000E-02    1.074248000000000E-04    2.717690000000000E-03    5.151820000000000E-02    5.262421000000000E-02    1.443037000000000E-02    2.006098000000000E-02    0.000000000000000E+00    0.000000000000000E+00    0.000000000000000E+00    0.000000000000000E+00    0.000000000000000E+00    3.329661000000000E-03    0.000000000000000E+00    1.412797000000000E-02   -1.820513100626500E+40    3.532056903842000E+14    1.688234367372000E+14
                       75    6.583684734177366E+30    3.449948789547368E+33    5.923064427976746E+13    2.755485211372500E+07    5.898117293605167E-10    9.826244177045232E+04    7.876464285689191E+04    7.876464285689191E+04    2.153941070556800E-01    1.653140033639907E+04    3.455907059724915E+33    5.945720219375502E+13    1.203586000000000E-01    0.000000000000000E+00    5.496933000000001E-01    4.505189000000000E-02    2.119687000000000E-03    1.128199000000000E-01    1.085200000000000E-02    1.074277000000000E-04    2.717699000000000E-03    5.151622000000000E-02    5.262217999999999E-02    1.442981000000000E-02    2.006020000000000E-02    0.000000000000000E+00    0.000000000000000E+00    0.000000000000000E+00    0.000000000000000E+00    0.000000000000000E+00    3.329533999999999E-03    0.000000000000000E+00    1.412776000000000E-02   -1.837719016077500E+40    3.552056903842000E+14    1.694631409646500E+14
                       76    1.191632560682738E+31    3.461865329902461E+33    5.968376010774260E+13    2.807485211372500E+07    5.931222421555986E-10    9.917165294977142E+04    7.894621411079782E+04    7.894621411079782E+04    2.154941070556800E-01    1.647428547547202E+04    3.468150693503738E+33    5.991674204650848E+13    1.217227000000000E-01    0.000000000000000E+00    5.503792000000000E-01    4.492662000000000E-02    2.131093000000000E-03    1.120544000000000E-01    1.083250000000000E-02    1.080057000000000E-04    2.719492000000000E-03    5.111351000000000E-02    5.220950000000000E-02    1.431644000000000E-02    1.990229000000000E-02    0.000000000000000E+00    0.000000000000000E+00    0.000000000000000E+00    0.000000000000000E+00    0.000000000000000E+00    3.303578000000000E-03    0.000000000000000E+00    1.408596000000000E-02   -1.864924931528500E+40    3.568453946116500E+14    1.711028451921000E+14
                       77    1.257125015434907E+31    3.474436057105014E+33    6.014972398527436E+13    2.855165359258775E+07    5.986103346918119E-10    9.983537493900859E+04    7.906663310775350E+04    7.906663310775350E+04    2.156580774784250E-01    1.641496125530187E+04    3.479724233156136E+33    6.034044810586114E+13    1.217418000000000E-01    0.000000000000000E+00    5.503889000000000E-01    4.492486000000000E-02    2.131253000000000E-03    1.120437000000000E-01    1.083223000000000E-02    1.080138000000000E-04    2.719517000000000E-03    5.110785999999999E-02    5.220371000000000E-02    1.431485000000000E-02    1.990008000000000E-02    0.000000000000000E+00    0.000000000000000E+00    0.000000000000000E+00    0.000000000000000E+00    0.000000000000000E+00    3.303214000000000E-03    0.000000000000000E+00    1.408537000000000E-02   -1.885733804705000E+40    3.601248030665500E+14    1.721028451921000E+14
                       78    1.057613138874728E+31    3.485012409207257E+33    6.053117222644792E+13    2.897345507145049E+07    6.023658133068573E-10    1.007591402897420E+05    7.924890052108478E+04    7.924890052108478E+04    2.157860183239150E-01    1.636606514778902E+04    3.490196193740167E+33    6.071602816164029E+13    1.217418000000000E-01    0.000000000000000E+00    5.503889000000000E-01    4.492486000000000E-02    2.131253000000000E-03    1.120437000000000E-01    1.083223000000000E-02    1.080138000000000E-04    2.719517000000000E-03    5.110785999999999E-02    5.220371000000000E-02    1.431485000000000E-02    1.990008000000000E-02    0.000000000000000E+00    0.000000000000000E+00    0.000000000000000E+00    0.000000000000000E+00    0.000000000000000E+00    3.303214000000000E-03    0.000000000000000E+00    1.408537000000000E-02   -1.892939720156000E+40    3.627645072940000E+14    1.737425494195500E+14
                       79    1.036886153223559E+31    3.495379978273077E+33    6.090088409683266E+13    2.938845507145050E+07    6.051462075719563E-10    1.016914531360278E+05    7.943158810419767E+04    7.943158810419767E+04    2.158860183239150E-01    1.631843217027699E+04    3.500608502028077E+33    6.108558454355583E+13    1.217583000000000E-01    0.000000000000000E+00    5.503969000000000E-01    4.492335000000000E-02    2.131390000000000E-03    1.120345000000000E-01    1.083199000000000E-02    1.080208000000000E-04    2.719539000000000E-03    5.110305000000000E-02    5.219878000000000E-02    1.431350000000000E-02    1.989819000000000E-02    0.000000000000000E+00    0.000000000000000E+00    0.000000000000000E+00    0.000000000000000E+00    0.000000000000000E+00    3.302904000000000E-03    0.000000000000000E+00    1.408487000000000E-02   -1.903748593332500E+40    3.644042115214500E+14    1.747425494195500E+14
                       80    1.045614079510001E+31    3.505837025783078E+33    6.127028499027899E+13    2.979025655031325E+07    6.061455055424256E-10    1.023737701583885E+05    7.955284180576370E+04    7.955284180576370E+04    2.159860183239150E-01    1.627074180781564E+04    3.510793137385792E+33    6.144452428257750E+13    1.231722000000000E-01    0.000000000000000E+00    5.510865000000000E-01    4.479344000000000E-02    2.143143000000000E-03    1.112496000000000E-01    1.081163000000000E-02    1.086164000000000E-04    2.721369000000000E-03    5.069042000000000E-02    5.177592000000000E-02    1.419734000000000E-02    1.973639000000000E-02    0.000000000000000E+00    0.000000000000000E+00    0.000000000000000E+00    0.000000000000000E+00    0.000000000000000E+00    3.276314000000000E-03    0.000000000000000E+00    1.404160000000000E-02   -1.917351551058000E+40    3.650439157489000E+14    1.753822536470000E+14
                       81    9.911811604586547E+30    3.515749248988508E+33    6.161876357487602E+13    3.015705802917600E+07    6.075428152425500E-10    1.026323925668682E+05    7.961469682568357E+04    7.961469682568357E+04    2.172860183239150E-01    1.622537657964419E+04    3.520159542081715E+33    6.177155190310133E+13    1.232097000000000E-01    0.000000000000000E+00    5.511048000000000E-01    4.478999000000000E-02    2.143455000000000E-03    1.112287000000000E-01    1.081109000000000E-02    1.086322000000000E-04    2.721418000000000E-03    5.067948000000000E-02    5.176471000000001E-02    1.419426000000000E-02    1.973210000000000E-02    0.000000000000000E+00    0.000000000000000E+00    0.000000000000000E+00    0.000000000000000E+00    0.000000000000000E+00    3.275609000000000E-03    0.000000000000000E+00    1.404046000000000E-02   -1.924557466509000E+40    3.660439157489000E+14    1.760219578744500E+14
                       82    8.820462905004569E+30    3.524569835174924E+33    6.192434023132666E+13    3.049705802917600E+07    6.089433460742015E-10    1.033210229909045E+05    7.973623004589943E+04    7.973623004589943E+04    2.173499887466600E-01    1.618549110588462E+04    3.529004983391516E+33    6.207616374302130E+13    1.232097000000000E-01    0.000000000000000E+00    5.511048000000000E-01    4.478999000000000E-02    2.143455000000000E-03    1.112287000000000E-01    1.081109000000000E-02    1.086322000000000E-04    2.721418000000000E-03    5.067948000000000E-02    5.176470000000000E-02    1.419426000000000E-02    1.973209000000000E-02    0.000000000000000E+00    0.000000000000000E+00    0.000000000000000E+00    0.000000000000000E+00    0.000000000000000E+00    3.275609000000000E-03    0.000000000000000E+00    1.404046000000000E-02   -1.921763381960000E+40    3.666836199763500E+14    1.763822536470000E+14
                       83    8.870421703005857E+30    3.533440131608108E+33    6.222798725471595E+13    3.083566098690150E+07    6.099495708472865E-10    1.040160252338038E+05    7.985804342912238E+04    7.985804342912238E+04    2.174139591694050E-01    1.614578159190901E+04    3.537903117562890E+33    6.238020087310983E+13    1.232099000000000E-01    0.000000000000000E+00    5.511049000000000E-01    4.478997000000000E-02    2.143457000000000E-03    1.112286000000000E-01    1.081108000000000E-02    1.086324000000000E-04    2.721418000000000E-03    5.067940000000000E-02    5.176463000000001E-02    1.419424000000000E-02    1.973206000000000E-02    0.000000000000000E+00    0.000000000000000E+00    0.000000000000000E+00    0.000000000000000E+00    0.000000000000000E+00    3.275604000000000E-03    0.000000000000000E+00    1.404045000000000E-02   -1.925366339685500E+40    3.673233242038000E+14    1.763822536470000E+14
                       84    8.926677795067647E+30    3.542366103517671E+33    6.253241449150370E+13    3.116926394462700E+07    6.095529505359617E-10    1.042770406459658E+05    7.992004103958941E+04    7.992004103958941E+04    2.175139591694050E-01    1.610597927824598E+04    3.546742593643078E+33    6.267998639713628E+13    1.235614000000000E-01    0.000000000000000E+00    5.512707000000000E-01    4.475765000000000E-02    2.146360000000000E-03    1.110357000000000E-01    1.080598000000000E-02    1.087795000000000E-04    2.721865000000000E-03    5.057809000000001E-02    5.166079999999999E-02    1.416572000000000E-02    1.969234000000000E-02    0.000000000000000E+00    0.000000000000000E+00    0.000000000000000E+00    0.000000000000000E+00    0.000000000000000E+00    3.269076000000000E-03    0.000000000000000E+00    1.402971000000000E-02   -1.922572255136500E+40    3.666836199763500E+14    1.763822536470000E+14
                       85    8.752827143252773E+30    3.551119083768485E+33    6.282755830276888E+13    3.149426394462700E+07    6.081510176529547E-10    1.049784736654412E+05    8.004213523166165E+04    8.004213523166165E+04    2.175139591694050E-01    1.606747820681837E+04    3.555496568098826E+33    6.297410990690650E+13    1.246271000000000E-01    0.000000000000000E+00    5.517732000000000E-01    4.465968000000000E-02    2.155163000000000E-03    1.104507000000000E-01    1.079051000000000E-02    1.092256000000000E-04    2.723222000000000E-03    5.027091000000000E-02    5.134601000000000E-02    1.407924000000000E-02    1.957188000000000E-02    0.000000000000000E+00    0.000000000000000E+00    0.000000000000000E+00    0.000000000000000E+00    0.000000000000000E+00    3.249285000000000E-03    0.000000000000000E+00    1.399716000000000E-02   -1.926175212862000E+40    3.663233242038000E+14    1.760219578744500E+14
                       86    8.754706190580583E+30    3.559874052429168E+33    6.312066151104412E+13    3.181606542348975E+07    6.081510176529547E-10    1.052419042234765E+05    8.010427576138114E+04    8.010427576138114E+04    2.175779295921500E-01    1.602922957696087E+04    3.564280368702635E+33    6.326546627910545E+13    1.246356000000000E-01    0.000000000000000E+00    5.517772000000000E-01    4.465891000000000E-02    2.155233000000000E-03    1.104461000000000E-01    1.079039000000000E-02    1.092292000000000E-04    2.723233000000000E-03    5.026847000000000E-02    5.134350999999999E-02    1.407856000000000E-02    1.957093000000000E-02    0.000000000000000E+00    0.000000000000000E+00    0.000000000000000E+00    0.000000000000000E+00    0.000000000000000E+00    3.249128000000000E-03    0.000000000000000E+00    1.399690000000000E-02   -1.923381128313000E+40    3.663233242038000E+14    1.760219578744500E+14
                       87    8.813584995261823E+30    3.568686684976102E+33    6.341027104716678E+13    3.213786690235250E+07    6.081510176529547E-10    1.059498275227720E+05    8.022665140963413E+04    8.022665140963413E+04    2.176779295921500E-01    1.599141804857008E+04    3.573144699906207E+33    6.355582262153295E+13    1.246356000000000E-01    0.000000000000000E+00    5.517772000000000E-01    4.465891000000000E-02    2.155233000000000E-03    1.104461000000000E-01    1.079039000000000E-02    1.092292000000000E-04    2.723233000000000E-03    5.026847000000000E-02    5.134350999999999E-02    1.407856000000000E-02    1.957093000000000E-02    0.000000000000000E+00    0.000000000000000E+00    0.000000000000000E+00    0.000000000000000E+00    0.000000000000000E+00    3.249128000000000E-03    0.000000000000000E+00    1.399690000000000E-02   -1.916984086038500E+40    3.663233242038000E+14    1.760219578744500E+14
                       88    8.914329769770613E+30    3.577602714836312E+33    6.370137419589914E+13    3.246466838121525E+07    6.081510176529547E-10    1.066643011557071E+05    8.034930916289130E+04    8.034930916289130E+04    2.176779295921500E-01    1.595340939667816E+04    3.582169098104370E+33    6.385128266810502E+13    1.246370000000000E-01    0.000000000000000E+00    5.517779000000000E-01    4.465878000000000E-02    2.155245000000000E-03    1.104453000000000E-01    1.079037000000000E-02    1.092298000000000E-04    2.723235000000000E-03    5.026807000000000E-02    5.134310000000000E-02    1.407845000000000E-02    1.957077000000000E-02    0.000000000000000E+00    0.000000000000000E+00    0.000000000000000E+00    0.000000000000000E+00    0.000000000000000E+00    3.249101999999999E-03    0.000000000000000E+00    1.399686000000000E-02   -1.914190001489500E+40    3.656836199763500E+14    1.760219578744500E+14
                       89    9.134031164793909E+30    3.586735481372428E+33    6.400119114031088E+13    3.279146986007800E+07    6.063584191297977E-10    1.069301692066850E+05    8.041159294132606E+04    8.041159294132606E+04    2.185779295921500E-01    1.591421824707486E+04    3.591319760329322E+33    6.414901438850112E+13    1.252670000000000E-01    0.000000000000000E+00    5.520750000000000E-01    4.460085000000000E-02    2.160449000000000E-03    1.100995000000000E-01    1.078123000000000E-02    1.094935000000000E-04    2.724037000000000E-03    5.008645000000000E-02    5.115697999999999E-02    1.402732000000000E-02    1.949955000000000E-02    0.000000000000000E+00    0.000000000000000E+00    0.000000000000000E+00    0.000000000000000E+00    0.000000000000000E+00    3.237401000000000E-03    0.000000000000000E+00    1.397761000000000E-02   -1.907792959215000E+40    3.653233242038000E+14    1.760219578744500E+14
                       90    9.168090637469097E+30    3.595904039286217E+33    6.429683763669137E+13    3.310827133894075E+07    6.039645354946719E-10    1.076512537827496E+05    8.053453344990648E+04    8.053453344990648E+04    2.186419000148950E-01    1.587570774640420E+04    3.600505219727012E+33    6.444274587999456E+13    1.261094000000000E-01    0.000000000000000E+00    5.524723000000000E-01    4.452341000000000E-02    2.167407000000000E-03    1.096372000000000E-01    1.076900000000000E-02    1.098462000000000E-04    2.725109000000000E-03    4.984364000000000E-02    5.090815000000000E-02    1.395897000000000E-02    1.940434000000000E-02    0.000000000000000E+00    0.000000000000000E+00    0.000000000000000E+00    0.000000000000000E+00    0.000000000000000E+00    3.221757000000000E-03    0.000000000000000E+00    1.395188000000000E-02   -1.894998874666000E+40    3.636836199763500E+14    1.760219578744500E+14
                       91    9.202895763845795E+30    3.605106400167807E+33    6.458865412329777E+13    3.339507281780351E+07    6.035724552585081E-10    1.079195818805144E+05    8.059696080727887E+04    8.059696080727887E+04    2.186779295921500E-01    1.583771632092195E+04    3.608811801961853E+33    6.470538013976061E+13    1.261130000000000E-01    0.000000000000000E+00    5.524740000000000E-01    4.452308000000000E-02    2.167437000000000E-03    1.096352000000000E-01    1.076895000000000E-02    1.098477000000000E-04    2.725114000000000E-03    4.984260000000000E-02    5.090709000000000E-02    1.395867000000000E-02    1.940393000000000E-02    0.000000000000000E+00    0.000000000000000E+00    0.000000000000000E+00    0.000000000000000E+00    0.000000000000000E+00    3.221690000000000E-03    0.000000000000000E+00    1.395177000000000E-02   -1.884998874666000E+40    3.636836199763500E+14    1.760219578744500E+14
                       92    7.411038220456377E+30    3.612517203755899E+33    6.482210615622344E+13    3.364187429666625E+07    6.035724552585081E-10    1.086473385700138E+05    8.072018472300109E+04    8.072018472300109E+04    2.187419000148950E-01    1.580731261681090E+04    3.615920367249599E+33    6.492875590543019E+13    1.261130000000000E-01    0.000000000000000E+00    5.524740000000000E-01    4.452308000000000E-02    2.167437000000000E-03    1.096352000000000E-01    1.076895000000000E-02    1.098477000000000E-04    2.725114000000000E-03    4.984260000000000E-02    5.090709000000000E-02    1.395867000000000E-02    1.940393000000000E-02    0.000000000000000E+00    0.000000000000000E+00    0.000000000000000E+00    0.000000000000000E+00    0.000000000000000E+00    3.221690000000000E-03    0.000000000000000E+00    1.395177000000000E-02   -1.872204790117000E+40    3.633233242038000E+14    1.760219578744500E+14
                       93    6.805112068968430E+30    3.619323530743298E+33    6.503540565463695E+13    3.387367577552900E+07    6.035724552585081E-10    1.086473385700138E+05    8.072018472300109E+04    8.072018472300109E+04    2.187419000148950E-01    1.577953260207926E+04    3.622738624696223E+33    6.514194816228686E+13    1.261142000000000E-01    0.000000000000000E+00    5.524745000000000E-01    4.452298000000000E-02    2.167447000000000E-03    1.096345000000000E-01    1.076893000000000E-02    1.098482000000000E-04    2.725115000000000E-03    4.984227000000000E-02    5.090675000000000E-02    1.395858000000000E-02    1.940380000000000E-02    0.000000000000000E+00    0.000000000000000E+00    0.000000000000000E+00    0.000000000000000E+00    0.000000000000000E+00    3.221669000000000E-03    0.000000000000000E+00    1.395173000000000E-02   -1.865807747842500E+40    3.633233242038000E+14    1.760219578744500E+14
                       94    6.829847887759913E+30    3.626153718649146E+33    6.524849066993678E+13    3.410367577552900E+07    6.021842771329487E-10    1.089181494770986E+05    8.078275599029486E+04    8.078275599029486E+04    2.188058704376400E-01    1.575183481428762E+04    3.629576766241553E+33    6.535525453538942E+13    1.263371000000000E-01    0.000000000000000E+00    5.525760000000000E-01    4.450247000000000E-02    2.169276000000000E-03    1.095137000000000E-01    1.076567000000000E-02    1.099409000000000E-04    2.725394000000000E-03    4.977885000000000E-02    5.084174999999999E-02    1.394073000000000E-02    1.937893000000000E-02    0.000000000000000E+00    0.000000000000000E+00    0.000000000000000E+00    0.000000000000000E+00    0.000000000000000E+00    3.217584000000000E-03    0.000000000000000E+00    1.394493000000000E-02   -1.855807747842500E+40    3.626836199763500E+14    1.756616621019000E+14
                       95    6.846123022551576E+30    3.632999813833959E+33    6.546201840084208E+13    3.433547725439175E+07    6.007992917284813E-10    1.096526400163374E+05    8.090626396647972E+04    8.090626396647972E+04    2.188058704376400E-01    1.572414300302113E+04    3.636431809270784E+33    6.556901285904739E+13    1.272879000000000E-01    0.000000000000000E+00    5.530086000000000E-01    4.441502000000000E-02    2.177078000000000E-03    1.089980000000000E-01    1.075176000000000E-02    1.103363000000000E-04    2.726584000000000E-03    4.950829000000000E-02    5.056450000000000E-02    1.386456000000000E-02    1.927284000000000E-02    0.000000000000000E+00    0.000000000000000E+00    0.000000000000000E+00    0.000000000000000E+00    0.000000000000000E+00    3.200156000000000E-03    0.000000000000000E+00    1.391594000000000E-02   -1.843013663293500E+40    3.616836199763500E+14    1.750219578744500E+14
                       96    6.865331061902521E+30    3.639863804707609E+33    6.567600731725270E+13    3.456727873325449E+07    6.007992917284813E-10    1.096526400163374E+05    8.090626396647972E+04    8.090626396647972E+04    2.188419000148950E-01    1.569638663521828E+04    3.643304747988852E+33    6.578296393194380E+13    1.273519000000000E-01    0.000000000000000E+00    5.530377000000000E-01    4.440914000000000E-02    2.177603000000000E-03    1.089633000000000E-01    1.075082000000000E-02    1.103629000000000E-04    2.726664000000000E-03    4.949010000000000E-02    5.054585000000000E-02    1.385944000000000E-02    1.926571000000000E-02    0.000000000000000E+00    0.000000000000000E+00    0.000000000000000E+00    0.000000000000000E+00    0.000000000000000E+00    3.198984000000000E-03    0.000000000000000E+00    1.391399000000000E-02   -1.833013663293500E+40    3.616836199763500E+14    1.750219578744500E+14
                       97    6.882190789196169E+30    3.646745691270095E+33    6.588992054663489E+13    3.479408021211725E+07    6.007992917284813E-10    1.103939267128596E+05    8.103005665795408E+04    8.103005665795408E+04    2.198058704376400E-01    1.566851722688208E+04    3.650189617166144E+33    6.599633108275494E+13    1.273520000000000E-01    0.000000000000000E+00    5.530378000000000E-01    4.440913000000000E-02    2.177604000000000E-03    1.089632000000000E-01    1.075082000000000E-02    1.103629000000000E-04    2.726664000000000E-03    4.949007000000000E-02    5.054581999999999E-02    1.385943000000000E-02    1.926569000000000E-02    0.000000000000000E+00    0.000000000000000E+00    0.000000000000000E+00    0.000000000000000E+00    0.000000000000000E+00    3.198982000000000E-03    0.000000000000000E+00    1.391399000000000E-02   -1.820219578744500E+40    3.616836199763500E+14    1.750219578744500E+14
                       98    6.886807876915931E+30    3.653633543062193E+33    6.610274161887500E+13    3.501088169098000E+07    6.004099105536783E-10    1.106672434024157E+05    8.109277216691575E+04    8.109277216691575E+04    2.198058704376400E-01    1.564080929526141E+04    3.656698676877874E+33    6.619677324415053E+13    1.273524000000000E-01    0.000000000000000E+00    5.530380000000000E-01    4.440909000000000E-02    2.177607000000000E-03    1.089630000000000E-01    1.075081000000000E-02    1.103631000000000E-04    2.726664000000000E-03    4.948994000000000E-02    5.054569000000000E-02    1.385940000000000E-02    1.926565000000000E-02    0.000000000000000E+00    0.000000000000000E+00    0.000000000000000E+00    0.000000000000000E+00    0.000000000000000E+00    3.198974000000000E-03    0.000000000000000E+00    1.391397000000000E-02   -1.810219578744500E+40    3.616836199763500E+14    1.750219578744500E+14
                       99    6.130685197434935E+30    3.659763810693555E+33    6.629080486942606E+13    3.520768316984275E+07    6.004099105536783E-10    1.106672434024157E+05    8.109277216691575E+04    8.109277216691575E+04    2.198058704376400E-01    1.561632441915483E+04    3.662641039776456E+33    6.637884813715385E+13    1.274599000000000E-01    0.000000000000000E+00    5.530856000000000E-01    4.439921000000000E-02    2.178484000000000E-03    1.089052000000000E-01    1.074923000000000E-02    1.104076000000000E-04    2.726797000000000E-03    4.945966000000000E-02    5.051466000000000E-02    1.385087000000000E-02    1.925377000000000E-02    0.000000000000000E+00    0.000000000000000E+00    0.000000000000000E+00    0.000000000000000E+00    0.000000000000000E+00    3.197023000000000E-03    0.000000000000000E+00    1.391070000000000E-02   -1.800219578744500E+40    3.613233242038000E+14    1.750219578744500E+14
                      100    5.753947144463388E+30    3.665518268859356E+33    6.646689140488165E+13    3.539448464870550E+07    5.990290060790980E-10    1.106672434024157E+05    8.109277216691575E+04    8.109277216691575E+04    2.198058704376400E-01    1.559345152166662E+04    3.668397486352126E+33    6.655468414647728E+13    1.283895000000000E-01    0.000000000000000E+00    5.534976000000000E-01    4.431368000000000E-02    2.186077000000000E-03    1.084054000000000E-01    1.073555000000000E-02    1.107924000000000E-04    2.727946000000000E-03    4.919758000000000E-02    5.024608000000000E-02    1.377710000000000E-02    1.915100000000000E-02    0.000000000000000E+00    0.000000000000000E+00    0.000000000000000E+00    0.000000000000000E+00    0.000000000000000E+00    3.180143000000000E-03    0.000000000000000E+00    1.388239000000000E-02   -1.787425494195500E+40    3.606836199763500E+14    1.750219578744500E+14
                      101    5.759049404191600E+30    3.671276703844897E+33    6.664247688807291E+13    3.558448464870550E+07    5.990290060790980E-10    1.114153891402916E+05    8.121685023001637E+04    8.121685023001637E+04    2.198698408603850E-01    1.557063626760463E+04    3.674163874977151E+33    6.673009097521859E+13    1.286898000000000E-01    0.000000000000000E+00    5.536307000000000E-01    4.428605000000000E-02    2.188529000000000E-03    1.082439000000000E-01    1.073114000000000E-02    1.109166000000000E-04    2.728317000000000E-03    4.911293999999999E-02    5.015934000000000E-02    1.375327000000000E-02    1.911781000000000E-02    0.000000000000000E+00    0.000000000000000E+00    0.000000000000000E+00    0.000000000000000E+00    0.000000000000000E+00    3.174691000000000E-03    0.000000000000000E+00    1.387324000000000E-02   -1.777425494195500E+40    3.603233242038000E+14    1.750219578744500E+14
                      102    5.774781703088562E+30    3.677051046109404E+33    6.681770506236429E+13    3.577628612756825E+07    5.986414139482844E-10    1.114153891402916E+05    8.121685023001637E+04    8.121685023001637E+04    2.198698408603850E-01    1.554788359395881E+04    3.679948159291011E+33    6.690515622586858E+13    1.286939000000000E-01    0.000000000000000E+00    5.536325000000000E-01    4.428567000000000E-02    2.188562000000000E-03    1.082417000000000E-01    1.073108000000000E-02    1.109183000000000E-04    2.728322000000000E-03    4.911178000000000E-02    5.015816000000000E-02    1.375294000000000E-02    1.911736000000000E-02    0.000000000000000E+00    0.000000000000000E+00    0.000000000000000E+00    0.000000000000000E+00    0.000000000000000E+00    3.174617000000000E-03    0.000000000000000E+00    1.387312000000000E-02   -1.771028451921000E+40    3.603233242038000E+14    1.750219578744500E+14
                      103    5.793987754029636E+30    3.682845272472618E+33    6.699260738937286E+13    3.596488908529375E+07    5.986414139482844E-10    1.116912347980393E+05    8.127971031315741E+04    8.127971031315741E+04    2.199058704376400E-01    1.552516985541833E+04    3.685746362473967E+33    6.707967254319389E+13    1.286939000000000E-01    0.000000000000000E+00    5.536325000000000E-01    4.428567000000000E-02    2.188562000000000E-03    1.082417000000000E-01    1.073108000000000E-02    1.109183000000000E-04    2.728322000000000E-03    4.911178000000000E-02    5.015816000000000E-02    1.375294000000000E-02    1.911736000000000E-02    0.000000000000000E+00    0.000000000000000E+00    0.000000000000000E+00    0.000000000000000E+00    0.000000000000000E+00    3.174617000000000E-03    0.000000000000000E+00    1.387312000000000E-02   -1.761028451921000E+40    3.603233242038000E+14    1.750219578744500E+14
                      104    5.802207840435101E+30    3.688647452475315E+33    6.716673769701492E+13    3.614988908529375E+07    5.986414139482844E-10    1.124463030431958E+05    8.140407440573361E+04    8.140407440573361E+04    2.199698408603850E-01    1.550254904455612E+04    3.691550530886534E+33    6.725331184321775E+13    1.286940000000000E-01    0.000000000000000E+00    5.536325000000000E-01    4.428567000000000E-02    2.188563000000000E-03    1.082417000000000E-01    1.073107000000000E-02    1.109184000000000E-04    2.728322000000000E-03    4.911177000000000E-02    5.015814000000000E-02    1.375294000000000E-02    1.911735000000000E-02    0.000000000000000E+00    0.000000000000000E+00    0.000000000000000E+00    0.000000000000000E+00    0.000000000000000E+00    3.174616000000000E-03    0.000000000000000E+00    1.387312000000000E-02   -1.751028451921000E+40    3.603233242038000E+14    1.750219578744500E+14
                      105    5.806506782575550E+30    3.694453609297753E+33    6.733988598942058E+13    3.637988908529375E+07    5.986414139482844E-10    1.124463030431958E+05    8.140407440573361E+04    8.140407440573361E+04    2.205058704376400E-01    1.548000134719764E+04    3.698727696314819E+33    6.746661870639115E+13    1.287091000000000E-01    0.000000000000000E+00    5.536391000000001E-01    4.428427000000000E-02    2.188686000000000E-03    1.082336000000000E-01    1.073085000000000E-02    1.109246000000000E-04    2.728340000000000E-03    4.910754000000000E-02    5.015380999999999E-02    1.375175000000000E-02    1.911569000000000E-02    0.000000000000000E+00    0.000000000000000E+00    0.000000000000000E+00    0.000000000000000E+00    0.000000000000000E+00    3.174344000000000E-03    0.000000000000000E+00    1.387265000000000E-02   -1.744631409646500E+40    3.603233242038000E+14    1.756616621019000E+14
                      106    8.548183976180272E+30    3.703001783331884E+33    6.759335142336172E+13    3.662349204301925E+07    5.972645769030271E-10    1.124463030431958E+05    8.140407440573361E+04    8.140407440573361E+04    2.205698408603850E-01    1.544705983540406E+04    3.706414888874937E+33    6.769413203104341E+13    1.298901000000000E-01    0.000000000000000E+00    5.541483000000000E-01    4.417559000000000E-02    2.198283000000000E-03    1.076043000000000E-01    1.071338000000000E-02    1.114110000000000E-04    2.729781000000000E-03    4.877780000000000E-02    4.981589000000000E-02    1.365892000000000E-02    1.898639000000000E-02    0.000000000000000E+00    0.000000000000000E+00    0.000000000000000E+00    0.000000000000000E+00    0.000000000000000E+00    3.153108999999999E-03    0.000000000000000E+00    1.383673000000000E-02   -1.728234367372000E+40    3.593233242038000E+14    1.750219578744500E+14
                      107    6.824996167675410E+30    3.709827994417991E+33    6.779491263872509E+13    3.683209500074475E+07    5.958909064951004E-10    1.124463030431958E+05    8.140407440573361E+04    8.140407440573361E+04    2.205698408603850E-01    1.542092404976118E+04    3.713071090917100E+33    6.789048565782055E+13    1.303113000000000E-01    0.000000000000000E+00    5.543299000000000E-01    4.413683000000000E-02    2.201706000000000E-03    1.073798000000000E-01    1.070715000000000E-02    1.115845000000000E-04    2.730294000000000E-03    4.866019000000000E-02    4.969537000000000E-02    1.362581000000000E-02    1.894027000000000E-02    0.000000000000000E+00    0.000000000000000E+00    0.000000000000000E+00    0.000000000000000E+00    0.000000000000000E+00    3.145535000000000E-03    0.000000000000000E+00    1.382392000000000E-02   -1.718234367372000E+40    3.593233242038000E+14    1.750219578744500E+14
                      108    6.486886953261914E+30    3.716314187416208E+33    6.798605867691602E+13    3.701709500074475E+07    5.958909064951004E-10    1.134867558749992E+05    8.159173017774997E+04    8.159173017774997E+04    2.205698408603850E-01    1.539613825012208E+04    3.718949824699818E+33    6.806312634160183E+13    1.303167000000000E-01    0.000000000000000E+00    5.543322000000001E-01    4.413634000000000E-02    2.201750000000000E-03    1.073769000000000E-01    1.070707000000000E-02    1.115867000000000E-04    2.730301000000000E-03    4.865869000000000E-02    4.969383000000000E-02    1.362539000000000E-02    1.893968000000000E-02    0.000000000000000E+00    0.000000000000000E+00    0.000000000000000E+00    0.000000000000000E+00    0.000000000000000E+00    3.145438000000000E-03    0.000000000000000E+00    1.382376000000000E-02   -1.711837325097500E+40    3.593233242038000E+14    1.750219578744500E+14
                      109    5.271401825452256E+30    3.721585461983428E+33    6.814019400628763E+13    3.720209500074475E+07    5.958909064951004E-10    1.134867558749992E+05    8.159173017774997E+04    8.159173017774997E+04    2.205698408603850E-01    1.537615148459588E+04    3.724843471556567E+33    6.823479501768930E+13    1.303167000000000E-01    0.000000000000000E+00    5.543322000000001E-01    4.413634000000000E-02    2.201750000000000E-03    1.073769000000000E-01    1.070707000000000E-02    1.115867000000000E-04    2.730301000000000E-03    4.865868000000000E-02    4.969383000000000E-02    1.362539000000000E-02    1.893968000000000E-02    0.000000000000000E+00    0.000000000000000E+00    0.000000000000000E+00    0.000000000000000E+00    0.000000000000000E+00    3.145438000000000E-03    0.000000000000000E+00    1.382376000000000E-02   -1.701837325097500E+40    3.593233242038000E+14    1.746616621019000E+14
                      110    6.514583514350867E+30    3.728101481129706E+33    6.832939602909097E+13    3.738569795847025E+07    5.955059825297478E-10    1.134867558749992E+05    8.159173017774997E+04    8.159173017774997E+04    2.206338112831300E-01    1.535162730695482E+04    3.730750043077475E+33    6.840597943441952E+13    1.303167000000000E-01    0.000000000000000E+00    5.543322000000001E-01    4.413634000000000E-02    2.201750000000000E-03    1.073769000000000E-01    1.070707000000000E-02    1.115867000000000E-04    2.730301000000000E-03    4.865868000000000E-02    4.969383000000000E-02    1.362539000000000E-02    1.893968000000000E-02    0.000000000000000E+00    0.000000000000000E+00    0.000000000000000E+00    0.000000000000000E+00    0.000000000000000E+00    3.145438000000000E-03    0.000000000000000E+00    1.382376000000000E-02   -1.691837325097500E+40    3.583233242038000E+14    1.746616621019000E+14
                      111    5.297963004505041E+30    3.733398605025246E+33    6.848256283974805E+13    3.759249943733300E+07    5.955059825297478E-10    1.134867558749992E+05    8.159173017774997E+04    8.159173017774997E+04    2.206338112831300E-01    1.533177359373339E+04    3.737487769924336E+33    6.860004160021812E+13    1.303169000000000E-01    0.000000000000000E+00    5.543323000000000E-01    4.413631000000000E-02    2.201752000000000E-03    1.073768000000000E-01    1.070706000000000E-02    1.115868000000000E-04    2.730301000000000E-03    4.865860000000000E-02    4.969374000000000E-02    1.362537000000000E-02    1.893965000000000E-02    0.000000000000000E+00    0.000000000000000E+00    0.000000000000000E+00    0.000000000000000E+00    0.000000000000000E+00    3.145433000000000E-03    0.000000000000000E+00    1.382375000000000E-02   -1.685440282823000E+40    3.583233242038000E+14    1.746616621019000E+14
                      112    8.178327809771210E+30    3.741576934823427E+33    6.871752036068818E+13    3.785430091619575E+07    5.955059825297478E-10    1.142558618869094E+05    8.171666830889577E+04    8.171666830889577E+04    2.206338112831300E-01    1.530131778882610E+04    3.745910674136613E+33    6.884551122368859E+13    1.304557000000000E-01    0.000000000000000E+00    5.543903000000000E-01    4.412353000000000E-02    2.202874000000000E-03    1.073036000000000E-01    1.070499000000000E-02    1.116436000000000E-04    2.730468000000000E-03    4.862027000000000E-02    4.965446000000000E-02    1.361458000000000E-02    1.892462000000000E-02    0.000000000000000E+00    0.000000000000000E+00    0.000000000000000E+00    0.000000000000000E+00    0.000000000000000E+00    3.142964000000000E-03    0.000000000000000E+00    1.381953000000000E-02   -1.675440282823000E+40    3.583233242038000E+14    1.746616621019000E+14
                      113    8.668305804879011E+30    3.750244413449799E+33    6.897350208668899E+13    3.811610239505850E+07    5.927698810753546E-10    1.145368358983231E+05    8.177981854099742E+04    8.177981854099742E+04    2.219338112831300E-01    1.526809435920321E+04    3.754589089017275E+33    6.909096946320638E+13    1.316865000000000E-01    0.000000000000000E+00    5.549044000000000E-01    4.401024000000000E-02    2.212820000000000E-03    1.066542000000000E-01    1.068667000000000E-02    1.121478000000000E-04    2.731947000000000E-03    4.828030000000000E-02    4.930606999999999E-02    1.351887000000000E-02    1.879131000000000E-02    0.000000000000000E+00    0.000000000000000E+00    0.000000000000000E+00    0.000000000000000E+00    0.000000000000000E+00    3.121074000000001E-03    0.000000000000000E+00    1.378215000000000E-02   -1.659043240548500E+40    3.566836199763500E+14    1.746616621019000E+14
                      114    8.689092641667290E+30    3.758933764584750E+33    6.920843683972377E+13    3.837290387392125E+07    5.914065481809686E-10    1.145368358983231E+05    8.177981854099742E+04    8.177981854099742E+04    2.219338112831300E-01    1.523767170920797E+04    3.763283411176902E+33    6.933281434814286E+13    1.317952000000000E-01    0.000000000000000E+00    5.549498000000000E-01    4.400023000000000E-02    2.213698000000000E-03    1.065968000000000E-01    1.068505000000000E-02    1.121923000000000E-04    2.732078000000000E-03    4.825029000000000E-02    4.927531000000000E-02    1.351042000000000E-02    1.877954000000000E-02    0.000000000000000E+00    0.000000000000000E+00    0.000000000000000E+00    0.000000000000000E+00    0.000000000000000E+00    3.119142000000000E-03    0.000000000000000E+00    1.377885000000000E-02   -1.649043240548500E+40    3.563233242038000E+14    1.740219578744500E+14
                      115    8.698808012295519E+30    3.767633057769054E+33    6.945719185656194E+13    3.863650683164674E+07    5.900463508652286E-10    1.153130583605418E+05    8.190504468428044E+04    8.190504468428044E+04    2.219338112831300E-01    1.520553285486064E+04    3.771987675385882E+33    6.958118848550348E+13    1.317953000000000E-01    0.000000000000000E+00    5.549499000000000E-01    4.400023000000000E-02    2.213699000000000E-03    1.065968000000000E-01    1.068505000000000E-02    1.121923000000000E-04    2.732078000000000E-03    4.825027000000000E-02    4.927529000000000E-02    1.351042000000000E-02    1.877953000000000E-02    0.000000000000000E+00    0.000000000000000E+00    0.000000000000000E+00    0.000000000000000E+00    0.000000000000000E+00    3.119140000000000E-03    0.000000000000000E+00    1.377884000000000E-02   -1.639043240548500E+40    3.553233242038000E+14    1.736616621019000E+14
                      116    8.710277160429705E+30    3.776342293002711E+33    6.970518511444502E+13    3.889830831050950E+07    5.886892819165033E-10    1.153130583605418E+05    8.190504468428044E+04    8.190504468428044E+04    2.219338112831300E-01    1.517356515718827E+04    3.780704864259022E+33    6.982748913701833E+13    1.318009000000000E-01    0.000000000000000E+00    5.549520999999999E-01    4.399970000000000E-02    2.213745000000000E-03    1.065938000000000E-01    1.068497000000000E-02    1.121946000000000E-04    2.732085000000000E-03    4.824872000000000E-02    4.927370000000000E-02    1.350998000000000E-02    1.877892000000000E-02    0.000000000000000E+00    0.000000000000000E+00    0.000000000000000E+00    0.000000000000000E+00    0.000000000000000E+00    3.119040000000000E-03    0.000000000000000E+00    1.377867000000000E-02   -1.622646198274000E+40    3.546836199763500E+14    1.736616621019000E+14
                      117    8.723861976666315E+30    3.785067435515334E+33    6.994979315959163E+13    3.915830831050950E+07    5.856066020452634E-10    1.153130583605418E+05    8.190504468428044E+04    8.190504468428044E+04    2.219338112831300E-01    1.514220033732663E+04    3.789428018361775E+33    7.007252543553402E+13    1.327989000000000E-01    0.000000000000000E+00    5.553560000000000E-01    4.390781000000000E-02    2.221766000000000E-03    1.060724000000000E-01    1.067002000000000E-02    1.126012000000000E-04    2.733267000000000E-03    4.797595000000000E-02    4.899417000000000E-02    1.343320000000000E-02    1.867196000000000E-02    0.000000000000000E+00    0.000000000000000E+00    0.000000000000000E+00    0.000000000000000E+00    0.000000000000000E+00    3.101479000000000E-03    0.000000000000000E+00    1.374840000000000E-02   -1.612646198274000E+40    3.526836199763500E+14    1.730219578744500E+14
                      118    8.722199666014411E+30    3.793788601208216E+33    7.019525771147641E+13    3.942830831050950E+07    5.832921461388558E-10    1.155966321924739E+05    8.196834049270183E+04    8.196834049270183E+04    2.219338112831300E-01    1.511084670838347E+04    3.798473294863581E+33    7.032698023921580E+13    1.333330000000000E-01    0.000000000000000E+00    5.555722000000000E-01    4.385863000000000E-02    2.226059000000000E-03    1.057934000000000E-01    1.066202000000000E-02    1.128187000000000E-04    2.733900000000000E-03    4.782998000000000E-02    4.884458000000000E-02    1.339210000000000E-02    1.861472000000000E-02    0.000000000000000E+00    0.000000000000000E+00    0.000000000000000E+00    0.000000000000000E+00    0.000000000000000E+00    3.092082000000000E-03    0.000000000000000E+00    1.373220000000000E-02   -1.602646198274000E+40    3.510439157489000E+14    1.720219578744500E+14
                      119    9.368774880489039E+30    3.803157988518945E+33    7.045870276695522E+13    3.971010978937225E+07    5.815753145524021E-10    1.163800369527063E+05    8.209385531205877E+04    8.209385531205877E+04    2.219338112831300E-01    1.507729671737507E+04    3.807927189593814E+33    7.059331802684008E+13    1.333339000000000E-01    0.000000000000000E+00    5.555725000000000E-01    4.385855000000000E-02    2.226067000000000E-03    1.057929000000000E-01    1.066201000000000E-02    1.128191000000000E-04    2.733901000000000E-03    4.782973000000000E-02    4.884432000000000E-02    1.339203000000000E-02    1.861462000000000E-02    0.000000000000000E+00    0.000000000000000E+00    0.000000000000000E+00    0.000000000000000E+00    0.000000000000000E+00    3.092066000000000E-03    0.000000000000000E+00    1.373217000000000E-02   -1.586249155999500E+40    3.500439157489000E+14    1.720219578744500E+14
                      120    9.537751939710831E+30    3.812696390668683E+33    7.072793328672494E+13    3.998871274709775E+07    5.802377284465533E-10    1.163800369527063E+05    8.209385531205877E+04    8.209385531205877E+04    2.219977817058750E-01    1.504307632144321E+04    3.817473545383036E+33    7.086080336908700E+13    1.333341000000000E-01    0.000000000000000E+00    5.555726000000000E-01    4.385853000000000E-02    2.226068000000000E-03    1.057928000000000E-01    1.066200000000000E-02    1.128192000000000E-04    2.733901000000000E-03    4.782969000000000E-02    4.884429000000000E-02    1.339202000000000E-02    1.861461000000000E-02    0.000000000000000E+00    0.000000000000000E+00    0.000000000000000E+00    0.000000000000000E+00    0.000000000000000E+00    3.092063000000000E-03    0.000000000000000E+00    1.373217000000000E-02   -1.572646198274000E+40    3.490439157489000E+14    1.710219578744500E+14
                      121    9.555542242823965E+30    3.822250700097388E+33    7.099367345144906E+13    4.025051422596049E+07    5.775717782474436E-10    1.163800369527063E+05    8.209385531205877E+04    8.209385531205877E+04    2.227338112831300E-01    1.500934227339018E+04    3.826490984146652E+33    7.111134861591170E+13    1.336131000000000E-01    0.000000000000000E+00    5.556855000000001E-01    4.383284000000000E-02    2.228310000000000E-03    1.056470000000000E-01    1.065783000000000E-02    1.129328000000000E-04    2.734232000000000E-03    4.775344000000000E-02    4.876614000000000E-02    1.337055000000000E-02    1.858471000000000E-02    0.000000000000000E+00    0.000000000000000E+00    0.000000000000000E+00    0.000000000000000E+00    0.000000000000000E+00    3.087154000000000E-03    0.000000000000000E+00    1.372370000000000E-02   -1.556249155999500E+40    3.474042115214500E+14    1.710219578744500E+14
                      122    8.479192118896661E+30    3.830731268195915E+33    7.122902378037433E+13    4.045231570482325E+07    5.726458646515337E-10    1.171706904679372E+05    8.221965947295664E+04    8.221965947295664E+04    2.227338112831300E-01    1.497971715255514E+04    3.833258537141572E+33    7.130447364684038E+13    1.354250000000000E-01    0.000000000000000E+00    5.564188000000000E-01    4.366600000000000E-02    2.242875000000000E-03    1.047003000000000E-01    1.063069000000000E-02    1.136710000000000E-04    2.736379000000000E-03    4.725820000000000E-02    4.825863000000000E-02    1.323114000000000E-02    1.839051000000000E-02    0.000000000000000E+00    0.000000000000000E+00    0.000000000000000E+00    0.000000000000000E+00    0.000000000000000E+00    3.055270000000000E-03    0.000000000000000E+00    1.366874000000000E-02   -1.546249155999500E+40    3.447645072940000E+14    1.700219578744500E+14
                      123    5.055494316462250E+30    3.835785806087229E+33    7.137992351330642E+13    4.061911718368600E+07    5.709603687730211E-10    1.174568881762304E+05    8.228310119328578E+04    8.228310119328578E+04    2.227338112831300E-01    1.496077874321357E+04    3.838324011287176E+33    7.146384157736480E+13    1.354768000000000E-01    0.000000000000000E+00    5.564398000000000E-01    4.366123000000000E-02    2.243291000000000E-03    1.046732000000000E-01    1.062991000000000E-02    1.136920000000000E-04    2.736440000000000E-03    4.724405000000000E-02    4.824412000000000E-02    1.322716000000000E-02    1.838496000000000E-02    0.000000000000000E+00    0.000000000000000E+00    0.000000000000000E+00    0.000000000000000E+00    0.000000000000000E+00    3.054359000000000E-03    0.000000000000000E+00    1.366717000000000E-02   -1.536249155999500E+40    3.437645072940000E+14    1.693822536470000E+14
                      124    5.075935169933026E+30    3.840862216487121E+33    7.154775964142317E+13    4.085411718368600E+07    5.696471963649919E-10    1.174568881762304E+05    8.228310119328578E+04    8.228310119328578E+04    2.227338112831300E-01    1.493976231231810E+04    3.844990155378691E+33    7.168802791426619E+13    1.354955000000000E-01    0.000000000000000E+00    5.564471000000000E-01    4.365951000000000E-02    2.243441000000000E-03    1.046636000000000E-01    1.062963000000000E-02    1.136996000000000E-04    2.736462000000000E-03    4.723900000000000E-02    4.823895000000000E-02    1.322573000000000E-02    1.838298000000000E-02    0.000000000000000E+00    0.000000000000000E+00    0.000000000000000E+00    0.000000000000000E+00    0.000000000000000E+00    3.054034000000001E-03    0.000000000000000E+00    1.366660000000000E-02   -1.526249155999500E+40    3.431248030665500E+14    1.693822536470000E+14
                      125    8.257025095633699E+30    3.849118094270260E+33    7.182829618710922E+13    4.135272014141150E+07    5.683370441696912E-10    1.174568881762304E+05    8.228310119328578E+04    8.228310119328578E+04    2.227338112831300E-01    1.490471202598693E+04    3.858978618819051E+33    7.217199534849830E+13    1.356591000000000E-01    0.000000000000000E+00    5.565107000000000E-01    4.364444000000000E-02    2.244747000000000E-03    1.045791000000000E-01    1.062716000000000E-02    1.137658000000000E-04    2.736653000000000E-03    4.719485000000000E-02    4.819371000000000E-02    1.321331000000000E-02    1.836567000000000E-02    0.000000000000000E+00    0.000000000000000E+00    0.000000000000000E+00    0.000000000000000E+00    0.000000000000000E+00    3.051192000000000E-03    0.000000000000000E+00    1.366165000000000E-02   -1.499852113725000E+40    3.421248030665500E+14    1.683822536470000E+14
                      126    1.971999126353205E+31    3.868839143367843E+33    7.251569450988739E+13    4.226312457799975E+07    5.644246394770373E-10    1.182548575183631E+05    8.240919536272562E+04    8.240919536272562E+04    2.227338112831300E-01    1.481940933450079E+04    3.886312295106602E+33    7.306428294602153E+13    1.363902000000000E-01    0.000000000000000E+00    5.567946000000000E-01    4.357711000000000E-02    2.250582000000000E-03    1.042019000000000E-01    1.061613000000000E-02    1.140616000000000E-04    2.737503000000000E-03    4.699772000000000E-02    4.799169000000000E-02    1.315781000000000E-02    1.828837000000000E-02    0.000000000000000E+00    0.000000000000000E+00    0.000000000000000E+00    0.000000000000000E+00    0.000000000000000E+00    3.038504000000000E-03    0.000000000000000E+00    1.363951000000000E-02   -1.439852113725000E+40    3.394850988391000E+14    1.673822536470000E+14
                      127    3.494572683865574E+31    3.903785446845362E+33    7.361287138215567E+13    4.331852901458800E+07    5.592499632784320E-10    1.193490562429952E+05    8.259916817784484E+04    8.259916817784484E+04    2.227977817058750E-01    1.468443845760379E+04    3.921164149115262E+33    7.410107520706828E+13    1.376059000000000E-01    0.000000000000000E+00    5.572605000000000E-01    4.346513000000000E-02    2.260266000000000E-03    1.035770000000000E-01    1.059774000000000E-02    1.145524000000000E-04    2.738909000000000E-03    4.667126000000000E-02    4.765714000000000E-02    1.306591000000000E-02    1.816035000000000E-02    0.000000000000000E+00    0.000000000000000E+00    0.000000000000000E+00    0.000000000000000E+00    0.000000000000000E+00    3.017491000000000E-03    0.000000000000000E+00    1.360272000000000E-02   -1.313455071450500E+40    3.368453946116500E+14    1.667425494195500E+14
                      128    3.475800106276313E+31    3.938542851385164E+33    7.458927903198089E+13    4.438073493003900E+07    5.618313438221256E-10    1.193490562429952E+05    8.259916817784484E+04    8.259916817784484E+04    2.228977817058750E-01    1.456371756780052E+04    3.959394311494238E+33    7.514127142961944E+13    1.386656000000000E-01    0.000000000000000E+00    5.576515000000000E-01    4.336750000000000E-02    2.268656000000000E-03    1.030383000000000E-01    1.058162000000000E-02    1.149775000000000E-04    2.740115000000000E-03    4.639006000000000E-02    4.736896000000000E-02    1.298675000000000E-02    1.805008000000000E-02    0.000000000000000E+00    0.000000000000000E+00    0.000000000000000E+00    0.000000000000000E+00    0.000000000000000E+00    2.999394000000000E-03    0.000000000000000E+00    1.357069000000000E-02   -1.208499212266200E+40    3.384850988391000E+14    1.673822536470000E+14
                      129    4.170268160896573E+31    3.980245771603314E+33    7.569326382725797E+13    4.565974232435275E+07    5.689145317207059E-10    1.204533794637710E+05    8.278957892553120E+04    8.278957892553120E+04    2.256977817058750E-01    1.442379904784336E+04    4.008248547812354E+33    7.639195703354619E+13    1.401637000000000E-01    0.000000000000000E+00    5.581880000000000E-01    4.322946000000000E-02    2.280460000000000E-03    1.022831000000000E-01    1.055871000000000E-02    1.155758000000000E-04    2.741799000000000E-03    4.599612000000000E-02    4.696526000000000E-02    1.287585000000000E-02    1.789561000000000E-02    0.000000000000000E+00    0.000000000000000E+00    0.000000000000000E+00    0.000000000000000E+00    0.000000000000000E+00    2.974044000000000E-03    0.000000000000000E+00    1.352547000000000E-02   -1.109219803811300E+40    3.424042115214500E+14    1.700219578744500E+14
                      130    5.600682500039853E+31    4.036251324021394E+33    7.709065023983441E+13    4.712555119752925E+07    5.787485855247832E-10    1.215679208615010E+05    8.298042861532362E+04    8.298042861532362E+04    2.258617521286200E-01    1.424353206611165E+04    4.067345083374436E+33    7.781999692728667E+13    1.423740000000000E-01    0.000000000000000E+00    5.589636000000000E-01    4.302578000000000E-02    2.297821000000000E-03    1.011752000000000E-01    1.052480000000000E-02    1.164557000000000E-04    2.744263000000000E-03    4.541851000000000E-02    4.637332000000000E-02    1.271324000000000E-02    1.766910000000000E-02    0.000000000000000E+00    0.000000000000000E+00    0.000000000000000E+00    0.000000000000000E+00    0.000000000000000E+00    2.936878000000000E-03    0.000000000000000E+00    1.345881000000000E-02   -1.003455071450500E+40    3.483233242038000E+14    1.733013663293500E+14
                      131    6.218743916968669E+31    4.098438842727477E+33    7.854934361473895E+13    4.873136007070576E+07    5.891312958948390E-10    1.223958367289160E+05    8.310768951974832E+04    8.310768951974832E+04    2.260257225513650E-01    1.405185015410863E+04    4.136094354653822E+33    7.938495751701119E+13    1.448880000000000E-01    0.000000000000000E+00    5.598143000000000E-01    4.279409000000000E-02    2.317460000000000E-03    9.992753999999998E-02    1.048603000000000E-02    1.174510000000000E-04    2.747024000000000E-03    4.476850000000000E-02    4.570720000000000E-02    1.253026000000000E-02    1.741421000000000E-02    0.000000000000000E+00    0.000000000000000E+00    0.000000000000000E+00    0.000000000000000E+00    0.000000000000000E+00    2.895060000000000E-03    0.000000000000000E+00    1.338308000000000E-02   -8.805727052701000E+39    3.546027326587000E+14    1.775807747842500E+14
                      132    7.530985069086494E+31    4.173749866580165E+33    8.022057141928342E+13    5.046216894388226E+07    5.973269286015821E-10    1.232314132075325E+05    8.323524379085560E+04    8.323524379085560E+04    2.261617521286200E-01    1.382905262547163E+04    4.214248804621608E+33    8.107119796842059E+13    1.480057000000000E-01    0.000000000000000E+00    5.608161000000000E-01    4.250673000000000E-02    2.341630000000000E-03    9.840128000000001E-02    1.043759000000000E-02    1.186759000000000E-04    2.750379000000000E-03    4.397424000000000E-02    4.489324000000000E-02    1.230666000000000E-02    1.710275000000000E-02    0.000000000000000E+00    0.000000000000000E+00    0.000000000000000E+00    0.000000000000000E+00    0.000000000000000E+00    2.843969000000000E-03    0.000000000000000E+00    1.328933000000000E-02   -7.356461982740000E+39    3.601615495685000E+14    1.812204790117000E+14
                      133    8.099879075142560E+31    4.254747742663050E+33    8.192182451755777E+13    5.210617633819601E+07    6.048640619158800E-10    1.243716594350110E+05    8.342712084426562E+04    8.342712084426562E+04    2.263257225513650E-01    1.359924965093007E+04    4.292379393670945E+33    8.267308812554103E+13    1.514018000000000E-01    0.000000000000000E+00    5.618360999999999E-01    4.219367000000000E-02    2.367710000000000E-03    9.676695000000000E-02    1.038436000000000E-02    1.199977000000000E-04    2.753942000000000E-03    4.312483000000000E-02    4.402276000000000E-02    1.206754000000000E-02    1.676967000000000E-02    0.000000000000000E+00    0.000000000000000E+00    0.000000000000000E+00    0.000000000000000E+00    0.000000000000000E+00    2.789343000000000E-03    0.000000000000000E+00    1.318744000000000E-02   -5.787196912779001E+39    3.644409580234000E+14    1.844998874666000E+14
                      134    7.526344120448285E+31    4.330011044678842E+33    8.342435173352431E+13    5.373698521137249E+07    6.086691871626246E-10    1.243716594350110E+05    8.342712084426562E+04    8.342712084426562E+04    2.263896929741100E-01    1.339496343615883E+04    4.374104033561570E+33    8.426847164481806E+13    1.544795000000000E-01    0.000000000000000E+00    5.626935000000000E-01    4.190995000000000E-02    2.391108000000000E-03    9.531228999999999E-02    1.033569000000000E-02    1.211836000000000E-04    2.757084000000000E-03    4.236993000000000E-02    4.324914000000000E-02    1.185502000000000E-02    1.647364000000000E-02    0.000000000000000E+00    0.000000000000000E+00    0.000000000000000E+00    0.000000000000000E+00    0.000000000000000E+00    2.740806000000000E-03    0.000000000000000E+00    1.309531000000000E-02   -4.319012730135651E+39    3.667203664783000E+14    1.861395916940500E+14
                      135    8.818589822906370E+31    4.418197022444300E+33    8.511259155611183E+13    5.532779408454899E+07    6.082824864689748E-10    1.252227704401911E+05    8.355526387913758E+04    8.355526387913758E+04    2.263896929741100E-01    1.316558405622757E+04    4.456768197116102E+33    8.582339250942080E+13    1.585578000000000E-01    0.000000000000000E+00    5.637470999999999E-01    4.153403000000000E-02    2.421819000000000E-03    9.341741000000001E-02    1.027066000000000E-02    1.227400000000000E-04    2.761142000000000E-03    4.138793000000000E-02    4.224278000000000E-02    1.157857000000000E-02    1.608856000000000E-02    0.000000000000000E+00    0.000000000000000E+00    0.000000000000000E+00    0.000000000000000E+00    0.000000000000000E+00    2.677679000000000E-03    0.000000000000000E+00    1.297348000000000E-02   -2.578666772857001E+39    3.667203664783000E+14    1.877792959215000E+14
                      136    7.714248853229252E+31    4.495339371787902E+33    8.653419346272977E+13    5.688680147886275E+07    6.064985516068850E-10    1.252227704401911E+05    8.355526387913758E+04    8.355526387913758E+04    2.263896929741100E-01    1.297301594737403E+04    4.540391768433244E+33    8.734409087916756E+13    1.624371000000000E-01    0.000000000000000E+00    5.646787000000000E-01    4.117648000000000E-02    2.450778000000000E-03    9.164290000000000E-02    1.020836000000000E-02    1.242077000000000E-04    2.764911000000000E-03    4.046946000000000E-02    4.130153000000000E-02    1.132001000000000E-02    1.572839000000000E-02    0.000000000000000E+00    0.000000000000000E+00    0.000000000000000E+00    0.000000000000000E+00    0.000000000000000E+00    2.618646000000000E-03    0.000000000000000E+00    1.285782000000000E-02   -1.193813533798002E+39    3.653600707057500E+14    1.884190001489500E+14
                      137    9.010497224757053E+31    4.585444165078584E+33    8.815398829560536E+13    5.848080887317650E+07    5.981770795149126E-10    1.252227704401911E+05    8.355526387913758E+04    8.355526387913758E+04    2.368536633968550E-01    1.274661452990296E+04    4.627891744793310E+33    8.890300725715698E+13    1.667549000000000E-01    0.000000000000000E+00    5.656305000000000E-01    4.077858000000000E-02    2.482703000000000E-03    8.970156999999999E-02    1.013848000000000E-02    1.258256000000000E-04    2.768997000000000E-03    3.946601000000000E-02    4.027319000000000E-02    1.103752000000000E-02    1.533490000000000E-02    0.000000000000000E+00    0.000000000000000E+00    0.000000000000000E+00    0.000000000000000E+00    0.000000000000000E+00    2.554164000000000E-03    0.000000000000000E+00    1.272935000000000E-02    4.010397052609983E+38    3.600806622508500E+14    1.867792959215000E+14
                      138    8.489428452911015E+31    4.670339324508036E+33    8.965202621870861E+13    6.011301478862751E+07    5.868872612403937E-10    1.252227704401911E+05    8.355526387913758E+04    8.355526387913758E+04    2.366896929741100E-01    1.254133112837476E+04    4.719291987114753E+33    9.050184532697178E+13    1.706367000000000E-01    0.000000000000000E+00    5.663984000000000E-01    4.042095000000000E-02    2.511083000000000E-03    8.799107000000000E-02    1.007511000000000E-02    1.272640000000000E-04    2.772559000000000E-03    3.858329000000000E-02    3.936857000000000E-02    1.078902000000000E-02    1.498875000000000E-02    0.000000000000000E+00    0.000000000000000E+00    0.000000000000000E+00    0.000000000000000E+00    0.000000000000000E+00    2.497452000000000E-03    0.000000000000000E+00    1.261413000000000E-02    1.980944479449449E+39    3.534409580234000E+14    1.847792959215000E+14
                      139    9.790443042898878E+31    4.768244649721469E+33    9.135166443523495E+13    6.151841922521575E+07    5.744868032928704E-10    1.249258321852948E+05    8.349123513979773E+04    8.349123513979773E+04    2.365536633968550E-01    1.231347997557466E+04    4.799071962151835E+33    9.187949748979700E+13    1.752249000000000E-01    0.000000000000000E+00    5.672004000000000E-01    3.999839000000000E-02    2.544237000000000E-03    8.601116000000000E-02    9.999549999999999E-03    1.289443000000000E-04    2.776635000000000E-03    3.756331000000000E-02    3.832329000000000E-02    1.050187000000000E-02    1.458877000000000E-02    0.000000000000000E+00    0.000000000000000E+00    0.000000000000000E+00    0.000000000000000E+00    0.000000000000000E+00    2.431936000000000E-03    0.000000000000000E+00    1.247826000000000E-02    3.720378718359499E+39    3.455218453410500E+14    1.821395916940500E+14
                      140    6.165605651584135E+31    4.829899274582203E+33    9.240733054435903E+13    6.260202218294125E+07    5.649446355425740E-10    1.249258321852948E+05    8.349123513979773E+04    8.349123513979773E+04    2.364176338196000E-01    1.217439481864882E+04    4.861513997321367E+33    9.294420327752503E+13    1.782512000000000E-01    0.000000000000000E+00    5.676736000000000E-01    3.971977000000000E-02    2.565897000000000E-03    8.472735000000001E-02    9.949374000000000E-03    1.300420000000000E-04    2.779252000000000E-03    3.690287000000000E-02    3.764646000000000E-02    1.031595000000000E-02    1.432978000000000E-02    0.000000000000000E+00    0.000000000000000E+00    0.000000000000000E+00    0.000000000000000E+00    0.000000000000000E+00    2.389521000000000E-03    0.000000000000000E+00    1.238882000000000E-02    4.781628999692998E+39    3.402424368861500E+14    1.794998874666000E+14
                      141    6.322902791225446E+31    4.893128720060530E+33    9.348107601069103E+13    6.370742661952950E+07    5.559117955140688E-10    1.246316162766831E+05    8.342735366247194E+04    8.342735366247194E+04    2.363176338196000E-01    1.203524681456089E+04    4.925696885332693E+33    9.403011489626909E+13    1.814221000000000E-01    0.000000000000000E+00    5.681269000000000E-01    3.942793000000000E-02    2.588431000000000E-03    8.339903999999999E-02    9.896544000000000E-03    1.311840000000000E-04    2.781941000000000E-03    3.622025000000000E-02    3.694690000000000E-02    1.012378000000000E-02    1.406210000000000E-02    0.000000000000000E+00    0.000000000000000E+00    0.000000000000000E+00    0.000000000000000E+00    0.000000000000000E+00    2.345687000000000E-03    0.000000000000000E+00    1.229524000000000E-02    5.834864492398998E+39    3.346027326587000E+14    1.774998874666000E+14
                      142    6.513549541218104E+31    4.958265050604857E+33    9.457915378184717E+13    6.480283105611776E+07    5.466787332534639E-10    1.246316162766831E+05    8.342735366247194E+04    8.342735366247194E+04    2.361816042423450E-01    1.189539279582711E+04    4.989926500975982E+33    9.510937660885862E+13    1.847088000000000E-01    0.000000000000000E+00    5.685513000000000E-01    3.912553000000000E-02    2.611616000000000E-03    8.204027999999999E-02    9.841509999999999E-03    1.323591000000000E-04    2.784670000000000E-03    3.552274000000000E-02    3.623209000000000E-02    9.927411000000001E-03    1.378857000000000E-02    0.000000000000000E+00    0.000000000000000E+00    0.000000000000000E+00    0.000000000000000E+00    0.000000000000000E+00    2.300902000000000E-03    0.000000000000000E+00    1.219837000000000E-02    6.938908858281499E+39    3.293233242038001E+14    1.758601832391500E+14
                      143    6.332349726521132E+31    5.021587951347106E+33    9.563959943587009E+13    6.604643401384325E+07    5.388388830128803E-10    1.246316162766831E+05    8.342735366247194E+04    8.342735366247194E+04    2.359816042423450E-01    1.176238698250158E+04    5.063193439481592E+33    9.633174250690491E+13    1.879041000000000E-01    0.000000000000000E+00    5.689185000000000E-01    3.883165000000000E-02    2.633983000000000E-03    8.073727999999999E-02    9.787739000000000E-03    1.334926000000000E-04    2.787267000000000E-03    3.485459000000000E-02    3.554737000000000E-02    9.739315000000000E-03    1.352657000000000E-02    0.000000000000000E+00    0.000000000000000E+00    0.000000000000000E+00    0.000000000000000E+00    0.000000000000000E+00    2.258009000000000E-03    0.000000000000000E+00    1.210434000000000E-02    8.042953224163998E+39    3.240439157489001E+14    1.738601832391500E+14
                      144    8.321161256013064E+31    5.104798927616079E+33    9.702388557793975E+13    6.756183845043150E+07    5.277872896599257E-10    1.243400977557348E+05    8.336361910846687E+04    8.336361910846687E+04    2.358455746650900E-01    1.159242183637255E+04    5.153103368604946E+33    9.782283883302472E+13    1.921151000000000E-01    0.000000000000000E+00    5.693351000000000E-01    3.844455000000000E-02    2.663200000000000E-03    7.904688000000000E-02    9.716480000000000E-03    1.349734000000000E-04    2.790604000000000E-03    3.398893000000000E-02    3.466023000000000E-02    9.495615000000001E-03    1.318710000000000E-02    0.000000000000000E+00    0.000000000000000E+00    0.000000000000000E+00    0.000000000000000E+00    0.000000000000000E+00    2.202443000000000E-03    0.000000000000000E+00    1.198063000000000E-02    9.304570970516998E+39    3.177645072940001E+14    1.712204790117000E+14
                      145    9.660920012331480E+31    5.201407809593814E+33    9.862179208810967E+13    6.907724288701975E+07    5.154495110487147E-10    1.232001408874714E+05    8.317188810499641E+04    8.317188810499641E+04    2.469816042423450E-01    1.139179403442435E+04    5.243798719627226E+33    9.931932518855941E+13    1.970353000000000E-01    0.000000000000000E+00    5.697256000000001E-01    3.799253000000000E-02    2.696963000000000E-03    7.710997999999999E-02    9.632659000000000E-03    1.366845000000000E-04    2.794383000000000E-03    3.299868000000000E-02    3.364541000000000E-02    9.216838000000000E-03    1.279878000000000E-02    0.000000000000000E+00    0.000000000000000E+00    0.000000000000000E+00    0.000000000000000E+00    0.000000000000000E+00    2.138890000000000E-03    0.000000000000000E+00    1.183638000000000E-02    1.079817392824250E+40    3.104850988391000E+14    1.685807747842500E+14
                      146    8.478185983502088E+31    5.286189629660638E+33    1.000168582890091E+14    7.055764732360801E+07    5.022428853272405E-10    1.232001408874714E+05    8.317188810499641E+04    8.317188810499641E+04    2.467816042423450E-01    1.122126138371586E+04    5.332856615120986E+33    1.007806292968764E+14    2.013504000000000E-01    0.000000000000000E+00    5.699843000000000E-01    3.759638000000000E-02    2.726245000000000E-03    7.544457000000000E-02    9.558663000000000E-03    1.381686000000000E-04    2.797592000000000E-03    3.214865000000000E-02    3.277429000000000E-02    8.977535000000000E-03    1.246545000000000E-02    0.000000000000000E+00    0.000000000000000E+00    0.000000000000000E+00    0.000000000000000E+00    0.000000000000000E+00    2.084346000000000E-03    0.000000000000000E+00    1.171012000000000E-02    1.233420350549750E+40    3.025659861567500E+14    1.649410705568000E+14
                      147    9.333381184790613E+31    5.379523600581334E+33    1.015444003047436E+14    7.194305176019625E+07    4.899887760906948E-10    1.229139431791782E+05    8.310844638466729E+04    8.310844638466729E+04    2.465455746650900E-01    1.103924540714377E+04    5.416840088624723E+33    1.021517568002047E+14    2.060814000000000E-01    0.000000000000000E+00    5.701785000000000E-01    3.716237000000000E-02    2.757996000000000E-03    7.365418000000000E-02    9.477028000000000E-03    1.397778000000000E-04    2.800998000000000E-03    3.123634000000000E-02    3.183935000000000E-02    8.720702000000000E-03    1.210769000000000E-02    0.000000000000000E+00    0.000000000000000E+00    0.000000000000000E+00    0.000000000000000E+00    0.000000000000000E+00    2.025815000000000E-03    0.000000000000000E+00    1.157196000000000E-02    1.400221829412500E+40    2.952865777018500E+14    1.623013663293500E+14
                      148    7.463228014332587E+31    5.454156576668113E+33    1.027591132956658E+14    7.310485323905900E+07    4.804430449112788E-10    1.217870613746638E+05    8.291730226217573E+04    8.291730226217573E+04    2.463095450878350E-01    1.089747243076521E+04    5.487615549562350E+33    1.033015071143289E+14    2.098648000000000E-01    0.000000000000000E+00    5.702671000000000E-01    3.681554000000000E-02    2.783121000000000E-03    7.224890000000000E-02    9.411368000000000E-03    1.410511000000000E-04    2.803640000000000E-03    3.052141000000000E-02    3.110668000000000E-02    8.519433999999999E-03    1.182734000000000E-02    0.000000000000000E+00    0.000000000000000E+00    0.000000000000000E+00    0.000000000000000E+00    0.000000000000000E+00    1.979954000000000E-03    0.000000000000000E+00    1.146168000000000E-02    1.536618871687000E+40    2.890071692469500E+14    1.596616621019000E+14
                      149    6.691798555666960E+31    5.521074522456586E+33    1.038439009329920E+14    7.448165471792175E+07    4.716739710799060E-10    1.217870613746638E+05    8.291730226217573E+04    8.291730226217573E+04    2.461735155105800E-01    1.077323694665403E+04    5.572049397901801E+33    1.046674057847096E+14    2.132689000000000E-01    0.000000000000000E+00    5.702981000000000E-01    3.650369000000000E-02    2.805530000000000E-03    7.100392000000000E-02    9.352020000000001E-03    1.421868000000000E-04    2.805956000000000E-03    2.988888000000000E-02    3.045845000000000E-02    8.341361000000000E-03    1.157930000000000E-02    0.000000000000000E+00    0.000000000000000E+00    0.000000000000000E+00    0.000000000000000E+00    0.000000000000000E+00    1.939384000000000E-03    0.000000000000000E+00    1.136260000000000E-02    1.666618871687000E+40    2.837277607920500E+14    1.576616621019000E+14
                      150    1.019499696155162E+32    5.623024273347016E+33    1.054909106364272E+14    7.618886063337275E+07    4.606493723244263E-10    1.206705108846337E+05    8.272659775896679E+04    8.272659775896679E+04    2.459735155105800E-01    1.058917360279724E+04    5.677756249242916E+33    1.063706632512989E+14    2.184908000000000E-01    0.000000000000000E+00    5.702591000000000E-01    3.602567000000000E-02    2.839554000000000E-03    6.912841000000000E-02    9.260503000000000E-03    1.439112000000000E-04    2.809401000000000E-03    2.893752000000000E-02    2.948349000000000E-02    8.073533000000001E-03    1.120623000000000E-02    0.000000000000000E+00    0.000000000000000E+00    0.000000000000000E+00    0.000000000000000E+00    0.000000000000000E+00    1.878372000000000E-03    0.000000000000000E+00    1.121088000000000E-02    1.873015913961500E+40    2.774483523371500E+14    1.550219578744500E+14
                      151    1.094636336462191E+32    5.732488225138815E+33    1.072504158661707E+14    7.796106654882374E+07    4.480953980631871E-10    1.203921128584400E+05    8.266359276836849E+04    8.266359276836849E+04    2.456735155105800E-01    1.039811978001927E+04    5.788079194098855E+33    1.081393657738080E+14    2.241538000000000E-01    0.000000000000000E+00    5.701018000000000E-01    3.550784000000000E-02    2.875977000000000E-03    6.714021000000001E-02    9.160633000000000E-03    1.457571000000000E-04    2.812996000000000E-03    2.793106000000000E-02    2.845206000000000E-02    7.790194000000000E-03    1.081155000000000E-02    0.000000000000000E+00    0.000000000000000E+00    0.000000000000000E+00    0.000000000000000E+00    0.000000000000000E+00    1.813839000000000E-03    0.000000000000000E+00    1.104668000000000E-02    2.112207040785000E+40    2.695292396548000E+14    1.517425494195500E+14
                      152    1.111814607017125E+32    5.843670163058896E+33    1.090283156814454E+14    7.983827246427475E+07    4.358835544531995E-10    1.192883513332773E+05    8.247347178080273E+04    8.247347178080273E+04    2.454014563560700E-01    1.021052797220500E+04    5.905841774486011E+33    1.100176683221579E+14    2.299411000000000E-01    0.000000000000000E+00    5.698220000000001E-01    3.497925000000000E-02    2.912702000000000E-03    6.515566000000000E-02    9.057937000000000E-03    1.476184000000000E-04    2.816522000000000E-03    2.692860000000000E-02    2.742473000000000E-02    7.507979000000000E-03    1.041845000000000E-02    0.000000000000000E+00    0.000000000000000E+00    0.000000000000000E+00    0.000000000000000E+00    0.000000000000000E+00    1.749572000000000E-03    0.000000000000000E+00    1.087924000000000E-02    2.335001125334000E+40    2.622498311999000E+14    1.491028451921000E+14
                      153    1.243445948570427E+32    5.968013385913128E+33    1.110070209628704E+14    8.152547837972575E+07    4.227654733088931E-10    1.181947091546028E+05    8.228378805937443E+04    8.228378805937443E+04    2.590374859333250E-01    9.996805075663211E+03    6.012688978887972E+33    1.117138845531741E+14    2.364303000000000E-01    0.000000000000000E+00    5.693671000000000E-01    3.438733000000000E-02    2.953286000000000E-03    6.298657000000001E-02    8.942044000000000E-03    1.496752000000000E-04    2.820303000000000E-03    2.583547000000000E-02    2.630448000000000E-02    7.200238999999999E-03    9.989787000000000E-03    0.000000000000000E+00    0.000000000000000E+00    0.000000000000000E+00    0.000000000000000E+00    0.000000000000000E+00    1.679504000000000E-03    0.000000000000000E+00    1.069190000000000E-02    2.590589294432000E+40    2.546910142901000E+14    1.454631409646500E+14
                      154    8.935114618149019E+31    6.057364571862816E+33    1.124207481434778E+14    8.317408133745125E+07    4.131421562524508E-10    1.171110935476905E+05    8.209454059839937E+04    8.209454059839937E+04    2.588014563560700E-01    9.847700893822994E+03    6.118196989242017E+33    1.133798390012818E+14    2.411015000000000E-01    0.000000000000000E+00    5.689483000000000E-01    3.396179000000000E-02    2.982108000000000E-03    6.146154000000000E-02    8.858151000000000E-03    1.511359000000000E-04    2.822912000000000E-03    2.506858000000000E-02    2.551857000000000E-02    6.984345000000001E-03    9.689061000000001E-03    0.000000000000000E+00    0.000000000000000E+00    0.000000000000000E+00    0.000000000000000E+00    0.000000000000000E+00    1.630356000000000E-03    0.000000000000000E+00    1.055733000000000E-02    2.806986336706500E+40    2.490513100626500E+14    1.428234367372000E+14
                      155    1.216645762651184E+32    6.179029406621217E+33    1.143389298590859E+14    8.497128725290224E+07    4.018828855198007E-10    1.157715445373990E+05    8.184344461607147E+04    8.184344461607147E+04    2.584654267788150E-01    9.651141960916026E+03    6.234212751557766E+33    1.152048627554752E+14    2.474672000000000E-01    0.000000000000000E+00    5.682578000000000E-01    3.338263000000000E-02    3.020866000000000E-03    5.943090000000000E-02    8.743216999999999E-03    1.531003000000000E-04    2.826322000000000E-03    2.404965000000000E-02    2.447437000000000E-02    6.697496000000001E-03    9.289499999999999E-03    0.000000000000000E+00    0.000000000000000E+00    0.000000000000000E+00    0.000000000000000E+00    0.000000000000000E+00    1.565065000000000E-03    0.000000000000000E+00    1.037428000000000E-02    3.122574505804500E+40    2.421321973803000E+14    1.401837325097500E+14
                      156    1.103661331183315E+32    6.289396096494314E+33    1.160707956518645E+14    8.665669168949050E+07    3.915876573149945E-10    1.147101446372310E+05    8.165520991691216E+04    8.165520991691216E+04    2.581654267788150E-01    9.478419602152173E+03    6.343910341509371E+33    1.169227861170335E+14    2.532381000000000E-01    0.000000000000000E+00    5.675141000000000E-01    3.285838000000000E-02    3.055486000000000E-03    5.763689000000000E-02    8.638440000000001E-03    1.548548000000000E-04    2.829270000000000E-03    2.315166000000000E-02    2.355411000000000E-02    6.444693000000000E-03    8.937364999999999E-03    0.000000000000000E+00    0.000000000000000E+00    0.000000000000000E+00    0.000000000000000E+00    0.000000000000000E+00    1.507533000000000E-03    0.000000000000000E+00    1.020869000000000E-02    3.421765632628000E+40    2.358527889254000E+14    1.375440282823000E+14
                      157    1.090290070166819E+32    6.398424586524428E+33    1.177747765822025E+14    8.832209612607875E+07    3.817939081401467E-10    1.136584757098382E+05    8.146740814554725E+04    8.146740814554725E+04    2.578293972015600E-01    9.312927786939743E+03    6.453246040864509E+33    1.186284714507864E+14    2.589110000000000E-01    0.000000000000000E+00    5.666751000000000E-01    3.234379000000000E-02    3.089037000000000E-03    5.591628000000000E-02    8.534917000000000E-03    1.565552000000000E-04    2.832037000000000E-03    2.229247000000000E-02    2.267361000000000E-02    6.202813999999999E-03    8.600445000000000E-03    0.000000000000000E+00    0.000000000000000E+00    0.000000000000000E+00    0.000000000000000E+00    0.000000000000000E+00    1.452494000000000E-03    0.000000000000000E+00    1.004623000000000E-02    3.730956759451500E+40    2.299336762430500E+14    1.349043240548500E+14
                      158    1.096421332003116E+32    6.508067495204590E+33    1.194821663193702E+14    8.998430204152974E+07    3.722451041802672E-10    1.126164485411260E+05    8.128003830627042E+04    8.128003830627042E+04    2.575293972015600E-01    9.151426951579453E+03    6.563293590953357E+33    1.203395401183378E+14    2.645771000000000E-01    0.000000000000000E+00    5.657303000000000E-01    3.183062000000000E-02    3.122065000000000E-03    5.424026000000000E-02    8.431007000000001E-03    1.582291000000000E-04    2.834671000000000E-03    2.145760000000000E-02    2.181803000000000E-02    5.967783000000000E-03    8.273065000000000E-03    0.000000000000000E+00    0.000000000000000E+00    0.000000000000000E+00    0.000000000000000E+00    0.000000000000000E+00    1.399021000000000E-03    0.000000000000000E+00    9.884272000000000E-03    4.060147886275000E+40    2.242939720156000E+14    1.329763832093600E+14
                      159    1.104526886000030E+32    6.618519686702126E+33    1.211969139173054E+14    9.174150795698075E+07    3.629351192667897E-10    1.113300727173768E+05    8.103152858374704E+04    8.103152858374704E+04    2.571933676243050E-01    8.993477346660997E+03    6.680203143505985E+33    1.221539816815214E+14    2.702627000000000E-01    0.000000000000000E+00    5.646759000000000E-01    3.131653000000000E-02    3.154722000000000E-03    5.260082000000001E-02    8.326243000000001E-03    1.598842000000000E-04    2.837186000000000E-03    2.064304000000000E-02    2.098327000000000E-02    5.738468000000000E-03    7.953649000000000E-03    0.000000000000000E+00    0.000000000000000E+00    0.000000000000000E+00    0.000000000000000E+00    0.000000000000000E+00    1.346857000000000E-03    0.000000000000000E+00    9.722069000000000E-03    4.389339013098500E+40    2.183748593332500E+14    1.304087381364200E+14
                      160    1.233658000981915E+32    6.741886600309843E+33    1.231110494457374E+14    9.358051535129450E+07    3.522321507118499E-10    1.103093924756114E+05    8.084516123964344E+04    8.084516123964344E+04    2.568573380470500E-01    8.822576298109423E+03    6.803120676482926E+33    1.240588230166224E+14    2.766231000000000E-01    0.000000000000000E+00    5.633749000000000E-01    3.074243000000000E-02    3.190692000000000E-03    5.081513999999999E-02    8.208488000000000E-03    1.617072000000000E-04    2.839852000000000E-03    1.975823000000000E-02    2.007653000000000E-02    5.489379000000000E-03    7.606689000000000E-03    0.000000000000000E+00    0.000000000000000E+00    0.000000000000000E+00    0.000000000000000E+00    0.000000000000000E+00    1.290202000000000E-03    0.000000000000000E+00    9.540966999999999E-03    4.711324224471000E+40    2.120954508783500E+14    1.270572705270100E+14
                      161    1.224695840012705E+32    6.864354752656007E+33    1.250065965875074E+14    9.525591978788275E+07    3.424198490116738E-10    1.085430016413930E+05    8.053485843596065E+04    8.053485843596065E+04    2.720573380470500E-01    8.648327246530056E+03    6.916338746110601E+33    1.258071531865846E+14    2.829694000000000E-01    0.000000000000000E+00    5.619553000000000E-01    3.017066000000000E-02    3.226011000000000E-03    4.908184000000000E-02    8.090451000000000E-03    1.634972000000000E-04    2.842367000000000E-03    1.890183000000000E-02    1.919890000000000E-02    5.248290000000000E-03    7.270872000000001E-03    0.000000000000000E+00    0.000000000000000E+00    0.000000000000000E+00    0.000000000000000E+00    0.000000000000000E+00    1.235374000000000E-03    0.000000000000000E+00    9.360620000000000E-03    5.036912393569000E+40    2.061763381960000E+14    1.244175662995600E+14
                      162    1.039667938632665E+32    6.968322739565196E+33    1.266077097856618E+14    9.690132422447100E+07    3.348335709465461E-10    1.073031552871746E+05    8.028862706426790E+04    8.028862706426790E+04    2.716573380470500E-01    8.504584845798803E+03    7.028864849103274E+33    1.275383592299618E+14    2.883664000000000E-01    0.000000000000000E+00    5.606575000000000E-01    2.968526000000000E-02    3.255616000000000E-03    4.764386000000000E-02    7.989675000000000E-03    1.649976000000000E-04    2.844398000000000E-03    1.819321000000000E-02    1.847272000000000E-02    5.048803000000000E-03    6.993004000000001E-03    0.000000000000000E+00    0.000000000000000E+00    0.000000000000000E+00    0.000000000000000E+00    0.000000000000000E+00    1.190012000000000E-03    0.000000000000000E+00    9.207510000000000E-03    5.372500562666999E+40    2.015366339685500E+14    1.225977141858350E+14
                      163    1.210853922379815E+32    7.089406958641354E+33    1.284690086742618E+14    9.856672866105926E+07    3.264592620327922E-10    1.055849035070835E+05    7.998046037006052E+04    7.998046037006052E+04    2.713213084697950E-01    8.341842854773924E+03    7.143539428961239E+33    1.292993900575845E+14    2.946310000000000E-01    0.000000000000000E+00    5.590467000000000E-01    2.912283000000000E-02    3.289475000000000E-03    4.601629000000000E-02    7.872257000000001E-03    1.667136000000000E-04    2.846630000000000E-03    1.739334000000000E-02    1.765302000000000E-02    4.823628000000000E-03    6.679357000000000E-03    0.000000000000000E+00    0.000000000000000E+00    0.000000000000000E+00    0.000000000000000E+00    0.000000000000000E+00    1.138816000000000E-03    0.000000000000000E+00    9.030086000000000E-03    5.778088731765001E+40    1.962572255136500E+14    1.200660986901500E+14
                      164    1.082637277097463E+32    7.197671899281123E+33    1.301297714409072E+14    1.001771330976475E+08    3.182943976188376E-10    1.043788464081077E+05    7.973592404320781E+04    7.973592404320781E+04    2.709213084697950E-01    8.200461235196128E+03    7.255711594996928E+33    1.310188165532143E+14    3.001947000000000E-01    0.000000000000000E+00    5.575218000000000E-01    2.862427000000000E-02    3.319083000000000E-03    4.460835000000000E-02    7.767583000000000E-03    1.682142000000000E-04    2.848500000000000E-03    1.670342000000000E-02    1.694600000000000E-02    4.629405000000000E-03    6.408822000000000E-03    0.000000000000000E+00    0.000000000000000E+00    0.000000000000000E+00    0.000000000000000E+00    0.000000000000000E+00    1.094662000000000E-03    0.000000000000000E+00    8.872781000000000E-03    6.153676900863000E+40    1.919778170587500E+14    1.181741874219150E+14
                      165    1.160792920111172E+32    7.313751290712732E+33    1.319078616655214E+14    1.017343390130985E+08    3.103337394218643E-10    1.027074217592741E+05    7.942987875360157E+04    7.942987875360157E+04    2.705852788925400E-01    8.053043109920021E+03    7.364754003896137E+33    1.326878349457720E+14    3.061086000000000E-01    0.000000000000000E+00    5.558036000000000E-01    2.809536000000000E-02    3.350071000000000E-03    4.315063000000000E-02    7.655927000000000E-03    1.697847000000000E-04    2.850372000000000E-03    1.599121000000000E-02    1.621614000000000E-02    4.428909000000000E-03    6.129551000000000E-03    0.000000000000000E+00    0.000000000000000E+00    0.000000000000000E+00    0.000000000000000E+00    0.000000000000000E+00    1.049088000000000E-03    0.000000000000000E+00    8.705852000000000E-03    6.552868027686499E+40    1.866984086038500E+14    1.156786015034850E+14
                      166    1.020063410353505E+32    7.415756717079543E+33    1.334678082260227E+14    1.030747434496867E+08    3.032696810814475E-10    1.015342330645289E+05    7.918702580298224E+04    7.918702580298224E+04    2.702852788925400E-01    7.926784653210691E+03    7.458901234453949E+33    1.341270253048874E+14    3.112574000000000E-01    0.000000000000000E+00    5.542261000000001E-01    2.763576000000000E-02    3.376640000000000E-03    4.191398000000000E-02    7.558395000000001E-03    1.711312000000000E-04    2.851906000000000E-03    1.538879000000000E-02    1.559880000000000E-02    4.259323000000000E-03    5.893335000000000E-03    0.000000000000000E+00    0.000000000000000E+00    0.000000000000000E+00    0.000000000000000E+00    0.000000000000000E+00    1.010543000000000E-03    0.000000000000000E+00    8.560750000000001E-03    6.895662112235500E+40    1.824190001489500E+14    1.138587493897600E+14
                      167    8.628879613962810E+31    7.502045751828356E+33    1.347862423837522E+14    1.044165449285495E+08    2.970496154973675E-10    1.006033616205230E+05    7.900490069755362E+04    7.900490069755362E+04    2.699492493152850E-01    7.822384981184030E+03    7.553192624727386E+33    1.355698251953345E+14    3.155770000000000E-01    0.000000000000000E+00    5.528450000000000E-01    2.725083000000000E-02    3.398635000000001E-03    4.089947000000000E-02    7.476347000000000E-03    1.722459000000000E-04    2.853124000000000E-03    1.489589000000000E-02    1.509369000000000E-02    4.120567000000000E-03    5.700061000000000E-03    0.000000000000000E+00    0.000000000000000E+00    0.000000000000000E+00    0.000000000000000E+00    0.000000000000000E+00    9.790090000000001E-04    0.000000000000000E+00    8.439178000000000E-03    7.168456196784500E+40    1.787792959215000E+14    1.121109564305450E+14
                      168    1.022940440595418E+32    7.604339497626416E+33    1.363534080069168E+14    1.059451478862750E+08    2.896202969978677E-10    9.876714333184433E+04    7.864190615166433E+04    7.864190615166433E+04    2.695852788925400E-01    7.701560081196760E+03    7.660714894280447E+33    1.372165426126842E+14    3.206635000000000E-01    0.000000000000000E+00    5.511509000000000E-01    2.679836000000000E-02    3.424186000000000E-03    3.973184000000000E-02    7.379481000000000E-03    1.735409000000000E-04    2.854479000000000E-03    1.433013000000000E-02    1.451393000000000E-02    3.961303000000000E-03    5.478224000000000E-03    0.000000000000000E+00    0.000000000000000E+00    0.000000000000000E+00    0.000000000000000E+00    0.000000000000000E+00    9.428174000000000E-04    0.000000000000000E+00    8.296213000000000E-03    7.404853239059000E+40    1.744998874666000E+14    1.102190451623100E+14
                      169    1.127512307582338E+32    7.717090290934478E+33    1.380796772184517E+14    1.072987508440005E+08    2.830277341705926E-10    9.786164071899377E+04    7.846103478664269E+04    7.846103478664269E+04    2.828492493152850E-01    7.565098802707358E+03    7.756874395627405E+33    1.386861205522052E+14    3.262543000000000E-01    0.000000000000000E+00    5.492042000000000E-01    2.630206000000000E-02    3.451826000000000E-03    3.848219000000000E-02    7.272704000000000E-03    1.749417000000000E-04    2.855869000000000E-03    1.372659000000000E-02    1.389544000000000E-02    3.791402000000000E-03    5.241570000000000E-03    0.000000000000000E+00    0.000000000000000E+00    0.000000000000000E+00    0.000000000000000E+00    0.000000000000000E+00    9.042123000000000E-04    0.000000000000000E+00    8.139311000000000E-03    7.651250281333500E+40    1.702204790117000E+14    1.077955183983900E+14
                      170    7.956721518091784E+31    7.796658500320332E+33    1.392925638859588E+14    1.084005523228633E+08    2.785024336622729E-10    9.607546447643306E+04    7.810053907763078E+04    7.810053907763078E+04    2.825492493152850E-01    7.470840235985906E+03    7.835997201202222E+33    1.398916473496336E+14    3.302059000000000E-01    0.000000000000000E+00    5.477759000000000E-01    2.595193000000000E-02    3.471085000000000E-03    3.761979000000000E-02    7.197047999999999E-03    1.759178000000000E-04    2.856790000000000E-03    1.331131000000000E-02    1.346988000000000E-02    3.674500000000000E-03    5.078739000000000E-03    0.000000000000000E+00    0.000000000000000E+00    0.000000000000000E+00    0.000000000000000E+00    0.000000000000000E+00    8.776520999999999E-04    0.000000000000000E+00    8.028558000000000E-03    7.864044365882499E+40    1.675807747842500E+14    1.068315479756450E+14
                      171    7.867744153197788E+31    7.875335902084113E+33    1.404907308133083E+14    1.096023538017260E+08    2.740494877051802E-10    9.519463932365987E+04    7.792091282232798E+04    7.792091282232798E+04    2.823132197380300E-01    7.379282579468054E+03    7.922557653898386E+33    1.412098032803998E+14    3.341194000000000E-01    0.000000000000000E+00    5.463207000000000E-01    2.560571000000000E-02    3.489941000000000E-03    3.678192000000000E-02    7.121982000000001E-03    1.768734000000000E-04    2.857655000000000E-03    1.290882000000000E-02    1.305743000000000E-02    3.561197000000000E-03    4.920921000000000E-03    0.000000000000000E+00    0.000000000000000E+00    0.000000000000000E+00    0.000000000000000E+00    0.000000000000000E+00    8.519113000000000E-04    0.000000000000000E+00    7.918985000000000E-03    8.076838450431499E+40    1.649410705568000E+14    1.051918437481950E+14
                      172    9.444413991970392E+31    7.969779405712658E+33    1.419288757474912E+14    1.111291552805888E+08    2.685959821120828E-10    9.432188962442736E+04    7.774169969594825E+04    7.774169969594825E+04    2.820132197380300E-01    7.271675931813886E+03    8.032740415858440E+33    1.428877296275373E+14    3.388121000000000E-01    0.000000000000000E+00    5.445243000000000E-01    2.519123000000000E-02    3.512271999999999E-03    3.579772000000000E-02    7.031798000000000E-03    1.780051000000000E-04    2.858632000000000E-03    1.243729000000000E-02    1.257422000000000E-02    3.428460000000000E-03    4.736034000000000E-03    0.000000000000000E+00    0.000000000000000E+00    0.000000000000000E+00    0.000000000000000E+00    0.000000000000000E+00    8.217575000000000E-04    0.000000000000000E+00    7.787738000000000E-03    8.319632534980499E+40    1.619410705568000E+14    1.041558141709400E+14
                      173    1.259224179735403E+32    8.095701426004223E+33    1.438465835075834E+14    1.128341552805887E+08    2.623185448727878E-10    9.260032112053959E+04    7.738450903146242E+04    7.738450903146242E+04    2.815771901607750E-01    7.131752437468573E+03    8.156356874904932E+33    1.447694724524431E+14    3.450147000000000E-01    0.000000000000000E+00    5.420659000000000E-01    2.464455000000000E-02    3.541326000000000E-03    3.453036000000000E-02    6.912324000000001E-03    1.794776000000000E-04    2.859825000000000E-03    1.183217000000000E-02    1.195413000000000E-02    3.258119000000000E-03    4.498770000000000E-03    0.000000000000000E+00    0.000000000000000E+00    0.000000000000000E+00    0.000000000000000E+00    0.000000000000000E+00    7.830647000000000E-04    0.000000000000000E+00    7.614493000000000E-03    8.618823661804000E+40    1.580219578744500E+14    1.017322874070200E+14
                      174    1.213103012784561E+32    8.217012323805642E+33    1.456923613973028E+14    1.145723538017260E+08    2.557578630320714E-10    9.175135627355950E+04    7.720652959956712E+04    7.720652959956712E+04    2.811771901607750E-01    7.000624288393635E+03    8.282965890806825E+33    1.466951419455770E+14    3.508784000000000E-01    0.000000000000000E+00    5.396536000000000E-01    2.412899000000000E-02    3.568302000000000E-03    3.336733000000000E-02    6.799104000000000E-03    1.808448000000000E-04    2.860851000000000E-03    1.127908000000000E-02    1.138736000000000E-02    3.102425000000000E-03    4.281908000000000E-03    0.000000000000000E+00    0.000000000000000E+00    0.000000000000000E+00    0.000000000000000E+00    0.000000000000000E+00    7.477021000000000E-04    0.000000000000000E+00    7.450954000000000E-03    8.848014788627499E+40    1.543822536470000E+14    9.994846487055002E+13
                      175    1.319073527274531E+32    8.348919457808008E+33    1.476979224938512E+14    1.163923538017260E+08    2.493612662210125E-10    9.007670529086041E+04    7.685179781832006E+04    7.685179781832006E+04    2.806771901607750E-01    6.861948398930758E+03    8.415466565155594E+33    1.487112855904166E+14    3.571070000000000E-01    0.000000000000000E+00    5.369961000000000E-01    2.358278000000000E-02    3.596416000000000E-03    3.216989000000000E-02    6.678558999999999E-03    1.822696000000000E-04    2.861830000000000E-03    1.071206000000000E-02    1.080632000000000E-02    2.942813000000000E-03    4.059590000000000E-03    0.000000000000000E+00    0.000000000000000E+00    0.000000000000000E+00    0.000000000000000E+00    0.000000000000000E+00    7.114530999999999E-04    0.000000000000000E+00    7.277499000000000E-03    9.030808873176501E+40    1.501028451921000E+14    9.812861275682502E+13
                      176    1.330945328407533E+32    8.482013672503183E+33    1.497246486869819E+14    1.182605523228633E+08    2.424146885972676E-10    8.843262013331958E+04    7.649869588156004E+04    7.649869588156004E+04    2.802411605835200E-01    6.725932348327199E+03    8.551963943344468E+33    1.507877962829514E+14    3.632747000000000E-01    0.000000000000000E+00    5.342653000000001E-01    2.304342000000000E-02    3.623684000000000E-03    3.102365000000000E-02    6.558911000000001E-03    1.836516000000000E-04    2.862686000000000E-03    1.017189000000000E-02    1.025280000000000E-02    2.790761000000000E-03    3.847801000000001E-03    0.000000000000000E+00    0.000000000000000E+00    0.000000000000000E+00    0.000000000000000E+00    0.000000000000000E+00    6.769241000000000E-04    0.000000000000000E+00    7.106005000000000E-03    9.057205915451000E+40    1.454631409646500E+14    9.559699726114000E+13
                      177    1.398996468981316E+32    8.621914214185756E+33    1.518509438789209E+14    1.198419493651378E+08    2.359548967035507E-10    8.681854291175430E+04    7.614721630083183E+04    7.614721630083183E+04    2.927691014290100E-01    6.580817616156199E+03    8.668385341273839E+33    1.525533687713807E+14    3.697087000000000E-01    0.000000000000000E+00    5.313133000000000E-01    2.248244000000000E-02    3.651523000000000E-03    2.986912000000000E-02    6.433823000000000E-03    1.850625000000000E-04    2.863461000000000E-03    9.630602000000000E-03    9.698136000000000E-03    2.638394000000000E-03    3.635577000000000E-03    0.000000000000000E+00    0.000000000000000E+00    0.000000000000000E+00    0.000000000000000E+00    0.000000000000000E+00    6.423272000000000E-04    0.000000000000000E+00    6.927387000000000E-03    9.010808873176499E+40    1.421837325097500E+14    9.381317472467000E+13
                      178    9.294187637829283E+31    8.714856468361925E+33    1.532557936638404E+14    1.210733464074123E+08    2.321822388150150E-10    8.523392591960721E+04    7.579735162208654E+04    7.579735162208654E+04    2.924051310062650E-01    6.486580655926132E+03    8.759708035610325E+33    1.539323770252995E+14    3.739824000000000E-01    0.000000000000000E+00    5.292966000000000E-01    2.211074000000000E-02    3.669682000000000E-03    2.912450000000000E-02    6.350593000000000E-03    1.859829000000000E-04    2.863911000000000E-03    9.283041000000001E-03    9.341990000000000E-03    2.540561000000000E-03    3.499309999999999E-03    0.000000000000000E+00    0.000000000000000E+00    0.000000000000000E+00    0.000000000000000E+00    0.000000000000000E+00    6.201145000000000E-04    0.000000000000000E+00    6.808890000000000E-03    8.998014788627500E+40    1.395440282823000E+14    9.288523387918000E+13
                      179    8.970389009255202E+31    8.804559602858726E+33    1.546089603867586E+14    1.223579419708240E+08    2.284699015544584E-10    8.445249658977022E+04    7.562302255093621E+04    7.562302255093621E+04    2.921051310062650E-01    6.397348204221411E+03    8.855445994064695E+33    1.553753399251420E+14    3.781031000000000E-01    0.000000000000000E+00    5.273120000000000E-01    2.175305000000000E-02    3.686948000000000E-03    2.842253000000000E-02    6.270247999999999E-03    1.868579000000000E-04    2.864299000000000E-03    8.956531000000000E-03    9.007417000000000E-03    2.448655000000000E-03    3.371298000000000E-03    0.000000000000000E+00    0.000000000000000E+00    0.000000000000000E+00    0.000000000000000E+00    0.000000000000000E+00    5.992485000000000E-04    0.000000000000000E+00    6.694743999999999E-03    8.972426619529501E+40    1.375440282823000E+14    9.192126345643500E+13
                      180    1.017725040345564E+32    8.906332385270665E+33    1.561417194635254E+14    1.238875375342357E+08    2.244396133376425E-10    8.367823144709178E+04    7.544909442552344E+04    7.544909442552344E+04    2.917691014290100E-01    6.298157553097655E+03    8.969969454772484E+33    1.570981403323668E+14    3.827562000000000E-01    0.000000000000000E+00    5.250241000000000E-01    2.134995000000000E-02    3.706159000000001E-03    2.764852000000000E-02    6.179415000000000E-03    1.878315000000000E-04    2.864685000000000E-03    8.597858000000000E-03    8.639890000000001E-03    2.347696000000000E-03    3.230678000000000E-03    0.000000000000000E+00    0.000000000000000E+00    0.000000000000000E+00    0.000000000000000E+00    0.000000000000000E+00    5.763286000000000E-04    0.000000000000000E+00    6.565972000000000E-03    8.911250281333499E+40    1.349043240548500E+14    9.035361838349500E+13
                      181    1.272751530926749E+32    9.033606524274304E+33    1.580545612012081E+14    1.254721330976475E+08    2.202059221426983E-10    8.233828697151646E+04    7.515950299943707E+04    7.515950299943707E+04    2.914691014290100E-01    6.176830041704752E+03    9.089502714149498E+33    1.588916403542665E+14    3.885163000000000E-01    0.000000000000000E+00    5.221236000000000E-01    2.085219000000000E-02    3.729515000000000E-03    2.671758000000000E-02    6.066827000000000E-03    1.890152000000000E-04    2.865084000000000E-03    8.168475999999999E-03    8.199911000000001E-03    2.226835000000000E-03    3.062339000000000E-03    0.000000000000000E+00    0.000000000000000E+00    0.000000000000000E+00    0.000000000000000E+00    0.000000000000000E+00    5.488923000000000E-04    0.000000000000000E+00    6.406744000000000E-03    8.808088731765000E+40    1.324447677136750E+14    8.935361838349500E+13
                      182    1.117906697178970E+32    9.145398904024690E+33    1.597287195073249E+14    1.269667286610593E+08    2.158238879411592E-10    8.139776733072478E+04    7.492970651281372E+04    7.492970651281372E+04    2.910691014290100E-01    6.072886404047547E+03    9.203348127091380E+33    1.605937740883211E+14    3.935195000000000E-01    0.000000000000000E+00    5.195411000000000E-01    2.042103000000000E-02    3.749403000000000E-03    2.593412000000000E-02    5.968907000000000E-03    1.900232000000000E-04    2.865360000000000E-03    7.809012000000000E-03    7.831579999999999E-03    2.125656000000000E-03    2.921413000000000E-03    0.000000000000000E+00    0.000000000000000E+00    0.000000000000000E+00    0.000000000000000E+00    0.000000000000000E+00    5.259254000000000E-04    0.000000000000000E+00    6.268603000000000E-03    8.696544928549501E+40    1.298410930634800E+14    8.771391415604500E+13
                      183    1.159000766294712E+32    9.261297350158065E+33    1.614588286693174E+14    1.284981257033337E+08    2.118846580408086E-10    8.065150811423127E+04    7.475737297003949E+04    7.475737297003949E+04    2.907330718517550E-01    5.967544792516830E+03    9.320204986782433E+33    1.623368539928104E+14    3.986657000000000E-01    0.000000000000000E+00    5.168254000000000E-01    1.997868000000000E-02    3.769478000000000E-03    2.515195000000000E-02    5.868081000000000E-03    1.910406000000000E-04    2.865577000000000E-03    7.451968000000000E-03    7.465732000000000E-03    2.025159000000000E-03    2.781439000000000E-03    0.000000000000000E+00    0.000000000000000E+00    0.000000000000000E+00    0.000000000000000E+00    0.000000000000000E+00    5.031148000000000E-04    0.000000000000000E+00    6.126669999999999E-03    8.566618871687000E+40    1.279491817952450E+14    8.678597331055500E+13
                      184    1.178148755667560E+32    9.379112623406799E+33    1.632148793163035E+14    1.299763242244710E+08    2.078877958213856E-10    7.917945219260629E+04    7.441389404134595E+04    7.441389404134595E+04    2.903330718517549E-01    5.862791011443493E+03    9.433190412455237E+33    1.640172770001830E+14    4.038637000000000E-01    0.000000000000000E+00    5.140224000000000E-01    1.953308000000000E-02    3.789366000000000E-03    2.438576000000000E-02    5.766139000000000E-03    1.920485000000000E-04    2.865729000000000E-03    7.104106000000000E-03    7.109298000000000E-03    1.927248000000000E-03    2.645068000000000E-03    0.000000000000000E+00    0.000000000000000E+00    0.000000000000000E+00    0.000000000000000E+00    0.000000000000000E+00    4.808925000000000E-04    0.000000000000000E+00    5.983462000000000E-03    8.398310561177499E+40    1.253094775677950E+14    8.546612119683000E+13
                      185    1.081542259781670E+32    9.487268201503676E+33    1.648196746840625E+14    1.313145227456083E+08    2.045638998404464E-10    7.845353061154374E+04    7.424274683433551E+04    7.424274683433551E+04    3.010610126972450E-01    5.765109116700199E+03    9.536478363188647E+33    1.655446150267087E+14    4.085981000000000E-01    0.000000000000000E+00    5.114176000000000E-01    1.912829000000000E-02    3.807137000000000E-03    2.370854000000000E-02    5.673210000000000E-03    1.929492000000000E-04    2.865809000000000E-03    6.798315000000000E-03    6.795974000000000E-03    1.841180000000000E-03    2.525191000000000E-03    0.000000000000000E+00    0.000000000000000E+00    0.000000000000000E+00    0.000000000000000E+00    0.000000000000000E+00    4.613590000000000E-04    0.000000000000000E+00    5.853161000000000E-03    8.287208166119000E+40    1.228859508038750E+14    8.441023950585000E+13
                      186    9.842058186322460E+31    9.585688524873619E+33    1.662695553693548E+14    1.327127212667455E+08    2.022222762423655E-10    7.773426431954009E+04    7.407199325497821E+04    7.407199325497821E+04    3.008610126972450E-01    5.677918073888016E+03    9.645914477242256E+33    1.671521348704856E+14    4.128601000000000E-01    0.000000000000000E+00    5.090318000000000E-01    1.876475000000000E-02    3.822860000000000E-03    2.311520000000000E-02    5.589497000000000E-03    1.937460000000000E-04    2.865835000000000E-03    6.531755000000000E-03    6.522850000000000E-03    1.766155000000000E-03    2.420696000000000E-03    0.000000000000000E+00    0.000000000000000E+00    0.000000000000000E+00    0.000000000000000E+00    0.000000000000000E+00    4.443325000000000E-04    0.000000000000000E+00    5.735964000000000E-03    8.288899855609499E+40    1.218859508038750E+14    8.381832823761500E+13
                      187    1.204534358128762E+32    9.706140429610893E+33    1.680347143716164E+14    1.340577212667455E+08    1.994476825954928E-10    7.702159230053860E+04    7.390163239795555E+04    7.390163239795555E+04    3.005610126972450E-01    5.573325187265944E+03    9.751728702716388E+33    1.686988400040453E+14    4.179999000000000E-01    0.000000000000000E+00    5.061017000000000E-01    1.832747000000000E-02    3.841462000000000E-03    2.242067000000000E-02    5.488476000000000E-03    1.946888000000000E-04    2.865809000000000E-03    6.221517999999999E-03    6.204979000000000E-03    1.678839000000000E-03    2.299082000000000E-03    0.000000000000000E+00    0.000000000000000E+00    0.000000000000000E+00    0.000000000000000E+00    0.000000000000000E+00    4.245175000000000E-04    0.000000000000000E+00    5.594761000000000E-03    8.399415206903999E+40    1.201381578446600E+14    8.296244654663502E+13
                      188    9.117479641030219E+31    9.797316975821883E+33    1.693629656364742E+14    1.353395227456082E+08    1.968337251942724E-10    7.631545409788023E+04    7.373166336003106E+04    7.373166336003106E+04    3.003249831199900E-01    5.495707937848744E+03    9.852990463791558E+33    1.701699319794956E+14    4.218350000000000E-01    0.000000000000000E+00    5.038787000000000E-01    1.800202000000000E-02    3.855087000000000E-03    2.191712000000000E-02    5.413059000000000E-03    1.953793000000000E-04    2.865748000000000E-03    5.997868000000000E-03    5.975827000000000E-03    1.615893000000000E-03    2.211412000000000E-03    0.000000000000000E+00    0.000000000000000E+00    0.000000000000000E+00    0.000000000000000E+00    0.000000000000000E+00    4.102337000000000E-04    0.000000000000000E+00    5.489496000000000E-03    8.577503938668999E+40    1.184263944627000E+14    8.223450570114502E+13
                      189    1.113474929259158E+32    9.908663951761231E+33    1.709768983225170E+14    1.368149271821965E+08    1.944594237973519E-10    7.544491967838681E+04    7.350631853937020E+04    7.350631853937020E+04    3.000889535427350E-01    5.402612803272404E+03    9.970240034432074E+33    1.718637940710319E+14    4.264570999999999E-01    0.000000000000000E+00    5.011587000000000E-01    1.761070000000000E-02    3.871223999999999E-03    2.132641000000000E-02    5.322127000000000E-03    1.961971000000000E-04    2.865630000000000E-03    5.736952000000000E-03    5.708496000000000E-03    1.542461000000000E-03    2.109136000000000E-03    0.000000000000000E+00    0.000000000000000E+00    0.000000000000000E+00    0.000000000000000E+00    0.000000000000000E+00    3.935706000000000E-04    0.000000000000000E+00    5.362730000000000E-03    8.885592670433999E+40    1.173903648854450E+14    8.154259443291002E+13
                      190    1.231521852257825E+32    1.003181611710291E+34    1.727506898195468E+14    1.382603316187848E+08    1.917913404789937E-10    7.475323649721488E+04    7.333725869809062E+04    7.333725869809062E+04    2.997889535427350E-01    5.301806386467849E+03    1.008505877400566E+34    1.735126328993202E+14    4.315033000000000E-01    0.000000000000000E+00    4.981397000000000E-01    1.718463000000000E-02    3.888489000000000E-03    2.070119000000000E-02    5.222810000000000E-03    1.970722000000000E-04    2.865447000000000E-03    5.462590000000000E-03    5.427393000000000E-03    1.465245000000000E-03    2.001593000000000E-03    0.000000000000000E+00    0.000000000000000E+00    0.000000000000000E+00    0.000000000000000E+00    0.000000000000000E+00    3.760498000000000E-04    0.000000000000000E+00    5.224454000000000E-03    9.344857740395000E+40    1.156786015034850E+14    8.081465358742002E+13
                      191    1.064856120669733E+32    1.013830143090841E+34    1.742745759790935E+14    1.395675375342357E+08    1.895959231589119E-10    7.406789470556434E+04    7.316858768365612E+04    7.316858768365612E+04    2.995529239654801E-01    5.216266730739753E+03    1.018886371130545E+34    1.749952121716190E+14    4.358289000000000E-01    0.000000000000000E+00    4.955119000000000E-01    1.682036000000000E-02    3.903001000000000E-03    2.018110000000000E-02    5.137653000000000E-03    1.978077000000000E-04    2.865246000000000E-03    5.235847000000000E-03    5.195083000000000E-03    1.401433000000000E-03    1.912717000000000E-03    0.000000000000000E+00    0.000000000000000E+00    0.000000000000000E+00    0.000000000000000E+00    0.000000000000000E+00    3.615708000000000E-04    0.000000000000000E+00    5.106022000000000E-03    9.897725768081499E+40    1.140028676987800E+14    8.008671274193002E+13
                      192    1.011254158103352E+32    1.023942599170250E+34    1.757158483641446E+14    1.408415449285495E+08    1.873091234211291E-10    7.322414657390110E+04    7.294504917329905E+04    7.294504917329905E+04    2.992529239654800E-01    5.136434805158189E+03    1.029002804029696E+34    1.764329723604410E+14    4.399196000000000E-01    0.000000000000000E+00    4.929937999999999E-01    1.647671000000000E-02    3.916481000000000E-03    1.970245000000000E-02    5.057107000000000E-03    1.984908000000000E-04    2.865020000000000E-03    5.028436000000000E-03    4.982582000000000E-03    1.343062000000000E-03    1.831421000000000E-03    0.000000000000000E+00    0.000000000000000E+00    0.000000000000000E+00    0.000000000000000E+00    0.000000000000000E+00    3.483268000000000E-04    0.000000000000000E+00    4.994103000000000E-03    1.046574055670900E+41    1.129308085442700E+14    7.935877189644002E+13
                      193    1.012029836793911E+32    1.034063008889142E+34    1.771500963567374E+14    1.420955523228633E+08    1.851650136154357E-10    7.255282356293130E+04    7.277728021573968E+04    7.277728021573968E+04    3.086448352337150E-01    5.055446003578400E+03    1.038963743276958E+34    1.778395334909418E+14    4.440044000000001E-01    0.000000000000000E+00    4.904476000000000E-01    1.613435000000000E-02    3.929705000000000E-03    1.923709000000000E-02    4.976668000000000E-03    1.991611000000000E-04    2.864760000000000E-03    4.828016000000000E-03    4.777246000000000E-03    1.286660000000000E-03    1.752867000000000E-03    0.000000000000000E+00    0.000000000000000E+00    0.000000000000000E+00    0.000000000000000E+00    0.000000000000000E+00    3.355297000000000E-04    0.000000000000000E+00    4.882421000000000E-03    1.110412281035600E+41    1.112911043168200E+14    7.879480147369502E+13
                      194    9.801492636550348E+31    1.043864477664774E+34    1.785289706251464E+14    1.432645597171770E+08    1.837762231620641E-10    7.188765527832079E+04    7.260989711607527E+04    7.260989711607527E+04    3.084448352337150E-01    4.978227175606012E+03    1.048250909839534E+34    1.791427513615244E+14    4.479480000000000E-01    0.000000000000000E+00    4.879599000000000E-01    1.580459000000000E-02    3.942250000000000E-03    1.879952000000000E-02    4.899005000000000E-03    1.997968000000000E-04    2.864477000000000E-03    4.640744000000000E-03    4.585384000000000E-03    1.233959000000000E-03    1.679468000000000E-03    0.000000000000000E+00    0.000000000000000E+00    0.000000000000000E+00    0.000000000000000E+00    0.000000000000000E+00    3.235727000000000E-04    0.000000000000000E+00    4.774669000000000E-03    1.185294647216000E+41    1.103991930485850E+14    7.843083105095000E+13
                      195    8.772850430650704E+31    1.052637342014294E+34    1.797565320979024E+14    1.444435671114907E+08    1.819785355157166E-10    7.122858529319982E+04    7.244289898685743E+04    7.244289898685743E+04    3.082088056564600E-01    4.910215656234108E+03    1.057623080924082E+34    1.804509758967049E+14    4.514564000000000E-01    0.000000000000000E+00    4.857230000000000E-01    1.551187000000000E-02    3.953227000000000E-03    1.841975000000000E-02    4.829916000000000E-03    2.003532000000000E-04    2.864199000000000E-03    4.479181000000000E-03    4.419863000000000E-03    1.188493000000000E-03    1.616147000000000E-03    0.000000000000000E+00    0.000000000000000E+00    0.000000000000000E+00    0.000000000000000E+00    0.000000000000000E+00    3.132575000000000E-04    0.000000000000000E+00    4.678869000000000E-03    1.261691689490500E+41    1.094712522030950E+14    7.796686062820500E+13
                      196    9.971557355971412E+31    1.062608819833870E+34    1.811454196955074E+14    1.457325745058045E+08    1.803101462737751E-10    7.041828035930979E+04    7.222166201784716E+04    7.222166201784716E+04    3.080088056564600E-01    4.834026838365574E+03    1.067850665935004E+34    1.818706138648050E+14    4.554063000000000E-01    0.000000000000000E+00    4.831780000000000E-01    1.518302000000000E-02    3.965381000000000E-03    1.800271000000000E-02    4.752134000000000E-03    2.009691000000000E-04    2.863858000000000E-03    4.302864000000000E-03    4.239230000000000E-03    1.138877000000000E-03    1.547045000000000E-03    0.000000000000000E+00    0.000000000000000E+00    0.000000000000000E+00    0.000000000000000E+00    0.000000000000000E+00    3.020007000000000E-04    0.000000000000000E+00    4.571073000000000E-03    1.358088731765000E+41    1.085072817803500E+14    7.740289020546000E+13
                      197    1.048362260792293E+32    1.073092512036138E+34    1.825958080341026E+14    1.470165819001182E+08    1.785465496918149E-10    6.977268168441902E+04    7.205555680457698E+04    7.205555680457698E+04    3.077727760792050E-01    4.755317715812226E+03    1.077994737731357E+34    1.832715523032011E+14    4.595141000000000E-01    0.000000000000000E+00    4.805016000000000E-01    1.484184000000000E-02    3.977788000000000E-03    1.758079000000000E-02    4.671253000000000E-03    2.015979000000000E-04    2.863471000000000E-03    4.125749000000000E-03    4.057782000000000E-03    1.089037000000000E-03    1.477633000000000E-03    0.000000000000000E+00    0.000000000000000E+00    0.000000000000000E+00    0.000000000000000E+00    0.000000000000000E+00    2.906934000000000E-04    0.000000000000000E+00    4.459038000000000E-03    1.450882816314000E+41    1.075793409348600E+14    7.703891978271500E+13
                      198    9.804417587470144E+31    1.082896963426576E+34    1.839472965722996E+14    1.482823907732948E+08    1.765027442381626E-10    6.898001079916256E+04    7.183558671943459E+04    7.183558671943459E+04    3.074727760792050E-01    4.682892947677079E+03    1.087965519607479E+34    1.846445917172096E+14    4.633274000000001E-01    0.000000000000000E+00    4.779906000000000E-01    1.452588000000000E-02    3.989094000000000E-03    1.719968000000000E-02    4.596182000000000E-03    2.021709000000000E-04    2.863083000000000E-03    3.966922000000000E-03    3.895073000000000E-03    1.044345000000000E-03    1.415390000000000E-03    0.000000000000000E+00    0.000000000000000E+00    0.000000000000000E+00    0.000000000000000E+00    0.000000000000000E+00    2.805540000000000E-04    0.000000000000000E+00    4.355098000000000E-03    1.546470985412000E+41    1.065793409348600E+14    7.637494935997000E+13
                      199    1.013711435021560E+32    1.093034075788382E+34    1.853418868621196E+14    1.496781996464713E+08    1.743745945332275E-10    6.787118240399283E+04    7.150553217915057E+04    7.155952984053169E+04    3.072367465019500E-01    4.609128023993992E+03    1.098858525981631E+34    1.861437052599625E+14    4.672628000000000E-01    0.000000000000000E+00    4.753729000000000E-01    1.420055000000000E-02    4.000551000000000E-03    1.681680000000000E-02    4.518723000000000E-03    2.027516000000000E-04    2.862656000000000E-03    3.808527000000000E-03    3.732809000000000E-03    9.997755000000000E-04    1.353318000000000E-03    0.000000000000000E+00    0.000000000000000E+00    0.000000000000000E+00    0.000000000000000E+00    0.000000000000000E+00    2.704425000000000E-04    0.000000000000000E+00    4.247891000000000E-03    1.639265069961000E+41    1.049036071301550E+14    7.564700851448000E+13
                      200    1.164886459511979E+32    1.104682976174879E+34    1.869455236578054E+14    1.511740085196477E+08    1.714807645519125E-10    6.710011400099035E+04    7.134107401880415E+04    7.134107401880415E+04    3.068007169246950E-01    4.525851210219636E+03    1.110426796347871E+34    1.877359394693938E+14    4.718013000000000E-01    0.000000000000000E+00    4.723225000000000E-01    1.382630000000000E-02    4.013508000000000E-03    1.638776000000000E-02    4.429417000000000E-03    2.034083000000000E-04    2.862129000000000E-03    3.632471000000000E-03    3.552457000000000E-03    9.502376999999998E-04    1.284328000000000E-03    0.000000000000000E+00    0.000000000000000E+00    0.000000000000000E+00    0.000000000000000E+00    0.000000000000000E+00    2.592039000000000E-04    0.000000000000000E+00    4.124326000000000E-03    1.734853239059000E+41    1.031197845936850E+14    7.465509724624500E+13
                      201    1.148766619531216E+32    1.116170616520863E+34    1.885263552809821E+14    1.526630159139615E+08    1.686351342875095E-10    6.587539889687876E+04    7.101329155799393E+04    7.101329155799393E+04    3.148926281929300E-01    4.443006915649955E+03    1.121894353754161E+34    1.893124709474562E+14    4.762964000000001E-01    0.000000000000000E+00    4.692704000000000E-01    1.345655000000000E-02    4.026085000000000E-03    1.597514000000000E-02    4.340993000000000E-03    2.040457000000000E-04    2.861574000000000E-03    3.464612000000001E-03    3.380504000000000E-03    9.030075000000001E-04    1.218552000000000E-03    0.000000000000000E+00    0.000000000000000E+00    0.000000000000000E+00    0.000000000000000E+00    0.000000000000000E+00    2.484889000000000E-04    0.000000000000000E+00    4.002016000000000E-03    1.824044365882500E+41    1.013719916344700E+14    7.372715640075500E+13
                      202    1.144751224638329E+32    1.127618090987459E+34    1.900985866139303E+14    1.545870233082753E+08    1.663213735044350E-10    6.467303736263180E+04    7.068701512079065E+04    7.068701512079065E+04    3.145565986156750E-01    4.361829751690102E+03    1.136640301934764E+34    1.913398229393729E+14    4.807517000000000E-01    0.000000000000000E+00    4.662174000000000E-01    1.309093000000000E-02    4.038319000000000E-03    1.557724000000000E-02    4.253381000000000E-03    2.046657000000000E-04    2.860994000000000E-03    3.304071000000000E-03    3.216053000000000E-03    8.578381000000000E-04    1.155647000000000E-03    0.000000000000000E+00    0.000000000000000E+00    0.000000000000000E+00    0.000000000000000E+00    0.000000000000000E+00    2.382413000000000E-04    0.000000000000000E+00    3.880850000000000E-03    1.913235492706000E+41    1.002999324799600E+14    7.287127470977500E+13
                      203    1.804442189461067E+32    1.145662512882070E+34    1.925810592648155E+14    1.566628321814517E+08    1.624355806483372E-10    6.335309186302283E+04    7.030922569465544E+04    7.030922569465544E+04    3.139565986156750E-01    4.236904626621750E+03    1.152459693184064E+34    1.935184534919501E+14    4.875596000000000E-01    0.000000000000000E+00    4.614992000000000E-01    1.253390000000000E-02    4.056563000000000E-03    1.499025000000000E-02    4.119571000000000E-03    2.055903000000000E-04    2.860053000000000E-03    3.069847000000001E-03    2.976130000000000E-03    7.919395000000000E-04    1.063874000000000E-03    0.000000000000000E+00    0.000000000000000E+00    0.000000000000000E+00    0.000000000000000E+00    0.000000000000000E+00    2.232909000000000E-04    0.000000000000000E+00    3.695821000000000E-03    2.032426619529500E+41    9.776831698427502E+13    7.161539301879500E+13
                      204    1.359432282420089E+32    1.159256873486058E+34    1.944558477190848E+14    1.582050380969027E+08    1.583730079287356E-10    6.162654422744242E+04    6.982522038941177E+04    6.982522038941177E+04    3.133205690384200E-01    4.145109702652457E+03    1.164161684114109E+34    1.951340814628662E+14    4.924626000000000E-01    0.000000000000000E+00    4.580598000000000E-01    1.213407000000000E-02    4.069345000000000E-03    1.458404000000000E-02    4.023262000000000E-03    2.062381000000000E-04    2.859332000000000E-03    2.909871000000000E-03    2.812267000000000E-03    7.469327000000000E-04    1.001197000000000E-03    0.000000000000000E+00    0.000000000000000E+00    0.000000000000000E+00    0.000000000000000E+00    0.000000000000000E+00    2.130800000000000E-04    0.000000000000000E+00    3.562660000000000E-03    2.115220704078500E+41    9.516464233408000E+13    7.013157048232500E+13
                      205    9.809581487904347E+31    1.169066494742160E+34    1.958123152066476E+14    1.596118395757655E+08    1.554823747639239E-10    6.050173303072181E+04    6.950440264338480E+04    6.950440264338480E+04    3.128485098839100E-01    4.080002826462943E+03    1.174768061205400E+34    1.966032121302476E+14    4.959196000000000E-01    0.000000000000000E+00    4.556128000000000E-01    1.185286000000000E-02    4.078168000000000E-03    1.430631000000000E-02    3.955389000000000E-03    2.066853000000000E-04    2.858800000000000E-03    2.801643000000000E-03    2.701413000000000E-03    7.164856000000000E-04    9.587962000000000E-04    0.000000000000000E+00    0.000000000000000E+00    0.000000000000000E+00    0.000000000000000E+00    0.000000000000000E+00    2.061723000000000E-04    0.000000000000000E+00    3.468819000000000E-03    2.168014788627500E+41    9.341684937486500E+13    6.897568879134500E+13
                      206    1.140325223107142E+32    1.180469627668639E+34    1.973941090538477E+14    1.610568395757655E+08    1.526445016003446E-10    5.939745195205552E+04    6.918505892100706E+04    6.918505892100706E+04    3.127007169246950E-01    4.005509305967400E+03    1.185628656498659E+34    1.981125951096271E+14    4.999201000000000E-01    0.000000000000000E+00    4.527589000000001E-01    1.152817000000000E-02    4.088184000000000E-03    1.399370000000000E-02    3.876882000000000E-03    2.071929000000000E-04    2.858162000000000E-03    2.681022000000000E-03    2.577869000000000E-03    6.825534000000001E-04    9.115427000000000E-04    0.000000000000000E+00    0.000000000000000E+00    0.000000000000000E+00    0.000000000000000E+00    0.000000000000000E+00    1.984737000000000E-04    0.000000000000000E+00    3.360271000000000E-03    2.228014788627500E+41    9.166905641565000E+13    6.791980710036500E+13
                      207    1.031798210046417E+32    1.190787685328678E+34    1.988310811654066E+14    1.627236410546283E+08    1.497665128806958E-10    5.831332627455897E+04    6.886718244975506E+04    6.886718244975506E+04    3.124889535427350E-01    3.939173251184457E+03    1.198049258755974E+34    1.998508040320744E+14    5.035670000000000E-01    0.000000000000000E+00    4.501389000000000E-01    1.123279000000000E-02    4.097153000000000E-03    1.371603000000000E-02    3.805345999999999E-03    2.076475000000000E-04    2.857561000000000E-03    2.574908000000000E-03    2.469185000000000E-03    6.527032000000000E-04    8.699742000000000E-04    0.000000000000000E+00    0.000000000000000E+00    0.000000000000000E+00    0.000000000000000E+00    0.000000000000000E+00    1.917012000000000E-04    0.000000000000000E+00    3.261360000000000E-03    2.278014788627500E+41    8.992126345643500E+13    6.686392540938500E+13
                      208    1.452318065755929E+32    1.205310832183270E+34    2.008705268987422E+14    1.646604425334910E+08    1.460207981357460E-10    5.684905607359830E+04    6.844467146666563E+04    6.844467146666563E+04    3.121411605835200E-01    3.847502631707393E+03    1.212335387153979E+34    2.018617850155324E+14    5.087177000000001E-01    0.000000000000000E+00    4.464131000000000E-01    1.081647000000000E-02    4.109595000000000E-03    1.333395000000000E-02    3.704359000000000E-03    2.082780000000000E-04    2.856686000000000E-03    2.430337000000000E-03    2.321119000000000E-03    6.120367000000000E-04    8.133438000000000E-04    0.000000000000000E+00    0.000000000000000E+00    0.000000000000000E+00    0.000000000000000E+00    0.000000000000000E+00    1.824744000000000E-04    0.000000000000000E+00    3.121719000000000E-03    2.324411830902000E+41    8.802935218820000E+13    6.538010287291501E+13
                      209    1.404905028912095E+32    1.219359942124687E+34    2.028530431323226E+14    1.667072440123537E+08    1.423687650735746E-10    5.568879425845287E+04    6.807886633100940E+04    6.807886633100940E+04    3.212852788925400E-01    3.758085966872094E+03    1.227430997210344E+34    2.039936912883308E+14    5.135912000000000E-01    0.000000000000000E+00    4.428629000000000E-01    1.042339000000000E-02    4.121145000000000E-03    1.298231000000000E-02    3.608852000000000E-03    2.088634000000000E-04    2.855832000000000E-03    2.298740000000000E-03    2.186344000000000E-03    5.750209000000000E-04    7.617980000000001E-04    0.000000000000000E+00    0.000000000000000E+00    0.000000000000000E+00    0.000000000000000E+00    0.000000000000000E+00    1.740757000000000E-04    0.000000000000000E+00    2.989645000000000E-03    2.370808873176500E+41    8.575361838349500E+13    6.406025075919001E+13
                      210    1.614221356862712E+32    1.235502052296001E+34    2.051343394443389E+14    1.686040454912165E+08    1.391280563314107E-10    5.417112001039657E+04    6.761021471162900E+04    6.761021471162900E+04    3.210095450878350E-01    3.657626820223371E+03    1.241468972056485E+34    2.059809144373476E+14    5.189172000000000E-01    0.000000000000000E+00    4.389564000000000E-01    9.994734999999999E-03    4.133528000000000E-03    1.260865000000000E-02    3.504532000000000E-03    2.094910000000000E-04    2.854871000000000E-03    2.160504000000000E-03    2.044775000000000E-03    5.361397000000000E-04    7.076552000000000E-04    0.000000000000000E+00    0.000000000000000E+00    0.000000000000000E+00    0.000000000000000E+00    0.000000000000000E+00    1.652534000000000E-04    0.000000000000000E+00    2.845368000000000E-03    2.423602957725500E+41    8.384185500153502E+13    6.284039864546501E+13
                      211    1.193374208888482E+32    1.247435891816969E+34    2.068274894303563E+14    1.706272440123537E+08    1.359611151262913E-10    5.269480659900200E+04    6.714478926730386E+04    6.714478926730386E+04    3.206257225513650E-01    3.584856453727143E+03    1.256388707259787E+34    2.081031997322088E+14    5.226664000000000E-01    0.000000000000000E+00    4.361885000000000E-01    9.693613000000000E-03    4.142081000000000E-03    1.235276000000000E-02    3.431135000000000E-03    2.099245000000000E-04    2.854176000000000E-03    2.066940000000000E-03    1.948958000000000E-03    5.098244000000000E-04    6.710111000000000E-04    0.000000000000000E+00    0.000000000000000E+00    0.000000000000000E+00    0.000000000000000E+00    0.000000000000000E+00    1.592823000000000E-04    0.000000000000000E+00    2.743845000000000E-03    2.463602957725500E+41    8.193009161957502E+13    6.162054653174001E+13
                      212    1.790566468860375E+32    1.265341522702605E+34    2.093789100340614E+14    1.726754425334910E+08    1.325606783806347E-10    5.125872682664325E+04    6.668256778920110E+04    6.668256778920110E+04    3.203941070556800E-01    3.478043054688403E+03    1.271430232567670E+34    2.102504068187816E+14    5.281142000000000E-01    0.000000000000000E+00    4.321395000000000E-01    9.256996999999999E-03    4.154265000000000E-03    1.199159000000000E-02    3.324542000000000E-03    2.105420000000000E-04    2.853138000000000E-03    1.936582000000000E-03    1.815466000000000E-03    4.731625000000000E-04    6.199603000000000E-04    0.000000000000000E+00    0.000000000000000E+00    0.000000000000000E+00    0.000000000000000E+00    0.000000000000000E+00    1.509630000000000E-04    0.000000000000000E+00    2.596381000000000E-03    2.522794084549000E+41    7.985435781487002E+13    6.030069441801501E+13
                      213    1.217750324334357E+32    1.277518942432734E+34    2.111219036035018E+14    1.743472440123537E+08    1.294639103649746E-10    4.986178421495901E+04    6.622352822137243E+04    6.622352822137243E+04    3.202624915599950E-01    3.406828319928514E+03    1.283700212777280E+34    2.120097342823007E+14    5.317487000000000E-01    0.000000000000000E+00    4.294210000000000E-01    8.966323999999999E-03    4.162235000000000E-03    1.175750000000000E-02    3.253469000000000E-03    2.109459000000000E-04    2.852428000000000E-03    1.853212000000000E-03    1.730095000000000E-03    4.497168000000000E-04    5.873133000000000E-04    0.000000000000000E+00    0.000000000000000E+00    0.000000000000000E+00    0.000000000000000E+00    0.000000000000000E+00    1.456426000000000E-04    0.000000000000000E+00    2.498038000000000E-03    2.565588169098000E+41    7.794259443291000E+13    5.898084230429001E+13
                      214    1.236247904838500E+32    1.289881483121825E+34    2.128975649610995E+14    1.759822440123537E+08    1.268862954327662E-10    4.860973550744865E+04    6.581723647228173E+04    6.581723647228173E+04    3.201227873325450E-01    3.335763031781087E+03    1.295642005937731E+34    2.137289105477416E+14    5.353777000000000E-01    0.000000000000000E+00    4.266931000000000E-01    8.676580000000000E-03    4.170067000000000E-03    1.152915000000000E-02    3.182536000000000E-03    2.113428000000000E-04    2.851705000000000E-03    1.772792000000000E-03    1.647747000000000E-03    4.271015000000000E-04    5.558229000000000E-04    0.000000000000000E+00    0.000000000000000E+00    0.000000000000000E+00    0.000000000000000E+00    0.000000000000000E+00    1.405104000000000E-04    0.000000000000000E+00    2.399875000000000E-03    2.611985211372500E+41    7.635877189644000E+13    5.796099019056501E+13
                      215    1.152106750432015E+32    1.301402528753637E+34    2.145602561343836E+14    1.775054425334910E+08    1.242077573626787E-10    4.761763425108658E+04    6.546547376233886E+04    6.546547376233886E+04    3.199191126823500E-01    3.270683971591759E+03    1.306660679815711E+34    2.153249359325216E+14    5.387029000000000E-01    0.000000000000000E+00    4.241815999999999E-01    8.411516000000001E-03    4.177134000000000E-03    1.132464000000000E-02    3.117570000000000E-03    2.117009000000000E-04    2.851030000000000E-03    1.701575000000000E-03    1.574825000000000E-03    4.070754000000000E-04    5.279382000000000E-04    0.000000000000000E+00    0.000000000000000E+00    0.000000000000000E+00    0.000000000000000E+00    0.000000000000000E+00    1.359655000000000E-04    0.000000000000000E+00    2.309954000000000E-03    2.638382253647000E+41    7.477494935997000E+13    5.690510849958501E+13
                      216    1.051625837913069E+32    1.311918830877785E+34    2.160896157306597E+14    1.790904425334910E+08    1.213804436262578E-10    4.674851447748231E+04    6.516468723251639E+04    6.516468723251639E+04    3.197154380321550E-01    3.212240215290537E+03    1.318028518466985E+34    2.169818340074387E+14    5.416989000000000E-01    0.000000000000000E+00    4.219095000000000E-01    8.173026000000000E-03    4.183414000000000E-03    1.114405000000000E-02    3.059057000000000E-03    2.120192000000000E-04    2.850413000000000E-03    1.639338000000000E-03    1.511102000000000E-03    3.895754000000000E-04    5.035713000000000E-04    0.000000000000000E+00    0.000000000000000E+00    0.000000000000000E+00    0.000000000000000E+00    0.000000000000000E+00    1.319939000000000E-04    0.000000000000000E+00    2.228953000000000E-03    2.664779295921500E+41    7.319112682350000E+13    5.574922680860501E+13
                      217    1.221930359564538E+32    1.324138206056185E+34    2.178740522842178E+14    1.808104425334910E+08    1.191650008529317E-10    4.557464117849988E+04    6.476489163923197E+04    6.476489163923197E+04    3.273757338047050E-01    3.143702570128790E+03    1.330367894181082E+34    2.187839182527535E+14    5.451152000000000E-01    0.000000000000000E+00    4.193089000000000E-01    7.901432999999999E-03    4.190485000000000E-03    1.094198000000000E-02    2.992361000000000E-03    2.123776000000000E-04    2.849699000000000E-03    1.570384000000000E-03    1.440502000000000E-03    3.701871000000000E-04    4.765753999999999E-04    0.000000000000000E+00    0.000000000000000E+00    0.000000000000000E+00    0.000000000000000E+00    0.000000000000000E+00    1.275935000000000E-04    0.000000000000000E+00    2.136610000000000E-03    2.684779295921500E+41    7.177127470977500E+13    5.485731554037001E+13
                      218    1.245948163551713E+32    1.336597582305979E+34    2.196937842212892E+14    1.824454425334910E+08    1.172596842573198E-10    4.464448473351142E+04    6.441875322605560E+04    6.441875322605560E+04    3.272720591545100E-01    3.074956325336908E+03    1.342146836573124E+34    2.205069887408248E+14    5.484662000000000E-01    0.000000000000000E+00    4.167490000000000E-01    7.635366000000000E-03    4.197335000000000E-03    1.074736000000000E-02    2.926964000000000E-03    2.127248000000000E-04    2.848990000000000E-03    1.504630000000000E-03    1.373181000000000E-03    3.516996000000000E-04    4.508342000000000E-04    0.000000000000000E+00    0.000000000000000E+00    0.000000000000000E+00    0.000000000000000E+00    0.000000000000000E+00    1.233973000000000E-04    0.000000000000000E+00    2.046052000000000E-03    2.711176338196000E+41    7.058745217330500E+13    5.410143384939001E+13
                      219    1.109842502107367E+32    1.347696090840268E+34    2.213201932603605E+14    1.840004425334910E+08    1.149250543806568E-10    4.352344443605463E+04    6.402353405508408E+04    6.402353405508408E+04    3.271323549270600E-01    3.014766581537665E+03    1.353344367918973E+34    2.221512993568241E+14    5.513089000000000E-01    0.000000000000000E+00    4.145706000000000E-01    7.409895999999999E-03    4.203084000000000E-03    1.058490000000000E-02    2.871503000000000E-03    2.130161000000000E-04    2.848381000000000E-03    1.450230000000000E-03    1.317486000000000E-03    3.364050000000000E-04    4.295388000000000E-04    0.000000000000000E+00    0.000000000000000E+00    0.000000000000000E+00    0.000000000000000E+00    0.000000000000000E+00    1.199258000000000E-04    0.000000000000000E+00    1.969242000000000E-03    2.741176338196000E+41    6.926760005958000E+13    5.314555215841001E+13
                      220    1.129672516065864E+32    1.358992644997677E+34    2.229824054532876E+14    1.856486410546283E+08    1.127583521412304E-10    4.272905204824104E+04    6.368135785555880E+04    6.372937263642061E+04    3.269926506996100E-01    2.954452086666534E+03    1.365162481985466E+34    2.238938534312473E+14    5.540797000000000E-01    0.000000000000000E+00    4.124420000000000E-01    7.190338000000001E-03    4.208635000000000E-03    1.042874000000000E-02    2.817461000000000E-03    2.132975000000000E-04    2.847782000000000E-03    1.398350000000000E-03    1.264373000000000E-03    3.218194000000000E-04    4.092308000000000E-04    0.000000000000000E+00    0.000000000000000E+00    0.000000000000000E+00    0.000000000000000E+00    0.000000000000000E+00    1.166151000000000E-04    0.000000000000000E+00    1.894389000000000E-03    2.767573380470500E+41    6.794774794585500E+13    5.225364089017501E+13
                      221    1.233951092596856E+32    1.371332318973255E+34    2.248053014092070E+14    1.872368395757655E+08    1.107002802729760E-10    4.185697270492256E+04    6.338876859372449E+04    6.338876859372449E+04    3.267529464721600E-01    2.889572031109595E+03    1.376544637187810E+34    2.255762875406619E+14    5.569630000000000E-01    0.000000000000000E+00    4.102217000000000E-01    6.962054000000000E-03    4.214363000000000E-03    1.026828000000000E-02    2.761238000000000E-03    2.135878000000000E-04    2.847153000000000E-03    1.345431000000000E-03    1.210197000000000E-03    3.069422000000000E-04    3.885171000000000E-04    0.000000000000000E+00    0.000000000000000E+00    0.000000000000000E+00    0.000000000000000E+00    0.000000000000000E+00    1.132380000000000E-04    0.000000000000000E+00    1.816506000000000E-03    2.803970422745000E+41    6.666392540938500E+13    5.133378877645001E+13
                      222    1.042474579165156E+32    1.381756955402364E+34    2.263472736721168E+14    1.887818395757655E+08    1.089303051994786E-10    4.080592791379429E+04    6.295240338006864E+04    6.299986854027885E+04    3.266132422447100E-01    2.835598689856436E+03    1.387651994146023E+34    2.272186172645554E+14    5.592349000000000E-01    0.000000000000000E+00    4.084687000000000E-01    6.782320000000000E-03    4.218842000000000E-03    1.014327000000000E-02    2.716949000000000E-03    2.138148000000000E-04    2.846655000000000E-03    1.304481000000000E-03    1.168275000000000E-03    2.954301000000000E-04    3.724888000000000E-04    0.000000000000000E+00    0.000000000000000E+00    0.000000000000000E+00    0.000000000000000E+00    0.000000000000000E+00    1.106248000000000E-04    0.000000000000000E+00    1.755148000000000E-03    2.843161549568500E+41    6.554407329566001E+13    5.060584793096001E+13
                      223    1.179007947572689E+32    1.393547032889681E+34    2.280899608569939E+14    1.905286410546283E+08    1.074357253817925E-10    3.997309860650270E+04    6.266316335981894E+04    6.266316335981894E+04    3.265014788627500E-01    2.775465742347525E+03    1.400184245617578E+34    2.290777085033327E+14    5.616010000000000E-01    0.000000000000000E+00    4.066387000000000E-01    6.595277000000000E-03    4.223466000000000E-03    1.001474000000000E-02    2.670832000000000E-03    2.140491000000000E-04    2.846131000000000E-03    1.262703000000000E-03    1.125507000000000E-03    2.836859000000000E-04    3.561373000000000E-04    0.000000000000000E+00    0.000000000000000E+00    0.000000000000000E+00    0.000000000000000E+00    0.000000000000000E+00    1.079587000000000E-04    0.000000000000000E+00    1.691250000000000E-03    2.876764507294000E+41    6.465216202742501E+13    5.001393666272501E+13
                      224    1.327441949056350E+32    1.406821458345474E+34    2.300654561496715E+14    1.924636410546283E+08    1.049901897034746E-10    3.924350733306909E+04    6.227871500847300E+04    6.237525227674751E+04    3.262978042125550E-01    2.708905473439724E+03    1.414004390162384E+34    2.311404053907961E+14    5.641684000000000E-01    0.000000000000000E+00    4.046468000000000E-01    6.392568000000000E-03    4.228424000000000E-03    9.877778000000000E-03    2.620812000000000E-03    2.143004000000000E-04    2.845556000000000E-03    1.218677000000000E-03    1.080439000000000E-03    2.713101000000000E-04    3.389069000000000E-04    0.000000000000000E+00    0.000000000000000E+00    0.000000000000000E+00    0.000000000000000E+00    0.000000000000000E+00    1.051492000000000E-04    0.000000000000000E+00    1.621933000000000E-03    2.910367465019500E+41    6.316833949095501E+13    4.895805497174501E+13
                      225    1.436575824809613E+32    1.421187321979293E+34    2.322153546319207E+14    1.942818395757655E+08    1.023643470228703E-10    3.817401280951389E+04    6.184999134994819E+04    6.194586406034233E+04    3.314382478713800E-01    2.637186899300626E+03    1.426954307127279E+34    2.330801107152719E+14    5.671197000000000E-01    0.000000000000000E+00    4.023491000000000E-01    6.159840000000000E-03    4.234048000000000E-03    9.723440999999999E-03    2.563334000000000E-03    2.145854000000000E-04    2.844887000000000E-03    1.169691000000000E-03    1.030296000000000E-03    2.575409000000000E-04    3.197368000000000E-04    0.000000000000000E+00    0.000000000000000E+00    0.000000000000000E+00    0.000000000000000E+00    0.000000000000000E+00    1.020231000000000E-04    0.000000000000000E+00    1.542265000000000E-03    2.956764507294000E+41    6.168451695448501E+13    4.790217328076500E+13
                      226    1.153411147307193E+32    1.432721292275265E+34    2.339448667986231E+14    1.958918395757655E+08    1.004959871282868E-10    3.713366498088090E+04    6.151943173162749E+04    6.151943173162749E+04    3.312345732211850E-01    2.580588801144662E+03    1.438406255516084E+34    2.348008672921725E+14    5.696883000000000E-01    0.000000000000000E+00    4.003441000000000E-01    5.957501000000000E-03    4.238890000000000E-03    9.591262000000000E-03    2.513327000000000E-03    2.148308000000000E-04    2.844300000000000E-03    1.128177000000000E-03    9.878034999999999E-04    2.458728000000000E-04    3.034922000000000E-04    0.000000000000000E+00    0.000000000000000E+00    0.000000000000000E+00    0.000000000000000E+00    0.000000000000000E+00    9.937394000000000E-05    0.000000000000000E+00    1.472940000000000E-03    2.996764507294000E+41    6.056466484076001E+13    4.711026201253000E+13
                      227    1.136975945520938E+32    1.444091218756903E+34    2.356568677857218E+14    1.977568395757655E+08    9.866172864495842E-11    3.620122427551029E+04    6.109593494241528E+04    6.114200035349619E+04    3.309948689937350E-01    2.525635842932488E+03    1.451605717919752E+34    2.367941661797835E+14    5.722833000000001E-01    0.000000000000000E+00    3.983140000000000E-01    5.753245000000000E-03    4.243740000000000E-03    9.459446999999999E-03    2.462818000000000E-03    2.150766000000000E-04    2.843702000000000E-03    1.087137000000000E-03    9.457964000000000E-04    2.343380000000000E-04    2.874334000000000E-04    0.000000000000000E+00    0.000000000000000E+00    0.000000000000000E+00    0.000000000000000E+00    0.000000000000000E+00    9.675492000000000E-05    0.000000000000000E+00    1.402911000000000E-03    3.033161549568500E+41    5.944481272703501E+13    4.635438032155000E+13
                      228    1.502912160710906E+32    1.459120217082600E+34    2.379314645738452E+14    1.998850380969028E+08    9.663817515084732E-11    3.546237474854512E+04    6.067535348459389E+04    6.081522461983665E+04    3.307272239207950E-01    2.454196458494266E+03    1.466580034974004E+34    2.390664630693267E+14    5.755597000000000E-01    0.000000000000000E+00    3.957444999999999E-01    5.495598000000000E-03    4.249802000000000E-03    9.295540999999999E-03    2.399065000000000E-03    2.153839000000000E-04    2.842941000000000E-03    1.036637000000000E-03    8.941095000000000E-04    2.201455000000000E-04    2.676747000000000E-04    0.000000000000000E+00    0.000000000000000E+00    0.000000000000000E+00    0.000000000000000E+00    0.000000000000000E+00    9.353226000000000E-05    0.000000000000000E+00    1.314505000000000E-03    3.089558591843000E+41    5.818893103605501E+13    4.539849863057000E+13
                      229    1.491951250139670E+32    1.474039852865409E+34    2.402014615648081E+14    2.019782366180400E+08    9.422121937999400E-11    3.417966602927753E+04    6.025766728916325E+04    6.025766728916325E+04    3.304595788478550E-01    2.384757046926981E+03    1.481234814562036E+34    2.413020546503503E+14    5.785299000000000E-01    0.000000000000000E+00    3.934087000000001E-01    5.262284000000000E-03    4.255234000000000E-03    9.149520000000000E-03    2.341292000000000E-03    2.156592000000000E-04    2.842244000000000E-03    9.921963000000000E-04    8.486254000000001E-04    2.076563000000000E-04    2.502878000000000E-04    0.000000000000000E+00    0.000000000000000E+00    0.000000000000000E+00    0.000000000000000E+00    0.000000000000000E+00    9.069620000000000E-05    0.000000000000000E+00    1.234376000000000E-03    3.129558591843000E+41    5.670510849958501E+13    4.440658736233500E+13
                      230    1.439002281374826E+32    1.488429776258664E+34    2.424026477358925E+14    2.040782366180400E+08    9.202019987836919E-11    3.324817523960373E+04    5.984285642527723E+04    5.984285642527723E+04    3.305117858886400E-01    2.318999251770601E+03    1.495889594150068E+34    2.435492705308326E+14    5.811836000000000E-01    0.000000000000000E+00    3.913168000000000E-01    5.054032000000000E-03    4.260038000000000E-03    9.021067000000001E-03    2.289692000000000E-03    2.159026000000000E-04    2.841616000000000E-03    9.535388000000000E-04    8.090622000000000E-04    1.967931000000000E-04    2.351647000000000E-04    0.000000000000000E+00    0.000000000000000E+00    0.000000000000000E+00    0.000000000000000E+00    0.000000000000000E+00    8.822922000000000E-05    0.000000000000000E+00    1.162797000000000E-03    3.169558591843000E+41    5.538525638586001E+13    4.345070567135500E+13
                      231    1.491959800302114E+32    1.503349412041472E+34    2.446958933257727E+14    2.062682366180400E+08    8.992556440093566E-11    3.234207015997452E+04    5.933892076039533E+04    5.943090109929259E+04    3.309478154658950E-01    2.251964738490995E+03    1.511043365195151E+34    2.458883723408289E+14    5.836801000000000E-01    0.000000000000000E+00    3.893448000000000E-01    4.858262000000000E-03    4.264519000000000E-03    8.901769000000000E-03    2.241160000000000E-03    2.161297000000000E-04    2.841022000000000E-03    9.179785000000000E-04    7.726702000000000E-04    1.868007000000000E-04    2.212541000000000E-04    0.000000000000000E+00    0.000000000000000E+00    0.000000000000000E+00    0.000000000000000E+00    0.000000000000000E+00    8.595988000000000E-05    0.000000000000000E+00    1.095464000000000E-03    3.209558591843000E+41    5.416540427213501E+13    4.249482398037501E+13
                      232    1.538802958877006E+32    1.518737318348830E+34    2.470808513558850E+14    2.085314351391772E+08    8.747484311758687E-11    3.117222590426607E+04    5.888603532294175E+04    5.888603532294175E+04    3.313198746204050E-01    2.184077155792706E+03    1.526580998765773E+34    2.483024946276591E+14    5.854610000000000E-01    0.000000000000000E+00    3.879362000000000E-01    4.718679000000000E-03    4.267697000000000E-03    8.817408000000001E-03    2.206544000000000E-03    2.162908000000000E-04    2.840596000000000E-03    8.929986000000000E-04    7.471065000000000E-04    1.797816000000000E-04    2.114828000000000E-04    0.000000000000000E+00    0.000000000000000E+00    0.000000000000000E+00    0.000000000000000E+00    0.000000000000000E+00    8.436573000000001E-05    0.000000000000000E+00    1.047434000000000E-03    3.249558591843000E+41    5.268158173566501E+13    4.143894228939501E+13
                      233    1.568720176109554E+32    1.534424679182715E+34    2.495241378994332E+14    2.108164351391772E+08    8.548367259177616E-11    3.032269620732319E+04    5.848066670709541E+04    5.848066670709541E+04    3.368198746204050E-01    2.114979946984711E+03    1.542271839316932E+34    2.507471927050831E+14    5.865861999999999E-01    0.000000000000000E+00    3.870447000000000E-01    4.630551000000000E-03    4.269690000000000E-03    8.764714000000000E-03    2.184679000000000E-03    2.163918000000000E-04    2.840326000000000E-03    8.775314999999999E-04    7.312786000000000E-04    1.754358000000000E-04    2.054330000000000E-04    0.000000000000000E+00    0.000000000000000E+00    0.000000000000000E+00    0.000000000000000E+00    0.000000000000000E+00    8.337866000000001E-05    0.000000000000000E+00    1.017092000000000E-03    3.295955634117500E+41    5.146172962194001E+13    4.048306059841501E+13
                      234    1.569432822207213E+32    1.550118999451148E+34    2.519702475107329E+14    2.128364351391772E+08    8.378161359862967E-11    2.922589467915070E+04    5.794451273201712E+04    5.794451273201712E+04    3.377397267341300E-01    2.046978752460104E+03    1.556157303125990E+34    2.529124715626569E+14    5.890725999999999E-01    0.000000000000000E+00    3.850712000000000E-01    4.435958000000000E-03    4.274058000000000E-03    8.649706000000000E-03    2.136377000000000E-03    2.166132000000000E-04    2.839724000000000E-03    8.440999000000002E-04    6.970681000000000E-04    1.660427000000000E-04    1.923572000000000E-04    0.000000000000000E+00    0.000000000000000E+00    0.000000000000000E+00    0.000000000000000E+00    0.000000000000000E+00    8.124511999999999E-05    0.000000000000000E+00    9.500530000000000E-04    3.343161549568500E+41    5.050584793096001E+13    3.979114933018001E+13
                      235    1.207659740763526E+32    1.562195606800833E+34    2.538546956145810E+14    2.146264351391772E+08    8.258157704656278E-11    2.842940791154178E+04    5.754562551209732E+04    5.754562551209732E+04    3.384956084251100E-01    1.995226820538767E+03    1.568455717596751E+34    2.548281618877519E+14    5.913192000000000E-01    0.000000000000000E+00    3.832850000000000E-01    4.260248000000000E-03    4.277974000000000E-03    8.546987000000001E-03    2.092741000000000E-03    2.168117000000000E-04    2.839177000000000E-03    8.145172999999999E-04    6.667974000000000E-04    1.577315000000000E-04    1.807876000000000E-04    0.000000000000000E+00    0.000000000000000E+00    0.000000000000000E+00    0.000000000000000E+00    0.000000000000000E+00    7.935720999999999E-05    0.000000000000000E+00    8.894840000000001E-04    3.376764507294000E+41    4.971393666272501E+13    3.926320848469001E+13
                      236    1.252031504710127E+32    1.574715828392670E+34    2.558016281609228E+14    2.165832366180400E+08    8.144851533209808E-11    2.765462761957514E+04    5.714948421248495E+04    5.714948421248495E+04    3.391875196933450E-01    1.942384229744107E+03    1.581892496718487E+34    2.569171178003881E+14    5.933327000000000E-01    0.000000000000000E+00    3.816802000000000E-01    4.102917000000000E-03    4.281447000000000E-03    8.456429000000000E-03    2.053646000000000E-03    2.169876000000000E-04    2.838684000000000E-03    7.887879000000000E-04    6.404708000000000E-04    1.505033000000000E-04    1.707259000000000E-04    0.000000000000000E+00    0.000000000000000E+00    0.000000000000000E+00    0.000000000000000E+00    0.000000000000000E+00    7.771517000000000E-05    0.000000000000000E+00    8.352060000000000E-04    3.423161549568500E+41    4.908599581723501E+13    3.883526763920000E+13
                      237    1.435327302251801E+32    1.589069165044304E+34    2.580326074398534E+14    2.187264351391773E+08    8.014624363454055E-11    2.690096224152746E+04    5.671337513358159E+04    5.675606993039757E+04    3.399434013843250E-01    1.882662413303398E+03    1.596608817592017E+34    2.592076733668764E+14    5.951616000000000E-01    0.000000000000000E+00    3.802194000000000E-01    3.960142000000000E-03    4.284569000000000E-03    8.375450000000000E-03    2.018147000000000E-03    2.171459000000000E-04    2.838232000000000E-03    7.660827000000000E-04    6.172398000000000E-04    1.441252000000000E-04    1.618476000000000E-04    0.000000000000000E+00    0.000000000000000E+00    0.000000000000000E+00    0.000000000000000E+00    0.000000000000000E+00    7.626613000000000E-05    0.000000000000000E+00    7.859118000000000E-04    3.473161549568500E+41    4.823011412625501E+13    3.820732679371000E+13
                      238    1.507939656227979E+32    1.604148470139730E+34    2.603827392938994E+14    2.210264351391773E+08    7.814175704565010E-11    2.592792817179682E+04    5.623572715360581E+04    5.623572715360581E+04    3.406992830753050E-01    1.821182111386840E+03    1.612349169548956E+34    2.616746109335110E+14    5.970480000000000E-01    0.000000000000000E+00    3.787106000000000E-01    3.812965000000000E-03    4.287768000000000E-03    8.292765000000001E-03    1.981539000000000E-03    2.173080000000000E-04    2.837764000000000E-03    7.431007000000000E-04    5.937266000000000E-04    1.376697000000000E-04    1.528617000000000E-04    0.000000000000000E+00    0.000000000000000E+00    0.000000000000000E+00    0.000000000000000E+00    0.000000000000000E+00    7.479941000000000E-05    0.000000000000000E+00    7.350726000000000E-04    3.523161549568500E+41    4.711026201253000E+13    3.731541552547500E+13
                      239    1.640137893435416E+32    1.620549868958183E+34    2.629664825731227E+14    2.234182366180400E+08    7.566293299664943E-11    2.499008969441527E+04    5.572015490806622E+04    5.572015490806622E+04    3.413191351890300E-01    1.755606528806559E+03    1.628505993953313E+34    2.642435216354009E+14    5.987701000000000E-01    0.000000000000000E+00    3.773309000000000E-01    3.678697000000000E-03    4.290666000000000E-03    8.218181000000000E-03    1.948128000000000E-03    2.174549000000000E-04    2.837335000000000E-03    7.225887000000000E-04    5.727411000000000E-04    1.319082000000000E-04    1.448421000000000E-04    0.000000000000000E+00    0.000000000000000E+00    0.000000000000000E+00    0.000000000000000E+00    0.000000000000000E+00    7.349030000000000E-05    0.000000000000000E+00    6.886657000000000E-04    3.586764507294000E+41    4.552643947606000E+13    3.613159298900500E+13
                      240    1.591224601344141E+32    1.636462118948444E+34    2.655205606976791E+14    2.258682366180400E+08    7.275840538809856E-11    2.408617375044381E+04    5.520930945728559E+04    5.520930945728559E+04    3.420389873027549E-01    1.693134760061358E+03    1.644705966851864E+34    2.668684965771966E+14    6.003553000000000E-01    0.000000000000000E+00    3.760593000000000E-01    3.555160999999999E-03    4.293318000000000E-03    8.150116000000001E-03    1.917378000000000E-03    2.175893000000000E-04    2.836938000000000E-03    7.040147000000000E-04    5.537391000000000E-04    1.266914000000000E-04    1.375806000000000E-04    0.000000000000000E+00    0.000000000000000E+00    0.000000000000000E+00    0.000000000000000E+00    0.000000000000000E+00    7.230488000000000E-05    0.000000000000000E+00    6.459502000000000E-04    3.653161549568500E+41    4.381467609410000E+13    3.481174087528000E+13
                      241    1.648774750549780E+32    1.652949814755285E+34    2.682164324567140E+14    2.283282366180400E+08    7.028832147906985E-11    2.321495332872747E+04    5.470314746574889E+04    5.470314746574889E+04    3.464308985709900E-01    1.628611205801322E+03    1.660747165222240E+34    2.695049728407308E+14    6.017853000000000E-01    0.000000000000000E+00    3.749105000000000E-01    3.443800000000000E-03    4.295692000000000E-03    8.089427000000000E-03    1.889646000000000E-03    2.177096000000000E-04    2.836578000000000E-03    6.876264999999999E-04    5.369739000000000E-04    1.220887000000000E-04    1.311741000000000E-04    0.000000000000000E+00    0.000000000000000E+00    0.000000000000000E+00    0.000000000000000E+00    0.000000000000000E+00    7.125894000000000E-05    0.000000000000000E+00    6.074220000000000E-04    3.716764507294000E+41    4.239482398037501E+13    3.369188876155500E+13
                      242    1.559461742069610E+32    1.668544515689196E+34    2.707935132247477E+14    2.308150380969027E+08    6.821551657639250E-11    2.237524580030354E+04    5.416085278082290E+04    5.420162599524390E+04    3.471507506847150E-01    1.568618685420060E+03    1.676817096115248E+34    2.721785039752299E+14    6.029416000000000E-01    0.000000000000000E+00    3.739803000000000E-01    3.353787000000000E-03    4.297600000000000E-03    8.040841999999999E-03    1.867223000000000E-03    2.178063000000000E-04    2.836286000000000E-03    6.746403000000000E-04    5.236896000000000E-04    1.184417000000000E-04    1.260979000000000E-04    0.000000000000000E+00    0.000000000000000E+00    0.000000000000000E+00    0.000000000000000E+00    0.000000000000000E+00    7.043011000000000E-05    0.000000000000000E+00    5.762664000000000E-04    3.786764507294000E+41    4.107497186665001E+13    3.269997749332000E+13
                      243    1.654513699118589E+32    1.685089676541300E+34    2.735634947257122E+14    2.334300380969028E+08    6.574809473782916E-11    2.151884977117621E+04    5.366430309787359E+04    5.366430309787359E+04    3.477706027984400E-01    1.506349388326958E+03    1.693490907085986E+34    2.749945407831361E+14    6.042299000000000E-01    0.000000000000000E+00    3.729429000000000E-01    3.253571000000000E-03    4.299713000000000E-03    7.987176000000000E-03    1.842250000000000E-03    2.179134000000000E-04    2.835959000000000E-03    6.603993000000000E-04    5.091220000000000E-04    1.144424000000000E-04    1.205315000000000E-04    0.000000000000000E+00    0.000000000000000E+00    0.000000000000000E+00    0.000000000000000E+00    0.000000000000000E+00    6.952120000000000E-05    0.000000000000000E+00    5.415634000000000E-04    3.860367465019500E+41    3.962717890743501E+13    3.158012537959500E+13
                      244    1.680246904301215E+32    1.701892137630673E+34    2.764255868405600E+14    2.360250380969028E+08    6.322417518022891E-11    2.059528541476127E+04    5.305001290001090E+04    5.308994985520915E+04    3.483904549121650E-01    1.444360307628537E+03    1.709772901891704E+34    2.777937547435496E+14    6.056097000000000E-01    0.000000000000000E+00    3.718303000000000E-01    3.146277000000000E-03    4.301963000000000E-03    7.930232000000001E-03    1.815505000000000E-03    2.180274000000000E-04    2.835608000000000E-03    6.454308000000000E-04    4.938110000000000E-04    1.102391000000000E-04    1.146811000000000E-04    0.000000000000000E+00    0.000000000000000E+00    0.000000000000000E+00    0.000000000000000E+00    0.000000000000000E+00    6.856584000000000E-05    0.000000000000000E+00    5.043933000000000E-04    3.943970422745000E+41    3.804335637096500E+13    3.036027326587000E+13
                      245    1.576148477704508E+32    1.717653666152735E+34    2.791619226465391E+14    2.385568395757655E+08    6.107777000626609E-11    1.980701605650004E+04    5.256364745830423E+04    5.256364745830423E+04    3.490103070258900E-01    1.386999724703218E+03    1.725384603730009E+34    2.805232063329001E+14    6.069374000000000E-01    0.000000000000000E+00    3.707588000000000E-01    3.043082000000000E-03    4.304118000000000E-03    7.875830000000000E-03    1.789775000000000E-03    2.181366000000000E-04    2.835269000000000E-03    6.312298000000000E-04    4.792853000000000E-04    1.062515000000000E-04    1.091310000000000E-04    0.000000000000000E+00    0.000000000000000E+00    0.000000000000000E+00    0.000000000000000E+00    0.000000000000000E+00    6.765945000000000E-05    0.000000000000000E+00    4.686313000000001E-04    4.027573380470500E+41    3.682350425724000E+13    2.934042115214500E+13
                      246    1.546189702705662E+32    1.733115541307283E+34    2.818844900192611E+14    2.410336410546283E+08    5.937697562024150E-11    1.895692164015144E+04    5.196195636136300E+04    5.200107420902744E+04    3.496301591396150E-01    1.331420124964159E+03    1.740451183002262E+34    2.831870783525535E+14    6.082157000000000E-01    0.000000000000000E+00    3.697259000000000E-01    2.943770000000000E-03    4.306181000000000E-03    7.823905000000001E-03    1.765006000000000E-03    2.182412000000000E-04    2.834941000000000E-03    6.177942000000000E-04    4.655431000000000E-04    1.024790000000000E-04    1.038804000000000E-04    0.000000000000000E+00    0.000000000000000E+00    0.000000000000000E+00    0.000000000000000E+00    0.000000000000000E+00    6.680189999999999E-05    0.000000000000000E+00    4.342004000000000E-04    4.101176338196000E+41    3.570365214351500E+13    2.854850988391000E+13
                      247    1.467129730882759E+32    1.747786824697242E+34    2.844896666858460E+14    2.436054425334910E+08    5.749341066484398E-11    1.823135944691359E+04    5.148556628196237E+04    5.148556628196237E+04    3.501860408305950E-01    1.279839428001606E+03    1.755876869097163E+34    2.859472670636982E+14    6.093768000000001E-01    0.000000000000000E+00    3.687868000000000E-01    2.853603000000000E-03    4.308045000000000E-03    7.777135000000000E-03    1.742512000000000E-03    2.183356000000000E-04    2.834643000000000E-03    6.057950000000000E-04    4.532705000000000E-04    9.910993000000000E-05    9.919144000000000E-05    0.000000000000000E+00    0.000000000000000E+00    0.000000000000000E+00    0.000000000000000E+00    0.000000000000000E+00    6.603603000000000E-05    0.000000000000000E+00    4.029279000000000E-04    4.181176338196000E+41    3.464777045253500E+13    2.765659861567500E+13
                      248    1.618004505482702E+32    1.763966913497086E+34    2.874048674415506E+14    2.463754425334910E+08    5.541381786590854E-11    1.744889040543576E+04    5.089621587819885E+04    5.093453141823691E+04    3.507058929443200E-01    1.224121638676743E+03    1.772221200552328E+34    2.889219118691730E+14    6.103911000000000E-01    0.000000000000000E+00    3.679656000000000E-01    2.774868000000000E-03    4.309665000000000E-03    7.736581000000001E-03    1.722864000000000E-03    2.184177000000000E-04    2.834382000000000E-03    5.954703000000000E-04    4.427109000000000E-04    9.621116999999999E-05    9.515705000000000E-05    0.000000000000000E+00    0.000000000000000E+00    0.000000000000000E+00    0.000000000000000E+00    0.000000000000000E+00    6.537702000000000E-05    0.000000000000000E+00    3.756110000000000E-04    4.264779295921500E+41    3.339188876155500E+13    2.670071692469500E+13
                      249    1.650869142666586E+32    1.780475487607569E+34    2.904389562967955E+14    2.491872440123538E+08    5.313166453982643E-11    1.662719743177899E+04    5.031361171272112E+04    5.031361171272112E+04    3.534897154807900E-01    1.168074226834362E+03    1.788518207852569E+34    2.919502758039616E+14    6.113147000000000E-01    0.000000000000000E+00    3.672171000000000E-01    2.703208000000000E-03    4.311132000000000E-03    7.699968000000000E-03    1.704977000000000E-03    2.184921000000000E-04    2.834143000000000E-03    5.862325000000000E-04    4.332633999999999E-04    9.361773000000001E-05    9.154765000000000E-05    0.000000000000000E+00    0.000000000000000E+00    0.000000000000000E+00    0.000000000000000E+00    0.000000000000000E+00    6.478739000000000E-05    0.000000000000000E+00    3.507386000000000E-04    4.361176338196000E+41    3.200806622508500E+13    2.558086481097000E+13
                      250    1.608545043204830E+32    1.796560928097568E+34    2.934615953111278E+14    2.521390454912165E+08    5.100562492388369E-11    1.587885027366361E+04    4.973767656197808E+04    4.973767656197808E+04    3.539735380172601E-01    1.114387251883519E+03    1.805233576589605E+34    2.951304684772877E+14    6.121790000000000E-01    0.000000000000000E+00    3.665159000000000E-01    2.636186000000000E-03    4.312497000000000E-03    7.666015000000000E-03    1.688242000000000E-03    2.185613000000000E-04    2.833918000000000E-03    5.777481000000000E-04    4.245866000000000E-04    9.123591000000000E-05    8.823281999999999E-05    0.000000000000000E+00    0.000000000000000E+00    0.000000000000000E+00    0.000000000000000E+00    0.000000000000000E+00    6.424583000000000E-05    0.000000000000000E+00    3.274665000000000E-04    4.464779295921500E+41    3.072424368861500E+13    2.456101269724500E+13
                      251    1.734525323905608E+32    1.813906225081641E+34    2.967993416434476E+14    2.556290454912165E+08    4.882228177983001E-11    1.516418428589321E+04    4.905525005603923E+04    4.916833408638934E+04    3.544213309764750E-01    1.057562996829272E+03    1.824561119373777E+34    2.988927776084730E+14    6.132495000000000E-01    0.000000000000000E+00    3.656466000000000E-01    2.553196000000000E-03    4.314180000000000E-03    7.624239999999999E-03    1.667516000000000E-03    2.186466000000000E-04    2.833640000000000E-03    5.673850000000000E-04    4.139890000000000E-04    8.832682000000000E-05    8.418422999999999E-05    0.000000000000000E+00    0.000000000000000E+00    0.000000000000000E+00    0.000000000000000E+00    0.000000000000000E+00    6.358435000000000E-05    0.000000000000000E+00    2.986405000000000E-04    4.574779295921500E+41    2.940439157489000E+13    2.356910142901000E+13
                      252    2.130970904787618E+32    1.835216013665912E+34    3.009862135734984E+14    2.590890454912165E+08    4.630395346046980E-11    1.421736305247589E+04    4.838218679278078E+04    4.838218679278078E+04    3.548691239356900E-01    9.898644924051357E+02    1.843297010800922E+34    3.026228882585740E+14    6.144205000000000E-01    0.000000000000000E+00    3.646944000000000E-01    2.462479000000000E-03    4.316006000000000E-03    7.579113000000000E-03    1.644850000000000E-03    2.187391000000000E-04    2.833334000000000E-03    5.563443000000000E-04    4.026991000000000E-04    8.522779000000000E-05    7.987141000000000E-05    0.000000000000000E+00    0.000000000000000E+00    0.000000000000000E+00    0.000000000000000E+00    0.000000000000000E+00    6.287959999999999E-05    0.000000000000000E+00    2.671127000000000E-04    4.704779295921500E+41    2.792056903842000E+13    2.234924931528500E+13
                      253    1.616210959779333E+32    1.851378007935933E+34    3.042595629436497E+14    2.621540454912165E+08    4.388877123410077E-11    1.342384540478683E+04    4.760860912510595E+04    4.768251773013733E+04    3.552169168949050E-01    9.396452102096860E+02    1.859377480266245E+34    3.059259005853748E+14    6.150921000000000E-01    0.000000000000000E+00    3.641476000000000E-01    2.410469000000000E-03    4.317048000000000E-03    7.553461000000000E-03    1.631852000000000E-03    2.187919000000000E-04    2.833158000000000E-03    5.501325000000000E-04    3.963474000000000E-04    8.348430000000000E-05    7.744508999999999E-05    0.000000000000000E+00    0.000000000000000E+00    0.000000000000000E+00    0.000000000000000E+00    0.000000000000000E+00    6.248307000000000E-05    0.000000000000000E+00    2.490296000000000E-04    4.808382253647000E+41    2.643674650195000E+13    2.119336762430500E+13
                      254    1.599884722853992E+32    1.867376952596557E+34    3.075922382271000E+14    2.653458469700793E+08    4.181705287556282E-11    1.270214137043879E+04    4.695539451952682E+04    4.702828906048095E+04    3.554647098541200E-01    8.908893086330565E+02    1.875664644937626E+34    3.093681706090786E+14    6.157008000000000E-01    0.000000000000000E+00    3.636518000000000E-01    2.363350000000000E-03    4.317989000000000E-03    7.530328000000001E-03    1.620074000000000E-03    2.188396000000000E-04    2.832998000000000E-03    5.445619000000000E-04    3.906514000000000E-04    8.192081000000000E-05    7.526929999999999E-05    0.000000000000000E+00    0.000000000000000E+00    0.000000000000000E+00    0.000000000000000E+00    0.000000000000000E+00    6.212748000000000E-05    0.000000000000000E+00    2.326437000000000E-04    4.931985211372500E+41    2.515292396548000E+13    2.017351551058000E+13
                      255    1.657543439238571E+32    1.883952337278696E+34    3.111441029910573E+14    2.686926484489420E+08    3.975149092008819E-11    1.201923819363100E+04    4.631114235432947E+04    4.638303674468704E+04    3.556125028133350E-01    8.414670234679944E+02    1.892232473662256E+34    3.129759253729590E+14    6.162646000000001E-01    0.000000000000000E+00    3.631922000000000E-01    2.319715000000000E-03    4.318857000000000E-03    7.509019000000000E-03    1.609165000000000E-03    2.188836000000000E-04    2.832849000000000E-03    5.394639000000000E-04    3.854389000000000E-04    8.049005000000000E-05    7.327824000000000E-05    0.000000000000000E+00    0.000000000000000E+00    0.000000000000000E+00    0.000000000000000E+00    0.000000000000000E+00    6.180205000000001E-05    0.000000000000000E+00    2.174652000000000E-04    5.061985211372500E+41    2.393307185175500E+13    1.921763381960000E+13
                      256    1.656035429192634E+32    1.900512610045817E+34    3.148077477548606E+14    2.721176484489419E+08    3.761433792828234E-11    1.126878108254089E+04    4.564142327569880E+04    4.564142327569880E+04    3.557242661952950E-01    7.932085733941340E+02    1.908649879180169E+34    3.166673162915826E+14    6.167918999999999E-01    0.000000000000000E+00    3.627621000000000E-01    2.278920000000000E-03    4.319666000000000E-03    7.489214000000001E-03    1.598964000000000E-03    2.189246000000000E-04    2.832710000000000E-03    5.347603000000000E-04    3.806298000000000E-04    7.917002000000000E-05    7.144130000000000E-05    0.000000000000000E+00    0.000000000000000E+00    0.000000000000000E+00    0.000000000000000E+00    0.000000000000000E+00    6.150178999999999E-05    0.000000000000000E+00    2.032707000000000E-04    5.198382253647001E+41    2.261321973803000E+13    1.816175212862000E+13
                      257    1.627448657004569E+32    1.916787148314520E+34    3.185268848283046E+14    2.755726484489420E+08    3.551022482548906E-11    1.058812484980844E+04    4.491166738603229E+04    4.494542524940152E+04    3.569279408454900E-01    7.467939816312951E+02    1.924708078454938E+34    3.203935056532014E+14    6.172797000000000E-01    0.000000000000000E+00    3.623640000000000E-01    2.241188000000000E-03    4.320412000000000E-03    7.470978000000000E-03    1.589527000000000E-03    2.189624000000000E-04    2.832581000000000E-03    5.304542000000000E-04    3.762272000000000E-04    7.796160000000000E-05    6.975969000000000E-05    0.000000000000000E+00    0.000000000000000E+00    0.000000000000000E+00    0.000000000000000E+00    0.000000000000000E+00    6.122691000000000E-05    0.000000000000000E+00    1.901391000000000E-04    5.323970422745000E+41    2.139336762430500E+13    1.720587043764000E+13
                      258    1.584190203744572E+32    1.932629008595358E+34    3.222601264780984E+14    2.790344499278047E+08    3.367855286045970E-11    9.997166885715731E+03    4.419357948610592E+04    4.429545620833592E+04    3.569036746501950E-01    7.026009551382381E+02    1.940314908689061E+34    3.241318583778176E+14    6.178719000000000E-01    0.000000000000000E+00    3.618804000000000E-01    2.195396000000000E-03    4.321315000000000E-03    7.448937000000000E-03    1.578073000000000E-03    2.190082000000000E-04    2.832425000000000E-03    5.252760000000000E-04    3.709332000000000E-04    7.650851000000000E-05    6.773761999999999E-05    0.000000000000000E+00    0.000000000000000E+00    0.000000000000000E+00    0.000000000000000E+00    0.000000000000000E+00    6.089635000000000E-05    0.000000000000000E+00    1.741994000000000E-04    5.445955634117501E+41    2.027351551058000E+13    1.624998874666000E+13
                      259    1.537167889440331E+32    1.948000808782764E+34    3.260035902775368E+14    2.825662514066675E+08    3.179460412548737E-11    9.372963848944624E+03    4.348697301766559E+04    4.358722084375854E+04    3.586250056266700E-01    6.605974725632569E+02    1.955709973271953E+34    3.279478740674110E+14    6.183212000000000E-01    0.000000000000000E+00    3.615133000000000E-01    2.160663000000000E-03    4.321998000000000E-03    7.432309000000000E-03    1.569384000000000E-03    2.190428000000000E-04    2.832305000000000E-03    5.213966999999999E-04    3.669671000000000E-04    7.541994000000000E-05    6.622281999999999E-05    0.000000000000000E+00    0.000000000000000E+00    0.000000000000000E+00    0.000000000000000E+00    0.000000000000000E+00    6.064870000000000E-05    0.000000000000000E+00    1.621063000000000E-04    5.570734930038999E+41    1.915366339685500E+13    1.539410705568000E+13
                      260    1.541835681611794E+32    1.963419137761143E+34    3.298921578572851E+14    2.862412514066675E+08    3.001604183187166E-11    8.726077255243468E+03    4.279166440531773E+04    4.282382876804157E+04    3.608867802619700E-01    6.191907006494790E+02    1.971153952737665E+34    3.319183153953568E+14    6.186931000000000E-01    0.000000000000000E+00    3.612093000000000E-01    2.131919000000000E-03    4.322561000000000E-03    7.418613000000000E-03    1.562192000000000E-03    2.190714000000000E-04    2.832207000000000E-03    5.182210000000000E-04    3.637205000000000E-04    7.452883000000001E-05    6.498282000000000E-05    0.000000000000000E+00    0.000000000000000E+00    0.000000000000000E+00    0.000000000000000E+00    0.000000000000000E+00    6.044597000000000E-05    0.000000000000000E+00    1.520960000000000E-04    5.702720141411501E+41    1.809778170587500E+13    1.450219578744500E+13
                      261    1.546967966329053E+32    1.978888767714187E+34    3.339444729334284E+14    2.900312514066675E+08    2.814190041986076E-11    8.163510242405394E+03    4.204220580526484E+04    4.210747300883608E+04    3.625522295474650E-01    5.785824680499461E+02    1.986471867017575E+34    3.360173938644441E+14    6.192741000000000E-01    0.000000000000000E+00    3.607341000000000E-01    2.087022000000000E-03    4.323439000000000E-03    7.397296999999999E-03    1.550957000000000E-03    2.191158000000000E-04    2.832052000000000E-03    5.133013000000000E-04    3.586912000000000E-04    7.314843000000000E-05    6.306198000000000E-05    0.000000000000000E+00    0.000000000000000E+00    0.000000000000000E+00    0.000000000000000E+00    0.000000000000000E+00    6.013190000000000E-05    0.000000000000000E+00    1.364582000000000E-04    5.838308310509499E+41    1.694190001489500E+13    1.363910818101400E+13
                      262    1.516695221411623E+32    1.994054966320962E+34    3.380903147954599E+14    2.939762514066675E+08    2.632409333403312E-11    7.583626613328343E+03    4.127484906934160E+04    4.133892501219433E+04    3.636132647513900E-01    5.396308230435309E+02    2.001747129905757E+34    3.402841009871056E+14    6.194954000000000E-01    0.000000000000000E+00    3.605530000000000E-01    2.069929000000000E-03    4.323773000000000E-03    7.389220000000000E-03    1.546679000000000E-03    2.191327000000000E-04    2.831993000000000E-03    5.114485000000000E-04    3.567971000000000E-04    7.262856000000000E-05    6.233858000000000E-05    0.000000000000000E+00    0.000000000000000E+00    0.000000000000000E+00    0.000000000000000E+00    0.000000000000000E+00    6.001361000000000E-05    0.000000000000000E+00    1.305032000000000E-04    5.994705352784000E+41    1.582204790117000E+13    1.276881465913200E+13
                      263    1.538313213525852E+32    2.009439293490553E+34    3.424778871787512E+14    2.980862514066675E+08    2.460873099145310E-11    7.029775367290943E+03    4.049106305700549E+04    4.055396948209823E+04    3.640779746055100E-01    5.010646654710469E+02    2.016955482801792E+34    3.447241070400445E+14    6.198936000000000E-01    0.000000000000000E+00    3.602270000000000E-01    2.039163000000000E-03    4.324372000000000E-03    7.374704000000000E-03    1.538978000000000E-03    2.191631000000000E-04    2.831887000000000E-03    5.081263000000000E-04    3.534010000000000E-04    7.169646000000000E-05    6.104156000000000E-05    0.000000000000000E+00    0.000000000000000E+00    0.000000000000000E+00    0.000000000000000E+00    0.000000000000000E+00    5.980153000000000E-05    0.000000000000000E+00    1.197840000000000E-04    6.158308310509500E+41    1.480219578744500E+13    1.190572705270100E+13
                      264    1.503210621032497E+32    2.024471672113030E+34    3.469703269013378E+14    3.022930528855302E+08    2.291338323141125E-11    6.484506680003450E+03    3.966059076288904E+04    3.975201786690763E+04    3.639382703780600E-01    4.643188211948921E+02    2.031796974076682E+34    3.492665563970489E+14    6.201268000000000E-01    0.000000000000000E+00    3.600362000000000E-01    2.021154000000000E-03    4.324723000000000E-03    7.366207000000000E-03    1.534471000000000E-03    2.191809000000000E-04    2.831825000000000E-03    5.061813000000000E-04    3.514127000000000E-04    7.115073000000001E-05    6.028218000000000E-05    0.000000000000000E+00    0.000000000000000E+00    0.000000000000000E+00    0.000000000000000E+00    0.000000000000000E+00    5.967736000000000E-05    0.000000000000000E+00    1.135094000000000E-04    6.319117183686000E+41    1.381028451921000E+13    1.110660986901500E+13
                      265    1.465199780262259E+32    2.039122276040333E+34    3.515627858927601E+14    3.065798543643930E+08    2.123680693339223E-11    5.955818406419179E+03    3.890750393160294E+04    3.890750393160294E+04    3.635662112235500E-01    4.295379926726965E+02    2.046244760197174E+34    3.539081515357365E+14    6.204537000000000E-01    0.000000000000000E+00    3.597686000000000E-01    1.995896000000000E-03    4.325215000000000E-03    7.354289000000000E-03    1.528149000000000E-03    2.192058000000000E-04    2.831738000000000E-03    5.034534000000000E-04    3.486241000000000E-04    7.038536000000000E-05    5.921718000000000E-05    0.000000000000000E+00    0.000000000000000E+00    0.000000000000000E+00    0.000000000000000E+00    0.000000000000000E+00    5.950321000000000E-05    0.000000000000000E+00    1.047094000000000E-04    6.480734930039001E+41    1.277962353230850E+13    1.025433113576050E+13
                      266    1.424334378281647E+32    2.053367244354014E+34    3.562535171787129E+14    3.110198543643930E+08    1.960439398993998E-11    5.482030501628172E+03    3.802186101644688E+04    3.810951045825463E+04    3.620978267192350E-01    3.968639211432246E+02    2.060440018264087E+34    3.587243871844153E+14    6.206520000000000E-01    0.000000000000000E+00    3.596063000000000E-01    1.980582000000000E-03    4.325513000000000E-03    7.347063000000001E-03    1.524316000000000E-03    2.192210000000000E-04    2.831685000000000E-03    5.017994000000000E-04    3.469333000000000E-04    6.992129000000000E-05    5.857141999999999E-05    0.000000000000000E+00    0.000000000000000E+00    0.000000000000000E+00    0.000000000000000E+00    0.000000000000000E+00    5.939762000000000E-05    0.000000000000000E+00    9.937364000000000E-05    6.626764507294000E+41    1.182013888360300E+13    9.469625782976500E+12
                      267    1.414560946085192E+32    2.067512792174160E+34    3.611952571901178E+14    3.153898543643930E+08    1.790973743085903E-11    4.999671239164618E+03    3.721414681597156E+04    3.724203209221117E+04    3.638632534980500E-01    3.652170480334608E+02    2.073659961289423E+34    3.634724915604635E+14    6.208837000000000E-01    0.000000000000000E+00    3.594167000000000E-01    1.962682000000000E-03    4.325862000000000E-03    7.338617000000000E-03    1.519836000000000E-03    2.192386000000000E-04    2.831623000000000E-03    4.998662000000000E-04    3.449571000000000E-04    6.937888999999999E-05    5.781668000000000E-05    0.000000000000000E+00    0.000000000000000E+00    0.000000000000000E+00    0.000000000000000E+00    0.000000000000000E+00    5.927420000000000E-05    0.000000000000000E+00    9.313730999999999E-05    6.763602957725500E+41    1.078227198125050E+13    8.661317472467000E+12
                      268    1.229554519531756E+32    2.079807130404686E+34    3.657497259308092E+14    3.192980528855302E+08    1.645710431451598E-11    4.592112701260226E+03    3.645088412177315E+04    3.645088412177315E+04    3.663360295772550E-01    3.381771556086701E+02    2.084951146740182E+34    3.677342404539288E+14    6.210013000000000E-01    0.000000000000000E+00    3.593204000000000E-01    1.953597000000000E-03    4.326039000000000E-03    7.334331000000000E-03    1.517562000000000E-03    2.192476000000000E-04    2.831592000000000E-03    4.988850000000000E-04    3.439540000000000E-04    6.910358000000001E-05    5.743358000000000E-05    0.000000000000000E+00    0.000000000000000E+00    0.000000000000000E+00    0.000000000000000E+00    0.000000000000000E+00    5.921156000000000E-05    0.000000000000000E+00    8.997185000000000E-05    6.918823661804000E+41    9.911978459368502E+12    7.952200288781001E+12
                      269    1.028713788654990E+32    2.090095163075678E+34    3.697187549770482E+14    3.233212514066675E+08    1.574306247225399E-11    4.226808169317261E+03    3.570327595656973E+04    3.570327595656973E+04    3.684536633968550E-01    3.154740296060612E+02    2.096219465477428E+34    3.721249318741751E+14    6.211417000000000E-01    0.000000000000000E+00    3.592054000000000E-01    1.942748000000000E-03    4.326250000000000E-03    7.329212000000000E-03    1.514847000000000E-03    2.192583000000000E-04    2.831554000000000E-03    4.977134000000000E-04    3.427563000000000E-04    6.877483999999999E-05    5.697615000000000E-05    0.000000000000000E+00    0.000000000000000E+00    0.000000000000000E+00    0.000000000000000E+00    0.000000000000000E+00    5.913676000000001E-05    0.000000000000000E+00    8.619216000000000E-05    7.041250281333500E+41    9.476831698427500E+12    7.592641696938001E+12
                      270    1.224989528150607E+32    2.102343767879178E+34    3.745311087713018E+14    3.280112514066675E+08    1.513872217268052E-11    3.882309737262492E+03    3.494485707018837E+04    3.494485707018837E+04    3.697595338344950E-01    2.888769071276531E+02    2.108950259674572E+34    3.772478217810694E+14    6.212957000000000E-01    0.000000000000000E+00    3.590795000000000E-01    1.930858000000000E-03    4.326482000000000E-03    7.323602000000000E-03    1.511870000000000E-03    2.192700000000000E-04    2.831513000000000E-03    4.964292000000000E-04    3.414435000000000E-04    6.841453000000000E-05    5.647478000000000E-05    0.000000000000000E+00    0.000000000000000E+00    0.000000000000000E+00    0.000000000000000E+00    0.000000000000000E+00    5.905478000000000E-05    0.000000000000000E+00    8.204939000000000E-05    7.216470985412000E+41    9.123670148859000E+12    7.285068316467501E+12
                      271    1.321181042896483E+32    2.115556751469966E+34    3.799645347908369E+14    3.330776484489420E+08    1.387040744887414E-11    3.508247150904214E+03    3.407087353494883E+04    3.407087353494883E+04    3.680933451176250E-01    2.614497694311723E+02    2.121930599310489E+34    3.827875708232602E+14    6.214321000000000E-01    0.000000000000000E+00    3.589678000000000E-01    1.920316000000000E-03    4.326687000000000E-03    7.318628000000001E-03    1.509232000000000E-03    2.192805000000000E-04    2.831477000000000E-03    4.952907000000000E-04    3.402797000000000E-04    6.809510000000000E-05    5.603029000000000E-05    0.000000000000000E+00    0.000000000000000E+00    0.000000000000000E+00    0.000000000000000E+00    0.000000000000000E+00    5.898209000000000E-05    0.000000000000000E+00    7.837662000000000E-05    7.424485774039499E+41    8.356170711526000E+12    6.657936344154001E+12
                      272    1.274847712612438E+32    2.128304447151012E+34    3.856106068556835E+14    3.385672440123538E+08    1.234108722783570E-11    3.141160887759369E+03    3.311760905231421E+04    3.314234764277751E+04    3.651448127270350E-01    2.362845235614724E+02    2.134856257674962E+34    3.887957965675310E+14    6.215246000000000E-01    0.000000000000000E+00    3.588921000000000E-01    1.913172000000000E-03    4.326826000000000E-03    7.315257000000000E-03    1.507444000000000E-03    2.192875000000000E-04    2.831452000000000E-03    4.945190000000000E-04    3.394909000000000E-04    6.787860000000000E-05    5.572903000000000E-05    0.000000000000000E+00    0.000000000000000E+00    0.000000000000000E+00    0.000000000000000E+00    0.000000000000000E+00    5.893283000000000E-05    0.000000000000000E+00    7.588740000000000E-05    7.650882816314000E+41    7.433083105095001E+12    5.905216202742500E+12
                      273    1.310393322824985E+32    2.141408068198912E+34    3.919809862793785E+14    3.453636410546283E+08    1.081656137385815E-11    2.786699766354226E+03    3.214096967661040E+04    3.216497872523063E+04    3.604690789223300E-01    2.117206492533514E+02    2.149175791358794E+34    3.962180562401621E+14    6.216787000000000E-01    0.000000000000000E+00    3.587660000000000E-01    1.901272000000000E-03    4.327058000000000E-03    7.309642000000000E-03    1.504465000000000E-03    2.192993000000000E-04    2.831411000000000E-03    4.932339000000000E-04    3.381771000000000E-04    6.751801000000000E-05    5.522728000000000E-05    0.000000000000000E+00    0.000000000000000E+00    0.000000000000000E+00    0.000000000000000E+00    0.000000000000000E+00    5.885079000000001E-05    0.000000000000000E+00    7.174149000000000E-05    7.912059154510001E+41    6.509995498664001E+12    5.149701976782001E+12
                      274    1.553407431695309E+32    2.156943514518676E+34    4.004551262009459E+14    3.524582366180400E+08    9.399163814829406E-12    2.422001146135483E+03    3.104981200767442E+04    3.104981200767442E+04    3.540617296219400E-01    1.838422256977418E+02    2.162763590210209E+34    4.039323246371079E+14    6.217437000000000E-01    0.000000000000000E+00    3.587127000000000E-01    1.896245000000000E-03    4.327156000000000E-03    7.307270000000000E-03    1.503207000000000E-03    2.193042000000000E-04    2.831394000000000E-03    4.926909000000000E-04    3.376221000000000E-04    6.736567000000000E-05    5.501530000000000E-05    0.000000000000000E+00    0.000000000000000E+00    0.000000000000000E+00    0.000000000000000E+00    0.000000000000000E+00    5.881613000000000E-05    0.000000000000000E+00    6.998992999999999E-05    8.227647323608000E+41    5.666099019056500E+12    4.443378877645000E+12
                      275    1.163988493614371E+32    2.168583665901742E+34    4.074095230732700E+14    3.592010307025890E+08    8.352672684964702E-12    2.090135031781937E+03    2.985788046808427E+04    2.992670999106467E+04    3.482779070854700E-01    1.638467028421233E+02    2.174551878128642E+34    4.112592689738234E+14    6.217437000000000E-01    0.000000000000000E+00    3.587127000000000E-01    1.896245000000000E-03    4.327156000000000E-03    7.307270000000000E-03    1.503207000000000E-03    2.193042000000000E-04    2.831394000000000E-03    4.926909000000000E-04    3.376221000000000E-04    6.736567000000000E-05    5.501530000000000E-05    0.000000000000000E+00    0.000000000000000E+00    0.000000000000000E+00    0.000000000000000E+00    0.000000000000000E+00    5.881613000000000E-05    0.000000000000000E+00    6.998992999999999E-05    8.446029577255000E+41    5.029775919919501E+12    3.899040989880500E+12
                      276    1.193760556926359E+32    2.180520090355543E+34    4.151090148743766E+14    3.661988247871380E+08    7.262551395852738E-12    1.803741694364046E+03    2.884423167096559E+04    2.884423167096559E+04    3.440734930039000E-01    1.448221841078190E+02    2.185716799552612E+34    4.188832358395336E+14    6.217437000000000E-01    0.000000000000000E+00    3.587127000000000E-01    1.896245000000000E-03    4.327156000000000E-03    7.307270000000000E-03    1.503207000000000E-03    2.193042000000000E-04    2.831394000000000E-03    4.926909000000000E-04    3.376221000000000E-04    6.736567000000000E-05    5.501530000000000E-05    0.000000000000000E+00    0.000000000000000E+00    0.000000000000000E+00    0.000000000000000E+00    0.000000000000000E+00    5.881613000000000E-05    0.000000000000000E+00    6.998992999999999E-05    8.679191126823500E+41    4.370658736233500E+12    3.356320848469000E+12
                      277    1.039327920544776E+32    2.190913508749682E+34    4.226574568046906E+14    3.739298173928243E+08    6.310869778654026E-12    1.570993341476778E+03    2.786499535952214E+04    2.786499535952214E+04    3.398455521584101E-01    1.288136941568943E+02    2.196736567056021E+34    4.273265282923412E+14    6.217437000000000E-01    0.000000000000000E+00    3.587127000000000E-01    1.896245000000000E-03    4.327156000000000E-03    7.307270000000000E-03    1.503207000000000E-03    2.193042000000000E-04    2.831394000000000E-03    4.926909000000000E-04    3.376221000000000E-04    6.736567000000000E-05    5.501530000000000E-05    0.000000000000000E+00    0.000000000000000E+00    0.000000000000000E+00    0.000000000000000E+00    0.000000000000000E+00    5.881613000000000E-05    0.000000000000000E+00    6.998992999999999E-05    8.878749718666500E+41    3.803526763920000E+12    2.876394791606500E+12
                      278    1.164617029974499E+32    2.202559625362360E+34    4.319955997799918E+14    3.821676114773732E+08    5.531277702002542E-12    1.343304112460269E+03    2.675366400193501E+04    2.679532167482030E+04    3.386007169246950E-01    1.115546872909858E+02    2.207423275906087E+34    4.363343396910129E+14    6.217437000000000E-01    0.000000000000000E+00    3.587127000000000E-01    1.896245000000000E-03    4.327156000000000E-03    7.307270000000000E-03    1.503207000000000E-03    2.193042000000000E-04    2.831394000000000E-03    4.926909000000000E-04    3.376221000000000E-04    6.736567000000000E-05    5.501530000000000E-05    0.000000000000000E+00    0.000000000000000E+00    0.000000000000000E+00    0.000000000000000E+00    0.000000000000000E+00    5.881613000000000E-05    0.000000000000000E+00    6.998992999999999E-05    9.117499437333001E+41    3.329188876155500E+12    2.479262819293000E+12
                      279    9.726913347530077E+31    2.212286926449814E+34    4.406730796020340E+14    3.900972070407850E+08    4.732484702863851E-12    1.130030540988657E+03    2.566748213882155E+04    2.566748213882155E+04    3.358713197231350E-01    9.796576203721207E+01    2.216692248518346E+34    4.450218793772845E+14    6.217437000000000E-01    0.000000000000000E+00    3.587127000000000E-01    1.896245000000000E-03    4.327156000000000E-03    7.307270000000000E-03    1.503207000000000E-03    2.193042000000000E-04    2.831394000000000E-03    4.926909000000000E-04    3.376221000000000E-04    6.736567000000000E-05    5.501530000000000E-05    0.000000000000000E+00    0.000000000000000E+00    0.000000000000000E+00    0.000000000000000E+00    0.000000000000000E+00    5.881613000000000E-05    0.000000000000000E+00    6.998992999999999E-05    9.308675775529000E+41    2.851248030665500E+12    2.084924931528500E+12
                      280    8.809966089297154E+31    2.221097570586878E+34    4.493706791525351E+14    3.981650011253340E+08    4.084032776206848E-12    9.662515001424762E+02    2.468216597988424E+04    2.468216597988424E+04    3.326853013992200E-01    8.633767664153918E+01    2.225224515273511E+34    4.538891361783314E+14    6.217437000000000E-01    0.000000000000000E+00    3.587127000000000E-01    1.896245000000000E-03    4.327156000000000E-03    7.307270000000000E-03    1.503207000000000E-03    2.193042000000000E-04    2.831394000000000E-03    4.926909000000000E-04    3.376221000000000E-04    6.736567000000000E-05    5.501530000000000E-05    0.000000000000000E+00    0.000000000000000E+00    0.000000000000000E+00    0.000000000000000E+00    0.000000000000000E+00    5.881613000000000E-05    0.000000000000000E+00    6.998992999999999E-05    9.457866902352500E+41    2.458895354273500E+12    1.776175212862000E+12
                      281    8.254191611567953E+31    2.229351459960145E+34    4.584075932041276E+14    4.072245966887457E+08    3.540700716318329E-12    8.244690256097294E+02    2.371695748482198E+04    2.371695748482198E+04    3.297426619529500E-01    7.596501998258105E+01    2.233731926905293E+34    4.638655839804356E+14    6.217437000000000E-01    0.000000000000000E+00    3.587127000000000E-01    1.896245000000000E-03    4.327156000000000E-03    7.307270000000000E-03    1.503207000000000E-03    2.193042000000000E-04    2.831394000000000E-03    4.926909000000000E-04    3.376221000000000E-04    6.736567000000000E-05    5.501530000000000E-05    0.000000000000000E+00    0.000000000000000E+00    0.000000000000000E+00    0.000000000000000E+00    0.000000000000000E+00    5.881613000000000E-05    0.000000000000000E+00    6.998992999999999E-05    9.581469860078000E+41    2.129336762430500E+12    1.525807747842500E+12
                      282    8.761782941310399E+31    2.238112393850441E+34    4.693235747567436E+14    4.184473907732947E+08    2.999778712132135E-12    6.921087571240034E+02    2.270173109362348E+04    2.270173109362348E+04    3.336205915450999E-01    6.520972465713854E+01    2.242800070120611E+34    4.762253515051741E+14    6.217437000000000E-01    0.000000000000000E+00    3.587127000000000E-01    1.896245000000000E-03    4.327156000000000E-03    7.307270000000000E-03    1.503207000000000E-03    2.193042000000000E-04    2.831394000000000E-03    4.926909000000000E-04    3.376221000000000E-04    6.736567000000000E-05    5.501530000000000E-05    0.000000000000000E+00    0.000000000000000E+00    0.000000000000000E+00    0.000000000000000E+00    0.000000000000000E+00    5.881613000000000E-05    0.000000000000000E+00    6.998992999999999E-05    9.711469860078000E+41    1.806175212862000E+12    1.293278508187700E+12
                      283    9.375354528751178E+31    2.247487746390782E+34    4.831271282536047E+14    4.297683833789811E+08    2.392354109411639E-12    5.599823571744797E+02    2.153074091808459E+04    2.153074091808459E+04    3.355992605686250E-01    5.429027091928147E+01    2.250789500981076E+34    4.886767142853483E+14    6.217437000000000E-01    0.000000000000000E+00    3.587127000000000E-01    1.896245000000000E-03    4.327156000000000E-03    7.307270000000000E-03    1.503207000000000E-03    2.193042000000000E-04    2.831394000000000E-03    4.926909000000000E-04    3.376221000000000E-04    6.736567000000000E-05    5.501530000000000E-05    0.000000000000000E+00    0.000000000000000E+00    0.000000000000000E+00    0.000000000000000E+00    0.000000000000000E+00    5.881613000000000E-05    0.000000000000000E+00    6.998992999999999E-05    9.841469860078000E+41    1.440219578744500E+12    1.026153705121150E+12
                      284    6.603837268216891E+31    2.254091255571370E+34    4.942263003170919E+14    4.399243759846672E+08    1.985296893861530E-12    4.540358873478979E+02    2.043540590649229E+04    2.043540590649229E+04    3.359345507145050E-01    4.699363037905923E+01    2.257196157584465E+34    4.998706191409442E+14    6.217437000000000E-01    0.000000000000000E+00    3.587127000000000E-01    1.896245000000000E-03    4.327156000000000E-03    7.307270000000000E-03    1.503207000000000E-03    2.193042000000000E-04    2.831394000000000E-03    4.926909000000000E-04    3.376221000000000E-04    6.736567000000000E-05    5.501530000000000E-05    0.000000000000000E+00    0.000000000000000E+00    0.000000000000000E+00    0.000000000000000E+00    0.000000000000000E+00    5.881613000000000E-05    0.000000000000000E+00    6.998992999999999E-05    9.934263944627000E+41    1.198050634862250E+12    8.530141134271001E+11
                      285    6.208871461960654E+31    2.260301059597561E+34    5.055149379647966E+14    4.528917656326280E+08    1.754240845482572E-12    3.776506018764365E+02    1.951566113303882E+04    1.951566113303882E+04    3.354742549419550E-01    4.044273271319104E+01    2.264279867748827E+34    5.142232120844847E+14    6.217437000000000E-01    0.000000000000000E+00    3.587127000000000E-01    1.896245000000000E-03    4.327156000000000E-03    7.307270000000000E-03    1.503207000000000E-03    2.193042000000000E-04    2.831394000000000E-03    4.926909000000000E-04    3.376221000000000E-04    6.736567000000000E-05    5.501530000000000E-05    0.000000000000000E+00    0.000000000000000E+00    0.000000000000000E+00    0.000000000000000E+00    0.000000000000000E+00    5.881613000000000E-05    0.000000000000000E+00    6.998992999999999E-05    1.002345507145050E+42    1.058947789670150E+12    7.535068316467500E+11
                      286    7.958922687818645E+31    2.268258675900094E+34    5.229314862041728E+14    4.702423538017260E+08    1.390238204028126E-12    2.978602420771600E+02    1.839535047823185E+04    1.839535047823185E+04    3.345419000148950E-01    3.245306740503943E+01    2.272128121508473E+34    5.334185474589129E+14    6.217437000000000E-01    0.000000000000000E+00    3.587127000000000E-01    1.896245000000000E-03    4.327156000000000E-03    7.307270000000000E-03    1.503207000000000E-03    2.193042000000000E-04    2.831394000000000E-03    4.926909000000000E-04    3.376221000000000E-04    6.736567000000000E-05    5.501530000000000E-05    0.000000000000000E+00    0.000000000000000E+00    0.000000000000000E+00    0.000000000000000E+00    0.000000000000000E+00    5.881613000000000E-05    0.000000000000000E+00    6.998992999999999E-05    1.010544028282300E+42    8.378964796075000E+11    5.979260568625000E+11
                      287    7.737091705823830E+31    2.275997567116851E+34    5.439056087136529E+14    4.901947434496868E+08    1.021149240900500E-12    2.223010159998612E+02    1.707493971124546E+04    1.710146713075026E+04    3.342786690235250E-01    2.539521914688940E+01    2.279198907008674E+34    5.554436589884035E+14    6.217437000000000E-01    0.000000000000000E+00    3.587127000000000E-01    1.896245000000000E-03    4.327156000000000E-03    7.307270000000000E-03    1.503207000000000E-03    2.193042000000000E-04    2.831394000000000E-03    4.926909000000000E-04    3.376221000000000E-04    6.736567000000000E-05    5.501530000000000E-05    0.000000000000000E+00    0.000000000000000E+00    0.000000000000000E+00    0.000000000000000E+00    0.000000000000000E+00    5.881613000000000E-05    0.000000000000000E+00    6.998992999999999E-05    1.018021957874450E+42    6.150436906821001E+11    4.387055778508000E+11
                      288    6.403457251907165E+31    2.282400246900498E+34    5.669817092631541E+14    5.118303316187848E+08    7.308453079129503E-13    1.620943267325675E+02    1.582485149732138E+04    1.581292878813124E+04    3.342588169098000E-01    1.983908803556080E+01    2.285117408988807E+34    5.793148316394299E+14    6.217437000000000E-01    0.000000000000000E+00    3.587127000000000E-01    1.896245000000000E-03    4.327156000000000E-03    7.307270000000000E-03    1.503207000000000E-03    2.193042000000000E-04    2.831394000000000E-03    4.926909000000000E-04    3.376221000000000E-04    6.736567000000000E-05    5.501530000000000E-05    0.000000000000000E+00    0.000000000000000E+00    0.000000000000000E+00    0.000000000000000E+00    0.000000000000000E+00    5.881613000000000E-05    0.000000000000000E+00    6.998992999999999E-05    1.017301366329350E+42    4.403452820782500E+11    3.134409580234000E+11
                      289    5.433504951751044E+31    2.287834571077117E+34    5.916479540157058E+14    5.355219123935689E+08    4.862117646904823E-13    1.204077160826678E+02    1.473413593467608E+04    1.468912144276764E+04    3.350257225513650E-01    1.587600243760344E+01    2.289854795505746E+34    6.055524991306600E+14    6.217437000000000E-01    0.000000000000000E+00    3.587127000000000E-01    1.896245000000000E-03    4.327156000000000E-03    7.307270000000000E-03    1.503207000000000E-03    2.193042000000000E-04    2.831394000000000E-03    4.926909000000000E-04    3.376221000000000E-04    6.736567000000000E-05    5.501530000000000E-05    0.000000000000000E+00    0.000000000000000E+00    0.000000000000000E+00    0.000000000000000E+00    0.000000000000000E+00    5.881613000000000E-05    0.000000000000000E+00    6.998992999999999E-05    1.008021957874450E+42    2.926836199763500E+11    2.082939720156000E+11
                      290    4.041924257382496E+31    2.291875019934375E+34    6.194570442456142E+14    5.514298072648182E+08    3.067788839041353E-13    9.410249784006183E+01    1.388817447233621E+04    1.382436410688666E+04    3.351088056564600E-01    1.305416843265333E+01    2.293077013701212E+34    6.256281645754340E+14    6.217437000000000E-01    0.000000000000000E+00    3.587127000000000E-01    1.896245000000000E-03    4.327156000000000E-03    7.307270000000000E-03    1.503207000000000E-03    2.193042000000000E-04    2.831394000000000E-03    4.926909000000000E-04    3.376221000000000E-04    6.736567000000000E-05    5.501530000000000E-05    0.000000000000000E+00    0.000000000000000E+00    0.000000000000000E+00    0.000000000000000E+00    0.000000000000000E+00    5.881613000000000E-05    0.000000000000000E+00    6.998992999999999E-05    9.894631409646501E+41    1.842572255136500E+11    1.311477029324950E+11
                      291    2.402883966195705E+31    2.294279007468048E+34    6.317992849052539E+14    5.543915515161002E+08    2.244396133376427E-13    8.178096882395184E+01    1.342684004337629E+04    1.335490754868186E+04    3.345124803066550E-01    1.213527236287668E+01    2.294704527180378E+34    6.337762741308948E+14    6.217437000000000E-01    0.000000000000000E+00    3.587127000000000E-01    1.896245000000000E-03    4.327156000000000E-03    7.307270000000000E-03    1.503207000000000E-03    2.193042000000000E-04    2.831394000000000E-03    4.926909000000000E-04    3.376221000000000E-04    6.736567000000000E-05    5.501530000000000E-05    0.000000000000000E+00    0.000000000000000E+00    0.000000000000000E+00    0.000000000000000E+00    0.000000000000000E+00    5.881613000000000E-05    0.000000000000000E+00    6.998992999999999E-05    9.859484648705501E+41    1.349043240548500E+11    9.627273106584502E+10
                      292    8.513032866486071E+30    2.295130046892707E+34    6.357532633565358E+14    5.526522684407953E+08    2.824852795154333E-13    7.828585659292570E+01    1.327314427634334E+04    1.321215971796057E+04    3.324882141113600E-01    1.176116026912269E+01    2.295402459044993E+34    6.373623071952236E+14    6.217437000000000E-01    0.000000000000000E+00    3.587127000000000E-01    1.896245000000000E-03    4.327156000000000E-03    7.307270000000000E-03    1.503207000000000E-03    2.193042000000000E-04    2.831394000000000E-03    4.926909000000000E-04    3.376221000000000E-04    6.736567000000000E-05    5.501530000000000E-05    0.000000000000000E+00    0.000000000000000E+00    0.000000000000000E+00    0.000000000000000E+00    0.000000000000000E+00    5.881613000000000E-05    0.000000000000000E+00    6.998992999999999E-05    9.913529014588000E+41    1.703529014588000E+11    1.205146760941000E+11
                      293    5.458113512310803E+30    2.295674871197279E+34    6.389713510339115E+14    5.477435478163595E+08    3.160498920560089E-13    7.633459908050528E+01    1.319189712569683E+04    1.313128586406267E+04    3.314639479160650E-01    1.142617599349723E+01    2.295926405045922E+34    6.402917226884909E+14    6.217437000000000E-01    0.000000000000000E+00    3.587127000000000E-01    1.896245000000000E-03    4.327156000000000E-03    7.307270000000000E-03    1.503207000000000E-03    2.193042000000000E-04    2.831394000000000E-03    4.926909000000000E-04    3.376221000000000E-04    6.736567000000000E-05    5.501530000000000E-05    0.000000000000000E+00    0.000000000000000E+00    0.000000000000000E+00    0.000000000000000E+00    0.000000000000000E+00    5.881613000000000E-05    0.000000000000000E+00    6.998992999999999E-05    9.960367465019499E+41    1.902059154510000E+11    1.343235492706000E+11
                      294    5.018563579933775E+30    2.296177938894565E+34    6.416120943430702E+14    5.405098731661645E+08    3.814565385898053E-13    7.476241263658144E+01    1.310108474464750E+04    1.306092137629167E+04    3.301838000297900E-01    1.110329858834910E+01    2.296422513308661E+34    6.426720076268510E+14    6.217437000000000E-01    0.000000000000000E+00    3.587127000000000E-01    1.896245000000000E-03    4.327156000000000E-03    7.307270000000000E-03    1.503207000000000E-03    2.193042000000000E-04    2.831394000000000E-03    4.926909000000000E-04    3.376221000000000E-04    6.736567000000000E-05    5.501530000000000E-05    0.000000000000000E+00    0.000000000000000E+00    0.000000000000000E+00    0.000000000000000E+00    0.000000000000000E+00    5.881613000000000E-05    0.000000000000000E+00    6.998992999999999E-05    1.012794084549000E+42    2.296986336706500E+11    1.617721266745500E+11
                      295    4.897123435490763E+30    2.296667087722757E+34    6.437319209106318E+14    5.333847678781283E+08    4.742201455074316E-13    7.272492933510244E+01    1.301089751163211E+04    1.297101062595929E+04    3.286757112980250E-01    1.079122774482423E+01    2.296906691112176E+34    6.445641550945678E+14    6.217437000000000E-01    0.000000000000000E+00    3.587127000000000E-01    1.896245000000000E-03    4.327156000000000E-03    7.307270000000000E-03    1.503207000000000E-03    2.193042000000000E-04    2.831394000000000E-03    4.926909000000000E-04    3.376221000000000E-04    6.736567000000000E-05    5.501530000000000E-05    0.000000000000000E+00    0.000000000000000E+00    0.000000000000000E+00    0.000000000000000E+00    0.000000000000000E+00    5.881613000000000E-05    0.000000000000000E+00    6.998992999999999E-05    1.022794084549000E+42    2.858751969334500E+11    2.003824787138000E+11
                      296    4.800303782066733E+30    2.297146294501595E+34    6.453963892785038E+14    5.268088189960148E+08    6.053305082325750E-13    7.091227669411205E+01    1.293127086148335E+04    1.289161288625092E+04    3.271036521435150E-01    1.048956673125226E+01    2.297380926866338E+34    6.460296375196028E+14    6.217437000000000E-01    0.000000000000000E+00    3.587127000000000E-01    1.896245000000000E-03    4.327156000000000E-03    7.307270000000000E-03    1.503207000000000E-03    2.193042000000000E-04    2.831394000000000E-03    4.926909000000000E-04    3.376221000000000E-04    6.736567000000000E-05    5.501530000000000E-05    0.000000000000000E+00    0.000000000000000E+00    0.000000000000000E+00    0.000000000000000E+00    0.000000000000000E+00    5.881613000000000E-05    0.000000000000000E+00    6.998992999999999E-05    1.039191126823500E+42    3.644194502825499E+11    2.537575631138500E+11
                      297    4.684144854240294E+30    2.297615559231080E+34    6.466628857607018E+14    5.212701499724898E+08    7.987838261678704E-13    6.897972028590142E+01    1.284225261901712E+04    1.280286764736590E+04    3.270691014290100E-01    1.019507989035960E+01    2.297845220571145E+34    6.471097384620670E+14    6.217437000000000E-01    0.000000000000000E+00    3.587127000000000E-01    1.896245000000000E-03    4.327156000000000E-03    7.307270000000000E-03    1.503207000000000E-03    2.193042000000000E-04    2.831394000000000E-03    4.926909000000000E-04    3.376221000000000E-04    6.736567000000000E-05    5.501530000000000E-05    0.000000000000000E+00    0.000000000000000E+00    0.000000000000000E+00    0.000000000000000E+00    0.000000000000000E+00    5.881613000000000E-05    0.000000000000000E+00    6.998992999999999E-05    1.045588169098000E+42    4.807725768081499E+11    3.318973798747000E+11
                      298    4.583730155770042E+30    2.298074881911211E+34    6.475565911634322E+14    5.170267374992779E+08    1.107513449607332E-12    6.726151507254353E+01    1.275384717382168E+04    1.272451413930497E+04    3.301933901309850E-01    9.910318250856315E+00    2.298296589611794E+34    6.478674177546446E+14    6.217437000000000E-01    0.000000000000000E+00    3.587127000000000E-01    1.896245000000000E-03    4.327156000000000E-03    7.307270000000000E-03    1.503207000000000E-03    2.193042000000000E-04    2.831394000000000E-03    4.926909000000000E-04    3.376221000000000E-04    6.736567000000000E-05    5.501530000000000E-05    0.000000000000000E+00    0.000000000000000E+00    0.000000000000000E+00    0.000000000000000E+00    0.000000000000000E+00    5.881613000000000E-05    0.000000000000000E+00    6.998992999999999E-05    1.051985211372500E+42    6.667801961887000E+11    4.554048867218500E+11
                      299    4.446605434266964E+30    2.298518297312377E+34    6.481782443458569E+14    5.137351253795950E+08    1.537374489117501E-12    6.542845205384914E+01    1.266605030743028E+04    1.263691920010285E+04    3.357963478564850E-01    9.630442251677085E+00    2.298774802185697E+34    6.484607887884526E+14    6.217437000000000E-01    0.000000000000000E+00    3.587127000000000E-01    1.896245000000000E-03    4.327156000000000E-03    7.307270000000000E-03    1.503207000000000E-03    2.193042000000000E-04    2.831394000000000E-03    4.926909000000000E-04    3.376221000000000E-04    6.736567000000000E-05    5.501530000000000E-05    0.000000000000000E+00    0.000000000000000E+00    0.000000000000000E+00    0.000000000000000E+00    0.000000000000000E+00    5.881613000000000E-05    0.000000000000000E+00    6.998992999999999E-05    1.058382253647000E+42    9.254716606123999E+11    6.263535766592000E+11
                      300    5.132421917539816E+30    2.299031307059017E+34    6.487433332310485E+14    5.113390633321073E+08    1.885199584902848E-12    6.364534509140595E+01    1.257885783041590E+04    1.254992726022076E+04    3.419801703929550E-01    9.302092544387044E+00    2.299286817727402E+34    6.489337319794726E+14    6.217437000000000E-01    0.000000000000000E+00    3.587127000000000E-01    1.896245000000000E-03    4.327156000000000E-03    7.307270000000000E-03    1.503207000000000E-03    2.193042000000000E-04    2.831394000000000E-03    4.926909000000000E-04    3.376221000000000E-04    6.736567000000000E-05    5.501530000000000E-05    0.000000000000000E+00    0.000000000000000E+00    0.000000000000000E+00    0.000000000000000E+00    0.000000000000000E+00    5.881613000000000E-05    0.000000000000000E+00    6.998992999999999E-05    1.061985211372500E+42    1.133956984518300E+12    7.656329851140999E+11
                      301    5.112191835515334E+30    2.299542328395787E+34    6.491241307278970E+14    5.100678892445792E+08    2.701320355543735E-12    6.134323081766071E+01    1.247313646158304E+04    1.243486883550731E+04    3.532882591247200E-01    8.962099358120458E+00    2.299787897014818E+34    6.492358807078794E+14    6.217437000000000E-01    0.000000000000000E+00    3.587127000000000E-01    1.896245000000000E-03    4.327156000000000E-03    7.307270000000000E-03    1.503207000000000E-03    2.193042000000000E-04    2.831394000000000E-03    4.926909000000000E-04    3.376221000000000E-04    6.736567000000000E-05    5.501530000000000E-05    0.000000000000000E+00    0.000000000000000E+00    0.000000000000000E+00    0.000000000000000E+00    0.000000000000000E+00    5.881613000000000E-05    0.000000000000000E+00    6.998992999999999E-05    1.068382253647000E+42    1.629412956236000E+12    1.087552097796450E+12
                      302    4.911634850727116E+30    2.300033465633849E+34    6.493476306878619E+14    5.095432948065014E+08    4.107119312177139E-12    5.926782490261554E+01    1.235878205914321E+04    1.233035764917620E+04    3.669632534980500E-01    8.631403331240527E+00    2.300274063228203E+34    6.494312561793210E+14    6.217437000000000E-01    0.000000000000000E+00    3.587127000000000E-01    1.896245000000000E-03    4.327156000000000E-03    7.307270000000000E-03    1.503207000000000E-03    2.193042000000000E-04    2.831394000000000E-03    4.926909000000000E-04    3.376221000000000E-04    6.736567000000000E-05    5.501530000000000E-05    0.000000000000000E+00    0.000000000000000E+00    0.000000000000000E+00    0.000000000000000E+00    0.000000000000000E+00    5.881613000000000E-05    0.000000000000000E+00    6.998992999999999E-05    1.068382253647000E+42    2.474927182196500E+12    1.637647323608000E+12
                      303    4.805149536921623E+30    2.300514660822558E+34    6.495148816707801E+14    5.093330012846195E+08    5.340726201655332E-12    5.712404980820448E+01    1.225492482706284E+04    1.221731225075667E+04    3.758698633670650E-01    8.295299046488712E+00    2.300760229441589E+34    6.495881896567579E+14    6.217437000000000E-01    0.000000000000000E+00    3.587127000000000E-01    1.896245000000000E-03    4.327156000000000E-03    7.307270000000000E-03    1.503207000000000E-03    2.193042000000000E-04    2.831394000000000E-03    4.926909000000000E-04    3.376221000000000E-04    6.736567000000000E-05    5.501530000000000E-05    0.000000000000000E+00    0.000000000000000E+00    0.000000000000000E+00    0.000000000000000E+00    0.000000000000000E+00    5.881613000000000E-05    0.000000000000000E+00    6.998992999999999E-05    1.068382253647000E+42    3.213161549568500E+12    2.110734930039000E+12
                      304    4.919286251909563E+30    2.301005798060620E+34    6.496614976427356E+14    5.092732589602667E+08    6.292207269305531E-12    5.519229976911188E+01    1.214257100091333E+04    1.211464386258110E+04    3.819088281631400E-01    7.941859976956671E+00    2.301244407245104E+34    6.497245744553666E+14    6.217437000000000E-01    0.000000000000000E+00    3.587127000000000E-01    1.896245000000000E-03    4.327156000000000E-03    7.307270000000000E-03    1.503207000000000E-03    2.193042000000000E-04    2.831394000000000E-03    4.926909000000000E-04    3.376221000000000E-04    6.736567000000000E-05    5.501530000000000E-05    0.000000000000000E+00    0.000000000000000E+00    0.000000000000000E+00    0.000000000000000E+00    0.000000000000000E+00    5.881613000000000E-05    0.000000000000000E+00    6.998992999999999E-05    1.068382253647000E+42    3.785807747842500E+12    2.465440282823000E+12
                      305    4.766174715046071E+30    2.301483016429588E+34    6.497876512679975E+14    5.092928914952473E+08    7.033630127012099E-12    5.319594039802481E+01    1.201285244358183E+04    1.200357614004448E+04    3.865198521137250E-01    7.599158915757588E+00    2.301712677769654E+34    6.498456105008882E+14    6.217437000000000E-01    0.000000000000000E+00    3.587127000000000E-01    1.896245000000000E-03    4.327156000000000E-03    7.307270000000000E-03    1.503207000000000E-03    2.193042000000000E-04    2.831394000000000E-03    4.926909000000000E-04    3.376221000000000E-04    6.736567000000000E-05    5.501530000000000E-05    0.000000000000000E+00    0.000000000000000E+00    0.000000000000000E+00    0.000000000000000E+00    0.000000000000000E+00    5.881613000000000E-05    0.000000000000000E+00    6.998992999999999E-05    1.068382253647000E+42    4.239262819293000E+12    2.737351551058000E+12
                      306    4.595573124959920E+30    2.301942339109719E+34    6.499035697337791E+14    5.093367151570513E+08    7.389033033117252E-12    5.127179129458698E+01    1.190271795038401E+04    1.189352669250867E+04    3.892352901458800E-01    7.267038656652818E+00    2.302165041015237E+34    6.499588518616792E+14    6.217437000000000E-01    0.000000000000000E+00    3.587127000000000E-01    1.896245000000000E-03    4.327156000000000E-03    7.307270000000000E-03    1.503207000000000E-03    2.193042000000000E-04    2.831394000000000E-03    4.926909000000000E-04    3.376221000000000E-04    6.736567000000000E-05    5.501530000000000E-05    0.000000000000000E+00    0.000000000000000E+00    0.000000000000000E+00    0.000000000000000E+00    0.000000000000000E+00    5.881613000000000E-05    0.000000000000000E+00    6.998992999999999E-05    1.068382253647000E+42    4.449997749332000E+12    2.854116058352000E+12
                      307    4.443115774943889E+30    2.302387742920755E+34    6.500141339895792E+14    5.093837373399925E+08    7.573288068063994E-12    4.908459155523060E+01    1.177557565659743E+04    1.176646866468081E+04    3.913029352188200E-01    6.941000217558992E+00    2.302601496981855E+34    6.500659305630150E+14    6.217437000000000E-01    0.000000000000000E+00    3.587127000000000E-01    1.896245000000000E-03    4.327156000000000E-03    7.307270000000000E-03    1.503207000000000E-03    2.193042000000000E-04    2.831394000000000E-03    4.926909000000000E-04    3.376221000000000E-04    6.736567000000000E-05    5.501530000000000E-05    0.000000000000000E+00    0.000000000000000E+00    0.000000000000000E+00    0.000000000000000E+00    0.000000000000000E+00    5.881613000000000E-05    0.000000000000000E+00    6.998992999999999E-05    1.068382253647000E+42    4.560365214351500E+12    2.906101269724500E+12
                      308    4.280787958329711E+30    2.302815251042955E+34    6.501177271364508E+14    5.094325610017965E+08    7.645899289857840E-12    4.730915395365938E+01    1.166761653005837E+04    1.165859303154549E+04    3.928705802917600E-01    6.631624316579117E+00    2.303019063054702E+34    6.501667882755592E+14    6.217437000000000E-01    0.000000000000000E+00    3.587127000000000E-01    1.896245000000000E-03    4.327156000000000E-03    7.307270000000000E-03    1.503207000000000E-03    2.193042000000000E-04    2.831394000000000E-03    4.926909000000000E-04    3.376221000000000E-04    6.736567000000000E-05    5.501530000000000E-05    0.000000000000000E+00    0.000000000000000E+00    0.000000000000000E+00    0.000000000000000E+00    0.000000000000000E+00    5.881613000000000E-05    0.000000000000000E+00    6.998992999999999E-05    1.068382253647000E+42    4.602350425724000E+12    2.928895354273500E+12
                      309    4.085915837361820E+30    2.303222875066448E+34    6.502158494146678E+14    5.094863846636006E+08    7.714253923749937E-12    4.529174904537453E+01    1.155196057982693E+04    1.153405842805965E+04    3.943742549419550E-01    6.334989015522574E+00    2.303447565381837E+34    6.502741564296600E+14    6.217437000000000E-01    0.000000000000000E+00    3.587127000000000E-01    1.896245000000000E-03    4.327156000000000E-03    7.307270000000000E-03    1.503207000000000E-03    2.193042000000000E-04    2.831394000000000E-03    4.926909000000000E-04    3.376221000000000E-04    6.736567000000000E-05    5.501530000000000E-05    0.000000000000000E+00    0.000000000000000E+00    0.000000000000000E+00    0.000000000000000E+00    0.000000000000000E+00    5.881613000000000E-05    0.000000000000000E+00    6.998992999999999E-05    1.068382253647000E+42    4.647938594822000E+12    2.935292396548000E+12
                      310    4.492559574788666E+30    2.303672255697226E+34    6.503324634446522E+14    5.095230024099535E+08    8.268902140322926E-12    4.336109631025064E+01    1.141972638054288E+04    1.141086757943902E+04    3.985941070556800E-01    5.953331901722642E+00    2.303735884813089E+34    6.503496975785231E+14    6.217437000000000E-01    0.000000000000000E+00    3.587127000000000E-01    1.896245000000000E-03    4.327156000000000E-03    7.307270000000000E-03    1.503207000000000E-03    2.193042000000000E-04    2.831394000000000E-03    4.926909000000000E-04    3.376221000000000E-04    6.736567000000000E-05    5.501530000000000E-05    0.000000000000000E+00    0.000000000000000E+00    0.000000000000000E+00    0.000000000000000E+00    0.000000000000000E+00    5.881613000000000E-05    0.000000000000000E+00    6.998992999999999E-05    1.068382253647000E+42    4.983894228939500E+12    3.136468734744000E+12
                      311    1.272352655906687E+30    2.303799513928951E+34    6.503669317123939E+14    5.095324142408555E+08    7.013160746364040E-12    4.179268311997377E+01    1.132382751732254E+04    1.130625211664939E+04    3.923367465019500E-01    5.859581096973515E+00    2.303844253151042E+34    6.503788340481528E+14    6.217437000000000E-01    0.000000000000000E+00    3.587127000000000E-01    1.896245000000000E-03    4.327156000000000E-03    7.307270000000000E-03    1.503207000000000E-03    2.193042000000000E-04    2.831394000000000E-03    4.926909000000000E-04    3.376221000000000E-04    6.736567000000000E-05    5.501530000000000E-05    0.000000000000000E+00    0.000000000000000E+00    0.000000000000000E+00    0.000000000000000E+00    0.000000000000000E+00    5.881613000000000E-05    0.000000000000000E+00    6.998992999999999E-05    1.068382253647000E+42    4.226320848469000E+12    2.661689438822500E+12
                      312    8.777320376040032E+29    2.303888992373132E+34    6.503907363839115E+14    5.095382231140320E+08    6.914351634253270E-12    4.113284012160184E+01    1.129778343674828E+04    1.126304186065099E+04    3.920043915748900E-01    5.795937072314052E+00    2.303922795340934E+34    6.504002429485241E+14    6.217437000000000E-01    0.000000000000000E+00    3.587127000000000E-01    1.896245000000000E-03    4.327156000000000E-03    7.307270000000000E-03    1.503207000000000E-03    2.193042000000000E-04    2.831394000000000E-03    4.926909000000000E-04    3.376221000000000E-04    6.736567000000000E-05    5.501530000000000E-05    0.000000000000000E+00    0.000000000000000E+00    0.000000000000000E+00    0.000000000000000E+00    0.000000000000000E+00    5.881613000000000E-05    0.000000000000000E+00    6.998992999999999E-05    1.068382253647000E+42    4.165511975292500E+12    2.620880565646000E+12
                      313    6.863696588988806E+29    2.303956598308736E+34    6.504097495131368E+14    5.095454290294831E+08    6.885699454640706E-12    4.075573197664998E+01    1.127179925589715E+04    1.123713758320758E+04    3.919521845341050E-01    5.745367061557894E+00    2.303991395481473E+34    6.504193019272855E+14    6.217437000000000E-01    0.000000000000000E+00    3.587127000000000E-01    1.896245000000000E-03    4.327156000000000E-03    7.307270000000000E-03    1.503207000000000E-03    2.193042000000000E-04    2.831394000000000E-03    4.926909000000000E-04    3.376221000000000E-04    6.736567000000000E-05    5.501530000000000E-05    0.000000000000000E+00    0.000000000000000E+00    0.000000000000000E+00    0.000000000000000E+00    0.000000000000000E+00    5.881613000000000E-05    0.000000000000000E+00    6.998992999999999E-05    1.068382253647000E+42    4.144703102116000E+12    2.607277607920500E+12
                      314    6.889184026711414E+29    2.304026192654211E+34    6.504288543414342E+14    5.095476349449340E+08    6.913232536039045E-12    4.038208117995257E+01    1.125463223224976E+04    1.121129288394902E+04    3.922801253795951E-01    5.694265971649420E+00    2.304059995622013E+34    6.504380619212142E+14    6.217437000000000E-01    0.000000000000000E+00    3.587127000000000E-01    1.896245000000000E-03    4.327156000000000E-03    7.307270000000000E-03    1.503207000000000E-03    2.193042000000000E-04    2.831394000000000E-03    4.926909000000000E-04    3.376221000000000E-04    6.736567000000000E-05    5.501530000000000E-05    0.000000000000000E+00    0.000000000000000E+00    0.000000000000000E+00    0.000000000000000E+00    0.000000000000000E+00    5.881613000000000E-05    0.000000000000000E+00    6.998992999999999E-05    1.068382253647000E+42    4.161100144390500E+12    2.617277607920500E+12
                      315    6.757925114326895E+29    2.304093798589814E+34    6.504472695009942E+14    5.095498408603851E+08    6.924919319718163E-12    4.011293624815212E+01    1.122874729641496E+04    1.119420473561060E+04    3.925720366478300E-01    5.644939046318672E+00    2.304127601557616E+34    6.504565522292040E+14    6.217437000000000E-01    0.000000000000000E+00    3.587127000000000E-01    1.896245000000000E-03    4.327156000000000E-03    7.307270000000000E-03    1.503207000000000E-03    2.193042000000000E-04    2.831394000000000E-03    4.926909000000000E-04    3.376221000000000E-04    6.736567000000000E-05    5.501530000000000E-05    0.000000000000000E+00    0.000000000000000E+00    0.000000000000000E+00    0.000000000000000E+00    0.000000000000000E+00    5.881613000000000E-05    0.000000000000000E+00    6.998992999999999E-05    1.068382253647000E+42    4.167497186665000E+12    2.617277607920500E+12
                      316    6.739753036518585E+29    2.304161404525418E+34    6.504658349574138E+14    5.095570467758360E+08    6.952623634841965E-12    3.974517863811604E+01    1.120292189428052E+04    1.116845877916142E+04    3.928999774933200E-01    5.594968933693271E+00    2.304195207493220E+34    6.504751472651058E+14    6.217437000000000E-01    0.000000000000000E+00    3.587127000000000E-01    1.896245000000000E-03    4.327156000000000E-03    7.307270000000000E-03    1.503207000000000E-03    2.193042000000000E-04    2.831394000000000E-03    4.926909000000000E-04    3.376221000000000E-04    6.736567000000000E-05    5.501530000000000E-05    0.000000000000000E+00    0.000000000000000E+00    0.000000000000000E+00    0.000000000000000E+00    0.000000000000000E+00    5.881613000000000E-05    0.000000000000000E+00    6.998992999999999E-05    1.068382253647000E+42    4.183894228939500E+12    2.623674650195000E+12
                      317    6.742479146451311E+29    2.304229010461022E+34    6.504844595727975E+14    5.095610541701498E+08    6.968651087586303E-12    3.938079265011521E+01    1.117715588892275E+04    1.114277203676892E+04    3.932639479160650E-01    5.544719264639876E+00    2.304261819223888E+34    6.504937721472740E+14    6.217437000000000E-01    0.000000000000000E+00    3.587127000000000E-01    1.896245000000000E-03    4.327156000000000E-03    7.307270000000000E-03    1.503207000000000E-03    2.193042000000000E-04    2.831394000000000E-03    4.926909000000000E-04    3.376221000000000E-04    6.736567000000000E-05    5.501530000000000E-05    0.000000000000000E+00    0.000000000000000E+00    0.000000000000000E+00    0.000000000000000E+00    0.000000000000000E+00    5.881613000000000E-05    0.000000000000000E+00    6.998992999999999E-05    1.068382253647000E+42    4.200291271214000E+12    2.633674650195000E+12
                      318    6.730727644115487E+29    2.304294627986755E+34    6.505030847217502E+14    5.095632600856007E+08    6.996537597681182E-12    3.901974737293234E+01    1.116014625349420E+04    1.111714437224450E+04    3.936198296070450E-01    5.494221942156588E+00    2.304328430954557E+34    6.505122184587531E+14    6.217437000000000E-01    0.000000000000000E+00    3.587127000000000E-01    1.896245000000000E-03    4.327156000000000E-03    7.307270000000000E-03    1.503207000000000E-03    2.193042000000000E-04    2.831394000000000E-03    4.926909000000000E-04    3.376221000000000E-04    6.736567000000000E-05    5.501530000000000E-05    0.000000000000000E+00    0.000000000000000E+00    0.000000000000000E+00    0.000000000000000E+00    0.000000000000000E+00    5.881613000000000E-05    0.000000000000000E+00    6.998992999999999E-05    1.068382253647000E+42    4.206688313488500E+12    2.640071692469500E+12
                      319    6.609975489487736E+29    2.304362233922358E+34    6.505213521957561E+14    5.095686645221889E+08    7.008386960716071E-12    3.866201217874697E+01    1.113447862938018E+04    1.109157564971288E+04    3.939477704525350E-01    5.444532222598501E+00    2.304394048480290E+34    6.505300661297618E+14    6.217437000000000E-01    0.000000000000000E+00    3.587127000000000E-01    1.896245000000000E-03    4.327156000000000E-03    7.307270000000000E-03    1.503207000000000E-03    2.193042000000000E-04    2.831394000000000E-03    4.926909000000000E-04    3.376221000000000E-04    6.736567000000000E-05    5.501530000000000E-05    0.000000000000000E+00    0.000000000000000E+00    0.000000000000000E+00    0.000000000000000E+00    0.000000000000000E+00    5.881613000000000E-05    0.000000000000000E+00    6.998992999999999E-05    1.068382253647000E+42    4.223085355763000E+12    2.640071692469500E+12
                      320    6.357946526786628E+29    2.304425863038221E+34    6.505387800637671E+14    5.095848778319537E+08    7.024542961202573E-12    3.840498076431253E+01    1.110887003916346E+04    1.107468310779099E+04    3.942396817207700E-01    5.397034046818000E+00    2.304551132860075E+34    6.505702672434974E+14    6.217437000000000E-01    0.000000000000000E+00    3.587127000000000E-01    1.896245000000000E-03    4.327156000000000E-03    7.307270000000000E-03    1.503207000000000E-03    2.193042000000000E-04    2.831394000000000E-03    4.926909000000000E-04    3.376221000000000E-04    6.736567000000000E-05    5.501530000000000E-05    0.000000000000000E+00    0.000000000000000E+00    0.000000000000000E+00    0.000000000000000E+00    0.000000000000000E+00    5.881613000000000E-05    0.000000000000000E+00    6.998992999999999E-05    1.068382253647000E+42    4.229482398037500E+12    2.646468734744000E+12
                      321    2.516533520765323E+30    2.304676402681929E+34    6.506017544232275E+14    5.096200985360323E+08    7.696265776053069E-12    3.770401086708588E+01    1.104101448989550E+04    1.102379956094659E+04    3.991485098839100E-01    5.205536928052608E+00    2.304843429111067E+34    6.506413969453425E+14    6.217437000000000E-01    0.000000000000000E+00    3.587127000000000E-01    1.896245000000000E-03    4.327156000000000E-03    7.307270000000000E-03    1.503207000000000E-03    2.193042000000000E-04    2.831394000000000E-03    4.926909000000000E-04    3.376221000000000E-04    6.736567000000000E-05    5.501530000000000E-05    0.000000000000000E+00    0.000000000000000E+00    0.000000000000000E+00    0.000000000000000E+00    0.000000000000000E+00    5.881613000000000E-05    0.000000000000000E+00    6.998992999999999E-05    1.068382253647000E+42    4.636688313488500E+12    2.900071692469500E+12
                      322    3.333215211268297E+30    2.305010455540206E+34    6.506810394674575E+14    5.096653192401108E+08    8.101299405121226E-12    3.609923709197054E+01    1.094834791320555E+04    1.090611031022506E+04    4.024764507294000E-01    4.949469785208338E+00    2.305198360272987E+34    6.507242668070902E+14    6.217437000000000E-01    0.000000000000000E+00    3.587127000000000E-01    1.896245000000000E-03    4.327156000000000E-03    7.307270000000000E-03    1.503207000000000E-03    2.193042000000000E-04    2.831394000000000E-03    4.926909000000000E-04    3.376221000000000E-04    6.736567000000000E-05    5.501530000000000E-05    0.000000000000000E+00    0.000000000000000E+00    0.000000000000000E+00    0.000000000000000E+00    0.000000000000000E+00    5.881613000000000E-05    0.000000000000000E+00    6.998992999999999E-05    1.068382253647000E+42    4.871467609410000E+12    3.039262819293000E+12
                      323    3.757806336188064E+30    2.305386265005768E+34    6.507674941467231E+14    5.096945473385030E+08    8.361420345271144E-12    3.456335556780006E+01    1.081507062961851E+04    1.078969031663830E+04    4.051521845341050E-01    4.659449865156880E+00    2.305587094402709E+34    6.508139328413728E+14    6.217437000000000E-01    0.000000000000000E+00    3.587127000000000E-01    1.896245000000000E-03    4.327156000000000E-03    7.307270000000000E-03    1.503207000000000E-03    2.193042000000000E-04    2.831394000000000E-03    4.926909000000000E-04    3.376221000000000E-04    6.736567000000000E-05    5.501530000000000E-05    0.000000000000000E+00    0.000000000000000E+00    0.000000000000000E+00    0.000000000000000E+00    0.000000000000000E+00    5.881613000000000E-05    0.000000000000000E+00    6.998992999999999E-05    1.068382253647000E+42    5.032643947606001E+12    3.134850988391000E+12
                      324    4.014243603572509E+30    2.305787923799649E+34    6.508603715360225E+14    5.094178937459153E+08    8.287963928399232E-12    3.278998425466762E+01    1.067506482445498E+04    1.064997503751503E+04    4.063043915748901E-01    4.348617341216263E+00    2.305996706836072E+34    6.509308515664242E+14    6.217437000000000E-01    0.000000000000000E+00    3.587127000000000E-01    1.896245000000000E-03    4.327156000000000E-03    7.307270000000000E-03    1.503207000000000E-03    2.193042000000000E-04    2.831394000000000E-03    4.926909000000000E-04    3.376221000000000E-04    6.736567000000000E-05    5.501530000000000E-05    0.000000000000000E+00    0.000000000000000E+00    0.000000000000000E+00    0.000000000000000E+00    0.000000000000000E+00    5.881613000000000E-05    0.000000000000000E+00    6.998992999999999E-05    1.068382253647000E+42    4.993894228939501E+12    3.100880565646000E+12
                      325    4.185308493158533E+30    2.306205489872496E+34    6.510013315968260E+14    5.065634147238798E+08    5.686432917353588E-12    3.082293431266911E+01    1.055286836787839E+04    1.048790431405607E+04    3.904941295623600E-01    4.038201845837708E+00    2.306421232343466E+34    6.512641700912789E+14    6.217437000000000E-01    0.000000000000000E+00    3.587127000000000E-01    1.896245000000000E-03    4.327156000000000E-03    7.307270000000000E-03    1.503207000000000E-03    2.193042000000000E-04    2.831394000000000E-03    4.926909000000000E-04    3.376221000000000E-04    6.736567000000000E-05    5.501530000000000E-05    0.000000000000000E+00    0.000000000000000E+00    0.000000000000000E+00    0.000000000000000E+00    0.000000000000000E+00    5.881613000000000E-05    0.000000000000000E+00    6.998992999999999E-05    1.068382253647000E+42    3.421691689490500E+12    2.131250281333500E+12
                      326    4.307392882399652E+30    2.306636974814437E+34    6.515270085857316E+14    4.917469371509169E+08    2.061425474516561E-12    2.924248305245377E+01    1.064924124433642E+04    1.035212148730583E+04    3.364265295027800E-01    3.764651891445244E+00    2.306856694105149E+34    6.527715565674591E+14    6.217437000000000E-01    0.000000000000000E+00    3.587127000000000E-01    1.896245000000000E-03    4.327156000000000E-03    7.307270000000000E-03    1.503207000000000E-03    2.193042000000000E-04    2.831394000000000E-03    4.926909000000000E-04    3.376221000000000E-04    6.736567000000000E-05    5.501530000000000E-05    0.000000000000000E+00    0.000000000000000E+00    0.000000000000000E+00    0.000000000000000E+00    0.000000000000000E+00    5.881613000000000E-05    0.000000000000000E+00    6.998992999999999E-05    1.074779295921500E+42    1.240237518307200E+12    7.784057869890498E+11
                      327    4.398845817582667E+30    2.307076413395861E+34    6.540161045491865E+14    4.458245534585327E+08    5.250361896045428E-13    2.848497870617096E+01    1.131886864871565E+04    1.028037554469612E+04    3.180131972313500E-01    3.499437047201241E+00    2.307300109506315E+34    6.583478905656196E+14    6.217437000000000E-01    0.000000000000000E+00    3.587127000000000E-01    1.896245000000000E-03    4.327156000000000E-03    7.307270000000000E-03    1.503207000000000E-03    2.193042000000000E-04    2.831394000000000E-03    4.926909000000000E-04    3.376221000000000E-04    6.736567000000000E-05    5.501530000000000E-05    0.000000000000000E+00    0.000000000000000E+00    0.000000000000000E+00    0.000000000000000E+00    0.000000000000000E+00    5.881613000000000E-05    0.000000000000000E+00    6.998992999999999E-05    1.132352676392000E+42    3.163316187847499E+11    2.048386754982999E+11
                      328    4.469889713852838E+30    2.307523805616768E+34    6.626796765820528E+14    3.529725049253885E+08    1.377541113008924E-13    2.845697271798122E+01    1.267960564365636E+04    1.027201626103306E+04    3.334859733105550E-01    3.221501969057100E+00    2.307749490137093E+34    6.732310790968381E+14    6.217437000000000E-01    0.000000000000000E+00    3.587127000000000E-01    1.896245000000000E-03    4.327156000000000E-03    7.307270000000000E-03    1.503207000000000E-03    2.193042000000000E-04    2.831394000000000E-03    4.926909000000000E-04    3.376221000000000E-04    6.736567000000000E-05    5.501530000000000E-05    0.000000000000000E+00    0.000000000000000E+00    0.000000000000000E+00    0.000000000000000E+00    0.000000000000000E+00    5.881613000000000E-05    0.000000000000000E+00    6.998992999999999E-05    1.383455071450500E+42    8.302296738598499E+10    5.546701817496498E+10
                      329    4.526658815661267E+30    2.307975174657416E+34    6.837824816116235E+14    2.266200103182980E+08    4.734410801858685E-14    2.778057356979280E+01    1.381919515669571E+04    1.021759277662084E+04    3.485514225960500E-01    2.941650254435935E+00    2.308203841792547E+34    7.027590318888048E+14    6.217437000000000E-01    0.000000000000000E+00    3.587127000000000E-01    1.896245000000000E-03    4.327156000000000E-03    7.307270000000000E-03    1.503207000000000E-03    2.193042000000000E-04    2.831394000000000E-03    4.926909000000000E-04    3.376221000000000E-04    6.736567000000000E-05    5.501530000000000E-05    0.000000000000000E+00    0.000000000000000E+00    0.000000000000000E+00    0.000000000000000E+00    0.000000000000000E+00    5.881613000000000E-05    0.000000000000000E+00    6.998992999999999E-05    1.865733804705000E+42    2.851622247688999E+10    2.029782671923500E+10
                      330    4.573060348403877E+30    2.308432508927677E+34    7.217355821659859E+14    1.159843949767307E+08    2.165331923105054E-14    2.496326617768656E+01    1.362273149525496E+04    9.966674474836831E+03    3.529617521286200E-01    2.680722946460425E+00    2.308663164472679E+34    7.480354139553486E+14    6.217437000000000E-01    0.000000000000000E+00    3.587127000000000E-01    1.896245000000000E-03    4.327156000000000E-03    7.307270000000000E-03    1.503207000000000E-03    2.193042000000000E-04    2.831394000000000E-03    4.926909000000000E-04    3.376221000000000E-04    6.736567000000000E-05    5.501530000000000E-05    0.000000000000000E+00    0.000000000000000E+00    0.000000000000000E+00    0.000000000000000E+00    0.000000000000000E+00    5.881613000000000E-05    0.000000000000000E+00    6.998992999999999E-05    2.292572255136500E+42    1.303457322118500E+10    9.308245620711998E+09
                      331    4.611691175371798E+30    2.308893820017680E+34    7.743352457447112E+14    5.489380614981973E+07    1.285209635829082E-14    2.146538835239088E+01    1.243325116647479E+04    9.603366870663524E+03    3.464220704078500E-01    2.453491477369647E+00    2.309126463972551E+34    8.044489369233959E+14    6.217437000000000E-01    0.000000000000000E+00    3.587127000000000E-01    1.896245000000000E-03    4.327156000000000E-03    7.307270000000000E-03    1.503207000000000E-03    2.193042000000000E-04    2.831394000000000E-03    4.926909000000000E-04    3.376221000000000E-04    6.736567000000000E-05    5.501530000000000E-05    0.000000000000000E+00    0.000000000000000E+00    0.000000000000000E+00    0.000000000000000E+00    0.000000000000000E+00    5.881613000000000E-05    0.000000000000000E+00    6.998992999999999E-05    2.507499437333000E+42    7.739195628159499E+09    5.515370841021500E+09
                      332    4.644352795907885E+30    2.309359107927423E+34    8.345626281020805E+14    3.419993843553650E+07    9.499418222892352E-15    1.869405798433835E+01    1.142373499189294E+04    9.276002848435277E+03    3.411661662101900E-01    2.258694986368052E+00    2.309592746087230E+34    8.658886114673696E+14    6.217437000000000E-01    0.000000000000000E+00    3.587127000000000E-01    1.896245000000000E-03    4.327156000000000E-03    7.307270000000000E-03    1.503207000000000E-03    2.193042000000000E-04    2.831394000000000E-03    4.926909000000000E-04    3.376221000000000E-04    6.736567000000000E-05    5.501530000000000E-05    0.000000000000000E+00    0.000000000000000E+00    0.000000000000000E+00    0.000000000000000E+00    0.000000000000000E+00    5.881613000000000E-05    0.000000000000000E+00    6.998992999999999E-05    2.569926056862500E+42    5.716544928549500E+09    4.066103520392500E+09
                      333    4.672327734378736E+30    2.309826384247037E+34    8.972145948326586E+14    3.053757450580451E+07    7.918446184820771E-15    1.431337618092086E+01    1.078825928172383E+04    8.675668757437803E+03    3.402132197380300E-01    2.089897320582249E+00    2.310061016611779E+34    9.287363070728495E+14    6.217437000000000E-01    0.000000000000000E+00    3.587127000000000E-01    1.896245000000000E-03    4.327156000000000E-03    7.307270000000000E-03    1.503207000000000E-03    2.193042000000000E-04    2.831394000000000E-03    4.926909000000000E-04    3.376221000000000E-04    6.736567000000000E-05    5.501530000000000E-05    0.000000000000000E+00    0.000000000000000E+00    0.000000000000000E+00    0.000000000000000E+00    0.000000000000000E+00    5.881613000000000E-05    0.000000000000000E+00    6.998992999999999E-05    2.599926056862500E+42    4.766397042274500E+09    3.351985211372500E+09
                      334    4.696558497063062E+30    2.310295648976522E+34    9.602580193130406E+14    2.947253753423575E+07    6.869442605277889E-15    1.289548964266664E+01    1.059009274189341E+04    8.451842115150164E+03    3.418529239654800E-01    1.941838743887927E+00    2.310531275546199E+34    9.918668295500550E+14    6.217437000000000E-01    0.000000000000000E+00    3.587127000000000E-01    1.896245000000000E-03    4.327156000000000E-03    7.307270000000000E-03    1.503207000000000E-03    2.193042000000000E-04    2.831394000000000E-03    4.926909000000000E-04    3.376221000000000E-04    6.736567000000000E-05    5.501530000000000E-05    0.000000000000000E+00    0.000000000000000E+00    0.000000000000000E+00    0.000000000000000E+00    0.000000000000000E+00    5.881613000000000E-05    0.000000000000000E+00    6.998992999999999E-05    2.626323099137000E+42    4.139191126823500E+09    2.897573380470500E+09
                      335    4.717746992645220E+30    2.310766902115877E+34    1.023475639787069E+15    2.864812570333375E+07    6.033413058164344E-15    1.172577809793702E+01    1.041238634225389E+04    8.252780873467031E+03    3.433646873474400E-01    1.810860996847094E+00    2.311004517095426E+34    1.055161732539019E+15    6.217437000000000E-01    0.000000000000000E+00    3.587127000000000E-01    1.896245000000000E-03    4.327156000000000E-03    7.307270000000000E-03    1.503207000000000E-03    2.193042000000000E-04    2.831394000000000E-03    4.926909000000000E-04    3.376221000000000E-04    6.736567000000000E-05    5.501530000000000E-05    0.000000000000000E+00    0.000000000000000E+00    0.000000000000000E+00    0.000000000000000E+00    0.000000000000000E+00    5.881613000000000E-05    0.000000000000000E+00    6.998992999999999E-05    2.659117183686000E+42    3.632794084549000E+09    2.527573380470500E+09
                      336    4.736432080200170E+30    2.311242132074974E+34    1.086847825290969E+15    2.795911830902000E+07    5.344677432176295E-15    1.079298742871886E+01    1.028492922716864E+04    8.083516217333414E+03    3.455492493152850E-01    1.693815292261777E+00    2.311479747054522E+34    1.118562970556264E+15    6.217437000000000E-01    0.000000000000000E+00    3.587127000000000E-01    1.896245000000000E-03    4.327156000000000E-03    7.307270000000000E-03    1.503207000000000E-03    2.193042000000000E-04    2.831394000000000E-03    4.926909000000000E-04    3.376221000000000E-04    6.736567000000000E-05    5.501530000000000E-05    0.000000000000000E+00    0.000000000000000E+00    0.000000000000000E+00    0.000000000000000E+00    0.000000000000000E+00    5.881613000000000E-05    0.000000000000000E+00    6.998992999999999E-05    2.685514225960500E+42    3.212794084549000E+09    2.227573380470500E+09
                      337    4.753035302620499E+30    2.311717362034070E+34    1.150278115821558E+15    2.733011091470625E+07    4.763448775449386E-15    9.824096124300358E+00    1.013469464786159E+04    7.891463368723623E+03    3.505242661952950E-01    1.587905700525568E+00    2.311954977013619E+34    1.182012606218693E+15    6.217437000000000E-01    0.000000000000000E+00    3.587127000000000E-01    1.896245000000000E-03    4.327156000000000E-03    7.307270000000000E-03    1.503207000000000E-03    2.193042000000000E-04    2.831394000000000E-03    4.926909000000000E-04    3.376221000000000E-04    6.736567000000000E-05    5.501530000000000E-05    0.000000000000000E+00    0.000000000000000E+00    0.000000000000000E+00    0.000000000000000E+00    0.000000000000000E+00    5.881613000000000E-05    0.000000000000000E+00    6.998992999999999E-05    2.711911268235000E+42    2.872794084549000E+09    1.973970422745000E+09
                      338    4.767882759125001E+30    2.312192591993167E+34    1.213747096615828E+15    2.676610352039250E+07    4.274856092217603E-15    8.598799786054268E+00    9.951757010598621E+03    7.637502679339428E+03    3.524985436439300E-01    1.492269879584120E+00    2.312432195382586E+34    1.245510277901588E+15    6.217437000000000E-01    0.000000000000000E+00    3.587127000000000E-01    1.896245000000000E-03    4.327156000000000E-03    7.307270000000000E-03    1.503207000000000E-03    2.193042000000000E-04    2.831394000000000E-03    4.926909000000000E-04    3.376221000000000E-04    6.736567000000000E-05    5.501530000000000E-05    0.000000000000000E+00    0.000000000000000E+00    0.000000000000000E+00    0.000000000000000E+00    0.000000000000000E+00    5.881613000000000E-05    0.000000000000000E+00    6.998992999999999E-05    2.744705352784000E+42    2.576397042274500E+09    1.751176338196000E+09
                      339    4.781240896636350E+30    2.312671798772006E+34    1.277273459187346E+15    2.627069908380425E+07    3.862971457971012E-15    8.112256446275779E+00    9.875299454015674E+03    7.526625611431067E+03    3.553838450431500E-01    1.405064430419501E+00    2.312911402161425E+34    1.309059694729258E+15    6.217437000000000E-01    0.000000000000000E+00    3.587127000000000E-01    1.896245000000000E-03    4.327156000000000E-03    7.307270000000000E-03    1.503207000000000E-03    2.193042000000000E-04    2.831394000000000E-03    4.926909000000000E-04    3.376221000000000E-04    6.736567000000000E-05    5.501530000000000E-05    0.000000000000000E+00    0.000000000000000E+00    0.000000000000000E+00    0.000000000000000E+00    0.000000000000000E+00    5.881613000000000E-05    0.000000000000000E+00    6.998992999999999E-05    2.771102395058500E+42    2.326397042274500E+09    1.581176338196000E+09
                      340    4.793320486600842E+30    2.313151005550844E+34    1.340845930271170E+15    2.585389760494150E+07    3.501712362471749E-15    7.653385019954269E+00    9.799441114901028E+03    7.417367151972227E+03    3.593764957427600E-01    1.325067195420480E+00    2.313391603145198E+34    1.372666103749864E+15    6.217437000000000E-01    0.000000000000000E+00    3.587127000000000E-01    1.896245000000000E-03    4.327156000000000E-03    7.307270000000000E-03    1.503207000000000E-03    2.193042000000000E-04    2.831394000000000E-03    4.926909000000000E-04    3.376221000000000E-04    6.736567000000000E-05    5.501530000000000E-05    0.000000000000000E+00    0.000000000000000E+00    0.000000000000000E+00    0.000000000000000E+00    0.000000000000000E+00    5.881613000000000E-05    0.000000000000000E+00    6.998992999999999E-05    2.807499437333000E+42    2.106397042274500E+09    1.424779295921500E+09
                      341    4.804300485906836E+30    2.313632200739553E+34    1.404486277228558E+15    2.549709612607875E+07    3.186254555553485E-15    7.241917316121016E+00    9.709599298739537E+03    7.315597059385003E+03    3.647242887019750E-01    1.251114183346335E+00    2.313872798333908E+34    1.436317295441045E+15    6.217437000000000E-01    0.000000000000000E+00    3.587127000000000E-01    1.896245000000000E-03    4.327156000000000E-03    7.307270000000000E-03    1.503207000000000E-03    2.193042000000000E-04    2.831394000000000E-03    4.926909000000000E-04    3.376221000000000E-04    6.736567000000000E-05    5.501530000000000E-05    0.000000000000000E+00    0.000000000000000E+00    0.000000000000000E+00    0.000000000000000E+00    0.000000000000000E+00    5.881613000000000E-05    0.000000000000000E+00    6.998992999999999E-05    2.840293521882000E+42    1.916397042274500E+09    1.294779295921500E+09
                      342    4.814322071655154E+30    2.314113395928262E+34    1.468148313653532E+15    2.515669168949050E+07    2.916899723607317E-15    6.524894333776833E+00    9.576378602045990E+03    7.126885203180251E+03    3.724316380023650E-01    1.181959223026245E+00    2.314353993522616E+34    1.499984832412144E+15    6.217437000000000E-01    0.000000000000000E+00    3.587127000000000E-01    1.896245000000000E-03    4.327156000000000E-03    7.307270000000000E-03    1.503207000000000E-03    2.193042000000000E-04    2.831394000000000E-03    4.926909000000000E-04    3.376221000000000E-04    6.736567000000000E-05    5.501530000000000E-05    0.000000000000000E+00    0.000000000000000E+00    0.000000000000000E+00    0.000000000000000E+00    0.000000000000000E+00    5.881613000000000E-05    0.000000000000000E+00    6.998992999999999E-05    2.876690564156500E+42    1.756397042274500E+09    1.168382253647000E+09
                      343    4.823506536847908E+30    2.314594591116971E+34    1.531821351170757E+15    2.484308873176500E+07    2.680899103087572E-15    6.174097492604752E+00    9.510455275446704E+03    7.029100672345307E+03    3.766434013843250E-01    1.117668254833328E+00    2.314836182916260E+34    1.563673981445100E+15    6.217437000000000E-01    0.000000000000000E+00    3.587127000000000E-01    1.896245000000000E-03    4.327156000000000E-03    7.307270000000000E-03    1.503207000000000E-03    2.193042000000000E-04    2.831394000000000E-03    4.926909000000000E-04    3.376221000000000E-04    6.736567000000000E-05    5.501530000000000E-05    0.000000000000000E+00    0.000000000000000E+00    0.000000000000000E+00    0.000000000000000E+00    0.000000000000000E+00    5.881613000000000E-05    0.000000000000000E+00    6.998992999999999E-05    2.913087606431000E+42    1.616397042274500E+09    1.068382253647000E+09
                      344    4.831953301978634E+30    2.315077774715550E+34    1.595526611719442E+15    2.456948577403950E+07    2.467632431350420E-15    5.896217330811083E+00    9.459166374849683E+03    6.948639222302125E+03    3.806551647662850E-01    1.057830861171880E+00    2.315320360719776E+34    1.627391689272855E+15    6.217437000000000E-01    0.000000000000000E+00    3.587127000000000E-01    1.896245000000000E-03    4.327156000000000E-03    7.307270000000000E-03    1.503207000000000E-03    2.193042000000000E-04    2.831394000000000E-03    4.926909000000000E-04    3.376221000000000E-04    6.736567000000000E-05    5.501530000000000E-05    0.000000000000000E+00    0.000000000000000E+00    0.000000000000000E+00    0.000000000000000E+00    0.000000000000000E+00    5.881613000000000E-05    0.000000000000000E+00    6.998992999999999E-05    2.949484648705500E+42    1.486397042274500E+09    9.819852113724999E+08
                      345    4.839747868671770E+30    2.315562946724001E+34    1.659256766826268E+15    2.434268429517675E+07    2.281815203220466E-15    5.630843836495664E+00    9.394049931546886E+03    6.869098806861344E+03    3.845308985709900E-01    1.001913910161940E+00    2.315804538523290E+34    1.691141985428137E+15    6.217437000000000E-01    0.000000000000000E+00    3.587127000000000E-01    1.896245000000000E-03    4.327156000000000E-03    7.307270000000000E-03    1.503207000000000E-03    2.193042000000000E-04    2.831394000000000E-03    4.926909000000000E-04    3.376221000000000E-04    6.736567000000000E-05    5.501530000000000E-05    0.000000000000000E+00    0.000000000000000E+00    0.000000000000000E+00    0.000000000000000E+00    0.000000000000000E+00    5.881613000000000E-05    0.000000000000000E+00    6.998992999999999E-05    2.992278733254500E+42    1.376397042274500E+09    9.060660986901500E+08
                      346    4.846963808092533E+30    2.316046130322580E+34    1.723027204030007E+15    2.415268429517675E+07    2.114854381785141E-15    5.411297456307768E+00    9.350888192732513E+03    6.800647646095271E+03    3.882066323756950E-01    9.495597396390335E-01    2.316288716326805E+34    1.754917378927745E+15    6.217437000000000E-01    0.000000000000000E+00    3.587127000000000E-01    1.896245000000000E-03    4.327156000000000E-03    7.307270000000000E-03    1.503207000000000E-03    2.193042000000000E-04    2.831394000000000E-03    4.926909000000000E-04    3.376221000000000E-04    6.736567000000000E-05    5.501530000000000E-05    0.000000000000000E+00    0.000000000000000E+00    0.000000000000000E+00    0.000000000000000E+00    0.000000000000000E+00    5.881613000000000E-05    0.000000000000000E+00    6.998992999999999E-05    3.035072817803500E+42    1.276397042274500E+09    8.375072817803500E+08
                      347    4.853664749356785E+30    2.316531302331030E+34    1.786807553825484E+15    2.396088281631400E+07    1.964628633612658E-15    4.966349840381172E+00    9.222589196923182E+03    6.655816002858972E+03    3.932500112533400E-01    9.002846409298499E-01    2.316774882540191E+34    1.818693913536819E+15    6.217437000000000E-01    0.000000000000000E+00    3.587127000000000E-01    1.896245000000000E-03    4.327156000000000E-03    7.307270000000000E-03    1.503207000000000E-03    2.193042000000000E-04    2.831394000000000E-03    4.926909000000000E-04    3.376221000000000E-04    6.736567000000000E-05    5.501530000000000E-05    0.000000000000000E+00    0.000000000000000E+00    0.000000000000000E+00    0.000000000000000E+00    0.000000000000000E+00    5.881613000000000E-05    0.000000000000000E+00    6.998992999999999E-05    3.071469860078000E+42    1.186397042274500E+09    7.716690564156500E+08
                      348    4.859900402711295E+30    2.317018462749352E+34    1.850580273248154E+15    2.376908133745125E+07    1.833498121787927E-15    4.756652309364227E+00    9.180215248625005E+03    6.584916523949241E+03    3.961617746353000E-01    8.539633750454404E-01    2.317262042958512E+34    1.882475148001241E+15    6.217437000000000E-01    0.000000000000000E+00    3.587127000000000E-01    1.896245000000000E-03    4.327156000000000E-03    7.307270000000000E-03    1.503207000000000E-03    2.193042000000000E-04    2.831394000000000E-03    4.926909000000000E-04    3.376221000000000E-04    6.736567000000000E-05    5.501530000000000E-05    0.000000000000000E+00    0.000000000000000E+00    0.000000000000000E+00    0.000000000000000E+00    0.000000000000000E+00    5.881613000000000E-05    0.000000000000000E+00    6.998992999999999E-05    3.117866902352501E+42    1.106397042274500E+09    7.181102395058500E+08
                      349    4.865718489992958E+30    2.317505623167673E+34    1.914370022754328E+15    2.359727985858850E+07    1.712537024304747E-15    4.584599551053228E+00    9.138035990934424E+03    6.524545646381150E+03    3.989375084400050E-01    8.103828667125226E-01    2.317749203376833E+34    1.946271035272947E+15    6.217437000000000E-01    0.000000000000000E+00    3.587127000000000E-01    1.896245000000000E-03    4.327156000000000E-03    7.307270000000000E-03    1.503207000000000E-03    2.193042000000000E-04    2.831394000000000E-03    4.926909000000000E-04    3.376221000000000E-04    6.736567000000000E-05    5.501530000000000E-05    0.000000000000000E+00    0.000000000000000E+00    0.000000000000000E+00    0.000000000000000E+00    0.000000000000000E+00    5.881613000000000E-05    0.000000000000000E+00    6.998992999999999E-05    3.167058029176000E+42    1.030000000000000E+09    6.695514225960500E+08
                      350    4.871162756218929E+30    2.317992783585994E+34    1.978172047791566E+15    2.346227985858850E+07    1.604281108474415E-15    4.405927118777922E+00    9.096050529329354E+03    6.459535770926665E+03    4.016492718219650E-01    7.692719918270546E-01    2.318236363795154E+34    2.010086359225589E+15    6.217437000000000E-01    0.000000000000000E+00    3.587127000000000E-01    1.896245000000000E-03    4.327156000000000E-03    7.307270000000000E-03    1.503207000000000E-03    2.193042000000000E-04    2.831394000000000E-03    4.926909000000000E-04    3.376221000000000E-04    6.736567000000000E-05    5.501530000000000E-05    0.000000000000000E+00    0.000000000000000E+00    0.000000000000000E+00    0.000000000000000E+00    0.000000000000000E+00    5.881613000000000E-05    0.000000000000000E+00    6.998992999999999E-05    3.213455071450500E+42    9.655588169098001E+08    6.252720141411500E+08
                      351    4.876263027537269E+30    2.318479944004315E+34    2.042000670659612E+15    2.335727985858850E+07    1.504113015734550E-15    4.246560433050098E+00    9.047007356629067E+03    6.400314391011671E+03    4.042250056266700E-01    7.304645398696707E-01    2.318723524213475E+34    2.073920324367018E+15    6.217437000000000E-01    0.000000000000000E+00    3.587127000000000E-01    1.896245000000000E-03    4.327156000000000E-03    7.307270000000000E-03    1.503207000000000E-03    2.193042000000000E-04    2.831394000000000E-03    4.926909000000000E-04    3.376221000000000E-04    6.736567000000000E-05    5.501530000000000E-05    0.000000000000000E+00    0.000000000000000E+00    0.000000000000000E+00    0.000000000000000E+00    0.000000000000000E+00    5.881613000000000E-05    0.000000000000000E+00    6.998992999999999E-05    3.266249155999501E+42    9.059191126823500E+08    5.853529014588001E+08
                      352    4.881055095325651E+30    2.318967104422635E+34    2.105839978074424E+15    2.324227985858850E+07    1.414620572131695E-15    3.944911901733192E+00    8.943447119779757E+03    6.283495488056911E+03    4.074404436588250E-01    6.936693213268516E-01    2.319211678836732E+34    2.137753133328332E+15    6.217437000000000E-01    0.000000000000000E+00    3.587127000000000E-01    1.896245000000000E-03    4.327156000000000E-03    7.307270000000000E-03    1.503207000000000E-03    2.193042000000000E-04    2.831394000000000E-03    4.926909000000000E-04    3.376221000000000E-04    6.736567000000000E-05    5.501530000000000E-05    0.000000000000000E+00    0.000000000000000E+00    0.000000000000000E+00    0.000000000000000E+00    0.000000000000000E+00    5.881613000000000E-05    0.000000000000000E+00    6.998992999999999E-05    3.312646198274000E+42    8.519191126823499E+08    5.461543803215500E+08
                      353    4.885564808912395E+30    2.319456253250827E+34    2.169666288582240E+15    2.312547837972575E+07    1.332416399918034E-15    3.837402100455670E+00    8.909490400249600E+03    6.240240209369847E+03    4.094882366180400E-01    6.588451570841470E-01    2.319700827664923E+34    2.201585431066132E+15    6.217437000000000E-01    0.000000000000000E+00    3.587127000000000E-01    1.896245000000000E-03    4.327156000000000E-03    7.307270000000000E-03    1.503207000000000E-03    2.193042000000000E-04    2.831394000000000E-03    4.926909000000000E-04    3.376221000000000E-04    6.736567000000000E-05    5.501530000000000E-05    0.000000000000000E+00    0.000000000000000E+00    0.000000000000000E+00    0.000000000000000E+00    0.000000000000000E+00    5.881613000000000E-05    0.000000000000000E+00    6.998992999999999E-05    3.365440282823000E+42    8.029191126823499E+08    5.138749718666500E+08
                      354    4.889816029215947E+30    2.319945402079019E+34    2.233504573550024E+15    2.302867690086300E+07    1.257882194084354E-15    3.698599519734763E+00    8.881880862857253E+03    6.183029343247977E+03    4.114720591545100E-01    6.258035264650068E-01    2.320189976493115E+34    2.265428990531990E+15    6.217437000000000E-01    0.000000000000000E+00    3.587127000000000E-01    1.896245000000000E-03    4.327156000000000E-03    7.307270000000000E-03    1.503207000000000E-03    2.193042000000000E-04    2.831394000000000E-03    4.926909000000000E-04    3.376221000000000E-04    6.736567000000000E-05    5.501530000000000E-05    0.000000000000000E+00    0.000000000000000E+00    0.000000000000000E+00    0.000000000000000E+00    0.000000000000000E+00    5.881613000000000E-05    0.000000000000000E+00    6.998992999999999E-05    3.411837325097500E+42    7.572794084549000E+08    4.842352676392000E+08
                      355    4.893830628744886E+30    2.320434550907211E+34    2.297353407513958E+15    2.296547837972575E+07    1.187517366411734E-15    3.564817563882041E+00    8.841072327158969E+03    6.126342989499444E+03    4.133838225364700E-01    5.944600733052871E-01    2.320679125321307E+34    2.329291697673260E+15    6.217437000000000E-01    0.000000000000000E+00    3.587127000000000E-01    1.896245000000000E-03    4.327156000000000E-03    7.307270000000000E-03    1.503207000000000E-03    2.193042000000000E-04    2.831394000000000E-03    4.926909000000000E-04    3.376221000000000E-04    6.736567000000000E-05    5.501530000000000E-05    0.000000000000000E+00    0.000000000000000E+00    0.000000000000000E+00    0.000000000000000E+00    0.000000000000000E+00    5.881613000000000E-05    0.000000000000000E+00    6.998992999999999E-05    3.464631409646500E+42    7.159191126823499E+08    4.569558591843001E+08
                      356    4.897628491597919E+30    2.320923699735403E+34    2.361229987832563E+15    2.293227985858850E+07    1.123673061866024E-15    3.467666388537617E+00    8.800451289650704E+03    6.084169541002976E+03    4.152316154956850E-01    5.646561930321026E-01    2.321169268354433E+34    2.393172400657030E+15    6.217437000000000E-01    0.000000000000000E+00    3.587127000000000E-01    1.896245000000000E-03    4.327156000000000E-03    7.307270000000000E-03    1.503207000000000E-03    2.193042000000000E-04    2.831394000000000E-03    4.926909000000000E-04    3.376221000000000E-04    6.736567000000000E-05    5.501530000000000E-05    0.000000000000000E+00    0.000000000000000E+00    0.000000000000000E+00    0.000000000000000E+00    0.000000000000000E+00    5.881613000000000E-05    0.000000000000000E+00    6.998992999999999E-05    3.517425494195501E+42    6.772794084549000E+08    4.316764507294000E+08
                      357    4.901223536644141E+30    2.321414836973465E+34    2.425114813481498E+15    2.288727985858850E+07    1.065712278587587E-15    3.221345515518021E+00    8.699713356761855E+03    5.973120931864514E+03    4.171191126823500E-01    5.362574244456845E-01    2.321659411387561E+34    2.457046008591382E+15    6.217437000000000E-01    0.000000000000000E+00    3.587127000000000E-01    1.896245000000000E-03    4.327156000000000E-03    7.307270000000000E-03    1.503207000000000E-03    2.193042000000000E-04    2.831394000000000E-03    4.926909000000000E-04    3.376221000000000E-04    6.736567000000000E-05    5.501530000000000E-05    0.000000000000000E+00    0.000000000000000E+00    0.000000000000000E+00    0.000000000000000E+00    0.000000000000000E+00    5.881613000000000E-05    0.000000000000000E+00    6.998992999999999E-05    3.570219578744500E+42    6.422794084549000E+08    4.073970422745000E+08
                      358    4.904635647982260E+30    2.321903985801657E+34    2.488977203701267E+15    2.282227985858850E+07    1.012232948002757E-15    3.133554907046536E+00    8.679704571279224E+03    5.932002256593654E+03    4.185749943733300E-01    5.091989763465047E-01    2.322149554420688E+34    2.520909772252359E+15    6.217437000000000E-01    0.000000000000000E+00    3.587127000000000E-01    1.896245000000000E-03    4.327156000000000E-03    7.307270000000000E-03    1.503207000000000E-03    2.193042000000000E-04    2.831394000000000E-03    4.926909000000000E-04    3.376221000000000E-04    6.736567000000000E-05    5.501530000000000E-05    0.000000000000000E+00    0.000000000000000E+00    0.000000000000000E+00    0.000000000000000E+00    0.000000000000000E+00    5.881613000000000E-05    0.000000000000000E+00    6.998992999999999E-05    3.633013663293500E+42    6.092794084549000E+08    3.861176338196000E+08
                      359    4.907876756071497E+30    2.322395123039719E+34    2.552842340803450E+15    2.275727985858850E+07    9.622334926682502E-16    3.048156836382200E+00    8.646749236520240E+03    5.891166640292351E+03    4.190507281780350E-01    4.834466831672655E-01    2.322640691658750E+34    2.584775593747736E+15    6.217437000000000E-01    0.000000000000000E+00    3.587127000000000E-01    1.896245000000000E-03    4.327156000000000E-03    7.307270000000000E-03    1.503207000000000E-03    2.193042000000000E-04    2.831394000000000E-03    4.926909000000000E-04    3.376221000000000E-04    6.736567000000000E-05    5.501530000000000E-05    0.000000000000000E+00    0.000000000000000E+00    0.000000000000000E+00    0.000000000000000E+00    0.000000000000000E+00    5.881613000000000E-05    0.000000000000000E+00    6.998992999999999E-05    3.685807747842500E+42    5.792794084549000E+08    3.671176338196000E+08
                      360    4.910958791371080E+30    2.322886260277782E+34    2.616708846692022E+15    2.271727985858850E+07    9.154612573410625E-16    2.956522307411521E+00    8.619953905289936E+03    5.845919951294949E+03    4.190624915599950E-01    4.589450551963022E-01    2.323131828896813E+34    2.648649716864239E+15    6.217437000000000E-01    0.000000000000000E+00    3.587127000000000E-01    1.896245000000000E-03    4.327156000000000E-03    7.307270000000000E-03    1.503207000000000E-03    2.193042000000000E-04    2.831394000000000E-03    4.926909000000000E-04    3.376221000000000E-04    6.736567000000000E-05    5.501530000000000E-05    0.000000000000000E+00    0.000000000000000E+00    0.000000000000000E+00    0.000000000000000E+00    0.000000000000000E+00    5.881613000000000E-05    0.000000000000000E+00    6.998992999999999E-05    3.742204790117001E+42    5.516397042274500E+08    3.484779295921500E+08
                      361    4.913895672750100E+30    2.323377397515844E+34    2.680590587036456E+15    2.268908133745125E+07    8.722479743068343E-16    2.857836040943339E+00    8.580348814646057E+03    5.796973399937180E+03    4.189742549419549E-01    4.355993271728206E-01    2.323623960339810E+34    2.712531994988954E+15    6.217437000000000E-01    0.000000000000000E+00    3.587127000000000E-01    1.896245000000000E-03    4.327156000000000E-03    7.307270000000000E-03    1.503207000000000E-03    2.193042000000000E-04    2.831394000000000E-03    4.926909000000000E-04    3.376221000000000E-04    6.736567000000000E-05    5.501530000000000E-05    0.000000000000000E+00    0.000000000000000E+00    0.000000000000000E+00    0.000000000000000E+00    0.000000000000000E+00    5.881613000000000E-05    0.000000000000000E+00    6.998992999999999E-05    3.801395916940500E+42    5.252794084549000E+08    3.318382253647000E+08
                      362    4.916693365438173E+30    2.323870523163777E+34    2.744473402941451E+15    2.263908133745125E+07    8.329903486352414E-16    2.671659827140666E+00    8.501683703874107E+03    5.699711375437907E+03    4.184977817058750E-01    4.133292621717476E-01    2.324116091782808E+34    2.776406076367893E+15    6.217437000000000E-01    0.000000000000000E+00    3.587127000000000E-01    1.896245000000000E-03    4.327156000000000E-03    7.307270000000000E-03    1.503207000000000E-03    2.193042000000000E-04    2.831394000000000E-03    4.926909000000000E-04    3.376221000000000E-04    6.736567000000000E-05    5.501530000000000E-05    0.000000000000000E+00    0.000000000000000E+00    0.000000000000000E+00    0.000000000000000E+00    0.000000000000000E+00    5.881613000000000E-05    0.000000000000000E+00    6.998992999999999E-05    3.857792959215000E+42    5.012794084549000E+08    3.161985211372500E+08
                      363    4.919365788304391E+30    2.324361660401840E+34    2.808338749794335E+15    2.257727985858850E+07    7.954996071740675E-16    2.622896539744477E+00    8.482130373954351E+03    5.673523580451018E+03    4.183176338196000E-01    3.920764596218757E-01    2.324608223225806E+34    2.840274022156730E+15    6.217437000000000E-01    0.000000000000000E+00    3.587127000000000E-01    1.896245000000000E-03    4.327156000000000E-03    7.307270000000000E-03    1.503207000000000E-03    2.193042000000000E-04    2.831394000000000E-03    4.926909000000000E-04    3.376221000000000E-04    6.736567000000000E-05    5.501530000000000E-05    0.000000000000000E+00    0.000000000000000E+00    0.000000000000000E+00    0.000000000000000E+00    0.000000000000000E+00    5.881613000000000E-05    0.000000000000000E+00    6.998992999999999E-05    3.914190001489500E+42    4.786397042274500E+08    3.015588169098000E+08
                      364    4.921916918168496E+30    2.324854786049773E+34    2.872209294519125E+15    2.252408133745125E+07    7.596962270341999E-16    2.535346425141649E+00    8.449925194198819E+03    5.626020464496009E+03    4.180014563560700E-01    3.717938660169327E-01    2.325100354668804E+34    2.904146844632716E+15    6.217437000000000E-01    0.000000000000000E+00    3.587127000000000E-01    1.896245000000000E-03    4.327156000000000E-03    7.307270000000000E-03    1.503207000000000E-03    2.193042000000000E-04    2.831394000000000E-03    4.926909000000000E-04    3.376221000000000E-04    6.736567000000000E-05    5.501530000000000E-05    0.000000000000000E+00    0.000000000000000E+00    0.000000000000000E+00    0.000000000000000E+00    0.000000000000000E+00    5.881613000000000E-05    0.000000000000000E+00    6.998992999999999E-05    3.970587043764000E+42    4.576397042274500E+08    2.881985211372500E+08
                      365    4.924358685489714E+30    2.325345923287835E+34    2.936084394746306E+15    2.248768429517675E+07    7.271767245021980E-16    2.466251196369390E+00    8.423739799172728E+03    5.587291212035581E+03    4.175492493152850E-01    3.523990929013646E-01    2.325592486111802E+34    2.968028479792615E+15    6.217437000000000E-01    0.000000000000000E+00    3.587127000000000E-01    1.896245000000000E-03    4.327156000000000E-03    7.307270000000000E-03    1.503207000000000E-03    2.193042000000000E-04    2.831394000000000E-03    4.926909000000000E-04    3.376221000000000E-04    6.736567000000000E-05    5.501530000000000E-05    0.000000000000000E+00    0.000000000000000E+00    0.000000000000000E+00    0.000000000000000E+00    0.000000000000000E+00    5.881613000000000E-05    0.000000000000000E+00    6.998992999999999E-05    4.033381128313000E+42    4.376397042274500E+08    2.755588169098000E+08
                      366    4.926695067087783E+30    2.325839048935768E+34    2.999972564838924E+15    2.245948577403950E+07    6.960492494771081E-16    2.392110074756070E+00    8.385036230456193E+03    5.544378416787212E+03    4.169970422745000E-01    3.338552774856945E-01    2.326085611759735E+34    3.031915079205532E+15    6.217437000000000E-01    0.000000000000000E+00    3.587127000000000E-01    1.896245000000000E-03    4.327156000000000E-03    7.307270000000000E-03    1.503207000000000E-03    2.193042000000000E-04    2.831394000000000E-03    4.926909000000000E-04    3.376221000000000E-04    6.736567000000000E-05    5.501530000000000E-05    0.000000000000000E+00    0.000000000000000E+00    0.000000000000000E+00    0.000000000000000E+00    0.000000000000000E+00    5.881613000000000E-05    0.000000000000000E+00    6.998992999999999E-05    4.089778170587500E+42    4.196397042274500E+08    2.635588169098000E+08
                      367    4.928934016602190E+30    2.326332174583701E+34    3.063857593572138E+15    2.241448577403950E+07    6.677900895145278E-16    2.228626595666200E+00    8.295696678077431E+03    5.447551034644113E+03    4.155286577701850E-01    3.161278158255058E-01    2.326578737407668E+34    3.095793712430890E+15    6.217437000000000E-01    0.000000000000000E+00    3.587127000000000E-01    1.896245000000000E-03    4.327156000000000E-03    7.307270000000000E-03    1.503207000000000E-03    2.193042000000000E-04    2.831394000000000E-03    4.926909000000000E-04    3.376221000000000E-04    6.736567000000000E-05    5.501530000000000E-05    0.000000000000000E+00    0.000000000000000E+00    0.000000000000000E+00    0.000000000000000E+00    0.000000000000000E+00    5.881613000000000E-05    0.000000000000000E+00    6.998992999999999E-05    4.152572255136501E+42    4.026397042274500E+08    2.522794084549000E+08
                      368    4.931083487672414E+30    2.326825300231634E+34    3.127729831289642E+15    2.235948577403950E+07    6.406782336003202E-16    2.187949576054920E+00    8.276617105170399E+03    5.422521811183665E+03    4.150565986156750E-01    2.991427879710712E-01    2.327071863055601E+34    3.159668402515902E+15    6.217437000000000E-01    0.000000000000000E+00    3.587127000000000E-01    1.896245000000000E-03    4.327156000000000E-03    7.307270000000000E-03    1.503207000000000E-03    2.193042000000000E-04    2.831394000000000E-03    4.926909000000000E-04    3.376221000000000E-04    6.736567000000000E-05    5.501530000000000E-05    0.000000000000000E+00    0.000000000000000E+00    0.000000000000000E+00    0.000000000000000E+00    0.000000000000000E+00    5.881613000000000E-05    0.000000000000000E+00    6.998992999999999E-05    4.208969297411000E+42    3.856397042274500E+08    2.419191126823500E+08
                      369    4.933145468708328E+30    2.327318425879567E+34    3.191606973742162E+15    2.231448577403950E+07    6.160840559232248E-16    2.128321875871409E+00    8.250968772978365E+03    5.385193433599045E+03    4.142764507294000E-01    2.828392143084261E-01    2.327564988703534E+34    3.223548356559545E+15    6.217437000000000E-01    0.000000000000000E+00    3.587127000000000E-01    1.896245000000000E-03    4.327156000000000E-03    7.307270000000000E-03    1.503207000000000E-03    2.193042000000000E-04    2.831394000000000E-03    4.926909000000000E-04    3.376221000000000E-04    6.736567000000000E-05    5.501530000000000E-05    0.000000000000000E+00    0.000000000000000E+00    0.000000000000000E+00    0.000000000000000E+00    0.000000000000000E+00    5.881613000000000E-05    0.000000000000000E+00    6.998992999999999E-05    4.265366339685500E+42    3.706397042274500E+08    2.322794084549000E+08
                      370    4.935125924939543E+30    2.327811551527500E+34    3.255489739376928E+15    2.228128725290225E+07    5.910714323196408E-16    2.051338395578678E+00    8.219641273779933E+03    5.335821683436702E+03    4.133963028431250E-01    2.672294047702604E-01    2.328058114351467E+34    3.287434518271218E+15    6.217437000000000E-01    0.000000000000000E+00    3.587127000000000E-01    1.896245000000000E-03    4.327156000000000E-03    7.307270000000000E-03    1.503207000000000E-03    2.193042000000000E-04    2.831394000000000E-03    4.926909000000000E-04    3.376221000000000E-04    6.736567000000000E-05    5.501530000000000E-05    0.000000000000000E+00    0.000000000000000E+00    0.000000000000000E+00    0.000000000000000E+00    0.000000000000000E+00    5.881613000000000E-05    0.000000000000000E+00    6.998992999999999E-05    4.321763381960000E+42    3.566397042274500E+08    2.232794084549000E+08
                      371    4.937030821595672E+30    2.328304677175433E+34    3.319379297165508E+15    2.224808873176500E+07    5.683815467203856E-16    1.995433729326256E+00    8.181875452606750E+03    5.299090145333394E+03    4.123801253795950E-01    2.522541198353078E-01    2.328552234204336E+34    3.351320260136925E+15    6.217437000000000E-01    0.000000000000000E+00    3.587127000000000E-01    1.896245000000000E-03    4.327156000000000E-03    7.307270000000000E-03    1.503207000000000E-03    2.193042000000000E-04    2.831394000000000E-03    4.926909000000000E-04    3.376221000000000E-04    6.736567000000000E-05    5.501530000000000E-05    0.000000000000000E+00    0.000000000000000E+00    0.000000000000000E+00    0.000000000000000E+00    0.000000000000000E+00    5.881613000000000E-05    0.000000000000000E+00    6.998992999999999E-05    4.384557466509000E+42    3.426397042274500E+08    2.142794084549000E+08
                      372    4.938862147086584E+30    2.328799791233237E+34    3.383261223108344E+15    2.219989021062775E+07    5.478226312213916E-16    1.870842851954716E+00    8.088218298772043E+03    5.214363553437439E+03    4.100198296070450E-01    2.379048056973108E-01    2.329046354057204E+34    3.415200053734637E+15    6.217437000000000E-01    0.000000000000000E+00    3.587127000000000E-01    1.896245000000000E-03    4.327156000000000E-03    7.307270000000000E-03    1.503207000000000E-03    2.193042000000000E-04    2.831394000000000E-03    4.926909000000000E-04    3.376221000000000E-04    6.736567000000000E-05    5.501530000000000E-05    0.000000000000000E+00    0.000000000000000E+00    0.000000000000000E+00    0.000000000000000E+00    0.000000000000000E+00    5.881613000000000E-05    0.000000000000000E+00    6.998992999999999E-05    4.434557466509000E+42    3.296397042274500E+08    2.062794084549000E+08
                      373    4.940627855051765E+30    2.329292916881170E+34    3.447138884360931E+15    2.214669168949050E+07    5.280073517692282E-16    1.819857190361930E+00    8.069615912895612E+03    5.178468127219929E+03    4.092838000297900E-01    2.241002607555370E-01    2.329540473910073E+34    3.479079622539982E+15    6.217437000000000E-01    0.000000000000000E+00    3.587127000000000E-01    1.896245000000000E-03    4.327156000000000E-03    7.307270000000000E-03    1.503207000000000E-03    2.193042000000000E-04    2.831394000000000E-03    4.926909000000000E-04    3.376221000000000E-04    6.736567000000000E-05    5.501530000000000E-05    0.000000000000000E+00    0.000000000000000E+00    0.000000000000000E+00    0.000000000000000E+00    0.000000000000000E+00    5.881613000000000E-05    0.000000000000000E+00    6.998992999999999E-05    4.494557466509000E+42    3.176397042274500E+08    1.986397042274500E+08
                      374    4.942327945491212E+30    2.329788030938974E+34    3.511020360719032E+15    2.210849316835325E+07    5.089088103220137E-16    1.770261029595114E+00    8.032539395642380E+03    5.142819803378407E+03    4.081396817207700E-01    2.108314360527812E-01    2.330035587967876E+34    3.542965815474482E+15    6.217437000000000E-01    0.000000000000000E+00    3.587127000000000E-01    1.896245000000000E-03    4.327156000000000E-03    7.307270000000000E-03    1.503207000000000E-03    2.193042000000000E-04    2.831394000000000E-03    4.926909000000000E-04    3.376221000000000E-04    6.736567000000000E-05    5.501530000000000E-05    0.000000000000000E+00    0.000000000000000E+00    0.000000000000000E+00    0.000000000000000E+00    0.000000000000000E+00    5.881613000000000E-05    0.000000000000000E+00    6.998992999999999E-05    4.550954508783500E+42    3.066397042274500E+08    1.916397042274500E+08
                      375    4.943966395224668E+30    2.330283144996778E+34    3.574911270229932E+15    2.208209612607875E+07    4.905010817663027E-16    1.711202505860803E+00    7.995633229511986E+03    5.099766289517240E+03    4.066955634117500E-01    1.980859239908220E-01    2.330529707820744E+34    3.606857496366770E+15    6.217437000000000E-01    0.000000000000000E+00    3.587127000000000E-01    1.896245000000000E-03    4.327156000000000E-03    7.307270000000000E-03    1.503207000000000E-03    2.193042000000000E-04    2.831394000000000E-03    4.926909000000000E-04    3.376221000000000E-04    6.736567000000000E-05    5.501530000000000E-05    0.000000000000000E+00    0.000000000000000E+00    0.000000000000000E+00    0.000000000000000E+00    0.000000000000000E+00    5.881613000000000E-05    0.000000000000000E+00    6.998992999999999E-05    4.607351551058000E+42    2.956397042274500E+08    1.846397042274500E+08
                      376    4.945549169481743E+30    2.330776270644711E+34    3.638803722503608E+15    2.204389760494150E+07    4.738490011857912E-16    1.659729483689873E+00    7.958896631812115E+03    5.060591801452645E+03    4.051874746799851E-01    1.858184677094788E-01    2.331023827673613E+34    3.670743469866254E+15    6.217437000000000E-01    0.000000000000000E+00    3.587127000000000E-01    1.896245000000000E-03    4.327156000000000E-03    7.307270000000000E-03    1.503207000000000E-03    2.193042000000000E-04    2.831394000000000E-03    4.926909000000000E-04    3.376221000000000E-04    6.736567000000000E-05    5.501530000000000E-05    0.000000000000000E+00    0.000000000000000E+00    0.000000000000000E+00    0.000000000000000E+00    0.000000000000000E+00    5.881613000000000E-05    0.000000000000000E+00    6.998992999999999E-05    4.667351551058000E+42    2.850000000000000E+08    1.776397042274500E+08
                      377    4.947076268262439E+30    2.331271384702515E+34    3.702683217228900E+15    2.199069908380425E+07    4.577622441039781E-16    1.546327243853401E+00    7.867791895432552E+03    4.972219287059758E+03    4.020712972164550E-01    1.740609906077322E-01    2.331518941731417E+34    3.734624778548712E+15    6.217437000000000E-01    0.000000000000000E+00    3.587127000000000E-01    1.896245000000000E-03    4.327156000000000E-03    7.307270000000000E-03    1.503207000000000E-03    2.193042000000000E-04    2.831394000000000E-03    4.926909000000000E-04    3.376221000000000E-04    6.736567000000000E-05    5.501530000000000E-05    0.000000000000000E+00    0.000000000000000E+00    0.000000000000000E+00    0.000000000000000E+00    0.000000000000000E+00    5.881613000000000E-05    0.000000000000000E+00    6.998992999999999E-05    4.717351551058001E+42    2.756397042274500E+08    1.716397042274500E+08
                      378    4.948551668386497E+30    2.331766498760319E+34    3.766566339868524E+15    2.194250056266700E+07    4.422216182849982E-16    1.504185533509082E+00    7.849696476215627E+03    4.937990770247140E+03    4.009352676392000E-01    1.627341133082201E-01    2.332014055789221E+34    3.798509065088914E+15    6.217437000000000E-01    0.000000000000000E+00    3.587127000000000E-01    1.896245000000000E-03    4.327156000000000E-03    7.307270000000000E-03    1.503207000000000E-03    2.193042000000000E-04    2.831394000000000E-03    4.926909000000000E-04    3.376221000000000E-04    6.736567000000000E-05    5.501530000000000E-05    0.000000000000000E+00    0.000000000000000E+00    0.000000000000000E+00    0.000000000000000E+00    0.000000000000000E+00    5.881613000000000E-05    0.000000000000000E+00    6.998992999999999E-05    4.767351551058000E+42    2.660000000000000E+08    1.660000000000000E+08
                      379    4.949977358263787E+30    2.332261612818123E+34    3.830451790309304E+15    2.191110352039250E+07    4.272085830525202E-16    1.458939588011495E+00    7.801916672492367E+03    4.900058980923819E+03    3.992632084846900E-01    1.518370108717897E-01    2.332509169847025E+34    3.862398887544139E+15    6.217437000000000E-01    0.000000000000000E+00    3.587127000000000E-01    1.896245000000000E-03    4.327156000000000E-03    7.307270000000000E-03    1.503207000000000E-03    2.193042000000000E-04    2.831394000000000E-03    4.926909000000000E-04    3.376221000000000E-04    6.736567000000000E-05    5.501530000000000E-05    0.000000000000000E+00    0.000000000000000E+00    0.000000000000000E+00    0.000000000000000E+00    0.000000000000000E+00    5.881613000000000E-05    0.000000000000000E+00    6.998992999999999E-05    4.823748593332500E+42    2.576397042274500E+08    1.606397042274500E+08
                      380    4.951357314714051E+30    2.332756726875926E+34    3.894345984778975E+15    2.188970647811800E+07    4.136566109745001E-16    1.406168318639477E+00    7.766070121524102E+03    4.855134970158020E+03    3.972911493301800E-01    1.413362692451012E-01    2.333004283904828E+34    3.926293347022237E+15    6.217437000000000E-01    0.000000000000000E+00    3.587127000000000E-01    1.896245000000000E-03    4.327156000000000E-03    7.307270000000000E-03    1.503207000000000E-03    2.193042000000000E-04    2.831394000000000E-03    4.926909000000000E-04    3.376221000000000E-04    6.736567000000000E-05    5.501530000000000E-05    0.000000000000000E+00    0.000000000000000E+00    0.000000000000000E+00    0.000000000000000E+00    0.000000000000000E+00    5.881613000000000E-05    0.000000000000000E+00    6.998992999999999E-05    4.873748593332500E+42    2.490000000000000E+08    1.550000000000000E+08
                      381    4.952691537737290E+30    2.333251840933731E+34    3.958240709265499E+15    2.185150795698075E+07    3.999447497610978E-16    1.301887577333892E+00    7.659515644832703E+03    4.763210376755284E+03    3.931551197529250E-01    1.312894354944962E-01    2.333499397962632E+34    3.990182843708182E+15    6.217437000000000E-01    0.000000000000000E+00    3.587127000000000E-01    1.896245000000000E-03    4.327156000000000E-03    7.307270000000000E-03    1.503207000000000E-03    2.193042000000000E-04    2.831394000000000E-03    4.926909000000000E-04    3.376221000000000E-04    6.736567000000000E-05    5.501530000000000E-05    0.000000000000000E+00    0.000000000000000E+00    0.000000000000000E+00    0.000000000000000E+00    0.000000000000000E+00    5.881613000000000E-05    0.000000000000000E+00    6.998992999999999E-05    4.917351551058000E+42    2.410000000000000E+08    1.500000000000000E+08
                      382    4.953984004153244E+30    2.333746954991535E+34    4.022124978150864E+15    2.179830943584350E+07    3.878287223634100E-16    1.266407526521260E+00    7.630452160124106E+03    4.730420667160793E+03    3.917190901756700E-01    1.215839102987864E-01    2.333994512020436E+34    4.054068920330284E+15    6.217437000000000E-01    0.000000000000000E+00    3.587127000000000E-01    1.896245000000000E-03    4.327156000000000E-03    7.307270000000000E-03    1.503207000000000E-03    2.193042000000000E-04    2.831394000000000E-03    4.926909000000000E-04    3.376221000000000E-04    6.736567000000000E-05    5.501530000000000E-05    0.000000000000000E+00    0.000000000000000E+00    0.000000000000000E+00    0.000000000000000E+00    0.000000000000000E+00    5.881613000000000E-05    0.000000000000000E+00    6.998992999999999E-05    4.967351551058001E+42    2.336397042274500E+08    1.456397042274500E+08
                      383    4.955236702371783E+30    2.334242069049338E+34    4.086012862509703E+15    2.175511091470625E+07    3.755259638865814E-16    1.220600329797034E+00    7.589292783306168E+03    4.687051909803871E+03    3.898190901756700E-01    1.122313181776749E-01    2.334490620283176E+34    4.117957913664164E+15    6.217437000000000E-01    0.000000000000000E+00    3.587127000000000E-01    1.896245000000000E-03    4.327156000000000E-03    7.307270000000000E-03    1.503207000000000E-03    2.193042000000000E-04    2.831394000000000E-03    4.926909000000000E-04    3.376221000000000E-04    6.736567000000000E-05    5.501530000000000E-05    0.000000000000000E+00    0.000000000000000E+00    0.000000000000000E+00    0.000000000000000E+00    0.000000000000000E+00    5.881613000000000E-05    0.000000000000000E+00    6.998992999999999E-05    5.014557466509000E+42    2.260000000000000E+08    1.410000000000000E+08
                      384    4.956449632392910E+30    2.334739171517013E+34    4.149902964818626E+15    2.172371387243175E+07    3.639150361272070E-16    1.176450024103372E+00    7.543107096522403E+03    4.644080759604331E+03    3.873830605984150E-01    1.032244319669559E-01    2.334986728545915E+34    4.181850939114343E+15    6.217437000000000E-01    0.000000000000000E+00    3.587127000000000E-01    1.896245000000000E-03    4.327156000000000E-03    7.307270000000000E-03    1.503207000000000E-03    2.193042000000000E-04    2.831394000000000E-03    4.926909000000000E-04    3.376221000000000E-04    6.736567000000000E-05    5.501530000000000E-05    0.000000000000000E+00    0.000000000000000E+00    0.000000000000000E+00    0.000000000000000E+00    0.000000000000000E+00    5.881613000000000E-05    0.000000000000000E+00    6.998992999999999E-05    5.064557466509000E+42    2.190000000000000E+08    1.366397042274500E+08
                      385    4.957626771036362E+30    2.335234285574817E+34    4.213798913410059E+15    2.170231683015725E+07    3.528905019864755E-16    1.123501050843461E+00    7.479968404872101E+03    4.590920406743609E+03    3.847190901756700E-01    9.454947913141418E-02    2.335481842603718E+34    4.245746738050455E+15    6.217437000000000E-01    0.000000000000000E+00    3.587127000000000E-01    1.896245000000000E-03    4.327156000000000E-03    7.307270000000000E-03    1.503207000000000E-03    2.193042000000000E-04    2.831394000000000E-03    4.926909000000000E-04    3.376221000000000E-04    6.736567000000000E-05    5.501530000000000E-05    0.000000000000000E+00    0.000000000000000E+00    0.000000000000000E+00    0.000000000000000E+00    0.000000000000000E+00    5.881613000000000E-05    0.000000000000000E+00    6.998992999999999E-05    5.108160424234500E+42    2.126397042274500E+08    1.326397042274500E+08
                      386    4.958768118302144E+30    2.335729399632620E+34    4.277694562690851E+15    2.167091978788275E+07    3.424837495241388E-16    1.037178634768807E+00    7.377339390894964E+03    4.500386120997976E+03    3.800271789074350E-01    8.623306557386844E-02    2.335977950866457E+34    4.309639883194784E+15    6.217437000000000E-01    0.000000000000000E+00    3.587127000000000E-01    1.896245000000000E-03    4.327156000000000E-03    7.307270000000000E-03    1.503207000000000E-03    2.193042000000000E-04    2.831394000000000E-03    4.926909000000000E-04    3.376221000000000E-04    6.736567000000000E-05    5.501530000000000E-05    0.000000000000000E+00    0.000000000000000E+00    0.000000000000000E+00    0.000000000000000E+00    0.000000000000000E+00    5.881613000000000E-05    0.000000000000000E+00    6.998992999999999E-05    5.148160424234500E+42    2.060000000000000E+08    1.286397042274500E+08
                      387    4.959875662600122E+30    2.336226502100295E+34    4.341585203698716E+15    2.162952274560825E+07    3.323838925327845E-16    1.005943254983177E+00    7.343443595337664E+03    4.465805080240862E+03    3.779632084846900E-01    7.820636173613663E-02    2.336474059129196E+34    4.373532254655334E+15    6.217437000000000E-01    0.000000000000000E+00    3.587127000000000E-01    1.896245000000000E-03    4.327156000000000E-03    7.307270000000000E-03    1.503207000000000E-03    2.193042000000000E-04    2.831394000000000E-03    4.926909000000000E-04    3.376221000000000E-04    6.736567000000000E-05    5.501530000000000E-05    0.000000000000000E+00    0.000000000000000E+00    0.000000000000000E+00    0.000000000000000E+00    0.000000000000000E+00    5.881613000000000E-05    0.000000000000000E+00    6.998992999999999E-05    5.185366339685500E+42    2.000000000000000E+08    1.250000000000000E+08
                      388    4.960951392340170E+30    2.336721616158099E+34    4.405479305611953E+15    2.159812570333375E+07    3.228494121712638E-16    9.546706302044857E-01    7.292891685203755E+03    4.408083135989817E+03    3.750992380619450E-01    7.046874292765229E-02    2.336970167391936E+34    4.437427231735962E+15    6.217437000000000E-01    0.000000000000000E+00    3.587127000000000E-01    1.896245000000000E-03    4.327156000000000E-03    7.307270000000000E-03    1.503207000000000E-03    2.193042000000000E-04    2.831394000000000E-03    4.926909000000000E-04    3.376221000000000E-04    6.736567000000000E-05    5.501530000000000E-05    0.000000000000000E+00    0.000000000000000E+00    0.000000000000000E+00    0.000000000000000E+00    0.000000000000000E+00    5.881613000000000E-05    0.000000000000000E+00    6.998992999999999E-05    5.228969297411000E+42    1.946397042274500E+08    1.210000000000000E+08
                      389    4.961995307522285E+30    2.337218718625773E+34    4.469375157859972E+15    2.157853013992200E+07    3.137906288478265E-16    9.090200929600463E-01    7.226030052342729E+03    4.354113677300502E+03    3.718073267937100E-01    6.301386264849820E-02    2.337466275654675E+34    4.501325970998639E+15    6.217437000000000E-01    0.000000000000000E+00    3.587127000000000E-01    1.896245000000000E-03    4.327156000000000E-03    7.307270000000000E-03    1.503207000000000E-03    2.193042000000000E-04    2.831394000000000E-03    4.926909000000000E-04    3.376221000000000E-04    6.736567000000000E-05    5.501530000000000E-05    0.000000000000000E+00    0.000000000000000E+00    0.000000000000000E+00    0.000000000000000E+00    0.000000000000000E+00    5.881613000000000E-05    0.000000000000000E+00    6.998992999999999E-05    5.262572255136500E+42    1.890000000000000E+08    1.180000000000000E+08
                      390    4.963011384966213E+30    2.337713832683577E+34    4.533276784137306E+15    2.156893457651025E+07    3.052389630589510E-16    8.601485923869852E-01    7.149073739945905E+03    4.294372998027760E+03    3.683154155254750E-01    5.582961117755680E-02    2.337962383917414E+34    4.565227804989686E+15    6.217437000000000E-01    0.000000000000000E+00    3.587127000000000E-01    1.896245000000000E-03    4.327156000000000E-03    7.307270000000000E-03    1.503207000000000E-03    2.193042000000000E-04    2.831394000000000E-03    4.926909000000000E-04    3.376221000000000E-04    6.736567000000000E-05    5.501530000000000E-05    0.000000000000000E+00    0.000000000000000E+00    0.000000000000000E+00    0.000000000000000E+00    0.000000000000000E+00    5.881613000000000E-05    0.000000000000000E+00    6.998992999999999E-05    5.299778170587500E+42    1.836397042274500E+08    1.140000000000000E+08
                      391    4.963999624671950E+30    2.338210935151251E+34    4.597178825842067E+15    2.155253753423575E+07    2.964831389524339E-16    7.818828210001247E-01    7.040448304116906E+03    4.193728528235463E+03    3.627676225662600E-01    4.895665884932522E-02    2.338459486385088E+34    4.629128158515989E+15    6.217437000000000E-01    0.000000000000000E+00    3.587127000000000E-01    1.896245000000000E-03    4.327156000000000E-03    7.307270000000000E-03    1.503207000000000E-03    2.193042000000000E-04    2.831394000000000E-03    4.926909000000000E-04    3.376221000000000E-04    6.736567000000000E-05    5.501530000000000E-05    0.000000000000000E+00    0.000000000000000E+00    0.000000000000000E+00    0.000000000000000E+00    0.000000000000000E+00    5.881613000000000E-05    0.000000000000000E+00    6.998992999999999E-05    5.333381128313000E+42    1.786397042274500E+08    1.110000000000000E+08
                      392    4.964958038229626E+30    2.338708037618926E+34    4.661077491189912E+15    2.153474344968675E+07    2.884031503126612E-16    7.444809030656743E-01    6.986340954032898E+03    4.142378477796503E+03    3.597757112980250E-01    4.232650100439087E-02    2.338955594647828E+34    4.693028845426304E+15    6.217437000000000E-01    0.000000000000000E+00    3.587127000000000E-01    1.896245000000000E-03    4.327156000000000E-03    7.307270000000000E-03    1.503207000000000E-03    2.193042000000000E-04    2.831394000000000E-03    4.926909000000000E-04    3.376221000000000E-04    6.736567000000000E-05    5.501530000000000E-05    0.000000000000000E+00    0.000000000000000E+00    0.000000000000000E+00    0.000000000000000E+00    0.000000000000000E+00    5.881613000000000E-05    0.000000000000000E+00    6.998992999999999E-05    5.366984086038500E+42    1.740000000000000E+08    1.080000000000000E+08
                      393    4.965892590868855E+30    2.339203151676729E+34    4.724980199662695E+15    2.153194936513775E+07    2.809570728299938E-16    6.979970095962446E-01    6.901625276737745E+03    4.076146426417657E+03    3.557558591843000E-01    3.593915521818546E-02    2.339451702910567E+34    4.756932394279492E+15    6.217437000000000E-01    0.000000000000000E+00    3.587127000000000E-01    1.896245000000000E-03    4.327156000000000E-03    7.307270000000000E-03    1.503207000000000E-03    2.193042000000000E-04    2.831394000000000E-03    4.926909000000000E-04    3.376221000000000E-04    6.736567000000000E-05    5.501530000000000E-05    0.000000000000000E+00    0.000000000000000E+00    0.000000000000000E+00    0.000000000000000E+00    0.000000000000000E+00    5.881613000000000E-05    0.000000000000000E+00    6.998992999999999E-05    5.394190001489500E+42    1.690000000000000E+08    1.050000000000000E+08
                      394    4.966801294179763E+30    2.339700254144404E+34    4.788884588896289E+15    2.153915528058875E+07    2.733002125958787E-16    6.484157599878235E-01    6.822623025481647E+03    4.001748369583795E+03    3.512360070705750E-01    2.980466488316837E-02    2.339948805378241E+34    4.820838740027901E+15    6.217437000000000E-01    0.000000000000000E+00    3.587127000000000E-01    1.896245000000000E-03    4.327156000000000E-03    7.307270000000000E-03    1.503207000000000E-03    2.193042000000000E-04    2.831394000000000E-03    4.926909000000000E-04    3.376221000000000E-04    6.736567000000000E-05    5.501530000000000E-05    0.000000000000000E+00    0.000000000000000E+00    0.000000000000000E+00    0.000000000000000E+00    0.000000000000000E+00    5.881613000000000E-05    0.000000000000000E+00    6.998992999999999E-05    5.421395916940499E+42    1.646397042274500E+08    1.026397042274500E+08
                      395    4.967688124982095E+30    2.340197356612079E+34    4.852792891159514E+15    2.155676563262800E+07    2.660725059798814E-16    5.968340085987999E-01    6.718974023024429E+03    3.919672452132917E+03    3.463242436886150E-01    2.391568588336415E-02    2.340445907845916E+34    4.884748375684733E+15    6.217437000000000E-01    0.000000000000000E+00    3.587127000000000E-01    1.896245000000000E-03    4.327156000000000E-03    7.307270000000000E-03    1.503207000000000E-03    2.193042000000000E-04    2.831394000000000E-03    4.926909000000000E-04    3.376221000000000E-04    6.736567000000000E-05    5.501530000000000E-05    0.000000000000000E+00    0.000000000000000E+00    0.000000000000000E+00    0.000000000000000E+00    0.000000000000000E+00    5.881613000000000E-05    0.000000000000000E+00    6.998992999999999E-05    5.448601832391500E+42    1.600000000000000E+08    9.969191126823500E+07
                      396    4.968549106456107E+30    2.340694459079753E+34    4.916703860209952E+15    2.159297894239275E+07    2.592029676499920E-16    5.409307511973529E-01    6.611545057976600E+03    3.824725875066849E+03    3.410404211521450E-01    1.826593757935206E-02    2.340943010313591E+34    4.948661088274773E+15    6.217437000000000E-01    0.000000000000000E+00    3.587127000000000E-01    1.896245000000000E-03    4.327156000000000E-03    7.307270000000000E-03    1.503207000000000E-03    2.193042000000000E-04    2.831394000000000E-03    4.926909000000000E-04    3.376221000000000E-04    6.736567000000000E-05    5.501530000000000E-05    0.000000000000000E+00    0.000000000000000E+00    0.000000000000000E+00    0.000000000000000E+00    0.000000000000000E+00    5.881613000000000E-05    0.000000000000000E+00    6.998992999999999E-05    5.472204790117001E+42    1.560000000000000E+08    9.709191126823500E+07
                      397    4.969390203831412E+30    2.341191561547428E+34    4.980618316339594E+15    2.164739077329475E+07    2.527202075243373E-16    4.873641300490623E-01    6.490870760852469E+03    3.726059422560022E+03    3.350926281929300E-01    1.285327240372911E-02    2.341440112781265E+34    5.012576845323612E+15    6.217437000000000E-01    0.000000000000000E+00    3.587127000000000E-01    1.896245000000000E-03    4.327156000000000E-03    7.307270000000000E-03    1.503207000000000E-03    2.193042000000000E-04    2.831394000000000E-03    4.926909000000000E-04    3.376221000000000E-04    6.736567000000000E-05    5.501530000000000E-05    0.000000000000000E+00    0.000000000000000E+00    0.000000000000000E+00    0.000000000000000E+00    0.000000000000000E+00    5.881613000000000E-05    0.000000000000000E+00    6.998992999999999E-05    5.499410705568000E+42    1.520000000000000E+08    9.451985211372501E+07
                      398    4.970207440288270E+30    2.341688664015102E+34    5.044535374307629E+15    2.171000112533400E+07    2.463995835780163E-16    4.257372702464839E-01    6.353422117009955E+03    3.602469511277186E+03    3.193374409199650E-01    7.823705608687042E-03    2.341937215248940E+34    5.076500212208002E+15    6.217437000000000E-01    0.000000000000000E+00    3.587127000000000E-01    1.896245000000000E-03    4.327156000000000E-03    7.307270000000000E-03    1.503207000000000E-03    2.193042000000000E-04    2.831394000000000E-03    4.926909000000000E-04    3.376221000000000E-04    6.736567000000000E-05    5.501530000000000E-05    0.000000000000000E+00    0.000000000000000E+00    0.000000000000000E+00    0.000000000000000E+00    0.000000000000000E+00    5.881613000000000E-05    0.000000000000000E+00    6.998992999999999E-05    5.516616621018999E+42    1.480000000000000E+08    9.191985211372501E+07
                      399    4.971006781056290E+30    2.342185766482777E+34    5.108465050108374E+15    2.191801591396150E+07    2.402370407264455E-16    3.651218615616014E-01    6.199560083100861E+03    3.466980313429599E+03    2.884418099881750E-01    3.393282400672669E-03    2.342434317716614E+34    5.140510488637309E+15    6.217437000000000E-01    0.000000000000000E+00    3.587127000000000E-01    1.896245000000000E-03    4.327156000000000E-03    7.307270000000000E-03    1.503207000000000E-03    2.193042000000000E-04    2.831394000000000E-03    4.926909000000000E-04    3.376221000000000E-04    6.736567000000000E-05    5.501530000000000E-05    0.000000000000000E+00    0.000000000000000E+00    0.000000000000000E+00    0.000000000000000E+00    0.000000000000000E+00    5.881613000000000E-05    0.000000000000000E+00    6.998992999999999E-05    5.530219578744500E+42    1.446397042274500E+08    8.921176338196000E+07
                      400    4.971784249315733E+30    2.342682868950451E+34    5.172555927166245E+15    2.209382478713800E+07    2.336899144150433E-16    3.008672621819509E-01    5.998860707687187E+03    3.303754065132673E+03    2.265455071450500E-01    0.000000000000000E+00    2.342682868950451E+34    5.172555927166245E+15    6.217437000000000E-01    0.000000000000000E+00    3.587127000000000E-01    1.896245000000000E-03    4.327156000000000E-03    7.307270000000000E-03    1.503207000000000E-03    2.193042000000000E-04    2.831394000000000E-03    4.926909000000000E-04    3.376221000000000E-04    6.736567000000000E-05    5.501530000000000E-05    0.000000000000000E+00    0.000000000000000E+00    0.000000000000000E+00    0.000000000000000E+00    0.000000000000000E+00    5.881613000000000E-05    0.000000000000000E+00    6.998992999999999E-05    5.537425494195501E+42    1.406397042274500E+08    8.582352676391999E+07
