model,epoch_d,L_metal_total,metal_frac_of_all,dominant_metal,dominant_metal_L,L_C,L_O,L_Ne,overall_rank_of_dominant_metal
A1,10.0,1.544765494689296e+37,0.00029034505407701355,O_I_7774,1.5327424042074728e+37,1.1093460033889047e+35,1.5336720346553611e+37,4.572139550188499e+23,10
A1,20.0,2.0436040181788405e+37,0.00024317917280326358,O_I_7774,1.7458047283607752e+37,4.582453058222319e+29,2.0436039723543099e+37,2659113271247.544,10
A1,30.0,4.603471505738492e+37,0.0003789946834914471,O_I_7774,2.772466430416046e+37,8.566474335570124e+28,4.603471497172017e+37,94381444045.9637,10
A1,40.0,8.534544925448288e+37,0.0006318763371974635,O_I_6300,4.745876323742252e+37,4.981291437028002e+28,8.534544920466996e+37,2821469878.6943607,10
A1,50.0,1.5024269764980224e+38,0.0009154717166673799,O_I_6300,8.38774705005828e+37,8.589033633487626e+28,1.5024269756391192e+38,1540361611.3686905,10
A1,60.0,2.0865041162066582e+38,0.0012098776913069085,O_I_6300,1.1755486476246205e+38,1.4029908774726468e+29,2.0865041148036677e+38,625688352.1414158,10
A1,70.0,2.9109449148725084e+38,0.0015194614358031162,O_I_6300,1.5124235620954294e+38,4.037759247636891e+29,2.9109449108347494e+38,778426157.2848415,10
A1,80.0,3.470885460193207e+38,0.0020952410592443176,O_I_6300,1.9632692324149913e+38,5.087874730395093e+29,3.470885455105332e+38,199991217.50955456,10
A1,90.0,4.2479684793614656e+38,0.0027908545944669177,O_I_6300,2.390378073139545e+38,8.429674558465358e+29,4.2479684709317906e+38,187264852.70453477,10
A1,100.0,4.991929008171255e+38,0.004608857782446004,O_I_6300,3.0392181669835235e+38,8.779796417834063e+29,4.991928999391459e+38,79674208.90992425,10
A1,110.0,7.365832983416448e+38,0.008184645840995276,O_I_6300,4.285904454903651e+38,1.6323627484332446e+30,7.365832967092821e+38,150029111.84718513,10
A1,120.0,1.1816076964353646e+39,0.023827252995113655,O_I_6300,8.243284876321494e+38,8.385752943437714e+29,1.1816076955967893e+39,2.789679600962879e+16,7
A1,130.0,1.5695898033989e+39,0.10921494824008122,C_III_4647,2.898958461888004e+38,1.2256673372481963e+39,3.066193930556849e+38,3.73030730950192e+37,6
A1,140.0,3.445006694758444e+36,0.0007023381577707906,O_I_7774,3.4450066946959885e+35,2.0670040168800484e+36,1.0335020084087965e+36,3.4450066946959885e+35,10
A1,150.0,5.189475969508587e+36,0.0020610482373039918,Ne_III_3869,5.275984895232002e+35,3.079082011415786e+36,1.5827954685696005e+36,5.275984895232002e+35,10
A1,160.0,5.1638862851744467e+36,0.00365930209741681,Ne_III_3869,5.780300892232008e+35,2.9534691996671993e+36,1.6323869962840465e+36,5.780300892232008e+35,10
A10,0.1,1.2844394122919017e+38,0.0015358912232923713,C_III_1909,9.69920748550602e+37,9.780573117846802e+37,3.06290457658524e+37,9.164284869718599e+33,10
A10,0.2,1.246930365473935e+38,0.0014902485142575192,C_III_1909,9.32791439606118e+37,9.406736725399765e+37,3.062134534795469e+37,4.323945441160636e+33,10
A10,0.3,1.2114084557888241e+38,0.0014470325373490583,C_III_1909,8.975516263074426e+37,9.051927396849716e+37,3.0619322595440085e+37,2.2490149451564246e+33,10
A10,0.4,1.4574570947241163e+38,0.0016743782378445678,C_III_1909,1.12417610469432e+38,1.1333167288261696e+38,3.2412855390214955e+37,1.18119957972209e+33,10
A10,0.5,1.411821080214125e+38,0.0016209344189464592,C_III_1909,1.0788125491993563e+38,1.087653265014498e+38,3.24152041713051e+37,1.5773486575988704e+33,10
A10,0.6,1.3676636494000867e+38,0.0015692630031728923,C_III_1909,1.0349487483803503e+38,1.0434956682422842e+38,3.2415721902945283e+37,1.0762128349663602e+33,10
A10,0.7,1.325233106547908e+38,0.001519643783068,C_III_1909,9.927950918523228e+37,1.0010577694076748e+38,3.241672408776343e+37,8.096262598882041e+32,10
A10,0.8,1.2844437636300992e+38,0.0014719738463720724,C_III_1909,9.522696529903633e+37,9.602570765182319e+37,3.2417997150436974e+37,6.715607497455457e+32,10
A10,0.9,1.2452273052144286e+38,0.0014261704929001858,C_III_1909,9.133059373434163e+37,9.210267127907821e+37,3.2419445058112097e+37,6.141842525458344e+32,10
A10,1.0,1.2075250991377493e+38,0.0013821623796648334,C_III_1909,8.758461326661152e+37,8.833085832416542e+37,3.2421032257957948e+37,6.193316515663179e+32,10
A10,2.0,9.427254790175689e+37,0.001072860807502718,C_III_1909,6.080674468534579e+37,6.136896626715463e+37,3.275887907787054e+37,1.4470255673170017e+35,10
A10,3.0,6.672160441140189e+37,0.0007535611295623708,C_III_1909,3.364662504902503e+37,3.399791271455619e+37,3.267602798934334e+37,4.766370750235907e+34,10
A10,4.0,1.2890964449564424e+38,0.0014434727456452373,C_III_1909,8.57985537141717e+37,8.68201999931309e+37,3.950290189731622e+37,2.5865426051971144e+36,10
A10,5.0,6.488305133600595e+37,0.0007204454481038284,O_I_7774,3.2538946964163016e+37,2.915643341394011e+37,3.5085941618474967e+37,6.406763035908709e+35,10
A10,10.0,7.38794378608818e+38,0.007807041232136768,C_III_1909,5.4085291715239225e+38,5.659948861166428e+38,1.1806322696099618e+38,5.473626553117908e+37,9
A10,20.0,1.790195175356872e+38,0.0021453922733816297,O_III_5007,7.05543474031065e+37,7.601153846626092e+37,7.124728579676761e+37,3.176069327265867e+37,10
A10,30.0,1.54863869430316e+38,0.002148305940224433,O_III_5007,5.31099849859308e+37,8.050983120191974e+37,5.317245730518354e+37,2.1181580923212762e+37,10
A10,40.0,1.7448913628337007e+38,0.002284963132368553,C_IV_5801,5.501673495022056e+37,1.083595618658859e+38,4.708352421018468e+37,1.9046050207299427e+37,10
A10,50.0,2.262318406678373e+38,0.0009081537432751938,O_III_5007,6.274978494994804e+37,1.3257405659739107e+38,6.284287566774034e+37,3.0814908402705934e+37,10
A10,60.0,1.8103031221594843e+39,0.0009308705417699113,C_III_4647,8.532146299240257e+38,1.4916146757226003e+39,2.7590574424042807e+38,4.278270219645601e+37,10
A10,70.0,1.1442759253024658e+40,0.023270245769761534,C_II_4267,5.235795384081339e+39,1.0668084874776043e+40,6.4846806434155696e+38,1.262063139070581e+38,8
A10,80.0,2.8081621813389913e+40,0.06844734908755938,C_II_4267,1.456297613736198e+40,2.6963876322933926e+40,9.239527677013337e+38,1.9379272275465588e+38,5
A10,90.0,4.765897584866445e+40,0.1345940198189971,C_II_4267,2.373095406228837e+40,4.622641992444665e+40,1.2084542149228558e+39,2.2410170929493875e+38,4
A10,100.0,5.565649504437295e+40,0.17779177100298466,C_II_4267,2.2181987317447033e+40,5.362293867664469e+40,1.7856025579598913e+39,2.479538097683728e+38,3
A10,110.0,1.7164410986915508e+40,0.06719407424003429,C_III_4647,3.918757562607994e+39,1.5136876731461845e+40,1.9134783164456997e+39,1.1405593900796373e+38,5
A10,120.0,3.3531808351723147e+36,1.8259351412648735e-05,O_I_7774,7.229193929045334e+35,1.6284148150803903e+36,1.6855415380393485e+36,3.9224482052576224e+34,10
A10,130.0,4.043386805608047e+36,2.8307006724384242e-05,O_I_7774,8.886423956554667e+35,2.0254904525917533e+36,1.9856998566353687e+36,3.219649638092639e+34,10
A10,140.0,1.3250444973685565e+37,6.500092848196516e-05,O_I_6300,2.999271869664e+36,7.145076624436569e+36,6.094925751519623e+36,1.0442597729369977e+34,10
A10,150.0,2.459213746599764e+36,2.1863725738792596e-05,O_I_6300,6.096833658224001e+35,1.2365000080311773e+36,1.2225356092088603e+36,1.781293597268028e+32,10
A11,0.1,1.1381194552604793e+38,0.000685170945560798,O_I_7774,6.60458308708064e+37,4.774036028054035e+37,6.60715851303859e+37,1.1512167485913923e+29,10
A11,0.2,1.1296719577496008e+38,0.0006797757413241757,O_I_7774,6.604671532602486e+37,4.689454368906442e+37,6.607265202845706e+37,5.743859938530508e+28,10
A11,0.3,1.1213663673354955e+38,0.0006744722516217326,O_I_7774,6.604760153329997e+37,4.606291445373182e+37,6.607372224709619e+37,3.27215456883047e+28,10
A11,0.4,1.1132004445850817e+38,0.0006692589570220935,O_I_7774,6.604848950162902e+37,4.524524868877763e+37,6.607479574851167e+37,2.1218876263262762e+28,10
A11,0.5,1.1051719879688923e+38,0.0006641343654106436,O_I_7774,6.60493792319484e+37,4.444132625715781e+37,6.607587252420836e+37,1.5523037638064957e+28,10
A11,0.6,1.0972788298662454e+38,0.0006590970094680681,O_I_7774,6.605027072223698e+37,4.365093039771428e+37,6.60769525762569e+37,1.265337464690527e+28,10
A11,0.7,1.0895188349346058e+38,0.0006541454455762058,O_I_7774,6.605116396925742e+37,4.287384757118878e+37,6.607803591090846e+37,1.1363335894090608e+28,10
A11,0.8,1.0818898992646883e+38,0.0006492782532000272,O_I_7774,6.605205896918098e+37,4.2109867378992244e+37,6.607912253630225e+37,1.1174352922606074e+28,10
A11,0.9,1.074389949829766e+38,0.000644494034449539,O_I_7774,6.605295571779709e+37,4.135878250924286e+37,6.608021246168792e+37,1.2045828957142457e+28,10
A11,1.0,1.0670169440774894e+38,0.0006397914137300731,O_I_7774,6.605385421052256e+37,4.0620388696015327e+37,6.608130569738505e+37,1.434855922637245e+28,10
A11,2.0,9.940227867488365e+37,0.0005932433856019546,O_I_7774,6.608525315348159e+37,3.3287236405669784e+37,6.611502328154538e+37,1.8987668488880834e+31,10
A11,3.0,8.94786341060569e+37,0.0005299616500183213,O_I_7774,6.631736843868318e+37,2.3126872500711423e+37,6.635176073963718e+37,8.65708268483976e+29,10
A11,4.0,8.237594432916479e+37,0.0004841419548757234,O_I_7774,6.657159056525085e+37,1.5762963301599102e+37,6.661274575771684e+37,2.3526984884508974e+32,10
A11,5.0,7.650763385869186e+37,0.0004452537830840501,O_I_7774,6.7003467133698585e+37,9.454792771150085e+36,6.705282125572697e+37,1.9831814802602217e+31,10
A11,10.0,7.323115641099088e+37,0.0004065234545023641,O_I_7774,6.925871296396036e+37,3.4242456572501443e+36,6.979287248126728e+37,1.4038272473456112e+34,10
A11,20.0,1.8352469152449352e+38,0.0010720174874241787,C_III_1909,7.46293297942306e+37,9.141214704155933e+37,8.323506767671479e+37,8.877476806219381e+36,10
A11,30.0,2.719740494098378e+38,0.0019667785098865884,O_III_5007,8.303629876687621e+37,1.5292159761621865e+38,8.679535535023813e+37,3.225709644338105e+37,10
A11,40.0,2.678460928353219e+38,0.0022369610203954553,C_III_4647,9.986262312555241e+37,1.6274755627002705e+38,7.667153889556051e+37,2.8426997669734343e+37,10
A11,50.0,2.9876346717624685e+38,0.0027335849920154054,C_III_4647,1.014637171070039e+38,2.0682317820483578e+38,6.700432017402729e+37,2.4935968797383815e+37,10
A11,60.0,3.112016078910496e+38,0.0017259120211913358,C_III_4647,1.0225557009286923e+38,2.170035210978395e+38,6.780712658753744e+37,2.639096020567271e+37,10
A11,70.0,4.8235692070767335e+38,0.0010040056492626546,C_III_4647,1.5279362054836776e+38,3.568644110482378e+38,8.737377684192662e+37,3.811873281750895e+37,10
A11,80.0,4.9682089068566025e+39,0.0010180974610763803,C_III_4647,2.4166669317929647e+39,4.0444192534094147e+39,8.563516822456685e+38,6.743797120151877e+37,10
A11,90.0,3.586050573121149e+40,0.05472775677350318,C_II_4267,1.7222195976673313e+40,3.4651285791856093e+40,1.0054808006432855e+39,2.0373913871211055e+38,6
A11,100.0,6.399775825197602e+40,0.11029787151235994,C_II_4267,2.5756488456270894e+40,6.198963463146903e+40,1.7605023234102983e+39,2.476212970966799e+38,5
A11,110.0,1.3592468594851634e+40,0.027859522162047245,C_III_4647,2.52693572996799e+39,1.0526492067742813e+40,2.9334071877976023e+39,1.3256933931121903e+38,10
A11,120.0,1.2389800329459227e+39,0.003298316667499545,O_I_7774,1.842996832529667e+38,7.617447804390337e+38,4.3065116454226095e+38,4.6584087964628005e+37,10
A11,130.0,4.597711489259837e+36,1.5971730411674896e-05,O_I_7774,9.525110861461669e+35,2.307701562442463e+36,2.2271313727650965e+36,6.287855405227726e+34,10
A11,140.0,1.8611432780684978e+36,7.122477469230248e-06,O_I_7774,4.375617656715005e+35,9.23313270916637e+35,9.273728345877131e+35,1.0457172564147618e+34,10
A11,150.0,5.831339593206195e+36,0.005423393586755345,Ne_III_3869,6.86733273849e+35,3.2749364750376906e+36,1.8696698443195048e+36,6.86733273849e+35,10
A12,0.1,3.689358322264548e+38,0.014134160642532496,C_III_1909,1.3550363518866562e+38,1.4421498231895078e+38,1.3327174460654484e+38,9.144910530095919e+37,9
A12,0.2,3.663583376690589e+38,0.014060754749342643,C_III_1909,1.3451053796277014e+38,1.4321610081653884e+38,1.3244611975696581e+38,9.069611709555434e+37,9
A12,0.3,3.6181677314684344e+38,0.013912771112481464,O_III_5007,1.3158255674851297e+38,1.4020247778261699e+38,1.3164569210431532e+38,8.996860325991115e+37,9
A12,0.4,3.554442769076582e+38,0.013694796720894757,O_III_5007,1.3080788418498492e+38,1.353086476516413e+38,1.3086980331316128e+38,8.926582594285563e+37,9
A12,0.5,3.474439814055355e+38,0.01341289863263693,O_III_5007,1.3005696946005787e+38,1.2874123373225769e+38,1.3011671500750153e+38,8.85860326657763e+37,9
A12,0.6,3.38077114560248e+38,0.013076737579767824,O_III_5007,1.2932702778191587e+38,1.2076678008730725e+38,1.2938374378474272e+38,8.792659068819803e+37,9
A12,0.7,3.276483781467008e+38,0.012698180901896113,O_III_5007,1.286144966807189e+38,1.1169672949363069e+38,1.2866746462613467e+38,8.728418402693545e+37,9
A12,0.8,3.164892915872465e+38,0.012290104366534401,O_III_5007,1.2791529739132472e+38,1.0187027586685836e+38,1.2796396210908499e+38,8.665505361130316e+37,9
A12,0.9,3.0494044553461983e+38,0.011865549209594267,O_III_5007,1.2722512070438543e+38,9.16360835955491e+37,1.2726910462651623e+38,8.603525731255452e+37,9
A12,1.0,2.9333397345401746e+38,0.011436310715041878,O_III_5007,1.2653971011945891e+38,8.133423235206279e+37,1.2657881557556272e+38,8.5420925526392e+37,9
A12,2.0,2.9108689150135673e+38,0.011097369542810003,O_III_5007,1.2085388673790976e+38,8.999349473121525e+37,1.2090522563997589e+38,8.018817113016555e+37,9
A12,3.0,2.1880593514038437e+38,0.008519260384260607,O_III_5007,1.1241406472094037e+38,3.3290913618884926e+37,1.1243174907769877e+38,7.30832724438007e+37,9
A12,4.0,1.9999034388837995e+38,0.007912951487851037,O_III_5007,1.0313617058561129e+38,3.129095514237966e+37,1.0315634294471101e+38,6.5543045801289235e+37,9
A12,5.0,1.8132493197202542e+38,0.006993098033590957,O_III_5007,9.726148378647469e+37,2.335626036123823e+37,9.727389336143206e+37,6.069477824935508e+37,9
A12,10.0,1.2497128950591345e+38,0.005018228125558653,O_III_5007,6.610779521188102e+37,2.1378165060635037e+37,6.611398017785795e+37,3.7479144267420465e+37,9
A12,20.0,1.2246193299508924e+38,0.0012354513094886717,O_III_5007,5.325659935740878e+37,3.7015929932527893e+37,5.32669282270462e+37,3.2179074835515165e+37,10
A12,30.0,8.481916980517296e+38,0.0015484574487340827,C_III_4647,4.25777035028855e+38,7.392553092435183e+38,7.866973008970326e+37,3.026665871850819e+37,10
A12,40.0,1.7553067761886884e+39,0.004427927468001049,C_III_4647,8.109117858574756e+38,1.6022883912652152e+39,1.1312648571704253e+38,3.9891899206430723e+37,10
A12,50.0,8.1326323702446e+39,0.029255455739713707,C_III_4647,3.78413570382022e+39,7.588612593613894e+39,4.666788152534276e+38,7.734096137727853e+37,7
A12,60.0,1.1994799403849374e+40,0.0546585914750115,C_II_4267,6.808888465708345e+39,1.1146003388323917e+40,7.456743697305274e+38,1.0312164579492849e+38,5
A12,70.0,1.9113719531774374e+40,0.10129515063238449,C_II_4267,1.1040614232019216e+40,1.8154069959261039e+40,8.185542822830665e+38,1.4109529023026844e+38,5
A12,80.0,3.425045863951758e+40,0.17918796484767682,C_II_4267,2.0368404738651535e+40,3.301120153489436e+40,1.0749427766146859e+39,1.6431432800854003e+38,4
A12,90.0,3.0783319832552434e+40,0.3445932302824843,C_II_4267,1.4468009801666118e+40,2.9618329425861427e+40,9.703422524623045e+38,1.946481542287082e+38,3
A12,100.0,1.013547314929433e+41,0.24949347261789123,C_II_4267,4.54483926058275e+40,9.7280113498785e+40,3.9402549458144184e+39,1.3436304834388533e+38,3
A12,110.0,1.3169308207580165e+40,0.12503224493774848,C_III_5696,2.47797544174793e+39,1.0049696851531511e+40,3.074903719664476e+39,4.470763638417597e+37,7
A12,120.0,5.058086336547579e+36,5.534365905210149e-05,C_II_4267,1.2490829777727501e+36,2.526243626210443e+36,2.5290319624254944e+36,2.810747911642131e+33,10
A12,130.0,6.78711229979021e+36,6.894107615081233e-05,O_I_7774,1.6772290182065e+36,3.401180806195672e+36,3.3836222053054286e+36,2.3092882891092667e+33,10
A12,140.0,4.5986099511732434e+36,4.434535542566316e-05,O_I_7774,1.144380749469125e+36,2.3020005605164916e+36,2.296091112251891e+36,5.1827840486128926e+32,10
A12,150.0,3.572289662383719e+36,2.2527439078588585e-05,O_I_7774,8.911044096950502e+35,1.788122404315022e+36,1.7840601372435247e+36,1.0712082517252883e+32,10
A13,0.1,1.3174562402301807e+39,0.026209853431151862,C_III_1909,1.2184451386288082e+39,1.224068767131303e+39,6.455016155638292e+37,2.8837311542494724e+37,7
A13,0.2,1.662339026413356e+39,0.03281119669518818,C_III_1909,1.500639009697952e+39,1.5080173647045068e+39,1.014380843130006e+38,5.288357739584881e+37,7
A13,0.3,1.4771192351265423e+39,0.029261291737416217,C_III_1909,1.3405340334036345e+39,1.3470464116880895e+39,8.69671838834833e+37,4.310563955496927e+37,7
A13,0.4,1.2473208421379088e+39,0.024821417699282023,C_III_1909,1.1428609954576463e+39,1.1483327087082562e+39,6.807170980970926e+37,3.0916423619943434e+37,7
A13,0.5,1.1269708120998207e+39,0.022479946741765455,C_III_1909,1.0364688083669526e+39,1.0414430039077996e+39,5.978600368759013e+37,2.574180450443078e+37,7
A13,0.6,1.0303660220842414e+39,0.020592467654934745,C_III_1909,9.49973434499181e+38,9.5455875477049e+38,5.376208225041083e+37,2.20451850633408e+37,7
A13,0.7,9.528572763608363e+38,0.01907295896217321,C_III_1909,8.795636144001662e+38,8.838436772066094e+38,4.9534289108689905e+37,1.9479310045536756e+37,8
A13,0.8,8.91019299972981e+38,0.017857417926044193,C_III_1909,8.224334559142097e+38,8.264752936528927e+38,4.674861231902721e+37,1.7795394001061285e+37,8
A13,0.9,8.425963420516717e+38,0.01690360804924127,C_III_1909,7.767430892062477e+38,7.80603782396375e+38,4.516329947670438e+37,1.6829260178592337e+37,8
A13,1.0,8.06371243448734e+38,0.01618857531178987,C_III_1909,7.415138505154713e+38,7.45245936634401e+38,4.463837538356992e+37,1.6486931430763018e+37,8
A13,2.0,1.6825819840004457e+39,0.033164570609883086,C_III_1909,1.445938199110008e+39,1.456476406336443e+39,1.4339290057067304e+38,8.27126770933299e+37,7
A13,3.0,1.5363208292834783e+39,0.030386529205012006,C_III_1909,1.2886684327789678e+39,1.3007163194356401e+39,1.4861829177837217e+38,8.698621806946624e+37,7
A13,4.0,1.137948461748821e+39,0.022697976835488874,C_III_1909,8.317551186648703e+38,8.501704305628392e+38,1.7611501121924978e+38,1.1166301996673205e+38,8
A13,5.0,1.0973016063363463e+39,0.021132458575864353,C_III_1909,8.068723409077529e+38,8.256969396621759e+38,1.6771919755611043e+38,1.0388546911806016e+38,8
A13,10.0,2.64039808420676e+38,0.005100767767780981,O_III_5007,1.2469923267289774e+38,6.661841264347355e+37,1.2482725343017967e+38,7.259414234702282e+37,10
A13,20.0,1.402445433185648e+38,0.0028838934005421314,O_III_5007,6.5863854741780295e+37,4.198954343862902e+37,6.589193035519479e+37,3.236306952474099e+37,10
A13,30.0,1.265147262192546e+38,0.002798583781006949,O_III_5007,4.568692364785572e+37,6.009379211866696e+37,4.5699664727420375e+37,2.072126937316726e+37,10
A13,40.0,2.7582182207718658e+38,0.0008197847700077568,O_III_5007,6.754605201225511e+37,1.6875776725998986e+38,6.79308869765072e+37,3.9133167840689534e+37,10
A13,50.0,2.2848163269516242e+39,0.003118971798647939,C_III_4647,1.3869214121970446e+39,2.068013091194244e+39,1.6043230298228332e+38,5.637093277509674e+37,10
A13,60.0,1.4947809594577915e+40,0.037603693127199446,C_III_4647,7.537529910454024e+39,1.4308046566894042e+40,5.324841765595804e+38,1.0727885112428766e+38,6
A13,70.0,1.827753316222226e+40,0.062076564598371214,C_II_4267,9.621140496801922e+39,1.731082281905446e+40,7.986725450112242e+38,1.6803779815657496e+38,5
A13,80.0,3.3151686114401376e+40,0.1410408940521631,C_II_4267,1.815539134632623e+40,3.198058899686667e+40,9.859894692226758e+38,1.8510764831203296e+38,3
A13,90.0,3.5481525923164967e+40,0.1819340231773906,C_II_4267,1.589765055170047e+40,3.4248881555245486e+40,1.0270383546646857e+39,2.0560601325479254e+38,3
A13,100.0,5.059286756829094e+40,0.29564650722070085,C_II_4267,2.1630417525225374e+40,4.835670372019532e+40,2.0450331563934792e+39,1.9113069170212702e+38,3
A13,110.0,9.509183652693886e+37,0.0009298236577264385,C_II_4267,1.347852815603005e+37,5.287349372396574e+37,4.043558446809015e+37,1.7827583348829593e+36,10
A13,120.0,5.691819037655825e+36,4.057898483567721e-05,O_I_7774,1.3997544892583343e+36,2.862225382188266e+36,2.827452299441445e+36,2.141356026113116e+33,10
A13,130.0,3.886025837395323e+36,3.152471519743768e-05,O_I_7774,9.637946434020002e+35,1.947090531756286e+36,1.9381508908032692e+36,7.844148357684146e+32,10
A13,140.0,3.905296951787949e+36,2.9547397697832393e-05,O_I_7774,9.707901795703334e+35,1.9573654422502355e+36,1.9475389175581103e+36,3.925919796031517e+32,10
A13,150.0,3.3701069966973724e+36,2.890620802828064e-05,O_I_6300,8.395803591406669e+35,1.688174533881842e+36,1.6817789733856395e+36,1.5348942989136239e+32,10
A14,0.1,5.3395428384848745e+38,0.006314386564279287,C_III_1909,5.000033510225241e+38,5.028953782291716e+38,3.0825230350274483e+37,2.3367526904133826e+35,9
A14,0.2,5.122937187492519e+38,0.0060557967403210775,C_III_1909,4.787821184986296e+38,4.815736469875423e+38,3.0606445494902194e+37,1.1362626680732038e+35,9
A14,0.3,4.931106531953195e+38,0.005826577103142667,C_III_1909,4.598181054944708e+38,4.625208892039636e+38,3.0522101937546813e+37,6.766205380924626e+34,9
A14,0.4,4.750734717526127e+38,0.005610999531720531,C_III_1909,4.41934173078333e+38,4.445531002873875e+38,3.0477037991582524e+37,4.333347364269233e+34,9
A14,0.5,4.578958048385927e+38,0.005405643900181169,C_III_1909,4.248757298956853e+38,4.274142567895501e+38,3.0451698663010093e+37,2.984938603251161e+34,9
A14,0.6,4.414337809481773e+38,0.005208924477664337,C_III_1909,4.085139496252043e+38,4.109748274150915e+38,3.0436838337489403e+37,2.211519559636293e+34,9
A14,0.7,4.256085438612019e+38,0.00501978821758706,C_III_1909,3.92777403613782e+38,3.951630183904879e+38,3.0427901888473547e+37,1.7623582240380602e+34,9
A14,0.8,4.103725863252693e+38,0.004837266091032646,C_III_1909,3.776223506140139e+38,3.799348965535234e+38,3.0422583837739155e+37,1.5105934006734456e+34,9
A14,0.9,3.956946051734281e+38,0.004661548321657756,C_III_1909,3.63019378938872e+38,3.652609469355546e+38,3.041973142820196e+37,1.3926809671546168e+34,9
A14,1.0,3.815526583217948e+38,0.00449236258675318,C_III_1909,3.489473759631718e+38,3.5111999832433125e+38,3.041884959498726e+37,1.3810402476308176e+34,9
A14,2.0,2.954237160873049e+38,0.003457069914622517,C_III_1909,2.5986390429744367e+38,2.6162659067620324e+38,3.2621606306965533e+37,1.1755191041361015e+36,9
A14,3.0,1.7610751200961676e+38,0.0020496479304069953,C_III_1909,1.4321219256899403e+38,1.4430566026196455e+38,3.1342287216257223e+37,4.595645313949973e+35,10
A14,4.0,3.1820585689596475e+38,0.0035328123602092433,C_III_1909,2.6271296789740603e+38,2.6490073203652088e+38,4.631436158446666e+37,6.990763274977284e+36,10
A14,5.0,2.3173306468167667e+38,0.0025586117162113542,C_III_1909,1.8037966076548187e+38,1.8211686243698064e+38,4.420780154355859e+37,5.408400701137423e+36,10
A14,10.0,1.0938102240051409e+39,0.011494962556649108,C_III_1909,8.275791173749432e+38,8.595939449374442e+38,1.526669841682868e+38,8.154929489940988e+37,9
A14,20.0,2.144460058833339e+38,0.0023287712670498426,O_III_5007,8.88425334127071e+37,8.179001692382526e+37,8.927273940596454e+37,4.338324955354407e+37,10
A14,30.0,1.6737409431319724e+38,0.0021720622387655297,O_III_5007,6.106916475298102e+37,8.065338632730786e+37,6.113173527932486e+37,2.5588972706564525e+37,10
A14,40.0,1.9645622683105557e+38,0.0023393641665842763,C_IV_5801,5.848633820404862e+37,1.1413395928315592e+38,5.777813649553404e+37,2.45441310523656e+37,10
A14,50.0,2.5945909718566042e+38,0.0008948652991357716,O_III_5007,7.703045763693859e+37,1.4210793474681937e+38,7.712581524702099e+37,4.022534719181999e+37,10
A14,60.0,1.3397251054451104e+39,0.000726278791456073,C_III_4647,5.491784600686873e+38,1.0706170571187797e+39,2.2455046571336032e+38,4.455758261297037e+37,10
A14,70.0,1.3540969723086536e+40,0.022518487252587954,C_III_4647,7.282006294883404e+39,1.2932494093234568e+40,4.867253636151039e+38,1.2175026623686091e+38,8
A14,80.0,2.5366804357691207e+40,0.0532662060026743,C_II_4267,1.2351860672474332e+40,2.4261918382598087e+40,8.949720381657077e+38,2.099139369274124e+38,5
A14,90.0,4.0279218936550976e+40,0.10020903645117718,C_II_4267,1.6700758935434548e+40,3.8893424070560774e+40,1.14063131362335e+39,2.4516355236685203e+38,4
A14,100.0,6.142658972147159e+40,0.11278607370312162,C_II_4267,2.6270623829951534e+40,5.848930727431718e+40,2.7129496694682473e+39,2.2433277768615965e+38,5
A14,110.0,6.166772241335363e+38,0.00241285141826683,O_I_7774,8.349262641267001e+37,3.4580736818336026e+38,2.5047787923801004e+38,2.0391976712166056e+37,10
A14,120.0,7.019167936943902e+36,3.7838156071588554e-05,O_I_7774,1.490958204269e+36,3.58242542737243e+36,3.379588744201831e+36,5.71537653696402e+34,10
A14,130.0,2.5008700004311656e+37,0.00011210959689094006,O_I_6300,5.546072247876013e+36,1.3733835119881634e+37,1.1264584535037318e+37,1.028034939270682e+34,10
A14,140.0,3.775447238422744e+36,2.4481854207654868e-05,O_I_6300,9.355749225614e+35,1.898464436350006e+36,1.8766615060683142e+36,3.21296004422867e+32,10
A15,0.1,3.668132760000272e+38,0.0022309271197720106,C_III_1909,2.99626103462057e+38,3.0185724138709787e+38,6.495601539889449e+37,1.9214034806264971e+31,10
A15,0.2,3.6245869605496636e+38,0.0022033547562059427,C_III_1909,2.9529924575328436e+38,2.975041119880775e+38,6.495456621767354e+37,1.784921528883138e+31,10
A15,0.3,3.563377563217731e+38,0.002164864741741771,C_III_1909,2.8921157095939824e+38,2.9138044458766966e+38,6.495730469929858e+37,7.034804894525786e+30,10
A15,0.4,3.503340222093797e+38,0.002127039317125948,C_III_1909,2.8324054416907458e+38,2.8537395844400457e+38,6.496006062650737e+37,3.138867760151783e+30,10
A15,0.5,3.444452972571075e+38,0.002089965493522874,C_III_1909,2.7738399109210437e+38,2.7948246994531886e+38,6.496282572301057e+37,1.588778111522002e+30,10
A15,0.6,3.3866954067781447e+38,0.0020536291236888456,C_III_1909,2.7163988246805573e+38,2.7370394243552295e+38,6.496559732934188e+37,9.129496684387653e+29,10
A15,0.7,3.3300477936196794e+38,0.002018016521292954,C_III_1909,2.6600625339969226e+38,2.68036404250152e+38,6.496837451746927e+37,5.943466969005639e+29,10
A15,0.8,3.2744908166893866e+38,0.001983114300516146,C_III_1909,2.604811793106057e+38,2.6247792429197506e+38,6.497115694089715e+37,4.360664366243579e+29,10
A15,0.9,3.2200054884118884e+38,0.0019489093226948378,C_III_1909,2.5506276805350256e+38,2.5702660401747653e+38,6.497394446569096e+37,3.580213375375229e+29,10
A15,1.0,3.166573118691104e+38,0.001915388676079266,C_III_1909,2.497491570139363e+38,2.51680574498901e+38,6.497673704328586e+37,3.2692352529753086e+29,10
A15,2.0,2.68631993848187e+38,0.0016151738465234255,C_III_1909,2.019935761676024e+38,2.036265377539701e+38,6.50052771603618e+37,1.7893385512804275e+32,10
A15,3.0,2.1175377693268674e+38,0.0012663626522352398,C_III_1909,1.454217642683572e+38,1.4668530330295332e+38,6.506845113041425e+37,2.2499319146413584e+31,10
A15,4.0,1.6831435174270642e+38,0.001001044055090508,C_III_1909,1.0220688709721858e+38,1.0316704025022321e+38,6.514472470170806e+37,2.5867907751337252e+33,10
A15,5.0,1.3210549476513392e+38,0.0007796667084142783,C_III_1909,6.6027754058776965e+37,6.6712170718056605e+37,6.539272640176918e+37,5.9764530813735216e+32,10
A15,10.0,8.760210685264286e+37,0.0004945872668806649,O_I_7774,6.704951999346591e+37,1.8838811655193844e+37,6.857628376215389e+37,1.870114352951153e+35,10
A15,20.0,4.665084213039688e+38,0.0027427130041287246,C_III_1909,2.9543068105393197e+38,3.3283148448953795e+38,1.0510876154917763e+38,2.8568175265253298e+37,10
A15,30.0,2.6212237713040623e+38,0.0018531719326454945,O_III_5007,8.205518327537154e+37,1.4379362196643942e+38,8.456816768937392e+37,3.3760587474592937e+37,10
A15,40.0,2.6480231559344683e+38,0.0021147374194688674,C_III_4647,9.704057814391497e+37,1.5208989142949074e+38,8.154594437607954e+37,3.116647978787654e+37,10
A15,50.0,3.285427306682953e+38,0.0025893120760395252,C_III_4647,1.0665403280324224e+38,2.19183554270578e+38,7.8712210668779865e+37,3.06469657289374e+37,10
A15,60.0,3.38249762500437e+38,0.0015110176519296976,C_III_4647,1.0851043197530463e+38,2.2203595782372092e+38,8.207237196118362e+37,3.414143271553245e+37,10
A15,70.0,4.108439921286157e+38,0.0009499071365673342,C_III_4647,1.2245313376214138e+38,2.782807680065811e+38,9.155325496141026e+37,4.1009969160624363e+37,10
A15,80.0,1.0451182759315781e+39,0.0008117293790244151,C_III_4647,4.740047336728174e+38,8.683280764352904e+38,1.2784058155990606e+38,4.894961793638181e+37,10
A15,90.0,2.722218875547328e+40,0.035310009059128296,C_II_4267,1.180699550053926e+40,2.6109560355515483e+40,9.069624153422961e+38,2.0566598461550063e+38,6
A15,100.0,6.358264897581576e+40,0.0921520821833309,C_II_4267,2.601266746504002e+40,6.05857268632917e+40,2.7601128904713856e+39,2.3680922205267164e+38,5
A15,110.0,4.7546866708175846e+39,0.00890669212453158,C_III_5696,9.270264333088001e+38,3.015499264021784e+39,1.6364225214654264e+39,1.027648853303738e+38,10
A15,120.0,7.842056273350879e+36,1.8640510809494442e-05,O_I_7774,1.528942667648001e+36,3.9300601304797626e+36,3.783682212448179e+36,1.283139304229359e+35,10
A15,130.0,2.2170223887267465e+37,6.0996958549665176e-05,O_I_7774,3.7761894988959995e+36,1.2312508394873321e+37,9.541417839433182e+36,3.162976529609655e+35,10
A15,140.0,2.1583537128168493e+37,8.5804629135508e-05,O_I_6300,4.601057332351999e+36,1.2239657221806732e+37,9.327570306920742e+36,1.6309599441014516e+34,10
A4,0.1,4.606134726034462e+38,0.019569256979594565,C_III_1909,2.816750202633273e+38,2.8974012412408323e+38,1.0435769864114684e+38,6.651564983821625e+37,8
A4,0.2,4.5346040326384665e+38,0.01930582726656546,C_III_1909,2.760116631861249e+38,2.840711673843364e+38,1.0355028113025692e+38,6.583895474925333e+37,9
A4,0.3,4.42270432067309e+38,0.018872331209798598,C_III_1909,2.660733382948314e+38,2.741497422903769e+38,1.0285607602172498e+38,6.52646137552072e+37,9
A4,0.4,4.2740745838875e+38,0.01828097609625569,C_III_1909,2.522403900870863e+38,2.603556845277005e+38,1.0226689175950754e+38,6.478488210154195e+37,9
A4,0.5,4.093102944199696e+38,0.01754808438136089,C_III_1909,2.349802809137668e+38,2.4315533881410498e+38,1.017683095515415e+38,6.438664605432317e+37,9
A4,0.6,3.453948631326561e+38,0.014872123249303622,C_III_1909,1.6959299695288415e+38,1.7810114132782514e+38,1.0234558005845987e+38,6.494814174637107e+37,9
A4,0.7,3.2774323568262326e+38,0.014145316486054346,C_III_1909,1.5281304735907585e+38,1.613966118775133e+38,1.0181992186023138e+38,6.452670194487858e+37,9
A4,0.8,3.088723202173779e+38,0.013362880315485319,C_III_1909,1.3474392615794806e+38,1.4341832597161627e+38,1.0132262381911067e+38,6.413137042665096e+37,9
A4,0.9,2.894882860468321e+38,0.012554096717967086,C_III_1909,1.1612413505081254e+38,1.2490356502463985e+38,1.0083726508251069e+38,6.374745593968155e+37,9
A4,1.0,2.7030339443791278e+38,0.011749144685736405,O_III_5007,1.0024703069145662e+38,1.0659313500999491e+38,1.0034876456480924e+38,6.336149486310862e+37,9
A4,2.0,2.6072105261450557e+38,0.011450575760475049,C_III_1909,1.0363711820726322e+38,1.1234878255982717e+38,9.184960257971476e+37,5.6522667474963675e+37,9
A4,3.0,1.862434156521281e+38,0.007969403097205943,O_III_5007,8.80966804472961e+37,4.455276795270937e+37,8.81478122172759e+37,5.354283548214289e+37,9
A4,4.0,1.715683720035203e+38,0.007392937730155731,O_III_5007,8.044186635242899e+37,4.333724871555784e+37,8.050394354893313e+37,4.772717973902933e+37,9
A4,5.0,1.3826155128261534e+38,0.005996277308283212,O_III_5007,7.368357038193317e+37,2.181245153896865e+37,7.37078873254794e+37,4.274121241816727e+37,9
A4,10.0,9.285611510282879e+37,0.004153218389223723,O_III_5007,4.979419802237974e+37,1.6922931389653776e+37,4.980559854854038e+37,2.6127585164634634e+37,10
A4,20.0,7.56502450305051e+37,0.0013332778101349059,O_III_5007,3.0859331600285694e+37,2.8687828186601667e+37,3.086574077868133e+37,1.609667606522209e+37,10
A4,30.0,9.146529674443258e+38,0.002539139838380551,C_III_4647,5.7139202702855256e+38,8.344736666923295e+38,5.879547464366636e+37,2.138382610832971e+37,10
A4,40.0,2.3424282450425943e+39,0.010324992320061668,C_III_4647,1.1536016818542816e+39,2.159086811128689e+39,1.4418314142703348e+38,3.9158292486871717e+37,10
A4,50.0,6.284276347457813e+39,0.032947547870944977,C_III_4647,3.1213980408083984e+39,5.85517298277085e+39,3.6533414583985995e+38,6.376921884710376e+37,6
A4,60.0,7.828234999553044e+39,0.0473619343507794,C_II_4267,4.250458371731241e+39,7.12938847795947e+39,6.139691053061995e+38,8.487741628737343e+37,5
A4,70.0,1.42621361195388e+40,0.08292383472275877,C_II_4267,8.086965550073321e+39,1.3435026618742774e+40,7.134644310622086e+38,1.1364506973382088e+38,5
A4,80.0,2.1444869986869409e+40,0.15420624704464653,C_II_4267,1.251976266489422e+40,2.049349649994362e+40,8.165714910793687e+38,1.3480199584641951e+38,4
A4,90.0,2.3239126092219724e+40,0.1435229954810804,C_II_4267,1.2290509738623185e+40,2.231729033838985e+40,7.60111406898828e+38,1.617243469310411e+38,4
A4,100.0,3.0016422718466394e+40,0.19950529821180554,C_II_4267,1.4929210011403942e+40,2.894092043659036e+40,9.066489261519523e+38,1.6885335572407985e+38,3
A4,110.0,3.534238885682415e+40,0.4504992786716885,C_II_4267,1.5671872558569178e+40,3.392728838321394e+40,1.2516877193711641e+39,1.6341275423904534e+38,2
A4,120.0,3.5649585616150704e+40,0.10332579667082722,C_II_4267,1.4943621254040001e+40,3.3178673718273643e+40,2.360008027872276e+39,1.1090387000478968e+38,4
A4,130.0,5.566086597319959e+36,4.843582890324867e-05,C_II_4267,1.3407752084870002e+36,2.799799339900235e+36,2.7587688933105103e+36,7.518364109213794e+33,10
A4,140.0,2.822333464580422e+36,3.621393662215747e-05,O_I_7774,6.938713407506e+35,1.409790841960333e+36,1.410505885891905e+36,2.0367367281846273e+33,10
A4,150.0,7.724063223751576e+35,9.143890078167251e-06,O_I_7774,1.927489161078302e+35,3.858747478335619e+35,3.8645313097821e+35,7.844356338569116e+31,10
A5,0.1,5.232891940370148e+37,0.001107680741748262,C_III_1909,3.4117137576561225e+37,3.4444316560753284e+37,1.7394322971970973e+37,4.902798709772137e+35,10
A5,0.2,5.134609164809084e+37,0.0010864872630481535,C_III_1909,3.3008658724343603e+37,3.33296330352836e+37,1.7492685044132755e+37,5.237735686744894e+35,10
A5,0.3,5.118878785861438e+37,0.0010827291731407595,C_III_1909,3.2607868430045506e+37,3.2929407524710574e+37,1.7670591393054583e+37,5.887889408492254e+35,10
A5,0.4,5.210723448657912e+37,0.001101698398272378,C_III_1909,3.312132628110495e+37,3.345256320045068e+37,1.7958119262693004e+37,6.96552023435429e+35,10
A5,0.5,5.45533996007672e+37,0.0011529060352928496,C_III_1909,3.4923243487743122e+37,3.5277519967266575e+37,1.8408451429659695e+37,8.674282038409318e+35,10
A5,0.6,5.931939536392426e+37,0.0012530157989154875,C_III_1909,3.866995727045519e+37,3.90680010300553e+37,1.911379395088424e+37,1.137600382984713e+36,10
A5,0.7,6.7795276538377455e+37,0.001431246800678013,C_III_1909,4.551267834688883e+37,4.598829895302136e+37,2.0234645626340984e+37,1.5723319590151184e+36,10
A5,0.8,8.244537020631631e+37,0.001739328174988592,C_III_1909,5.748911331269671e+37,5.809967664554674e+37,2.2052754755400716e+37,2.292938805368857e+36,10
A5,0.9,1.076681240769609e+38,0.002269380107222381,C_III_1909,7.822631631998359e+37,7.907224594169984e+37,2.506314705604966e+37,3.5327310792113955e+36,10
A5,1.0,1.5123483017746577e+38,0.003183273985345358,C_III_1909,1.141063309279317e+38,1.1536712151041593e+38,3.0117096398369633e+37,5.750612268680212e+36,10
A5,2.0,1.8910307335935237e+38,0.003954504874931661,C_III_1909,1.423289976808091e+38,1.4422394471167448e+38,3.659701760033289e+37,8.282111047345037e+36,9
A5,3.0,6.475603258816921e+38,0.013324017453433581,C_III_1909,4.974027713730096e+38,5.073077397049956e+38,9.45556441533602e+37,4.569694202333631e+37,9
A5,4.0,5.561426060955778e+38,0.011397690868376225,C_III_1909,4.1561179061260096e+38,4.256409316390639e+38,8.87090538988821e+37,4.1792620557631875e+37,9
A5,5.0,5.561116327440444e+38,0.01132833706647152,C_III_1909,3.6155759596323326e+38,3.79827294621561e+38,1.1378501316782475e+38,6.249932495465865e+37,9
A5,10.0,2.1302937156202844e+38,0.004292440348775374,O_III_5007,8.623362344302902e+37,8.112226062746223e+37,8.67201339746208e+37,4.518697695994542e+37,10
A5,20.0,9.387760528802438e+37,0.002281695752469612,O_III_5007,3.8871873395591737e+37,3.865089483605439e+37,3.8906696022622655e+37,1.6320014429347314e+37,10
A5,30.0,1.0905261769560912e+38,0.0013204517331249707,O_III_5007,3.3558112972996844e+37,5.951810416343488e+37,3.357713316708722e+37,1.595738036508703e+37,10
A5,40.0,3.234723449434181e+38,0.0008005817379658152,C_III_4647,1.2777034034966974e+38,2.556930134063132e+38,4.617604814572334e+37,2.1603283391381537e+37,10
A5,50.0,2.949282971368654e+39,0.009959590473798323,C_III_4647,1.6186977131651988e+39,2.7209081256405373e+39,1.748737676258335e+38,5.350107810228389e+37,10
A5,60.0,1.5854687041759967e+40,0.06615095834181658,C_III_4647,8.342222776130539e+39,1.5257837280361784e+40,5.035280103320433e+38,9.332175106613984e+37,5
A5,70.0,1.3159417940917587e+40,0.0676975569856755,C_II_4267,6.936346201304652e+39,1.2376619922329457e+40,6.5636033497811956e+38,1.2643768361001214e+38,5
A5,80.0,1.7552500685337375e+40,0.10589256675491829,C_II_4267,8.825299800714802e+39,1.6723550499922549e+40,6.73975716874424e+38,1.5497446854040088e+38,4
A5,90.0,2.6841084888953487e+40,0.1823152616358985,C_II_4267,1.3364921417602905e+40,2.5832717441345915e+40,8.211509173648941e+38,1.8721653024267773e+38,3
A5,100.0,3.6179243254252987e+40,0.26965532791794916,C_II_4267,1.5598898966613075e+40,3.493463699120819e+40,1.032816942728582e+39,2.1178932031621252e+38,3
A5,110.0,3.865979272652349e+40,0.06999812898714895,C_II_4267,1.338913758818214e+40,3.6956342633974163e+40,1.485471824332293e+39,2.1797826821703452e+38,5
A5,120.0,1.7067109704443977e+40,0.1750439812500369,C_III_4647,4.27504179006501e+39,1.5376187276009625e+40,1.5993585258557613e+39,9.15639025785887e+37,5
A5,130.0,2.6986295635551855e+36,4.991502624576797e-05,O_I_7774,5.526019744893337e+35,1.2884074354529112e+36,1.374827486128563e+36,3.5394641973710914e+34,10
A5,140.0,5.1666767984989436e+36,7.671057819575194e-05,O_I_7774,1.1326838397908321e+36,2.676209473891552e+36,2.4689195029005146e+36,2.154782170687711e+34,10
A6,0.1,4.764267526248121e+37,0.0005469446438218433,O_I_7774,3.3021513237799674e+37,1.4599298743915192e+37,3.3043329046839707e+37,4.747172630768825e+31,10
A6,0.2,4.7018662233338305e+37,0.0005393509166088735,O_I_7774,3.303136972130248e+37,1.3965106681176848e+37,3.305352808564847e+37,2.7466512990064012e+31,10
A6,0.3,4.642113386941994e+37,0.000532075588808739,O_I_7774,3.3041233693745255e+37,1.335733802710819e+37,3.3063778205942303e+37,1.763636944933819e+31,10
A6,0.4,4.584948335239581e+37,0.0005251107464591773,O_I_7774,3.3051098566614824e+37,1.2775336692184678e+37,3.3074117082245067e+37,2.9577966061511665e+31,10
A6,0.5,4.530135555138366e+37,0.0005184285213997321,O_I_7774,3.3060985799181e+37,1.2216912397697566e+37,3.3084420109130826e+37,2.3044555282391703e+31,10
A6,0.6,4.477655636391612e+37,0.0005120258477986701,O_I_7774,3.307088362379924e+37,1.1681781047489914e+37,3.309475538858416e+37,1.99278420425091e+31,10
A6,0.7,4.427414140939915e+37,0.0005058911167729496,O_I_7774,3.308079251214082e+37,1.1169002324503586e+37,3.310511995807268e+37,1.912682288502445e+31,10
A6,0.8,4.379322805391687e+37,0.0005000134745961241,O_I_7774,3.309071248806422e+37,1.0677694235648676e+37,3.311551344244318e+37,2.0375825015787665e+31,10
A6,0.9,4.333299034282782e+37,0.0004943827608084251,O_I_7774,3.310064317403042e+37,1.0207028509717003e+37,3.3125937740883624e+37,2.409222719258528e+31,10
A6,1.0,4.289266820990236e+37,0.0004889896093808686,O_I_7774,3.3110583605264974e+37,9.7562385588556e+36,3.3136398033522867e+37,3.161752390192575e+31,10
A6,2.0,3.940400493583098e+37,0.0004458165122377031,O_I_7774,3.3230283471113064e+37,6.122187612748227e+36,3.327841134057618e+37,3.405982506571166e+33,10
A6,3.0,3.684364477705932e+37,0.0004129537815744543,O_I_7774,3.3451813773755514e+37,3.334977935699736e+36,3.3506450844264855e+37,2.2159970947325765e+33,10
A6,4.0,3.7676699145844095e+37,0.00041831265937104534,O_I_7774,3.363704132517112e+37,3.651799062863862e+36,3.3990771823878765e+37,3.4128259101464204e+34,10
A6,5.0,3.720351071742192e+37,0.0004095089662455428,O_I_7774,3.3906142873034836e+37,2.858115786631501e+36,3.4319143651426034e+37,2.6251279364379587e+34,10
A6,10.0,1.7869291273383287e+38,0.0019470179444770741,C_III_1909,1.0582857880880956e+38,1.1276479945240644e+38,5.599964073718916e+37,9.92847254423725e+36,10
A6,20.0,1.6723339453422385e+38,0.0021221591497117623,O_III_5007,5.996798609315776e+37,8.142559543451105e+37,6.130741217686766e+37,2.4500386922845134e+37,10
A6,30.0,1.4386071115130735e+38,0.0021538582870883854,C_III_4647,5.011383093802513e+37,8.293213772260438e+37,4.393233579897731e+37,1.6996237629725646e+37,10
A6,40.0,1.69040428387702e+38,0.0020773809750468733,C_IV_5801,5.506405720946436e+37,1.1251738686851263e+38,4.0430393338107526e+37,1.609264818108186e+37,10
A6,50.0,2.2759018832933035e+38,0.0009701475176019253,C_IV_5801,7.081284963363479e+37,1.536557546815869e+38,5.071535219543e+37,2.3219081452313453e+37,10
A6,60.0,4.774784660344231e+39,0.008610785271200754,C_III_4647,2.124529755944644e+39,3.9010847445775496e+39,8.249107901841915e+38,4.878912558248958e+37,9
A6,70.0,7.777720667614988e+39,0.020886651046710662,C_II_4267,3.2687395485107e+39,7.125191134002984e+39,5.307457513652095e+38,1.2178378224679324e+38,9
A6,80.0,1.5014511266573356e+40,0.04999379149037697,C_II_4267,6.916742908641559e+39,1.4173076407688367e+40,6.719060674455461e+38,1.6952879143944686e+38,5
A6,90.0,2.707149214172647e+40,0.1015616179743752,C_II_4267,1.2420128547976481e+40,2.6009540399140864e+40,8.491549437425755e+38,2.127967988430307e+38,4
A6,100.0,4.310397288791639e+40,0.17436232538813015,C_II_4267,1.8310770070970222e+40,4.169955449274843e+40,1.172134578774608e+39,2.3228381639335093e+38,3
A6,110.0,4.7465509976855535e+40,0.09175072643575881,C_III_5696,1.6863729022656749e+40,4.547426598649315e+40,1.7693427342078658e+39,2.2190125615453e+38,5
A6,120.0,3.7339031223942804e+39,0.022962910644811707,C_III_5696,5.964876699445001e+38,2.4689117733880557e+39,1.1964253690528273e+39,6.856597995339839e+37,10
A6,130.0,2.3263563073101368e+36,1.969602074883254e-05,C_II_4267,4.7545158529285004e+35,1.0925237729443662e+36,1.1932657101711766e+36,4.056682419459376e+34,10
A6,140.0,4.916667219372182e+36,5.0841036661099886e-05,O_I_7774,8.863433313378998e+35,2.48599029562208e+36,2.3430972858161373e+36,8.757963793396475e+34,10
A7,0.1,7.07055925017786e+37,0.0004063999085723995,O_I_7774,6.924942015668553e+37,1.3534185105371048e+36,6.935217399119104e+37,5.043743662644237e+25,10
A7,0.2,7.069074885038533e+37,0.00040619168749389214,O_I_7774,6.925205530140395e+37,1.335287128105897e+36,6.935546172197081e+37,3.086428081903154e+26,10
A7,0.3,7.067613977973695e+37,0.00040598529883995575,O_I_7774,6.925468823516089e+37,1.3173879053702982e+36,6.935875187185725e+37,2.5094048290058615e+27,10
A7,0.4,7.065722959678898e+37,0.0004057039819466552,O_I_7774,6.926676792281396e+37,1.2852991744294508e+36,6.937193041865067e+37,3.7088636490719577e+27,10
A7,0.5,7.063586208093648e+37,0.0004053657144982521,O_I_7774,6.928636010842563e+37,1.2428749870047594e+36,6.939298709256439e+37,1.3673449253912962e+27,10
A7,0.6,7.06158638624634e+37,0.00040503340339988214,O_I_7774,6.930595931214232e+37,1.2017903338862016e+36,6.941407352800359e+37,5.736168605019149e+26,10
A7,0.7,7.059719458619907e+37,0.00040470936286344584,O_I_7774,6.93255652495146e+37,1.1620047756204226e+36,6.943518981030462e+37,2.7402937525110724e+26,10
A7,0.8,7.057981515996099e+37,0.0004043933487281632,O_I_7774,6.934517762572682e+37,1.1234791267080138e+36,6.945633603310385e+37,1.4911498502302897e+26,10
A7,0.9,7.056368764363199e+37,0.0004040851241047155,O_I_7774,6.936479613794564e+37,1.0861753508539744e+36,6.947751229268567e+37,9.235199222615689e+25,10
A7,1.0,7.0548775196449135e+37,0.0004037844590473095,O_I_7774,6.938442047587284e+37,1.0500565100080334e+36,6.949871868637614e+37,6.496328402117467e+25,10
A7,2.0,7.045909847779058e+37,0.0004011475587755591,O_I_7774,6.958091050424837e+37,7.466367280908905e+35,6.9712461744749e+37,4.950696643339599e+27,10
A7,3.0,7.050970808376821e+37,0.00040125818765087887,O_I_7774,6.9861847396806845e+37,4.927348069955174e+35,7.001697326768955e+37,9.083141681043307e+27,10
A7,4.0,7.068483247263021e+37,0.00039789425505991203,O_I_7774,7.018815633098336e+37,3.110088436210461e+35,7.037382338687835e+37,2.4213080826642113e+29,10
A7,5.0,7.084721105369464e+37,0.00039605163877964183,O_I_7774,7.043661131816687e+37,1.828484397579854e+35,7.066436239448873e+37,2.194479225913065e+29,10
A7,10.0,7.095808354363444e+37,0.0004310330984936442,O_I_7774,7.004653255546074e+37,4.6927103740632225e+34,7.091114277520907e+37,1.3664684734924352e+31,10
A7,20.0,9.547526797891426e+37,0.0006640446266956503,O_I_7774,5.497408197972119e+37,1.7425441393997346e+37,7.56694949185898e+37,2.3803316663271008e+36,10
A7,30.0,2.4308161515846835e+38,0.0020981358770800476,O_III_5007,7.381963337901032e+37,1.3835435005657187e+38,7.866757013269973e+37,2.6059694969196676e+37,10
A7,40.0,2.431288073456615e+38,0.0026151534685530456,C_III_4647,8.85974468444592e+37,1.5899582251233648e+38,6.231795668221156e+37,2.181502815111351e+37,10
A7,50.0,3.2231878757943692e+38,0.002263927226024788,C_III_4647,1.142575446234848e+38,2.358811529631984e+38,6.301006745065402e+37,2.3427567165584516e+37,10
A7,60.0,4.104410224579403e+38,0.0014138421223776866,C_IV_5801,1.527106429125823e+38,3.099313212300097e+38,7.1212055811999e+37,2.9297645415931533e+37,10
A7,70.0,4.483923026845368e+38,0.001183045026611888,C_IV_5801,1.745248067489471e+38,3.522257017081032e+38,6.825407140169703e+37,2.7912529574736542e+37,10
A7,80.0,5.944036786729807e+39,0.009814483337345428,C_III_4647,3.944182783844773e+39,5.532385586782453e+39,3.146369469671085e+38,9.701425298024483e+37,10
A7,90.0,2.80960483426177e+40,0.05761592622181752,C_II_4267,1.2831334265547736e+40,2.7002185312960387e+40,8.870003019052382e+38,2.0686272775207526e+38,6
A7,100.0,3.9109016611256265e+40,0.09073236965453789,C_III_5696,1.427911577495533e+40,3.777586868289039e+40,1.0915765717039324e+39,2.4157135666194285e+38,5
A7,110.0,5.294255948376016e+40,0.09528066120475452,C_III_5696,1.910440133419e+40,5.034730466444015e+40,2.37865065780132e+39,2.1660416151869415e+38,5
A7,120.0,4.2321932712954864e+39,0.013495328898258522,O_I_7774,6.798470719657e+38,2.826324700356464e+39,1.3215693066712226e+39,8.4299264267799685e+37,10
A7,130.0,7.64780208217689e+37,0.0003278509663521815,O_I_7774,9.767045879357001e+36,4.1288469818872786e+37,2.9301137638071005e+37,5.888413364825116e+36,10
A7,140.0,8.07026860718789e+35,4.082295580184312e-06,O_I_7774,1.9095822398280008e+35,3.916327183585565e+35,4.091756193098388e+35,6.218523050393725e+33,10
A8,0.1,3.772341834094018e+38,0.01515925932703129,C_III_1909,1.7450545235725636e+38,1.831769536216088e+38,1.1701341958290218e+38,7.704381020489077e+37,9
A8,0.2,3.608200171659889e+38,0.014530574000908129,C_III_1909,1.5907033016142663e+38,1.6780019690164998e+38,1.1645330962497722e+38,7.656651063936174e+37,9
A8,0.3,3.4262839620672704e+38,0.01382844345325522,C_III_1909,1.4178082986845902e+38,1.505849464514339e+38,1.1592455968393656e+38,7.611889007135658e+37,9
A8,0.4,2.973040554415596e+38,0.012037679528973088,O_III_5007,1.1573850992672366e+38,1.0544798700171917e+38,1.1580619312922527e+38,7.604987531061517e+37,9
A8,0.5,2.831673263858595e+38,0.011486335652419157,O_III_5007,1.1516014093931772e+38,9.23980231495583e+37,1.1521932948933485e+38,7.554997374696633e+37,9
A8,0.6,2.726855521838397e+38,0.011080229720258598,O_III_5007,1.1449694300005654e+38,8.315219561008617e+37,1.1455032088022932e+38,7.498303569352416e+37,9
A8,0.7,2.9305244627358225e+38,0.011915683500912532,O_III_5007,1.1325798002558426e+38,1.0578863964465325e+38,1.1333059930422872e+38,7.393320732470032e+37,9
A8,0.8,2.9325415884007305e+38,0.011941585999998415,O_III_5007,1.1233579469565621e+38,1.0768119504159938e+38,1.1241165155571646e+38,7.31613122427572e+37,9
A8,0.9,2.9237973820314836e+38,0.011923926256807018,O_III_5007,1.1143270424364925e+38,1.084610827545423e+38,1.115109764988631e+38,7.240767894974294e+37,9
A8,1.0,2.9041473319353613e+38,0.011862242504042757,O_III_5007,1.1054998412094116e+38,1.0811167108084097e+38,1.1062976422152102e+38,7.167329789117411e+37,9
A8,2.0,2.4409698506934766e+38,0.010129142562277019,O_III_5007,1.023797441482875e+38,7.667770014318594e+37,1.024463478979666e+38,6.497293702819511e+37,9
A8,3.0,1.911153239753767e+38,0.008050486679612529,O_III_5007,9.459887243504398e+37,3.770904307574956e+37,9.463256570253524e+37,5.877371519709191e+37,9
A8,4.0,1.6984599754840829e+38,0.006955691822431292,O_III_5007,8.926843847267518e+37,2.6091703596066143e+37,8.928994375855418e+37,5.4464350193787965e+37,9
A8,5.0,1.5088123849532762e+38,0.0062398525071675195,O_III_5007,8.165687250163289e+37,2.0531152477288866e+37,8.167172633217512e+37,4.867835968586364e+37,9
A8,10.0,1.0566219913355158e+38,0.004517454342932683,O_III_5007,5.5930981185310475e+37,1.9424855201264405e+37,5.593852648039956e+37,3.0298817451887633e+37,10
A8,20.0,9.26549179301603e+37,0.0012263019589889546,O_III_5007,4.038866923272211e+37,2.9236996457809146e+37,4.039717720148913e+37,2.3020744270862036e+37,10
A8,30.0,1.1644899387327335e+39,0.0013762194059421837,C_III_4647,6.250155819086271e+38,1.039225120232085e+39,9.77977296546152e+37,2.7467088846033346e+37,10
A8,40.0,3.691269362544384e+39,0.01643209364785946,C_III_4647,1.6627552797979253e+39,3.4704506948568346e+39,1.7879585432400714e+38,4.202281336354179e+37,10
A8,50.0,1.1389396673743657e+40,0.04562829474176076,C_III_4647,5.011912118058308e+39,1.0660076700931461e+40,6.595758510922237e+38,6.974412171997201e+37,5
A8,60.0,1.5901193189300518e+40,0.07010923004852467,C_II_4267,9.6317769352971e+39,1.486440236334297e+40,9.413924327200815e+38,9.539839323746858e+37,5
A8,70.0,2.4499489054261814e+40,0.11258005351826952,C_II_4267,1.5014124434934476e+40,2.3371963672345393e+40,9.9932016405216e+38,1.282052178642639e+38,5
A8,80.0,3.342992829331021e+40,0.19896730727747264,C_II_4267,2.065934991514381e+40,3.221508925709142e+40,1.0730020812380648e+39,1.418369549807211e+38,4
A8,90.0,4.808531867699217e+40,0.47823926514019405,C_II_4267,2.820690684529767e+40,4.6593089221056845e+40,1.3200435328640975e+39,1.721859230712171e+38,1
A8,100.0,3.965166251790533e+40,0.4268086864710585,C_II_4267,1.8517147753364498e+40,3.812708666218235e+40,1.3461094689420733e+39,1.7846638678090346e+38,2
A8,110.0,8.864104726082914e+40,0.2671523934763104,C_III_5696,1.9303983259125e+40,8.145868263748678e+40,7.07032457673795e+39,1.1204004660442684e+38,4
A8,120.0,9.109679536712912e+36,0.0001112586468139425,C_II_4267,2.1407169866425003e+36,4.592399180257122e+36,4.4964610959434845e+36,2.0819260512303638e+34,10
A8,130.0,3.3199326171006416e+36,3.717249787319605e-05,O_I_7774,8.218884398931251e+35,1.6586157479700335e+36,1.6599043051603252e+36,1.412563970283596e+33,10
A8,140.0,2.8953961660647455e+36,3.0130800336334696e-05,O_I_7774,7.200159330365001e+35,1.4479481423014302e+36,1.4469140692520527e+36,5.339545112624101e+32,10
A8,150.0,2.5054794126812702e+36,2.4945348870346077e-05,O_I_7774,6.244501948352501e+35,1.2533315447530464e+36,1.251937484944368e+36,2.1038298385561705e+32,10
A9,0.1,2.153000297257622e+38,0.004606602128184171,C_III_1909,1.879118934636957e+38,1.8918168092501935e+38,2.2481410382775835e+37,3.636938417966977e+36,9
A9,0.2,2.0021453272496175e+38,0.0042842349864522615,C_III_1909,1.7397949878999785e+38,1.75169477975332e+38,2.1781640059102397e+37,3.263414690527344e+36,9
A9,0.3,1.891177320282946e+38,0.0040464686687974845,C_III_1909,1.6347336394558087e+38,1.6460560184065738e+38,2.143791475668432e+37,3.074215430952893e+36,9
A9,0.4,1.8146341537553004e+38,0.003881924088845034,C_III_1909,1.5592832099499822e+38,1.5702234274875655e+38,2.140008733339402e+37,3.040985293379457e+36,9
A9,0.5,1.7715348056017323e+38,0.0037887410214204843,C_III_1909,1.512564970753567e+38,1.5233193326278968e+38,2.1662675578025626e+37,3.1588717193579205e+36,9
A9,0.6,1.7651934786578785e+38,0.0037739379159278295,C_III_1909,1.4973110904719886e+38,1.5081038562617556e+38,2.2263559376651054e+37,3.4454028629612283e+36,9
A9,0.7,1.80401894045136e+38,0.003855339806664138,C_III_1909,1.5205320712691667e+38,1.5316493049930167e+38,2.3292272159704394e+37,3.944691386129891e+36,9
A9,0.8,1.9035004106404436e+38,0.0040657537422343236,C_III_1909,1.5951819076615228e+38,1.607020924500177e+38,2.4909726271477055e+37,4.738222342549604e+36,9
A9,0.9,2.0898457072141323e+38,0.004460585166054531,C_III_1909,1.7432127093932606e+38,1.7563604060355e+38,2.7383191912904343e+37,5.965338204958872e+36,9
A9,1.0,2.405928004414793e+38,0.005130185049260157,C_III_1909,2.0005719425099406e+38,2.0159332395061866e+38,3.1140712456388e+37,7.858764034472665e+36,9
A9,2.0,8.081893928678186e+38,0.016400716901524615,C_III_1909,6.7075298026708545e+38,6.771623471316753e+38,8.944332349363575e+37,4.158372224250768e+37,9
A9,3.0,9.036908399855704e+38,0.01826488872065928,C_III_1909,7.336053341997034e+38,7.427442754998787e+38,1.0691367324615054e+38,5.403289123954114e+37,8
A9,4.0,9.559538754115615e+38,0.019223427524838833,C_III_1909,7.253971856041302e+38,7.409753198920454e+38,1.3660950507957927e+38,7.836905043993686e+37,9
A9,5.0,8.03874928621903e+38,0.016121720697202767,C_III_1909,5.821972300027981e+38,5.988337027058344e+38,1.3068261093060607e+38,7.435861498546261e+37,9
A9,10.0,2.276323123601783e+38,0.004548162143739753,O_III_5007,1.033762072980352e+38,6.688040280545284e+37,1.0359268150735283e+38,5.715922804737261e+37,10
A9,20.0,1.1647826171382988e+38,0.002555274411110986,O_III_5007,5.180811636557062e+37,4.0997281865078438e+37,5.183741079884654e+37,2.364356904990489e+37,10
A9,30.0,1.1104741609449065e+38,0.0021379584245612127,O_III_5007,3.7399688157655198e+37,5.695575119268767e+37,3.7413447634579154e+37,1.6678217267223833e+37,10
A9,40.0,2.8284133075817683e+38,0.0007655280497422269,C_III_4647,7.549213590170268e+37,1.925921720077962e+38,5.855669586240497e+37,3.1692462887975643e+37,10
A9,50.0,2.9273439204629693e+39,0.006492483384496293,C_III_4647,1.4036291386781446e+39,2.7207715642366187e+39,1.5503993926868356e+38,5.153241695766681e+37,10
A9,60.0,9.738980815416241e+39,0.03131537854081754,C_II_4267,5.0023504025085676e+39,8.927553805880675e+39,7.098314148496324e+38,1.0159559468593338e+38,6
A9,70.0,2.2904317278793196e+40,0.09178142812150182,C_II_4267,1.3039793164174183e+40,2.181936700226873e+40,9.254944113209849e+38,1.5945586520347901e+38,4
A9,80.0,3.865243958134236e+40,0.18062118686225023,C_II_4267,2.2419958583738926e+40,3.737407648730354e+40,1.1048191358960441e+39,1.7354395814277516e+38,3
A9,90.0,4.820521044899191e+40,0.25578664926846095,C_II_4267,2.634130019685702e+40,4.67918809660779e+40,1.2299300574593902e+39,1.8339942545462143e+38,3
A9,100.0,5.360101162584307e+40,0.32386628175090454,C_II_4267,2.365820435195836e+40,5.169025382148452e+40,1.6971364664061835e+39,2.1362133795236595e+38,3
A9,110.0,4.35927891358121e+40,0.1849763529442245,C_III_5696,1.029647273064101e+40,4.067803347126753e+40,2.799985467435561e+39,1.1477019710901622e+38,5
A9,120.0,5.0532320118220105e+36,9.72261368978668e-05,C_II_4267,1.050194810231333e+36,2.4784011707952793e+36,2.5230813700781297e+36,5.174947094860164e+34,10
A9,130.0,6.970633224892812e+36,4.216299805465748e-05,O_I_7774,1.6930135377263372e+36,3.5436984781568854e+36,3.4242487929572147e+36,2.685953778710162e+33,10
A9,140.0,2.7709099516813236e+36,2.361131566670284e-05,O_I_7774,6.874474614461334e+35,1.3892906686987424e+36,1.3811887556252177e+36,4.305273573640098e+32,10
A9,150.0,7.634383313478176e+34,5.989064418815142e-07,O_I_7774,2.79984053929934e+34,2.033966162061096e+34,5.600372148229006e+34,4.5003188073194124e+29,10
B1,10.0,1.3909508986250476e+37,0.0003485087280943936,O_I_7774,1.3886237707577232e+37,5.822796575003911e+33,1.390368618967547e+37,2.6467488782905015e+21,10
B1,20.0,1.6509174470170142e+37,0.00024623941269799973,O_I_7774,1.3444831190274938e+37,1.6836861224816427e+29,1.650917430180153e+37,445056742199.0155,10
B1,30.0,4.0518168170454094e+38,0.008107645350596052,C_III_4647,1.3481381828762952e+38,3.144520415997923e+38,8.2535108571120965e+37,8.194531533627682e+36,10
B1,40.0,9.971614936332677e+38,0.011917698076235031,C_II_4267,3.106122618684495e+38,6.7440983828477384e+38,3.0632708134424912e+38,1.6424574004244668e+37,10
B1,50.0,1.389240477061261e+39,0.015730698555144685,O_I_7774,4.537147959614483e+38,8.412472611155911e+38,5.257297668673085e+38,2.2263449078361427e+37,10
B1,60.0,1.729109921767932e+39,0.015158637971082205,O_I_7774,6.262758072288365e+38,9.855255782470716e+38,7.17594075767176e+38,2.5990267753684833e+37,9
B1,70.0,1.891808944539509e+39,0.003683458532732325,O_I_7774,6.680493457297438e+38,1.091863704524157e+39,7.718932455421277e+38,2.8051994473224414e+37,8
B1,80.0,1.920704803406613e+39,0.005193980933902189,C_II_4267,7.798947638705199e+38,1.0849869988313216e+39,8.05990409663249e+38,2.97273949120425e+37,7
B1,90.0,2.237442827095658e+39,0.0091519238990066,C_II_4267,9.745998713150634e+38,1.3484248416585976e+39,8.569190251545551e+38,3.209896028250496e+37,7
B1,100.0,2.714242097094995e+39,0.015157006073561737,C_II_4267,1.2110926915294334e+39,1.6679174697251795e+39,1.011569944345272e+39,3.475468302454369e+37,7
B1,110.0,3.2242732077344496e+39,0.021372944314017754,C_II_4267,1.447577788313914e+39,1.9785984513513426e+39,1.2068307131720137e+39,3.884404321109372e+37,6
B1,120.0,4.0809626612496736e+39,0.04155528097218538,C_II_4267,1.8081312620167944e+39,2.447749364448673e+39,1.5915990439343472e+39,4.161425286665343e+37,5
B1,130.0,5.627407700635839e+39,0.08549005420402823,C_II_4267,2.447852504742774e+39,3.252607153039878e+39,2.329406650353821e+39,4.539389724214077e+37,4
B1,140.0,8.983685405643006e+39,0.2334989351244483,C_II_4267,3.979967628919605e+39,5.620679349720348e+39,3.3208087497822814e+39,4.2197306140376274e+37,3
B1,150.0,2.8340955359957835e+39,0.2492449762429097,C_II_4267,6.135436999577e+38,1.9911193370129566e+39,8.198314778198425e+38,2.314472116298457e+37,4
B1,160.0,1.2884536222910006e+39,0.11288955016044834,C_III_4647,2.5083188945810002e+38,8.675473821796296e+38,4.058913387348107e+38,1.501490137656034e+37,5
B10,0.1,3.8333875801318976e+37,0.0004541242773453874,O_I_7774,3.1860956490066803e+37,6.443639030213287e+36,3.189023383190673e+37,2.939198957756667e+30,10
B10,0.2,3.803468202224671e+37,0.0004502126199774541,O_I_7774,3.1869476784622827e+37,6.135275179214469e+36,3.189940290155683e+37,3.94147541451075e+30,10
B10,0.3,3.774962016786407e+37,0.00044647691867503444,O_I_7774,3.1878003989223457e+37,5.841014947797774e+36,3.1908599357764128e+37,5.862302167928313e+30,10
B10,0.4,3.7478127668934025e+37,0.0004429099472068409,O_I_7774,3.18865371701351e+37,5.560290246580912e+36,3.1917827751663475e+37,9.670689637451848e+30,10
B10,0.5,3.722073896882e+37,0.0004395174638693378,O_I_7774,3.1895056577130613e+37,5.293505521750304e+36,3.192719334797052e+37,4.009909917798086e+31,10
B10,0.6,3.697614830380243e+37,0.0004362835178110489,O_I_7774,3.1903574743271966e+37,5.0394413357050164e+36,3.193662755338029e+37,7.941471712054536e+31,10
B10,0.7,3.674603143352632e+37,0.0004332273560389271,O_I_7774,3.1912051943861157e+37,4.7995163155702943e+36,3.194634063941724e+37,1.7447853878071514e+32,10
B10,0.8,3.6534778622426107e+37,0.0004304001407209439,O_I_7774,3.1920398870550333e+37,4.57755086994291e+36,3.195680247736021e+37,4.252751229876847e+32,10
B10,0.9,3.6357750044433754e+37,0.000427981962001253,O_I_7774,3.19283253332005e+37,4.3870635742929026e+36,3.1969536392317136e+37,1.1500778237123445e+33,10
B10,1.0,3.6270247163808507e+37,0.00042662196795594957,O_I_7774,3.1934804045162074e+37,4.2768753727001934e+36,3.1989919793375585e+37,3.451997732725743e+33,10
B10,2.0,3.44421450454925e+37,0.0004013620879961934,O_I_7774,3.2145805373284696e+37,2.2471746768096687e+36,3.219457520923685e+37,3.9515944598406106e+32,10
B10,3.0,3.648056763049177e+37,0.00042146241625714025,O_I_7774,3.2292562876321143e+37,3.712075791853587e+36,3.2731834153500675e+37,3.6657685137500574e+34,10
B10,4.0,3.374155874642147e+37,0.0003864503438570383,O_I_7774,3.2599300173563864e+37,9.844002689481066e+35,3.275302300714141e+37,4.135470331949166e+33,10
B10,5.0,5.024070970472152e+37,0.0005712278568535742,O_I_7774,3.2325670499382876e+37,1.4932824813359473e+37,3.5070175978037547e+37,2.3770891332449885e+35,10
B10,10.0,1.1567478689258696e+38,0.001309191644857537,C_III_1909,5.756617121348306e+37,6.294241823867056e+37,4.728396692005275e+37,5.44840173386364e+36,10
B10,20.0,1.5096941197623212e+38,0.0022085971504637635,O_III_5007,5.083426544442558e+37,7.882255153756577e+37,5.182748484376507e+37,2.0319375594901266e+37,10
B10,30.0,1.4742104253215595e+38,0.0023708814029510766,C_III_4647,5.545235285157728e+37,9.49739545189589e+37,3.750560974432496e+37,1.4941478268872086e+37,10
B10,40.0,1.7227298669033037e+38,0.0016842438615196384,C_IV_5801,5.63779009458869e+37,1.2138822194576968e+38,3.577418253569066e+37,1.5110582208870073e+37,10
B10,50.0,3.985148290528202e+38,0.001382725038804049,C_IV_5801,1.4140990231254703e+38,3.293045954006077e+38,4.769506138300166e+37,2.1515172269210823e+37,10
B10,60.0,4.354349718835038e+39,0.012527828415320318,C_III_4647,2.5901517380345015e+39,4.06862125433253e+39,2.184764973353106e+38,6.725196716719738e+37,10
B10,70.0,4.027029430596093e+39,0.015347063567157582,C_III_5696,1.3841286500144098e+39,3.51491164583396e+39,3.9545546017878204e+38,1.1666232458335114e+38,9
B10,80.0,6.589736372633032e+39,0.030483771040650826,C_III_5696,2.7351187014953787e+39,5.930762064072989e+39,5.031339052582839e+38,1.5584040330175912e+38,6
B10,90.0,1.1662262897033568e+40,0.0651612385002044,C_III_5696,4.5914237523052796e+39,1.0800167582289817e+40,6.88416096450644e+38,1.736792182931045e+38,5
B10,100.0,2.203716514980944e+40,0.05109009674795138,C_IV_1549,7.8288e+39,2.081597436044499e+40,1.0275865733088695e+39,1.93604216055576e+38,6
B10,110.0,1.5587150252129696e+40,0.06776293205439386,C_III_5696,4.9702564001360046e+39,1.3743239938558132e+40,1.7189861283505743e+39,1.249241852209885e+38,5
B10,120.0,3.552680348534511e+39,0.032056713736968355,C_II_6580,5.8532743501680015e+38,2.4482459752336255e+39,1.0344667319465899e+39,6.996764135429506e+37,9
B10,130.0,9.382284490305708e+38,0.001441477732231606,C_III_5696,1.4452445316319999e+38,6.0057490070809124e+38,2.9781658372663467e+38,3.9836964595844854e+37,10
B10,140.0,3.1180250836742194e+36,5.4901451996295123e-05,C_II_4267,5.5566977930160016e+35,1.4836257846767376e+36,1.5464409783782472e+36,8.795832061923392e+34,10
B11,0.1,6.751615370432045e+37,0.00040166314382426957,O_I_7774,6.6925039746316375e+37,4.3401116548045105e+35,6.708214253881371e+37,2.6279907303890974e+25,10
B11,0.2,6.751729702673387e+37,0.00040145776137190425,O_I_7774,6.69385959831791e+37,4.1935396135679606e+35,6.709794306535949e+37,1.7573479445061136e+25,10
B11,0.3,6.7518940933571745e+37,0.0004012565540514067,O_I_7774,6.6952143006008685e+37,4.051709274505215e+35,6.711377000610796e+37,1.3275522028870198e+25,10
B11,0.4,6.7521070870738435e+37,0.0004010603922199354,O_I_7774,6.696568028679934e+37,3.914474190113921e+35,6.712962345171573e+37,1.1313427000307018e+25,10
B11,0.5,6.752367271433234e+37,0.00040086890679772374,O_I_7774,6.697920728575964e+37,3.781692216233775e+35,6.7145503492698085e+37,1.0868287066151682e+25,10
B11,0.6,6.752673275850958e+37,0.0004006797564808172,O_I_7774,6.699272345105452e+37,3.65322539111807e+35,6.7161410219386e+37,1.1772954710589918e+25,10
B11,0.7,6.75302377038022e+37,0.00040049590072742527,O_I_7774,6.700622821853566e+37,3.528939818956047e+35,6.717734372189221e+37,1.4397500367094362e+25,10
B11,0.8,6.7534174645865685e+37,0.0004003162911994715,O_I_7774,6.701972101146032e+37,3.408705557608695e+35,6.71933040900849e+37,1.990717330070085e+25,10
B11,0.9,6.753853106476345e+37,0.0004001370657539892,O_I_7774,6.703320124019579e+37,3.2923965115275066e+35,6.720929141357955e+37,3.115597496329234e+25,10
B11,1.0,6.7543294815177315e+37,0.0003999611066777051,O_I_7774,6.704666830188875e+37,3.1798903334813673e+35,6.722530578177396e+37,5.521807984107191e+25,10
B11,2.0,6.764408495743687e+37,0.0003983140143052608,O_I_7774,6.722100868720236e+37,2.140565397664775e+35,6.743002841324608e+37,4.424307755503302e+27,10
B11,3.0,6.784062116035403e+37,0.0003996834856020462,O_I_7774,6.745740752136574e+37,1.331594860228447e+35,6.770746167168958e+37,2.6416123004389926e+27,10
B11,4.0,6.800641915884341e+37,0.00039776801779070283,O_I_7774,6.7622269760065e+37,7.771423950698648e+34,6.792870488394884e+37,3.5387585710071584e+28,10
B11,5.0,6.809863857950477e+37,0.00039952283594248117,O_I_7774,6.766762766496273e+37,4.1088663515589583e+34,6.805754985312215e+37,6.286703210181626e+28,10
B11,10.0,6.963507655494169e+37,0.00041754270714204676,O_I_7774,6.780781765980209e+37,5.414250009960632e+34,6.9580922847942135e+37,1.1206899955934107e+31,10
B11,20.0,1.1690176777783107e+38,0.0009405207735722161,O_I_7774,4.429921506407291e+37,3.325606652080607e+37,7.732338897845412e+37,6.322312278570858e+36,10
B11,30.0,2.52812533370746e+38,0.0021675558408441077,C_III_4647,8.246855676195873e+37,1.5584395166029473e+38,7.206686333020478e+37,2.490171838024653e+37,10
B11,40.0,2.758497939150547e+38,0.0030059674573574813,C_III_4647,1.0223406069843292e+38,2.008454119833295e+38,5.51340585731123e+37,1.9870323358612954e+37,10
B11,50.0,3.2574429364559802e+38,0.0024078440004554535,C_IV_5801,1.2222294354519745e+38,2.5734767811595244e+38,4.9847612355162595e+37,1.8549003174482962e+37,10
B11,60.0,4.200250643488763e+38,0.0016876220445844767,C_IV_5801,1.840302826866467e+38,3.44729455588725e+38,5.371121462151385e+37,2.1584394138637482e+37,10
B11,70.0,6.37319558821146e+39,0.009811538689789102,C_III_4647,2.9862135100202056e+39,5.179308049609157e+39,1.144665604532981e+39,4.922193406932217e+37,9
B11,80.0,5.691249721473327e+39,0.014075465264554428,C_III_5696,2.2545876684474202e+39,5.0682430151116596e+39,4.8016706706003406e+38,1.428396393016346e+38,9
B11,90.0,1.2260373168109448e+40,0.037518812578741165,C_III_5696,4.941803031827811e+39,1.1344036712863848e+40,7.245291189149131e+38,1.9180733633068735e+38,6
B11,100.0,2.6590256978224954e+40,0.04979710605644409,C_IV_1549,8.748400000000001e+39,2.51853575560967e+40,1.2038193486633232e+39,2.0108007346493237e+38,6
B11,110.0,8.016236324368203e+39,0.031193982337741406,C_III_5696,2.110409812924998e+39,6.628134076433423e+39,1.2690095362604236e+39,1.1909271167435434e+38,9
B11,120.0,3.1796843338207697e+39,0.0011792009529692708,C_III_5696,5.99662864685e+38,2.0119075876504957e+39,1.084815409248856e+39,8.296133692141805e+37,10
B11,130.0,1.016048775990524e+39,0.006503022282146808,C_III_5696,1.546841290791666e+38,6.442558482293279e+38,3.2428741322106718e+38,4.75055145401291e+37,10
B11,140.0,2.6608595317358317e+36,2.683429907975624e-05,O_I_7774,4.430311228433332e+35,1.229934742260654e+36,1.3290933685299996e+36,1.0183142094517825e+35,10
B12,0.1,3.4642127729620925e+38,0.012679352964330483,O_III_5007,1.4407943478610425e+38,9.647359115866223e+37,1.4410789767724941e+38,1.0583978846029757e+38,9
B12,0.2,3.407876381524293e+38,0.01249524757086808,O_III_5007,1.4332990738575109e+38,9.233173000391564e+37,1.433574947987942e+38,1.0509841334971941e+38,9
B12,0.3,3.3821130816381777e+38,0.012424640762225362,O_III_5007,1.4248331055487278e+38,9.142720145995056e+37,1.4251111769933706e+38,1.0427298900453014e+38,9
B12,0.4,3.345248675338245e+38,0.012312990067535612,O_III_5007,1.4164885097173788e+38,8.938730698474803e+37,1.4167647847119287e+38,1.0346108207788352e+38,9
B12,0.5,3.2981365122122407e+38,0.012163671531362807,O_III_5007,1.408261414164463e+38,8.629819691120731e+37,1.4085319744359438e+38,1.026622568664224e+38,9
B12,0.6,3.242017808820289e+38,0.011980231762560275,O_III_5007,1.4001436483619762e+38,8.228563575486938e+37,1.4004048163502547e+38,1.0187566349213398e+38,9
B12,0.7,3.1784505562894896e+38,0.011769018247990754,O_III_5007,1.3921233191861687e+38,7.750777766801049e+37,1.3923718066012327e+38,1.011000973008152e+38,9
B12,0.8,3.109224921559768e+38,0.011536016057718848,O_III_5007,1.3841856261793446e+38,7.214654581592521e+37,1.3844186560151589e+38,1.003340807385357e+38,9
B12,0.9,3.0362716218160896e+38,0.011287280881000275,O_III_5007,1.3763138407109228e+38,6.639827845528183e+37,1.3765292353182364e+38,9.957596019450349e+37,9
B12,1.0,3.0914830278854965e+38,0.011507978146441738,O_III_5007,1.367145117854357e+38,7.371473642956953e+37,1.3673936845081358e+38,9.86941979081666e+37,9
B12,2.0,2.9598582937738518e+38,0.01076898722289549,O_III_5007,1.312581336237268e+38,7.146088971550947e+37,1.3128572940010353e+38,9.32392102617722e+37,9
B12,3.0,2.393793218505875e+38,0.00888009691951965,O_III_5007,1.2230668931469203e+38,3.191970800345507e+37,1.2231763871937836e+38,8.514197512775406e+37,9
B12,4.0,2.199335066141871e+38,0.008306597925858082,O_III_5007,1.130095951778747e+38,2.9863483525549017e+37,1.1302164873797864e+38,7.704837435065942e+37,9
B12,5.0,2.039105226988568e+38,0.0075053361758560646,O_III_5007,1.0726395925677044e+38,2.4686743219453343e+37,1.0727077387118032e+38,7.195300560822312e+37,9
B12,10.0,1.4495358189697739e+38,0.00561629278826292,O_III_5007,7.412269917370794e+37,2.532910040544009e+37,7.412699853219922e+37,4.549748295933809e+37,9
B12,20.0,1.879051995026983e+38,0.0012390213919489077,O_III_5007,6.427760428583001e+37,8.139856524535277e+37,6.430762475679732e+37,4.219900950054824e+37,10
B12,30.0,1.1251660045011126e+39,0.0014424935960002706,C_III_4647,4.78966635462657e+38,9.862391690705032e+38,1.0329446261544843e+38,3.563237281516083e+37,10
B12,40.0,1.7086339714275836e+39,0.003755442602113016,C_III_4647,7.87896329890336e+38,1.537654974916819e+39,1.2570394609481991e+38,4.527505041594434e+37,10
B12,50.0,8.993432749660033e+39,0.042019866946777916,C_III_4647,4.2391050927739413e+39,8.453576480131904e+39,4.545758089275792e+38,8.528046060054946e+37,7
B12,60.0,6.032092879873968e+39,0.029687941836039143,C_II_4267,2.7714100920153065e+39,5.431406763291215e+39,4.850567661233e+38,1.1562935045945514e+38,7
B12,70.0,8.663343369056587e+39,0.05320672591936544,C_II_4267,3.757030157034374e+39,7.936807226077329e+39,5.851316666874002e+38,1.4140447629185818e+38,5
B12,80.0,1.7112086871836994e+40,0.2325425699387634,C_IV_1549,6.6509e+39,1.6016821692844823e+40,9.146256979361717e+38,1.806394810559971e+38,3
B12,90.0,3.9790816279615177e+40,0.15400750073248062,C_II_4267,1.512087097168001e+40,3.560619608669553e+40,4.0568530387961366e+39,1.2776715412351147e+38,5
B12,100.0,2.2151500179298505e+39,0.02766076104922425,C_III_5696,3.76681799411775e+38,1.557051618700762e+39,6.324556828306692e+38,2.5642716398419563e+37,10
B12,110.0,4.468447330232917e+36,5.567098373869583e-05,C_II_4267,1.10267666339875e+36,2.2279314740895607e+36,2.2347182833284818e+36,5.797572814873985e+33,10
B12,120.0,3.926297901710108e+36,4.6234093215827043e-05,C_II_4267,9.756565322876001e+35,1.9600716262520525e+36,1.96401967615605e+36,2.206599302005052e+33,10
B12,130.0,3.294188413973563e+36,3.747620075625611e-05,O_I_7774,8.690706653595e+35,1.5493686227331996e+36,1.743936029747232e+36,8.837614931316951e+32,10
B12,140.0,2.83623536372433e+36,1.9661805759094955e-05,O_I_7774,7.92405710697175e+35,1.2492842978180562e+36,1.5866983701787456e+36,2.526957275289566e+32,10
B12,150.0,2.5506462601545484e+36,1.650507293121019e-05,O_I_7774,7.36543755054475e+35,1.0764954090225899e+36,1.474038804283752e+36,1.1204684820649464e+32,10
B13,0.1,2.27604662160531e+39,0.04408177647221544,C_III_1909,2.1680042901458843e+39,2.176182089543322e+39,6.711927222698283e+37,3.2745259835005234e+37,7
B13,0.2,2.480733906628421e+39,0.04779411829042651,C_III_1909,2.3166786136347e+39,2.3258544073850847e+39,9.973514800240238e+37,5.514435124093363e+37,7
B13,0.3,2.79669877192064e+39,0.05348409258842264,C_III_1909,2.5535305658546802e+39,2.564696870043378e+39,1.4371608779373936e+38,8.828581408352199e+37,7
B13,0.4,2.9776485067606873e+39,0.05668449271118228,C_III_1909,2.669850796085002e+39,2.6832863821771337e+39,1.7776324255024043e+38,1.1659888203331228e+38,6
B13,0.5,2.7762300630304164e+39,0.053041216615031375,C_III_1909,2.5189335510282935e+39,2.530454325145087e+39,1.5139450927140458e+38,9.438122861392436e+37,7
B13,0.6,2.5929901490203586e+39,0.04970353372509209,C_III_1909,2.3666976955752403e+39,2.3771552438118552e+39,1.3474827601124227e+38,8.108662919726101e+37,7
B13,0.7,2.4169625893509797e+39,0.046471824797157814,C_III_1909,2.2166387225376148e+39,2.2262413786047002e+39,1.205512116212492e+38,7.016999912503032e+37,7
B13,0.8,2.2598712092990574e+39,0.04356745161900816,C_III_1909,2.080211404587744e+39,2.0891368165913846e+39,1.0910116305474753e+38,6.163322965292545e+37,7
B13,0.9,2.125735817128133e+39,0.041073086706655666,C_III_1909,1.961680194444929e+39,1.9700767037620885e+39,1.0037902597920465e+38,5.528008738683984e+37,7
B13,1.0,2.0150931799394888e+39,0.039001122567970434,C_III_1909,1.8620330060217284e+39,1.8700260095146885e+39,9.421128446087108e+37,5.085588596392924e+37,7
B13,2.0,2.3205235551511548e+39,0.04445231999398787,C_III_1909,2.0456105887650365e+39,2.057890822542926e+39,1.6088250463189576e+38,1.0175022797633268e+38,7
B13,3.0,2.0135933641312608e+39,0.03877896454988195,C_III_1909,1.6776103648927688e+39,1.6946917759017326e+39,1.9042859338977705e+38,1.2847299483975073e+38,7
B13,4.0,1.4056062548365034e+39,0.027460883362155426,C_III_1909,1.0601554864978601e+39,1.0799960670728188e+39,1.9334535598332164e+38,1.3226483178036274e+38,7
B13,5.0,1.02972702112949e+39,0.019577513173745942,C_III_1909,6.80988643875082e+38,7.034634904331499e+38,1.9383097012455748e+38,1.3243256057178255e+38,9
B13,10.0,3.1274542718493662e+38,0.005828489397191525,O_III_5007,1.4506322221295068e+38,7.590310022142166e+37,1.451549081207254e+38,9.168741884278953e+37,9
B13,20.0,1.774194965161747e+38,0.0034486876969026673,O_III_5007,8.171037240268816e+37,5.120046450025249e+37,8.172993810408163e+37,4.448909391184057e+37,10
B13,30.0,1.4448584677433508e+38,0.0028561211535932675,O_III_5007,5.530087818615072e+37,6.138438490133559e+37,5.531357126911601e+37,2.778789060388349e+37,10
B13,40.0,4.0953921732753894e+38,0.0008273467984762858,C_III_4647,1.1384395763109995e+38,2.874570671023953e+38,7.744566430379487e+37,4.463648592134878e+37,10
B13,50.0,2.3219316183127577e+39,0.003027739290879402,C_III_4647,1.3348723180333803e+39,2.0879155054612498e+39,1.723629241850597e+38,6.165318866644771e+37,10
B13,60.0,4.35220833466206e+39,0.011057702673922663,C_II_4267,1.3891123663730028e+39,3.7944283705092566e+39,4.350347663601532e+38,1.227451977926499e+38,10
B13,70.0,8.974151393109258e+39,0.03137925200076045,C_II_4267,3.463940757802858e+39,8.186834012725909e+39,6.18136111688822e+38,1.6918126869452771e+38,6
B13,80.0,1.9509244042836038e+40,0.09010351747129325,C_IV_1549,8.3054e+39,1.8308142141681436e+40,9.878757327484448e+38,2.1322616840615857e+38,4
B13,90.0,2.127034576921507e+40,0.08283154603400729,C_II_4267,9.78648768927262e+39,1.9329974640136465e+40,1.7998079922309478e+39,1.4056313684765567e+38,5
B13,100.0,2.12043280097346e+39,0.022198092768014197,C_III_5696,4.167628479004001e+38,1.3192070713163782e+39,7.582809559182982e+38,4.294477373878404e+37,10
B13,110.0,4.5119300160712275e+36,2.6783289064942522e-05,C_II_4267,1.1176028696700671e+36,2.2581897419161038e+36,2.250948207055874e+36,2.792067099249519e+33,10
B13,120.0,3.739109429525624e+36,3.445863050610072e-05,O_I_7774,9.282470550538e+35,1.8696464903148644e+36,1.8677086940168318e+36,1.7542451939281428e+33,10
B13,130.0,2.297910965507592e+36,1.977140003251823e-05,O_I_7774,5.9596243794753334e+35,1.1024837172210054e+36,1.1949797796369757e+36,4.4746864961079875e+32,10
B13,140.0,3.124229385327199e+36,2.5686750270246217e-05,O_I_7774,7.941304423014666e+35,1.5321940292979357e+36,1.5916003628489687e+36,4.349931802948045e+32,10
B13,150.0,2.641368981223109e+36,2.080985803218097e-05,O_I_7774,7.102608846029333e+35,1.2190745512471647e+36,1.42211151306405e+36,1.829169118945116e+32,10
B14,0.1,1.7052791374225345e+39,0.020079630192893085,C_III_1909,1.6688678946705488e+39,1.6760488206791168e+39,2.9193355090988185e+37,3.6961652429362864e+34,8
B14,0.2,1.682043232108565e+39,0.019786878443374237,C_III_1909,1.6456082173633784e+39,1.6527016370096365e+39,2.9262093758925767e+37,7.9501340002044745e+34,8
B14,0.3,1.660579420503381e+39,0.019515173297771474,C_III_1909,1.6239319051236324e+39,1.6309447909766714e+39,2.9444449365942856e+37,1.901801607669806e+35,8
B14,0.4,1.643955291753769e+39,0.019296628190389346,C_III_1909,1.6065295624819773e+39,1.6134814581654543e+39,2.996815449369953e+37,5.056790946152975e+35,8
B14,0.5,1.642677010399284e+39,0.019255283024917514,C_III_1909,1.6026250359705457e+39,1.609578690217568e+39,3.160669717175284e+37,1.491623009963236e+36,8
B14,0.6,1.6066675305197006e+39,0.018820375406456882,C_III_1909,1.565986287542039e+39,1.5728189946923672e+39,3.2075191998496974e+37,1.77334382883617e+36,8
B14,0.7,1.5379483003493994e+39,0.01801353631799583,C_III_1909,1.499208276381796e+39,1.5057964102329002e+39,3.1015899479249846e+37,1.135990637249269e+36,8
B14,0.8,1.476764892127932e+39,0.017293803703370927,C_III_1909,1.4392141653946016e+39,1.445585702580792e+39,3.0407768702749536e+37,7.714208443907425e+35,8
B14,0.9,1.420392434985808e+39,0.016629918771225275,C_III_1909,1.3836183772172736e+39,1.389790358476668e+39,3.0046471419484045e+37,5.556050896558912e+35,8
B14,1.0,1.367404344272318e+39,0.016005497308217452,C_III_1909,1.3311698889414152e+39,1.3371536722074805e+39,2.982613636249438e+37,4.2453570234312e+35,8
B14,2.0,9.609252943976238e+38,0.011206942657613763,C_III_1909,9.243999936571768e+38,9.289010439792466e+38,3.0940244828813627e+37,1.0840055895635625e+36,9
B14,3.0,8.199501617632373e+38,0.009508988259511922,C_III_1909,7.641059002046953e+38,7.68240504640048e+38,4.336796039063384e+37,8.341696732555363e+36,9
B14,4.0,7.847636892914925e+38,0.008683141141641175,C_III_1909,7.225798875712434e+38,7.268013355701076e+38,4.798554202440532e+37,9.976811696979534e+36,9
B14,5.0,1.0470822589495384e+39,0.011507154054963593,C_III_1909,9.343302427770782e+38,9.407539560168379e+38,7.837687032404092e+37,2.7951432608659764e+37,9
B14,10.0,1.537831107027894e+39,0.016404337609012904,C_III_1909,1.2192930780354828e+39,1.254453058543838e+39,1.7753119935246434e+38,1.0584684913159166e+38,9
B14,20.0,2.662932676320472e+38,0.002759664305284283,O_III_5007,1.0914412723929324e+38,9.778730781977923e+37,1.0948668445494513e+38,5.901927535732284e+37,10
B14,30.0,1.800223323444943e+38,0.0022852594144189696,O_III_5007,6.523259986746789e+37,8.516275869531052e+37,6.528652481481173e+37,2.957304883437207e+37,10
B14,40.0,2.0941985515398845e+38,0.0022625429576882045,O_III_5007,6.353302064148193e+37,1.1659474068466056e+38,6.3565133445140425e+37,2.925998102418744e+37,10
B14,50.0,3.198655207502574e+38,0.0008690369831100183,O_III_5007,8.51236942079252e+37,1.875684740703863e+38,8.529634899415803e+37,4.700069768571313e+37,10
B14,60.0,2.2105865443753256e+39,0.0012643334518074587,C_III_4647,1.0649209051874768e+39,1.8821183845598562e+39,2.715072101887465e+38,5.6960949626722885e+37,10
B14,70.0,6.390031444836438e+39,0.010167711281411865,C_II_4267,2.0202577524682615e+39,5.711132060046105e+39,5.306149562839613e+38,1.4828442850637322e+38,10
B14,80.0,2.0485843478497472e+40,0.04268361421876036,C_IV_1549,8.076999999999999e+39,1.923309298557476e+40,1.0299983432815395e+39,2.2275214964117167e+38,6
B14,90.0,2.0584992676698964e+40,0.04366030831247868,C_II_4267,7.609034862457997e+39,1.8171870003447147e+40,2.2623245227329472e+39,1.5079815051887163e+38,6
B14,100.0,3.858119819389817e+39,0.01348303294935177,C_III_5696,7.880624640780334e+38,2.539768705974314e+39,1.2465869667295627e+39,7.176414668594044e+37,10
B14,110.0,3.993124083829519e+38,0.0020731473844316835,O_I_7774,5.392610146203668e+37,2.2364619161863845e+38,1.6177830438611003e+38,1.3887912378203384e+37,10
B14,120.0,4.756188080144973e+36,2.213006007241991e-05,O_I_7774,1.1757333501053371e+36,2.3903243218744692e+36,2.3640603524951682e+36,1.8034057753360777e+33,10
B14,130.0,3.3546105983277955e+36,2.3941278588872728e-05,O_I_7774,8.335844933187669e+35,1.6810790143615078e+36,1.6728119131464798e+36,7.196708198079019e+32,10
B14,140.0,1.6227049733023414e+36,1.0782899346367346e-05,O_I_7774,4.288784081123672e+35,7.638888961529473e+35,8.587035814008542e+35,1.124957485395349e+32,10
B15,0.1,1.4560998724141657e+39,0.009062323659917958,C_III_1909,1.3865188605763308e+39,1.393998765859385e+39,6.21010826904879e+37,2.3864292332129613e+31,9
B15,0.2,1.4511503759095238e+39,0.00902563332376899,C_III_1909,1.3815981758846763e+39,1.3890562526932482e+39,6.209404384626448e+37,7.937001098084035e+31,9
B15,0.3,1.4462238426484287e+39,0.00898915872860536,C_III_1909,1.3766997190369284e+39,1.3841362448040856e+39,6.208728617986758e+37,3.1166447525597004e+32,9
B15,0.4,1.4381860164434806e+39,0.008933649166838632,C_III_1909,1.368701805775779e+39,1.3761036113827588e+39,6.208132639255206e+37,1.0786681696531018e+33,9
B15,0.5,1.4039048166202677e+39,0.008717117461345018,C_III_1909,1.334581192417292e+39,1.3418318450256278e+39,6.207258519698277e+37,3.8639765671967864e+32,9
B15,0.6,1.370383540607947e+39,0.00850547818018304,C_III_1909,1.3012163398034541e+39,1.308318806847102e+39,6.206457789030789e+37,1.5587053683132835e+32,9
B15,0.7,1.3375975292517329e+39,0.008298283609276666,C_III_1909,1.2685837200985898e+39,1.2755406570803948e+39,6.205680131160998e+37,7.085972804098931e+31,9
B15,0.8,1.3055308356585106e+39,0.008095533144929196,C_III_1909,1.236667770279993e+39,1.2434816952203869e+39,6.204910410974152e+37,3.632838220059548e+31,9
B15,0.9,1.2741701052322116e+39,0.007897351017788124,C_III_1909,1.2054552821874704e+39,1.2121286477828826e+39,6.204143644164299e+37,2.100768580690762e+31,9
B15,1.0,1.2435028575941568e+39,0.00770365359299755,C_III_1909,1.174933844673726e+39,1.1814690634796916e+39,6.203378042426842e+37,1.3690196765657964e+31,9
B15,2.0,9.723835840382822e+38,0.00599600422683542,C_III_1909,9.051451976391776e+38,9.104256540510793e+38,6.195767173871803e+37,2.58248484836289e+32,9
B15,3.0,7.20772441072396e+38,0.004423627393093064,C_III_1909,6.547634223552494e+38,6.588512821070528e+38,6.192024027432683e+37,9.186910163229647e+32,9
B15,4.0,5.174443977821604e+38,0.003159727730110175,C_III_1909,4.524495749253311e+38,4.555159430974756e+38,6.192003270849969e+37,8.421976185182386e+33,10
B15,5.0,3.652247117375718e+38,0.0022194595643469533,C_III_1909,3.0100813417856013e+38,3.0325013562609393e+38,6.195932979221642e+37,1.524631926148472e+34,10
B15,10.0,1.4816532926526726e+38,0.0008708145820921339,C_III_1909,7.900135088085892e+37,8.011002479836331e+37,6.682116827175661e+37,1.2341361951473593e+36,10
B15,20.0,8.178682018713641e+38,0.004494599803051688,C_III_1909,5.87040624003089e+38,6.422699789200604e+38,1.2599413602576477e+38,4.960408692553889e+37,10
B15,30.0,3.089192696264936e+38,0.0019750674313550277,O_III_5007,9.152940057637197e+37,1.7395089715903933e+38,9.356008252808413e+37,4.1408289939370155e+37,10
B15,40.0,2.813571666661711e+38,0.00223418039118272,C_III_4647,1.0434469240112343e+38,1.6481941155366198e+38,8.268209091444476e+37,3.3855664198064354e+37,10
B15,50.0,3.433161278394311e+38,0.002572216201102763,C_III_4647,1.1376784798805648e+38,2.263414507231622e+38,8.246874394856488e+37,3.45059331677041e+37,10
B15,60.0,3.87650599225459e+38,0.0012027174383051143,C_III_4647,1.2329385245350496e+38,2.512071248673526e+38,9.309745445907055e+37,4.334601989903598e+37,10
B15,70.0,5.638422407496273e+38,0.0009062678179291167,C_III_4647,1.707970458036311e+38,4.020095030705132e+38,1.0868924352552359e+38,5.314349415359056e+37,10
B15,80.0,5.484208028576242e+39,0.0031812951689226534,C_III_4647,3.2325173663331055e+39,4.889148749915989e+39,4.920121353862737e+38,1.0304714327397856e+38,9
B15,90.0,2.305116837749532e+40,0.028484207874836187,C_II_4267,1.0814337514297001e+40,2.106297887445638e+40,1.8074349780059968e+39,1.80754525032943e+38,7
B15,100.0,9.64104647469136e+39,0.015753873123759435,C_III_5696,2.333156992595e+39,7.540591474625963e+39,1.9686510142971823e+39,1.3180398576821538e+38,10
B15,110.0,2.359878001819886e+39,0.004760235904602685,C_II_6580,4.439470977784999e+38,1.4651525083663652e+39,8.346218862822579e+38,6.010360717126275e+37,10
B15,120.0,4.0275161979062714e+36,1.0745242128503904e-05,O_I_7774,9.09224589027601e+35,1.9933962681455505e+36,1.9960819003319622e+36,3.803802942875826e+34,10
B15,130.0,7.358186630761525e+36,2.5702914847866508e-05,O_I_7774,1.770529022215001e+36,3.777770654717896e+36,3.575143651934849e+36,5.272324108781368e+33,10
B15,140.0,2.9084670038782994e+36,1.0597976269238515e-05,O_I_6300,7.229679158532e+35,1.460325982821439e+36,1.4479387778694707e+36,2.022431873896402e+32,10
B4,0.1,1.811150579409309e+38,0.008904126288089172,C_III_1909,1.2371764076196824e+38,1.2789551546711792e+38,3.6663996596735297e+37,1.655554587707767e+37,9
B4,0.2,1.817196915421448e+38,0.008946141922847208,C_III_1909,1.2343631317272446e+38,1.2774656185542613e+38,3.709719442544956e+37,1.6875935261269137e+37,9
B4,0.3,1.833171915993973e+38,0.009017524600615563,C_III_1909,1.2373234245972669e+38,1.282214387956953e+38,3.774431600565856e+37,1.7351436798043417e+37,9
B4,0.4,1.8568141654231658e+38,0.009129918285970111,C_III_1909,1.2440488608204453e+38,1.2912014930926085e+38,3.8588276207937787e+37,1.79729910251179e+37,9
B4,0.5,1.8851540297398774e+38,0.009266124173292128,C_III_1909,1.2519251958883102e+38,1.3018154125306717e+38,3.9606131383409013e+37,1.8727730337511544e+37,9
B4,0.6,1.914387555290105e+38,0.00946503855663138,C_III_1909,1.2576381039451956e+38,1.3107335786374978e+38,4.076779604832577e+37,1.9597601616934997e+37,9
B4,0.7,1.9398387093616736e+38,0.009542068729723222,C_III_1909,1.2571584785192804e+38,1.3139019398893483e+38,4.203537135553726e+37,2.0558305591695233e+37,9
B4,0.8,1.8419323769686795e+38,0.009058411956694401,C_III_1909,1.1995988317899548e+38,1.2522162971450415e+38,3.994381440338418e+37,1.9027793578979642e+37,9
B4,0.9,1.878874395800404e+38,0.009235024926104656,C_III_1909,1.204873818059077e+38,1.2618690780886873e+38,4.1500765055321525e+37,2.0199766715850172e+37,9
B4,1.0,1.900965393130858e+38,0.009339934476148412,C_III_1909,1.1945077998945525e+38,1.2562519807929553e+38,4.306988521014669e+37,2.140145602364355e+37,9
B4,2.0,1.4983982705522028e+38,0.007378768683990962,C_III_1909,6.831532910861758e+37,7.715134389375793e+37,4.749118729907571e+37,2.519729586238664e+37,9
B4,3.0,1.2280906683057435e+38,0.006070338188289993,C_III_1909,4.554328631254216e+37,5.491277470818024e+37,4.457532996694843e+37,2.3320962155445643e+37,10
B4,4.0,9.82725350106777e+37,0.004737339528303837,O_III_5007,4.304350858253703e+37,3.2537771585007668e+37,4.32198997130783e+37,2.2514863712591735e+37,10
B4,5.0,8.508194218554087e+37,0.0041367958441391,O_III_5007,3.8894452933377766e+37,2.623442667724963e+37,3.904852843599474e+37,1.9798987072296524e+37,10
B4,10.0,4.379409760301346e+37,0.002511186902028787,O_III_5007,2.0410571830198526e+37,1.465154690771686e+37,2.0429994266067083e+37,8.712556429229528e+36,10
B4,20.0,8.094262305267077e+37,0.0009530337576585239,C_IV_5801,3.741535281887298e+37,6.241922867891337e+37,1.2302681207800813e+37,6.220713165956603e+36,10
B4,30.0,1.4738634131506914e+39,0.009752415177884263,C_III_4647,7.185052877419627e+38,1.3970754875581947e+39,5.892761568010065e+37,1.786030991239593e+37,10
B4,40.0,4.89517876188636e+39,0.04013939843494867,C_III_4647,2.3293397784500792e+39,4.597122466516503e+39,2.6361112064443805e+38,3.444517472541914e+37,5
B4,50.0,8.071219422954773e+39,0.06528329986975229,C_III_4647,3.844948190855868e+39,7.586278364419181e+39,4.4047120717383415e+38,4.446985136175844e+37,5
B4,60.0,1.319186384188409e+40,0.10330968885944028,C_III_4647,6.53941913944031e+39,1.2610748132338207e+40,5.214013450772591e+38,5.971436446862253e+37,5
B4,70.0,5.14848241693399e+39,0.04076541220452579,C_II_4267,2.6669632447794694e+39,4.659158132701631e+39,4.196034283321335e+38,6.972085590022625e+37,6
B4,80.0,6.234490127824509e+39,0.05429120173511436,C_II_4267,3.1610914661395206e+39,5.743469690452958e+39,4.096959964405848e+38,8.132444093096601e+37,5
B4,90.0,6.280072092591993e+39,0.06022381905310007,C_II_4267,2.880740569036222e+39,5.782390343685387e+39,3.977588665503319e+38,9.99228823562718e+37,5
B4,100.0,7.109866791738292e+39,0.06797556966531172,C_II_4267,2.8919058648094916e+39,6.536094841009457e+39,4.486103120559369e+38,1.2516163867289728e+38,5
B4,110.0,1.0161603188094331e+40,0.007850635546231974,C_II_4267,3.9010094535553764e+39,9.416681719347058e+39,5.985881352320622e+38,1.4633333351521184e+38,7
B4,120.0,1.6563223568308549e+40,0.016574970488343752,C_II_4267,5.328834654972216e+39,1.5584239842135384e+40,8.279888055677146e+38,1.50994920605451e+38,6
B4,130.0,1.7624383248662724e+40,0.05444720121208079,C_II_4267,6.413357112910549e+39,1.6338253083797375e+40,1.1377288582223997e+39,1.4840130664294855e+38,5
B4,140.0,4.1944316365173967e+39,0.1117774951153499,C_III_4647,7.795988127388667e+38,3.230310781388899e+39,9.003667843554345e+38,6.3754070773063535e+37,6
B4,150.0,1.9594494989163938e+39,0.04526792724039772,C_II_6580,3.2025768152866673e+38,1.3289699265948434e+39,5.922448255555401e+38,3.823474676601008e+37,7
B5,0.1,1.723756886118915e+37,0.0003804661892215772,O_I_7774,1.69970242636992e+37,2.9957606189924276e+34,1.7207571674901383e+37,3.9580097844070867e+31,10
B5,0.2,1.7246700699119545e+37,0.0003805793638324765,O_I_7774,1.6994910008244525e+37,3.2233227236741507e+34,1.7214424357993362e+37,4.311388944289438e+31,10
B5,0.3,1.7259365880978516e+37,0.0003808053207710566,O_I_7774,1.6992465176030668e+37,3.7106456269825796e+34,1.7222208351562273e+37,5.1073146417838555e+31,10
B5,0.4,1.7277473083280708e+37,0.00038116543212189744,O_I_7774,1.6989556363570075e+37,4.604098632661593e+34,1.7231365788972076e+37,6.630798201671028e+31,10
B5,0.5,1.7304768564497165e+37,0.0003861690630530873,O_I_7774,1.6985928743001692e+37,6.191513048931224e+34,1.7242757803274848e+37,9.563073300379588e+31,10
B5,0.6,1.8193857055085934e+37,0.00039747696039048026,O_I_7774,1.7826051010268338e+37,1.0185279302490936e+35,1.8091819013146345e+37,1.852489146827398e+32,10
B5,0.7,1.8277172336049916e+37,0.0003944726990266384,O_I_7774,1.781986602334008e+37,1.6087343222631795e+35,1.8115951575718598e+37,3.4732810500059235e+32,10
B5,0.8,1.843281544482826e+37,0.00039641822588003375,O_I_7774,1.7808925951925802e+37,2.760201643166842e+35,1.8156007682521685e+37,7.875979898902495e+32,10
B5,0.9,1.8745469929593875e+37,0.00040240698468147753,O_I_7774,1.7787717337407327e+37,5.1271902554117244e+35,1.823052754284081e+37,2.2233612118947148e+33,10
B5,1.0,1.941940141631692e+37,0.0004163882234544559,O_I_7774,1.77428963299681e+37,1.027509001118685e+36,1.8384082490310665e+37,7.809924887565126e+33,10
B5,2.0,1.963940983218988e+37,0.0004291719999541106,O_I_7774,1.7454950331455053e+37,1.2423247832146224e+36,1.8382112473609332e+37,1.4972575365924796e+34,10
B5,3.0,3.5422941239728166e+37,0.0008107698654554849,O_I_7774,1.5705555392723792e+37,1.2194070736951827e+37,2.207325702764441e+37,1.1556134751319337e+36,10
B5,4.0,3.5899098941239658e+37,0.0008213859541837842,O_I_7774,1.5381507677536063e+37,1.1843998979560304e+37,2.2664100173220123e+37,1.3909997884592284e+36,10
B5,5.0,8.55118427431666e+37,0.0019228246222791115,C_III_1909,3.599744096434683e+37,4.39204845779627e+37,3.3593271633263436e+37,7.99808653194049e+36,10
B5,10.0,8.530939780643888e+37,0.002393251977042452,O_III_5007,2.7588690462796946e+37,4.576308306477945e+37,2.8810397239978948e+37,1.0735917501680485e+37,10
B5,20.0,6.702161380066971e+37,0.0023565123315315525,C_III_4647,2.400808975441974e+37,4.550643047333278e+37,1.5387994331089607e+37,6.127188996247297e+36,10
B5,30.0,1.6443752161186695e+38,0.0012191282742114128,C_IV_5801,7.615736361032405e+37,1.3336851548116515e+38,2.1110735277899898e+37,9.958270852801899e+36,10
B5,40.0,2.0727054879445346e+39,0.013061161927468532,C_III_4647,1.1190599366366468e+39,1.9603654772930185e+39,8.548711895209018e+37,2.6852891699426205e+37,10
B5,50.0,8.64342484667255e+39,0.0672304747020974,C_III_4647,4.477421192260063e+39,8.243089409754282e+39,3.472390044012326e+38,5.309643251703561e+37,5
B5,60.0,1.4430745869251e+40,0.1300002878525793,C_III_4647,7.563323857025274e+39,1.392837771076284e+40,4.325740796502138e+38,6.979407883794434e+37,4
B5,70.0,5.250985553624067e+39,0.060452539426034624,C_II_4267,2.5261541682333602e+39,4.761860163692787e+39,4.0745105927767756e+38,8.167433065360174e+37,5
B5,80.0,5.724129885479768e+39,0.0781386767586068,C_II_4267,2.5875908429367133e+39,5.245329050144115e+39,3.863342018337873e+38,9.246663350186785e+37,5
B5,90.0,6.918733496773093e+39,0.11009536578939955,C_II_4267,2.9255826583240044e+39,6.399688350491534e+39,4.115670840978462e+38,1.0747806218371276e+38,5
B5,100.0,7.956594410713447e+39,0.007096981902999694,C_III_5696,3.2645221286138975e+39,7.357841964775925e+39,4.7032975744188585e+38,1.2842268849563666e+38,7
B5,110.0,1.1040338327747664e+40,0.012497897801781507,C_III_5696,4.3364532668954804e+39,1.0269507288007824e+40,6.1728121678192154e+38,1.5354982295792002e+38,7
B5,120.0,1.6481901733788988e+40,0.043727388847569645,C_IV_1549,5.6819e+39,1.5530949852429746e+40,7.869966033791182e+38,1.6395527798012182e+38,7
B5,130.0,1.66441289508574e+40,0.08208912870089308,C_II_4267,5.955586849815666e+39,1.543672871811332e+40,1.0943975950630418e+39,1.1300263768103853e+38,4
B5,140.0,3.516924928895955e+39,0.08373628502104662,C_II_6580,5.929570566810666e+38,2.4974925978861615e+39,9.615435978320857e+38,5.788873317770756e+37,7
B6,0.1,3.5803810754623403e+37,0.00043274864427411355,O_I_7774,3.4848670082184493e+37,5.4786859826038856e+32,3.5803262886019826e+37,5.315904425621524e+24,10
B6,0.2,3.5737250601735147e+37,0.0004440323740786676,O_I_7774,3.474841113991246e+37,4.974273730465206e+32,3.5736753174354574e+37,7.527673191218142e+24,10
B6,0.3,3.5670681695789717e+37,0.0004398420702696832,O_I_7774,3.464684996494866e+37,4.514993918516089e+32,3.567023019638572e+37,1.2144466180372982e+25,10
B6,0.4,3.5604096635217376e+37,0.00043810569639052407,O_I_7774,3.4543928563715186e+37,4.097066601336471e+32,3.560368692853492e+37,2.23220222488107e+25,10
B6,0.5,3.553748719942574e+37,0.00043711662097512276,O_I_7774,3.4439586134732766e+37,3.717238769023865e+32,3.5537115475502097e+37,4.674445707831371e+25,10
B6,0.6,3.5470844333045865e+37,0.0004364957262174763,O_I_7774,3.433375893253707e+37,3.373215238090073e+32,3.547050701141053e+37,1.1152556383144387e+26,10
B6,0.7,3.7672965322722555e+37,0.0004508191853536197,O_I_7774,3.6595984263198764e+37,4.892623411669582e+32,3.767247605997048e+37,4.10906184534818e+26,10
B6,0.8,3.7608520265838123e+37,0.0004472999124967717,O_I_7774,3.649291001726723e+37,4.466174210987158e+32,3.7608073647144196e+37,1.272827159344646e+27,10
B6,0.9,3.754402619657267e+37,0.0004455696717827468,O_I_7774,3.638827482979048e+37,4.162613435125379e+32,3.7543609930734974e+37,4.494182893015084e+27,10
B6,1.0,3.7464874365114307e+37,0.00044406722859547044,O_I_7774,3.6266304960147708e+37,4.1270188647533384e+32,3.746446164879672e+37,1.4431111165890932e+28,10
B6,2.0,3.7809144675993886e+37,0.00045999973196597736,O_I_7774,3.6097311853586363e+37,1.5399674908122536e+32,3.7808990677857404e+37,1.3873974774573624e+27,10
B6,3.0,3.8151323599570024e+37,0.00046260012533929924,O_I_7774,3.5786884908240575e+37,2.2988176392728686e+33,3.8149024143728065e+37,6.382026927162999e+29,10
B6,4.0,3.6561826855458475e+37,0.0004855440720815278,O_I_7774,3.261883367632324e+37,5.395406002905667e+32,3.6561287236462197e+37,7.839599011187159e+28,10
B6,5.0,3.7463767331835085e+37,0.0004942390660281654,O_I_7774,3.276127582558719e+37,5.803235684339889e+34,3.740510441998287e+37,6.305550088156355e+32,10
B6,10.0,3.7935515741015903e+37,0.0006509240384921577,O_I_7774,2.3765796806949085e+37,2.172848663338199e+36,3.5332086309097545e+37,4.305807685801567e+35,10
B6,20.0,1.1830332105068216e+38,0.0019390079599841208,C_III_4647,4.493187757848714e+37,7.781855615710711e+37,2.9889729241305283e+37,1.059503565226976e+37,10
B6,30.0,1.4432795741672035e+38,0.0028395040797240764,C_IV_5801,5.340561532075316e+37,1.1287629083993976e+38,2.2961507244889775e+37,8.49015933189079e+36,10
B6,40.0,2.370154869972687e+38,0.0017134382420580946,C_IV_5801,1.1676094700614001e+38,1.9808075759539315e+38,2.7438871027559713e+37,1.1495858374315812e+37,10
B6,50.0,2.0012290145474444e+39,0.008001347308862197,C_III_4647,8.091120386542421e+38,1.7617058449590906e+39,2.23212454272436e+38,1.6310715315917965e+37,10
B6,60.0,1.1378399936716952e+40,0.05796997985635065,C_III_4647,6.230201959128491e+39,1.0966796894787742e+40,3.424446439009086e+38,6.9158398028302495e+37,6
B6,70.0,4.468065918181788e+39,0.028659773222097354,C_II_4267,1.8811315933283488e+39,4.003214680278122e+39,3.795364707528783e+38,8.531476715078754e+37,7
B6,80.0,5.4135921447614064e+39,0.04321120736044595,C_II_4267,2.1533567717306297e+39,4.917187598343795e+39,3.917432465031624e+38,1.0466129991444924e+38,5
B6,90.0,6.796771646680481e+39,0.06469203750113205,C_III_5696,2.9387799615670107e+39,6.25871641128465e+39,4.201519843964189e+38,1.179032509994123e+38,5
B6,100.0,9.917982481764382e+39,0.00918274808707821,C_III_5696,4.4053880584935845e+39,9.242010448427084e+39,5.353724236742094e+38,1.4059960966308758e+38,7
B6,110.0,1.3596410104590122e+40,0.01860514432351522,C_III_5696,5.481257293597915e+39,1.276781132725043e+40,6.734698084935089e+38,1.5512896884618378e+38,7
B6,120.0,2.0585947116439781e+40,0.04898152029679762,C_III_5696,6.776964288834527e+39,1.9558016291242085e+40,8.780948882572702e+38,1.498359369404281e+38,7
B6,130.0,1.0684328712131908e+40,0.06859080974434464,C_III_5696,3.0482396411874975e+39,9.272470244577934e+39,1.3160460729284858e+39,9.581239462548938e+37,6
B6,140.0,3.1516054815058914e+39,0.06423399394733578,C_II_6580,5.099459171295e+38,2.202760362457123e+39,8.881443178450075e+38,6.070080120376042e+37,7
B7,0.1,7.147254827115383e+37,0.0004983819760279593,O_I_7774,6.598340580946179e+37,2.805895896923257e+31,7.147252021219486e+37,6310421899685516.0,10
B7,0.2,7.126828846499974e+37,0.00049817556976976,O_I_7774,6.566942111820134e+37,2.651597181409055e+31,7.126826194902792e+37,1.839496339009961e+16,10
B7,0.3,7.106269967968709e+37,0.0004979790646629538,O_I_7774,6.535203098903875e+37,2.5055631085998356e+31,7.1062674624056e+37,1.00413249649035e+17,10
B7,0.4,7.085575995321021e+37,0.0004977782904065502,O_I_7774,6.503118567131577e+37,2.367363271538496e+31,7.085573627957749e+37,8.598257764318811e+17,10
B7,0.5,7.061201314173595e+37,0.000497596914711289,O_I_7774,6.466512060282064e+37,2.2275983289861e+31,7.061199086575266e+37,6.134022242289217e+18,10
B7,0.6,7.007736173033059e+37,0.0004975968628673777,O_I_7774,6.395344362222945e+37,2.028042517124033e+31,7.0077341449905415e+37,1.593723563278447e+18,10
B7,0.7,6.953987986758027e+37,0.0004976440210446824,O_I_7774,6.323425822396141e+37,1.8458959253100097e+31,6.953986140862102e+37,4.93637564762367e+17,10
B7,0.8,6.899954144940857e+37,0.0004977212875868188,O_I_7774,6.250748272401628e+37,1.6796821911899872e+31,6.899952465258666e+37,1.82481309501839e+17,10
B7,0.9,6.845632357045577e+37,0.0004978138814032863,O_I_7774,6.177304427397004e+37,1.5280463789467622e+31,6.845630828999198e+37,6.237540698543442e+16,10
B7,1.0,6.791020690690027e+37,0.0004979066787674491,O_I_7774,6.103087984805439e+37,1.3897453199446813e+31,6.791019300944707e+37,3.2673606108791296e+16,10
B7,2.0,7.055462151751981e+37,0.0005059222696169151,O_I_7774,6.308714426177368e+37,1.2923183859735026e+31,7.055460859433595e+37,1.1532877197625976e+18,10
B7,3.0,7.156783737944382e+37,0.0005138719614122769,O_I_7774,6.29367905368926e+37,9.650467299213465e+30,7.156782772897652e+37,7.490372736935287e+19,10
B7,4.0,7.077927656383435e+37,0.0005191938663077039,O_I_7774,6.056796637537481e+37,6.153133765193508e+30,7.077927041070058e+37,1.441404914527439e+21,10
B7,5.0,6.855049681027287e+37,0.00052462692018724,O_I_7774,5.628910925425271e+37,3.524750839193079e+30,6.855049328552201e+37,2.6191202168960373e+22,10
B7,10.0,6.069481985112152e+37,0.0005584326490506421,O_I_7774,4.246555428376585e+37,1.6781974905204674e+31,6.069480306820742e+37,9.391904371513416e+26,10
B7,20.0,5.410076532964118e+37,0.0006936230159584784,O_I_7774,2.676518603178378e+37,2.7673694871804556e+36,5.055915820649848e+37,7.742376359622536e+35,10
B7,30.0,2.0603167622449315e+38,0.0017572257394887654,C_III_4647,7.183937712310729e+37,1.3958413896428844e+38,5.08262582586838e+37,1.562127900152093e+37,10
B7,40.0,3.1438380909572774e+38,0.0031551823381992805,C_IV_5801,1.3853387791930768e+38,2.6090095587267825e+38,3.979958810219388e+37,1.3683265120855559e+37,10
B7,50.0,4.82902361326984e+38,0.0023998027735801326,C_IV_5801,2.666780389230894e+38,4.2623203456873645e+38,4.1196768711312874e+37,1.547355804693475e+37,10
B7,60.0,5.764960111421737e+38,0.0020886945490035903,C_IV_5801,3.2284913718781655e+38,5.22739606744802e+38,3.908091586509362e+37,1.467548853227812e+37,10
B7,70.0,6.084886612897008e+39,0.017139245560841745,C_III_4647,3.743097366801649e+39,5.816073396214045e+39,2.0680472343251438e+38,6.200849325044857e+37,9
B7,80.0,4.300076344834542e+39,0.017703000720474576,C_III_5696,1.846055665952379e+39,3.792332375436691e+39,3.94764091320158e+38,1.1297987807769363e+38,9
B7,90.0,6.281022828498262e+39,0.03509110950311853,C_III_5696,3.0382841603093706e+39,5.679445739727474e+39,4.618471632928253e+38,1.3972992547796406e+38,6
B7,100.0,1.0480114864076033e+40,0.012755320525316766,C_III_5696,5.0093801313825924e+39,9.716444089999094e+39,5.999635511376262e+38,1.6370722293931324e+38,7
B7,110.0,1.6856093591937094e+40,0.025754321446868397,C_III_5696,6.700863321380469e+39,1.592123328851072e+40,7.695342814465842e+38,1.6532602197978874e+38,7
B7,120.0,2.48936484165739e+40,0.06843365501265983,C_III_5696,8.56144762672751e+39,2.3610793259159486e+40,1.1150254699734339e+39,1.6782968744098163e+38,5
B7,130.0,5.0556170956083674e+39,0.05634678556984387,C_II_4267,1.000405956269999e+39,4.1259715989632087e+39,8.421533976433913e+38,8.7492099001768e+37,7
B7,140.0,2.6452802495256418e+39,0.038235625607645436,C_II_6580,4.029562759399999e+38,1.792658342865387e+39,7.883005598731399e+38,6.432134678711481e+37,8
B8,0.1,3.7811161571229546e+38,0.016666114597281272,C_III_1909,2.0964002685781048e+38,2.188360686616945e+38,9.64837371303265e+37,6.27918099202745e+37,9
B8,0.2,3.1248763361821204e+38,0.013831911207467315,C_III_1909,1.42403845325328e+38,1.5200943771619248e+38,9.708914012709302e+37,6.338905577492657e+37,9
B8,0.3,2.9619398969048434e+38,0.013135300714881545,C_III_1909,1.2692720883929918e+38,1.3662109915669718e+38,9.659431561208607e+37,6.297857492170109e+37,9
B8,0.4,2.985235987842409e+38,0.01325125184871703,C_III_1909,1.3105640606695816e+38,1.4070282225287123e+38,9.56469706440309e+37,6.217380588733871e+37,9
B8,0.5,2.9935448287901486e+38,0.01330128703459357,C_III_1909,1.3361927724540575e+38,1.4322919292436545e+38,9.472810867600175e+37,6.139718127864763e+37,9
B8,0.6,3.2907265047010812e+38,0.014617168243146454,C_III_1909,1.6654682783895628e+38,1.758973501162473e+38,9.315294717538057e+37,6.002235317848022e+37,9
B8,0.7,3.282529898287916e+38,0.014595926979204954,C_III_1909,1.6741814355199091e+38,1.767399765769535e+38,9.224870353929405e+37,5.926430971254403e+37,9
B8,0.8,3.2560002169644257e+38,0.014494648713873985,C_III_1909,1.6635334037634399e+38,1.756598964079834e+38,9.13903395687243e+37,5.854978571973488e+37,9
B8,0.9,3.211861091843348e+38,0.014315045266470894,C_III_1909,1.6342179836651348e+38,1.727268350923066e+38,9.057938171660357e+37,5.787989237542464e+37,9
B8,1.0,3.1511936950041316e+38,0.014061872545321919,C_III_1909,1.5873233780954619e+38,1.6804974821351345e+38,8.981552347089087e+37,5.725409781600885e+37,9
B8,2.0,2.0554502443831435e+38,0.009293876760197228,O_III_5007,8.363466413688388e+37,6.937147515300451e+37,8.372395945321351e+37,5.244958983209636e+37,9
B8,3.0,1.6700583657702727e+38,0.007609848057157059,O_III_5007,7.671082186954488e+37,4.324015287221861e+37,7.6771632164467005e+37,4.699405154034165e+37,9
B8,4.0,1.3857095510461154e+38,0.006348987395249499,O_III_5007,7.0074387379884815e+37,2.6555038654654274e+37,7.0110128639448225e+37,4.1905787810509033e+37,9
B8,5.0,1.2306872690918069e+38,0.0056659598544186104,O_III_5007,6.43648095551665e+37,2.1037567929418766e+37,6.439150320648344e+37,3.763965577327849e+37,9
B8,10.0,8.776425743011113e+37,0.004096625795403911,O_III_5007,4.46389464864704e+37,1.9340509279635296e+37,4.464787201283766e+37,2.3775876137638186e+37,10
B8,20.0,8.359773171077983e+37,0.0009466004542323376,O_III_5007,2.6767342097478345e+37,4.165066872506823e+37,2.678394113167219e+37,1.516312185403942e+37,10
B8,30.0,7.881264653392452e+38,0.0037927707334671793,C_III_4647,4.62497971468818e+38,7.23531445232924e+38,4.641381913545696e+37,1.8181200970864131e+37,10
B8,40.0,2.993867356749907e+39,0.01689784797381241,C_III_4647,1.5012049449716353e+39,2.776013310726212e+39,1.759685894829919e+38,4.1885456540702937e+37,8
B8,50.0,5.897628441731906e+39,0.037435003394433786,C_III_4647,3.0291820845654346e+39,5.523971000879237e+39,3.14446271854684e+38,5.921116899798452e+37,5
B8,60.0,1.0421986976799768e+40,0.07141703783853315,C_III_4647,5.555923354660597e+39,9.99111306610117e+39,3.568651901732793e+38,7.400872052531786e+37,5
B8,70.0,4.894605941633235e+39,0.037448091831933025,C_II_4267,2.1643442397684177e+39,4.4167987982256426e+39,3.807032126979802e+38,9.710393070961164e+37,6
B8,80.0,6.114121810569632e+39,0.04798305185114158,C_II_4267,2.4904595469783508e+39,5.56294330527847e+39,4.2827440511228115e+38,1.2290410017888118e+38,6
B8,90.0,8.424968793886495e+39,0.13169547781191318,C_II_4267,2.818364370406842e+39,7.693315072062849e+39,5.70311638815799e+38,1.6134208300784601e+38,5
B8,100.0,1.6147633691322102e+40,0.0265510457518433,C_IV_1549,5.5497e+39,1.5113523137749103e+40,8.636351196557935e+38,1.704754339172027e+38,7
B8,110.0,1.7219089735791379e+40,0.06394042363607248,C_II_4267,6.914338481436363e+39,1.578798825931189e+40,1.3060829503011257e+39,1.2501852617836374e+38,4
B8,120.0,3.217705788205034e+39,0.07032192182448505,C_III_5696,6.6549988746659994e+38,2.0779962350947822e+39,1.0816922786885648e+39,5.80172744216876e+37,7
B8,130.0,1.0783648959825168e+39,0.03880796717718493,C_III_5696,1.7048896479607502e+38,7.031621959359132e+38,3.449923613961906e+38,3.0210338650413064e+37,10
B8,140.0,2.0519336513711557e+36,2.029599144244659e-05,C_II_4267,5.061358382704746e+35,1.024187402634619e+36,1.0252408726940626e+36,2.5053760424739865e+33,10
B8,150.0,1.7609827562704172e+36,3.199440227469249e-05,C_II_4267,4.3386393666272494e+35,8.778834234101884e+35,8.808605312086954e+35,2.2388016515336086e+33,10
B9,0.1,4.883440663465236e+37,0.001074686823420582,C_III_1909,3.168571997867075e+37,3.199517934499116e+37,1.6451188185817132e+37,3.880391038440608e+35,10
B9,0.2,4.629264424044075e+37,0.00101837702153898,C_III_1909,2.9276390251023877e+37,2.956647325522583e+37,1.6376207282063394e+37,3.4996370315152745e+35,10
B9,0.3,4.433978054772345e+37,0.0009750529916688088,C_III_1909,2.7381822680307307e+37,2.765709785708761e+37,1.6349783753240895e+37,3.328989373949367e+35,10
B9,0.4,4.291287801856282e+37,0.0009433182248404932,C_III_1909,2.594713513317913e+37,2.6211816880634252e+37,1.636704770915685e+37,3.340134287717223e+35,10
B9,0.5,4.0284334700428625e+37,0.0008852313094626832,C_III_1909,2.3516350797220515e+37,2.3759761192762327e+37,1.6245837331695781e+37,2.7873617597051782e+35,10
B9,0.6,3.9732325810926875e+37,0.0008727095610588139,C_III_1909,2.2848316742339763e+37,2.3088312387280447e+37,1.6335176137331177e+37,3.0883728631524233e+35,10
B9,0.7,3.980445832455723e+37,0.0008738924330570199,C_III_1909,2.2717791555169976e+37,2.2959960569218763e+37,1.6483447103150692e+37,3.610506521877719e+35,10
B9,0.8,4.0743470858099013e+37,0.0008940848680766969,C_III_1909,2.332678850483815e+37,2.357916101831298e+37,1.671883307124731e+37,4.454767685387209e+35,10
B9,0.9,4.298571540412073e+37,0.0009428204402099792,C_III_1909,2.5039067691044864e+37,2.53140440989542e+37,1.7091290243591685e+37,5.803810615748447e+35,10
B9,1.0,4.731383481618945e+37,0.001037192010879583,C_III_1909,2.850707677035302e+37,2.88249352339381e+37,1.76897689862066e+37,7.991305960447533e+35,10
B9,2.0,2.1346257645508512e+38,0.004635970421059054,C_III_1909,1.640626787097075e+38,1.662885684590725e+38,3.7624608950229457e+37,9.549399045783151e+36,9
B9,3.0,2.5537358003633836e+38,0.005506722029137844,C_III_1909,1.942224692812264e+38,1.9745850451512964e+38,4.468747889875378e+37,1.3227596622454946e+37,9
B9,4.0,6.253446070797343e+38,0.012892590865161256,C_III_1909,4.778175093255623e+38,4.891387128093008e+38,9.09761564443943e+37,4.522973782603913e+37,9
B9,5.0,5.663749886472944e+38,0.011626745768777962,C_III_1909,4.1769720311654494e+38,4.305024127226171e+38,9.044760128228466e+37,4.542497464239252e+37,9
B9,10.0,2.1655435042193332e+38,0.004553097857195074,O_III_5007,8.042864938591398e+37,9.217751161856678e+37,8.103579128956376e+37,4.3341047513802805e+37,10
B9,20.0,8.61741089156206e+37,0.002260796960369984,O_III_5007,3.2046064891437994e+37,4.059276806482137e+37,3.2075989258509305e+37,1.3505351592289926e+37,10
B9,30.0,1.1304354308769298e+38,0.0010968373399646177,C_IV_5801,3.2188734343401343e+37,6.715439437883263e+37,3.046544067859213e+37,1.5423708030268242e+37,10
B9,40.0,1.1623377919601045e+39,0.0012394731684579128,C_III_4647,6.503506417720876e+38,1.022509983496371e+39,1.1658129650715576e+38,2.3246511956577755e+37,10
B9,50.0,4.310849353780784e+39,0.018391546606891747,C_III_4647,2.3789561537852868e+39,4.0347681944835864e+39,2.1801765270702144e+38,5.8063506590176685e+37,8
B9,60.0,9.625370324647668e+39,0.05067494634757919,C_III_4647,5.578401346349648e+39,9.198244405253557e+39,3.4027652260570563e+38,8.684939678840603e+37,5
B9,70.0,4.087981358448449e+39,0.028089059486295247,C_II_4267,1.5351942086849203e+39,3.618179098698527e+39,3.6505436337216765e+38,1.0474789637775364e+38,7
B9,80.0,6.164024250588203e+39,0.050786386332098636,C_II_4267,2.2943973992872197e+39,5.584260188115633e+39,4.4584552521283264e+38,1.3391853725973703e+38,5
B9,90.0,9.114434074969193e+39,0.09205093984643538,C_III_5696,3.35467219122697e+39,8.347404295420656e+39,6.001687706392194e+38,1.6686100890931642e+38,5
B9,100.0,1.8787834676125385e+40,0.03945168295933624,C_IV_1549,6.550099999999999e+39,1.770003328485343e+40,9.110878160890163e+38,1.767135751829379e+38,7
B9,110.0,2.087656606216904e+40,0.09890980112425339,C_II_4267,8.621185016673333e+39,1.923631711221949e+40,1.5084844041779036e+39,1.3176454577164812e+38,5
B9,120.0,3.173514224409829e+39,0.04773841848238804,C_III_5696,6.390552225115334e+38,2.0360544811609028e+39,1.0738155172281033e+39,6.36442260208227e+37,8
B9,130.0,1.1046670331275382e+39,0.02518223707333057,C_III_5696,1.7307831382760002e+38,7.161252124064186e+38,3.5077494894643154e+38,3.776687177468795e+37,10
B9,140.0,3.3977067671606876e+36,0.00010305600089464366,C_II_4267,6.188895549769331e+35,1.611006588881402e+36,1.698396249573539e+36,8.830392870574588e+34,10
C1,0.1,4.6589297891510426e+39,0.13625403859517357,C_IV_1549,3.3723e+39,4.6507727556969257e+39,2.6162544910879734e+36,5.540778963028348e+36,3
C1,0.2,3.9851114722874673e+40,0.4697923533707619,C_III_1909,3.57050161186392e+40,3.9824869551946473e+40,9.136713855304709e+36,1.7108457072894747e+37,1
C1,0.3,4.684685796733521e+40,0.7970637208280925,C_III_1909,4.2924368791975004e+40,4.6820027766211625e+40,1.67280553590104e+37,1.0102145764578257e+37,1
C1,0.4,2.5967190103318173e+40,0.9829842527547371,C_III_1909,2.432459324825144e+40,2.595043660360159e+40,1.47159906487491e+37,2.037509067829957e+36,1
C1,0.5,2.1600074198369303e+40,0.9789274773242108,C_III_1909,2.1489381497615843e+40,2.1578510477526684e+40,2.1555510817654717e+37,8.210024961220578e+33,1
C1,0.6,1.5173662434496287e+40,0.9728634642490233,C_III_1909,1.5068372194163633e+40,1.5147907838605438e+40,2.575016761909202e+37,4.428271756251817e+33,1
C1,0.7,6.468230098177674e+39,0.9381585226913212,C_III_1909,6.387401346048058e+39,6.437355634356354e+39,3.08711172960965e+37,3.346525224305744e+33,1
C1,0.8,2.0260720988156013e+39,0.8053325901619455,C_III_1909,1.9610251289255992e+39,1.9851513282304235e+39,4.091859025999435e+37,2.180325183369138e+33,1
C1,0.9,9.641151321947744e+38,0.5955124480388182,C_III_1909,8.930183921881114e+38,9.087859693852226e+38,5.532804426044221e+37,1.1185491096264027e+33,1
C1,1.0,6.092653412618391e+39,0.8208010721894142,C_III_1909,5.92916915783297e+39,5.993885153273083e+39,9.876677876844071e+37,1.480576868178859e+33,1
C1,2.0,6.652593249986102e+39,0.7332900228658015,C_III_1909,6.340187792740959e+39,6.410762812508418e+39,2.4183043058416295e+38,6.893520146442269e+30,1
C1,3.0,7.277099904652089e+39,0.6971346472236905,C_III_1909,6.834902384843732e+39,6.911582759874594e+39,3.654880775357585e+38,2.906724173689672e+34,1
C1,4.0,6.899189833132017e+40,0.9427612367831196,C_III_1909,6.625791445991e+40,6.804186834990514e+40,4.909114154769899e+38,4.591185659380426e+38,1
C1,5.0,1.0845407023339557e+40,0.7141236118472587,C_III_1909,1.0138655808101053e+40,1.0248247064643138e+40,5.971599232789327e+38,3.5417485845001137e+31,1
C1,6.0,1.3006237092418896e+40,0.7590439292643816,C_III_1909,1.2320545668649757e+40,1.2448645435431553e+40,5.575916302589667e+38,2.672837186402934e+31,1
C1,7.0,9.61619361909095e+40,0.9411451564218883,C_III_1909,5.507283337167804e+40,9.421244115073776e+40,9.177746523400618e+38,1.0317203878316705e+39,1
C1,8.0,2.371044600969984e+40,0.7223128617042611,C_III_1909,1.0938669184188209e+40,2.0957605860076302e+40,1.2644384094600758e+39,1.488401740163465e+39,1
C1,9.0,2.0414967054456833e+40,0.6296138855686222,C_III_1909,1.8559211861796821e+40,1.878842522819585e+40,1.6265418108529578e+39,1.54080246757619e+31,1
C1,10.0,1.4425860892630147e+41,0.9245749043839732,C_III_1909,1.2670911108045789e+41,1.4042470391595098e+41,1.82733053020147e+39,2.006574480149028e+39,1
C1,20.0,1.214518715198749e+41,0.9413505124143733,C_III_1909,1.0798618284459e+41,1.1260114169858535e+41,5.0957365782597956e+39,3.754993243029768e+39,1
C1,30.0,9.287143769569798e+39,0.8775858728704983,C_III_1909,3.973144340248506e+39,6.445609896226703e+39,2.2008065541386312e+39,6.407273192044634e+38,1
C1,40.0,2.9004529680804514e+39,0.8933175798702833,C_II_4267,7.25154072654165e+38,1.5425382078818035e+39,1.1608507813598938e+39,1.9706397883875436e+38,1
C1,50.0,7.402736874567142e+38,0.8932355265386885,O_III_5007,1.7999559026955e+38,2.7556146337436813e+38,4.206608660443966e+38,4.405135803794944e+37,1
C1,60.0,4.333209078181797e+38,0.9524230092417195,O_I_7774,1.2361549649592776e+38,1.5311314391567871e+38,2.614430368794936e+38,1.8764727023007413e+37,1
C1,70.0,2.288982512456025e+38,0.971121638506319,O_I_7774,8.502489918106699e+37,6.346578327117383e+37,1.5956593741067407e+38,5.866530563754626e+36,1
C1,80.0,1.3586644570214996e+38,0.9805735091222874,O_I_7774,5.902678036780633e+37,2.7020222329845434e+37,1.071169763884382e+38,1.7292469838663444e+36,1
C10,0.1,5.191499315733777e+42,0.9441550418391023,C_III_1909,5.1179947607453644e+42,5.1763275734559093e+42,5.287265466380763e+39,9.884476811486597e+39,1
C10,0.2,5.1544789287201505e+42,0.9480861347567138,C_III_1909,5.0936798860752603e+42,5.139557328463462e+42,5.213970029478959e+39,9.707630227209174e+39,1
C10,0.3,5.113191791278308e+42,0.9521625612529657,C_III_1909,5.0624449944549916e+42,5.098520532866451e+42,5.1402053311998205e+39,9.53105308065674e+39,1
C10,0.4,5.067472927685204e+42,0.9558143041564704,C_III_1909,5.024557320242821e+42,5.0530519984938307e+42,5.0660228575625394e+39,9.354906333809934e+39,1
C10,0.5,5.023333363784823e+42,0.9592321982374464,C_III_1909,4.986480082194887e+42,5.0091582426709684e+42,4.992942042049754e+39,9.182179071804498e+39,1
C10,0.6,5.11047891036445e+42,0.9625900907466532,C_III_1909,5.075848577912977e+42,5.0964535899030625e+42,4.952602245380957e+39,9.072718216006456e+39,1
C10,0.7,5.180541430831758e+42,0.9655196478114049,C_III_1909,5.147857449577037e+42,5.1666676156437303e+42,4.9120529490265015e+39,8.961762239001944e+39,1
C10,0.8,5.550012556457837e+42,0.9627952284045929,C_III_1909,5.517501006627926e+42,5.534945807995444e+42,5.317565818826708e+39,9.749182643565706e+39,1
C10,0.9,5.606369541933975e+42,0.9655350054840229,C_III_1909,5.575424339054147e+42,5.591463979319095e+42,5.2739763418651574e+39,9.631586273014859e+39,1
C10,1.0,5.647780451957058e+42,0.967954913097571,C_III_1909,5.618218743075053e+42,5.63303688831345e+42,5.230430879625877e+39,9.513132763981451e+39,1
C10,2.0,4.959634215764136e+42,0.979172674187047,C_III_1909,4.9372864991360006e+42,4.9464692936163774e+42,4.842807623595895e+39,8.32211452416273e+39,1
C10,3.0,4.316811372415379e+42,0.9856343719078549,C_III_1909,4.2994064216860004e+42,4.305659165329639e+42,4.4680802644350234e+39,6.68412682130619e+39,1
C10,4.0,3.988053671139311e+42,0.989795745888133,C_III_1909,3.974161095363267e+42,3.979281241684719e+42,4.121526774687465e+39,4.650902679904756e+39,1
C10,5.0,4.205836995536655e+42,0.9885597904860621,C_III_1909,4.185733839921846e+42,4.195604780401953e+42,4.362741225853822e+39,5.869473908848808e+39,1
C10,6.0,4.5257476588698494e+42,0.9774070946386425,C_III_1909,4.477515164775003e+42,4.5129598794501013e+42,4.729111397442316e+39,8.058668022306859e+39,1
C10,7.0,3.671256479620761e+42,0.9387195402333833,C_III_1909,3.5263293913523214e+42,3.6575250451054096e+42,4.916965188564081e+39,8.81446932678722e+39,1
C10,8.0,2.625519848192522e+42,0.9661444762437911,C_III_1909,2.2371385059687262e+42,2.6101643723950132e+42,5.386830496602103e+39,9.968645300907068e+39,1
C10,9.0,2.0671178707601186e+42,0.9332261597393562,C_III_1909,1.4657176810540294e+42,2.0509526801655796e+42,5.623899345780046e+39,1.0541291248759692e+40,1
C10,10.0,1.5011923641903633e+42,0.8987040828195232,C_IV_1549,8.013699999999999e+41,1.4848805187665637e+42,5.670877044949626e+39,1.0640968378850061e+40,1
C10,20.0,1.231757595326002e+40,0.7220976005220449,Ne_III_3869,5.535138808723371e+39,3.1835811921022715e+39,3.598855952434381e+39,5.535138808723371e+39,1
C10,30.0,1.5979707867533365e+41,0.8911161133085327,C_III_1909,7.414762082794145e+40,1.32969700760117e+41,1.3897407062836854e+40,1.2929970852379797e+40,1
C10,40.0,5.552088856096051e+39,0.6976735098753775,O_III_5007,1.8912774632908707e+39,2.840461965600521e+39,2.0065459042859857e+39,7.050809862095442e+38,2
C10,50.0,9.097789966997267e+38,0.7316162390142092,O_III_5007,2.129915203098e+38,3.852032507815369e+38,3.6884701430608545e+38,1.557287316121043e+38,2
C10,60.0,5.960695834416623e+38,0.9104022160635462,O_III_5007,1.9298940038725e+38,2.761661064759168e+38,2.563462096917931e+38,6.355726727395233e+37,1
C10,70.0,4.116324709491656e+38,0.953747571976078,O_III_5007,1.7298940038725002e+38,1.801229844480147e+38,2.014255831076104e+38,3.0083903393540607e+37,1
C10,80.0,2.5676705282879287e+38,0.9551995441146437,O_III_5007,1.0415333682322382e+38,1.2105893735227638e+38,1.2231211942557154e+38,1.339599605094491e+37,1
C10,90.0,1.619052070212995e+38,0.9839509964209109,O_III_5007,5.942012591156422e+37,8.413822208722184e+37,7.16298343425198e+37,6.137150591557871e+36,1
C10,100.0,1.0304740725051356e+38,0.9879493964661411,C_II_4267,3.6760276264314216e+37,5.661801350796377e+37,4.346643666246653e+37,2.962957080083245e+36,1
C10,110.0,6.281452175645343e+37,0.9923226320594573,C_II_4267,2.272064583165677e+37,3.635703470506573e+37,2.5087863875915037e+37,1.3696231754726533e+36,1
C11,0.1,4.6294739943756284e+42,0.9430638649547167,C_IV_1549,4.1963e+42,4.609419408389532e+42,6.688783385612271e+39,1.3365802600484238e+40,1
C11,0.2,4.5916798745337704e+42,0.9466939423749752,C_IV_1549,4.1340999999999996e+42,4.5718186435140484e+42,6.635780488953128e+39,1.3225450530768494e+40,1
C11,0.3,4.7310214436332584e+42,0.9513679482704028,C_IV_1549,4.2472000000000004e+42,4.711354620605176e+42,6.582355525909661e+39,1.3084467502172826e+40,1
C11,0.4,4.704439350435031e+42,0.9537373073818242,C_IV_1549,4.1928e+42,4.684967977577642e+42,6.528509354347417e+39,1.294286350304213e+40,1
C11,0.5,4.8983409343702054e+42,0.9376235566993056,C_IV_1549,4.4546999999999997e+42,4.8743353563221845e+42,7.990555991054115e+39,1.6015022056966289e+40,1
C11,0.6,4.976503285948095e+42,0.9401246629856392,C_IV_1549,4.5045e+42,4.952635367813886e+42,7.953995927810276e+39,1.591392220639927e+40,1
C11,0.7,4.79775812543704e+42,0.9394897462999724,C_IV_1549,4.2954e+42,4.774028695647944e+42,7.917146948261696e+39,1.5812282840834125e+40,1
C11,0.8,4.621614599850615e+42,0.9386819777339191,C_IV_1549,4.0857999999999997e+42,4.5980244862070596e+42,7.880008828468609e+39,1.5710104815086934e+40,1
C11,0.9,4.509151545771903e+42,0.9385023696792256,C_IV_1549,3.9367e+42,4.4857015755278137e+42,7.84258136214518e+39,1.5607388881944274e+40,1
C11,1.0,4.419071193770083e+42,0.9384876289341337,C_IV_1549,3.8067e+42,4.39576138156193e+42,7.805091474536424e+39,1.550472073361654e+40,1
C11,2.0,3.403566628528492e+42,0.9312051650597833,C_IV_1549,2.18447e+42,3.3815075587806e+42,7.469202208238628e+39,1.4589867539653088e+40,1
C11,3.0,3.207816555474097e+42,0.9086952775177739,C_III_1909,1.9923876113095305e+42,3.1828429981163795e+42,8.492716078101681e+39,1.6480841279615725e+40,1
C11,4.0,3.9775156337356585e+42,0.9396474194204495,C_III_1909,3.477381157563506e+42,3.9540290299490275e+42,8.087143892952353e+39,1.5399459893678834e+40,1
C11,5.0,5.808081132178423e+42,0.955328348087674,C_III_1909,5.5439794965025644e+42,5.782274019673801e+42,8.940785199661174e+39,1.6866327304961403e+40,1
C11,6.0,8.303208109944357e+42,0.9763782667362353,C_III_1909,8.18582283485633e+42,8.279013655790476e+42,8.505773978158957e+39,1.5688680175721538e+40,1
C11,7.0,8.938207399884779e+42,0.9820023227176888,C_III_1909,8.858859197337961e+42,8.91552567807948e+42,8.102787198236281e+39,1.4578934607063026e+40,1
C11,8.0,9.945958833454683e+42,0.9848901865092264,C_III_1909,9.865226671263565e+42,9.921068999680662e+42,8.921366262179255e+39,1.5968467511842218e+40,1
C11,9.0,9.652587170072255e+42,0.9852818267584009,C_III_1909,9.56772107533135e+42,9.628244068269558e+42,8.777525369210059e+39,1.5565576433485665e+40,1
C11,10.0,9.285441482628472e+42,0.9837261733806503,C_III_1909,9.181643690835547e+42,9.260954306571756e+42,8.817542178353975e+39,1.5669633878363915e+40,1
C11,20.0,1.0244917374759766e+42,0.8469352724226868,C_IV_1549,8.0912e+41,1.0002995194927826e+42,8.867830678047948e+39,1.5324387305146102e+40,1
C11,30.0,1.4560810144093374e+40,0.7202811591777382,Ne_III_3869,6.468762139750337e+39,3.323187783362031e+39,4.7688602209810036e+39,6.468762139750337e+39,1
C11,40.0,2.312354937681135e+41,0.8323304089870671,C_III_1909,1.3422716265249984e+41,1.921744433801546e+41,1.946945594877418e+40,1.959159443918475e+40,1
C11,50.0,5.066968634287621e+39,0.339351969922275,C_III_1909,7.317566424335999e+38,2.6115098117008886e+39,1.7237021801531326e+39,7.317566424335999e+38,2
C11,60.0,1.3127003151443897e+39,0.23686563514030817,Ne_III_3869,1.96990107416e+38,5.247398854803897e+38,5.9097032224799994e+38,1.96990107416e+38,2
C11,70.0,8.428428439883111e+38,0.4021961320687971,O_I_7774,1.729920859328e+38,3.52522248571551e+38,3.919661655685841e+38,9.835442984817572e+37,2
C11,80.0,6.267378644701293e+38,0.7726664379319871,C_II_4267,1.4899010741600001e+38,2.6561846355880522e+38,3.207410630005838e+38,4.037833791074042e+37,2
C11,90.0,4.7303324127819405e+38,0.8546254467956711,C_II_4267,1.2800197851680001e+38,2.0527435446813486e+38,2.4673700266281955e+38,2.1021884147239656e+37,1
C11,100.0,3.3751537894846427e+38,0.9195750401547924,C_II_4267,1.0599340494400002e+38,1.5880762585259819e+38,1.6770448458042823e+38,1.1003268515437883e+37,1
C11,110.0,2.4417693860649617e+38,0.902537829246466,C_II_4267,8.819380064735999e+37,1.2524493392158485e+38,1.1303035675817159e+38,5.901647926739694e+36,1
C12,0.1,1.1765850574320116e+40,0.023084470333407103,Ne_III_3869,6.60080114364697e+39,1.5583256367154384e+39,3.606723793957704e+39,6.60080114364697e+39,6
C12,0.2,1.214036629471308e+40,0.0172454622180972,Ne_III_3869,6.696070118733774e+39,1.7873916871775023e+39,3.656904488801806e+39,6.696070118733774e+39,6
C12,0.3,1.190542153642821e+40,0.015858850473279406,Ne_III_3869,6.65304717329839e+39,1.612206737482202e+39,3.640167625647619e+39,6.65304717329839e+39,6
C12,0.4,1.183736416034884e+40,0.014840715885684584,Ne_III_3869,6.609783145255612e+39,1.6042645268840756e+39,3.6233164882091527e+39,6.609783145255612e+39,6
C12,0.5,1.1790641820556385e+40,0.013963730569365855,Ne_III_3869,6.566316530512589e+39,1.6179730303479244e+39,3.6063522596958727e+39,6.566316530512589e+39,6
C12,0.6,1.289607725715288e+40,0.008981939926618613,Ne_III_3869,6.678788312926983e+39,2.5530957676065713e+39,3.664193176619326e+39,6.678788312926983e+39,6
C12,0.7,1.3185450887123245e+40,0.00904097128704263,Ne_III_3869,6.676622834448563e+39,2.841636737550042e+39,3.6671913151246384e+39,6.676622834448563e+39,6
C12,0.8,1.2310386553964787e+40,0.016353020401932847,Ne_III_3869,6.57842489273503e+39,2.107135852428437e+39,3.624825808801322e+39,6.57842489273503e+39,6
C12,0.9,1.3011090393826594e+40,0.01529063380904628,Ne_III_3869,6.628615840744814e+39,2.72877624294652e+39,3.6536983101352576e+39,6.628615840744814e+39,6
C12,1.0,1.3579077854213244e+40,0.013638401011914552,Ne_III_3869,6.651796680765834e+39,3.2577414649015986e+39,3.6695397085458115e+39,6.651796680765834e+39,6
C12,2.0,3.865939516473066e+41,0.2311680829852161,C_IV_1549,1.91152e+41,3.756521793777855e+41,3.9166047835920327e+39,7.02516748592903e+39,4
C12,3.0,5.307425531355932e+41,0.2877723355178731,C_III_1909,4.013928050987999e+41,5.20214257050478e+41,3.849951488762853e+39,6.678344596352255e+39,2
C12,4.0,5.634816180280121e+41,0.48269752582923336,C_III_1909,4.307470021245e+41,5.532517314975533e+41,3.8033775229553446e+39,6.426509007503421e+39,1
C12,5.0,5.851398585717272e+41,0.5524571032438875,C_III_1909,4.4908876872035005e+41,5.75544073011757e+41,3.637894514120598e+39,5.95789104584949e+39,1
C12,6.0,5.663458084117598e+41,0.5928570369050024,C_III_1909,4.395565953261e+41,5.574394671594965e+41,3.488678468598071e+39,5.4176627836651224e+39,1
C12,7.0,5.194653150417824e+41,0.781063388542718,C_III_1909,4.0689836192195e+41,5.1092461046946385e+41,3.4103036759144473e+39,5.130400896404091e+39,1
C12,8.0,4.805737981966471e+41,0.8525156070009839,C_III_1909,3.7399356532115e+41,4.725470866967931e+41,3.312641664759503e+39,4.714069835094478e+39,1
C12,9.0,4.634996177598291e+41,0.932781592854104,C_III_1909,3.6149356532115e+41,4.55287080276947e+41,3.4603805143464204e+39,4.7521569685357195e+39,1
C12,10.0,3.8013629239590345e+41,0.9484819592019306,C_III_1909,2.6604416489625e+41,3.708694669050436e+41,4.069968700404903e+39,5.196856790455028e+39,1
C12,20.0,1.2009363603395317e+40,0.9451702861119987,C_IV_1549,4.2625e+39,6.479803214192257e+39,3.7265197392936664e+39,1.803040649909392e+39,1
C12,30.0,1.2721004903937072e+39,0.9579938904466547,O_III_5007,4.1462649893775e+38,5.625480463412584e+38,5.3702031396971745e+38,1.7253213008273128e+38,1
C12,40.0,4.9866080974081475e+38,0.9871280426009383,O_III_5007,2.633719351071618e+38,1.635822325744828e+38,2.8509503983393645e+38,4.998353733239556e+37,1
C12,50.0,2.348340937362006e+38,0.9941963946906621,O_III_5007,1.261484461679761e+38,8.171372437868836e+37,1.3459127451416226e+38,1.8529094843349987e+37,1
C12,60.0,1.2260155268393737e+38,0.9969460084915612,O_III_5007,6.0041427893718855e+37,5.099853714021189e+37,6.475063113294336e+37,6.852384410782141e+36,1
C12,70.0,6.6671751147323405e+37,0.9979568863369617,O_III_5007,3.0003765563070335e+37,3.0602577305553847e+37,3.3381294280384106e+37,2.687879561385449e+36,1
C12,80.0,3.766309045977434e+37,0.9988117256491582,O_III_5007,1.5699885505904067e+37,1.875160080140743e+37,1.7790517912543255e+37,1.1209717458236539e+36,1
C12,90.0,2.052693749200955e+37,0.9991100857606772,O_III_5007,7.955957118601048e+36,1.096748851391848e+37,9.118960916183335e+36,4.404880619077358e+35,1
C12,100.0,1.1108412279806338e+37,0.9994732399320762,O_III_5007,4.184800755065201e+36,6.129958609598751e+36,4.800211469648263e+36,1.7824220055932338e+35,1
C13,0.1,2.576699906879944e+40,0.07475554027826753,Ne_III_3869,1.1206783561980397e+40,8.43447191015982e+39,6.125743596659227e+39,1.1206783561980397e+40,6
C13,0.2,2.5318390661120395e+40,0.07327220949349866,Ne_III_3869,1.1169789199950764e+40,8.0371356872443e+39,6.11146577392533e+39,1.1169789199950764e+40,6
C13,0.3,2.4559484291675063e+40,0.07097312757476412,Ne_III_3869,1.113284876371219e+40,7.329487758932859e+39,6.097147769030015e+39,1.113284876371219e+40,6
C13,0.4,2.4629020733964928e+40,0.06949000200972665,Ne_III_3869,1.1452424199300668e+40,6.917409960749189e+39,6.259186573915072e+39,1.1452424199300668e+40,6
C13,0.5,2.299899565897157e+40,0.06498196302458085,Ne_III_3869,1.1413676376589974e+40,5.341229976994512e+39,6.244089305387089e+39,1.1413676376589974e+40,6
C13,0.6,2.174954756505411e+40,0.061479735437601477,Ne_III_3869,1.137476598532229e+40,4.145832504191989e+39,6.22894907553983e+39,1.137476598532229e+40,6
C13,0.7,2.0403412344662694e+40,0.05772325065960999,Ne_III_3869,1.1335872267094066e+40,2.853753737465677e+39,6.213786340102952e+39,1.1335872267094066e+40,6
C13,0.8,2.083482281588306e+40,0.05915653897575324,Ne_III_3869,1.1275916281168916e+40,3.36926240221609e+39,6.189644132498054e+39,1.1275916281168916e+40,5
C13,0.9,2.1069151451844186e+40,0.06011755438447845,Ne_III_3869,1.1214703189673076e+40,3.689551027650648e+39,6.16489723452046e+39,1.1214703189673076e+40,5
C13,1.0,2.0865921609566383e+40,0.05992459607536357,Ne_III_3869,1.1153569052030102e+40,3.5722576103713274e+39,6.140094947164956e+39,1.1153569052030102e+40,5
C13,2.0,1.994448627744744e+40,0.06073117090326867,Ne_III_3869,1.1122422845852623e+40,2.6346794197489394e+39,6.187384011845874e+39,1.1122422845852623e+40,5
C13,3.0,1.985421245848589e+40,0.07532284318667702,Ne_III_3869,1.0884638157744622e+40,2.8261651289238347e+39,6.143409171817433e+39,1.0884638157744622e+40,5
C13,4.0,1.8244426692771906e+40,0.08831265045927056,Ne_III_3869,1.0041197168064535e+40,2.4155131687339202e+39,5.787716355973449e+39,1.0041197168064535e+40,4
C13,5.0,2.226170074171432e+40,0.05137116849271278,Ne_III_3869,9.512030005883415e+39,7.159934987760125e+39,5.58973574807077e+39,9.512030005883415e+39,5
C13,6.0,2.9737624560773176e+40,0.06257510040759841,C_III_1909,1.5661238621353857e+40,1.599027492947257e+40,5.166568968402014e+39,8.580780662898592e+39,5
C13,7.0,5.122636243097236e+41,0.5267868762176298,C_IV_1549,4.6542e+41,4.9965012677209095e+41,4.8212326297618644e+39,7.792264907870816e+39,1
C13,8.0,3.856496937146936e+41,0.4654762375189761,C_IV_1549,2.09331e+41,3.734766888087517e+41,4.728819269093671e+39,7.444185636848301e+39,2
C13,9.0,4.199282997423822e+41,0.6475287591475675,C_III_1909,2.1229511231635115e+41,4.086163375412341e+41,4.467953806777686e+39,6.844008394370387e+39,1
C13,10.0,5.993092203910462e+41,0.8193750698583295,C_III_1909,4.620360166048475e+41,5.885335554858301e+41,4.392006807891422e+39,6.383658097324661e+39,1
C13,20.0,4.1935163439015766e+40,0.9266390972218321,C_III_1909,2.066459579464e+40,2.816529510656706e+40,8.101229159032079e+39,5.668639173416627e+39,1
C13,30.0,1.1827695490318416e+39,0.9301336176332377,O_III_5007,4.066459579464001e+38,5.155168085352627e+38,4.930953783558787e+38,1.741573621406999e+38,1
C13,40.0,5.179606068477313e+38,0.9782991059046139,O_III_5007,2.6445077498230107e+38,1.792034729220157e+38,2.8990450768578183e+38,4.885262623993376e+37,1
C13,50.0,2.4898431569425342e+38,0.9899609462653103,O_III_5007,1.2695435777203226e+38,9.468548662132221e+37,1.3657517882934532e+38,1.7723650243585915e+37,1
C13,60.0,1.3567590697745426e+38,0.9941528047076033,O_III_5007,6.401902277308767e+37,5.871409456582826e+37,6.996298695416994e+37,6.998825457456044e+36,1
C13,70.0,7.432589916824344e+37,0.9783706701886223,O_III_5007,3.205686691420357e+37,3.6204877948093893e+37,3.539241220392248e+37,2.7286090162270616e+36,1
C13,80.0,4.0588099027718936e+37,0.9979046040728754,O_III_5007,1.6190184745609418e+37,2.1405263858743027e+37,1.8107937083390488e+37,1.074898085585419e+36,1
C13,90.0,2.2513695441925566e+37,0.9985662153501067,O_III_5007,8.689284735640262e+36,1.233608258168337e+37,9.71300514278506e+36,4.6460771745713434e+35,1
C13,100.0,1.1928131380146997e+37,0.9993187068607117,O_III_5007,4.401000100120694e+36,6.888262913119113e+36,4.862775528188652e+36,1.7709293883923183e+35,1
C14,0.1,3.201000601332286e+42,0.9074248293628795,C_IV_1549,2.6727999999999998e+42,3.1859272694401725e+42,5.106366966027749e+39,9.966964926086155e+39,1
C14,0.2,3.369757987624789e+42,0.9047204011335382,C_IV_1549,2.8951999999999996e+42,3.3530368907339895e+42,5.642246570959308e+39,1.10788503198411e+40,1
C14,0.3,3.07263336832391e+42,0.8947967850185746,C_IV_1549,2.7361e+42,3.0559386371976316e+42,5.635335229659646e+39,1.105939589661859e+40,1
C14,0.4,2.7760178491028816e+42,0.8831221792144818,C_IV_1549,2.5513e+42,2.759362141059525e+42,5.624938294114701e+39,1.103076974924247e+40,1
C14,0.5,2.7060020298335587e+42,0.8788693868973994,C_IV_1549,2.4453e+42,2.6894160326933754e+42,5.606328670389858e+39,1.0979668469793506e+40,1
C14,0.6,3.127819929793672e+42,0.8920209886957405,C_IV_1549,2.7034e+42,3.1113043683228317e+42,5.587559592836772e+39,1.0928001878004634e+40,1
C14,0.7,3.099155284513576e+42,0.889651922171377,C_IV_1549,2.4334999999999997e+42,3.08271050287607e+42,5.568632722890552e+39,1.0876148914616024e+40,1
C14,0.8,3.037954448199134e+42,0.8861491188121168,C_IV_1549,2.2688e+42,3.021580726812166e+42,5.549548646546355e+39,1.0824172740421393e+40,1
C14,0.9,2.964958158253293e+42,0.882084293063241,C_IV_1549,2.12102e+42,2.948655931296355e+42,5.53030748875285e+39,1.0771919468186057e+40,1
C14,1.0,2.9089279473216474e+42,0.878442755184438,C_IV_1549,1.98205e+42,2.892697673023722e+42,5.510909737977841e+39,1.0719364559948181e+40,1
C14,2.0,2.2818940010742878e+42,0.8223220132354011,C_IV_1549,1.48943e+42,2.2648590945943662e+42,5.815155396765683e+39,1.1219751083155744e+40,1
C14,3.0,1.745802302699281e+42,0.7563963830881328,C_IV_1549,1.6545e+42,1.729847713952412e+42,5.513265720182163e+39,1.0441323026686994e+40,1
C14,4.0,4.510868693883737e+40,0.07933434666800937,C_III_1909,2.6469020214012003e+40,2.7722141607189556e+40,6.053857624790814e+39,1.1332687706856995e+40,4
C14,5.0,2.377874809350823e+40,0.057896978804643964,Ne_III_3869,1.0226301675107293e+40,7.947541575239262e+39,5.604904843161673e+39,1.0226301675107293e+40,5
C14,6.0,2.059264486135734e+40,0.0767949386444217,Ne_III_3869,9.819204690060267e+39,5.26114127168806e+39,5.512298899609011e+39,9.819204690060267e+39,5
C14,7.0,1.79731719438843e+40,0.17762984095537437,Ne_III_3869,8.666859789848025e+39,4.289096038836485e+39,5.0172161151997886e+39,8.666859789848025e+39,4
C14,8.0,1.8172480014238189e+40,0.275267483047557,Ne_III_3869,8.20610681229046e+39,5.0871392421948524e+39,4.879233959752877e+39,8.20610681229046e+39,4
C14,9.0,1.6190186686478508e+40,0.23378661170270817,Ne_III_3869,6.927035694546358e+39,5.001367797301209e+39,4.261783194630944e+39,6.927035694546358e+39,4
C14,10.0,1.826846047430406e+40,0.10237042208504624,C_III_1909,6.776346067708196e+39,8.132273367558023e+39,3.92835676908259e+39,6.207830337663447e+39,5
C14,20.0,4.532036867070129e+40,0.8111639579383705,C_IV_1549,1.65353e+40,2.808599309043721e+40,1.0315657308038275e+40,6.918718272225805e+39,1
C14,30.0,1.3765019229113307e+39,0.8311513235875998,O_III_5007,4.0155548763275e+38,6.12282094213651e+38,5.6439628641247024e+38,1.9982354228520975e+38,1
C14,40.0,7.120440146380179e+38,0.9434839138034978,O_III_5007,3.286115371687287e+38,2.6825250478917022e+38,3.7883721762774325e+38,6.4954292221104525e+37,1
C14,50.0,3.643500193709322e+38,0.9702651299164882,O_III_5007,1.6580745895322388e+38,1.532295667085893e+38,1.862198624811867e+38,2.4900590181156176e+37,1
C14,60.0,2.0324580858454636e+38,0.9830240279729086,O_III_5007,8.281324317311688e+37,9.82635632430736e+37,9.549624970127892e+37,9.485995640193818e+36,1
C14,70.0,1.1880937609192162e+38,0.9879001376845683,O_III_5007,4.307831041085971e+37,6.3797121848400235e+37,5.1244901646469e+37,3.7673525970523965e+36,1
C14,80.0,6.855486783235523e+37,0.9926819561424957,C_II_4267,2.326483358269341e+37,3.9271563407948414e+37,2.7736327186866707e+37,1.546977237540098e+36,1
C14,90.0,3.8146897935170986e+37,0.9953758017807064,C_II_4267,1.2643161289029816e+37,2.311679791842935e+37,1.441238955351933e+37,6.177104632223056e+35,1
C14,100.0,2.0149490539437503e+37,0.9971884676012898,C_II_4267,6.403339211154483e+36,1.2672221624558313e+37,7.242567227963862e+36,2.3470168691532952e+35,1
C15,0.1,4.687308518178794e+42,0.9525195347463743,C_IV_1549,4.1707e+42,4.6678676384192236e+42,6.517870996227397e+39,1.2923008763343155e+40,1
C15,0.2,4.9026367224689055e+42,0.9364250123224652,C_IV_1549,4.4554000000000004e+42,4.8786699805522703e+42,7.977364853813068e+39,1.5989377062822084e+40,1
C15,0.3,4.960179872945249e+42,0.9390583843014144,C_IV_1549,4.4850000000000004e+42,4.936378633053182e+42,7.932690885184849e+39,1.5868549006881829e+40,1
C15,0.4,4.7673380106450976e+42,0.9383232176709819,C_IV_1549,4.2616999999999997e+42,4.743670424391813e+42,7.897080415672585e+39,1.5770505837611776e+40,1
C15,0.5,4.600595800555581e+42,0.9376853086307319,C_IV_1549,4.0614e+42,4.577062644779904e+42,7.861198774317768e+39,1.567195700135934e+40,1
C15,0.6,4.476205328030592e+42,0.9374104078576158,C_IV_1549,3.9003000000000004e+42,4.452807378989939e+42,7.825045901937924e+39,1.5572903138715934e+40,1
C15,0.7,4.377186527162054e+42,0.937335426771368,C_IV_1549,3.7612e+42,4.353924560658223e+42,7.788621754228098e+39,1.5473344749603116e+40,1
C15,0.8,4.2790198603062334e+42,0.9370634184622901,C_IV_1549,3.6207000000000004e+42,4.2558873789118745e+42,7.754034548235343e+39,1.5378446846123087e+40,1
C15,0.9,4.167821028659433e+42,0.9364596541823054,C_IV_1549,3.4645e+42,4.144813981299834e+42,7.720570503637823e+39,1.5286476855961398e+40,1
C15,1.0,4.067535533102086e+42,0.9359322653443494,C_IV_1549,3.3155e+42,4.044654801232811e+42,7.686798613217219e+39,1.5193933256058425e+40,1
C15,2.0,3.117173707451748e+42,0.9275152507530513,C_IV_1549,1.64989e+42,3.095568389040856e+42,7.343101172086517e+39,1.4262217238805197e+40,1
C15,3.0,3.277067749995286e+42,0.9133311674711134,C_III_1909,2.3156069177789675e+42,3.2526135215487294e+42,8.346870934258769e+39,1.6107357512298182e+40,1
C15,4.0,4.4437448195496686e+42,0.9478167489215573,C_III_1909,4.0567441754323006e+42,4.4207646440690174e+42,7.944791692390584e+39,1.5035383788260899e+40,1
C15,5.0,6.643844282688458e+42,0.9622985494941695,C_III_1909,6.430405257464034e+42,6.618544716284451e+42,8.799137490216987e+39,1.6500428913790351e+40,1
C15,6.0,7.874740709672465e+42,0.9756788893910786,C_III_1909,7.741690068656682e+42,7.850830347211425e+42,8.420870055461336e+39,1.5489492405579085e+40,1
C15,7.0,7.996045853624588e+42,0.9776541436848032,C_III_1909,7.858474011966148e+42,7.972883854376526e+42,8.218308527335386e+39,1.4943690720725855e+40,1
C15,8.0,7.159094036532746e+42,0.9722837426056695,C_III_1909,6.918891465736386e+42,7.135609319013965e+42,8.309774844914161e+39,1.5174942673866167e+40,1
C15,9.0,5.703492270687841e+42,0.9500318775778775,C_III_1909,5.1477924530622867e+42,5.678763960677002e+42,8.667617334137117e+39,1.6060692676700682e+40,1
C15,10.0,4.79400134003803e+42,0.9195504064827968,C_III_1909,3.69925367155529e+42,4.767837191869995e+42,9.087970587062815e+39,1.7076177580972642e+40,1
C15,20.0,5.460264107812116e+40,0.10239981121727683,C_III_1909,2.544627953730647e+40,2.7701245535655505e+40,9.689575152265804e+39,1.7211820390199845e+40,5
C15,30.0,1.6033122420924524e+40,0.6988399325293208,Ne_III_3869,6.877467411810897e+39,4.081342461736832e+39,5.0743125473767925e+39,6.877467411810897e+39,1
C15,40.0,1.150214233324879e+41,0.8021253309317565,C_III_1909,4.660932796608001e+40,7.884181109643282e+40,2.0104527227622581e+40,1.6075085008432481e+40,1
C15,50.0,2.0634891123049118e+39,0.42740712916319384,O_III_5007,3.733644265536e+38,7.862407306869363e+38,9.439393856388394e+38,3.3330899597913618e+38,2
C15,60.0,1.0488599080909413e+39,0.7593552626269011,C_II_4267,2.9379268755040002e+38,4.581463026803845e+38,5.155597514275483e+38,7.5153853983008665e+37,2
C15,70.0,6.834804310940452e+38,0.8899852716135614,C_II_4267,2.306104742736e+38,3.2246046864635713e+38,3.2587152355933365e+38,3.51484388883544e+37,1
C15,80.0,4.671960982155201e+38,0.9425315439420244,C_II_4267,1.949612647296e+38,2.556108452607716e+38,1.947938917332283e+38,1.679136122152012e+37,1
C15,90.0,2.979821740464361e+38,0.9656409334215103,C_II_4267,1.2945849740856383e+38,1.6999493227743763e+38,1.2013860087075861e+38,7.848640898239743e+36,1
C15,100.0,1.9292430783633727e+38,0.9764277598949037,C_II_4267,8.659744951989257e+37,1.1393645300337812e+38,7.530738845474229e+37,3.680466378216861e+36,1
C4,0.1,9.795445867408757e+39,0.18024355265377728,Ne_III_3869,5.5567075851693e+39,1.0287175416524129e+39,3.210020740587042e+39,5.5567075851693e+39,4
C4,0.2,1.0030974386615955e+40,0.1782573800941301,Ne_III_3869,5.606430748916913e+39,1.1856477003707086e+39,3.2388959373283333e+39,5.606430748916913e+39,4
C4,0.3,9.936371035617371e+39,0.17708651191730865,Ne_III_3869,5.56137195034093e+39,1.155252792778382e+39,3.2197462924980605e+39,5.56137195034093e+39,4
C4,0.4,9.889943627511597e+39,0.17671960263079334,Ne_III_3869,5.516196693041993e+39,1.1732422969869225e+39,3.200504637482682e+39,5.516196693041993e+39,4
C4,0.5,9.844679085412372e+39,0.1762879517823884,Ne_III_3869,5.470938438836485e+39,1.192559304226301e+39,3.181181342349587e+39,5.470938438836485e+39,4
C4,0.6,9.800733187043082e+39,0.17569062983535,Ne_III_3869,5.425599520637589e+39,1.213356914438794e+39,3.1617767519667e+39,5.425599520637589e+39,4
C4,0.7,9.758286813426243e+39,0.17487059666632776,Ne_III_3869,5.380182308340127e+39,1.2358132803451662e+39,3.14229122474095e+39,5.380182308340127e+39,4
C4,0.8,9.717551324738496e+39,0.17379047872583475,Ne_III_3869,5.334689204948655e+39,1.2601369878762643e+39,3.122725131913577e+39,5.334689204948655e+39,4
C4,0.9,1.0032859706314299e+40,0.13742359670245452,Ne_III_3869,5.3874688160672063e+39,1.4922155775080914e+39,3.153175312739e+39,5.3874688160672063e+39,4
C4,1.0,1.0079133907753652e+40,0.1321964820551949,Ne_III_3869,5.3423079761926835e+39,1.603074666419779e+39,3.13375126514119e+39,5.3423079761926835e+39,4
C4,2.0,1.3141168765457764e+40,0.10254284467049854,C_III_1909,5.1955550405933557e+39,5.317548702821647e+39,2.933579051825043e+39,4.8900410108110754e+39,5
C4,3.0,1.5421282923655636e+41,0.4448140905778889,C_IV_1549,1.0794800000000001e+41,1.4696363722842771e+41,2.7609179874593445e+39,4.488274020669299e+39,1
C4,4.0,2.3768835398914653e+41,0.6163998980180143,C_IV_1549,2.16e+41,2.307545093501366e+41,2.6762406545036973e+39,4.257603984506175e+39,1
C4,5.0,2.6990150246012605e+41,0.6292504314120395,C_III_1909,2.0519246821474166e+41,2.636090727005067e+41,2.4927794432218223e+39,3.7996503163975315e+39,1
C4,6.0,1.8348213980849443e+41,0.6941683563157116,C_IV_1549,1.01565e+41,1.775279056356776e+41,2.374138651426014e+39,3.5800955213908194e+39,1
C4,7.0,3.132980777719308e+41,0.8799778121175132,C_III_1909,2.4566817314385973e+41,3.0781162662000733e+41,2.279259477251878e+39,3.2071916746715646e+39,1
C4,8.0,2.5345842874073136e+41,0.9101921837840785,C_III_1909,1.8490803116816798e+41,2.479218882581446e+41,2.3212579046729587e+39,3.215282577913805e+39,1
C4,9.0,2.670100475044796e+41,0.9442833301463436,C_III_1909,1.9520729440657616e+41,2.614110482253216e+41,2.4255476988069596e+39,3.1734515803510575e+39,1
C4,10.0,2.4579168142359615e+41,0.9519173866145534,C_III_1909,1.552345829653265e+41,2.387404346947094e+41,3.1011713822748585e+39,3.950075346611846e+39,1
C4,20.0,3.754880484075501e+40,0.9124049356314112,C_IV_1549,2.1781e+40,2.5625556924912836e+40,7.000797894358301e+39,4.922450021483878e+39,1
C4,30.0,5.50459980994281e+39,0.9007061856540064,O_III_5007,1.9528793617539587e+39,2.765824342843533e+39,1.9771326054010716e+39,7.616428616982048e+38,1
C4,40.0,1.1294280912793883e+39,0.9045665440382256,O_III_5007,2.6538368892670003e+38,5.37394918018051e+38,4.075516091350484e+38,1.844815641262888e+38,1
C4,50.0,6.20249070315319e+38,0.9578058752863354,O_III_5007,2.421278963089e+38,2.5974317066236262e+38,2.873701559904825e+38,7.31357436624739e+37,1
C4,60.0,3.625492611183086e+38,0.983244130855002,O_III_5007,1.90819155127044e+38,1.2497973363006276e+38,2.0480196020109433e+38,3.2767567287151427e+37,1
C4,70.0,2.073275743489606e+38,0.9901946933763457,O_III_5007,1.0555782361498202e+38,7.876748288953658e+37,1.136646996621025e+38,1.4895391797321502e+37,1
C4,80.0,1.292566822481364e+38,0.9937170910000671,O_III_5007,6.243378580530122e+37,5.386215745072719e+37,6.793320731300613e+37,7.461317484403079e+36,1
C4,90.0,8.049476371858218e+37,0.9956869306324624,O_III_5007,3.5572839884445646e+37,3.7319810837741044e+37,3.965317964297189e+37,3.521773237869265e+36,1
C4,100.0,5.071077228188934e+37,0.9968626363194479,O_III_5007,2.0860112520632958e+37,2.5289456315353663e+37,2.3694929509203976e+37,1.726386457331704e+36,1
C5,0.1,1.5384110874547713e+42,0.9512745885615942,C_III_1909,1.5328374186094867e+42,1.53413430301483e+42,3.8350483223531835e+39,4.41736117588415e+38,1
C5,0.2,1.5161548237875248e+42,0.9523436744856337,C_III_1909,1.5108170606404722e+42,1.5119801058114037e+42,3.765016772915567e+39,4.097012032057876e+38,1
C5,0.3,1.4941298912063077e+42,0.9534157399731409,C_III_1909,1.4890186799244684e+42,1.4900563849843735e+42,3.693749774793e+39,3.797564471415413e+38,1
C5,0.4,1.472332487252226e+42,0.9545588076484339,C_III_1909,1.467441581933964e+42,1.468359436028919e+42,3.6212631263733624e+39,3.517880969335939e+38,1
C5,0.5,1.450763705458009e+42,0.9557005234372559,C_III_1909,1.446086626623048e+42,1.4468905946739376e+42,3.5474808846294954e+39,3.2562989944223836e+38,1
C5,0.6,1.429511492889335e+42,0.9567278016799958,C_III_1909,1.4250479497784883e+42,1.4257485580387805e+42,3.465325698340286e+39,2.9760915221430413e+38,1
C5,0.7,1.4084662720256656e+42,0.9576696626320452,C_III_1909,1.4042017321180487e+42,1.404813169192273e+42,3.3813167662166376e+39,2.71786067176161e+38,1
C5,0.8,1.3876266015863372e+42,0.9585364000594886,C_III_1909,1.3835477757676006e+42,1.3840830726676959e+42,3.2955168014333646e+39,2.4801211720801275e+38,1
C5,0.9,1.366993204853263e+42,0.9593421440641817,C_III_1909,1.3630858545559521e+42,1.363559053098589e+42,3.2080057625970095e+39,2.261459920768812e+38,1
C5,1.0,1.2732164559770272e+42,0.9579459827397347,C_III_1909,1.26946051932e+42,1.2698914883034637e+42,3.118896633144103e+39,2.0607104041935162e+38,1
C5,2.0,8.939644555491943e+41,0.9569657539047465,C_III_1909,8.9075243358e+41,8.916248158912462e+41,2.1998960187317037e+39,1.3974363921663436e+38,1
C5,3.0,9.241190031308659e+41,0.9647769762341828,C_III_1909,9.158393022683978e+41,9.185211615293666e+41,2.7968077170479455e+39,2.8010338844513594e+39,1
C5,4.0,3.513875039594802e+41,0.9814985996566095,C_III_1909,3.0793712754071555e+41,3.419287348090809e+41,3.7881985291539683e+39,5.670570621245332e+39,1
C5,5.0,2.6959569889493985e+41,0.9748342929527406,C_IV_1549,1.79938e+41,2.593865222136503e+41,3.9769403033557567e+39,6.232236377933813e+39,1
C5,6.0,4.5532675622015704e+41,0.9812737269066316,C_IV_1549,4.1055e+41,4.443818631411032e+41,4.2037642109884915e+39,6.741128868065272e+39,1
C5,7.0,6.1005664336466405e+41,0.9835558421858019,C_IV_1549,5.8353999999999995e+41,5.984632610982302e+41,4.418369645446159e+39,7.175012620987675e+39,1
C5,8.0,1.860675155909956e+40,0.6091031710493485,Ne_III_3869,7.63971332512612e+39,6.298825862584963e+39,4.6682123713884736e+39,7.63971332512612e+39,1
C5,9.0,1.5444375311574456e+40,0.567706880115321,Ne_III_3869,7.627668666876508e+39,3.1412557938669126e+39,4.6754508508310326e+39,7.627668666876508e+39,1
C5,10.0,1.3712228910588361e+40,0.5584643431816636,Ne_III_3869,7.428021274532897e+39,1.6940795028983717e+39,4.590128133157092e+39,7.428021274532897e+39,1
C5,20.0,1.9904351176671465e+41,0.9742814895488809,C_IV_1549,1.9023900000000003e+41,1.935353581264148e+41,2.4181950167742157e+39,3.089958623525626e+39,1
C5,30.0,6.332581767148407e+40,0.8951982940790822,C_IV_1549,3.8029e+40,4.663902042955315e+40,9.091864780347748e+39,7.594932461583162e+39,1
C5,40.0,1.610071677833342e+40,0.839475694650991,C_IV_1549,8.4549e+39,1.032723369984743e+40,3.772348288629903e+39,2.0011347898560848e+39,1
C5,50.0,5.25695068347161e+39,0.8154617323188224,O_III_5007,2.0560825195742302e+39,2.3088910430181666e+39,2.1024471926621003e+39,8.456124477913442e+38,1
C5,60.0,1.0030557414860405e+39,0.7341102012143108,Ne_III_3869,1.8499929015700004e+38,4.8777260764382185e+38,3.3028384368521867e+38,1.8499929015700004e+38,2
C5,70.0,5.8958493133906056e+38,0.8880314256957156,O_III_5007,1.72997870471e+38,2.942697239476517e+38,2.1425615018472654e+38,8.105905720668244e+37,1
C5,80.0,4.189050676806398e+38,0.9503324670856017,O_III_5007,1.59997160628e+38,1.974738154145132e+38,1.8315190325004127e+38,3.827934901608528e+37,1
C5,90.0,3.073361358794983e+38,0.9734588938957381,O_III_5007,1.3714634599387451e+38,1.335847834993846e+38,1.522028862881711e+38,2.1548466091942544e+37,1
C5,100.0,2.0382805769814325e+38,0.9790788214863091,O_III_5007,8.639791974835029e+37,9.550441277353093e+37,9.676237389954572e+37,1.1561271025066534e+37,1
C6,0.1,5.907861615006625e+42,0.9685508829206411,C_III_1909,5.872891228516293e+42,5.894528705168695e+42,4.7759817046626093e+39,8.556928133268478e+39,1
C6,0.2,6.268589781017888e+42,0.9673406893608041,C_III_1909,6.235975619470969e+42,6.254223402086019e+42,5.122293668933915e+39,9.244085262936366e+39,1
C6,0.3,6.192294474825239e+42,0.9693611523355498,C_III_1909,6.16307387956845e+42,6.17820505625711e+42,5.0447683721567823e+39,9.044650195970784e+39,1
C6,0.4,5.798415632491981e+42,0.9700498328242355,C_III_1909,5.77190224697e+42,5.784604817939735e+42,4.96687256768505e+39,8.843941984560586e+39,1
C6,0.5,5.352362543817456e+42,0.969912906359263,C_III_1909,5.3277875038800005e+42,5.3388066109420466e+42,4.897058721390032e+39,8.658874154019772e+39,1
C6,0.6,5.211594984814162e+42,0.9709813257792559,C_III_1909,5.187787503880001e+42,5.1982119235920325e+42,4.8550764581096527e+39,8.527984764019914e+39,1
C6,0.7,5.0708979849226685e+42,0.9721614390144317,C_III_1909,5.04778750388e+42,5.0576914701658446e+42,4.8128651632501535e+39,8.393649593573765e+39,1
C6,0.8,4.9302058469529675e+42,0.9730839215176033,C_III_1909,4.90778750388e+42,4.917179894145421e+42,4.770420270520068e+39,8.255532537026591e+39,1
C6,0.9,4.78954184758852e+42,0.9739414114722621,C_III_1909,4.76778750388e+42,4.7767008416588535e+42,4.727736563896387e+39,8.113269365770307e+39,1
C6,1.0,4.661247328452758e+42,0.974765356425901,C_III_1909,4.6404424130700005e+42,4.648592724884371e+42,4.6861425448273067e+39,7.968461023559568e+39,1
C6,2.0,3.81431392553226e+42,0.9821273032290544,C_III_1909,3.7984955371000003e+42,3.803850717004542e+42,4.300082804186156e+39,6.16312572353218e+39,1
C6,3.0,3.317825944248147e+42,0.9875399013365405,C_III_1909,3.306778750388e+42,3.310347796553343e+42,3.912713131159415e+39,3.565434563644664e+39,1
C6,4.0,3.14556005746948e+42,0.9916575051630232,C_III_1909,3.13808161713625e+42,3.14064222326066e+42,3.4789686258250515e+39,1.4388655829946447e+39,1
C6,5.0,2.811056956002281e+42,0.9921281341175832,C_III_1909,2.803084240670198e+42,2.80637979206947e+42,3.325107185802318e+39,1.3520567470089597e+39,1
C6,6.0,3.893999253911064e+42,0.9849864141285534,C_III_1909,3.87111673624174e+42,3.884104844416137e+42,4.091867252814738e+39,5.802542242112549e+39,1
C6,7.0,4.2645112364028744e+42,0.9710679056408671,C_III_1909,4.223885579510169e+42,4.25295118596488e+42,4.30537356552972e+39,7.254676872464508e+39,1
C6,8.0,3.934372868137618e+42,0.9916765238810342,C_III_1909,3.8365263201330214e+42,3.9210064423978546e+42,4.790078181917499e+39,8.576347557845844e+39,1
C6,9.0,2.658847317939715e+42,0.9783553000284351,C_III_1909,2.457966089897455e+42,2.6445342785909985e+42,5.0632212556419335e+39,9.249818093074946e+39,1
C6,10.0,1.516671649824261e+42,0.9456440291623487,C_III_1909,1.1766720303091784e+42,1.5020921295818678e+42,5.1423917010305944e+39,9.43712854136251e+39,1
C6,20.0,1.1621705036020761e+40,0.782568876918865,Ne_III_3869,5.164937354867196e+39,3.079337434188433e+39,3.377430246965134e+39,5.164937354867196e+39,1
C6,30.0,1.9843555771908263e+41,0.9010739732737646,C_III_1909,9.41643077294585e+40,1.7346367376896364e+41,1.2391156437920583e+40,1.2580727512198414e+40,1
C6,40.0,1.1039049150694487e+40,0.7154203409602093,O_III_5007,2.990805893518159e+39,6.580618727098196e+39,3.129759432706381e+39,1.3286709908899144e+39,2
C6,50.0,1.1851528377890066e+39,0.722306169202286,O_III_5007,2.579424776855e+38,5.28126561573802e+38,4.404196212000517e+38,2.166066550151528e+38,2
C6,60.0,7.604263631030111e+38,0.8272801242384432,O_III_5007,2.3795398214840003e+38,3.602200698069798e+38,3.0720058130695927e+38,9.300571198907204e+37,1
C6,70.0,5.410593990460399e+38,0.941020981026806,O_III_5007,2.327353973533e+38,2.317762825952289e+38,2.6691557362652097e+38,4.2367542824290186e+37,1
C6,80.0,3.3653156077548687e+38,0.966610653574313,O_III_5007,1.4021978041493914e+38,1.5757205734001194e+38,1.5852602236990092e+38,2.0433481065573985e+37,1
C6,90.0,2.1662782222686797e+38,0.9778665260682531,O_III_5007,8.291801596661536e+37,1.1130720463827012e+38,9.542577699622281e+37,9.894840592375081e+36,1
C6,100.0,1.4002761117513206e+38,0.9744086358880265,O_III_5007,4.899974964871649e+37,7.800316947384777e+37,5.726939660918036e+37,4.755045092103978e+36,1
C6,110.0,9.034106625033487e+37,0.9878349081676896,C_II_4267,3.1016387739925557e+37,5.241615600125684e+37,3.5514944113678e+37,2.4099661354000112e+36,1
C7,0.1,4.620109915395298e+42,0.9443190736756859,C_IV_1549,4.1608e+42,4.600122128420696e+42,6.654236900174013e+39,1.3333550074427888e+40,1
C7,0.2,4.680055527804614e+42,0.9486876331947358,C_IV_1549,4.1997999999999996e+42,4.660259977210687e+42,6.601717608863601e+39,1.3193832985063723e+40,1
C7,0.3,4.803350835314434e+42,0.9528734164285607,C_IV_1549,4.3008e+42,4.783748585261591e+42,6.548773411466198e+39,1.3053476641376672e+40,1
C7,0.4,4.779682209179774e+42,0.9343818279119306,C_IV_1549,4.3525999999999995e+42,4.7555306839549027e+42,8.011142972037672e+39,1.6140382252833856e+40,1
C7,0.5,4.943260999531039e+42,0.9385886689709977,C_IV_1549,4.49e+42,4.9192988394523773e+42,7.95985306180761e+39,1.6002307016853953e+40,1
C7,0.6,4.957541542440912e+42,0.9403111118833701,C_IV_1549,4.4752999999999995e+42,4.933718525046195e+42,7.922893473555093e+39,1.5900123921161135e+40,1
C7,0.7,4.758998877679679e+42,0.9394153874661867,C_IV_1549,4.2453999999999996e+42,4.7353158268709285e+42,7.885645940307288e+39,1.579740486844406e+40,1
C7,0.8,4.600459749600238e+42,0.9387923965821037,C_IV_1549,4.0523999999999996e+42,4.576917488378295e+42,7.848110334208204e+39,1.5694150887734898e+40,1
C7,0.9,4.495685020590764e+42,0.938690041364622,C_IV_1549,3.9098999999999997e+42,4.4722843711444947e+42,7.810286545869245e+39,1.5590362900399965e+40,1
C7,1.0,4.4029080553920273e+42,0.9385699134529686,C_IV_1549,3.7768e+42,4.3796416146803467e+42,7.774492145410016e+39,1.5491948566270235e+40,1
C7,2.0,3.38710871812062e+42,0.9311550568885519,C_IV_1549,2.14308e+42,3.365094041018769e+42,7.439104951548723e+39,1.4575572150302963e+40,1
C7,3.0,3.2202728247734013e+42,0.9092990619158894,C_III_1909,2.0323214733245477e+42,3.1953535867064334e+42,8.457255527853864e+39,1.6461982539114486e+40,1
C7,4.0,4.0304551638723407e+42,0.9406862489740165,C_III_1909,3.537535870199903e+42,4.007035397287518e+42,8.049086086366306e+39,1.5370680498455997e+40,1
C7,5.0,5.897687085538827e+42,0.9562804162751918,C_III_1909,5.645226939690046e+42,5.871933460950404e+42,8.905151791293123e+39,1.6848472797128463e+40,1
C7,6.0,8.3302375209174e+42,0.9767304280121102,C_III_1909,8.214903622175696e+42,8.306115863844505e+42,8.465973570525933e+39,1.5655683502370026e+40,1
C7,7.0,8.991325701992235e+42,0.9825578822922697,C_III_1909,8.917582618025597e+42,8.968805203772984e+42,8.041612606107007e+39,1.44788856131444e+40,1
C7,8.0,1.0182952679828175e+43,0.986111687720376,C_III_1909,1.0114419512064933e+43,1.0158451555734258e+43,8.804974463638683e+39,1.569614963028069e+40,1
C7,9.0,9.836083646184737e+42,0.9872607450168289,C_III_1909,9.772309763080005e+42,9.812572451466995e+42,8.556638132012322e+39,1.4954556585730196e+40,1
C7,10.0,9.524888193989333e+42,0.9870346514907449,C_III_1909,9.458728966802721e+42,9.501780581035897e+42,8.460937949681282e+39,1.4646675003754497e+40,1
C7,20.0,8.13306797691796e+41,0.8754415512547428,C_IV_1549,5.7305e+41,7.905852499168336e+41,8.394123486466254e+39,1.4327424288496268e+40,1
C7,30.0,1.4136081214568772e+40,0.7407217112786904,Ne_III_3869,6.314400721531867e+39,3.1577384394205685e+39,4.663942053616337e+39,6.314400721531867e+39,1
C7,40.0,3.4528434962671386e+41,0.8719933788429816,C_IV_1549,1.55403e+41,3.0820553683675824e+41,1.7934733163443217e+40,1.9144079626512458e+40,1
C7,50.0,1.590602197128194e+40,0.6245037414096143,C_III_1909,2.8491348440245e+39,9.34623196552557e+39,4.380028107705207e+39,2.1797618980511627e+39,2
C7,60.0,1.7011267242040803e+39,0.3586878680036418,Ne_III_3869,2.3994281496855004e+38,7.476182065262956e+38,7.13565702709235e+38,2.3994281496855004e+38,2
C7,70.0,1.1692563306691463e+39,0.3507547314953241,O_I_7774,2.179237532914e+38,5.1373923029375565e+38,4.8177573949313615e+38,1.7374136088225452e+38,2
C7,80.0,8.217001543120628e+38,0.6658119110224491,C_II_4267,1.9190469161425004e+38,3.775977336799145e+38,3.7351631846881066e+38,7.058610216333787e+37,2
C7,90.0,6.0700162486751555e+38,0.8261663143450557,C_II_4267,1.6482844490565003e+38,2.824217946076832e+38,2.9262278753757654e+38,3.1957042722255824e+37,1
C7,100.0,4.48309854708543e+38,0.891841309150746,C_II_4267,1.4091104550663331e+38,2.2577912413511908e+38,2.0487550821673187e+38,1.7655222356692053e+37,1
C7,110.0,3.3095381701342123e+38,0.9309293817186955,C_II_4267,1.1991104550663331e+38,1.8048884168079877e+38,1.4049404863588923e+38,9.97092669673324e+36,1
C8,0.1,1.0774558624941712e+40,0.09574272787847628,Ne_III_3869,5.971617813311968e+39,1.3728542159619744e+39,3.430086595667769e+39,5.971617813311968e+39,4
C8,0.2,1.0808321210272251e+40,0.0871024211901557,Ne_III_3869,5.930900397391506e+39,1.4641763171003496e+39,3.413244495780395e+39,5.930900397391506e+39,4
C8,0.3,1.0861142349426213e+40,0.0791217141743784,Ne_III_3869,5.889023788565129e+39,1.5763341661937844e+39,3.3957843946672994e+39,5.889023788565129e+39,4
C8,0.4,1.0941516073124902e+40,0.09455964392294132,Ne_III_3869,5.845972814107938e+39,1.717844334449011e+39,3.3776989245679516e+39,5.845972814107938e+39,4
C8,0.5,1.0910388753090687e+40,0.08648691484076175,Ne_III_3869,5.801766019006483e+39,1.7496341281300775e+39,3.3589886059541255e+39,5.801766019006483e+39,4
C8,0.6,1.1106735548602266e+40,0.08055110685242983,Ne_III_3869,5.756306608743884e+39,2.010801711522301e+39,3.3396272283360816e+39,5.756306608743884e+39,4
C8,0.7,1.3066680851279004e+40,0.0715015732671781,Ne_III_3869,5.848398500505367e+39,3.828893230908698e+39,3.389389119864939e+39,5.848398500505367e+39,5
C8,0.8,1.4202150483758265e+40,0.07026101668786447,Ne_III_3869,5.79260126620135e+39,5.044654592328261e+39,3.364894625228655e+39,5.79260126620135e+39,5
C8,0.9,1.223697897090986e+40,0.07476625019326165,Ne_III_3869,5.670375684414029e+39,3.259649924985919e+39,3.306953361509913e+39,5.670375684414029e+39,5
C8,1.0,1.4026521597074854e+40,0.08310153866492952,Ne_III_3869,5.780698957343065e+39,4.878832869366066e+39,3.366989770365724e+39,5.780698957343065e+39,5
C8,2.0,1.7792547682778277e+41,0.42696621674909796,C_IV_1549,1.30881e+41,1.694465050011969e+41,3.1680068663603047e+39,5.310964960225572e+39,1
C8,3.0,1.8968196970556297e+41,0.512564638860332,C_IV_1549,9.4709e+40,1.8159051505851377e+41,3.0679944396025474e+39,5.023460207446661e+39,1
C8,4.0,2.9288105854204766e+41,0.5691795782569058,C_IV_1549,2.5839e+41,2.8572658527246767e+41,2.763618753103874e+39,4.3908545164761005e+39,1
C8,5.0,3.5752457288601805e+41,0.6109388172177315,C_III_1909,2.8577050256705003e+41,3.5058629955814484e+41,2.7594691897604234e+39,4.178804138112803e+39,1
C8,6.0,2.8460918141695696e+41,0.7439429293590412,C_III_1909,2.0660017366135107e+41,2.779317334997542e+41,2.6744168154244946e+39,4.0030311017783055e+39,1
C8,7.0,3.666638180592279e+41,0.8877083031407634,C_III_1909,2.8429472829757966e+41,3.605247561549305e+41,2.5495170030321166e+39,3.589544901265252e+39,1
C8,8.0,3.376682561160497e+41,0.9238003299060763,C_III_1909,2.6367154911548628e+41,3.3145798871570144e+41,2.6032497031902718e+39,3.607017697157991e+39,1
C8,9.0,3.259036491106937e+41,0.9552615319895015,C_III_1909,2.5167212915425e+41,3.194620562701494e+41,2.7887005051405586e+39,3.652892335403688e+39,1
C8,10.0,3.038839892558513e+41,0.9613633716286137,C_III_1909,2.2009016752235002e+41,2.9608666078387036e+41,3.433380070943605e+39,4.3639484010373097e+39,1
C8,20.0,2.824979662034878e+40,0.9229237426249952,C_IV_1549,1.42456e+40,1.7809608775366197e+40,6.327315552208802e+39,4.1128722927737876e+39,1
C8,30.0,3.354837807597024e+39,0.906425730874785,O_III_5007,1.385890339858122e+39,1.441338549326524e+39,1.4376902547239753e+39,4.75809003546524e+38,1
C8,40.0,7.70594071190485e+38,0.9400600534020124,O_III_5007,2.167377033234e+38,3.431186582180907e+38,3.1876219949393145e+38,1.0871321347846285e+38,1
C8,50.0,4.4553412975877856e+38,0.9778288475381254,O_III_5007,1.9573770332340004e+38,1.74870370897398e+38,2.2371206128990818e+38,4.69516975714723e+37,1
C8,60.0,2.698197583030018e+38,0.9896395470194251,O_III_5007,1.3929141846803835e+38,9.624788396581764e+37,1.521525032472211e+38,2.1419371089963057e+37,1
C8,70.0,1.5379678732421869e+38,0.9939011464454504,O_III_5007,7.461768091720796e+37,6.183133423461941e+37,8.26415118372381e+37,9.323941252361198e+36,1
C8,80.0,9.43236229870811e+37,0.996085431901563,O_III_5007,4.236559003755647e+37,4.165710306334592e+37,4.826704385729309e+37,4.399476066442092e+36,1
C9,0.1,1.9377052348484185e+40,0.2591423965515878,Ne_III_3869,9.898120369876123e+39,3.779809306249939e+39,5.699122672358123e+39,9.898120369876123e+39,4
C9,0.2,1.8946884785306576e+40,0.2577775830211575,Ne_III_3869,9.852033519890622e+39,3.4151173023082825e+39,5.679733963107672e+39,9.852033519890622e+39,4
C9,0.3,1.8473854042106506e+40,0.25581227208778357,Ne_III_3869,9.806007155516482e+39,3.007510977037145e+39,5.66033590955288e+39,9.806007155516482e+39,4
C9,0.4,1.801237853821344e+40,0.2537799683450259,Ne_III_3869,9.759875818259716e+39,2.6116252862712792e+39,5.640877433682445e+39,9.759875818259716e+39,4
C9,0.5,1.749794860513604e+40,0.2509840278874669,Ne_III_3869,9.713746610064233e+39,2.1628087595377512e+39,5.621393235534056e+39,9.713746610064233e+39,4
C9,0.6,1.6951208982237693e+40,0.24775910442644553,Ne_III_3869,9.666076348212457e+39,1.683974266157549e+39,5.60115836786769e+39,9.666076348212457e+39,4
C9,0.7,1.6865808420829555e+40,0.2506475702004127,Ne_III_3869,9.605419834791873e+39,1.685580944600467e+39,5.574807641437215e+39,9.605419834791873e+39,4
C9,0.8,1.7437268890154727e+40,0.2608323436247369,Ne_III_3869,9.544257627777633e+39,2.3447957783243644e+39,5.548215484052731e+39,9.544257627777633e+39,4
C9,0.9,1.8061944451965365e+40,0.2715905323822826,Ne_III_3869,9.482980924689524e+39,3.057425579893812e+39,5.521537947382024e+39,9.482980924689524e+39,4
C9,1.0,1.9127604328796282e+40,0.28706419510138975,Ne_III_3869,9.421501718253072e+39,4.21135708207854e+39,5.49474552846467e+39,9.421501718253072e+39,4
C9,2.0,1.8285079606184197e+40,0.3065467690248067,Ne_III_3869,9.050422338360132e+39,3.881605012561792e+39,5.353052255262274e+39,9.050422338360132e+39,4
C9,3.0,1.522437977941147e+40,0.37054528593263947,Ne_III_3869,8.396386177042379e+39,1.7692764115613223e+39,5.0587171908077675e+39,8.396386177042379e+39,2
C9,4.0,1.4723748270170225e+40,0.3824047494988611,Ne_III_3869,7.905106700984792e+39,1.9680597911908533e+39,4.850581777994581e+39,7.905106700984792e+39,2
C9,5.0,1.4015005222101316e+40,0.18314527054574647,Ne_III_3869,7.322512693884623e+39,2.109006538478578e+39,4.5834859897381165e+39,7.322512693884623e+39,3
C9,6.0,1.4795380200784328e+40,0.06853362658218559,Ne_III_3869,6.768292889519169e+39,3.707115474744339e+39,4.31997183652082e+39,6.768292889519169e+39,4
C9,7.0,1.40230913103545e+40,0.08312974478388768,Ne_III_3869,6.06926120156316e+39,3.984484776602272e+39,3.96934533218907e+39,6.06926120156316e+39,4
C9,8.0,3.7201343436168886e+41,0.7435510182537465,C_IV_1549,3.4937e+41,3.626327237570211e+41,3.761175268891124e+39,5.619535335776676e+39,1
C9,9.0,2.1090271529468334e+41,0.7146747795270363,C_IV_1549,1.55987e+41,2.020142099881129e+41,3.615946001280016e+39,5.27255930529035e+39,1
C9,10.0,2.121464124655683e+41,0.8390818654430684,C_IV_1549,1.10041e+41,2.040231015613912e+41,3.3744007418183364e+39,4.7489101623588214e+39,1
C9,20.0,5.280297976880555e+40,0.9208373515821051,C_III_1909,2.0788145167569528e+40,3.7102451048304036e+40,8.99228752102771e+39,6.708241199473808e+39,1
C9,30.0,7.046553318916158e+39,0.8195042496228466,O_III_5007,2.4647262334825002e+39,3.172305409151353e+39,2.605670196191103e+39,1.268577713573701e+39,1
C9,40.0,7.672719862563283e+38,0.9104823964737904,O_III_5007,2.1265072202685e+38,3.476784373836251e+38,2.9555278579327475e+38,1.2404076307942846e+38,1
C9,50.0,4.662817552457857e+38,0.9461486918985067,O_III_5007,1.9347262334825002e+38,1.917329307093979e+38,2.256920931558057e+38,4.885673138058212e+37,1
C9,60.0,2.894137690323358e+38,0.9708446238179872,O_III_5007,1.4111057317021306e+38,1.1004351154884107e+38,1.5830918656783827e+38,2.1061070915656485e+37,1
C9,70.0,1.712326662696648e+38,0.9909288107252706,O_III_5007,8.069607858459146e+37,7.193002371416354e+37,8.942919726547328e+37,9.873445290027994e+36,1
C9,80.0,1.019948473293115e+38,0.9943119426558449,O_III_5007,4.412944431471019e+37,4.785960576159532e+37,4.978729340633849e+37,4.3479481613776734e+36,1
C9,90.0,6.15650433804799e+37,0.9961871917690068,O_III_5007,2.507937244511569e+37,3.0931055018160915e+37,2.859763073033932e+37,2.036357631979668e+36,1
C9,100.0,3.7571970222344835e+37,0.9975356073477557,O_III_5007,1.4636039921184908e+37,1.9834756132463304e+37,1.674447362434276e+37,9.92740465538768e+35,1
GO1,-10.0,9.580401094302244e+42,0.9728192417746134,C_III_1909,9.295648546235001e+42,9.569125324661299e+42,5.507839091306559e+39,5.767930549638545e+39,1
GO1,-5.0,1.892641822296582e+43,0.9558241769751943,C_III_1909,1.75721113205e+43,1.8913428902694788e+43,6.134137611393729e+39,6.85518265963752e+39,1
GO1,1.0,2.1510876128893346e+43,0.9460253466518355,C_III_1909,2.021394433975e+43,2.149280349714928e+43,8.650519119663988e+39,9.422112624399013e+39,1
GO1,2.0,2.0707467596770126e+43,0.9434300124052081,C_III_1909,1.9713944339750002e+43,2.0689946580068647e+43,8.501865362533061e+39,9.0191513389478e+39,1
GO1,3.0,1.9791598852343641e+43,0.9413739840781654,C_III_1909,1.9102310943600004e+43,1.9774868152814988e+43,8.29438798091064e+39,8.436311547744779e+39,1
GO1,4.0,1.8717708027351755e+43,0.9396782088827383,C_III_1909,1.8302310943600002e+43,1.870203756915537e+43,8.04951576506793e+39,7.620942431319591e+39,1
GO1,5.0,1.7734859023165064e+43,0.9388843661535247,C_III_1909,1.746509981155e+43,1.7720582463217646e+43,7.770711948136049e+39,6.505847999282684e+39,1
GO1,6.0,1.6736467446374798e+43,0.9398446825357546,C_III_1909,1.6565099811550001e+43,1.672389710949189e+43,7.47942055315664e+39,5.090916329749605e+39,1
GO1,7.0,1.581072505278563e+43,0.9418145289031106,C_III_1909,1.5646494245525e+43,1.579550229748737e+43,9.958706390796682e+39,5.264048907462774e+39,1
GO1,8.0,1.4821306997279274e+43,0.9457224987481989,C_III_1909,1.4696494245525e+43,1.4808177594179243e+43,9.699557965565772e+39,3.429845134463403e+39,1
GO1,9.0,1.3882404406115663e+43,0.9520713208688676,C_III_1909,1.37278886795e+43,1.3870788525907288e+43,9.589365281958651e+39,2.0265149264131718e+39,1
GO1,10.0,1.2790653392848716e+43,0.959144472275982,C_III_1909,1.27278886795e+43,1.277985062606811e+43,9.696774830489078e+39,1.1059919501132013e+39,1
GO1,11.0,1.1823577078019877e+43,0.966991269232233,C_III_1909,1.176509981155e+43,1.181312678067977e+43,9.874477707466295e+39,5.758196326410693e+38,1
GO1,12.0,1.0921377083752616e+43,0.9744782913652769,C_III_1909,1.0865099811550001e+43,1.0911206574420278e+43,9.878020351525021e+39,2.9248898081195106e+38,1
GO1,13.0,1.0114832539724236e+43,0.9810990363853264,C_III_1909,1.0022777066227499e+43,1.009774918986498e+43,1.6840718783320727e+40,2.4263107593479138e+38,1
GO1,14.0,9.365765969561883e+42,0.9860873578141569,C_III_1909,9.2777770662275e+42,9.348998102528806e+42,1.6572856765874403e+40,1.9501026720318056e+38,1
GO1,15.0,8.662881037310575e+42,0.9897475354649244,C_III_1909,8.579290981290001e+42,8.646537835343332e+42,1.606680600635584e+40,2.7639596088682887e+38,1
GO1,16.0,8.035857385493261e+42,0.9921606107645996,C_III_1909,7.959290981290001e+42,8.019986970742668e+42,1.556828606593679e+40,3.0212868465645687e+38,1
GO1,17.0,7.470279539674182e+42,0.9938282684969119,C_III_1909,7.402549905775001e+42,7.455039766807256e+42,1.500818344151137e+40,2.3158942541462934e+38,1
GO1,18.0,7.054537469784549e+42,0.9948808453926655,C_III_1909,6.952549905775e+42,7.029322357816892e+42,2.5099922269697767e+40,1.151896979594848e+38,1
GO1,19.0,6.616727945454864e+42,0.996233542813863,C_III_1909,6.534179368017502e+42,6.592613170009834e+42,2.383094600509715e+40,2.838294399323533e+38,1
GO1,20.0,5.1787415282171554e+42,0.9969799415686056,C_III_1909,5.116999479805425e+42,5.156282984216322e+42,2.1890180229495433e+40,5.683637713379004e+38,1
