model,epoch_d,L_metal_total,metal_frac_of_all,dominant_metal,dominant_metal_L,L_C,L_O,L_Ne,overall_rank_of_dominant_metal
A1,10.0,1.544765494689296e+37,0.00027336903219401403,O_I_7774,1.5327424042074728e+37,1.1093460033889047e+35,1.5336720346553611e+37,4.572139550188499e+23,10
A1,20.0,2.0436040181788405e+37,0.00024343521239708166,O_I_7774,1.7458047283607752e+37,4.582453058222319e+29,2.0436039723543099e+37,2659113271247.544,10
A1,30.0,4.603471505738492e+37,0.0003775081450868442,O_I_7774,2.772466430416046e+37,8.566474335570124e+28,4.603471497172017e+37,94381444045.9637,10
A1,40.0,8.534544925448288e+37,0.0006321480913057778,O_I_6300,4.745876323742252e+37,4.981291437028002e+28,8.534544920466996e+37,2821469878.6943607,10
A1,50.0,1.5024269764980224e+38,0.0009164952631037848,O_I_6300,8.38774705005828e+37,8.589033633487626e+28,1.5024269756391192e+38,1540361611.3686905,10
A1,60.0,2.0865041162066582e+38,0.0012116332573030438,O_I_6300,1.1755486476246205e+38,1.4029908774726468e+29,2.0865041148036677e+38,625688352.1414158,10
A1,70.0,2.9109449148725084e+38,0.001521481710503182,O_I_6300,1.5124235620954294e+38,4.037759247636891e+29,2.9109449108347494e+38,778426157.2848415,10
A1,80.0,3.470885460193207e+38,0.002097870278548919,O_I_6300,1.9632692324149913e+38,5.087874730395093e+29,3.470885455105332e+38,199991217.50955456,10
A1,90.0,4.2479684793614656e+38,0.0027951008319674433,O_I_6300,2.390378073139545e+38,8.429674558465358e+29,4.2479684709317906e+38,187264852.70453477,10
A1,100.0,4.991929008171255e+38,0.004615293353703566,O_I_6300,3.0392181669835235e+38,8.779796417834063e+29,4.991928999391459e+38,79674208.90992425,10
A1,110.0,7.365832983416448e+38,0.008197918156085445,O_I_6300,4.285904454903651e+38,1.6323627484332446e+30,7.365832967092821e+38,150029111.84718513,10
A1,120.0,1.1816076964353646e+39,0.023875338173153363,O_I_6300,8.243284876321494e+38,8.385752943437714e+29,1.1816076955967893e+39,2.789679600962879e+16,7
A1,130.0,1.5695898033989e+39,0.1096181123044213,C_III_4647,2.898958461888004e+38,1.2256673372481963e+39,3.066193930556849e+38,3.73030730950192e+37,7
A1,140.0,3.445006694758444e+36,0.0007071409085204319,O_I_7774,3.4450066946959885e+35,2.0670040168800484e+36,1.0335020084087965e+36,3.4450066946959885e+35,10
A1,150.0,5.189475969508587e+36,0.002074050738175565,C_IV_5801,5.275984895232002e+35,3.079082011415786e+36,1.5827954685696005e+36,5.275984895232002e+35,10
A1,160.0,5.1638862851744467e+36,0.00368712519135107,C_IV_5801,5.780300892232008e+35,2.9534691996671993e+36,1.6323869962840465e+36,5.780300892232008e+35,10
A10,0.1,1.2844394122919017e+38,0.0015358912232923713,C_III_1909,9.69920748550602e+37,9.780573117846802e+37,3.06290457658524e+37,9.164284869718599e+33,10
A10,0.2,1.246930365473935e+38,0.0014902485142575192,C_III_1909,9.32791439606118e+37,9.406736725399765e+37,3.062134534795469e+37,4.323945441160636e+33,10
A10,0.3,1.2114084557888241e+38,0.0014470325373490583,C_III_1909,8.975516263074426e+37,9.051927396849716e+37,3.0619322595440085e+37,2.2490149451564246e+33,10
A10,0.4,1.4574570947241163e+38,0.0016743782378445678,C_III_1909,1.12417610469432e+38,1.1333167288261696e+38,3.2412855390214955e+37,1.18119957972209e+33,10
A10,0.5,1.411821080214125e+38,0.0016209344189464592,C_III_1909,1.0788125491993563e+38,1.087653265014498e+38,3.24152041713051e+37,1.5773486575988704e+33,10
A10,0.6,1.3676636494000867e+38,0.0015692630031728923,C_III_1909,1.0349487483803503e+38,1.0434956682422842e+38,3.2415721902945283e+37,1.0762128349663602e+33,10
A10,0.7,1.325233106547908e+38,0.001519643783068,C_III_1909,9.927950918523228e+37,1.0010577694076748e+38,3.241672408776343e+37,8.096262598882041e+32,10
A10,0.8,1.2844437636300992e+38,0.0014719738463720722,C_III_1909,9.522696529903633e+37,9.602570765182319e+37,3.2417997150436974e+37,6.715607497455457e+32,10
A10,0.9,1.2452273052144286e+38,0.0014261704929001858,C_III_1909,9.133059373434163e+37,9.210267127907821e+37,3.2419445058112097e+37,6.141842525458344e+32,10
A10,1.0,1.2075250991377493e+38,0.0013821623796648334,C_III_1909,8.758461326661152e+37,8.833085832416542e+37,3.2421032257957948e+37,6.193316515663179e+32,10
A10,2.0,9.427254790175689e+37,0.001072860807502718,C_III_1909,6.080674468534579e+37,6.136896626715463e+37,3.275887907787054e+37,1.4470255673170017e+35,10
A10,3.0,6.672160441140189e+37,0.0007535611295623708,C_III_1909,3.364662504902503e+37,3.399791271455619e+37,3.267602798934334e+37,4.766370750235907e+34,10
A10,4.0,1.2890964449564424e+38,0.0014434727456452373,C_III_1909,8.57985537141717e+37,8.68201999931309e+37,3.950290189731622e+37,2.5865426051971144e+36,10
A10,5.0,6.488305133600595e+37,0.0007204454481038284,O_I_7774,3.2538946964163016e+37,2.915643341394011e+37,3.5085941618474967e+37,6.406763035908709e+35,10
A10,10.0,7.38794378608818e+38,0.007807039636870094,C_III_1909,5.4085291715239225e+38,5.659948861166428e+38,1.1806322696099618e+38,5.473626553117908e+37,9
A10,20.0,1.790195175356872e+38,0.0021453621252333433,O_III_5007,7.05543474031065e+37,7.601153846626092e+37,7.124728579676761e+37,3.176069327265867e+37,10
A10,30.0,1.54863869430316e+38,0.0021483529043094837,O_III_5007,5.31099849859308e+37,8.050983120191974e+37,5.317245730518354e+37,2.1181580923212762e+37,10
A10,40.0,1.7448913628337007e+38,0.002284680576619227,C_IV_5801,5.501673495022056e+37,1.083595618658859e+38,4.708352421018468e+37,1.9046050207299427e+37,10
A10,50.0,2.262318406678373e+38,0.0009081535259226373,O_III_5007,6.274978494994804e+37,1.3257405659739107e+38,6.284287566774034e+37,3.0814908402705934e+37,10
A10,60.0,1.8103031221594843e+39,0.0009308765844625995,C_III_4647,8.532146299240257e+38,1.4916146757226003e+39,2.7590574424042807e+38,4.278270219645601e+37,10
A10,70.0,1.1442759253024658e+40,0.02327029824838505,C_II_4267,5.235795384081339e+39,1.0668084874776043e+40,6.4846806434155696e+38,1.262063139070581e+38,8
A10,80.0,2.8081621813389913e+40,0.0684473417521376,C_II_4267,1.456297613736198e+40,2.6963876322933926e+40,9.239527677013337e+38,1.9379272275465588e+38,5
A10,90.0,4.765897584866445e+40,0.1345941926701311,C_II_4267,2.373095406228837e+40,4.622641992444665e+40,1.2084542149228558e+39,2.2410170929493875e+38,4
A10,100.0,5.565649504437295e+40,0.17779172089110004,C_II_4267,2.2181987317447033e+40,5.362293867664469e+40,1.7856025579598913e+39,2.479538097683728e+38,3
A10,110.0,1.7164410986915508e+40,0.06719397300350215,C_III_4647,3.918757562607994e+39,1.5136876731461845e+40,1.9134783164456997e+39,1.1405593900796373e+38,5
A10,120.0,3.3531808351723147e+36,1.82595339940293e-05,O_I_7774,7.229193929045334e+35,1.6284148150803903e+36,1.6855415380393485e+36,3.9224482052576224e+34,10
A10,130.0,4.043386805608047e+36,2.8306648869843232e-05,O_I_7774,8.886423956554667e+35,2.0254904525917533e+36,1.9856998566353687e+36,3.219649638092639e+34,10
A10,140.0,1.3250444973685565e+37,6.502297778463328e-05,O_I_6300,2.999271869664e+36,7.145076624436569e+36,6.094925751519623e+36,1.0442597729369977e+34,10
A10,150.0,2.459213746599764e+36,2.1958413449223773e-05,O_I_6300,6.096833658224001e+35,1.2365000080311773e+36,1.2225356092088603e+36,1.781293597268028e+32,10
A11,0.1,1.1381194552604793e+38,0.0006851709455607979,O_I_7774,6.60458308708064e+37,4.774036028054035e+37,6.60715851303859e+37,1.1512167485913923e+29,10
A11,0.2,1.1296719577496008e+38,0.0006797757413241757,O_I_7774,6.604671532602486e+37,4.689454368906442e+37,6.607265202845706e+37,5.743859938530508e+28,10
A11,0.3,1.1213663673354955e+38,0.0006744722516217326,O_I_7774,6.604760153329997e+37,4.606291445373182e+37,6.607372224709619e+37,3.27215456883047e+28,10
A11,0.4,1.1132004445850817e+38,0.0006692589570220935,O_I_7774,6.604848950162902e+37,4.524524868877763e+37,6.607479574851167e+37,2.1218876263262762e+28,10
A11,0.5,1.1051719879688923e+38,0.0006641343654106435,O_I_7774,6.60493792319484e+37,4.444132625715781e+37,6.607587252420836e+37,1.5523037638064957e+28,10
A11,0.6,1.0972788298662454e+38,0.0006590970094680681,O_I_7774,6.605027072223698e+37,4.365093039771428e+37,6.60769525762569e+37,1.265337464690527e+28,10
A11,0.7,1.0895188349346058e+38,0.0006541454455762058,O_I_7774,6.605116396925742e+37,4.287384757118878e+37,6.607803591090846e+37,1.1363335894090608e+28,10
A11,0.8,1.0818898992646883e+38,0.0006492782532000272,O_I_7774,6.605205896918098e+37,4.2109867378992244e+37,6.607912253630225e+37,1.1174352922606074e+28,10
A11,0.9,1.074389949829766e+38,0.000644494034449539,O_I_7774,6.605295571779709e+37,4.135878250924286e+37,6.608021246168792e+37,1.2045828957142457e+28,10
A11,1.0,1.0670169440774894e+38,0.0006397914137300731,O_I_7774,6.605385421052256e+37,4.0620388696015327e+37,6.608130569738505e+37,1.434855922637245e+28,10
A11,2.0,9.940227867488365e+37,0.0005932433856019546,O_I_7774,6.608525315348159e+37,3.3287236405669784e+37,6.611502328154538e+37,1.8987668488880834e+31,10
A11,3.0,8.94786341060569e+37,0.0005299616500183212,O_I_7774,6.631736843868318e+37,2.3126872500711423e+37,6.635176073963718e+37,8.65708268483976e+29,10
A11,4.0,8.237594432916479e+37,0.0004841419548757234,O_I_7774,6.657159056525085e+37,1.5762963301599102e+37,6.661274575771684e+37,2.3526984884508974e+32,10
A11,5.0,7.650763385869186e+37,0.0004452537830840501,O_I_7774,6.7003467133698585e+37,9.454792771150085e+36,6.705282125572697e+37,1.9831814802602217e+31,10
A11,10.0,7.323115641099088e+37,0.0004065234545023641,O_I_7774,6.925871296396036e+37,3.4242456572501443e+36,6.979287248126728e+37,1.4038272473456112e+34,10
A11,20.0,1.8352469152449352e+38,0.0010720142782330874,C_III_1909,7.46293297942306e+37,9.141214704155933e+37,8.323506767671479e+37,8.877476806219381e+36,10
A11,30.0,2.719740494098378e+38,0.0019667926281174766,O_III_5007,8.303629876687621e+37,1.5292159761621865e+38,8.679535535023813e+37,3.225709644338105e+37,10
A11,40.0,2.678460928353219e+38,0.002237165790500837,C_III_4647,9.986262312555241e+37,1.6274755627002705e+38,7.667153889556051e+37,2.8426997669734343e+37,10
A11,50.0,2.9876346717624685e+38,0.0027335776114413035,C_III_4647,1.014637171070039e+38,2.0682317820483578e+38,6.700432017402729e+37,2.4935968797383815e+37,10
A11,60.0,3.112016078910496e+38,0.0017259431635301894,C_III_4647,1.0225557009286923e+38,2.170035210978395e+38,6.780712658753744e+37,2.639096020567271e+37,10
A11,70.0,4.8235692070767335e+38,0.0010040367817873619,C_III_4647,1.5279362054836776e+38,3.568644110482378e+38,8.737377684192662e+37,3.811873281750895e+37,10
A11,80.0,4.9682089068566025e+39,0.001018102073788446,C_III_4647,2.4166669317929647e+39,4.0444192534094147e+39,8.563516822456685e+38,6.743797120151877e+37,10
A11,90.0,3.586050573121149e+40,0.054727792047741725,C_II_4267,1.7222195976673313e+40,3.4651285791856093e+40,1.0054808006432855e+39,2.0373913871211055e+38,6
A11,100.0,6.399775825197602e+40,0.1102978588454479,C_II_4267,2.5756488456270894e+40,6.198963463146903e+40,1.7605023234102983e+39,2.476212970966799e+38,5
A11,110.0,1.3592468594851634e+40,0.027859535427628177,C_III_4647,2.52693572996799e+39,1.0526492067742813e+40,2.9334071877976023e+39,1.3256933931121903e+38,10
A11,120.0,1.2389800329459227e+39,0.00329831673601936,O_I_7774,1.842996832529667e+38,7.617447804390337e+38,4.3065116454226095e+38,4.6584087964628005e+37,10
A11,130.0,4.597711489259837e+36,1.597168357636597e-05,O_I_7774,9.525110861461669e+35,2.307701562442463e+36,2.2271313727650965e+36,6.287855405227726e+34,10
A11,140.0,1.8611432780684978e+36,7.122585747621051e-06,O_I_7774,4.375617656715005e+35,9.23313270916637e+35,9.273728345877131e+35,1.0457172564147618e+34,10
A11,150.0,5.831339593206195e+36,0.005370951712396534,Ne_III_3869,6.86733273849e+35,3.2749364750376906e+36,1.8696698443195048e+36,6.86733273849e+35,10
A12,0.1,3.689358322264548e+38,0.014134160642532496,C_III_1909,1.3550363518866562e+38,1.4421498231895078e+38,1.3327174460654484e+38,9.144910530095919e+37,9
A12,0.2,3.663583376690589e+38,0.014060754749342643,C_III_1909,1.3451053796277014e+38,1.4321610081653884e+38,1.3244611975696581e+38,9.069611709555434e+37,9
A12,0.3,3.6181677314684344e+38,0.013912771112481464,O_III_5007,1.3158255674851297e+38,1.4020247778261699e+38,1.3164569210431532e+38,8.996860325991115e+37,9
A12,0.4,3.554442769076582e+38,0.013694796720894757,O_III_5007,1.3080788418498492e+38,1.353086476516413e+38,1.3086980331316128e+38,8.926582594285563e+37,9
A12,0.5,3.474439814055355e+38,0.01341289863263693,O_III_5007,1.3005696946005787e+38,1.2874123373225769e+38,1.3011671500750153e+38,8.85860326657763e+37,9
A12,0.6,3.38077114560248e+38,0.013076737579767824,O_III_5007,1.2932702778191587e+38,1.2076678008730725e+38,1.2938374378474272e+38,8.792659068819803e+37,9
A12,0.7,3.276483781467008e+38,0.012698180901896113,O_III_5007,1.286144966807189e+38,1.1169672949363069e+38,1.2866746462613467e+38,8.728418402693545e+37,9
A12,0.8,3.164892915872465e+38,0.012290104366534401,O_III_5007,1.2791529739132472e+38,1.0187027586685836e+38,1.2796396210908499e+38,8.665505361130316e+37,9
A12,0.9,3.0494044553461983e+38,0.011865549209594267,O_III_5007,1.2722512070438543e+38,9.16360835955491e+37,1.2726910462651623e+38,8.603525731255452e+37,9
A12,1.0,2.9333397345401746e+38,0.011436310715041878,O_III_5007,1.2653971011945891e+38,8.133423235206279e+37,1.2657881557556272e+38,8.5420925526392e+37,9
A12,2.0,2.9108689150135673e+38,0.011097369542810003,O_III_5007,1.2085388673790976e+38,8.999349473121525e+37,1.2090522563997589e+38,8.018817113016555e+37,9
A12,3.0,2.1880593514038437e+38,0.008519260384260607,O_III_5007,1.1241406472094037e+38,3.3290913618884926e+37,1.1243174907769877e+38,7.30832724438007e+37,9
A12,4.0,1.9999034388837995e+38,0.007912951487851037,O_III_5007,1.0313617058561129e+38,3.129095514237966e+37,1.0315634294471101e+38,6.5543045801289235e+37,9
A12,5.0,1.8132493197202542e+38,0.006993098033590957,O_III_5007,9.726148378647469e+37,2.335626036123823e+37,9.727389336143206e+37,6.069477824935508e+37,9
A12,10.0,1.2497128950591345e+38,0.005018229102757206,O_III_5007,6.610779521188102e+37,2.1378165060635037e+37,6.611398017785795e+37,3.7479144267420465e+37,9
A12,20.0,1.2246193299508924e+38,0.0012354476321685614,O_III_5007,5.325659935740878e+37,3.7015929932527893e+37,5.32669282270462e+37,3.2179074835515165e+37,10
A12,30.0,8.481916980517296e+38,0.0015484692186709503,C_III_4647,4.25777035028855e+38,7.392553092435183e+38,7.866973008970326e+37,3.026665871850819e+37,10
A12,40.0,1.7553067761886884e+39,0.004427925407727855,C_III_4647,8.109117858574756e+38,1.6022883912652152e+39,1.1312648571704253e+38,3.9891899206430723e+37,10
A12,50.0,8.1326323702446e+39,0.02925545840222707,C_III_4647,3.78413570382022e+39,7.588612593613894e+39,4.666788152534276e+38,7.734096137727853e+37,7
A12,60.0,1.1994799403849374e+40,0.054658598631719804,C_II_4267,6.808888465708345e+39,1.1146003388323917e+40,7.456743697305274e+38,1.0312164579492849e+38,5
A12,70.0,1.9113719531774374e+40,0.1012951442663661,C_II_4267,1.1040614232019216e+40,1.8154069959261039e+40,8.185542822830665e+38,1.4109529023026844e+38,5
A12,80.0,3.425045863951758e+40,0.17918795854851466,C_II_4267,2.0368404738651535e+40,3.301120153489436e+40,1.0749427766146859e+39,1.6431432800854003e+38,4
A12,90.0,3.0783319832552434e+40,0.34459323560634547,C_II_4267,1.4468009801666118e+40,2.9618329425861427e+40,9.703422524623045e+38,1.946481542287082e+38,3
A12,100.0,1.013547314929433e+41,0.24949347240691885,C_II_4267,4.54483926058275e+40,9.7280113498785e+40,3.9402549458144184e+39,1.3436304834388533e+38,3
A12,110.0,1.3169308207580165e+40,0.12316456766666735,C_III_5696,2.47797544174793e+39,1.0049696851531511e+40,3.074903719664476e+39,4.470763638417597e+37,7
A12,120.0,5.058086336547579e+36,5.5332224822295605e-05,C_II_4267,1.2490829777727501e+36,2.526243626210443e+36,2.5290319624254944e+36,2.810747911642131e+33,10
A12,130.0,6.78711229979021e+36,6.902419078533036e-05,O_I_7774,1.6772290182065e+36,3.401180806195672e+36,3.3836222053054286e+36,2.3092882891092667e+33,10
A12,140.0,4.5986099511732434e+36,4.446461999858909e-05,O_I_7774,1.144380749469125e+36,2.3020005605164916e+36,2.296091112251891e+36,5.1827840486128926e+32,10
A12,150.0,3.572289662383719e+36,2.2680274658252762e-05,O_I_7774,8.911044096950502e+35,1.788122404315022e+36,1.7840601372435247e+36,1.0712082517252883e+32,10
A13,0.1,1.3174562402301807e+39,0.026209853431151862,C_III_1909,1.2184451386288082e+39,1.224068767131303e+39,6.455016155638292e+37,2.8837311542494724e+37,7
A13,0.2,1.662339026413356e+39,0.03281119669518818,C_III_1909,1.500639009697952e+39,1.5080173647045068e+39,1.014380843130006e+38,5.288357739584881e+37,7
A13,0.3,1.4771192351265423e+39,0.029261291737416217,C_III_1909,1.3405340334036345e+39,1.3470464116880895e+39,8.69671838834833e+37,4.310563955496927e+37,7
A13,0.4,1.2473208421379088e+39,0.024821417699282023,C_III_1909,1.1428609954576463e+39,1.1483327087082562e+39,6.807170980970926e+37,3.0916423619943434e+37,7
A13,0.5,1.1269708120998207e+39,0.022479946741765455,C_III_1909,1.0364688083669526e+39,1.0414430039077996e+39,5.978600368759013e+37,2.574180450443078e+37,7
A13,0.6,1.0303660220842414e+39,0.020592467654934745,C_III_1909,9.49973434499181e+38,9.5455875477049e+38,5.376208225041083e+37,2.20451850633408e+37,7
A13,0.7,9.528572763608363e+38,0.01907295896217321,C_III_1909,8.795636144001662e+38,8.838436772066094e+38,4.9534289108689905e+37,1.9479310045536756e+37,8
A13,0.8,8.91019299972981e+38,0.017857417926044193,C_III_1909,8.224334559142097e+38,8.264752936528927e+38,4.674861231902721e+37,1.7795394001061285e+37,8
A13,0.9,8.425963420516717e+38,0.01690360804924127,C_III_1909,7.767430892062477e+38,7.80603782396375e+38,4.516329947670438e+37,1.6829260178592337e+37,8
A13,1.0,8.06371243448734e+38,0.01618857531178987,C_III_1909,7.415138505154713e+38,7.45245936634401e+38,4.463837538356992e+37,1.6486931430763018e+37,8
A13,2.0,1.6825819840004457e+39,0.033164570609883086,C_III_1909,1.445938199110008e+39,1.456476406336443e+39,1.4339290057067304e+38,8.27126770933299e+37,7
A13,3.0,1.5363208292834783e+39,0.030386529205012006,C_III_1909,1.2886684327789678e+39,1.3007163194356401e+39,1.4861829177837217e+38,8.698621806946624e+37,7
A13,4.0,1.137948461748821e+39,0.022697976835488874,C_III_1909,8.317551186648703e+38,8.501704305628392e+38,1.7611501121924978e+38,1.1166301996673205e+38,8
A13,5.0,1.0973016063363463e+39,0.021132458575864353,C_III_1909,8.068723409077529e+38,8.256969396621759e+38,1.6771919755611043e+38,1.0388546911806016e+38,8
A13,10.0,2.64039808420676e+38,0.005100758457208952,O_III_5007,1.2469923267289774e+38,6.661841264347355e+37,1.2482725343017967e+38,7.259414234702282e+37,10
A13,20.0,1.402445433185648e+38,0.002883913718897698,O_III_5007,6.5863854741780295e+37,4.198954343862902e+37,6.589193035519479e+37,3.236306952474099e+37,10
A13,30.0,1.265147262192546e+38,0.0027987050127207705,O_III_5007,4.568692364785572e+37,6.009379211866696e+37,4.5699664727420375e+37,2.072126937316726e+37,10
A13,40.0,2.7582182207718658e+38,0.0008201394978444986,O_III_5007,6.754605201225511e+37,1.6875776725998986e+38,6.79308869765072e+37,3.9133167840689534e+37,10
A13,50.0,2.2848163269516242e+39,0.003118886843498608,C_III_4647,1.3869214121970446e+39,2.068013091194244e+39,1.6043230298228332e+38,5.637093277509674e+37,10
A13,60.0,1.4947809594577915e+40,0.03760366570289577,C_III_4647,7.537529910454024e+39,1.4308046566894042e+40,5.324841765595804e+38,1.0727885112428766e+38,6
A13,70.0,1.827753316222226e+40,0.062076609997946536,C_II_4267,9.621140496801922e+39,1.731082281905446e+40,7.986725450112242e+38,1.6803779815657496e+38,5
A13,80.0,3.3151686114401376e+40,0.14104090614267842,C_II_4267,1.815539134632623e+40,3.198058899686667e+40,9.859894692226758e+38,1.8510764831203296e+38,3
A13,90.0,3.5481525923164967e+40,0.1819340246795927,C_II_4267,1.589765055170047e+40,3.4248881555245486e+40,1.0270383546646857e+39,2.0560601325479254e+38,3
A13,100.0,5.059286756829094e+40,0.29564650170197393,C_II_4267,2.1630417525225374e+40,4.835670372019532e+40,2.0450331563934792e+39,1.9113069170212702e+38,3
A13,110.0,9.509183652693886e+37,0.0009298270679837933,C_II_4267,1.347852815603005e+37,5.287349372396574e+37,4.043558446809015e+37,1.7827583348829593e+36,10
A13,120.0,5.691819037655825e+36,4.068848664614316e-05,O_I_7774,1.3997544892583343e+36,2.862225382188266e+36,2.827452299441445e+36,2.141356026113116e+33,10
A13,130.0,3.886025837395323e+36,3.158310349117259e-05,O_I_7774,9.637946434020002e+35,1.947090531756286e+36,1.9381508908032692e+36,7.844148357684146e+32,10
A13,140.0,3.905296951787949e+36,2.9683413825249774e-05,O_I_7774,9.707901795703334e+35,1.9573654422502355e+36,1.9475389175581103e+36,3.925919796031517e+32,10
A13,150.0,3.3701069966973724e+36,2.910723466426809e-05,O_I_6300,8.395803591406669e+35,1.688174533881842e+36,1.6817789733856395e+36,1.5348942989136239e+32,10
A14,0.1,5.3395428384848745e+38,0.006314386564279287,C_III_1909,5.000033510225241e+38,5.028953782291716e+38,3.0825230350274483e+37,2.3367526904133826e+35,9
A14,0.2,5.122937187492519e+38,0.0060557967403210775,C_III_1909,4.787821184986296e+38,4.815736469875423e+38,3.0606445494902194e+37,1.1362626680732038e+35,9
A14,0.3,4.931106531953195e+38,0.005826577103142667,C_III_1909,4.598181054944708e+38,4.625208892039636e+38,3.0522101937546813e+37,6.766205380924626e+34,9
A14,0.4,4.750734717526127e+38,0.005610999531720531,C_III_1909,4.41934173078333e+38,4.445531002873875e+38,3.0477037991582524e+37,4.333347364269233e+34,9
A14,0.5,4.578958048385927e+38,0.005405643900181169,C_III_1909,4.248757298956853e+38,4.274142567895501e+38,3.0451698663010093e+37,2.984938603251161e+34,9
A14,0.6,4.414337809481773e+38,0.005208924477664337,C_III_1909,4.085139496252043e+38,4.109748274150915e+38,3.0436838337489403e+37,2.211519559636293e+34,9
A14,0.7,4.256085438612019e+38,0.00501978821758706,C_III_1909,3.92777403613782e+38,3.951630183904879e+38,3.0427901888473547e+37,1.7623582240380602e+34,9
A14,0.8,4.103725863252693e+38,0.004837266091032646,C_III_1909,3.776223506140139e+38,3.799348965535234e+38,3.0422583837739155e+37,1.5105934006734456e+34,9
A14,0.9,3.956946051734281e+38,0.004661548321657756,C_III_1909,3.63019378938872e+38,3.652609469355546e+38,3.041973142820196e+37,1.3926809671546168e+34,9
A14,1.0,3.815526583217948e+38,0.00449236258675318,C_III_1909,3.489473759631718e+38,3.5111999832433125e+38,3.041884959498726e+37,1.3810402476308176e+34,9
A14,2.0,2.954237160873049e+38,0.003457069914622517,C_III_1909,2.5986390429744367e+38,2.6162659067620324e+38,3.2621606306965533e+37,1.1755191041361015e+36,9
A14,3.0,1.7610751200961676e+38,0.0020496479304069953,C_III_1909,1.4321219256899403e+38,1.4430566026196455e+38,3.1342287216257223e+37,4.595645313949973e+35,10
A14,4.0,3.1820585689596475e+38,0.0035328123602092433,C_III_1909,2.6271296789740603e+38,2.6490073203652088e+38,4.631436158446666e+37,6.990763274977284e+36,10
A14,5.0,2.3173306468167667e+38,0.0025586117162113542,C_III_1909,1.8037966076548187e+38,1.8211686243698064e+38,4.420780154355859e+37,5.408400701137423e+36,10
A14,10.0,1.0938102240051409e+39,0.011494957858058014,C_III_1909,8.275791173749432e+38,8.595939449374442e+38,1.526669841682868e+38,8.154929489940988e+37,9
A14,20.0,2.144460058833339e+38,0.0023287482576519096,O_III_5007,8.88425334127071e+37,8.179001692382526e+37,8.927273940596454e+37,4.338324955354407e+37,10
A14,30.0,1.6737409431319724e+38,0.0021722100676547676,O_III_5007,6.106916475298102e+37,8.065338632730786e+37,6.113173527932486e+37,2.5588972706564525e+37,10
A14,40.0,1.9645622683105557e+38,0.0023393574164604952,C_IV_5801,5.848633820404862e+37,1.1413395928315592e+38,5.777813649553404e+37,2.45441310523656e+37,10
A14,50.0,2.5945909718566042e+38,0.0008948691562762063,O_III_5007,7.703045763693859e+37,1.4210793474681937e+38,7.712581524702099e+37,4.022534719181999e+37,10
A14,60.0,1.3397251054451104e+39,0.000726287479926285,C_III_4647,5.491784600686873e+38,1.0706170571187797e+39,2.2455046571336032e+38,4.455758261297037e+37,10
A14,70.0,1.3540969723086536e+40,0.022518459763356043,C_III_4647,7.282006294883404e+39,1.2932494093234568e+40,4.867253636151039e+38,1.2175026623686091e+38,8
A14,80.0,2.5366804357691207e+40,0.05326617805439797,C_II_4267,1.2351860672474332e+40,2.4261918382598087e+40,8.949720381657077e+38,2.099139369274124e+38,5
A14,90.0,4.0279218936550976e+40,0.10020898868316562,C_II_4267,1.6700758935434548e+40,3.8893424070560774e+40,1.14063131362335e+39,2.4516355236685203e+38,4
A14,100.0,6.142658972147159e+40,0.11278675846047029,C_II_4267,2.6270623829951534e+40,5.848930727431718e+40,2.7129496694682473e+39,2.2433277768615965e+38,5
A14,110.0,6.166772241335363e+38,0.002412852386182647,O_I_7774,8.349262641267001e+37,3.4580736818336026e+38,2.5047787923801004e+38,2.0391976712166056e+37,10
A14,120.0,7.019167936943902e+36,3.783792565383426e-05,O_I_7774,1.490958204269e+36,3.58242542737243e+36,3.379588744201831e+36,5.71537653696402e+34,10
A14,130.0,2.5008700004311656e+37,0.00011296146725599714,O_I_6300,5.546072247876013e+36,1.3733835119881634e+37,1.1264584535037318e+37,1.028034939270682e+34,10
A14,140.0,3.775447238422744e+36,2.458681338236452e-05,O_I_6300,9.355749225614e+35,1.898464436350006e+36,1.8766615060683142e+36,3.21296004422867e+32,10
A15,0.1,3.668132760000272e+38,0.0022309271197720106,C_III_1909,2.99626103462057e+38,3.0185724138709787e+38,6.495601539889449e+37,1.9214034806264971e+31,10
A15,0.2,3.6245869605496636e+38,0.0022033547562059427,C_III_1909,2.9529924575328436e+38,2.975041119880775e+38,6.495456621767354e+37,1.784921528883138e+31,10
A15,0.3,3.563377563217731e+38,0.002164864741741771,C_III_1909,2.8921157095939824e+38,2.9138044458766966e+38,6.495730469929858e+37,7.034804894525786e+30,10
A15,0.4,3.503340222093797e+38,0.002127039317125948,C_III_1909,2.8324054416907458e+38,2.8537395844400457e+38,6.496006062650737e+37,3.138867760151783e+30,10
A15,0.5,3.444452972571075e+38,0.002089965493522874,C_III_1909,2.7738399109210437e+38,2.7948246994531886e+38,6.496282572301057e+37,1.588778111522002e+30,10
A15,0.6,3.3866954067781447e+38,0.0020536291236888456,C_III_1909,2.7163988246805573e+38,2.7370394243552295e+38,6.496559732934188e+37,9.129496684387653e+29,10
A15,0.7,3.3300477936196794e+38,0.0020180165212929538,C_III_1909,2.6600625339969226e+38,2.68036404250152e+38,6.496837451746927e+37,5.943466969005639e+29,10
A15,0.8,3.2744908166893866e+38,0.001983114300516146,C_III_1909,2.604811793106057e+38,2.6247792429197506e+38,6.497115694089715e+37,4.360664366243579e+29,10
A15,0.9,3.2200054884118884e+38,0.0019489093226948378,C_III_1909,2.5506276805350256e+38,2.5702660401747653e+38,6.497394446569096e+37,3.580213375375229e+29,10
A15,1.0,3.166573118691104e+38,0.001915388676079266,C_III_1909,2.497491570139363e+38,2.51680574498901e+38,6.497673704328586e+37,3.2692352529753086e+29,10
A15,2.0,2.68631993848187e+38,0.0016151738465234255,C_III_1909,2.019935761676024e+38,2.036265377539701e+38,6.50052771603618e+37,1.7893385512804275e+32,10
A15,3.0,2.1175377693268674e+38,0.0012663626522352398,C_III_1909,1.454217642683572e+38,1.4668530330295332e+38,6.506845113041425e+37,2.2499319146413584e+31,10
A15,4.0,1.6831435174270642e+38,0.001001044055090508,C_III_1909,1.0220688709721858e+38,1.0316704025022321e+38,6.514472470170806e+37,2.5867907751337252e+33,10
A15,5.0,1.3210549476513392e+38,0.0007796667084142783,C_III_1909,6.6027754058776965e+37,6.6712170718056605e+37,6.539272640176918e+37,5.9764530813735216e+32,10
A15,10.0,8.760210685264286e+37,0.0004945872668806649,O_I_7774,6.704951999346591e+37,1.8838811655193844e+37,6.857628376215389e+37,1.870114352951153e+35,10
A15,20.0,4.665084213039688e+38,0.0027427315735682697,C_III_1909,2.9543068105393197e+38,3.3283148448953795e+38,1.0510876154917763e+38,2.8568175265253298e+37,10
A15,30.0,2.6212237713040623e+38,0.001853210541114049,O_III_5007,8.205518327537154e+37,1.4379362196643942e+38,8.456816768937392e+37,3.3760587474592937e+37,10
A15,40.0,2.6480231559344683e+38,0.002114736872334884,C_III_4647,9.704057814391497e+37,1.5208989142949074e+38,8.154594437607954e+37,3.116647978787654e+37,10
A15,50.0,3.285427306682953e+38,0.002589243035462124,C_III_4647,1.0665403280324224e+38,2.19183554270578e+38,7.8712210668779865e+37,3.06469657289374e+37,10
A15,60.0,3.38249762500437e+38,0.0015110151065850464,C_III_4647,1.0851043197530463e+38,2.2203595782372092e+38,8.207237196118362e+37,3.414143271553245e+37,10
A15,70.0,4.108439921286157e+38,0.000949907388462642,C_III_4647,1.2245313376214138e+38,2.782807680065811e+38,9.155325496141026e+37,4.1009969160624363e+37,10
A15,80.0,1.0451182759315781e+39,0.0008128851266851855,C_III_4647,4.740047336728174e+38,8.683280764352904e+38,1.2784058155990606e+38,4.894961793638181e+37,10
A15,90.0,9.117152310113894e+40,0.10920091340552965,C_III_4647,5.420066098264831e+40,9.005889470118116e+40,9.069624153422961e+38,2.0566598461550063e+38,4
A15,100.0,6.358264897581576e+40,0.09215197676820455,C_II_4267,2.601266746504002e+40,6.05857268632917e+40,2.7601128904713856e+39,2.3680922205267164e+38,5
A15,110.0,4.7546866708175846e+39,0.008906690956634516,C_III_5696,9.270264333088001e+38,3.015499264021784e+39,1.6364225214654264e+39,1.027648853303738e+38,10
A15,120.0,7.842056273350879e+36,1.864053943119066e-05,O_I_7774,1.528942667648001e+36,3.9300601304797626e+36,3.783682212448179e+36,1.283139304229359e+35,10
A15,130.0,2.2170223887267465e+37,6.099681337412139e-05,O_I_7774,3.7761894988959995e+36,1.2312508394873321e+37,9.541417839433182e+36,3.162976529609655e+35,10
A15,140.0,2.1583537128168493e+37,8.280670731254068e-05,O_I_6300,4.601057332351999e+36,1.2239657221806732e+37,9.327570306920742e+36,1.6309599441014516e+34,10
A4,0.1,4.606134726034462e+38,0.019569256979594565,C_III_1909,2.816750202633273e+38,2.8974012412408323e+38,1.0435769864114684e+38,6.651564983821625e+37,8
A4,0.2,4.5346040326384665e+38,0.01930582726656546,C_III_1909,2.760116631861249e+38,2.840711673843364e+38,1.0355028113025692e+38,6.583895474925333e+37,9
A4,0.3,4.42270432067309e+38,0.018872331209798598,C_III_1909,2.660733382948314e+38,2.741497422903769e+38,1.0285607602172498e+38,6.52646137552072e+37,9
A4,0.4,4.2740745838875e+38,0.018280976096255692,C_III_1909,2.522403900870863e+38,2.603556845277005e+38,1.0226689175950754e+38,6.478488210154195e+37,9
A4,0.5,4.093102944199696e+38,0.01754808438136089,C_III_1909,2.349802809137668e+38,2.4315533881410498e+38,1.017683095515415e+38,6.438664605432317e+37,9
A4,0.6,3.453948631326561e+38,0.014872123249303626,C_III_1909,1.6959299695288415e+38,1.7810114132782514e+38,1.0234558005845987e+38,6.494814174637107e+37,9
A4,0.7,3.2774323568262326e+38,0.014145316486054346,C_III_1909,1.5281304735907585e+38,1.613966118775133e+38,1.0181992186023138e+38,6.452670194487858e+37,9
A4,0.8,3.088723202173779e+38,0.013362880315485319,C_III_1909,1.3474392615794806e+38,1.4341832597161627e+38,1.0132262381911067e+38,6.413137042665096e+37,9
A4,0.9,2.894882860468321e+38,0.012554096717967086,C_III_1909,1.1612413505081254e+38,1.2490356502463985e+38,1.0083726508251069e+38,6.374745593968155e+37,9
A4,1.0,2.7030339443791278e+38,0.011749144685736405,O_III_5007,1.0024703069145662e+38,1.0659313500999491e+38,1.0034876456480924e+38,6.336149486310862e+37,9
A4,2.0,2.6072105261450557e+38,0.011450575760475049,C_III_1909,1.0363711820726322e+38,1.1234878255982717e+38,9.184960257971476e+37,5.6522667474963675e+37,9
A4,3.0,1.862434156521281e+38,0.007969403350507909,O_III_5007,8.80966804472961e+37,4.455276795270937e+37,8.81478122172759e+37,5.354283548214289e+37,9
A4,4.0,1.715683720035203e+38,0.007392938004433987,O_III_5007,8.044186635242899e+37,4.333724871555784e+37,8.050394354893313e+37,4.772717973902933e+37,9
A4,5.0,1.3826155128261534e+38,0.005996275926448234,O_III_5007,7.368357038193317e+37,2.181245153896865e+37,7.37078873254794e+37,4.274121241816727e+37,9
A4,10.0,9.285611510282879e+37,0.004153212683600018,O_III_5007,4.979419802237974e+37,1.6922931389653776e+37,4.980559854854038e+37,2.6127585164634634e+37,10
A4,20.0,7.56502450305051e+37,0.0013332766386607601,O_III_5007,3.0859331600285694e+37,2.8687828186601667e+37,3.086574077868133e+37,1.609667606522209e+37,10
A4,30.0,9.146529674443258e+38,0.002539074312165095,C_III_4647,5.7139202702855256e+38,8.344736666923295e+38,5.879547464366636e+37,2.138382610832971e+37,10
A4,40.0,2.3424282450425943e+39,0.010324983118203884,C_III_4647,1.1536016818542816e+39,2.159086811128689e+39,1.4418314142703348e+38,3.9158292486871717e+37,10
A4,50.0,6.284276347457813e+39,0.03294754606608061,C_III_4647,3.1213980408083984e+39,5.85517298277085e+39,3.6533414583985995e+38,6.376921884710376e+37,6
A4,60.0,7.828234999553044e+39,0.04736193463399402,C_II_4267,4.250458371731241e+39,7.12938847795947e+39,6.139691053061995e+38,8.487741628737343e+37,5
A4,70.0,1.42621361195388e+40,0.08292383378528795,C_II_4267,8.086965550073321e+39,1.3435026618742774e+40,7.134644310622086e+38,1.1364506973382088e+38,5
A4,80.0,2.1444869986869409e+40,0.15420624267434724,C_II_4267,1.251976266489422e+40,2.049349649994362e+40,8.165714910793687e+38,1.3480199584641951e+38,4
A4,90.0,2.3239126092219724e+40,0.14352299317980807,C_II_4267,1.2290509738623185e+40,2.231729033838985e+40,7.60111406898828e+38,1.617243469310411e+38,4
A4,100.0,3.0016422718466394e+40,0.19950529762975994,C_II_4267,1.4929210011403942e+40,2.894092043659036e+40,9.066489261519523e+38,1.6885335572407985e+38,3
A4,110.0,3.534238885682415e+40,0.45049927715428856,C_II_4267,1.5671872558569178e+40,3.392728838321394e+40,1.2516877193711641e+39,1.6341275423904534e+38,2
A4,120.0,3.5649585616150704e+40,0.1033255470941111,C_II_4267,1.4943621254040001e+40,3.3178673718273643e+40,2.360008027872276e+39,1.1090387000478968e+38,4
A4,130.0,5.566086597319959e+36,4.8731806115706486e-05,C_II_4267,1.3407752084870002e+36,2.799799339900235e+36,2.7587688933105103e+36,7.518364109213794e+33,10
A4,140.0,2.822333464580422e+36,3.627886110499148e-05,O_I_7774,6.938713407506e+35,1.409790841960333e+36,1.410505885891905e+36,2.0367367281846273e+33,10
A4,150.0,7.724063223751576e+35,9.180083210982306e-06,O_I_7774,1.927489161078302e+35,3.858747478335619e+35,3.8645313097821e+35,7.844356338569116e+31,10
A4,160.0,0.0,0.0,,,0.0,0.0,0.0,-1
A5,0.1,5.232891940370148e+37,0.001107680741748262,C_III_1909,3.4117137576561225e+37,3.4444316560753284e+37,1.7394322971970973e+37,4.902798709772137e+35,10
A5,0.2,5.134609164809084e+37,0.0010864872630481535,C_III_1909,3.3008658724343603e+37,3.33296330352836e+37,1.7492685044132755e+37,5.237735686744894e+35,10
A5,0.3,5.118878785861438e+37,0.0010827291731407595,C_III_1909,3.2607868430045506e+37,3.2929407524710574e+37,1.7670591393054583e+37,5.887889408492254e+35,10
A5,0.4,5.210723448657912e+37,0.001101698398272378,C_III_1909,3.312132628110495e+37,3.345256320045068e+37,1.7958119262693004e+37,6.96552023435429e+35,10
A5,0.5,5.45533996007672e+37,0.0011529060352928491,C_III_1909,3.4923243487743122e+37,3.5277519967266575e+37,1.8408451429659695e+37,8.674282038409318e+35,10
A5,0.6,5.931939536392426e+37,0.0012530157989154875,C_III_1909,3.866995727045519e+37,3.90680010300553e+37,1.911379395088424e+37,1.137600382984713e+36,10
A5,0.7,6.7795276538377455e+37,0.001431246800678013,C_III_1909,4.551267834688883e+37,4.598829895302136e+37,2.0234645626340984e+37,1.5723319590151184e+36,10
A5,0.8,8.244537020631631e+37,0.001739328174988592,C_III_1909,5.748911331269671e+37,5.809967664554674e+37,2.2052754755400716e+37,2.292938805368857e+36,10
A5,0.9,1.076681240769609e+38,0.002269380107222381,C_III_1909,7.822631631998359e+37,7.907224594169984e+37,2.506314705604966e+37,3.5327310792113955e+36,10
A5,1.0,1.5123483017746577e+38,0.003183273985345358,C_III_1909,1.141063309279317e+38,1.1536712151041593e+38,3.0117096398369633e+37,5.750612268680212e+36,10
A5,2.0,1.8910307335935237e+38,0.003954504874931661,C_III_1909,1.423289976808091e+38,1.4422394471167448e+38,3.659701760033289e+37,8.282111047345037e+36,9
A5,3.0,6.475603258816921e+38,0.013324017453433581,C_III_1909,4.974027713730096e+38,5.073077397049956e+38,9.45556441533602e+37,4.569694202333631e+37,9
A5,4.0,5.561426060955778e+38,0.011397688493704991,C_III_1909,4.1561179061260096e+38,4.256409316390639e+38,8.87090538988821e+37,4.1792620557631875e+37,9
A5,5.0,5.561116327440444e+38,0.011328328232223501,C_III_1909,3.6155759596323326e+38,3.79827294621561e+38,1.1378501316782475e+38,6.249932495465865e+37,9
A5,10.0,2.1302937156202844e+38,0.00429246975039665,O_III_5007,8.623362344302902e+37,8.112226062746223e+37,8.67201339746208e+37,4.518697695994542e+37,10
A5,20.0,9.387760528802438e+37,0.0022816823411845708,O_III_5007,3.8871873395591737e+37,3.865089483605439e+37,3.8906696022622655e+37,1.6320014429347314e+37,10
A5,30.0,1.0905261769560912e+38,0.00132045141198863,O_III_5007,3.3558112972996844e+37,5.951810416343488e+37,3.357713316708722e+37,1.595738036508703e+37,10
A5,40.0,3.234723449434181e+38,0.0008006863491675355,C_III_4647,1.2777034034966974e+38,2.556930134063132e+38,4.617604814572334e+37,2.1603283391381537e+37,10
A5,50.0,2.949282971368654e+39,0.00995959912100972,C_III_4647,1.6186977131651988e+39,2.7209081256405373e+39,1.748737676258335e+38,5.350107810228389e+37,10
A5,60.0,1.5854687041759967e+40,0.06615095311696846,C_III_4647,8.342222776130539e+39,1.5257837280361784e+40,5.035280103320433e+38,9.332175106613984e+37,5
A5,70.0,1.3159417940917587e+40,0.06769756311234709,C_II_4267,6.936346201304652e+39,1.2376619922329457e+40,6.5636033497811956e+38,1.2643768361001214e+38,5
A5,80.0,1.7552500685337375e+40,0.10589256616957356,C_II_4267,8.825299800714802e+39,1.6723550499922549e+40,6.73975716874424e+38,1.5497446854040088e+38,4
A5,90.0,2.6841084888953487e+40,0.18231524949477818,C_II_4267,1.3364921417602905e+40,2.5832717441345915e+40,8.211509173648941e+38,1.8721653024267773e+38,3
A5,100.0,3.6179243254252987e+40,0.2696553192975343,C_II_4267,1.5598898966613075e+40,3.493463699120819e+40,1.032816942728582e+39,2.1178932031621252e+38,3
A5,110.0,3.865979272652349e+40,0.07000773161600286,C_II_4267,1.338913758818214e+40,3.6956342633974163e+40,1.485471824332293e+39,2.1797826821703452e+38,5
A5,120.0,1.7067109704443977e+40,0.17504374138027637,C_III_4647,4.27504179006501e+39,1.5376187276009625e+40,1.5993585258557613e+39,9.15639025785887e+37,5
A5,130.0,2.6986295635551855e+36,4.991530127305271e-05,O_I_7774,5.526019744893337e+35,1.2884074354529112e+36,1.374827486128563e+36,3.5394641973710914e+34,10
A5,140.0,5.1666767984989436e+36,7.22233555236868e-05,O_I_7774,1.1326838397908321e+36,2.676209473891552e+36,2.4689195029005146e+36,2.154782170687711e+34,10
A5,150.0,0.0,0.0,,,0.0,0.0,0.0,-1
A5,160.0,0.0,0.0,,,0.0,0.0,0.0,-1
A6,0.1,4.764267526248121e+37,0.0005469446438218433,O_I_7774,3.3021513237799674e+37,1.4599298743915192e+37,3.3043329046839707e+37,4.747172630768825e+31,10
A6,0.2,4.7018662233338305e+37,0.0005393509166088735,O_I_7774,3.303136972130248e+37,1.3965106681176848e+37,3.305352808564847e+37,2.7466512990064012e+31,10
A6,0.3,4.642113386941994e+37,0.000532075588808739,O_I_7774,3.3041233693745255e+37,1.335733802710819e+37,3.3063778205942303e+37,1.763636944933819e+31,10
A6,0.4,4.584948335239581e+37,0.0005251107464591773,O_I_7774,3.3051098566614824e+37,1.2775336692184678e+37,3.3074117082245067e+37,2.9577966061511665e+31,10
A6,0.5,4.530135555138366e+37,0.0005184285213997321,O_I_7774,3.3060985799181e+37,1.2216912397697566e+37,3.3084420109130826e+37,2.3044555282391703e+31,10
A6,0.6,4.477655636391612e+37,0.0005120258477986701,O_I_7774,3.307088362379924e+37,1.1681781047489914e+37,3.309475538858416e+37,1.99278420425091e+31,10
A6,0.7,4.427414140939915e+37,0.0005058911167729496,O_I_7774,3.308079251214082e+37,1.1169002324503586e+37,3.310511995807268e+37,1.912682288502445e+31,10
A6,0.8,4.379322805391687e+37,0.0005000134745961241,O_I_7774,3.309071248806422e+37,1.0677694235648676e+37,3.311551344244318e+37,2.0375825015787665e+31,10
A6,0.9,4.333299034282782e+37,0.0004943827608084251,O_I_7774,3.310064317403042e+37,1.0207028509717003e+37,3.3125937740883624e+37,2.409222719258528e+31,10
A6,1.0,4.289266820990236e+37,0.0004889896093808686,O_I_7774,3.3110583605264974e+37,9.7562385588556e+36,3.3136398033522867e+37,3.161752390192575e+31,10
A6,2.0,3.940400493583098e+37,0.0004458165122377031,O_I_7774,3.3230283471113064e+37,6.122187612748227e+36,3.327841134057618e+37,3.405982506571166e+33,10
A6,3.0,3.684364477705932e+37,0.0004129537815744543,O_I_7774,3.3451813773755514e+37,3.334977935699736e+36,3.3506450844264855e+37,2.2159970947325765e+33,10
A6,4.0,3.7676699145844095e+37,0.00041831265937104534,O_I_7774,3.363704132517112e+37,3.651799062863862e+36,3.3990771823878765e+37,3.4128259101464204e+34,10
A6,5.0,3.720351071742192e+37,0.0004095088735671893,O_I_7774,3.3906142873034836e+37,2.858115786631501e+36,3.4319143651426034e+37,2.6251279364379587e+34,10
A6,10.0,1.7869291273383287e+38,0.0019470191029644815,C_III_1909,1.0582857880880956e+38,1.1276479945240644e+38,5.599964073718916e+37,9.92847254423725e+36,10
A6,20.0,1.6723339453422385e+38,0.002122146009055242,O_III_5007,5.996798609315776e+37,8.142559543451105e+37,6.130741217686766e+37,2.4500386922845134e+37,10
A6,30.0,1.4386071115130735e+38,0.002153947189903403,C_III_4647,5.011383093802513e+37,8.293213772260438e+37,4.393233579897731e+37,1.6996237629725646e+37,10
A6,40.0,1.69040428387702e+38,0.002076911279787897,C_IV_5801,5.506405720946436e+37,1.1251738686851263e+38,4.0430393338107526e+37,1.609264818108186e+37,10
A6,50.0,2.2759018832933035e+38,0.0009701445938772974,C_IV_5801,7.081284963363479e+37,1.536557546815869e+38,5.071535219543e+37,2.3219081452313453e+37,10
A6,60.0,4.774784660344231e+39,0.008610779399867041,C_III_4647,2.124529755944644e+39,3.9010847445775496e+39,8.249107901841915e+38,4.878912558248958e+37,9
A6,70.0,7.777720667614988e+39,0.020886630462239063,C_II_4267,3.2687395485107e+39,7.125191134002984e+39,5.307457513652095e+38,1.2178378224679324e+38,9
A6,80.0,1.5014511266573356e+40,0.049993793488538586,C_II_4267,6.916742908641559e+39,1.4173076407688367e+40,6.719060674455461e+38,1.6952879143944686e+38,5
A6,90.0,2.707149214172647e+40,0.10156163653679658,C_II_4267,1.2420128547976481e+40,2.6009540399140864e+40,8.491549437425755e+38,2.127967988430307e+38,4
A6,100.0,4.310397288791639e+40,0.17436232794906148,C_II_4267,1.8310770070970222e+40,4.169955449274843e+40,1.172134578774608e+39,2.3228381639335093e+38,3
A6,110.0,4.7465509976855535e+40,0.09174993685050294,C_III_5696,1.6863729022656749e+40,4.547426598649315e+40,1.7693427342078658e+39,2.2190125615453e+38,5
A6,120.0,3.7339031223942804e+39,0.02296287774309436,C_III_5696,5.964876699445001e+38,2.4689117733880557e+39,1.1964253690528273e+39,6.856597995339839e+37,10
A6,130.0,2.3263563073101368e+36,1.969622794187767e-05,C_II_4267,4.7545158529285004e+35,1.0925237729443662e+36,1.1932657101711766e+36,4.056682419459376e+34,10
A6,140.0,4.916667219372182e+36,5.084146176571653e-05,O_I_7774,8.863433313378998e+35,2.48599029562208e+36,2.3430972858161373e+36,8.757963793396475e+34,10
A6,150.0,0.0,0.0,,,0.0,0.0,0.0,-1
A6,160.0,0.0,0.0,,,0.0,0.0,0.0,-1
A7,0.1,7.07055925017786e+37,0.0004063999085723995,O_I_7774,6.924942015668553e+37,1.3534185105371048e+36,6.935217399119104e+37,5.043743662644237e+25,10
A7,0.2,7.069074885038533e+37,0.00040619168749389214,O_I_7774,6.925205530140395e+37,1.335287128105897e+36,6.935546172197081e+37,3.086428081903154e+26,10
A7,0.3,7.067613977973695e+37,0.00040598529883995575,O_I_7774,6.925468823516089e+37,1.3173879053702982e+36,6.935875187185725e+37,2.5094048290058615e+27,10
A7,0.4,7.065722959678898e+37,0.00040570398194665527,O_I_7774,6.926676792281396e+37,1.2852991744294508e+36,6.937193041865067e+37,3.7088636490719577e+27,10
A7,0.5,7.063586208093648e+37,0.0004053657144982521,O_I_7774,6.928636010842563e+37,1.2428749870047594e+36,6.939298709256439e+37,1.3673449253912962e+27,10
A7,0.6,7.06158638624634e+37,0.00040503340339988214,O_I_7774,6.930595931214232e+37,1.2017903338862016e+36,6.941407352800359e+37,5.736168605019149e+26,10
A7,0.7,7.059719458619907e+37,0.00040470936286344584,O_I_7774,6.93255652495146e+37,1.1620047756204226e+36,6.943518981030462e+37,2.7402937525110724e+26,10
A7,0.8,7.057981515996099e+37,0.0004043933487281632,O_I_7774,6.934517762572682e+37,1.1234791267080138e+36,6.945633603310385e+37,1.4911498502302897e+26,10
A7,0.9,7.056368764363199e+37,0.0004040851241047155,O_I_7774,6.936479613794564e+37,1.0861753508539744e+36,6.947751229268567e+37,9.235199222615689e+25,10
A7,1.0,7.0548775196449135e+37,0.0004037844590473095,O_I_7774,6.938442047587284e+37,1.0500565100080334e+36,6.949871868637614e+37,6.496328402117467e+25,10
A7,2.0,7.045909847779058e+37,0.0004011475587755591,O_I_7774,6.958091050424837e+37,7.466367280908905e+35,6.9712461744749e+37,4.950696643339599e+27,10
A7,3.0,7.050970808376821e+37,0.00040125868407998053,O_I_7774,6.9861847396806845e+37,4.927348069955174e+35,7.001697326768955e+37,9.083141681043307e+27,10
A7,4.0,7.068483247263021e+37,0.0003978946199089279,O_I_7774,7.018815633098336e+37,3.110088436210461e+35,7.037382338687835e+37,2.4213080826642113e+29,10
A7,5.0,7.084721105369464e+37,0.00039605086458664794,O_I_7774,7.043661131816687e+37,1.828484397579854e+35,7.066436239448873e+37,2.194479225913065e+29,10
A7,10.0,7.095808354363444e+37,0.00043103206431363767,O_I_7774,7.004653255546074e+37,4.6927103740632225e+34,7.091114277520907e+37,1.3664684734924352e+31,10
A7,20.0,9.547526797891426e+37,0.0006640430518671392,O_I_7774,5.497408197972119e+37,1.7425441393997346e+37,7.56694949185898e+37,2.3803316663271008e+36,10
A7,30.0,2.4308161515846835e+38,0.00209813261974497,O_III_5007,7.381963337901032e+37,1.3835435005657187e+38,7.866757013269973e+37,2.6059694969196676e+37,10
A7,40.0,2.431288073456615e+38,0.0026152223312632295,C_III_4647,8.85974468444592e+37,1.5899582251233648e+38,6.231795668221156e+37,2.181502815111351e+37,10
A7,50.0,3.2231878757943692e+38,0.0022634671718529155,C_III_4647,1.142575446234848e+38,2.358811529631984e+38,6.301006745065402e+37,2.3427567165584516e+37,10
A7,60.0,4.104410224579403e+38,0.0014138199125810255,C_IV_5801,1.527106429125823e+38,3.099313212300097e+38,7.1212055811999e+37,2.9297645415931533e+37,10
A7,70.0,4.483923026845368e+38,0.0011827756906271365,C_IV_5801,1.745248067489471e+38,3.522257017081032e+38,6.825407140169703e+37,2.7912529574736542e+37,10
A7,80.0,5.944036786729807e+39,0.009814478641342769,C_III_4647,3.944182783844773e+39,5.532385586782453e+39,3.146369469671085e+38,9.701425298024483e+37,10
A7,90.0,2.80960483426177e+40,0.05761592739508683,C_II_4267,1.2831334265547736e+40,2.7002185312960387e+40,8.870003019052382e+38,2.0686272775207526e+38,6
A7,100.0,3.9109016611256265e+40,0.09073238509082995,C_III_5696,1.427911577495533e+40,3.777586868289039e+40,1.0915765717039324e+39,2.4157135666194285e+38,5
A7,110.0,5.294255948376016e+40,0.09528034983677162,C_III_5696,1.910440133419e+40,5.034730466444015e+40,2.37865065780132e+39,2.1660416151869415e+38,5
A7,120.0,4.2321932712954864e+39,0.013495328948108669,O_I_7774,6.798470719657e+38,2.826324700356464e+39,1.3215693066712226e+39,8.4299264267799685e+37,10
A7,130.0,7.64780208217689e+37,0.00032784980744571344,O_I_7774,9.767045879357001e+36,4.1288469818872786e+37,2.9301137638071005e+37,5.888413364825116e+36,10
A7,140.0,8.07026860718789e+35,4.082296538272679e-06,O_I_7774,1.9095822398280008e+35,3.916327183585565e+35,4.091756193098388e+35,6.218523050393725e+33,10
A7,150.0,0.0,0.0,,,0.0,0.0,0.0,-1
A7,160.0,0.0,0.0,,,0.0,0.0,0.0,-1
A8,0.1,3.772341834094018e+38,0.01515925932703129,C_III_1909,1.7450545235725636e+38,1.831769536216088e+38,1.1701341958290218e+38,7.704381020489077e+37,9
A8,0.2,3.608200171659889e+38,0.014530574000908129,C_III_1909,1.5907033016142663e+38,1.6780019690164998e+38,1.1645330962497722e+38,7.656651063936174e+37,9
A8,0.3,3.4262839620672704e+38,0.013828443453255219,C_III_1909,1.4178082986845902e+38,1.505849464514339e+38,1.1592455968393656e+38,7.611889007135658e+37,9
A8,0.4,2.973040554415596e+38,0.012037679528973088,O_III_5007,1.1573850992672366e+38,1.0544798700171917e+38,1.1580619312922527e+38,7.604987531061517e+37,9
A8,0.5,2.831673263858595e+38,0.011486335652419157,O_III_5007,1.1516014093931772e+38,9.23980231495583e+37,1.1521932948933485e+38,7.554997374696633e+37,9
A8,0.6,2.726855521838397e+38,0.011080229720258598,O_III_5007,1.1449694300005654e+38,8.315219561008617e+37,1.1455032088022932e+38,7.498303569352416e+37,9
A8,0.7,2.9305244627358225e+38,0.011915683500912532,O_III_5007,1.1325798002558426e+38,1.0578863964465325e+38,1.1333059930422872e+38,7.393320732470032e+37,9
A8,0.8,2.9325415884007305e+38,0.011941585999998415,O_III_5007,1.1233579469565621e+38,1.0768119504159938e+38,1.1241165155571646e+38,7.31613122427572e+37,9
A8,0.9,2.9237973820314836e+38,0.011923926256807018,O_III_5007,1.1143270424364925e+38,1.084610827545423e+38,1.115109764988631e+38,7.240767894974294e+37,9
A8,1.0,2.9041473319353613e+38,0.011862242504042757,O_III_5007,1.1054998412094116e+38,1.0811167108084097e+38,1.1062976422152102e+38,7.167329789117411e+37,9
A8,2.0,2.4409698506934766e+38,0.010129142562277019,O_III_5007,1.023797441482875e+38,7.667770014318594e+37,1.024463478979666e+38,6.497293702819511e+37,9
A8,3.0,1.911153239753767e+38,0.008050486679612529,O_III_5007,9.459887243504398e+37,3.770904307574956e+37,9.463256570253524e+37,5.877371519709191e+37,9
A8,4.0,1.6984599754840829e+38,0.006955691896416096,O_III_5007,8.926843847267518e+37,2.6091703596066143e+37,8.928994375855418e+37,5.4464350193787965e+37,9
A8,5.0,1.5088123849532762e+38,0.006239851367741499,O_III_5007,8.165687250163289e+37,2.0531152477288866e+37,8.167172633217512e+37,4.867835968586364e+37,9
A8,10.0,1.0566219913355158e+38,0.00451745480874648,O_III_5007,5.5930981185310475e+37,1.9424855201264405e+37,5.593852648039956e+37,3.0298817451887633e+37,10
A8,20.0,9.26549179301603e+37,0.0012262987156022465,O_III_5007,4.038866923272211e+37,2.9236996457809146e+37,4.039717720148913e+37,2.3020744270862036e+37,10
A8,30.0,1.1644899387327335e+39,0.0013762215556592308,C_III_4647,6.250155819086271e+38,1.039225120232085e+39,9.77977296546152e+37,2.7467088846033346e+37,10
A8,40.0,3.691269362544384e+39,0.01643211245219275,C_III_4647,1.6627552797979253e+39,3.4704506948568346e+39,1.7879585432400714e+38,4.202281336354179e+37,10
A8,50.0,1.1389396673743657e+40,0.04562829872139414,C_III_4647,5.011912118058308e+39,1.0660076700931461e+40,6.595758510922237e+38,6.974412171997201e+37,5
A8,60.0,1.5901193189300518e+40,0.07010923059895699,C_II_4267,9.6317769352971e+39,1.486440236334297e+40,9.413924327200815e+38,9.539839323746858e+37,5
A8,70.0,2.4499489054261814e+40,0.11258006420703821,C_II_4267,1.5014124434934476e+40,2.3371963672345393e+40,9.9932016405216e+38,1.282052178642639e+38,5
A8,80.0,3.342992829331021e+40,0.19896731056002678,C_II_4267,2.065934991514381e+40,3.221508925709142e+40,1.0730020812380648e+39,1.418369549807211e+38,4
A8,90.0,4.808531867699217e+40,0.4782392614348166,C_II_4267,2.820690684529767e+40,4.6593089221056845e+40,1.3200435328640975e+39,1.721859230712171e+38,1
A8,100.0,3.965166251790533e+40,0.42680868689210616,C_II_4267,1.8517147753364498e+40,3.812708666218235e+40,1.3461094689420733e+39,1.7846638678090346e+38,2
A8,110.0,8.864104726082914e+40,0.21537336449283323,C_III_5696,1.9303983259125e+40,8.145868263748678e+40,7.07032457673795e+39,1.1204004660442684e+38,4
A8,120.0,9.109679536712912e+36,0.00011096680631755898,C_II_4267,2.1407169866425003e+36,4.592399180257122e+36,4.4964610959434845e+36,2.0819260512303638e+34,10
A8,130.0,3.3199326171006416e+36,3.714998095902291e-05,O_I_7774,8.218884398931251e+35,1.6586157479700335e+36,1.6599043051603252e+36,1.412563970283596e+33,10
A8,140.0,2.8953961660647455e+36,3.0161116231299906e-05,O_I_7774,7.200159330365001e+35,1.4479481423014302e+36,1.4469140692520527e+36,5.339545112624101e+32,10
A8,150.0,2.5054794126812702e+36,2.4998374740735628e-05,O_I_7774,6.244501948352501e+35,1.2533315447530464e+36,1.251937484944368e+36,2.1038298385561705e+32,10
A9,0.1,2.153000297257622e+38,0.004606602128184171,C_III_1909,1.879118934636957e+38,1.8918168092501935e+38,2.2481410382775835e+37,3.636938417966977e+36,9
A9,0.2,2.0021453272496175e+38,0.0042842349864522615,C_III_1909,1.7397949878999785e+38,1.75169477975332e+38,2.1781640059102397e+37,3.263414690527344e+36,9
A9,0.3,1.891177320282946e+38,0.0040464686687974845,C_III_1909,1.6347336394558087e+38,1.6460560184065738e+38,2.143791475668432e+37,3.074215430952893e+36,9
A9,0.4,1.8146341537553004e+38,0.003881924088845034,C_III_1909,1.5592832099499822e+38,1.5702234274875655e+38,2.140008733339402e+37,3.040985293379457e+36,9
A9,0.5,1.7715348056017323e+38,0.0037887410214204843,C_III_1909,1.512564970753567e+38,1.5233193326278968e+38,2.1662675578025626e+37,3.1588717193579205e+36,9
A9,0.6,1.7651934786578785e+38,0.0037739379159278295,C_III_1909,1.4973110904719886e+38,1.5081038562617556e+38,2.2263559376651054e+37,3.4454028629612283e+36,9
A9,0.7,1.80401894045136e+38,0.003855339806664138,C_III_1909,1.5205320712691667e+38,1.5316493049930167e+38,2.3292272159704394e+37,3.944691386129891e+36,9
A9,0.8,1.9035004106404436e+38,0.0040657537422343236,C_III_1909,1.5951819076615228e+38,1.607020924500177e+38,2.4909726271477055e+37,4.738222342549604e+36,9
A9,0.9,2.0898457072141323e+38,0.004460585166054531,C_III_1909,1.7432127093932606e+38,1.7563604060355e+38,2.7383191912904343e+37,5.965338204958872e+36,9
A9,1.0,2.405928004414793e+38,0.005130185049260157,C_III_1909,2.0005719425099406e+38,2.0159332395061866e+38,3.1140712456388e+37,7.858764034472665e+36,9
A9,2.0,8.081893928678186e+38,0.016400716901524615,C_III_1909,6.7075298026708545e+38,6.771623471316753e+38,8.944332349363575e+37,4.158372224250768e+37,9
A9,3.0,9.036908399855704e+38,0.01826488872065928,C_III_1909,7.336053341997034e+38,7.427442754998787e+38,1.0691367324615054e+38,5.403289123954114e+37,8
A9,4.0,9.559538754115615e+38,0.019223427524838833,C_III_1909,7.253971856041302e+38,7.409753198920454e+38,1.3660950507957927e+38,7.836905043993686e+37,9
A9,5.0,8.03874928621903e+38,0.016121720697202767,C_III_1909,5.821972300027981e+38,5.988337027058344e+38,1.3068261093060607e+38,7.435861498546261e+37,9
A9,10.0,2.276323123601783e+38,0.004548158760844295,O_III_5007,1.033762072980352e+38,6.688040280545284e+37,1.0359268150735283e+38,5.715922804737261e+37,10
A9,20.0,1.1647826171382988e+38,0.0025552833165301708,O_III_5007,5.180811636557062e+37,4.0997281865078438e+37,5.183741079884654e+37,2.364356904990489e+37,10
A9,30.0,1.1104741609449065e+38,0.002137969701629413,O_III_5007,3.7399688157655198e+37,5.695575119268767e+37,3.7413447634579154e+37,1.6678217267223833e+37,10
A9,40.0,2.8284133075817683e+38,0.0007654984717359171,C_III_4647,7.549213590170268e+37,1.925921720077962e+38,5.855669586240497e+37,3.1692462887975643e+37,10
A9,50.0,2.9273439204629693e+39,0.006492469574046275,C_III_4647,1.4036291386781446e+39,2.7207715642366187e+39,1.5503993926868356e+38,5.153241695766681e+37,10
A9,60.0,9.738980815416241e+39,0.031315344004135375,C_II_4267,5.0023504025085676e+39,8.927553805880675e+39,7.098314148496324e+38,1.0159559468593338e+38,6
A9,70.0,2.2904317278793196e+40,0.09178153577047474,C_II_4267,1.3039793164174183e+40,2.181936700226873e+40,9.254944113209849e+38,1.5945586520347901e+38,4
A9,80.0,3.865243958134236e+40,0.18062111869570396,C_II_4267,2.2419958583738926e+40,3.737407648730354e+40,1.1048191358960441e+39,1.7354395814277516e+38,3
A9,90.0,4.820521044899191e+40,0.25578648069812626,C_II_4267,2.634130019685702e+40,4.67918809660779e+40,1.2299300574593902e+39,1.8339942545462143e+38,3
A9,100.0,5.360101162584307e+40,0.323866289610174,C_II_4267,2.365820435195836e+40,5.169025382148452e+40,1.6971364664061835e+39,2.1362133795236595e+38,3
A9,110.0,4.35927891358121e+40,0.184977075949655,C_III_5696,1.029647273064101e+40,4.067803347126753e+40,2.799985467435561e+39,1.1477019710901622e+38,5
A9,120.0,5.0532320118220105e+36,6.826013207788476e-05,C_II_4267,1.050194810231333e+36,2.4784011707952793e+36,2.5230813700781297e+36,5.174947094860164e+34,10
A9,130.0,6.970633224892812e+36,4.236612421192384e-05,O_I_7774,1.6930135377263372e+36,3.5436984781568854e+36,3.4242487929572147e+36,2.685953778710162e+33,10
A9,140.0,2.7709099516813236e+36,2.366813937226528e-05,O_I_7774,6.874474614461334e+35,1.3892906686987424e+36,1.3811887556252177e+36,4.305273573640098e+32,10
A9,150.0,7.634383313478176e+34,6.003780286827786e-07,O_I_7774,2.79984053929934e+34,2.033966162061096e+34,5.600372148229006e+34,4.5003188073194124e+29,10
ADJACENT,0.1,4.855668503960737e+40,0.9975460177682242,C_III_1909,4.537698511717564e+40,4.58718924918717e+40,2.6702819985374197e+39,1.4510549198247102e+37,1
ADJACENT,0.2,4.138832362298268e+40,0.9974669252718226,C_III_1909,3.83610008438891e+40,3.879225533568142e+40,2.578151240882466e+39,1.7917046418794188e+37,1
ADJACENT,0.3,3.5565160493174178e+40,0.997391766458903,C_III_1909,3.263320305607932e+40,3.3012852182434676e+40,2.5310471784722375e+39,2.1261132267259612e+37,1
ADJACENT,0.4,3.066964400333264e+40,0.9973277924414171,C_III_1909,2.7824546572019277e+40,2.815956533403836e+40,2.4848297267259093e+39,2.524894256837067e+37,1
ADJACENT,0.5,2.6588042964999243e+40,0.9972808935586611,C_III_1909,2.382132225736704e+40,2.411819304613773e+40,2.4398441363462656e+39,3.0005782515249485e+37,1
ADJACENT,0.6,3.954104774377077e+40,0.9974383193999676,C_III_1909,3.61877759048831e+40,3.6606965771806633e+40,2.8967223019119014e+39,3.7359670052237006e+37,1
ADJACENT,0.7,3.443732137624448e+40,0.997411408666333,C_III_1909,3.118234323052151e+40,3.155584144441672e+40,2.836879930003242e+39,4.460000182452528e+37,1
ADJACENT,0.8,3.02684360315309e+40,0.9974120490638745,C_III_1909,2.7099806785523727e+40,2.74354590116019e+40,2.779692458084561e+39,5.328456184443893e+37,1
ADJACENT,0.9,2.6932579033957443e+40,0.9974483735392045,C_III_1909,2.383760814811754e+40,2.414292017151119e+40,2.725952561246377e+39,6.370630119986738e+37,1
ADJACENT,1.0,3.6097484438787296e+40,0.9975637063804114,C_III_1909,3.248593022706122e+40,3.2881665418874843e+40,3.136696874592523e+39,7.912214531992986e+37,1
ADJACENT,1.2,3.004718551305726e+40,0.9977600918159188,C_III_1909,2.657295539019454e+40,2.691829350890609e+40,3.0147219921862733e+39,1.1417001196489028e+38,1
ADJACENT,1.4,3.9020796311865356e+40,0.9979499006367121,C_III_1909,3.4876496582677003e+40,3.5312408678719115e+40,3.534797395475005e+39,1.7359023767123664e+38,1
ADJACENT,1.6,3.7800519156991884e+40,0.9983974840661672,C_III_1909,3.3660579426346627e+40,3.410728504778665e+40,3.439357964603671e+39,2.5387614460155736e+38,1
ADJACENT,1.8,5.099404670572942e+40,0.9987681431908744,C_III_1909,4.611207512988931e+40,4.671471600144768e+40,3.889100714530816e+39,3.902299897509122e+38,1
ADJACENT,2.0,8.734899310368535e+40,0.9990099002491208,C_III_1909,8.081593219344928e+40,8.178776112072264e+40,4.931517527525374e+39,6.297144554373524e+38,1
ADJACENT,2.5,1.4372080069658492e+41,0.9995777370436376,C_III_1909,1.3436607533582235e+41,1.3614460270734115e+41,6.248004792087e+39,1.3281931971567948e+39,1
ADJACENT,3.0,2.476260869231244e+41,0.9998303522748483,C_III_1909,2.3354143354054888e+41,2.370253103818308e+41,8.193776701747028e+39,2.406999839546594e+39,1
ADJACENT,3.75,4.140359217465777e+41,0.9999247753534991,C_III_1909,3.8740919494739994e+41,3.964673444815216e+41,1.2423058833649073e+40,5.1455184314069246e+39,1
ADJACENT,4.0,4.002832498843699e+41,0.9999053449810682,C_III_1909,3.664641418467999e+41,3.788930607556513e+41,1.4867450310569407e+40,6.522738818149228e+39,1
ADJACENT,4.5,2.274904283406468e+41,0.9999071057971014,C_III_1909,1.804768893776802e+41,2.0194871505790672e+41,1.6947546758639937e+40,8.594166524100159e+39,1
ADJACENT,5.0,2.019074485895832e+41,0.9999226944864564,C_III_1909,1.5019175582184657e+41,1.7580962706341373e+41,1.7530027681373337e+40,8.567793844796053e+39,1
ADJACENT,6.0,1.2122131777239144e+41,0.9999640055455631,C_III_1909,6.530403935520075e+40,9.6935043906158e+40,1.6723138167494972e+40,7.56313569873848e+39,1
ADJACENT,7.0,9.930068194409056e+40,0.999992470069553,C_III_1909,3.9596439093849725e+40,7.8572323966691e+40,1.466053578014982e+40,6.067822197249749e+39,1
ADJACENT,8.0,7.87445921595215e+40,0.9999984757734921,C_III_1909,2.82880458777389e+40,6.056991590671481e+40,1.3258845404947762e+40,4.915830847858935e+39,1
ADJACENT,9.0,6.631025781842252e+40,0.999999775391456,C_IV_1549,2.15196e+40,5.091946585692348e+40,1.1590142693810757e+40,3.8006492676882897e+39,1
ADJACENT,10.0,1.4579155395816253e+41,0.9999999900128625,C_IV_1549,1.22397e+41,1.3322565665537793e+41,9.741624755144633e+39,2.824272547639967e+39,1
ADJACENT,11.0,1.2831548487179065e+41,0.9999999981056327,C_IV_1549,1.03547e+41,1.1629765001640678e+41,9.635130315438324e+39,2.3827045399455774e+39,1
ADJACENT,12.0,1.0034723323996868e+41,0.9999999994687463,C_IV_1549,7.1722e+40,8.662860230002245e+40,1.1501053046425802e+40,2.2175778935204405e+39,1
ADJACENT,13.0,6.619584675289806e+40,0.9999999998526158,C_IV_1549,3.8873e+40,5.257877529163097e+40,1.1777316571688245e+40,1.8397548895788404e+39,1
ADJACENT,14.0,2.9659321597392448e+40,0.9999999999830671,C_IV_1549,9.6928e+39,1.9846559285621196e+40,8.630614633640716e+39,1.182147678130529e+39,1
ADJACENT,15.0,2.222233002167835e+40,0.9999999999986665,C_IV_1549,7.513299999999999e+39,1.5165100315438662e+40,6.275322088378923e+39,7.819076178607672e+38,1
ADJACENT,16.0,1.5772717205248264e+40,0.9999999999997684,C_IV_1549,5.3327e+39,1.0829427931153431e+40,4.444161599772723e+39,4.991276743221064e+38,1
ADJACENT,17.0,1.2205248044559323e+40,0.9999999999998573,C_IV_1549,4.0589e+39,8.515548025969081e+39,3.347313181411792e+39,3.423868371784462e+38,1
ADJACENT,18.0,1.1248193042663582e+40,0.9999999999999082,C_II_4267,4.4737763922510775e+39,7.825390283427706e+39,3.2093813437592035e+39,2.1342141547667225e+38,1
ADJACENT,19.0,9.99004285929329e+39,0.9999999999999231,C_II_4267,4.4054448167351795e+39,6.963011163690674e+39,2.872394137423106e+39,1.5463755817950865e+38,1
ADJACENT,20.0,9.39598238634976e+39,0.9999999999999376,C_II_4267,2.4967097473699972e+39,6.432488942730902e+39,2.8560418681095016e+39,1.0745157550935509e+38,1
ADJACENT,21.0,5.403701445673806e+39,0.9999999999999094,C_II_4267,1.4284677582045982e+39,2.8630702562541806e+39,2.458758797891157e+39,8.187239152846803e+37,1
ADJACENT,22.0,2.4277460708198127e+39,0.999999999999831,O_III_5007,5.079677582045985e+38,1.2438250684111088e+39,1.1338778703829446e+39,5.004313202575895e+37,1
ADJACENT,23.0,1.7457473699453508e+39,0.9999999999997978,O_III_5007,3.46753982545e+38,8.424650804562739e+38,8.65370731014586e+38,3.791155847449129e+37,1
ADJACENT,24.0,1.6402525684316827e+39,0.999999999999817,O_III_5007,3.0925398254499994e+38,9.283193440712031e+38,6.612235096287412e+38,5.070971473173824e+37,1
ADJACENT,25.0,1.5502971888136022e+39,0.9999999999998334,O_III_5007,2.9454116821320002e+38,8.75115125793988e+38,6.303331737131404e+38,4.484888930647355e+37,1
ADJACENT,26.0,1.4788659753846373e+39,0.9999999999998506,O_III_5007,2.8354116821320005e+38,8.336096192399976e+38,6.057012515683438e+38,3.9555104576296307e+37,1
ADJACENT,27.0,1.4618655167113375e+39,0.9999999999998698,O_III_5007,2.832898406982e+38,8.250808028300239e+38,6.010912036021027e+38,3.5693510279210667e+37,1
ADJACENT,28.0,1.4537467422106498e+39,0.9999999999998873,O_III_5007,2.847898406982e+38,8.218241078821225e+38,5.997430113860711e+38,3.217962294245664e+37,1
ADJACENT,29.0,1.3585859471753936e+39,0.9999999999998955,O_III_5007,2.673721771245999e+38,7.655270262960014e+38,5.6437088339894115e+38,2.868803748045098e+37,1
ADJACENT,30.0,1.2497159074918376e+39,0.9999999999999023,O_III_5007,2.4687217712459994e+38,7.011095190332206e+38,5.232242475667227e+38,2.53821408918944e+37,1
ADJACENT,35.0,1.2805395449032426e+39,0.9999999999999526,O_III_5007,2.633144073497999e+38,7.226725881672681e+38,5.408097354681228e+38,1.7057221267851522e+37,1
ADJACENT,40.0,7.556693147215734e+38,0.9999999999999586,O_III_5007,1.55598937988e+38,4.1522520286312245e+38,3.299716213973056e+38,1.0472490461145185e+37,1
ADJACENT,50.0,3.537032394519783e+38,0.9999999999999718,C_II_4267,7.258177337614002e+37,1.4378452485151968e+38,2.0716811691858142e+38,2.750597681877221e+36,1
ADJACENT,60.0,1.944363091189921e+36,0.9999999999981526,C_II_4267,5.535308849359298e+35,6.72703131857142e+35,1.2669703228198618e+36,4.689636512917108e+33,1
ADJACENT,70.0,1.7299645891735535e+38,0.9999999999999908,C_II_4267,4.528004608181998e+37,7.414304482088431e+37,9.803415702846025e+37,8.19257068010805e+35,1
ADJACENT,80.0,2.26835729088159e+38,0.9999999999999954,C_II_4267,8.48086144671005e+37,1.507945776447965e+38,7.544035136004438e+37,6.008000833182028e+35,1
B1,10.0,1.3909508986250476e+37,0.0003233516022118531,O_I_7774,1.3886237707577232e+37,5.822796575003911e+33,1.390368618967547e+37,2.6467488782905015e+21,10
B1,20.0,1.6509174470170142e+37,0.00024709717252294607,O_I_7774,1.3444831190274938e+37,1.6836861224816427e+29,1.650917430180153e+37,445056742199.0155,10
B1,30.0,4.0518168170454094e+38,0.008058567340306019,C_III_4647,1.3481381828762952e+38,3.144520415997923e+38,8.2535108571120965e+37,8.194531533627682e+36,10
B1,40.0,9.971614936332677e+38,0.01192237843393403,C_II_4267,3.106122618684495e+38,6.7440983828477384e+38,3.0632708134424912e+38,1.6424574004244668e+37,10
B1,50.0,1.389240477061261e+39,0.015753884324661717,O_I_7774,4.537147959614483e+38,8.412472611155911e+38,5.257297668673085e+38,2.2263449078361427e+37,9
B1,60.0,1.729109921767932e+39,0.015177901518386718,O_I_7774,6.262758072288365e+38,9.855255782470716e+38,7.17594075767176e+38,2.5990267753684833e+37,8
B1,70.0,1.891808944539509e+39,0.0036846616785604224,O_I_7774,6.680493457297438e+38,1.091863704524157e+39,7.718932455421277e+38,2.8051994473224414e+37,8
B1,80.0,2.1118546461354917e+39,0.00571086599996071,C_II_4267,7.798947638705199e+38,1.2761368415602006e+39,8.05990409663249e+38,2.97273949120425e+37,7
B1,90.0,2.451926169431906e+39,0.010027966531433093,C_II_4267,9.745998713150634e+38,1.562908183994846e+39,8.569190251545551e+38,3.209896028250496e+37,7
B1,100.0,2.714242097094995e+39,0.015177041475073882,C_II_4267,1.2110926915294334e+39,1.6679174697251795e+39,1.011569944345272e+39,3.475468302454369e+37,7
B1,110.0,3.2242732077344496e+39,0.021394639689497657,C_II_4267,1.447577788313914e+39,1.9785984513513426e+39,1.2068307131720137e+39,3.884404321109372e+37,6
B1,120.0,4.0809626612496736e+39,0.041614699325915154,C_II_4267,1.8081312620167944e+39,2.447749364448673e+39,1.5915990439343472e+39,4.161425286665343e+37,5
B1,130.0,6.01320097688858e+39,0.09096220850113722,C_II_4267,2.447852504742774e+39,3.6384004292926197e+39,2.329406650353821e+39,4.539389724214077e+37,4
B1,140.0,8.983685405643006e+39,0.2338730177739991,C_II_4267,3.979967628919605e+39,5.620679349720348e+39,3.3208087497822814e+39,4.2197306140376274e+37,3
B1,150.0,2.8340955359957835e+39,0.25020272631122736,C_II_4267,6.135436999577e+38,1.9911193370129566e+39,8.198314778198425e+38,2.314472116298457e+37,4
B1,160.0,1.2884536222910006e+39,0.11325312553299006,C_III_4647,2.5083188945810002e+38,8.675473821796296e+38,4.058913387348107e+38,1.501490137656034e+37,5
B10,0.1,3.8333875801318976e+37,0.0004541242773453874,O_I_7774,3.1860956490066803e+37,6.443639030213287e+36,3.189023383190673e+37,2.939198957756667e+30,10
B10,0.2,3.803468202224671e+37,0.0004502126199774541,O_I_7774,3.1869476784622827e+37,6.135275179214469e+36,3.189940290155683e+37,3.94147541451075e+30,10
B10,0.3,3.774962016786407e+37,0.00044647691867503444,O_I_7774,3.1878003989223457e+37,5.841014947797774e+36,3.1908599357764128e+37,5.862302167928313e+30,10
B10,0.4,3.7478127668934025e+37,0.0004429099472068409,O_I_7774,3.18865371701351e+37,5.560290246580912e+36,3.1917827751663475e+37,9.670689637451848e+30,10
B10,0.5,3.722073896882e+37,0.0004395174638693378,O_I_7774,3.1895056577130613e+37,5.293505521750304e+36,3.192719334797052e+37,4.009909917798086e+31,10
B10,0.6,3.697614830380243e+37,0.0004362835178110489,O_I_7774,3.1903574743271966e+37,5.0394413357050164e+36,3.193662755338029e+37,7.941471712054536e+31,10
B10,0.7,3.674603143352632e+37,0.0004332273560389271,O_I_7774,3.1912051943861157e+37,4.7995163155702943e+36,3.194634063941724e+37,1.7447853878071514e+32,10
B10,0.8,3.6534778622426107e+37,0.0004304001407209439,O_I_7774,3.1920398870550333e+37,4.57755086994291e+36,3.195680247736021e+37,4.252751229876847e+32,10
B10,0.9,3.6357750044433754e+37,0.000427981962001253,O_I_7774,3.19283253332005e+37,4.3870635742929026e+36,3.1969536392317136e+37,1.1500778237123445e+33,10
B10,1.0,3.6270247163808507e+37,0.00042662196795594957,O_I_7774,3.1934804045162074e+37,4.2768753727001934e+36,3.1989919793375585e+37,3.451997732725743e+33,10
B10,2.0,3.44421450454925e+37,0.0004013620879961934,O_I_7774,3.2145805373284696e+37,2.2471746768096687e+36,3.219457520923685e+37,3.9515944598406106e+32,10
B10,3.0,3.648056763049177e+37,0.000421462859499223,O_I_7774,3.2292562876321143e+37,3.712075791853587e+36,3.2731834153500675e+37,3.6657685137500574e+34,10
B10,4.0,3.374155874642147e+37,0.00038645038191085324,O_I_7774,3.2599300173563864e+37,9.844002689481066e+35,3.275302300714141e+37,4.135470331949166e+33,10
B10,5.0,5.024070970472152e+37,0.000571227657493799,O_I_7774,3.2325670499382876e+37,1.4932824813359473e+37,3.5070175978037547e+37,2.3770891332449885e+35,10
B10,10.0,1.1567478689258696e+38,0.001309188919060204,C_III_1909,5.756617121348306e+37,6.294241823867056e+37,4.728396692005275e+37,5.44840173386364e+36,10
B10,20.0,1.5096941197623212e+38,0.0022085851509813124,O_III_5007,5.083426544442558e+37,7.882255153756577e+37,5.182748484376507e+37,2.0319375594901266e+37,10
B10,30.0,1.4742104253215595e+38,0.0023706788072395085,C_III_4647,5.545235285157728e+37,9.49739545189589e+37,3.750560974432496e+37,1.4941478268872086e+37,10
B10,40.0,1.7227298669033037e+38,0.0016842718749838456,C_IV_5801,5.63779009458869e+37,1.2138822194576968e+38,3.577418253569066e+37,1.5110582208870073e+37,10
B10,50.0,3.985148290528202e+38,0.0013827116480453336,C_IV_5801,1.4140990231254703e+38,3.293045954006077e+38,4.769506138300166e+37,2.1515172269210823e+37,10
B10,60.0,4.354349718835038e+39,0.012527835425175039,C_III_4647,2.5901517380345015e+39,4.06862125433253e+39,2.184764973353106e+38,6.725196716719738e+37,10
B10,70.0,4.027029430596093e+39,0.015347066443720537,C_III_5696,1.3841286500144098e+39,3.51491164583396e+39,3.9545546017878204e+38,1.1666232458335114e+38,9
B10,80.0,6.589736372633032e+39,0.030483769769556218,C_III_5696,2.7351187014953787e+39,5.930762064072989e+39,5.031339052582839e+38,1.5584040330175912e+38,6
B10,90.0,1.1662262897033568e+40,0.06516123501697196,C_III_5696,4.5914237523052796e+39,1.0800167582289817e+40,6.88416096450644e+38,1.736792182931045e+38,5
B10,100.0,2.203716514980944e+40,0.051092406065739025,C_IV_1549,7.8288e+39,2.081597436044499e+40,1.0275865733088695e+39,1.93604216055576e+38,6
B10,110.0,2.248229945830889e+40,0.09489322953109523,C_III_4647,4.9702564001360046e+39,2.0638389144737323e+40,1.7189861283505743e+39,1.249241852209885e+38,5
B10,120.0,3.552680348534511e+39,0.03205672800712251,C_II_6580,5.8532743501680015e+38,2.4482459752336255e+39,1.0344667319465899e+39,6.996764135429506e+37,9
B10,130.0,9.382284490305708e+38,0.001441477833512024,C_III_5696,1.4452445316319999e+38,6.0057490070809124e+38,2.9781658372663467e+38,3.9836964595844854e+37,10
B10,140.0,3.1180250836742194e+36,5.4901488299758926e-05,C_II_4267,5.5566977930160016e+35,1.4836257846767376e+36,1.5464409783782472e+36,8.795832061923392e+34,10
B11,0.1,6.751615370432045e+37,0.0004016620614455623,O_I_7774,6.6925039746316375e+37,4.3401116548045105e+35,6.708214253881371e+37,2.6279907303890974e+25,10
B11,0.2,6.751729702673387e+37,0.000401457764064601,O_I_7774,6.69385959831791e+37,4.1935396135679606e+35,6.709794306535949e+37,1.7573479445061136e+25,10
B11,0.3,6.7518940933571745e+37,0.00040125752427358117,O_I_7774,6.6952143006008685e+37,4.051709274505215e+35,6.711377000610796e+37,1.3275522028870198e+25,10
B11,0.4,6.7521070870738435e+37,0.0004010604492652242,O_I_7774,6.696568028679934e+37,3.914474190113921e+35,6.712962345171573e+37,1.1313427000307018e+25,10
B11,0.5,6.752367271433234e+37,0.0004008678367493546,O_I_7774,6.697920728575964e+37,3.781692216233775e+35,6.7145503492698085e+37,1.0868287066151682e+25,10
B11,0.6,6.752673275850958e+37,0.00040068009081669834,O_I_7774,6.699272345105452e+37,3.65322539111807e+35,6.7161410219386e+37,1.1772954710589918e+25,10
B11,0.7,6.75302377038022e+37,0.0004004961476752115,O_I_7774,6.700622821853566e+37,3.528939818956047e+35,6.717734372189221e+37,1.4397500367094362e+25,10
B11,0.8,6.7534174645865685e+37,0.0004003153872968193,O_I_7774,6.701972101146032e+37,3.408705557608695e+35,6.71933040900849e+37,1.990717330070085e+25,10
B11,0.9,6.753853106476345e+37,0.0004001374828132755,O_I_7774,6.703320124019579e+37,3.2923965115275066e+35,6.720929141357955e+37,3.115597496329234e+25,10
B11,1.0,6.7543294815177315e+37,0.000399960932906458,O_I_7774,6.704666830188875e+37,3.1798903334813673e+35,6.722530578177396e+37,5.521807984107191e+25,10
B11,2.0,6.764408495743687e+37,0.00039831409581692865,O_I_7774,6.722100868720236e+37,2.140565397664775e+35,6.743002841324608e+37,4.424307755503302e+27,10
B11,3.0,6.784062116035403e+37,0.00039968354533883693,O_I_7774,6.745740752136574e+37,1.331594860228447e+35,6.770746167168958e+37,2.6416123004389926e+27,10
B11,4.0,6.800641915884341e+37,0.00039776768855092536,O_I_7774,6.7622269760065e+37,7.771423950698648e+34,6.792870488394884e+37,3.5387585710071584e+28,10
B11,5.0,6.809863857950477e+37,0.0003995232900152072,O_I_7774,6.766762766496273e+37,4.1088663515589583e+34,6.805754985312215e+37,6.286703210181626e+28,10
B11,10.0,6.963507655494169e+37,0.0004175425993920577,O_I_7774,6.780781765980209e+37,5.414250009960632e+34,6.9580922847942135e+37,1.1206899955934107e+31,10
B11,20.0,1.1690176777783107e+38,0.0009405208671896348,O_I_7774,4.429921506407291e+37,3.325606652080607e+37,7.732338897845412e+37,6.322312278570858e+36,10
B11,30.0,2.52812533370746e+38,0.002167556272685325,C_III_4647,8.246855676195873e+37,1.5584395166029473e+38,7.206686333020478e+37,2.490171838024653e+37,10
B11,40.0,2.758497939150547e+38,0.003004990569286265,C_III_4647,1.0223406069843292e+38,2.008454119833295e+38,5.51340585731123e+37,1.9870323358612954e+37,10
B11,50.0,3.2574429364559802e+38,0.0024075566212201135,C_IV_5801,1.2222294354519745e+38,2.5734767811595244e+38,4.9847612355162595e+37,1.8549003174482962e+37,10
B11,60.0,4.200250643488763e+38,0.0016876408397185777,C_IV_5801,1.840302826866467e+38,3.44729455588725e+38,5.371121462151385e+37,2.1584394138637482e+37,10
B11,70.0,6.37319558821146e+39,0.009811539701257366,C_III_4647,2.9862135100202056e+39,5.179308049609157e+39,1.144665604532981e+39,4.922193406932217e+37,9
B11,80.0,5.691249721473327e+39,0.014075465453452556,C_III_5696,2.2545876684474202e+39,5.0682430151116596e+39,4.8016706706003406e+38,1.428396393016346e+38,9
B11,90.0,1.2260373168109448e+40,0.037518809897378075,C_III_5696,4.941803031827811e+39,1.1344036712863848e+40,7.245291189149131e+38,1.9180733633068735e+38,6
B11,100.0,2.6590256978224954e+40,0.04979757351738379,C_IV_1549,8.748400000000001e+39,2.51853575560967e+40,1.2038193486633232e+39,2.0108007346493237e+38,6
B11,110.0,8.016236324368203e+39,0.03119400682135322,C_III_5696,2.110409812924998e+39,6.628134076433423e+39,1.2690095362604236e+39,1.1909271167435434e+38,9
B11,120.0,3.718078441114396e+39,0.0013785917173563408,O_I_7774,5.99662864685e+38,2.5503016949441222e+39,1.084815409248856e+39,8.296133692141805e+37,10
B11,130.0,1.016048775990524e+39,0.0065030235365088,C_III_5696,1.546841290791666e+38,6.442558482293279e+38,3.2428741322106718e+38,4.75055145401291e+37,10
B11,140.0,2.6608595317358317e+36,2.6834322945946553e-05,O_I_7774,4.430311228433332e+35,1.229934742260654e+36,1.3290933685299996e+36,1.0183142094517825e+35,10
B12,0.1,3.4642127729620925e+38,0.012679352964330483,O_III_5007,1.4407943478610425e+38,9.647359115866223e+37,1.4410789767724941e+38,1.0583978846029757e+38,9
B12,0.2,3.407876381524293e+38,0.01249524757086808,O_III_5007,1.4332990738575109e+38,9.233173000391564e+37,1.433574947987942e+38,1.0509841334971941e+38,9
B12,0.3,3.3821130816381777e+38,0.012424640762225362,O_III_5007,1.4248331055487278e+38,9.142720145995056e+37,1.4251111769933706e+38,1.0427298900453014e+38,9
B12,0.4,3.345248675338245e+38,0.012312990067535612,O_III_5007,1.4164885097173788e+38,8.938730698474803e+37,1.4167647847119287e+38,1.0346108207788352e+38,9
B12,0.5,3.2981365122122407e+38,0.012163671531362807,O_III_5007,1.408261414164463e+38,8.629819691120731e+37,1.4085319744359438e+38,1.026622568664224e+38,9
B12,0.6,3.242017808820289e+38,0.011980231762560275,O_III_5007,1.4001436483619762e+38,8.228563575486938e+37,1.4004048163502547e+38,1.0187566349213398e+38,9
B12,0.7,3.1784505562894896e+38,0.011769018247990754,O_III_5007,1.3921233191861687e+38,7.750777766801049e+37,1.3923718066012327e+38,1.011000973008152e+38,9
B12,0.8,3.109224921559768e+38,0.011536016057718848,O_III_5007,1.3841856261793446e+38,7.214654581592521e+37,1.3844186560151589e+38,1.003340807385357e+38,9
B12,0.9,3.0362716218160896e+38,0.011287280881000275,O_III_5007,1.3763138407109228e+38,6.639827845528183e+37,1.3765292353182364e+38,9.957596019450349e+37,9
B12,1.0,3.0914830278854965e+38,0.011507978146441738,O_III_5007,1.367145117854357e+38,7.371473642956953e+37,1.3673936845081358e+38,9.86941979081666e+37,9
B12,2.0,2.9598582937738518e+38,0.01076898722289549,O_III_5007,1.312581336237268e+38,7.146088971550947e+37,1.3128572940010353e+38,9.32392102617722e+37,9
B12,3.0,2.393793218505875e+38,0.00888009691951965,O_III_5007,1.2230668931469203e+38,3.191970800345507e+37,1.2231763871937836e+38,8.514197512775406e+37,9
B12,4.0,2.199335066141871e+38,0.008306597925858082,O_III_5007,1.130095951778747e+38,2.9863483525549017e+37,1.1302164873797864e+38,7.704837435065942e+37,9
B12,5.0,2.039105226988568e+38,0.0075053361758560646,O_III_5007,1.0726395925677044e+38,2.4686743219453343e+37,1.0727077387118032e+38,7.195300560822312e+37,9
B12,10.0,1.4495358189697739e+38,0.005616292335564321,O_III_5007,7.412269917370794e+37,2.532910040544009e+37,7.412699853219922e+37,4.549748295933809e+37,9
B12,20.0,1.879051995026983e+38,0.0012390213517606207,O_III_5007,6.427760428583001e+37,8.139856524535277e+37,6.430762475679732e+37,4.219900950054824e+37,10
B12,30.0,1.1251660045011126e+39,0.001442503487861706,C_III_4647,4.78966635462657e+38,9.862391690705032e+38,1.0329446261544843e+38,3.563237281516083e+37,10
B12,40.0,1.7086339714275836e+39,0.003755441651487237,C_III_4647,7.87896329890336e+38,1.537654974916819e+39,1.2570394609481991e+38,4.527505041594434e+37,10
B12,50.0,8.993432749660033e+39,0.042019902393521366,C_III_4647,4.2391050927739413e+39,8.453576480131904e+39,4.545758089275792e+38,8.528046060054946e+37,7
B12,60.0,6.032092879873968e+39,0.029687943202140417,C_II_4267,2.7714100920153065e+39,5.431406763291215e+39,4.850567661233e+38,1.1562935045945514e+38,7
B12,70.0,8.663343369056587e+39,0.05320673173493707,C_II_4267,3.757030157034374e+39,7.936807226077329e+39,5.851316666874002e+38,1.4140447629185818e+38,5
B12,80.0,1.7112086871836994e+40,0.23254257158095826,C_IV_1549,6.6509e+39,1.6016821692844823e+40,9.146256979361717e+38,1.806394810559971e+38,3
B12,90.0,3.9790816279615177e+40,0.1540060264101472,C_II_4267,1.512087097168001e+40,3.560619608669553e+40,4.0568530387961366e+39,1.2776715412351147e+38,5
B12,100.0,2.2151500179298505e+39,0.027476586114047387,C_III_5696,3.76681799411775e+38,1.557051618700762e+39,6.324556828306692e+38,2.5642716398419563e+37,10
B12,110.0,4.468447330232917e+36,5.558321954585376e-05,C_II_4267,1.10267666339875e+36,2.2279314740895607e+36,2.2347182833284818e+36,5.797572814873985e+33,10
B12,120.0,3.926297901710108e+36,4.6265092557530025e-05,C_II_4267,9.756565322876001e+35,1.9600716262520525e+36,1.96401967615605e+36,2.206599302005052e+33,10
B12,130.0,3.294188413973563e+36,3.757216423289877e-05,O_I_7774,8.690706653595e+35,1.5493686227331996e+36,1.743936029747232e+36,8.837614931316951e+32,10
B12,140.0,2.83623536372433e+36,1.9962399987281513e-05,O_I_7774,7.92405710697175e+35,1.2492842978180562e+36,1.5866983701787456e+36,2.526957275289566e+32,10
B12,150.0,2.5506462601545484e+36,1.661415338869315e-05,O_I_7774,7.36543755054475e+35,1.0764954090225899e+36,1.474038804283752e+36,1.1204684820649464e+32,10
B13,0.1,2.27604662160531e+39,0.04408177647221544,C_III_1909,2.1680042901458843e+39,2.176182089543322e+39,6.711927222698283e+37,3.2745259835005234e+37,7
B13,0.2,2.480733906628421e+39,0.04779411829042651,C_III_1909,2.3166786136347e+39,2.3258544073850847e+39,9.973514800240238e+37,5.514435124093363e+37,7
B13,0.3,2.79669877192064e+39,0.05348409258842264,C_III_1909,2.5535305658546802e+39,2.564696870043378e+39,1.4371608779373936e+38,8.828581408352199e+37,7
B13,0.4,2.9776485067606873e+39,0.05668449271118228,C_III_1909,2.669850796085002e+39,2.6832863821771337e+39,1.7776324255024043e+38,1.1659888203331228e+38,6
B13,0.5,2.7762300630304164e+39,0.053041216615031375,C_III_1909,2.5189335510282935e+39,2.530454325145087e+39,1.5139450927140458e+38,9.438122861392436e+37,7
B13,0.6,2.5929901490203586e+39,0.04970353372509209,C_III_1909,2.3666976955752403e+39,2.3771552438118552e+39,1.3474827601124227e+38,8.108662919726101e+37,7
B13,0.7,2.4169625893509797e+39,0.046471824797157814,C_III_1909,2.2166387225376148e+39,2.2262413786047002e+39,1.205512116212492e+38,7.016999912503032e+37,7
B13,0.8,2.2598712092990574e+39,0.04356745161900816,C_III_1909,2.080211404587744e+39,2.0891368165913846e+39,1.0910116305474753e+38,6.163322965292545e+37,7
B13,0.9,2.125735817128133e+39,0.041073086706655666,C_III_1909,1.961680194444929e+39,1.9700767037620885e+39,1.0037902597920465e+38,5.528008738683984e+37,7
B13,1.0,2.0150931799394888e+39,0.039001122567970434,C_III_1909,1.8620330060217284e+39,1.8700260095146885e+39,9.421128446087108e+37,5.085588596392924e+37,7
B13,2.0,2.3205235551511548e+39,0.04445231999398787,C_III_1909,2.0456105887650365e+39,2.057890822542926e+39,1.6088250463189576e+38,1.0175022797633268e+38,7
B13,3.0,2.0135933641312608e+39,0.03877896454988195,C_III_1909,1.6776103648927688e+39,1.6946917759017326e+39,1.9042859338977705e+38,1.2847299483975073e+38,7
B13,4.0,1.4056062548365034e+39,0.027460883362155426,C_III_1909,1.0601554864978601e+39,1.0799960670728188e+39,1.9334535598332164e+38,1.3226483178036274e+38,7
B13,5.0,1.02972702112949e+39,0.019577513173745942,C_III_1909,6.80988643875082e+38,7.034634904331499e+38,1.9383097012455748e+38,1.3243256057178255e+38,9
B13,10.0,3.1274542718493662e+38,0.00582849008054351,O_III_5007,1.4506322221295068e+38,7.590310022142166e+37,1.451549081207254e+38,9.168741884278953e+37,9
B13,20.0,1.774194965161747e+38,0.0034486839471215445,O_III_5007,8.171037240268816e+37,5.120046450025249e+37,8.172993810408163e+37,4.448909391184057e+37,10
B13,30.0,1.4448584677433508e+38,0.0028560490524723705,O_III_5007,5.530087818615072e+37,6.138438490133559e+37,5.531357126911601e+37,2.778789060388349e+37,10
B13,40.0,4.0953921732753894e+38,0.0008269228865308596,C_III_4647,1.1384395763109995e+38,2.874570671023953e+38,7.744566430379487e+37,4.463648592134878e+37,10
B13,50.0,2.3219316183127577e+39,0.0030277426916461713,C_III_4647,1.3348723180333803e+39,2.0879155054612498e+39,1.723629241850597e+38,6.165318866644771e+37,10
B13,60.0,4.35220833466206e+39,0.011057700375333933,C_II_4267,1.3891123663730028e+39,3.7944283705092566e+39,4.350347663601532e+38,1.227451977926499e+38,10
B13,70.0,8.974151393109258e+39,0.03137925774468397,C_II_4267,3.463940757802858e+39,8.186834012725909e+39,6.18136111688822e+38,1.6918126869452771e+38,6
B13,80.0,1.9509244042836038e+40,0.09010347239261561,C_IV_1549,8.3054e+39,1.8308142141681436e+40,9.878757327484448e+38,2.1322616840615857e+38,4
B13,90.0,2.127034576921507e+40,0.08283322698749784,C_II_4267,9.78648768927262e+39,1.9329974640136465e+40,1.7998079922309478e+39,1.4056313684765567e+38,5
B13,100.0,2.12043280097346e+39,0.0221980876492905,C_III_5696,4.167628479004001e+38,1.3192070713163782e+39,7.582809559182982e+38,4.294477373878404e+37,10
B13,110.0,4.5119300160712275e+36,2.682713976787573e-05,C_II_4267,1.1176028696700671e+36,2.2581897419161038e+36,2.250948207055874e+36,2.792067099249519e+33,10
B13,120.0,3.739109429525624e+36,3.449160873107133e-05,O_I_7774,9.282470550538e+35,1.8696464903148644e+36,1.8677086940168318e+36,1.7542451939281428e+33,10
B13,130.0,2.297910965507592e+36,1.979606877722389e-05,O_I_7774,5.9596243794753334e+35,1.1024837172210054e+36,1.1949797796369757e+36,4.4746864961079875e+32,10
B13,140.0,3.124229385327199e+36,2.5764489024615845e-05,O_I_7774,7.941304423014666e+35,1.5321940292979357e+36,1.5916003628489687e+36,4.349931802948045e+32,10
B13,150.0,2.641368981223109e+36,2.0997034688873887e-05,O_I_7774,7.102608846029333e+35,1.2190745512471647e+36,1.42211151306405e+36,1.829169118945116e+32,10
B14,0.1,1.7052791374225345e+39,0.020079630192893085,C_III_1909,1.6688678946705488e+39,1.6760488206791168e+39,2.9193355090988185e+37,3.6961652429362864e+34,8
B14,0.2,1.682043232108565e+39,0.019786878443374237,C_III_1909,1.6456082173633784e+39,1.6527016370096365e+39,2.9262093758925767e+37,7.9501340002044745e+34,8
B14,0.3,1.660579420503381e+39,0.019515173297771474,C_III_1909,1.6239319051236324e+39,1.6309447909766714e+39,2.9444449365942856e+37,1.901801607669806e+35,8
B14,0.4,1.643955291753769e+39,0.019296628190389346,C_III_1909,1.6065295624819773e+39,1.6134814581654543e+39,2.996815449369953e+37,5.056790946152975e+35,8
B14,0.5,1.642677010399284e+39,0.019255283024917514,C_III_1909,1.6026250359705457e+39,1.609578690217568e+39,3.160669717175284e+37,1.491623009963236e+36,8
B14,0.6,1.6066675305197006e+39,0.018820375406456882,C_III_1909,1.565986287542039e+39,1.5728189946923672e+39,3.2075191998496974e+37,1.77334382883617e+36,8
B14,0.7,1.5379483003493994e+39,0.01801353631799583,C_III_1909,1.499208276381796e+39,1.5057964102329002e+39,3.1015899479249846e+37,1.135990637249269e+36,8
B14,0.8,1.476764892127932e+39,0.017293803703370927,C_III_1909,1.4392141653946016e+39,1.445585702580792e+39,3.0407768702749536e+37,7.714208443907425e+35,8
B14,0.9,1.420392434985808e+39,0.016629918771225275,C_III_1909,1.3836183772172736e+39,1.389790358476668e+39,3.0046471419484045e+37,5.556050896558912e+35,8
B14,1.0,1.367404344272318e+39,0.016005497308217452,C_III_1909,1.3311698889414152e+39,1.3371536722074805e+39,2.982613636249438e+37,4.2453570234312e+35,8
B14,2.0,9.609252943976238e+38,0.011206942657613763,C_III_1909,9.243999936571768e+38,9.289010439792466e+38,3.0940244828813627e+37,1.0840055895635625e+36,9
B14,3.0,8.199501617632373e+38,0.009508988259511922,C_III_1909,7.641059002046953e+38,7.68240504640048e+38,4.336796039063384e+37,8.341696732555363e+36,9
B14,4.0,7.847636892914925e+38,0.008683141141641175,C_III_1909,7.225798875712434e+38,7.268013355701076e+38,4.798554202440532e+37,9.976811696979534e+36,9
B14,5.0,1.0470822589495384e+39,0.011507154054963593,C_III_1909,9.343302427770782e+38,9.407539560168379e+38,7.837687032404092e+37,2.7951432608659764e+37,9
B14,10.0,1.537831107027894e+39,0.016404337609012904,C_III_1909,1.2192930780354828e+39,1.254453058543838e+39,1.7753119935246434e+38,1.0584684913159166e+38,9
B14,20.0,2.662932676320472e+38,0.0027596594375432592,O_III_5007,1.0914412723929324e+38,9.778730781977923e+37,1.0948668445494513e+38,5.901927535732284e+37,10
B14,30.0,1.800223323444943e+38,0.0022852569332135054,O_III_5007,6.523259986746789e+37,8.516275869531052e+37,6.528652481481173e+37,2.957304883437207e+37,10
B14,40.0,2.0941985515398845e+38,0.0022625506705988667,O_III_5007,6.353302064148193e+37,1.1659474068466056e+38,6.3565133445140425e+37,2.925998102418744e+37,10
B14,50.0,3.198655207502574e+38,0.0008690375924559444,O_III_5007,8.51236942079252e+37,1.875684740703863e+38,8.529634899415803e+37,4.700069768571313e+37,10
B14,60.0,2.2105865443753256e+39,0.0012643384583729534,C_III_4647,1.0649209051874768e+39,1.8821183845598562e+39,2.715072101887465e+38,5.6960949626722885e+37,10
B14,70.0,6.390031444836438e+39,0.010167681524125867,C_II_4267,2.0202577524682615e+39,5.711132060046105e+39,5.306149562839613e+38,1.4828442850637322e+38,10
B14,80.0,2.0485843478497472e+40,0.042683575293016876,C_IV_1549,8.076999999999999e+39,1.923309298557476e+40,1.0299983432815395e+39,2.2275214964117167e+38,6
B14,90.0,2.0584992676698964e+40,0.0436599336294112,C_II_4267,7.609034862457997e+39,1.8171870003447147e+40,2.2623245227329472e+39,1.5079815051887163e+38,6
B14,100.0,3.858119819389817e+39,0.013483046436244189,C_III_5696,7.880624640780334e+38,2.539768705974314e+39,1.2465869667295627e+39,7.176414668594044e+37,10
B14,110.0,3.993124083829519e+38,0.0020731470238579204,O_I_7774,5.392610146203668e+37,2.2364619161863845e+38,1.6177830438611003e+38,1.3887912378203384e+37,10
B14,120.0,4.756188080144973e+36,2.2150686232792592e-05,O_I_7774,1.1757333501053371e+36,2.3903243218744692e+36,2.3640603524951682e+36,1.8034057753360777e+33,10
B14,130.0,3.3546105983277955e+36,2.3936289813331735e-05,O_I_7774,8.335844933187669e+35,1.6810790143615078e+36,1.6728119131464798e+36,7.196708198079019e+32,10
B14,140.0,1.6227049733023414e+36,1.0793832150103523e-05,O_I_7774,4.288784081123672e+35,7.638888961529473e+35,8.587035814008542e+35,1.124957485395349e+32,10
B15,0.1,1.4560998724141657e+39,0.009062323659917958,C_III_1909,1.3865188605763308e+39,1.393998765859385e+39,6.21010826904879e+37,2.3864292332129613e+31,9
B15,0.2,1.4511503759095238e+39,0.00902563332376899,C_III_1909,1.3815981758846763e+39,1.3890562526932482e+39,6.209404384626448e+37,7.937001098084035e+31,9
B15,0.3,1.4462238426484287e+39,0.00898915872860536,C_III_1909,1.3766997190369284e+39,1.3841362448040856e+39,6.208728617986758e+37,3.1166447525597004e+32,9
B15,0.4,1.4381860164434806e+39,0.008933649166838632,C_III_1909,1.368701805775779e+39,1.3761036113827588e+39,6.208132639255206e+37,1.0786681696531018e+33,9
B15,0.5,1.4039048166202677e+39,0.008717117461345018,C_III_1909,1.334581192417292e+39,1.3418318450256278e+39,6.207258519698277e+37,3.8639765671967864e+32,9
B15,0.6,1.370383540607947e+39,0.00850547818018304,C_III_1909,1.3012163398034541e+39,1.308318806847102e+39,6.206457789030789e+37,1.5587053683132835e+32,9
B15,0.7,1.3375975292517329e+39,0.008298283609276666,C_III_1909,1.2685837200985898e+39,1.2755406570803948e+39,6.205680131160998e+37,7.085972804098931e+31,9
B15,0.8,1.3055308356585106e+39,0.008095533144929196,C_III_1909,1.236667770279993e+39,1.2434816952203869e+39,6.204910410974152e+37,3.632838220059548e+31,9
B15,0.9,1.2741701052322116e+39,0.007897351017788124,C_III_1909,1.2054552821874704e+39,1.2121286477828826e+39,6.204143644164299e+37,2.100768580690762e+31,9
B15,1.0,1.2435028575941568e+39,0.00770365359299755,C_III_1909,1.174933844673726e+39,1.1814690634796916e+39,6.203378042426842e+37,1.3690196765657964e+31,9
B15,2.0,9.723835840382822e+38,0.00599600422683542,C_III_1909,9.051451976391776e+38,9.104256540510793e+38,6.195767173871803e+37,2.58248484836289e+32,9
B15,3.0,7.20772441072396e+38,0.004423627393093064,C_III_1909,6.547634223552494e+38,6.588512821070528e+38,6.192024027432683e+37,9.186910163229647e+32,9
B15,4.0,5.174443977821604e+38,0.003159727730110175,C_III_1909,4.524495749253311e+38,4.555159430974756e+38,6.192003270849969e+37,8.421976185182386e+33,10
B15,5.0,3.652247117375718e+38,0.0022194595643469533,C_III_1909,3.0100813417856013e+38,3.0325013562609393e+38,6.195932979221642e+37,1.524631926148472e+34,10
B15,10.0,1.4816532926526726e+38,0.0008708145820921339,C_III_1909,7.900135088085892e+37,8.011002479836331e+37,6.682116827175661e+37,1.2341361951473593e+36,10
B15,20.0,8.178682018713641e+38,0.004494615374876723,C_III_1909,5.87040624003089e+38,6.422699789200604e+38,1.2599413602576477e+38,4.960408692553889e+37,10
B15,30.0,3.089192696264936e+38,0.0019750476223028978,O_III_5007,9.152940057637197e+37,1.7395089715903933e+38,9.356008252808413e+37,4.1408289939370155e+37,10
B15,40.0,2.813571666661711e+38,0.0022342628623910612,C_III_4647,1.0434469240112343e+38,1.6481941155366198e+38,8.268209091444476e+37,3.3855664198064354e+37,10
B15,50.0,3.433161278394311e+38,0.0025722399423134153,C_III_4647,1.1376784798805648e+38,2.263414507231622e+38,8.246874394856488e+37,3.45059331677041e+37,10
B15,60.0,3.87650599225459e+38,0.0012027173256789147,C_III_4647,1.2329385245350496e+38,2.512071248673526e+38,9.309745445907055e+37,4.334601989903598e+37,10
B15,70.0,5.638422407496273e+38,0.0009062245372722518,C_III_4647,1.707970458036311e+38,4.020095030705132e+38,1.0868924352552359e+38,5.314349415359056e+37,10
B15,80.0,5.484208028576242e+39,0.0031812906545286373,C_III_4647,3.2325173663331055e+39,4.889148749915989e+39,4.920121353862737e+38,1.0304714327397856e+38,9
B15,90.0,2.305116837749532e+40,0.028484200209804765,C_II_4267,1.0814337514297001e+40,2.106297887445638e+40,1.8074349780059968e+39,1.80754525032943e+38,7
B15,100.0,9.64104647469136e+39,0.015753866993946264,C_III_5696,2.333156992595e+39,7.540591474625963e+39,1.9686510142971823e+39,1.3180398576821538e+38,10
B15,110.0,2.359878001819886e+39,0.004760238113448625,C_II_6580,4.439470977784999e+38,1.4651525083663652e+39,8.346218862822579e+38,6.010360717126275e+37,10
B15,120.0,4.0275161979062714e+36,1.0745231336436252e-05,O_I_7774,9.09224589027601e+35,1.9933962681455505e+36,1.9960819003319622e+36,3.803802942875826e+34,10
B15,130.0,7.358186630761525e+36,2.4038194387598092e-05,O_I_7774,1.770529022215001e+36,3.777770654717896e+36,3.575143651934849e+36,5.272324108781368e+33,10
B15,140.0,2.9084670038782994e+36,1.0609510168639523e-05,O_I_6300,7.229679158532e+35,1.460325982821439e+36,1.4479387778694707e+36,2.022431873896402e+32,10
B4,0.1,1.811150579409309e+38,0.00890412213613761,C_III_1909,1.2371764076196824e+38,1.2789551546711792e+38,3.6663996596735297e+37,1.655554587707767e+37,9
B4,0.2,1.817196915421448e+38,0.008946142210885254,C_III_1909,1.2343631317272446e+38,1.2774656185542613e+38,3.709719442544956e+37,1.6875935261269137e+37,9
B4,0.3,1.833171915993973e+38,0.009017524821671993,C_III_1909,1.2373234245972669e+38,1.282214387956953e+38,3.774431600565856e+37,1.7351436798043417e+37,9
B4,0.4,1.8568141654231658e+38,0.009129935142473839,C_III_1909,1.2440488608204453e+38,1.2912014930926085e+38,3.8588276207937787e+37,1.79729910251179e+37,9
B4,0.5,1.8851540297398774e+38,0.009266125148412652,C_III_1909,1.2519251958883102e+38,1.3018154125306717e+38,3.9606131383409013e+37,1.8727730337511544e+37,9
B4,0.6,1.914387555290105e+38,0.00946503035224901,C_III_1909,1.2576381039451956e+38,1.3107335786374978e+38,4.076779604832577e+37,1.9597601616934997e+37,9
B4,0.7,1.9398387093616736e+38,0.009542072845702729,C_III_1909,1.2571584785192804e+38,1.3139019398893483e+38,4.203537135553726e+37,2.0558305591695233e+37,9
B4,0.8,1.8419323769686795e+38,0.009058406935925578,C_III_1909,1.1995988317899548e+38,1.2522162971450415e+38,3.994381440338418e+37,1.9027793578979642e+37,9
B4,0.9,1.878874395800404e+38,0.009235020950123523,C_III_1909,1.204873818059077e+38,1.2618690780886873e+38,4.1500765055321525e+37,2.0199766715850172e+37,9
B4,1.0,1.900965393130858e+38,0.009339938109218559,C_III_1909,1.1945077998945525e+38,1.2562519807929553e+38,4.306988521014669e+37,2.140145602364355e+37,9
B4,2.0,1.4983982705522028e+38,0.007378751598928694,C_III_1909,6.831532910861758e+37,7.715134389375793e+37,4.749118729907571e+37,2.519729586238664e+37,9
B4,3.0,1.2280906683057435e+38,0.006070334910919149,C_III_1909,4.554328631254216e+37,5.491277470818024e+37,4.457532996694843e+37,2.3320962155445643e+37,10
B4,4.0,9.82725350106777e+37,0.004737306284787279,O_III_5007,4.304350858253703e+37,3.2537771585007668e+37,4.32198997130783e+37,2.2514863712591735e+37,10
B4,5.0,8.508194218554087e+37,0.004136789493414983,O_III_5007,3.8894452933377766e+37,2.623442667724963e+37,3.904852843599474e+37,1.9798987072296524e+37,10
B4,10.0,4.379409760301346e+37,0.0025111406354148876,O_III_5007,2.0410571830198526e+37,1.465154690771686e+37,2.0429994266067083e+37,8.712556429229528e+36,10
B4,20.0,8.094262305267077e+37,0.0009529820352645661,C_IV_5801,3.741535281887298e+37,6.241922867891337e+37,1.2302681207800813e+37,6.220713165956603e+36,10
B4,30.0,1.4738634131506914e+39,0.009752407872977688,C_III_4647,7.185052877419627e+38,1.3970754875581947e+39,5.892761568010065e+37,1.786030991239593e+37,10
B4,40.0,4.89517876188636e+39,0.04013939865986725,C_III_4647,2.3293397784500792e+39,4.597122466516503e+39,2.6361112064443805e+38,3.444517472541914e+37,5
B4,50.0,8.071219422954773e+39,0.06528330158123839,C_III_4647,3.844948190855868e+39,7.586278364419181e+39,4.4047120717383415e+38,4.446985136175844e+37,5
B4,60.0,1.319186384188409e+40,0.10330968934227451,C_III_4647,6.53941913944031e+39,1.2610748132338207e+40,5.214013450772591e+38,5.971436446862253e+37,5
B4,70.0,5.14848241693399e+39,0.0407654118096364,C_II_4267,2.6669632447794694e+39,4.659158132701631e+39,4.196034283321335e+38,6.972085590022625e+37,6
B4,80.0,6.234490127824509e+39,0.054291201266770325,C_II_4267,3.1610914661395206e+39,5.743469690452958e+39,4.096959964405848e+38,8.132444093096601e+37,5
B4,90.0,6.280072092591993e+39,0.06022381862862101,C_II_4267,2.880740569036222e+39,5.782390343685387e+39,3.977588665503319e+38,9.99228823562718e+37,5
B4,100.0,7.109866791738292e+39,0.06797556986753786,C_II_4267,2.8919058648094916e+39,6.536094841009457e+39,4.486103120559369e+38,1.2516163867289728e+38,5
B4,110.0,1.0161603188094331e+40,0.007850888748371566,C_II_4267,3.9010094535553764e+39,9.416681719347058e+39,5.985881352320622e+38,1.4633333351521184e+38,7
B4,120.0,1.6563223568308549e+40,0.016573985973761453,C_II_4267,5.328834654972216e+39,1.5584239842135384e+40,8.279888055677146e+38,1.50994920605451e+38,6
B4,130.0,1.7624383248662724e+40,0.054443904532533324,C_II_4267,6.413357112910549e+39,1.6338253083797375e+40,1.1377288582223997e+39,1.4840130664294855e+38,5
B4,140.0,4.1944316365173967e+39,0.11177737111037168,C_III_4647,7.795988127388667e+38,3.230310781388899e+39,9.003667843554345e+38,6.3754070773063535e+37,6
B4,150.0,1.9594494989163938e+39,0.04527025558212763,C_II_6580,3.2025768152866673e+38,1.3289699265948434e+39,5.922448255555401e+38,3.823474676601008e+37,7
B4,160.0,0.0,0.0,,,0.0,0.0,0.0,-1
B5,0.1,1.723756886118915e+37,0.0003804634790328368,O_I_7774,1.69970242636992e+37,2.9957606189924276e+34,1.7207571674901383e+37,3.9580097844070867e+31,10
B5,0.2,1.7246700699119545e+37,0.0003805822550580395,O_I_7774,1.6994910008244525e+37,3.2233227236741507e+34,1.7214424357993362e+37,4.311388944289438e+31,10
B5,0.3,1.7259365880978516e+37,0.00038080290070862196,O_I_7774,1.6992465176030668e+37,3.7106456269825796e+34,1.7222208351562273e+37,5.1073146417838555e+31,10
B5,0.4,1.7277473083280708e+37,0.00038116660483725336,O_I_7774,1.6989556363570075e+37,4.604098632661593e+34,1.7231365788972076e+37,6.630798201671028e+31,10
B5,0.5,1.7304768564497165e+37,0.00038616834535179284,O_I_7774,1.6985928743001692e+37,6.191513048931224e+34,1.7242757803274848e+37,9.563073300379588e+31,10
B5,0.6,1.8193857055085934e+37,0.0003974770788122589,O_I_7774,1.7826051010268338e+37,1.0185279302490936e+35,1.8091819013146345e+37,1.852489146827398e+32,10
B5,0.7,1.8277172336049916e+37,0.00039446398552751664,O_I_7774,1.781986602334008e+37,1.6087343222631795e+35,1.8115951575718598e+37,3.4732810500059235e+32,10
B5,0.8,1.843281544482826e+37,0.00039641478718662756,O_I_7774,1.7808925951925802e+37,2.760201643166842e+35,1.8156007682521685e+37,7.875979898902495e+32,10
B5,0.9,1.8745469929593875e+37,0.0004024050271555304,O_I_7774,1.7787717337407327e+37,5.1271902554117244e+35,1.823052754284081e+37,2.2233612118947148e+33,10
B5,1.0,1.941940141631692e+37,0.00041638257971168016,O_I_7774,1.77428963299681e+37,1.027509001118685e+36,1.8384082490310665e+37,7.809924887565126e+33,10
B5,2.0,1.963940983218988e+37,0.00042917014920618244,O_I_7774,1.7454950331455053e+37,1.2423247832146224e+36,1.8382112473609332e+37,1.4972575365924796e+34,10
B5,3.0,3.5422941239728166e+37,0.0008107688141725301,O_I_7774,1.5705555392723792e+37,1.2194070736951827e+37,2.207325702764441e+37,1.1556134751319337e+36,10
B5,4.0,3.5899098941239658e+37,0.0008213827085020293,O_I_7774,1.5381507677536063e+37,1.1843998979560304e+37,2.2664100173220123e+37,1.3909997884592284e+36,10
B5,5.0,8.55118427431666e+37,0.0019229043698081867,C_III_1909,3.599744096434683e+37,4.39204845779627e+37,3.3593271633263436e+37,7.99808653194049e+36,10
B5,10.0,8.530939780643888e+37,0.002393248902876277,O_III_5007,2.7588690462796946e+37,4.576308306477945e+37,2.8810397239978948e+37,1.0735917501680485e+37,10
B5,20.0,6.702161380066971e+37,0.002356508146202143,C_III_4647,2.400808975441974e+37,4.550643047333278e+37,1.5387994331089607e+37,6.127188996247297e+36,10
B5,30.0,1.6443752161186695e+38,0.0012195091414675529,C_IV_5801,7.615736361032405e+37,1.3336851548116515e+38,2.1110735277899898e+37,9.958270852801899e+36,10
B5,40.0,2.0727054879445346e+39,0.013061198184572683,C_III_4647,1.1190599366366468e+39,1.9603654772930185e+39,8.548711895209018e+37,2.6852891699426205e+37,10
B5,50.0,8.64342484667255e+39,0.06723046154597187,C_III_4647,4.477421192260063e+39,8.243089409754282e+39,3.472390044012326e+38,5.309643251703561e+37,5
B5,60.0,1.4430745869251e+40,0.13000026759194444,C_III_4647,7.563323857025274e+39,1.392837771076284e+40,4.325740796502138e+38,6.979407883794434e+37,4
B5,70.0,5.250985553624067e+39,0.060452540235081106,C_II_4267,2.5261541682333602e+39,4.761860163692787e+39,4.0745105927767756e+38,8.167433065360174e+37,5
B5,80.0,5.724129885479768e+39,0.07813867536110163,C_II_4267,2.5875908429367133e+39,5.245329050144115e+39,3.863342018337873e+38,9.246663350186785e+37,5
B5,90.0,6.918733496773093e+39,0.11009536894396443,C_II_4267,2.9255826583240044e+39,6.399688350491534e+39,4.115670840978462e+38,1.0747806218371276e+38,5
B5,100.0,7.956594410713447e+39,0.007097323007892285,C_III_5696,3.2645221286138975e+39,7.357841964775925e+39,4.7032975744188585e+38,1.2842268849563666e+38,7
B5,110.0,1.1040338327747664e+40,0.012497973243002164,C_III_5696,4.3364532668954804e+39,1.0269507288007824e+40,6.1728121678192154e+38,1.5354982295792002e+38,7
B5,120.0,1.6481901733788988e+40,0.0437289217664835,C_IV_1549,5.6819e+39,1.5530949852429746e+40,7.869966033791182e+38,1.6395527798012182e+38,7
B5,130.0,1.66441289508574e+40,0.08209121581544544,C_II_4267,5.955586849815666e+39,1.543672871811332e+40,1.0943975950630418e+39,1.1300263768103853e+38,4
B5,140.0,3.516924928895955e+39,0.08373613601062635,C_II_6580,5.929570566810666e+38,2.4974925978861615e+39,9.615435978320857e+38,5.788873317770756e+37,7
B5,150.0,0.0,0.0,,,0.0,0.0,0.0,-1
B5,160.0,0.0,0.0,,,0.0,0.0,0.0,-1
B6,0.1,3.5803810754623403e+37,0.00043275180802561657,O_I_7774,3.4848670082184493e+37,5.4786859826038856e+32,3.5803262886019826e+37,5.315904425621524e+24,10
B6,0.2,3.5737250601735147e+37,0.0004440663089328504,O_I_7774,3.474841113991246e+37,4.974273730465206e+32,3.5736753174354574e+37,7.527673191218142e+24,10
B6,0.3,3.5670681695789717e+37,0.0004398258470509592,O_I_7774,3.464684996494866e+37,4.514993918516089e+32,3.567023019638572e+37,1.2144466180372982e+25,10
B6,0.4,3.5604096635217376e+37,0.0004380815424603075,O_I_7774,3.4543928563715186e+37,4.097066601336471e+32,3.560368692853492e+37,2.23220222488107e+25,10
B6,0.5,3.553748719942574e+37,0.0004371193529990345,O_I_7774,3.4439586134732766e+37,3.717238769023865e+32,3.5537115475502097e+37,4.674445707831371e+25,10
B6,0.6,3.5470844333045865e+37,0.0004364920845334948,O_I_7774,3.433375893253707e+37,3.373215238090073e+32,3.547050701141053e+37,1.1152556383144387e+26,10
B6,0.7,3.7672965322722555e+37,0.0004508131886401924,O_I_7774,3.6595984263198764e+37,4.892623411669582e+32,3.767247605997048e+37,4.10906184534818e+26,10
B6,0.8,3.7608520265838123e+37,0.00044728501165477785,O_I_7774,3.649291001726723e+37,4.466174210987158e+32,3.7608073647144196e+37,1.272827159344646e+27,10
B6,0.9,3.754402619657267e+37,0.0004455797847393886,O_I_7774,3.638827482979048e+37,4.162613435125379e+32,3.7543609930734974e+37,4.494182893015084e+27,10
B6,1.0,3.7464874365114307e+37,0.0004440771151022274,O_I_7774,3.6266304960147708e+37,4.1270188647533384e+32,3.746446164879672e+37,1.4431111165890932e+28,10
B6,2.0,3.7809144675993886e+37,0.0004600096676716891,O_I_7774,3.6097311853586363e+37,1.5399674908122536e+32,3.7808990677857404e+37,1.3873974774573624e+27,10
B6,3.0,3.8151323599570024e+37,0.00046260073576518545,O_I_7774,3.5786884908240575e+37,2.2988176392728686e+33,3.8149024143728065e+37,6.382026927162999e+29,10
B6,4.0,3.6561826855458475e+37,0.00048554607864316853,O_I_7774,3.261883367632324e+37,5.395406002905667e+32,3.6561287236462197e+37,7.839599011187159e+28,10
B6,5.0,3.7463767331835085e+37,0.0004942399619654489,O_I_7774,3.276127582558719e+37,5.803235684339889e+34,3.740510441998287e+37,6.305550088156355e+32,10
B6,10.0,3.7935515741015903e+37,0.0006509242084201338,O_I_7774,2.3765796806949085e+37,2.172848663338199e+36,3.5332086309097545e+37,4.305807685801567e+35,10
B6,20.0,1.1830332105068216e+38,0.0019390192431475127,C_III_4647,4.493187757848714e+37,7.781855615710711e+37,2.9889729241305283e+37,1.059503565226976e+37,10
B6,30.0,1.4432795741672035e+38,0.0028385868135666526,C_IV_5801,5.340561532075316e+37,1.1287629083993976e+38,2.2961507244889775e+37,8.49015933189079e+36,10
B6,40.0,2.370154869972687e+38,0.0017138262741983783,C_IV_5801,1.1676094700614001e+38,1.9808075759539315e+38,2.7438871027559713e+37,1.1495858374315812e+37,10
B6,50.0,2.0012290145474444e+39,0.008001347862813878,C_III_4647,8.091120386542421e+38,1.7617058449590906e+39,2.23212454272436e+38,1.6310715315917965e+37,10
B6,60.0,1.1378399936716952e+40,0.05796998570613461,C_III_4647,6.230201959128491e+39,1.0966796894787742e+40,3.424446439009086e+38,6.9158398028302495e+37,6
B6,70.0,4.468065918181788e+39,0.028659774252663677,C_II_4267,1.8811315933283488e+39,4.003214680278122e+39,3.795364707528783e+38,8.531476715078754e+37,7
B6,80.0,5.4135921447614064e+39,0.043211205614921,C_II_4267,2.1533567717306297e+39,4.917187598343795e+39,3.917432465031624e+38,1.0466129991444924e+38,5
B6,90.0,6.796771646680481e+39,0.06469203735619065,C_III_5696,2.9387799615670107e+39,6.25871641128465e+39,4.201519843964189e+38,1.179032509994123e+38,5
B6,100.0,9.917982481764382e+39,0.009181851636866986,C_III_5696,4.4053880584935845e+39,9.242010448427084e+39,5.353724236742094e+38,1.4059960966308758e+38,7
B6,110.0,1.3596410104590122e+40,0.01860731149435692,C_III_5696,5.481257293597915e+39,1.276781132725043e+40,6.734698084935089e+38,1.5512896884618378e+38,7
B6,120.0,2.0585947116439781e+40,0.0489794282747928,C_III_5696,6.776964288834527e+39,1.9558016291242085e+40,8.780948882572702e+38,1.498359369404281e+38,7
B6,130.0,1.0684328712131908e+40,0.06859287787053697,C_III_5696,3.0482396411874975e+39,9.272470244577934e+39,1.3160460729284858e+39,9.581239462548938e+37,6
B6,140.0,3.1516054815058914e+39,0.06423351057073558,C_II_6580,5.099459171295e+38,2.202760362457123e+39,8.881443178450075e+38,6.070080120376042e+37,7
B6,150.0,0.0,0.0,,,0.0,0.0,0.0,-1
B6,160.0,0.0,0.0,,,0.0,0.0,0.0,-1
B7,0.1,7.147254827115383e+37,0.0004983830872379804,O_I_7774,6.598340580946179e+37,2.805895896923257e+31,7.147252021219486e+37,6310421899685516.0,10
B7,0.2,7.126828846499974e+37,0.0004981754254630652,O_I_7774,6.566942111820134e+37,2.651597181409055e+31,7.126826194902792e+37,1.839496339009961e+16,10
B7,0.3,7.106269967968709e+37,0.0004979752730979559,O_I_7774,6.535203098903875e+37,2.5055631085998356e+31,7.1062674624056e+37,1.00413249649035e+17,10
B7,0.4,7.085575995321021e+37,0.0004977762899347051,O_I_7774,6.503118567131577e+37,2.367363271538496e+31,7.085573627957749e+37,8.598257764318811e+17,10
B7,0.5,7.061201314173595e+37,0.000497596521381033,O_I_7774,6.466512060282064e+37,2.2275983289861e+31,7.061199086575266e+37,6.134022242289217e+18,10
B7,0.6,7.007736173033059e+37,0.0004975943503791672,O_I_7774,6.395344362222945e+37,2.028042517124033e+31,7.0077341449905415e+37,1.593723563278447e+18,10
B7,0.7,6.953987986758027e+37,0.000497642520131318,O_I_7774,6.323425822396141e+37,1.8458959253100097e+31,6.953986140862102e+37,4.93637564762367e+17,10
B7,0.8,6.899954144940857e+37,0.000497721816490544,O_I_7774,6.250748272401628e+37,1.6796821911899872e+31,6.899952465258666e+37,1.82481309501839e+17,10
B7,0.9,6.845632357045577e+37,0.0004978123409027946,O_I_7774,6.177304427397004e+37,1.5280463789467622e+31,6.845630828999198e+37,6.237540698543442e+16,10
B7,1.0,6.791020690690027e+37,0.0004979063880460044,O_I_7774,6.103087984805439e+37,1.3897453199446813e+31,6.791019300944707e+37,3.2673606108791296e+16,10
B7,2.0,7.055462151751981e+37,0.0005059231860122512,O_I_7774,6.308714426177368e+37,1.2923183859735026e+31,7.055460859433595e+37,1.1532877197625976e+18,10
B7,3.0,7.156783737944382e+37,0.0005138712881162926,O_I_7774,6.29367905368926e+37,9.650467299213465e+30,7.156782772897652e+37,7.490372736935287e+19,10
B7,4.0,7.077927656383435e+37,0.0005191939268761677,O_I_7774,6.056796637537481e+37,6.153133765193508e+30,7.077927041070058e+37,1.441404914527439e+21,10
B7,5.0,6.855049681027287e+37,0.000524626224909177,O_I_7774,5.628910925425271e+37,3.524750839193079e+30,6.855049328552201e+37,2.6191202168960373e+22,10
B7,10.0,6.069481985112152e+37,0.000558432698435958,O_I_7774,4.246555428376585e+37,1.6781974905204674e+31,6.069480306820742e+37,9.391904371513416e+26,10
B7,20.0,5.410076532964118e+37,0.0006936229981465866,O_I_7774,2.676518603178378e+37,2.7673694871804556e+36,5.055915820649848e+37,7.742376359622536e+35,10
B7,30.0,2.0603167622449315e+38,0.0017572310122010988,C_III_4647,7.183937712310729e+37,1.3958413896428844e+38,5.08262582586838e+37,1.562127900152093e+37,10
B7,40.0,3.1438380909572774e+38,0.0031542372264508132,C_IV_5801,1.3853387791930768e+38,2.6090095587267825e+38,3.979958810219388e+37,1.3683265120855559e+37,10
B7,50.0,4.82902361326984e+38,0.002399794024139755,C_IV_5801,2.666780389230894e+38,4.2623203456873645e+38,4.1196768711312874e+37,1.547355804693475e+37,10
B7,60.0,5.764960111421737e+38,0.002088054726434705,C_IV_5801,3.2284913718781655e+38,5.22739606744802e+38,3.908091586509362e+37,1.467548853227812e+37,10
B7,70.0,6.084886612897008e+39,0.017139247662566665,C_III_4647,3.743097366801649e+39,5.816073396214045e+39,2.0680472343251438e+38,6.200849325044857e+37,9
B7,80.0,4.300076344834542e+39,0.017703000393535333,C_III_5696,1.846055665952379e+39,3.792332375436691e+39,3.94764091320158e+38,1.1297987807769363e+38,9
B7,90.0,6.281022828498262e+39,0.03509110931609787,C_III_5696,3.0382841603093706e+39,5.679445739727474e+39,4.618471632928253e+38,1.3972992547796406e+38,6
B7,100.0,1.0480114864076033e+40,0.012754235779952253,C_III_5696,5.0093801313825924e+39,9.716444089999094e+39,5.999635511376262e+38,1.6370722293931324e+38,7
B7,110.0,1.6856093591937094e+40,0.0257514086242058,C_III_5696,6.700863321380469e+39,1.592123328851072e+40,7.695342814465842e+38,1.6532602197978874e+38,7
B7,120.0,2.48936484165739e+40,0.06842781605606706,C_III_5696,8.56144762672751e+39,2.3610793259159486e+40,1.1150254699734339e+39,1.6782968744098163e+38,5
B7,130.0,5.0556170956083674e+39,0.05634675795154381,C_II_4267,1.000405956269999e+39,4.1259715989632087e+39,8.421533976433913e+38,8.7492099001768e+37,7
B7,140.0,2.6452802495256418e+39,0.03823559080509455,C_II_6580,4.029562759399999e+38,1.792658342865387e+39,7.883005598731399e+38,6.432134678711481e+37,8
B7,150.0,0.0,0.0,,,0.0,0.0,0.0,-1
B7,160.0,0.0,0.0,,,0.0,0.0,0.0,-1
B8,0.1,3.7811161571229546e+38,0.016666114597281272,C_III_1909,2.0964002685781048e+38,2.188360686616945e+38,9.64837371303265e+37,6.27918099202745e+37,9
B8,0.2,3.1248763361821204e+38,0.013831911207467315,C_III_1909,1.42403845325328e+38,1.5200943771619248e+38,9.708914012709302e+37,6.338905577492657e+37,9
B8,0.3,2.9619398969048434e+38,0.013135300714881545,C_III_1909,1.2692720883929918e+38,1.3662109915669718e+38,9.659431561208607e+37,6.297857492170109e+37,9
B8,0.4,2.985235987842409e+38,0.01325125184871703,C_III_1909,1.3105640606695816e+38,1.4070282225287123e+38,9.56469706440309e+37,6.217380588733871e+37,9
B8,0.5,2.9935448287901486e+38,0.01330128703459357,C_III_1909,1.3361927724540575e+38,1.4322919292436545e+38,9.472810867600175e+37,6.139718127864763e+37,9
B8,0.6,3.2907265047010812e+38,0.014617168243146454,C_III_1909,1.6654682783895628e+38,1.758973501162473e+38,9.315294717538057e+37,6.002235317848022e+37,9
B8,0.7,3.282529898287916e+38,0.014595926979204954,C_III_1909,1.6741814355199091e+38,1.767399765769535e+38,9.224870353929405e+37,5.926430971254403e+37,9
B8,0.8,3.2560002169644257e+38,0.014494650651623801,C_III_1909,1.6635334037634399e+38,1.756598964079834e+38,9.13903395687243e+37,5.854978571973488e+37,9
B8,0.9,3.211861091843348e+38,0.014315044960471727,C_III_1909,1.6342179836651348e+38,1.727268350923066e+38,9.057938171660357e+37,5.787989237542464e+37,9
B8,1.0,3.1511936950041316e+38,0.014061871794901905,C_III_1909,1.5873233780954619e+38,1.6804974821351345e+38,8.981552347089087e+37,5.725409781600885e+37,9
B8,2.0,2.0554502443831435e+38,0.009293876530922913,O_III_5007,8.363466413688388e+37,6.937147515300451e+37,8.372395945321351e+37,5.244958983209636e+37,9
B8,3.0,1.6700583657702727e+38,0.007609847837947515,O_III_5007,7.671082186954488e+37,4.324015287221861e+37,7.6771632164467005e+37,4.699405154034165e+37,9
B8,4.0,1.3857095510461154e+38,0.006348988319409769,O_III_5007,7.0074387379884815e+37,2.6555038654654274e+37,7.0110128639448225e+37,4.1905787810509033e+37,9
B8,5.0,1.2306872690918069e+38,0.005665959986062216,O_III_5007,6.43648095551665e+37,2.1037567929418766e+37,6.439150320648344e+37,3.763965577327849e+37,9
B8,10.0,8.776425743011113e+37,0.004096648089060542,O_III_5007,4.46389464864704e+37,1.9340509279635296e+37,4.464787201283766e+37,2.3775876137638186e+37,10
B8,20.0,8.359773171077983e+37,0.0009466052330144986,O_III_5007,2.6767342097478345e+37,4.165066872506823e+37,2.678394113167219e+37,1.516312185403942e+37,10
B8,30.0,7.881264653392452e+38,0.0037927563361919857,C_III_4647,4.62497971468818e+38,7.23531445232924e+38,4.641381913545696e+37,1.8181200970864131e+37,10
B8,40.0,2.993867356749907e+39,0.01689784317620298,C_III_4647,1.5012049449716353e+39,2.776013310726212e+39,1.759685894829919e+38,4.1885456540702937e+37,8
B8,50.0,5.897628441731906e+39,0.03743500541225749,C_III_4647,3.0291820845654346e+39,5.523971000879237e+39,3.14446271854684e+38,5.921116899798452e+37,5
B8,60.0,1.0421986976799768e+40,0.07141703820374525,C_III_4647,5.555923354660597e+39,9.99111306610117e+39,3.568651901732793e+38,7.400872052531786e+37,5
B8,70.0,4.894605941633235e+39,0.03744809185130215,C_II_4267,2.1643442397684177e+39,4.4167987982256426e+39,3.807032126979802e+38,9.710393070961164e+37,6
B8,80.0,6.114121810569632e+39,0.04798305209182796,C_II_4267,2.4904595469783508e+39,5.56294330527847e+39,4.2827440511228115e+38,1.2290410017888118e+38,6
B8,90.0,8.424968793886495e+39,0.13169547962852812,C_II_4267,2.818364370406842e+39,7.693315072062849e+39,5.70311638815799e+38,1.6134208300784601e+38,5
B8,100.0,1.6147633691322102e+40,0.026552583558224062,C_IV_1549,5.5497e+39,1.5113523137749103e+40,8.636351196557935e+38,1.704754339172027e+38,7
B8,110.0,1.7219089735791379e+40,0.06392984122971258,C_II_4267,6.914338481436363e+39,1.578798825931189e+40,1.3060829503011257e+39,1.2501852617836374e+38,4
B8,120.0,3.862971007046294e+39,0.08324991427349854,C_II_6580,6.6549988746659994e+38,2.7232614539360414e+39,1.0816922786885648e+39,5.80172744216876e+37,7
B8,130.0,1.0783648959825168e+39,0.037439963500830176,C_III_5696,1.7048896479607502e+38,7.031621959359132e+38,3.449923613961906e+38,3.0210338650413064e+37,10
B8,140.0,2.0519336513711557e+36,2.0368193915249623e-05,C_II_4267,5.061358382704746e+35,1.024187402634619e+36,1.0252408726940626e+36,2.5053760424739865e+33,10
B8,150.0,1.7609827562704172e+36,3.2105309159492845e-05,C_II_4267,4.3386393666272494e+35,8.778834234101884e+35,8.808605312086954e+35,2.2388016515336086e+33,10
B9,0.1,4.883440663465236e+37,0.001074686823420582,C_III_1909,3.168571997867075e+37,3.199517934499116e+37,1.6451188185817132e+37,3.880391038440608e+35,10
B9,0.2,4.629264424044075e+37,0.00101837702153898,C_III_1909,2.9276390251023877e+37,2.956647325522583e+37,1.6376207282063394e+37,3.4996370315152745e+35,10
B9,0.3,4.433978054772345e+37,0.0009750529916688088,C_III_1909,2.7381822680307307e+37,2.765709785708761e+37,1.6349783753240895e+37,3.328989373949367e+35,10
B9,0.4,4.291287801856282e+37,0.0009433182248404932,C_III_1909,2.594713513317913e+37,2.6211816880634252e+37,1.636704770915685e+37,3.340134287717223e+35,10
B9,0.5,4.0284334700428625e+37,0.0008852313094626832,C_III_1909,2.3516350797220515e+37,2.3759761192762327e+37,1.6245837331695781e+37,2.7873617597051782e+35,10
B9,0.6,3.9732325810926875e+37,0.0008727095610588139,C_III_1909,2.2848316742339763e+37,2.3088312387280447e+37,1.6335176137331177e+37,3.0883728631524233e+35,10
B9,0.7,3.980445832455723e+37,0.0008738924330570199,C_III_1909,2.2717791555169976e+37,2.2959960569218763e+37,1.6483447103150692e+37,3.610506521877719e+35,10
B9,0.8,4.0743470858099013e+37,0.0008940848680766969,C_III_1909,2.332678850483815e+37,2.357916101831298e+37,1.671883307124731e+37,4.454767685387209e+35,10
B9,0.9,4.298571540412073e+37,0.0009428204402099792,C_III_1909,2.5039067691044864e+37,2.53140440989542e+37,1.7091290243591685e+37,5.803810615748447e+35,10
B9,1.0,4.731383481618945e+37,0.001037192010879583,C_III_1909,2.850707677035302e+37,2.88249352339381e+37,1.76897689862066e+37,7.991305960447533e+35,10
B9,2.0,2.1346257645508512e+38,0.004635970421059054,C_III_1909,1.640626787097075e+38,1.662885684590725e+38,3.7624608950229457e+37,9.549399045783151e+36,9
B9,3.0,2.5537358003633836e+38,0.005506729787984249,C_III_1909,1.942224692812264e+38,1.9745850451512964e+38,4.468747889875378e+37,1.3227596622454946e+37,9
B9,4.0,6.253446070797343e+38,0.012892589022693777,C_III_1909,4.778175093255623e+38,4.891387128093008e+38,9.09761564443943e+37,4.522973782603913e+37,9
B9,5.0,5.663749886472944e+38,0.011626753928770115,C_III_1909,4.1769720311654494e+38,4.305024127226171e+38,9.044760128228466e+37,4.542497464239252e+37,9
B9,10.0,2.1655435042193332e+38,0.004553100831616257,O_III_5007,8.042864938591398e+37,9.217751161856678e+37,8.103579128956376e+37,4.3341047513802805e+37,10
B9,20.0,8.61741089156206e+37,0.0022607982825525296,O_III_5007,3.2046064891437994e+37,4.059276806482137e+37,3.2075989258509305e+37,1.3505351592289926e+37,10
B9,30.0,1.1304354308769298e+38,0.001096848022983649,C_IV_5801,3.2188734343401343e+37,6.715439437883263e+37,3.046544067859213e+37,1.5423708030268242e+37,10
B9,40.0,1.1623377919601045e+39,0.0012394805125961622,C_III_4647,6.503506417720876e+38,1.022509983496371e+39,1.1658129650715576e+38,2.3246511956577755e+37,10
B9,50.0,4.310849353780784e+39,0.018391537499295244,C_III_4647,2.3789561537852868e+39,4.0347681944835864e+39,2.1801765270702144e+38,5.8063506590176685e+37,8
B9,60.0,9.625370324647668e+39,0.05067492686953916,C_III_4647,5.578401346349648e+39,9.198244405253557e+39,3.4027652260570563e+38,8.684939678840603e+37,5
B9,70.0,4.087981358448449e+39,0.028089064523706908,C_II_4267,1.5351942086849203e+39,3.618179098698527e+39,3.6505436337216765e+38,1.0474789637775364e+38,7
B9,80.0,6.164024250588203e+39,0.05078639469203906,C_II_4267,2.2943973992872197e+39,5.584260188115633e+39,4.4584552521283264e+38,1.3391853725973703e+38,5
B9,90.0,9.114434074969193e+39,0.09205095094235603,C_III_5696,3.35467219122697e+39,8.347404295420656e+39,6.001687706392194e+38,1.6686100890931642e+38,5
B9,100.0,1.8787834676125385e+40,0.03944860827829604,C_IV_1549,6.550099999999999e+39,1.770003328485343e+40,9.110878160890163e+38,1.767135751829379e+38,7
B9,110.0,2.087656606216904e+40,0.0989025671627165,C_II_4267,8.621185016673333e+39,1.923631711221949e+40,1.5084844041779036e+39,1.3176454577164812e+38,5
B9,120.0,3.782442471797056e+39,0.05638182753166523,C_II_6580,6.390552225115334e+38,2.64498272854813e+39,1.0738155172281033e+39,6.36442260208227e+37,8
B9,130.0,1.1046670331275382e+39,0.025182162012119914,C_III_5696,1.7307831382760002e+38,7.161252124064186e+38,3.5077494894643154e+38,3.776687177468795e+37,10
B9,140.0,3.3977067671606876e+36,0.00010305587985726411,C_II_4267,6.188895549769331e+35,1.611006588881402e+36,1.698396249573539e+36,8.830392870574588e+34,10
C1,0.1,4.6589297891510426e+39,0.1353726915032566,C_IV_1549,3.3723e+39,4.6507727556969257e+39,2.6162544910879734e+36,5.540778963028348e+36,3
C1,0.2,3.9851114722874673e+40,0.47211633076774173,C_III_1909,3.57050161186392e+40,3.9824869551946473e+40,9.136713855304709e+36,1.7108457072894747e+37,1
C1,0.3,4.684685796733521e+40,0.7968648431820704,C_III_1909,4.2924368791975004e+40,4.6820027766211625e+40,1.67280553590104e+37,1.0102145764578257e+37,1
C1,0.4,2.5967190103318173e+40,0.9817865514387606,C_III_1909,2.432459324825144e+40,2.595043660360159e+40,1.47159906487491e+37,2.037509067829957e+36,1
C1,0.5,2.1600074198369303e+40,0.9777496719553315,C_III_1909,2.1489381497615843e+40,2.1578510477526684e+40,2.1555510817654717e+37,8.210024961220578e+33,1
C1,0.6,1.5173662434496287e+40,0.971167436353086,C_III_1909,1.5068372194163633e+40,1.5147907838605438e+40,2.575016761909202e+37,4.428271756251817e+33,1
C1,0.7,6.468230098177674e+39,0.9341743704012649,C_III_1909,6.387401346048058e+39,6.437355634356354e+39,3.08711172960965e+37,3.346525224305744e+33,1
C1,0.8,2.0260720988156013e+39,0.7908580937367032,C_III_1909,1.9610251289255992e+39,1.9851513282304235e+39,4.091859025999435e+37,2.180325183369138e+33,1
C1,0.9,9.641151321947744e+38,0.5829404452180474,C_III_1909,8.930183921881114e+38,9.087859693852226e+38,5.532804426044221e+37,1.1185491096264027e+33,1
C1,1.0,6.092653412618391e+39,0.8274595086274222,C_III_1909,5.92916915783297e+39,5.993885153273083e+39,9.876677876844071e+37,1.480576868178859e+33,1
C1,2.0,6.652593249986102e+39,0.7157680508208627,C_III_1909,6.340187792740959e+39,6.410762812508418e+39,2.4183043058416295e+38,6.893520146442269e+30,1
C1,3.0,7.277099904652089e+39,0.6713945473115732,C_III_1909,6.834902384843732e+39,6.911582759874594e+39,3.654880775357585e+38,2.906724173689672e+34,1
C1,4.0,6.899189833132017e+40,0.9333770589090294,C_III_1909,6.625791445991e+40,6.804186834990514e+40,4.909114154769899e+38,4.591185659380426e+38,1
C1,5.0,1.0845407023339557e+40,0.6704748638894404,C_III_1909,1.0138655808101053e+40,1.0248247064643138e+40,5.971599232789327e+38,3.5417485845001137e+31,1
C1,6.0,1.3006237092418896e+40,0.731622757894281,C_III_1909,1.2320545668649757e+40,1.2448645435431553e+40,5.575916302589667e+38,2.672837186402934e+31,1
C1,7.0,9.61619361909095e+40,0.9358810553778903,C_III_1909,5.507283337167804e+40,9.421244115073776e+40,9.177746523400618e+38,1.0317203878316705e+39,1
C1,8.0,2.371044600969984e+40,0.7329145884346137,C_III_1909,1.0938669184188209e+40,2.0957605860076302e+40,1.2644384094600758e+39,1.488401740163465e+39,1
C1,9.0,2.0414967054456833e+40,0.6785014037245573,C_III_1909,1.8559211861796821e+40,1.878842522819585e+40,1.6265418108529578e+39,1.54080246757619e+31,1
C1,10.0,1.4425860892630147e+41,0.9419554065663696,C_III_1909,1.2670911108045789e+41,1.4042470391595098e+41,1.82733053020147e+39,2.006574480149028e+39,1
C1,20.0,1.214518715198749e+41,0.9411167634321768,C_III_1909,1.0798618284459e+41,1.1260114169858535e+41,5.0957365782597956e+39,3.754993243029768e+39,1
C1,30.0,9.287143769569798e+39,0.8821722560069487,C_III_1909,3.973144340248506e+39,6.445609896226703e+39,2.2008065541386312e+39,6.407273192044634e+38,1
C1,40.0,2.9004529680804514e+39,0.8978117560206647,C_II_4267,7.25154072654165e+38,1.5425382078818035e+39,1.1608507813598938e+39,1.9706397883875436e+38,1
C1,50.0,7.402736874567142e+38,0.8987295508027793,O_III_5007,1.7999559026955e+38,2.7556146337436813e+38,4.206608660443966e+38,4.405135803794944e+37,1
C1,60.0,4.333209078181797e+38,0.9552421790604669,O_I_7774,1.2361549649592776e+38,1.5311314391567871e+38,2.614430368794936e+38,1.8764727023007413e+37,1
C1,70.0,2.288982512456025e+38,0.9734213792720066,O_I_7774,8.502489918106699e+37,6.346578327117383e+37,1.5956593741067407e+38,5.866530563754626e+36,1
C1,80.0,1.3586644570214996e+38,0.9825257153596889,O_I_7774,5.902678036780633e+37,2.7020222329845434e+37,1.071169763884382e+38,1.7292469838663444e+36,1
C1,90.0,0.0,0.0,,,0.0,0.0,0.0,-1
C1,100.0,0.0,0.0,,,0.0,0.0,0.0,-1
C1,110.0,0.0,0.0,,,0.0,0.0,0.0,-1
C1,120.0,0.0,0.0,,,0.0,0.0,0.0,-1
C1,130.0,0.0,0.0,,,0.0,0.0,0.0,-1
C1,140.0,0.0,0.0,,,0.0,0.0,0.0,-1
C1,150.0,0.0,0.0,,,0.0,0.0,0.0,-1
C1,160.0,0.0,0.0,,,0.0,0.0,0.0,-1
C10,0.1,5.191499315733777e+42,0.9889161455406132,C_III_1909,5.1179947607453644e+42,5.1763275734559093e+42,5.287265466380763e+39,9.884476811486597e+39,1
C10,0.2,5.1544789287201505e+42,0.9889205140936508,C_III_1909,5.0936798860752603e+42,5.139557328463462e+42,5.213970029478959e+39,9.707630227209174e+39,1
C10,0.3,5.113191791278308e+42,0.9891906850891227,C_III_1909,5.0624449944549916e+42,5.098520532866451e+42,5.1402053311998205e+39,9.53105308065674e+39,1
C10,0.4,5.067472927685204e+42,0.9894854779848902,C_III_1909,5.024557320242821e+42,5.0530519984938307e+42,5.0660228575625394e+39,9.354906333809934e+39,1
C10,0.5,5.023333363784823e+42,0.9899231069189217,C_III_1909,4.986480082194887e+42,5.0091582426709684e+42,4.992942042049754e+39,9.182179071804498e+39,1
C10,0.6,5.11047891036445e+42,0.9903748418293645,C_III_1909,5.075848577912977e+42,5.0964535899030625e+42,4.952602245380957e+39,9.072718216006456e+39,1
C10,0.7,5.180541430831758e+42,0.9907778769271167,C_III_1909,5.147857449577037e+42,5.1666676156437303e+42,4.9120529490265015e+39,8.961762239001944e+39,1
C10,0.8,5.550012556457837e+42,0.9902918970308895,C_III_1909,5.517501006627926e+42,5.534945807995444e+42,5.317565818826708e+39,9.749182643565706e+39,1
C10,0.9,5.606369541933975e+42,0.9906807230668438,C_III_1909,5.575424339054147e+42,5.591463979319095e+42,5.2739763418651574e+39,9.631586273014859e+39,1
C10,1.0,5.647780451957058e+42,0.9910287321167391,C_III_1909,5.618218743075053e+42,5.63303688831345e+42,5.230430879625877e+39,9.513132763981451e+39,1
C10,2.0,4.959634215764136e+42,0.9923580901725769,C_III_1909,4.9372864991360006e+42,4.9464692936163774e+42,4.842807623595895e+39,8.32211452416273e+39,1
C10,3.0,4.316811372415379e+42,0.9938354058657826,C_III_1909,4.2994064216860004e+42,4.305659165329639e+42,4.4680802644350234e+39,6.68412682130619e+39,1
C10,4.0,3.988053671139311e+42,0.9948226839949164,C_III_1909,3.974161095363267e+42,3.979281241684719e+42,4.121526774687465e+39,4.650902679904756e+39,1
C10,5.0,4.205836995536655e+42,0.9948757902307183,C_III_1909,4.185733839921846e+42,4.195604780401953e+42,4.362741225853822e+39,5.869473908848808e+39,1
C10,6.0,4.5257476588698494e+42,0.9934063710430764,C_III_1909,4.477515164775003e+42,4.5129598794501013e+42,4.729111397442316e+39,8.058668022306859e+39,1
C10,7.0,3.671256479620761e+42,0.9873196099182294,C_III_1909,3.5263293913523214e+42,3.6575250451054096e+42,4.916965188564081e+39,8.81446932678722e+39,1
C10,8.0,2.625519848192522e+42,0.9661444762437911,C_III_1909,2.2371385059687262e+42,2.6101643723950132e+42,5.386830496602103e+39,9.968645300907068e+39,1
C10,9.0,2.0671178707601186e+42,0.9332261597393562,C_III_1909,1.4657176810540294e+42,2.0509526801655796e+42,5.623899345780046e+39,1.0541291248759692e+40,1
C10,10.0,1.5011923641903633e+42,0.8987040828195232,C_IV_1549,8.013699999999999e+41,1.4848805187665637e+42,5.670877044949626e+39,1.0640968378850061e+40,1
C10,20.0,1.231757595326002e+40,0.7220976005220449,Ne_III_3869,5.535138808723371e+39,3.1835811921022715e+39,3.598855952434381e+39,5.535138808723371e+39,1
C10,30.0,1.2354447204824675e+41,0.8635259095077473,C_III_1909,7.414762082794145e+40,9.671709413303007e+40,1.3897407062836854e+40,1.2929970852379797e+40,1
C10,40.0,7.657290739902606e+39,0.7609195846413881,C_III_4647,2.744424359316427e+39,4.9456638494070755e+39,2.0065459042859857e+39,7.050809862095442e+38,1
C10,50.0,1.1158227972276183e+39,0.7356832983089747,O_III_5007,2.129915203098e+38,5.912470513094287e+38,3.6884701430608545e+38,1.557287316121043e+38,2
C10,60.0,7.810495907697572e+38,0.8967497204411141,C_II_4267,1.9298940038725e+38,4.611461138040119e+38,2.563462096917931e+38,6.355726727395233e+37,1
C10,70.0,4.116324709491656e+38,0.9408586225849165,O_III_5007,1.7298940038725002e+38,1.801229844480147e+38,2.014255831076104e+38,3.0083903393540607e+37,1
C10,80.0,2.5676705282879287e+38,0.9665557061728477,O_III_5007,1.0415333682322382e+38,1.2105893735227638e+38,1.2231211942557154e+38,1.339599605094491e+37,1
C10,90.0,1.619052070212995e+38,0.9794608590900294,O_III_5007,5.942012591156422e+37,8.413822208722184e+37,7.16298343425198e+37,6.137150591557871e+36,1
C10,100.0,1.0304740725051356e+38,0.9871371904349288,C_II_4267,3.6760276264314216e+37,5.661801350796377e+37,4.346643666246653e+37,2.962957080083245e+36,1
C10,110.0,6.281452175645343e+37,0.9919910131529964,C_II_4267,2.272064583165677e+37,3.635703470506573e+37,2.5087863875915037e+37,1.3696231754726533e+36,1
C11,0.1,4.6294739943756284e+42,0.9245659341955095,C_IV_1549,4.1963e+42,4.609419408389532e+42,6.688783385612271e+39,1.3365802600484238e+40,1
C11,0.2,4.5916798745337704e+42,0.9220505829236856,C_IV_1549,4.1340999999999996e+42,4.5718186435140484e+42,6.635780488953128e+39,1.3225450530768494e+40,1
C11,0.3,4.7310214436332584e+42,0.9225448125740926,C_IV_1549,4.2472000000000004e+42,4.711354620605176e+42,6.582355525909661e+39,1.3084467502172826e+40,1
C11,0.4,4.704439350435031e+42,0.920707420954072,C_IV_1549,4.1928e+42,4.684967977577642e+42,6.528509354347417e+39,1.294286350304213e+40,1
C11,0.5,4.8983409343702054e+42,0.9081954501952785,C_IV_1549,4.4546999999999997e+42,4.8743353563221845e+42,7.990555991054115e+39,1.6015022056966289e+40,1
C11,0.6,4.976503285948095e+42,0.9083037355998135,C_IV_1549,4.5045e+42,4.952635367813886e+42,7.953995927810276e+39,1.591392220639927e+40,1
C11,0.7,4.79775812543704e+42,0.904039685976142,C_IV_1549,4.2954e+42,4.774028695647944e+42,7.917146948261696e+39,1.5812282840834125e+40,1
C11,0.8,4.621614599850615e+42,0.8995980669412413,C_IV_1549,4.0857999999999997e+42,4.5980244862070596e+42,7.880008828468609e+39,1.5710104815086934e+40,1
C11,0.9,4.509151545771903e+42,0.8962341812078917,C_IV_1549,3.9367e+42,4.4857015755278137e+42,7.84258136214518e+39,1.5607388881944274e+40,1
C11,1.0,4.419071193770083e+42,0.8932674636729896,C_IV_1549,3.8067e+42,4.39576138156193e+42,7.805091474536424e+39,1.550472073361654e+40,1
C11,2.0,3.403566628528492e+42,0.8574925694782379,C_IV_1549,2.18447e+42,3.3815075587806e+42,7.469202208238628e+39,1.4589867539653088e+40,1
C11,3.0,3.207816555474097e+42,0.8254360879723168,C_III_1909,1.9923876113095305e+42,3.1828429981163795e+42,8.492716078101681e+39,1.6480841279615725e+40,1
C11,4.0,3.9775156337356585e+42,0.871335108640275,C_III_1909,3.477381157563506e+42,3.9540290299490275e+42,8.087143892952353e+39,1.5399459893678834e+40,1
C11,5.0,5.808081132178423e+42,0.915861075155742,C_III_1909,5.5439794965025644e+42,5.782274019673801e+42,8.940785199661174e+39,1.6866327304961403e+40,1
C11,6.0,8.303208109944357e+42,0.9568859604647392,C_III_1909,8.18582283485633e+42,8.279013655790476e+42,8.505773978158957e+39,1.5688680175721538e+40,1
C11,7.0,8.938207399884779e+42,0.9659427544208133,C_III_1909,8.858859197337961e+42,8.91552567807948e+42,8.102787198236281e+39,1.4578934607063026e+40,1
C11,8.0,9.945958833454683e+42,0.9737497247162035,C_III_1909,9.865226671263565e+42,9.921068999680662e+42,8.921366262179255e+39,1.5968467511842218e+40,1
C11,9.0,9.652587170072255e+42,0.972548866889679,C_III_1909,9.56772107533135e+42,9.628244068269558e+42,8.777525369210059e+39,1.5565576433485665e+40,1
C11,10.0,9.285441482628472e+42,0.9694606948802588,C_III_1909,9.181643690835547e+42,9.260954306571756e+42,8.817542178353975e+39,1.5669633878363915e+40,1
C11,20.0,1.0244917374759766e+42,0.7259860123074113,C_IV_1549,8.0912e+41,1.0002995194927826e+42,8.867830678047948e+39,1.5324387305146102e+40,1
C11,30.0,1.4560810144093374e+40,0.7427047898713937,Ne_III_3869,6.468762139750337e+39,3.323187783362031e+39,4.7688602209810036e+39,6.468762139750337e+39,1
C11,40.0,2.312354937681135e+41,0.8323304089870671,C_III_1909,1.3422716265249984e+41,1.921744433801546e+41,1.946945594877418e+40,1.959159443918475e+40,1
C11,50.0,5.066968634287621e+39,0.339351969922275,C_III_1909,7.317566424335999e+38,2.6115098117008886e+39,1.7237021801531326e+39,7.317566424335999e+38,2
C11,60.0,1.3127003151443897e+39,0.23686563514030817,Ne_III_3869,1.96990107416e+38,5.247398854803897e+38,5.9097032224799994e+38,1.96990107416e+38,2
C11,70.0,8.428428439883111e+38,0.4021961320687971,O_I_7774,1.729920859328e+38,3.52522248571551e+38,3.919661655685841e+38,9.835442984817572e+37,2
C11,80.0,6.267378644701293e+38,0.624061940385073,C_II_4267,1.4899010741600001e+38,2.6561846355880522e+38,3.207410630005838e+38,4.037833791074042e+37,2
C11,90.0,4.7303324127819405e+38,0.7793641821746352,C_II_4267,1.2800197851680001e+38,2.0527435446813486e+38,2.4673700266281955e+38,2.1021884147239656e+37,2
C11,100.0,3.3751537894846427e+38,0.8651982463356452,C_II_4267,1.0599340494400002e+38,1.5880762585259819e+38,1.6770448458042823e+38,1.1003268515437883e+37,1
C11,110.0,2.4417693860649617e+38,0.91647375562022,C_II_4267,8.819380064735999e+37,1.2524493392158485e+38,1.1303035675817159e+38,5.901647926739694e+36,1
C12,0.1,1.1765850574320116e+40,0.023084470333407103,Ne_III_3869,6.60080114364697e+39,1.5583256367154384e+39,3.606723793957704e+39,6.60080114364697e+39,6
C12,0.2,1.214036629471308e+40,0.0172454622180972,Ne_III_3869,6.696070118733774e+39,1.7873916871775023e+39,3.656904488801806e+39,6.696070118733774e+39,6
C12,0.3,1.190542153642821e+40,0.015858850473279406,Ne_III_3869,6.65304717329839e+39,1.612206737482202e+39,3.640167625647619e+39,6.65304717329839e+39,6
C12,0.4,1.183736416034884e+40,0.014840715885684584,Ne_III_3869,6.609783145255612e+39,1.6042645268840756e+39,3.6233164882091527e+39,6.609783145255612e+39,6
C12,0.5,1.1790641820556385e+40,0.013963730569365855,Ne_III_3869,6.566316530512589e+39,1.6179730303479244e+39,3.6063522596958727e+39,6.566316530512589e+39,6
C12,0.6,1.289607725715288e+40,0.008981939926618613,Ne_III_3869,6.678788312926983e+39,2.5530957676065713e+39,3.664193176619326e+39,6.678788312926983e+39,6
C12,0.7,1.3185450887123245e+40,0.00904097128704263,Ne_III_3869,6.676622834448563e+39,2.841636737550042e+39,3.6671913151246384e+39,6.676622834448563e+39,6
C12,0.8,1.2310386553964787e+40,0.016353020401932847,Ne_III_3869,6.57842489273503e+39,2.107135852428437e+39,3.624825808801322e+39,6.57842489273503e+39,6
C12,0.9,1.3011090393826594e+40,0.01529063380904628,Ne_III_3869,6.628615840744814e+39,2.72877624294652e+39,3.6536983101352576e+39,6.628615840744814e+39,6
C12,1.0,1.3579077854213244e+40,0.013638401011914552,Ne_III_3869,6.651796680765834e+39,3.2577414649015986e+39,3.6695397085458115e+39,6.651796680765834e+39,6
C12,2.0,3.865939516473066e+41,0.2311680829852161,C_IV_1549,1.91152e+41,3.756521793777855e+41,3.9166047835920327e+39,7.02516748592903e+39,4
C12,3.0,5.307425531355932e+41,0.2877723355178731,C_III_1909,4.013928050987999e+41,5.20214257050478e+41,3.849951488762853e+39,6.678344596352255e+39,2
C12,4.0,5.634816180280121e+41,0.48269752582923336,C_III_1909,4.307470021245e+41,5.532517314975533e+41,3.8033775229553446e+39,6.426509007503421e+39,1
C12,5.0,5.851398585717272e+41,0.5524571032438875,C_III_1909,4.4908876872035005e+41,5.75544073011757e+41,3.637894514120598e+39,5.95789104584949e+39,1
C12,6.0,5.663458084117598e+41,0.5928570369050024,C_III_1909,4.395565953261e+41,5.574394671594965e+41,3.488678468598071e+39,5.4176627836651224e+39,1
C12,7.0,5.194653150417824e+41,0.781063388542718,C_III_1909,4.0689836192195e+41,5.1092461046946385e+41,3.4103036759144473e+39,5.130400896404091e+39,1
C12,8.0,4.805737981966471e+41,0.8525156070009839,C_III_1909,3.7399356532115e+41,4.725470866967931e+41,3.312641664759503e+39,4.714069835094478e+39,1
C12,9.0,4.634996177598291e+41,0.932781592854104,C_III_1909,3.6149356532115e+41,4.55287080276947e+41,3.4603805143464204e+39,4.7521569685357195e+39,1
C12,10.0,3.8013629239590345e+41,0.9484819592019306,C_III_1909,2.6604416489625e+41,3.708694669050436e+41,4.069968700404903e+39,5.196856790455028e+39,1
C12,20.0,1.2009363603395317e+40,0.9451702861119987,C_IV_1549,4.2625e+39,6.479803214192257e+39,3.7265197392936664e+39,1.803040649909392e+39,1
C12,30.0,1.2721004903937072e+39,0.9519074366035202,O_III_5007,4.1462649893775e+38,5.625480463412584e+38,5.3702031396971745e+38,1.7253213008273128e+38,1
C12,40.0,4.9866080974081475e+38,0.9860714071962103,O_III_5007,2.633719351071618e+38,1.635822325744828e+38,2.8509503983393645e+38,4.998353733239556e+37,1
C12,50.0,2.348340937362006e+38,0.9940745193123285,O_III_5007,1.261484461679761e+38,8.171372437868836e+37,1.3459127451416226e+38,1.8529094843349987e+37,1
C12,60.0,1.2260155268393737e+38,0.9968365932236427,O_III_5007,6.0041427893718855e+37,5.099853714021189e+37,6.475063113294336e+37,6.852384410782141e+36,1
C12,70.0,6.6671751147323405e+37,0.9980679852804915,O_III_5007,3.0003765563070335e+37,3.0602577305553847e+37,3.3381294280384106e+37,2.687879561385449e+36,1
C12,80.0,3.766309045977434e+37,0.9987616360338962,O_III_5007,1.5699885505904067e+37,1.875160080140743e+37,1.7790517912543255e+37,1.1209717458236539e+36,1
C12,90.0,2.052693749200955e+37,0.9991787229684825,O_III_5007,7.955957118601048e+36,1.096748851391848e+37,9.118960916183335e+36,4.404880619077358e+35,1
C12,100.0,1.1108412279806338e+37,0.9994453317393571,O_III_5007,4.184800755065201e+36,6.129958609598751e+36,4.800211469648263e+36,1.7824220055932338e+35,1
C13,0.1,2.576699906879944e+40,0.07475554027826753,Ne_III_3869,1.1206783561980397e+40,8.43447191015982e+39,6.125743596659227e+39,1.1206783561980397e+40,6
C13,0.2,2.5318390661120395e+40,0.07327220949349866,Ne_III_3869,1.1169789199950764e+40,8.0371356872443e+39,6.11146577392533e+39,1.1169789199950764e+40,6
C13,0.3,2.4559484291675063e+40,0.07097312757476412,Ne_III_3869,1.113284876371219e+40,7.329487758932859e+39,6.097147769030015e+39,1.113284876371219e+40,6
C13,0.4,2.4629020733964928e+40,0.06949000200972665,Ne_III_3869,1.1452424199300668e+40,6.917409960749189e+39,6.259186573915072e+39,1.1452424199300668e+40,6
C13,0.5,2.299899565897157e+40,0.06498196302458085,Ne_III_3869,1.1413676376589974e+40,5.341229976994512e+39,6.244089305387089e+39,1.1413676376589974e+40,6
C13,0.6,2.174954756505411e+40,0.061479735437601477,Ne_III_3869,1.137476598532229e+40,4.145832504191989e+39,6.22894907553983e+39,1.137476598532229e+40,6
C13,0.7,2.0403412344662694e+40,0.05772325065960999,Ne_III_3869,1.1335872267094066e+40,2.853753737465677e+39,6.213786340102952e+39,1.1335872267094066e+40,6
C13,0.8,2.083482281588306e+40,0.05915653897575324,Ne_III_3869,1.1275916281168916e+40,3.36926240221609e+39,6.189644132498054e+39,1.1275916281168916e+40,5
C13,0.9,2.1069151451844186e+40,0.06011755438447845,Ne_III_3869,1.1214703189673076e+40,3.689551027650648e+39,6.16489723452046e+39,1.1214703189673076e+40,5
C13,1.0,2.0865921609566383e+40,0.05992459607536357,Ne_III_3869,1.1153569052030102e+40,3.5722576103713274e+39,6.140094947164956e+39,1.1153569052030102e+40,5
C13,2.0,1.994448627744744e+40,0.06073117090326867,Ne_III_3869,1.1122422845852623e+40,2.6346794197489394e+39,6.187384011845874e+39,1.1122422845852623e+40,5
C13,3.0,1.985421245848589e+40,0.07532284318667702,Ne_III_3869,1.0884638157744622e+40,2.8261651289238347e+39,6.143409171817433e+39,1.0884638157744622e+40,5
C13,4.0,1.8244426692771906e+40,0.08831265045927056,Ne_III_3869,1.0041197168064535e+40,2.4155131687339202e+39,5.787716355973449e+39,1.0041197168064535e+40,4
C13,5.0,2.226170074171432e+40,0.05137116849271278,Ne_III_3869,9.512030005883415e+39,7.159934987760125e+39,5.58973574807077e+39,9.512030005883415e+39,5
C13,6.0,2.9737624560773176e+40,0.06257510040759841,C_III_1909,1.5661238621353857e+40,1.599027492947257e+40,5.166568968402014e+39,8.580780662898592e+39,5
C13,7.0,5.122636243097236e+41,0.5267868762176298,C_IV_1549,4.6542e+41,4.9965012677209095e+41,4.8212326297618644e+39,7.792264907870816e+39,1
C13,8.0,3.856496937146936e+41,0.4654762375189761,C_IV_1549,2.09331e+41,3.734766888087517e+41,4.728819269093671e+39,7.444185636848301e+39,2
C13,9.0,4.199282997423822e+41,0.6475287591475675,C_III_1909,2.1229511231635115e+41,4.086163375412341e+41,4.467953806777686e+39,6.844008394370387e+39,1
C13,10.0,5.993092203910462e+41,0.8193750698583295,C_III_1909,4.620360166048475e+41,5.885335554858301e+41,4.392006807891422e+39,6.383658097324661e+39,1
C13,20.0,4.1935163439015766e+40,0.9266390972218321,C_III_1909,2.066459579464e+40,2.816529510656706e+40,8.101229159032079e+39,5.668639173416627e+39,1
C13,30.0,1.1827695490318416e+39,0.9329903751194744,O_III_5007,4.066459579464001e+38,5.155168085352627e+38,4.930953783558787e+38,1.741573621406999e+38,1
C13,40.0,5.179606068477313e+38,0.9782571458197344,O_III_5007,2.6445077498230107e+38,1.792034729220157e+38,2.8990450768578183e+38,4.885262623993376e+37,1
C13,50.0,2.4898431569425342e+38,0.9893378042847509,O_III_5007,1.2695435777203226e+38,9.468548662132221e+37,1.3657517882934532e+38,1.7723650243585915e+37,1
C13,60.0,1.3567590697745426e+38,0.9942259059308202,O_III_5007,6.401902277308767e+37,5.871409456582826e+37,6.996298695416994e+37,6.998825457456044e+36,1
C13,70.0,7.432589916824344e+37,0.9967119217730392,O_III_5007,3.205686691420357e+37,3.6204877948093893e+37,3.539241220392248e+37,2.7286090162270616e+36,1
C13,80.0,4.0588099027718936e+37,0.9980587514827183,O_III_5007,1.6190184745609418e+37,2.1405263858743027e+37,1.8107937083390488e+37,1.074898085585419e+36,1
C13,90.0,2.2513695441925566e+37,0.9988191431633379,O_III_5007,8.689284735640262e+36,1.233608258168337e+37,9.71300514278506e+36,4.6460771745713434e+35,1
C13,100.0,1.1928131380146997e+37,0.9992885575835974,O_III_5007,4.401000100120694e+36,6.888262913119113e+36,4.862775528188652e+36,1.7709293883923183e+35,1
C14,0.1,3.201000601332286e+42,0.9074248293628795,C_IV_1549,2.6727999999999998e+42,3.1859272694401725e+42,5.106366966027749e+39,9.966964926086155e+39,1
C14,0.2,3.369757987624789e+42,0.9047204011335382,C_IV_1549,2.8951999999999996e+42,3.3530368907339895e+42,5.642246570959308e+39,1.10788503198411e+40,1
C14,0.3,3.07263336832391e+42,0.8947967850185746,C_IV_1549,2.7361e+42,3.0559386371976316e+42,5.635335229659646e+39,1.105939589661859e+40,1
C14,0.4,2.7760178491028816e+42,0.8831221792144818,C_IV_1549,2.5513e+42,2.759362141059525e+42,5.624938294114701e+39,1.103076974924247e+40,1
C14,0.5,2.7060020298335587e+42,0.8788693868973994,C_IV_1549,2.4453e+42,2.6894160326933754e+42,5.606328670389858e+39,1.0979668469793506e+40,1
C14,0.6,3.127819929793672e+42,0.8920209886957405,C_IV_1549,2.7034e+42,3.1113043683228317e+42,5.587559592836772e+39,1.0928001878004634e+40,1
C14,0.7,3.099155284513576e+42,0.889651922171377,C_IV_1549,2.4334999999999997e+42,3.08271050287607e+42,5.568632722890552e+39,1.0876148914616024e+40,1
C14,0.8,3.037954448199134e+42,0.8861491188121168,C_IV_1549,2.2688e+42,3.021580726812166e+42,5.549548646546355e+39,1.0824172740421393e+40,1
C14,0.9,2.964958158253293e+42,0.882084293063241,C_IV_1549,2.12102e+42,2.948655931296355e+42,5.53030748875285e+39,1.0771919468186057e+40,1
C14,1.0,2.9089279473216474e+42,0.878442755184438,C_IV_1549,1.98205e+42,2.892697673023722e+42,5.510909737977841e+39,1.0719364559948181e+40,1
C14,2.0,2.2818940010742878e+42,0.8223220132354011,C_IV_1549,1.48943e+42,2.2648590945943662e+42,5.815155396765683e+39,1.1219751083155744e+40,1
C14,3.0,1.745802302699281e+42,0.7563963830881328,C_IV_1549,1.6545e+42,1.729847713952412e+42,5.513265720182163e+39,1.0441323026686994e+40,1
C14,4.0,4.510868693883737e+40,0.07933434666800937,C_III_1909,2.6469020214012003e+40,2.7722141607189556e+40,6.053857624790814e+39,1.1332687706856995e+40,4
C14,5.0,2.377874809350823e+40,0.057896978804643964,Ne_III_3869,1.0226301675107293e+40,7.947541575239262e+39,5.604904843161673e+39,1.0226301675107293e+40,5
C14,6.0,2.059264486135734e+40,0.0767949386444217,Ne_III_3869,9.819204690060267e+39,5.26114127168806e+39,5.512298899609011e+39,9.819204690060267e+39,5
C14,7.0,1.79731719438843e+40,0.17762984095537437,Ne_III_3869,8.666859789848025e+39,4.289096038836485e+39,5.0172161151997886e+39,8.666859789848025e+39,4
C14,8.0,1.8172480014238189e+40,0.275267483047557,Ne_III_3869,8.20610681229046e+39,5.0871392421948524e+39,4.879233959752877e+39,8.20610681229046e+39,4
C14,9.0,1.6190186686478508e+40,0.23378661170270817,Ne_III_3869,6.927035694546358e+39,5.001367797301209e+39,4.261783194630944e+39,6.927035694546358e+39,4
C14,10.0,1.826846047430406e+40,0.10237042208504624,C_III_1909,6.776346067708196e+39,8.132273367558023e+39,3.92835676908259e+39,6.207830337663447e+39,5
C14,20.0,4.532036867070129e+40,0.8111639579383705,C_IV_1549,1.65353e+40,2.808599309043721e+40,1.0315657308038275e+40,6.918718272225805e+39,1
C14,30.0,1.3765019229113307e+39,0.744660778668852,O_III_5007,4.0155548763275e+38,6.12282094213651e+38,5.6439628641247024e+38,1.9982354228520975e+38,2
C14,40.0,7.120440146380179e+38,0.914343672504226,O_III_5007,3.286115371687287e+38,2.6825250478917022e+38,3.7883721762774325e+38,6.4954292221104525e+37,1
C14,50.0,3.643500193709322e+38,0.9594254398011692,O_III_5007,1.6580745895322388e+38,1.532295667085893e+38,1.862198624811867e+38,2.4900590181156176e+37,1
C14,60.0,2.0324580858454636e+38,0.9780634842210039,O_III_5007,8.281324317311688e+37,9.82635632430736e+37,9.549624970127892e+37,9.485995640193818e+36,1
C14,70.0,1.1880937609192162e+38,0.9873299978383405,O_III_5007,4.307831041085971e+37,6.3797121848400235e+37,5.1244901646469e+37,3.7673525970523965e+36,1
C14,80.0,6.855486783235523e+37,0.9925987475648969,C_II_4267,2.326483358269341e+37,3.9271563407948414e+37,2.7736327186866707e+37,1.546977237540098e+36,1
C14,90.0,3.8146897935170986e+37,0.9955748382260189,C_II_4267,1.2643161289029816e+37,2.311679791842935e+37,1.441238955351933e+37,6.177104632223056e+35,1
C14,100.0,2.0149490539437503e+37,0.9972737911104222,C_II_4267,6.403339211154483e+36,1.2672221624558313e+37,7.242567227963862e+36,2.3470168691532952e+35,1
C15,0.1,4.687308518178794e+42,0.9214172150906786,C_IV_1549,4.1707e+42,4.6678676384192236e+42,6.517870996227397e+39,1.2923008763343155e+40,1
C15,0.2,4.9026367224689055e+42,0.9092833119826066,C_IV_1549,4.4554000000000004e+42,4.8786699805522703e+42,7.977364853813068e+39,1.5989377062822084e+40,1
C15,0.3,4.960179872945249e+42,0.9089314799185007,C_IV_1549,4.4850000000000004e+42,4.936378633053182e+42,7.932690885184849e+39,1.5868549006881829e+40,1
C15,0.4,4.7673380106450976e+42,0.9043497345003104,C_IV_1549,4.2616999999999997e+42,4.743670424391813e+42,7.897080415672585e+39,1.5770505837611776e+40,1
C15,0.5,4.600595800555581e+42,0.9000049594412856,C_IV_1549,4.0614e+42,4.577062644779904e+42,7.861198774317768e+39,1.567195700135934e+40,1
C15,0.6,4.476205328030592e+42,0.8963176985188762,C_IV_1549,3.9003000000000004e+42,4.452807378989939e+42,7.825045901937924e+39,1.5572903138715934e+40,1
C15,0.7,4.377186527162054e+42,0.8930539329092319,C_IV_1549,3.7612e+42,4.353924560658223e+42,7.788621754228098e+39,1.5473344749603116e+40,1
C15,0.8,4.2790198603062334e+42,0.8899687338728013,C_IV_1549,3.6207000000000004e+42,4.2558873789118745e+42,7.754034548235343e+39,1.5378446846123087e+40,1
C15,0.9,4.167821028659433e+42,0.8866440140873175,C_IV_1549,3.4645e+42,4.144813981299834e+42,7.720570503637823e+39,1.5286476855961398e+40,1
C15,1.0,4.067535533102086e+42,0.8834629534114754,C_IV_1549,3.3155e+42,4.044654801232811e+42,7.686798613217219e+39,1.5193933256058425e+40,1
C15,2.0,3.117173707451748e+42,0.8463466989399444,C_IV_1549,1.64989e+42,3.095568389040856e+42,7.343101172086517e+39,1.4262217238805197e+40,1
C15,3.0,3.277067749995286e+42,0.8283562342552313,C_III_1909,2.3156069177789675e+42,3.2526135215487294e+42,8.346870934258769e+39,1.6107357512298182e+40,1
C15,4.0,4.4437448195496686e+42,0.8848576762265387,C_III_1909,4.0567441754323006e+42,4.4207646440690174e+42,7.944791692390584e+39,1.5035383788260899e+40,1
C15,5.0,6.643844282688458e+42,0.9283459097584907,C_III_1909,6.430405257464034e+42,6.618544716284451e+42,8.799137490216987e+39,1.6500428913790351e+40,1
C15,6.0,7.874740709672465e+42,0.9557893440291874,C_III_1909,7.741690068656682e+42,7.850830347211425e+42,8.420870055461336e+39,1.5489492405579085e+40,1
C15,7.0,7.996045853624588e+42,0.9589726739061015,C_III_1909,7.858474011966148e+42,7.972883854376526e+42,8.218308527335386e+39,1.4943690720725855e+40,1
C15,8.0,7.159094036532746e+42,0.9503589630338836,C_III_1909,6.918891465736386e+42,7.135609319013965e+42,8.309774844914161e+39,1.5174942673866167e+40,1
C15,9.0,5.703492270687841e+42,0.906791950584423,C_III_1909,5.1477924530622867e+42,5.678763960677002e+42,8.667617334137117e+39,1.6060692676700682e+40,1
C15,10.0,4.79400134003803e+42,0.843320416479622,C_III_1909,3.69925367155529e+42,4.767837191869995e+42,9.087970587062815e+39,1.7076177580972642e+40,1
C15,20.0,5.460264107812116e+40,0.04497129714147857,C_III_1909,2.544627953730647e+40,2.7701245535655505e+40,9.689575152265804e+39,1.7211820390199845e+40,5
C15,30.0,1.6033122420924524e+40,0.6988399325293208,Ne_III_3869,6.877467411810897e+39,4.081342461736832e+39,5.0743125473767925e+39,6.877467411810897e+39,1
C15,40.0,1.150214233324879e+41,0.8021253309317565,C_III_1909,4.660932796608001e+40,7.884181109643282e+40,2.0104527227622581e+40,1.6075085008432481e+40,1
C15,50.0,2.0634891123049118e+39,0.26755654642824217,O_III_5007,3.733644265536e+38,7.862407306869363e+38,9.439393856388394e+38,3.3330899597913618e+38,2
C15,60.0,1.0488599080909413e+39,0.599973197128093,C_II_4267,2.9379268755040002e+38,4.581463026803845e+38,5.155597514275483e+38,7.5153853983008665e+37,2
C15,70.0,6.834804310940452e+38,0.7950532201034909,C_II_4267,2.306104742736e+38,3.2246046864635713e+38,3.2587152355933365e+38,3.51484388883544e+37,1
C15,80.0,4.671960982155201e+38,0.8941509871147396,C_II_4267,1.949612647296e+38,2.556108452607716e+38,1.947938917332283e+38,1.679136122152012e+37,1
C15,90.0,2.979821740464361e+38,0.9378113771009778,C_II_4267,1.2945849740856383e+38,1.6999493227743763e+38,1.2013860087075861e+38,7.848640898239743e+36,1
C15,100.0,1.9292430783633727e+38,0.9621824944575129,C_II_4267,8.659744951989257e+37,1.1393645300337812e+38,7.530738845474229e+37,3.680466378216861e+36,1
C4,0.1,9.795445867408757e+39,0.18024355265377728,Ne_III_3869,5.5567075851693e+39,1.0287175416524129e+39,3.210020740587042e+39,5.5567075851693e+39,4
C4,0.2,1.0030974386615955e+40,0.1782573800941301,Ne_III_3869,5.606430748916913e+39,1.1856477003707086e+39,3.2388959373283333e+39,5.606430748916913e+39,4
C4,0.3,9.936371035617371e+39,0.17708651191730865,Ne_III_3869,5.56137195034093e+39,1.155252792778382e+39,3.2197462924980605e+39,5.56137195034093e+39,4
C4,0.4,9.889943627511597e+39,0.17671960263079334,Ne_III_3869,5.516196693041993e+39,1.1732422969869225e+39,3.200504637482682e+39,5.516196693041993e+39,4
C4,0.5,9.844679085412372e+39,0.1762879517823884,Ne_III_3869,5.470938438836485e+39,1.192559304226301e+39,3.181181342349587e+39,5.470938438836485e+39,4
C4,0.6,9.800733187043082e+39,0.17569062983535,Ne_III_3869,5.425599520637589e+39,1.213356914438794e+39,3.1617767519667e+39,5.425599520637589e+39,4
C4,0.7,9.758286813426243e+39,0.17487059666632776,Ne_III_3869,5.380182308340127e+39,1.2358132803451662e+39,3.14229122474095e+39,5.380182308340127e+39,4
C4,0.8,9.717551324738496e+39,0.17379047872583475,Ne_III_3869,5.334689204948655e+39,1.2601369878762643e+39,3.122725131913577e+39,5.334689204948655e+39,4
C4,0.9,1.0032859706314299e+40,0.13742359670245452,Ne_III_3869,5.3874688160672063e+39,1.4922155775080914e+39,3.153175312739e+39,5.3874688160672063e+39,4
C4,1.0,1.0079133907753652e+40,0.1321964820551949,Ne_III_3869,5.3423079761926835e+39,1.603074666419779e+39,3.13375126514119e+39,5.3423079761926835e+39,4
C4,2.0,1.3141168765457764e+40,0.10254284467049854,C_III_1909,5.1955550405933557e+39,5.317548702821647e+39,2.933579051825043e+39,4.8900410108110754e+39,5
C4,3.0,1.5421282923655636e+41,0.4448140905778889,C_IV_1549,1.0794800000000001e+41,1.4696363722842771e+41,2.7609179874593445e+39,4.488274020669299e+39,1
C4,4.0,2.3768835398914653e+41,0.6163998980180143,C_IV_1549,2.16e+41,2.307545093501366e+41,2.6762406545036973e+39,4.257603984506175e+39,1
C4,5.0,2.6990150246012605e+41,0.6292504314120395,C_III_1909,2.0519246821474166e+41,2.636090727005067e+41,2.4927794432218223e+39,3.7996503163975315e+39,1
C4,6.0,1.8348213980849443e+41,0.6941683563157116,C_IV_1549,1.01565e+41,1.775279056356776e+41,2.374138651426014e+39,3.5800955213908194e+39,1
C4,7.0,3.132980777719308e+41,0.8799778121175132,C_III_1909,2.4566817314385973e+41,3.0781162662000733e+41,2.279259477251878e+39,3.2071916746715646e+39,1
C4,8.0,2.5345842874073136e+41,0.9101921837840785,C_III_1909,1.8490803116816798e+41,2.479218882581446e+41,2.3212579046729587e+39,3.215282577913805e+39,1
C4,9.0,2.670100475044796e+41,0.9442833301463436,C_III_1909,1.9520729440657616e+41,2.614110482253216e+41,2.4255476988069596e+39,3.1734515803510575e+39,1
C4,10.0,2.4579168142359615e+41,0.9519173866145534,C_III_1909,1.552345829653265e+41,2.387404346947094e+41,3.1011713822748585e+39,3.950075346611846e+39,1
C4,20.0,3.754880484075501e+40,0.9124049356314112,C_IV_1549,2.1781e+40,2.5625556924912836e+40,7.000797894358301e+39,4.922450021483878e+39,1
C4,30.0,5.50459980994281e+39,0.9007061856540064,O_III_5007,1.9528793617539587e+39,2.765824342843533e+39,1.9771326054010716e+39,7.616428616982048e+38,1
C4,40.0,1.1294280912793883e+39,0.8906436918633345,O_III_5007,2.6538368892670003e+38,5.37394918018051e+38,4.075516091350484e+38,1.844815641262888e+38,1
C4,50.0,6.20249070315319e+38,0.9566818302325201,O_III_5007,2.421278963089e+38,2.5974317066236262e+38,2.873701559904825e+38,7.31357436624739e+37,1
C4,60.0,3.625492611183086e+38,0.9816282660991378,O_III_5007,1.90819155127044e+38,1.2497973363006276e+38,2.0480196020109433e+38,3.2767567287151427e+37,1
C4,70.0,2.073275743489606e+38,0.9895334145743777,O_III_5007,1.0555782361498202e+38,7.876748288953658e+37,1.136646996621025e+38,1.4895391797321502e+37,1
C4,80.0,1.292566822481364e+38,0.993298734542893,O_III_5007,6.243378580530122e+37,5.386215745072719e+37,6.793320731300613e+37,7.461317484403079e+36,1
C4,90.0,8.049476371858218e+37,0.9954114670038943,O_III_5007,3.5572839884445646e+37,3.7319810837741044e+37,3.965317964297189e+37,3.521773237869265e+36,1
C4,100.0,5.071077228188934e+37,0.996711946957864,O_III_5007,2.0860112520632958e+37,2.5289456315353663e+37,2.3694929509203976e+37,1.726386457331704e+36,1
C4,110.0,0.0,0.0,,,0.0,0.0,0.0,-1
C4,120.0,0.0,0.0,,,0.0,0.0,0.0,-1
C4,130.0,0.0,0.0,,,0.0,0.0,0.0,-1
C4,140.0,0.0,0.0,,,0.0,0.0,0.0,-1
C4,150.0,0.0,0.0,,,0.0,0.0,0.0,-1
C4,160.0,0.0,0.0,,,0.0,0.0,0.0,-1
C5,0.1,1.5384110874547713e+42,0.9947044579338057,C_III_1909,1.5328374186094867e+42,1.53413430301483e+42,3.8350483223531835e+39,4.41736117588415e+38,1
C5,0.2,1.5161548237875248e+42,0.9945333623221924,C_III_1909,1.5108170606404722e+42,1.5119801058114037e+42,3.765016772915567e+39,4.097012032057876e+38,1
C5,0.3,1.4941298912063077e+42,0.9943844037713765,C_III_1909,1.4890186799244684e+42,1.4900563849843735e+42,3.693749774793e+39,3.797564471415413e+38,1
C5,0.4,1.472332487252226e+42,0.9942521119438441,C_III_1909,1.467441581933964e+42,1.468359436028919e+42,3.6212631263733624e+39,3.517880969335939e+38,1
C5,0.5,1.450763705458009e+42,0.9941335796695695,C_III_1909,1.446086626623048e+42,1.4468905946739376e+42,3.5474808846294954e+39,3.2562989944223836e+38,1
C5,0.6,1.429511492889335e+42,0.9940039837554734,C_III_1909,1.4250479497784883e+42,1.4257485580387805e+42,3.465325698340286e+39,2.9760915221430413e+38,1
C5,0.7,1.4084662720256656e+42,0.9938808659630203,C_III_1909,1.4042017321180487e+42,1.404813169192273e+42,3.3813167662166376e+39,2.71786067176161e+38,1
C5,0.8,1.3876266015863372e+42,0.9937638472967913,C_III_1909,1.3835477757676006e+42,1.3840830726676959e+42,3.2955168014333646e+39,2.4801211720801275e+38,1
C5,0.9,1.366993204853263e+42,0.9936522136147949,C_III_1909,1.3630858545559521e+42,1.363559053098589e+42,3.2080057625970095e+39,2.261459920768812e+38,1
C5,1.0,1.2732164559770272e+42,0.9931750782436888,C_III_1909,1.26946051932e+42,1.2698914883034637e+42,3.118896633144103e+39,2.0607104041935162e+38,1
C5,2.0,8.939644555491943e+41,0.9906364138785374,C_III_1909,8.9075243358e+41,8.916248158912462e+41,2.1998960187317037e+39,1.3974363921663436e+38,1
C5,3.0,9.241190031308659e+41,0.9918021911986515,C_III_1909,9.158393022683978e+41,9.185211615293666e+41,2.7968077170479455e+39,2.8010338844513594e+39,1
C5,4.0,3.513875039594802e+41,0.9814985996566095,C_III_1909,3.0793712754071555e+41,3.419287348090809e+41,3.7881985291539683e+39,5.670570621245332e+39,1
C5,5.0,2.6959569889493985e+41,0.9748342929527406,C_IV_1549,1.79938e+41,2.593865222136503e+41,3.9769403033557567e+39,6.232236377933813e+39,1
C5,6.0,4.5532675622015704e+41,0.9812737269066316,C_IV_1549,4.1055e+41,4.443818631411032e+41,4.2037642109884915e+39,6.741128868065272e+39,1
C5,7.0,6.1005664336466405e+41,0.9835558421858019,C_IV_1549,5.8353999999999995e+41,5.984632610982302e+41,4.418369645446159e+39,7.175012620987675e+39,1
C5,8.0,1.860675155909956e+40,0.6091031710493485,Ne_III_3869,7.63971332512612e+39,6.298825862584963e+39,4.6682123713884736e+39,7.63971332512612e+39,1
C5,9.0,1.5444375311574456e+40,0.567706880115321,Ne_III_3869,7.627668666876508e+39,3.1412557938669126e+39,4.6754508508310326e+39,7.627668666876508e+39,1
C5,10.0,1.3712228910588361e+40,0.5584643431816636,Ne_III_3869,7.428021274532897e+39,1.6940795028983717e+39,4.590128133157092e+39,7.428021274532897e+39,1
C5,20.0,1.9904351176671465e+41,0.9742814895488809,C_IV_1549,1.9023900000000003e+41,1.935353581264148e+41,2.4181950167742157e+39,3.089958623525626e+39,1
C5,30.0,6.332581767148407e+40,0.8951982940790822,C_IV_1549,3.8029e+40,4.663902042955315e+40,9.091864780347748e+39,7.594932461583162e+39,1
C5,40.0,1.610071677833342e+40,0.839475694650991,C_IV_1549,8.4549e+39,1.032723369984743e+40,3.772348288629903e+39,2.0011347898560848e+39,1
C5,50.0,5.25695068347161e+39,0.8154617323188224,O_III_5007,2.0560825195742302e+39,2.3088910430181666e+39,2.1024471926621003e+39,8.456124477913442e+38,1
C5,60.0,1.0030557414860405e+39,0.7341102012143108,Ne_III_3869,1.8499929015700004e+38,4.8777260764382185e+38,3.3028384368521867e+38,1.8499929015700004e+38,2
C5,70.0,5.8958493133906056e+38,0.8880314256957156,O_III_5007,1.72997870471e+38,2.942697239476517e+38,2.1425615018472654e+38,8.105905720668244e+37,1
C5,80.0,4.189050676806398e+38,0.9456331260286724,O_III_5007,1.59997160628e+38,1.974738154145132e+38,1.8315190325004127e+38,3.827934901608528e+37,1
C5,90.0,3.073361358794983e+38,0.9700861975312826,O_III_5007,1.3714634599387451e+38,1.335847834993846e+38,1.522028862881711e+38,2.1548466091942544e+37,1
C5,100.0,3.1276017904343116e+38,0.9869616651227228,C_III_4647,1.1037393101844568e+38,2.0443653411881887e+38,9.676237389954572e+37,1.1561271025066534e+37,1
C5,120.0,0.0,0.0,,,0.0,0.0,0.0,-1
C5,130.0,0.0,0.0,,,0.0,0.0,0.0,-1
C5,140.0,0.0,0.0,,,0.0,0.0,0.0,-1
C5,150.0,0.0,0.0,,,0.0,0.0,0.0,-1
C5,160.0,0.0,0.0,,,0.0,0.0,0.0,-1
C6,0.1,5.907861615006625e+42,0.9951567816497019,C_III_1909,5.872891228516293e+42,5.894528705168695e+42,4.7759817046626093e+39,8.556928133268478e+39,1
C6,0.2,6.268589781017888e+42,0.9949377018041993,C_III_1909,6.235975619470969e+42,6.254223402086019e+42,5.122293668933915e+39,9.244085262936366e+39,1
C6,0.3,6.192294474825239e+42,0.9949109913827453,C_III_1909,6.16307387956845e+42,6.17820505625711e+42,5.0447683721567823e+39,9.044650195970784e+39,1
C6,0.4,5.798415632491981e+42,0.9947979642399659,C_III_1909,5.77190224697e+42,5.784604817939735e+42,4.96687256768505e+39,8.843941984560586e+39,1
C6,0.5,5.352362543817456e+42,0.9945239960080265,C_III_1909,5.3277875038800005e+42,5.3388066109420466e+42,4.897058721390032e+39,8.658874154019772e+39,1
C6,0.6,5.211594984814162e+42,0.994502909573901,C_III_1909,5.187787503880001e+42,5.1982119235920325e+42,4.8550764581096527e+39,8.527984764019914e+39,1
C6,0.7,5.0708979849226685e+42,0.9945979907439073,C_III_1909,5.04778750388e+42,5.0576914701658446e+42,4.8128651632501535e+39,8.393649593573765e+39,1
C6,0.8,4.9302058469529675e+42,0.9945836776793614,C_III_1909,4.90778750388e+42,4.917179894145421e+42,4.770420270520068e+39,8.255532537026591e+39,1
C6,0.9,4.78954184758852e+42,0.9945654235531972,C_III_1909,4.76778750388e+42,4.7767008416588535e+42,4.727736563896387e+39,8.113269365770307e+39,1
C6,1.0,4.661247328452758e+42,0.9945599431575359,C_III_1909,4.6404424130700005e+42,4.648592724884371e+42,4.6861425448273067e+39,7.968461023559568e+39,1
C6,2.0,3.81431392553226e+42,0.9949078224570729,C_III_1909,3.7984955371000003e+42,3.803850717004542e+42,4.300082804186156e+39,6.16312572353218e+39,1
C6,3.0,3.317825944248147e+42,0.9956243759396871,C_III_1909,3.306778750388e+42,3.310347796553343e+42,3.912713131159415e+39,3.565434563644664e+39,1
C6,4.0,3.14556005746948e+42,0.9965213251220643,C_III_1909,3.13808161713625e+42,3.14064222326066e+42,3.4789686258250515e+39,1.4388655829946447e+39,1
C6,5.0,2.811056956002281e+42,0.9967298493818594,C_III_1909,2.803084240670198e+42,2.80637979206947e+42,3.325107185802318e+39,1.3520567470089597e+39,1
C6,6.0,3.893999253911064e+42,0.9963458156328817,C_III_1909,3.87111673624174e+42,3.884104844416137e+42,4.091867252814738e+39,5.802542242112549e+39,1
C6,7.0,4.2645112364028744e+42,0.995448279633325,C_III_1909,4.223885579510169e+42,4.25295118596488e+42,4.30537356552972e+39,7.254676872464508e+39,1
C6,8.0,3.934372868137618e+42,0.9916765238810342,C_III_1909,3.8365263201330214e+42,3.9210064423978546e+42,4.790078181917499e+39,8.576347557845844e+39,1
C6,9.0,2.658847317939715e+42,0.9783553000284351,C_III_1909,2.457966089897455e+42,2.6445342785909985e+42,5.0632212556419335e+39,9.249818093074946e+39,1
C6,10.0,1.516671649824261e+42,0.9456440291623487,C_III_1909,1.1766720303091784e+42,1.5020921295818678e+42,5.1423917010305944e+39,9.43712854136251e+39,1
C6,20.0,1.1621705036020761e+40,0.782568876918865,Ne_III_3869,5.164937354867196e+39,3.079337434188433e+39,3.377430246965134e+39,5.164937354867196e+39,1
C6,30.0,1.9843555771908263e+41,0.9010739732737646,C_III_1909,9.41643077294585e+40,1.7346367376896364e+41,1.2391156437920583e+40,1.2580727512198414e+40,1
C6,40.0,1.1039049150694487e+40,0.7154203409602093,O_III_5007,2.990805893518159e+39,6.580618727098196e+39,3.129759432706381e+39,1.3286709908899144e+39,2
C6,50.0,1.1851528377890066e+39,0.6302967675895157,O_III_5007,2.579424776855e+38,5.28126561573802e+38,4.404196212000517e+38,2.166066550151528e+38,2
C6,60.0,7.604263631030111e+38,0.8259951887722143,O_III_5007,2.3795398214840003e+38,3.602200698069798e+38,3.0720058130695927e+38,9.300571198907204e+37,1
C6,70.0,5.410593990460399e+38,0.9198759809236184,O_III_5007,2.327353973533e+38,2.317762825952289e+38,2.6691557362652097e+38,4.2367542824290186e+37,1
C6,80.0,3.3653156077548687e+38,0.9538116000923734,O_III_5007,1.4021978041493914e+38,1.5757205734001194e+38,1.5852602236990092e+38,2.0433481065573985e+37,1
C6,90.0,2.1662782222686797e+38,0.9716967688477282,O_III_5007,8.291801596661536e+37,1.1130720463827012e+38,9.542577699622281e+37,9.894840592375081e+36,1
C6,100.0,1.4002761117513206e+38,0.9820376564172981,O_III_5007,4.899974964871649e+37,7.800316947384777e+37,5.726939660918036e+37,4.755045092103978e+36,1
C6,110.0,9.034106625033487e+37,0.9884364683771166,C_II_4267,3.1016387739925557e+37,5.241615600125684e+37,3.5514944113678e+37,2.4099661354000112e+36,1
C6,120.0,0.0,0.0,,,0.0,0.0,0.0,-1
C6,130.0,0.0,0.0,,,0.0,0.0,0.0,-1
C6,140.0,0.0,0.0,,,0.0,0.0,0.0,-1
C6,150.0,0.0,0.0,,,0.0,0.0,0.0,-1
C6,160.0,0.0,0.0,,,0.0,0.0,0.0,-1
C7,0.1,4.620109915395298e+42,0.9237561023941714,C_IV_1549,4.1608e+42,4.600122128420696e+42,6.654236900174013e+39,1.3333550074427888e+40,1
C7,0.2,4.680055527804614e+42,0.9228907161303896,C_IV_1549,4.1997999999999996e+42,4.660259977210687e+42,6.601717608863601e+39,1.3193832985063723e+40,1
C7,0.3,4.803350835314434e+42,0.9232266741105152,C_IV_1549,4.3008e+42,4.783748585261591e+42,6.548773411466198e+39,1.3053476641376672e+40,1
C7,0.4,4.779682209179774e+42,0.9072595826956262,C_IV_1549,4.3525999999999995e+42,4.7555306839549027e+42,8.011142972037672e+39,1.6140382252833856e+40,1
C7,0.5,4.943260999531039e+42,0.9086964599953703,C_IV_1549,4.49e+42,4.9192988394523773e+42,7.95985306180761e+39,1.6002307016853953e+40,1
C7,0.6,4.957541542440912e+42,0.9077279897595855,C_IV_1549,4.4752999999999995e+42,4.933718525046195e+42,7.922893473555093e+39,1.5900123921161135e+40,1
C7,0.7,4.758998877679679e+42,0.9030649724098472,C_IV_1549,4.2453999999999996e+42,4.7353158268709285e+42,7.885645940307288e+39,1.579740486844406e+40,1
C7,0.8,4.600459749600238e+42,0.8989019030984718,C_IV_1549,4.0523999999999996e+42,4.576917488378295e+42,7.848110334208204e+39,1.5694150887734898e+40,1
C7,0.9,4.495685020590764e+42,0.8956624349608295,C_IV_1549,3.9098999999999997e+42,4.4722843711444947e+42,7.810286545869245e+39,1.5590362900399965e+40,1
C7,1.0,4.4029080553920273e+42,0.8927305715461931,C_IV_1549,3.7768e+42,4.3796416146803467e+42,7.774492145410016e+39,1.5491948566270235e+40,1
C7,2.0,3.38710871812062e+42,0.8570057363055907,C_IV_1549,2.14308e+42,3.365094041018769e+42,7.439104951548723e+39,1.4575572150302963e+40,1
C7,3.0,3.2202728247734013e+42,0.8261981231319785,C_III_1909,2.0323214733245477e+42,3.1953535867064334e+42,8.457255527853864e+39,1.6461982539114486e+40,1
C7,4.0,4.0304551638723407e+42,0.8732757346805804,C_III_1909,3.537535870199903e+42,4.007035397287518e+42,8.049086086366306e+39,1.5370680498455997e+40,1
C7,5.0,5.897687085538827e+42,0.9175933900903191,C_III_1909,5.645226939690046e+42,5.871933460950404e+42,8.905151791293123e+39,1.6848472797128463e+40,1
C7,6.0,8.3302375209174e+42,0.9575469293283646,C_III_1909,8.214903622175696e+42,8.306115863844505e+42,8.465973570525933e+39,1.5655683502370026e+40,1
C7,7.0,8.991325701992235e+42,0.9668708647216205,C_III_1909,8.917582618025597e+42,8.968805203772984e+42,8.041612606107007e+39,1.44788856131444e+40,1
C7,8.0,1.0182952679828175e+43,0.9750963503674189,C_III_1909,1.0114419512064933e+43,1.0158451555734258e+43,8.804974463638683e+39,1.569614963028069e+40,1
C7,9.0,9.836083646184737e+42,0.9742812399483304,C_III_1909,9.772309763080005e+42,9.812572451466995e+42,8.556638132012322e+39,1.4954556585730196e+40,1
C7,10.0,9.524888193989333e+42,0.9724360916240782,C_III_1909,9.458728966802721e+42,9.501780581035897e+42,8.460937949681282e+39,1.4646675003754497e+40,1
C7,20.0,8.13306797691796e+41,0.7965726111951313,C_IV_1549,5.7305e+41,7.905852499168336e+41,8.394123486466254e+39,1.4327424288496268e+40,1
C7,30.0,1.4136081214568772e+40,0.7567149880561941,Ne_III_3869,6.314400721531867e+39,3.1577384394205685e+39,4.663942053616337e+39,6.314400721531867e+39,1
C7,40.0,3.4528434962671386e+41,0.8719933788429816,C_IV_1549,1.55403e+41,3.0820553683675824e+41,1.7934733163443217e+40,1.9144079626512458e+40,1
C7,50.0,1.590602197128194e+40,0.6245037414096143,C_III_1909,2.8491348440245e+39,9.34623196552557e+39,4.380028107705207e+39,2.1797618980511627e+39,2
C7,60.0,1.7011267242040803e+39,0.2271286298842946,Ne_III_3869,2.3994281496855004e+38,7.476182065262956e+38,7.13565702709235e+38,2.3994281496855004e+38,2
C7,70.0,1.3664960987349164e+39,0.3870234453524774,C_II_4267,2.179237532914e+38,7.109789983595258e+38,4.8177573949313615e+38,1.7374136088225452e+38,2
C7,80.0,9.928236213891256e+38,0.5832167400673178,C_II_4267,1.9190469161425004e+38,5.487212007569771e+38,3.7351631846881066e+38,7.058610216333787e+37,2
C7,90.0,7.586072132328143e+38,0.7494449047047442,C_II_4267,1.6482844490565003e+38,4.340273829729818e+38,2.9262278753757654e+38,3.1957042722255824e+37,2
C7,100.0,5.598220886820724e+38,0.8479664031426692,C_II_4267,1.4091104550663331e+38,3.372913581086484e+38,2.0487550821673187e+38,1.7655222356692053e+37,1
C7,110.0,3.3095381701342123e+38,0.8846856008189851,C_II_4267,1.1991104550663331e+38,1.8048884168079877e+38,1.4049404863588923e+38,9.97092669673324e+36,1
C7,120.0,0.0,0.0,,,0.0,0.0,0.0,-1
C7,130.0,0.0,0.0,,,0.0,0.0,0.0,-1
C7,140.0,0.0,0.0,,,0.0,0.0,0.0,-1
C7,150.0,0.0,0.0,,,0.0,0.0,0.0,-1
C7,160.0,0.0,0.0,,,0.0,0.0,0.0,-1
C8,0.1,1.0774558624941712e+40,0.09574272787847628,Ne_III_3869,5.971617813311968e+39,1.3728542159619744e+39,3.430086595667769e+39,5.971617813311968e+39,4
C8,0.2,1.0808321210272251e+40,0.0871024211901557,Ne_III_3869,5.930900397391506e+39,1.4641763171003496e+39,3.413244495780395e+39,5.930900397391506e+39,4
C8,0.3,1.0861142349426213e+40,0.0791217141743784,Ne_III_3869,5.889023788565129e+39,1.5763341661937844e+39,3.3957843946672994e+39,5.889023788565129e+39,4
C8,0.4,1.0941516073124902e+40,0.09455964392294132,Ne_III_3869,5.845972814107938e+39,1.717844334449011e+39,3.3776989245679516e+39,5.845972814107938e+39,4
C8,0.5,1.0910388753090687e+40,0.08648691484076175,Ne_III_3869,5.801766019006483e+39,1.7496341281300775e+39,3.3589886059541255e+39,5.801766019006483e+39,4
C8,0.6,1.1106735548602266e+40,0.08055110685242983,Ne_III_3869,5.756306608743884e+39,2.010801711522301e+39,3.3396272283360816e+39,5.756306608743884e+39,4
C8,0.7,1.3066680851279004e+40,0.0715015732671781,Ne_III_3869,5.848398500505367e+39,3.828893230908698e+39,3.389389119864939e+39,5.848398500505367e+39,5
C8,0.8,1.4202150483758265e+40,0.07026101668786447,Ne_III_3869,5.79260126620135e+39,5.044654592328261e+39,3.364894625228655e+39,5.79260126620135e+39,5
C8,0.9,1.223697897090986e+40,0.07476625019326165,Ne_III_3869,5.670375684414029e+39,3.259649924985919e+39,3.306953361509913e+39,5.670375684414029e+39,5
C8,1.0,1.4026521597074854e+40,0.08310153866492952,Ne_III_3869,5.780698957343065e+39,4.878832869366066e+39,3.366989770365724e+39,5.780698957343065e+39,5
C8,2.0,1.7792547682778277e+41,0.42696621674909796,C_IV_1549,1.30881e+41,1.694465050011969e+41,3.1680068663603047e+39,5.310964960225572e+39,1
C8,3.0,1.8968196970556297e+41,0.512564638860332,C_IV_1549,9.4709e+40,1.8159051505851377e+41,3.0679944396025474e+39,5.023460207446661e+39,1
C8,4.0,2.9288105854204766e+41,0.5691795782569058,C_IV_1549,2.5839e+41,2.8572658527246767e+41,2.763618753103874e+39,4.3908545164761005e+39,1
C8,5.0,3.5752457288601805e+41,0.6109388172177315,C_III_1909,2.8577050256705003e+41,3.5058629955814484e+41,2.7594691897604234e+39,4.178804138112803e+39,1
C8,6.0,2.8460918141695696e+41,0.7439429293590412,C_III_1909,2.0660017366135107e+41,2.779317334997542e+41,2.6744168154244946e+39,4.0030311017783055e+39,1
C8,7.0,3.666638180592279e+41,0.8877083031407634,C_III_1909,2.8429472829757966e+41,3.605247561549305e+41,2.5495170030321166e+39,3.589544901265252e+39,1
C8,8.0,3.376682561160497e+41,0.9238003299060763,C_III_1909,2.6367154911548628e+41,3.3145798871570144e+41,2.6032497031902718e+39,3.607017697157991e+39,1
C8,9.0,3.259036491106937e+41,0.9552615319895015,C_III_1909,2.5167212915425e+41,3.194620562701494e+41,2.7887005051405586e+39,3.652892335403688e+39,1
C8,10.0,2.3950407602393157e+41,0.9514815486543082,C_III_1909,2.2009016752235002e+41,2.317067475519506e+41,3.433380070943605e+39,4.3639484010373097e+39,1
C8,20.0,1.8552344161454805e+40,0.8871806959140617,O_III_5007,6.316673744087141e+39,8.112156316472213e+39,6.327315552208802e+39,4.1128722927737876e+39,1
C8,30.0,4.620045894793592e+39,0.9302642033251486,C_III_4647,1.6301740903071896e+39,2.7065466365230923e+39,1.4376902547239753e+39,4.75809003546524e+38,1
C8,40.0,9.801062988213765e+38,0.9452094457751133,O_III_5007,2.167377033234e+38,5.526308858489823e+38,3.1876219949393145e+38,1.0871321347846285e+38,1
C8,50.0,5.920217509447806e+38,0.9812899022559031,O_III_5007,1.9573770332340004e+38,3.2135799208340005e+38,2.2371206128990818e+38,4.69516975714723e+37,1
C8,60.0,3.585681904174797e+38,0.9917697903006127,O_III_5007,1.3929141846803835e+38,1.8499631608029564e+38,1.521525032472211e+38,2.1419371089963057e+37,1
C8,70.0,1.5379678732421869e+38,0.9935694068516693,O_III_5007,7.461768091720796e+37,6.183133423461941e+37,8.26415118372381e+37,9.323941252361198e+36,1
C8,80.0,9.43236229870811e+37,0.9958630135816692,O_III_5007,4.236559003755647e+37,4.165710306334592e+37,4.826704385729309e+37,4.399476066442092e+36,1
C9,0.1,1.9377052348484185e+40,0.2591423965515878,Ne_III_3869,9.898120369876123e+39,3.779809306249939e+39,5.699122672358123e+39,9.898120369876123e+39,4
C9,0.2,1.8946884785306576e+40,0.2577775830211575,Ne_III_3869,9.852033519890622e+39,3.4151173023082825e+39,5.679733963107672e+39,9.852033519890622e+39,4
C9,0.3,1.8473854042106506e+40,0.25581227208778357,Ne_III_3869,9.806007155516482e+39,3.007510977037145e+39,5.66033590955288e+39,9.806007155516482e+39,4
C9,0.4,1.801237853821344e+40,0.2537799683450259,Ne_III_3869,9.759875818259716e+39,2.6116252862712792e+39,5.640877433682445e+39,9.759875818259716e+39,4
C9,0.5,1.749794860513604e+40,0.2509840278874669,Ne_III_3869,9.713746610064233e+39,2.1628087595377512e+39,5.621393235534056e+39,9.713746610064233e+39,4
C9,0.6,1.6951208982237693e+40,0.24775910442644553,Ne_III_3869,9.666076348212457e+39,1.683974266157549e+39,5.60115836786769e+39,9.666076348212457e+39,4
C9,0.7,1.6865808420829555e+40,0.2506475702004127,Ne_III_3869,9.605419834791873e+39,1.685580944600467e+39,5.574807641437215e+39,9.605419834791873e+39,4
C9,0.8,1.7437268890154727e+40,0.2608323436247369,Ne_III_3869,9.544257627777633e+39,2.3447957783243644e+39,5.548215484052731e+39,9.544257627777633e+39,4
C9,0.9,1.8061944451965365e+40,0.2715905323822826,Ne_III_3869,9.482980924689524e+39,3.057425579893812e+39,5.521537947382024e+39,9.482980924689524e+39,4
C9,1.0,1.9127604328796282e+40,0.28706419510138975,Ne_III_3869,9.421501718253072e+39,4.21135708207854e+39,5.49474552846467e+39,9.421501718253072e+39,4
C9,2.0,1.8285079606184197e+40,0.3065467690248067,Ne_III_3869,9.050422338360132e+39,3.881605012561792e+39,5.353052255262274e+39,9.050422338360132e+39,4
C9,3.0,1.522437977941147e+40,0.37054528593263947,Ne_III_3869,8.396386177042379e+39,1.7692764115613223e+39,5.0587171908077675e+39,8.396386177042379e+39,2
C9,4.0,1.4723748270170225e+40,0.3824047494988611,Ne_III_3869,7.905106700984792e+39,1.9680597911908533e+39,4.850581777994581e+39,7.905106700984792e+39,2
C9,5.0,1.4015005222101316e+40,0.18314527054574647,Ne_III_3869,7.322512693884623e+39,2.109006538478578e+39,4.5834859897381165e+39,7.322512693884623e+39,3
C9,6.0,1.4795380200784328e+40,0.06853362658218559,Ne_III_3869,6.768292889519169e+39,3.707115474744339e+39,4.31997183652082e+39,6.768292889519169e+39,4
C9,7.0,1.40230913103545e+40,0.08312974478388768,Ne_III_3869,6.06926120156316e+39,3.984484776602272e+39,3.96934533218907e+39,6.06926120156316e+39,4
C9,8.0,3.7201343436168886e+41,0.7435510182537465,C_IV_1549,3.4937e+41,3.626327237570211e+41,3.761175268891124e+39,5.619535335776676e+39,1
C9,9.0,2.1090271529468334e+41,0.7146747795270363,C_IV_1549,1.55987e+41,2.020142099881129e+41,3.615946001280016e+39,5.27255930529035e+39,1
C9,10.0,2.121464124655683e+41,0.8390818654430684,C_IV_1549,1.10041e+41,2.040231015613912e+41,3.3744007418183364e+39,4.7489101623588214e+39,1
C9,20.0,4.333963431903101e+40,0.9051907553190913,C_III_1909,2.0788145167569528e+40,2.763910559852949e+40,8.99228752102771e+39,6.708241199473808e+39,1
C9,30.0,8.612602566584154e+39,0.8473130255244229,O_III_5007,2.4647262334825002e+39,4.738354656819349e+39,2.605670196191103e+39,1.268577713573701e+39,1
C9,40.0,9.72869483681506e+38,0.9280388935248453,O_III_5007,2.1265072202685e+38,5.532759348088029e+38,2.9555278579327475e+38,1.2404076307942846e+38,1
C9,50.0,6.149843449524621e+38,0.9749759002263543,O_III_5007,1.9347262334825002e+38,3.4043552041607426e+38,2.256920931558057e+38,4.885673138058212e+37,1
C9,60.0,3.756397956682074e+38,0.9880692641726861,O_III_5007,1.4111057317021306e+38,1.962695381847127e+38,1.5830918656783827e+38,2.1061070915656485e+37,1
C9,70.0,2.3584817898142796e+38,0.9932843864513872,O_III_5007,8.069607858459146e+37,1.3654553642592664e+38,8.942919726547328e+37,9.873445290027994e+36,1
C9,80.0,1.4529990444570142e+38,0.9959713541058262,C_III_4647,4.760609196601992e+37,9.116466287798524e+37,4.978729340633849e+37,4.3479481613776734e+36,1
C9,90.0,6.15650433804799e+37,0.9962764049895756,O_III_5007,2.507937244511569e+37,3.0931055018160915e+37,2.859763073033932e+37,2.036357631979668e+36,1
C9,100.0,3.7571970222344835e+37,0.9975098037767725,O_III_5007,1.4636039921184908e+37,1.9834756132463304e+37,1.674447362434276e+37,9.92740465538768e+35,1
DETACHED,0.1,2.176370088089118e+43,0.9473322728272265,C_III_1909,2.0300000000000002e+43,2.17453608719288e+43,8.723648261460938e+39,9.616360700919393e+39,1
DETACHED,0.2,2.174465584524544e+43,0.9470273376314304,C_III_1909,2.0300000000000002e+43,2.1726348099219212e+43,8.714241566293966e+39,9.593504459933799e+39,1
DETACHED,0.3,2.1730456312926317e+43,0.946741151563945,C_III_1909,2.0300000000000002e+43,2.1712183007690277e+43,8.703918610286875e+39,9.569386625749831e+39,1
DETACHED,0.4,2.1710605077509854e+43,0.9464496981402316,C_III_1909,2.0300000000000002e+43,2.1692368410385243e+43,8.69267438417918e+39,9.543992740431583e+39,1
DETACHED,0.5,2.1686906988964224e+43,0.9461585655347581,C_III_1909,2.0299966621400001e+43,2.1668709175725089e+43,8.68050613104576e+39,9.517307108091822e+39,1
DETACHED,0.6,2.16090982781569e+43,0.9461560397757208,C_III_1909,2.02499666214e+43,2.1590939396624928e+43,8.670833471669183e+39,9.488048060301529e+39,1
DETACHED,0.7,2.152565656655541e+43,0.9461377421087868,C_III_1909,2.01999666214e+43,2.1507538567340677e+43,8.660475637396137e+39,9.457523577337067e+39,1
DETACHED,0.8,2.1441912238267626e+43,0.9461195361889624,C_III_1909,2.0149966621400003e+43,2.1423837102386317e+43,8.649430396905391e+39,9.425705484400359e+39,1
DETACHED,0.9,2.1364170465885439e+43,0.9460940266064635,C_III_1909,2.00999666214e+43,2.1346140206019326e+43,8.637695587906638e+39,9.392564278207274e+39,1
DETACHED,1.0,2.1280328915674268e+43,0.9458069527754291,C_III_1909,2.00499666214e+43,2.1262345577479188e+43,8.6252691186182e+39,9.358069076464543e+39,1
DETACHED,1.2,2.1124186968750803e+43,0.9452982925802532,C_III_1909,1.9949966621400002e+43,2.110630374958548e+43,8.598333193979908e+39,9.284885971344216e+39,1
DETACHED,1.4,2.096689799553061e+43,0.9447805909517446,C_III_1909,1.98499666214e+43,2.0949123508431078e+43,8.568607359872347e+39,9.205879739662141e+39,1
DETACHED,1.6,2.08071923261806e+43,0.9442485140185132,C_III_1909,1.97499666214e+43,2.0789535499508383e+43,8.536077589385524e+39,9.12074908283214e+39,1
DETACHED,1.8,2.0646949549136413e+43,0.9437062532700902,C_III_1909,1.9649966621400003e+43,2.0629419651118044e+43,8.500731154839603e+39,9.029166863532006e+39,1
DETACHED,2.0,2.0506717543149648e+43,0.9432075014476513,C_III_1909,1.95499666214e+43,2.048932420681761e+43,8.462556698686255e+39,8.930779633354528e+39,1
DETACHED,2.5,2.0103778973466912e+43,0.9418771517967182,C_III_1909,1.9299949932100002e+43,2.008677179549561e+43,8.354689261586476e+39,8.652488709720987e+39,1
DETACHED,3.0,1.9568907463501218e+43,0.9415345504296448,C_III_1909,1.89249499321e+43,1.9552331112264443e+43,8.250265238971569e+39,8.326085997804712e+39,1
DETACHED,3.75,1.8796927676909166e+43,0.9401157006043649,C_III_1909,1.8362449932100002e+43,1.8781138815127505e+43,8.069824375214046e+39,7.719037406447344e+39,1
DETACHED,4.0,1.8570218728055082e+43,0.9397729779421728,C_III_1909,1.81749499321e+43,1.8554734411223692e+43,8.003415310634045e+39,7.480901520756332e+39,1
DETACHED,4.5,1.8104076378654926e+43,0.9391379064858807,C_III_1909,1.7799939918520003e+43,1.8089268663786597e+43,7.861419414614966e+39,6.946295453715555e+39,1
DETACHED,5.0,1.7596802121483472e+43,0.9392679057454879,C_III_1909,1.734993991852e+43,1.7582745526801451e+43,7.727743390926195e+39,6.328851291095185e+39,1
DETACHED,6.0,1.6611374043092905e+43,0.940440572841122,C_III_1909,1.644993991852e+43,1.6599049771736102e+43,7.434895652158185e+39,4.889375704648314e+39,1
DETACHED,7.0,1.568034884096892e+43,0.9425241511885786,C_III_1909,1.552493658066e+43,1.5665428606197696e+43,9.914417044697797e+39,5.005817726524592e+39,1
DETACHED,8.0,1.4699636608811952e+43,0.9470174942331568,C_III_1909,1.457493658066e+43,1.4686751914969776e+43,9.66774733856909e+39,3.216946503604978e+39,1
DETACHED,9.0,1.3668156189769971e+43,0.9534890708241542,C_III_1909,1.35999332428e+43,1.3656688736592811e+43,9.58914425288645e+39,1.8783089242766375e+39,1
DETACHED,10.0,1.2662176571499774e+43,0.960985125737863,C_III_1909,1.25999332428e+43,1.2651438314321942e+43,9.722242142488601e+39,1.0160150353438815e+39,1
DETACHED,11.0,1.1708126366294306e+43,0.9686359856670614,C_III_1909,1.164993991852e+43,1.1697704273251612e+43,9.893894745482688e+39,5.281982972083756e+38,1
DETACHED,12.0,1.0806427745420191e+43,0.9758329551256356,C_III_1909,1.074993991852e+43,1.0796295726413704e+43,9.859274772403747e+39,2.7274423408383862e+38,1
DETACHED,13.0,1.0016753183886012e+43,0.9822014402780498,C_III_1909,9.924949932099999e+42,9.999683155495965e+42,1.6832548121971654e+40,2.374802680758008e+38,1
DETACHED,14.0,9.262561987278124e+42,0.9869844901204993,C_III_1909,9.174949932099999e+42,9.245838987181755e+42,1.6501672057687659e+40,2.2132803868193665e+38,1
DETACHED,15.0,8.577947120499263e+42,0.9903459627193346,C_III_1909,8.494959278107999e+42,8.561643140695268e+42,1.6000987786915454e+40,3.029920170783418e+38,1
DETACHED,16.0,7.96070802008637e+42,0.9925694533776449,C_III_1909,7.884959278107999e+42,7.944854381961746e+42,1.5518763595719867e+40,3.3487452890544413e+38,1
DETACHED,17.0,7.416815878877649e+42,0.99412946580941,C_III_1909,7.349969291687999e+42,7.40159533692104e+42,1.4963786158290079e+40,2.5675579831759324e+38,1
DETACHED,18.0,6.987268467089194e+42,0.9951313119937912,C_III_1909,6.887469625474e+42,6.962156677099228e+42,2.49821637078737e+40,1.2962628209001427e+38,1
DETACHED,19.0,6.559887292777062e+42,0.9964228216844644,C_III_1909,6.479975967407999e+42,6.535936498131553e+42,2.3637370713284527e+40,3.1342393222410512e+38,1
DETACHED,20.0,4.851020310241312e+42,0.9971108521436018,C_III_1909,4.791631927762237e+42,4.8287514995243763e+42,2.164033942498995e+40,6.284712919458244e+38,1
DETACHED,21.0,4.528461039572017e+42,0.9974271531561901,C_III_1909,4.451983184565611e+42,4.496305154103269e+42,3.0761893108437263e+40,1.3939923603108382e+39,1
DETACHED,22.0,2.7702947168447904e+42,0.9973106424572271,C_III_1909,2.714195363890824e+42,2.7427899851904446e+42,2.612068195814817e+40,1.3840496961976564e+39,1
DETACHED,23.0,2.6962551594435596e+42,0.9978147407156841,C_III_1909,2.6269578879625596e+42,2.659357771707839e+42,3.526561379552712e+40,1.6317739401932874e+39,1
DETACHED,24.0,4.8299255677391075e+42,0.9988652426507899,C_III_1909,4.7188557765535314e+42,4.789905050709347e+42,3.596016493063652e+40,4.0603520991235575e+39,1
DETACHED,25.0,5.0597812438466873e+42,0.9988146196448632,C_III_1909,4.919990653992e+42,5.0121276014601446e+42,4.256329438836475e+40,5.0903479981780336e+39,1
DETACHED,26.0,5.057205371667858e+42,0.998630092017276,C_III_1909,4.7774909877780005e+42,5.014616058388814e+42,3.292942942835196e+40,9.65988385069183e+39,1
DETACHED,27.0,4.966815791866147e+42,0.9989255973868939,C_III_1909,4.632490987778e+42,4.9186237192710975e+42,3.679116329413846e+40,1.1400909300911402e+40,1
DETACHED,28.0,4.9976506117042975e+42,0.9991158709758743,C_III_1909,4.497490987778e+42,4.952911030698748e+42,2.9051486732879837e+40,1.568809427267005e+40,1
DETACHED,29.0,5.096446223430139e+42,0.9993674045949643,C_III_1909,4.3324883174900004e+42,5.036539687538881e+42,3.864168248991275e+40,2.1264853401346147e+40,1
DETACHED,30.0,3.721382424262954e+42,0.9991953916680663,C_III_1909,2.7567084242980158e+42,3.6615518878363436e+42,3.5656174878569094e+40,2.4174361548042184e+40,1
DETACHED,35.0,2.1638074399068734e+42,0.9994226243188424,C_III_4647,1.0154619053825356e+42,2.057042622172039e+42,6.40357190611533e+40,4.2729098673681097e+40,1
DETACHED,40.0,1.3500642073988483e+42,0.9999913781724158,C_III_4647,8.467858163224473e+41,1.2706575037934325e+42,5.247475353229522e+40,2.693195007312065e+40,1
DETACHED,50.0,1.2863276659523609e+39,0.9999999999076553,C_III_1909,1.707444257737998e+38,6.033499628571618e+38,5.122332773213994e+38,1.707444257737998e+38,1
DETACHED,60.0,1.867548146291639e+36,0.9999999999992356,O_III_5007,3.858121175746024e+35,6.1655474295990466e+35,1.1574363527238072e+36,9.355705060792739e+34,1
DETACHED,70.0,2.1428309988429604e+36,0.999999999999827,O_III_5007,4.5224582767499994e+35,7.277524757111062e+35,1.356737483025e+36,5.834104010685411e+34,1
DETACHED,80.0,1.451460196550589e+36,0.9999999999998926,O_III_5007,3.222484979629999e+35,4.664769048086795e+35,9.667454938889997e+35,1.82377978529099e+34,1
DETACHED,90.0,3.207507280575622e+35,0.9999999999997682,O_III_5007,8.66620826722665e+34,5.953961393199572e+34,2.5998624801679948e+35,1.2248661087669924e+33,1
DETACHED,100.0,1.2878293317524517e+36,0.9999999999999709,O_III_5007,2.8937684230825313e+35,4.128955160963098e+35,8.681305269247595e+35,6.803288731382593e+33,1
GO1,-10.0,9.580401094302244e+42,0.9728192417746134,C_III_1909,9.295648546235001e+42,9.569125324661299e+42,5.507839091306559e+39,5.767930549638545e+39,1
GO1,-5.0,1.892641822296582e+43,0.9558241769751943,C_III_1909,1.75721113205e+43,1.8913428902694788e+43,6.134137611393729e+39,6.85518265963752e+39,1
GO1,1.0,2.1510876128893346e+43,0.9460253466518355,C_III_1909,2.021394433975e+43,2.149280349714928e+43,8.650519119663988e+39,9.422112624399013e+39,1
GO1,2.0,2.0707467596770126e+43,0.9434300124052081,C_III_1909,1.9713944339750002e+43,2.0689946580068647e+43,8.501865362533061e+39,9.0191513389478e+39,1
GO1,3.0,1.9791598852343641e+43,0.9413739840781654,C_III_1909,1.9102310943600004e+43,1.9774868152814988e+43,8.29438798091064e+39,8.436311547744779e+39,1
GO1,4.0,1.8717708027351755e+43,0.9396782088827383,C_III_1909,1.8302310943600002e+43,1.870203756915537e+43,8.04951576506793e+39,7.620942431319591e+39,1
GO1,5.0,1.7734859023165064e+43,0.9388843661535247,C_III_1909,1.746509981155e+43,1.7720582463217646e+43,7.770711948136049e+39,6.505847999282684e+39,1
GO1,6.0,1.6736467446374798e+43,0.9398446825357546,C_III_1909,1.6565099811550001e+43,1.672389710949189e+43,7.47942055315664e+39,5.090916329749605e+39,1
GO1,7.0,1.581072505278563e+43,0.9418145289031106,C_III_1909,1.5646494245525e+43,1.579550229748737e+43,9.958706390796682e+39,5.264048907462774e+39,1
GO1,8.0,1.4821306997279274e+43,0.9457224987481989,C_III_1909,1.4696494245525e+43,1.4808177594179243e+43,9.699557965565772e+39,3.429845134463403e+39,1
GO1,9.0,1.3882404406115663e+43,0.9520713208688676,C_III_1909,1.37278886795e+43,1.3870788525907288e+43,9.589365281958651e+39,2.0265149264131718e+39,1
GO1,10.0,1.2790653392848716e+43,0.959144472275982,C_III_1909,1.27278886795e+43,1.277985062606811e+43,9.696774830489078e+39,1.1059919501132013e+39,1
GO1,11.0,1.1823577078019877e+43,0.966991269232233,C_III_1909,1.176509981155e+43,1.181312678067977e+43,9.874477707466295e+39,5.758196326410693e+38,1
GO1,12.0,1.0921377083752616e+43,0.9744782913652769,C_III_1909,1.0865099811550001e+43,1.0911206574420278e+43,9.878020351525021e+39,2.9248898081195106e+38,1
GO1,13.0,1.0114832539724236e+43,0.9810990363853264,C_III_1909,1.0022777066227499e+43,1.009774918986498e+43,1.6840718783320727e+40,2.4263107593479138e+38,1
GO1,14.0,9.365765969561883e+42,0.9860873578141569,C_III_1909,9.2777770662275e+42,9.348998102528806e+42,1.6572856765874403e+40,1.9501026720318056e+38,1
GO1,15.0,8.662881037310575e+42,0.9897475354649244,C_III_1909,8.579290981290001e+42,8.646537835343332e+42,1.606680600635584e+40,2.7639596088682887e+38,1
GO1,16.0,8.035857385493261e+42,0.9921606107645996,C_III_1909,7.959290981290001e+42,8.019986970742668e+42,1.556828606593679e+40,3.0212868465645687e+38,1
GO1,17.0,7.470279539674182e+42,0.9938282684969119,C_III_1909,7.402549905775001e+42,7.455039766807256e+42,1.500818344151137e+40,2.3158942541462934e+38,1
GO1,18.0,7.054537469784549e+42,0.9948808453926655,C_III_1909,6.952549905775e+42,7.029322357816892e+42,2.5099922269697767e+40,1.151896979594848e+38,1
GO1,19.0,6.616727945454864e+42,0.996233542813863,C_III_1909,6.534179368017502e+42,6.592613170009834e+42,2.383094600509715e+40,2.838294399323533e+38,1
GO1,20.0,5.1787415282171554e+42,0.9969799415686056,C_III_1909,5.116999479805425e+42,5.156282984216322e+42,2.1890180229495433e+40,5.683637713379004e+38,1
WIND,0.1,1.4892088536142514e+36,1.0,O_III_5007,1.421975610308665e+36,8.048405531855404e+22,1.421975610308665e+36,6.723324330550573e+34,1
WIND,0.2,1.5350336123197466e+36,1.0,O_III_5007,1.4642692221436746e+36,1.002560876526937e+23,1.4642692221436746e+36,7.076439017597176e+34,1
WIND,0.3,1.5684773906924437e+36,1.0,O_III_5007,1.495176052345791e+36,1.2206129590272812e+23,1.495176052345791e+36,7.330133834653024e+34,1
WIND,0.4,1.5888335036132672e+36,1.0,O_III_5007,1.5140362577430667e+36,1.450451603608832e+23,1.5140362577430667e+36,7.479724587005548e+34,1
WIND,0.5,1.5953880789671048e+36,1.0,O_III_5007,1.5201823515491648e+36,1.684797455710609e+23,1.5201823515491648e+36,7.520572741777141e+34,1
WIND,0.6,1.587421700489703e+36,1.0,O_III_5007,1.5129406812660726e+36,1.9123035620438996e+23,1.5129406812660726e+36,7.448101922343907e+34,1
WIND,0.7,1.564211332356299e+36,1.0,O_III_5007,1.491633171384417e+36,2.1161279030575202e+23,1.491633171384417e+36,7.257816097167051e+34,1
WIND,0.8,1.5250325782784155e+36,1.0,O_III_5007,1.455579382027075e+36,2.266891272809139e+23,1.455579382027075e+36,6.945319625111388e+34,1
WIND,0.9,1.4691623179052577e+36,1.0,O_III_5007,1.404098924222017e+36,2.3441187567736704e+23,1.404098924222017e+36,6.50633936830063e+34,1
WIND,1.0,1.4184698103100432e+36,1.0,O_III_5007,1.357368389799318e+36,2.3887052974680585e+23,1.357368389799318e+36,6.110142051048666e+34,1
WIND,2.0,1.392802161741064e+36,1.0,O_III_5007,1.3335592781670855e+36,6.469471081064297e+23,1.3335592781670855e+36,5.924288357333176e+34,1
WIND,3.0,1.617972926764944e+36,1.0,O_III_5007,1.543645924904119e+36,1.6425820171206347e+24,1.543645924904119e+36,7.432700185918254e+34,1
WIND,4.0,1.3129239109681279e+36,1.0,O_III_5007,1.2591348149974554e+36,1.413232656845751e+24,1.2591348149974554e+36,5.378909596925927e+34,1
WIND,5.0,1.3750644700507375e+36,1.0,O_III_5007,1.3171641836337264e+36,1.954400639549791e+24,1.3171641836337264e+36,5.790028641505668e+34,1
WIND,10.0,9.521271806688198e+35,1.0,O_III_5007,9.162309867844406e+35,2.3986371588782896e+24,9.162309867844406e+35,3.5896193881980527e+34,1
WIND,20.0,4.646360310100812e+41,1.0,C_IV_1549,4.5196e+41,4.6463559e+41,4.284834495972163e+35,1.2526631625277315e+34,1
WIND,30.0,1.330055912956383e+41,1.0,C_IV_1549,1.32638e+41,1.330055185e+41,7.160578432223817e+34,1.1898539676841006e+33,1
WIND,40.0,1.443472525311789e+40,1.0,C_IV_1549,1.44339e+40,1.4434718565e+40,6.628975103545713e+33,5.914278957375069e+31,1
WIND,50.0,1.0346071467402759e+40,1.0,C_IV_1549,1.0345599999999999e+40,1.0346068293999999e+40,3.150210864266272e+33,2.3191896765588374e+31,1
WIND,60.0,1.4921659273468523e+36,0.9999999999995728,O_III_5007,2.4566497858005933e+35,5.1715610819716006e+35,7.36994935740178e+35,2.3801488340951414e+35,1
WIND,70.0,1.4004271606642332e+39,0.9999999999999715,C_II_4267,2.9507406158013953e+38,8.116615337073484e+38,5.794651118479736e+38,9.300515108911018e+36,1
WIND,80.0,3.447539014145125e+37,0.9999999999995774,O_III_5007,6.933469314583001e+36,1.337919069679349e+37,2.0800407943749004e+37,2.9579150090875722e+35,1
WIND,90.0,1.4432692993330967e+38,0.9999999999999631,C_II_4267,2.8995031738720054e+37,6.296119007785202e+37,8.070979855455812e+37,6.559413008995399e+35,1
WIND,100.0,1.161091499368086e+38,0.9999999999999825,O_III_5007,1.8799506759304964e+37,5.920848923403405e+37,5.639852027791489e+37,5.021404248596449e+35,1
res_day3.0,-230.0,3.2759232446851196e+40,7.155514540555821e-08,C_III_5696,5.475405578622e+39,2.1642786235466554e+40,5.641040632762644e+39,5.475405578622e+39,7
res_day3.0,-225.0,4.1879519370291874e+40,0.006842208370400633,C_III_4647,5.3224324035630003e+39,3.105992270855053e+40,5.96019670184149e+39,4.85939995989986e+39,8
res_day3.0,-220.0,4.1842752242292865e+40,0.0014103852274880574,O_I_7774,5.849324569714499e+39,2.935874246352931e+40,9.51080445381758e+39,2.9732053249459686e+39,9
res_day3.0,-215.0,2.7047561474515346e+40,0.007522459054185807,C_III_1909,5.961441345210001e+39,1.866362508147978e+40,7.992284666757642e+39,3.91651726277925e+38,3
res_day3.0,-210.0,1.3570909664952944e+38,0.017205272939357478,O_I_7774,1.2032562822511847e+38,1.8575130647723613e+29,1.3570909646377814e+38,29892776364.823177,3
res_day3.0,-205.0,1.837245729678856e+38,0.002145762833238913,O_I_7774,1.5703468661304472e+38,1.5726767264796638e+29,1.837245728106179e+38,28889555508.022243,5
res_day3.0,-200.0,3.2987744897508787e+38,0.003252592292179201,O_I_7774,2.9406381757039357e+38,4.3189202000127205e+29,3.2987744854319587e+38,301429434671.37787,5
res_day3.0,-195.0,5.672459449381094e+37,0.0017008799371799712,O_I_7774,3.3507912282962215e+37,1.1285783993865863e+28,5.672459448252515e+37,36581117.751616985,7
res_day3.0,-190.0,1.1124940422503203e+41,0.13871119432627393,C_III_1909,4.007883224504498e+40,7.106901386176647e+40,4.0178296741881675e+40,2.0936213838871924e+36,2
res_day3.0,-185.0,1.331471680334781e+41,0.055699630162462155,C_III_1909,5.377117309579999e+40,7.917633414586836e+40,5.396679873467005e+40,4.035152939680536e+36,2
res_day3.0,-180.0,1.362358058238754e+41,0.08482560928785551,C_III_1909,5.825855865479e+40,7.791894058678125e+40,5.83161011311133e+40,7.641059808490411e+35,2
res_day3.0,-175.0,1.2437471907959289e+41,4.2750504482503266e-05,C_III_1909,5.621081008907501e+40,6.815955715913475e+40,5.621513480087039e+40,2.711958775840575e+34,5
res_day3.0,-170.0,5.544525885897482e+40,0.5198744664377097,O_I_7774,5.233648605344501e+40,3.1085726193999755e+39,5.233668617048804e+40,6.90868092669982e+31,1
res_day3.0,-165.0,9.20735948774731e+37,0.001349800932072545,O_I_7774,6.09875386731991e+37,3.397558636350803e+28,9.207359484349751e+37,508291193.1024488,8
res_day3.0,-160.0,1.6442962585264185e+38,0.0020870109091908943,O_I_7774,9.853544616975515e+37,3.076324020773823e+28,1.6442962582187861e+38,417269519.92480326,5
res_day3.0,-155.0,4.050820333209654e+38,0.0022505331382721237,O_I_7774,2.250999411011693e+38,4.199386865432351e+28,4.0508203327897155e+38,799408211526.8881,5
res_day3.0,-150.0,1.2532456172572157e+41,0.0051437779704507774,C_III_4647,4.1275675964370003e+40,8.299901997998842e+40,4.219291708032235e+40,1.326246654107971e+38,3
res_day3.0,-145.0,1.5084787933739043e+41,0.002991549885951767,C_II_4267,4.1213513946555e+40,1.0737213867933322e+41,4.31986141187102e+40,2.7712653934700355e+38,3
res_day3.0,-140.0,1.5478424149661548e+41,0.00390605697444395,C_II_4267,4.319279327395e+40,1.0820289614979936e+41,4.617788089564724e+40,4.034644511688576e+38,3
res_day3.0,-135.0,1.506025114619738e+41,0.00484240266385055,O_I_7774,4.521351394655501e+40,1.0033393759462418e+41,4.967687599980712e+40,5.9169786754248156e+38,2
res_day3.0,-130.0,1.398757843955723e+41,0.005936978920195527,O_I_7774,4.697567596437e+40,8.560434555902311e+40,5.342775610687435e+40,8.436827296748406e+38,2
res_day3.0,-125.0,1.2903623895120934e+41,0.007630570847592017,O_I_7774,4.833423461916e+40,6.942516909364466e+40,5.829099353036803e+40,1.3200763271966706e+39,2
res_day3.0,-120.0,1.2692501265187518e+41,0.008744568619501524,O_I_7774,4.961471506756333e+40,6.22728784472249e+40,6.291143755182536e+40,1.7406966528248903e+39,2
res_day3.0,-115.0,1.2509127723707359e+41,0.009233462623903739,O_I_7774,5.104804840089666e+40,5.693066146870384e+40,6.623448211731628e+40,1.9261336510534498e+39,2
res_day3.0,-110.0,4.168071778028795e+40,0.1504225817976726,O_III_5007,7.321190220207814e+39,2.3087080449612837e+40,1.1272447110467298e+40,7.321190220207814e+39,7
res_day3.0,-105.0,1.6774266682600691e+41,0.8357679270634972,C_III_1909,5.388842469133355e+40,5.992549309323257e+40,5.392874904144078e+40,5.388842469133355e+40,1
res_day3.0,-100.0,6.401694384866952e+41,0.9199995797000678,C_III_1909,2.072827182077554e+41,2.2558608591786587e+41,2.0730063436107405e+41,2.072827182077554e+41,1
res_day3.0,-95.0,1.138748585532631e+42,0.9355069367133851,O_III_5007,4.793600989594549e+41,1.8001795862629747e+41,4.7937052794687866e+41,4.793600989594549e+41,1
res_day3.0,-90.0,1.3369549395322923e+42,0.9437244864676362,O_III_5007,5.8764792342764866e+41,1.6165214573344993e+41,5.876548703711936e+41,5.8764792342764866e+41,1
res_day3.0,-85.0,1.4397419837867343e+42,0.9592984139223405,O_III_5007,6.446024064589388e+41,1.5052926866783335e+41,6.446103086599621e+41,6.446024064589388e+41,1
res_day3.0,-80.0,4.685553942285358e+40,0.2040496833264921,O_I_6300,2.8892161827152384e+40,1.3341615251433643e+29,4.685553942272016e+40,30980646.547421057,2
res_day3.0,-75.0,4.643260697501717e+40,0.2068127203748672,O_I_6300,3.0945986616623206e+40,9.027100097710781e+28,4.64326069749269e+40,10214567.341457585,2
res_day3.0,-70.0,4.998976474285042e+40,0.23373899094981682,O_I_6300,3.339011768106925e+40,9.377833239190993e+28,4.998976474275664e+40,9558181.710927222,2
res_day3.0,-65.0,4.968602345901496e+40,0.23977105232521076,O_I_6300,3.536302661476354e+40,6.506200530437451e+28,4.96860234589499e+40,3463876.1750973985,2
res_day3.0,-60.0,5.221995070206526e+40,0.266198289390088,O_I_6300,3.7517629375926244e+40,6.375644582583908e+28,5.22199507020015e+40,2907832.9565000134,2
res_day3.0,-55.0,5.279222134184539e+40,0.29194886142270066,O_I_6300,3.928848345266657e+40,5.113278838005858e+28,5.279222134179425e+40,1548696.4103983417,2
res_day3.0,-50.0,5.299293766510433e+40,0.31001930441502246,O_I_6300,4.097261531345885e+40,3.8905631132379256e+28,5.299293766506542e+40,737879.9281111369,2
res_day3.0,-45.0,5.280969374399316e+40,0.3265102534873755,O_I_6300,4.2665578305957957e+40,2.6842669536914726e+28,5.280969374396632e+40,285764.7427849127,2
res_day3.0,-40.0,5.420165871073644e+40,0.3517520361546435,O_I_6300,4.399825081963236e+40,2.625735925881792e+28,5.420165871071019e+40,253210.22794481902,2
res_day3.0,-35.0,5.456460158476271e+40,0.37862058891231437,O_I_6300,4.49208434824843e+40,2.292945729994828e+28,5.456460158473978e+40,173335.8785556063,2
res_day3.0,-30.0,5.405876152871559e+40,0.40232154741416015,O_I_6300,4.558378384037053e+40,1.7518100917479102e+28,5.405876152869806e+40,88755.69426424317,2
res_day3.0,-25.0,5.405222073740537e+40,0.42362165763576654,O_I_6300,4.60664068629244e+40,1.5451057928364835e+28,5.405222073738992e+40,64900.925379511646,2
res_day3.0,-20.0,5.374526075109097e+40,0.44886486500655626,O_I_6300,4.626591891951019e+40,1.3595456410420746e+28,5.374526075107737e+40,48410.54554986418,2
res_day3.0,-15.0,5.335868830229554e+40,0.468482244531539,O_I_6300,4.620481351368737e+40,1.2572527826061298e+28,5.335868830228297e+40,41476.44302686958,2
res_day3.0,-10.0,5.289546086183434e+40,0.4882141408017142,O_I_6300,4.58261186865054e+40,1.2513147034463735e+28,5.289546086182183e+40,48132.453955109275,2
res_day3.0,-8.0,5.246334011690473e+40,0.4973945425934712,O_I_6300,4.553890819359899e+40,1.2132028317347638e+28,5.24633401168926e+40,9147708.350309908,2
res_day3.0,-6.0,5.242363822734976e+40,0.49786407026451657,O_I_6300,4.545509232728026e+40,1.2402076043152323e+28,5.242363822733737e+40,2616926977.0675335,2
res_day3.0,-4.0,5.16098325130507e+40,0.508202409712191,O_I_6300,4.505666848521273e+40,1.1125346038407212e+28,5.160983251303958e+40,997282515827.5765,2
res_day3.0,-2.0,5.13443374011667e+40,0.5121337065575328,O_I_6300,4.476859051406542e+40,1.1341734204596923e+28,5.134433740115537e+40,236384126332842.66,2
res_day3.0,-1.0,5.092729859182877e+40,0.5183304634485254,O_I_6300,4.45074237728392e+40,1.0898691476414352e+28,5.092729859181787e+40,3592159421240574.5,2
res_day3.0,0.1,5.070132422707022e+40,0.5185306419206016,O_I_6300,4.432782108328446e+40,1.087028897165823e+28,5.070132422705935e+40,8.427171275239802e+16,2
res_day3.0,0.2,5.107082003423441e+40,0.5198461996859024,O_I_6300,4.431655428584564e+40,1.2198882518674834e+28,5.107082003422221e+40,1.2482253945407082e+17,2
res_day3.0,0.3,5.106031018298223e+40,0.5202987231197665,O_I_6300,4.434118660170508e+40,1.2104948771328093e+28,5.106031018297012e+40,1.6752223696759507e+17,2
res_day3.0,0.4,5.141920842259334e+40,0.5231630101094488,O_I_6300,4.432795239442488e+40,1.3482724582712076e+28,5.141920842257985e+40,2.4765606744571206e+17,2
res_day3.0,0.5,5.077097154966662e+40,0.5285854915118792,O_I_6300,4.419649405195099e+40,1.170612780642179e+28,5.077097154965492e+40,3.415031011931451e+17,1
res_day3.0,0.6,5.071500134547899e+40,0.5236233830345377,O_I_6300,4.420097139203083e+40,1.1591462726285906e+28,5.07150013454674e+40,5.347685530948303e+17,1
res_day3.0,0.7,5.100686178937536e+40,0.5205702684048046,O_I_6300,4.416940537661594e+40,1.2870509076620496e+28,5.100686178936248e+40,9.191142078847738e+17,2
res_day3.0,0.8,5.035009379420348e+40,0.5257486591605011,O_I_6300,4.4032183145155825e+40,1.1311023804117705e+28,5.035009379419217e+40,1.293395722991341e+18,1
res_day3.0,0.9,5.027036398638041e+40,0.5214462499398029,O_I_6300,4.403452141365028e+40,1.1400248547578988e+28,5.027036398636901e+40,2.0195555707655662e+18,2
res_day3.0,1.0,5.046404281207139e+40,0.5187805592536999,O_I_6300,4.400625233067247e+40,1.272705747606844e+28,5.046404281205867e+40,3.408485479148549e+18,2
res_day3.0,2.0,4.990062966256348e+40,0.5196415967958201,O_I_6300,4.368288121148904e+40,1.8137975294374837e+29,4.99006296623821e+40,3.9928371965534785e+20,2
res_day3.0,3.0,4.838706690122062e+40,0.5264534081601465,O_I_6300,4.297009977364425e+40,1.3428506334096713e+32,4.838706676693553e+40,2.1805669219169013e+25,1
res_day3.0,4.0,4.70166659695463e+40,0.5224680337529343,O_I_6300,4.2177382592127423e+40,3.43392634687706e+35,4.701632242498307e+40,1.5192855143599895e+32,1
res_day3.0,5.0,9.129379128502635e+40,0.6935432456391,O_I_7774,6.653062591529004e+40,8.972628306813754e+38,9.013817744321422e+40,2.5835101113073023e+38,1
res_day3.0,6.0,7.088793609767134e+40,0.6366485257603556,O_III_5007,3.415123848884552e+40,3.164549511612723e+40,3.612973149755514e+40,3.112709483988974e+39,2
res_day3.0,7.0,6.484840089386374e+40,0.6041841649327891,C_III_4647,2.902655837921113e+40,3.801598757124758e+40,2.465336561748067e+40,2.1790477051354717e+39,2
res_day3.0,8.0,1.4594451675695122e+40,0.03339241795410328,C_IV_5801,2.6595180485428e+39,1.0403440618612729e+40,3.7564424608293066e+39,4.345685962530848e+38,7
res_day3.0,9.0,8.766072952713109e+38,0.004449592657087128,C_II_6580,1.4926628878364623e+38,5.185747911694568e+38,2.9865993759960382e+38,5.937256650225024e+37,8
res_day3.0,10.0,3.2345998242890934e+39,0.011221859951632744,C_III_5696,6.927662887836463e+38,2.302074118477508e+39,9.211002897938551e+38,1.1425416017730461e+37,7
res_day3.0,11.0,3.583684410443379e+39,0.008214449999769656,C_III_5696,8.014682769679015e+38,2.6659708175439542e+39,9.095374518968102e+38,8.176141002614639e+36,7
res_day3.0,12.0,3.11980974040411e+39,0.007716570722226889,C_III_5696,6.024682769679014e+38,2.4098763104564048e+39,7.022061541724375e+38,7.727275775267897e+36,7
res_day3.0,13.0,1.9361342104170567e+39,0.004295082423985027,C_III_5696,4.122520751864012e+38,1.4207557078023267e+39,5.080204504386946e+38,7.358052176035213e+36,7
res_day3.0,14.0,1.133354015754915e+39,0.0024264259901249593,C_III_5696,2.282520751864013e+38,8.051817899353279e+38,3.2114457294180785e+38,7.027652877779316e+36,7
res_day3.0,15.0,7.018202754094729e+38,0.0013980766006202027,C_III_5696,1.308603256208102e+38,4.7203415479270685e+38,2.228992252545104e+38,6.886895362255682e+36,7
res_day3.0,16.0,5.439766456609372e+38,0.00070006115062449,C_III_5696,9.476032562081025e+37,3.497954875551403e+38,1.873059867640713e+38,6.875171341725618e+36,7
res_day3.0,17.0,4.5404771552154265e+38,0.00011551118665300421,C_III_5696,7.458827972369008e+37,2.983646820996609e+38,1.4917830928484259e+38,6.504724137039172e+36,7
res_day3.0,18.0,4.0005186876209645e+38,0.0005366784950295902,C_III_5696,6.568827972369006e+37,2.6276212380358217e+38,1.313783688290307e+38,5.911376129483575e+36,7
res_day3.0,19.0,4.0493400290410024e+38,0.0006607908904510478,C_III_5696,6.779730682420995e+37,2.6385463342907943e+38,1.3559598935383915e+38,5.483380121181686e+36,7
res_day3.0,20.0,4.61294350720347e+38,0.0008142406577577263,C_III_5696,7.769730682420994e+37,3.023783295606858e+38,1.5376173753869182e+38,5.154283620969445e+36,7
res_day3.0,21.0,6.101231232080081e+38,0.0011353818733890546,C_III_5696,1.067459869405397e+38,4.269858710239806e+38,1.7840605943080064e+38,4.731192753226927e+36,7
res_day3.0,22.0,7.765505465305888e+38,0.00150139363711957,C_III_5696,1.4934598694053971e+38,5.5653333146932914e+38,2.1576223194810406e+38,4.2549831131555433e+36,7
res_day3.0,23.0,3.7852592949477143e+39,0.007875122860006955,C_III_5696,5.953565597888449e+38,2.9767930719514936e+39,7.919262041428522e+38,1.654001885336857e+37,8
res_day3.0,24.0,9.238340891837762e+39,0.018594784313945508,C_IV_5801,1.3268565597888451e+39,6.634625004040299e+39,2.4732726095694637e+39,1.3044327822799953e+38,8
res_day3.0,25.0,7.965466032526755e+39,0.01722721011149485,C_IV_5801,1.1753213248830511e+39,5.876761308254751e+39,2.001863588085643e+39,8.68411361863612e+37,8
res_day3.0,26.0,2.511655872350412e+39,0.006363054720260018,C_III_5696,3.9887132488305044e+38,1.994358004753823e+39,5.094514654824905e+38,7.84640211409874e+36,8
res_day3.0,27.0,3.97418891892828e+38,0.0009498043396275218,C_III_5696,7.177116241411007e+37,2.870847128797939e+38,1.0838721792839026e+38,1.94696108464378e+36,7
res_day3.0,28.0,3.448605522506511e+38,0.000800696141969901,C_III_5696,6.267116241411006e+37,2.506846929379036e+38,9.264448594364074e+37,1.5313733691067518e+36,7
res_day3.0,29.0,2.755290412949959e+38,0.0006247939940932231,C_III_5696,4.973557052536511e+37,1.9894232180073115e+38,7.531316333632562e+37,1.2735561579391076e+36,7
res_day3.0,30.0,1.9399736512787623e+38,0.00045143949052471735,C_III_5696,3.408557052536511e+37,1.3634232794693225e+38,5.655305793057452e+37,1.1019792503694888e+36,7
res_day3.0,31.0,1.4963064255413434e+38,0.0003486283954681608,C_III_5696,2.587251968369502e+37,1.0349012338222439e+38,4.520173121852984e+37,9.387879533801085e+35,7
res_day3.0,32.0,1.3193333890496798e+38,0.0002996633359604245,C_III_4647,2.2922519683695023e+37,9.169011384202116e+37,3.9443511227891514e+37,7.997138350552966e+35,8
res_day3.0,33.0,1.0389221959683806e+38,0.00023358133700813278,C_III_4647,1.7759002532633042e+37,7.103604207763621e+37,3.21557727486424e+37,7.004047705594653e+35,8
res_day3.0,34.0,5.57772308966052e+37,0.00012494622439513257,C_II_6580,1.102900253263305e+37,3.308870628613427e+37,2.2058185421804675e+37,6.303391886662453e+35,9
res_day3.0,35.0,4.30725308361098e+37,9.629672780257888e-05,C_III_4647,7.083466567897513e+36,2.833390444317298e+37,1.4167274982663961e+37,5.713514102728669e+35,9
res_day3.0,36.0,3.117051562129942e+37,6.97450407987047e-05,C_III_4647,5.108466567897514e+36,2.04339014274979e+37,1.021744276447087e+37,5.1917142933065e+35,9
res_day3.0,37.0,3.065953671759094e+37,6.916874071853401e-05,C_III_4647,5.0307669830934915e+36,2.0123092677376405e+37,1.0061947642525092e+37,4.74496397689439e+35,9
res_day3.0,38.0,4.022223671100104e+37,9.190508950330527e-05,C_III_4647,6.295766983093492e+36,2.719609139657186e+37,1.2591744956682476e+37,4.344003577467035e+35,9
res_day3.0,39.0,4.462913770741627e+37,0.0002655629176901164,C_III_5696,7.308964767496494e+36,2.961470350390103e+37,1.4618047817640722e+37,3.963863858745199e+35,7
res_day3.0,40.0,4.923009317073022e+37,0.0002769163354247467,C_III_5696,8.143964767496494e+36,3.271448273252994e+37,1.615497574148912e+37,3.606346967111546e+35,7
res_day3.0,41.0,5.312048532213865e+37,0.00027735741746363955,C_III_5696,9.049235153244494e+36,3.621175045531295e+37,1.6577891587468498e+37,3.308432793572023e+35,7
res_day3.0,42.0,5.743797626568329e+37,0.0002506425019998902,C_III_4647,1.000423515324449e+37,4.002244458974879e+37,1.7110433541813996e+37,3.0509813412050584e+35,9
res_day3.0,43.0,6.2941953554496425e+37,0.0002883552202109167,C_III_5696,1.1190541839664992e+37,4.476280224021603e+37,1.7897879531757564e+37,2.8127178252282717e+35,7
res_day3.0,44.0,6.928845158375331e+37,0.000308062381566881,C_III_5696,1.254054183966499e+37,5.016239915355233e+37,1.886703482501631e+37,2.5901760518467244e+35,7
res_day3.0,45.0,1.2709565489597366e+38,0.0005988276904473242,C_III_5696,2.405046844572987e+37,9.620203594416905e+37,3.062277976081139e+37,2.7083919099322285e+35,7
res_day3.0,46.0,2.2137972336932514e+38,0.0010675607295425461,C_III_4647,4.275046844572987e+37,1.710022921997974e+38,5.006844033706034e+37,3.0899083246739452e+35,7
res_day3.0,47.0,2.498895944280471e+38,0.0011966680108422916,C_III_4647,4.847972640974503e+37,1.939193357398297e+38,5.567077059176703e+37,2.9948809645035218e+35,7
res_day3.0,48.0,2.318434037389406e+38,0.001010030643614746,C_III_5696,4.502972640974504e+37,1.801190658898774e+38,5.146655603900071e+37,2.5778181006244355e+35,7
res_day3.0,49.0,7.661411225712587e+38,0.0033439948058100206,C_III_5696,1.7020381165597853e+38,5.886342289012827e+38,1.7722225132889856e+38,2.8464234107739187e+35,7
res_day3.0,50.0,1.6598735358013172e+39,0.007239938619178814,C_III_5696,3.8640381165597854e+38,1.264206418159652e+39,3.952946324931508e+38,3.7248514851433536e+35,7
res_day3.0,51.0,1.532912531112722e+39,0.00644967845825535,C_III_5696,3.569795341393264e+38,1.1671382637910656e+39,3.654296600368197e+38,3.446072848367766e+35,7
res_day3.0,52.0,6.897684698383073e+38,0.002542177511542052,C_III_5696,1.5372953413932642e+38,5.293411837499202e+38,1.6018173641242517e+38,2.455496759618042e+35,7
res_day3.0,53.0,1.658380307426625e+40,0.053162451715668725,O_I_7774,2.760416584237443e+39,1.3802082924469277e+40,2.7806421944886686e+39,1.0779553083024747e+36,5
res_day3.0,54.0,4.507677129161247e+40,0.12604838086845058,C_III_4647,7.355666584237444e+39,3.677847514328976e+40,8.229685928489581e+39,6.861021983312293e+37,4
res_day3.0,55.0,4.04463111338615e+40,0.12350494968451824,C_III_4647,6.607878524560933e+39,3.303948709631669e+40,7.350620810204032e+39,5.620322734077358e+37,4
res_day3.0,56.0,1.2510676851577979e+40,0.05411193421513137,O_I_7774,2.078878524560931e+39,1.0394392631929636e+40,2.1143890767574127e+39,1.8951428909306438e+36,4
res_day3.0,57.0,8.33378132554242e+38,0.0037545425876000047,C_III_5696,1.897026824941001e+38,6.2960863574996114e+38,2.0320495342430522e+38,5.6454337997578445e+35,7
res_day3.0,58.0,7.387961781874301e+38,0.002824564963871516,C_III_5696,1.687026824941001e+38,5.632948439921575e+38,1.7526585527143954e+38,2.3547892383305148e+35,7
res_day3.0,59.0,5.382818323153722e+38,0.0019812307839420814,C_III_5696,1.066823448137056e+38,4.267293794052393e+38,1.1140676910944519e+38,1.456838006876883e+35,7
res_day3.0,60.0,8.287025574954205e+37,0.00030437779783585857,C_III_5696,1.5632344813705632e+37,6.252937963608625e+37,2.020451818140179e+37,1.3635793205400954e+35,7
res_day3.0,61.0,2.3821125743041034e+37,8.93573208716049e-05,C_III_4647,3.9468170151002156e+36,1.5787268479724192e+37,7.89393597360225e+36,1.3992128971459302e+35,9
res_day3.0,62.0,1.4053219772996838e+38,0.0005473875637799453,C_III_5696,2.705318298489979e+37,1.0821273207083458e+38,3.2165166829898383e+37,1.5429882923542977e+35,7
res_day3.0,63.0,1.8009352287922325e+38,0.0007003387961680318,C_III_5696,3.5010352325035063e+37,1.400414093238396e+38,3.990880925224523e+37,1.43304303138383e+35,7
res_day3.0,64.0,1.3771011731533164e+38,0.0005258039939160953,C_III_5696,2.6660352325035063e+37,1.066414093103219e+38,3.095194853445859e+37,1.1675947055115156e+35,7
res_day3.0,65.0,9.65396218833734e+37,0.00036458845600502676,C_III_5696,1.8491884154884053e+37,7.396753662466373e+37,2.2469330831589546e+37,1.0275442712014302e+35,7
res_day3.0,66.0,5.619740656769827e+37,0.00021066819322777906,C_III_4647,1.045188415488405e+37,4.1807536625967553e+37,1.429366241923002e+37,9.620752250069739e+34,8
res_day3.0,67.0,3.7865871961976374e+37,0.00014096296676068668,C_III_4647,6.812567062352504e+36,2.725026825650674e+37,1.0525510403152087e+37,9.009330231754648e+34,9
res_day3.0,68.0,3.5111591589864367e+37,0.0001303277408733921,C_III_4647,6.287567062352504e+36,2.5150268255038313e+37,9.876971415501514e+36,8.435191932454183e+34,9
res_day3.0,69.0,3.274237023508166e+37,0.00012130293641978175,C_III_4647,5.838693313579503e+36,2.3354773258782177e+37,9.308625092536272e+36,7.897188376320676e+34,9
res_day3.0,70.0,3.064403398568296e+37,0.00011351542808845713,C_III_4647,5.443693313579503e+36,2.177477325784944e+37,8.795423152848607e+36,7.383757498490841e+34,9
res_day3.0,71.0,2.8868963383450784e+37,0.0001068045768761675,C_III_4647,5.113107833848502e+36,2.0452431338174544e+37,8.34760802957219e+36,6.892401570405482e+34,9
res_day3.0,72.0,2.732135139867186e+37,0.00010098352698873008,C_III_4647,4.8281078338485015e+36,1.9312431337569272e+37,7.944756024248623e+36,6.416403685396698e+34,9
res_day3.0,73.0,2.588277129209322e+37,9.572428250546688e-05,C_III_4647,4.563603363025002e+36,1.8254413453799485e+37,7.568677251080345e+36,5.968058721338972e+34,9
res_day3.0,74.0,2.452005687240168e+37,9.07467632350753e-05,C_III_4647,4.313603363025002e+36,1.7254413453423418e+37,7.210260179824493e+36,5.538323915376873e+34,9
res_day3.0,75.0,2.3368639084820406e+37,8.651835982794263e-05,C_III_4647,4.122162017815001e+36,1.6488648072129144e+37,6.831267460263169e+36,4.87235524280958e+34,9
res_day3.0,76.0,2.2379251980129865e+37,8.283057968709869e-05,C_III_4647,3.972162017815001e+36,1.5888648071774187e+37,6.44967476952075e+36,4.0929138834929046e+34,9
res_day3.0,77.0,2.1339471909661862e+37,7.9128774072574e-05,C_III_4647,3.8104502868570013e+36,1.524180114776287e+37,6.063627968303053e+36,3.404279359593603e+34,9
res_day3.0,78.0,2.026853884036539e+37,7.542731543093847e-05,C_III_4647,3.6404502868570014e+36,1.4561801147670117e+37,5.678696653443715e+36,2.804103925156058e+34,9
res_day3.0,79.0,1.935868311709196e+37,7.237826983406373e-05,C_III_4647,3.505585479731e+36,1.402234191911423e+37,5.313873410201219e+36,2.2467787776510537e+34,9
res_day3.0,80.0,1.8577626923056826e+37,6.978620724480557e-05,C_III_4647,3.3955854797310015e+36,1.3582341919085653e+37,4.9775736162010205e+36,1.7711387770152198e+34,9
res_day3.0,81.0,1.7740356466272426e+37,6.693870528870503e-05,C_III_4647,3.2709458160335e+36,1.3083783264278408e+37,4.642516622572485e+36,1.4056579421532342e+34,9
res_day3.0,82.0,1.6871339129053775e+37,6.394875711510781e-05,C_III_4647,3.135945816033501e+36,1.2543783264265466e+37,4.3162216819922134e+36,1.133418279609577e+34,9
res_day3.0,83.0,1.5723495321488546e+37,5.9875066080409054e-05,C_III_4647,2.9394592285040024e+36,1.1757836914137655e+37,3.9561804159957605e+36,9.477991355131992e+33,9
res_day3.0,84.0,1.4385932038975623e+37,5.505803641122838e-05,C_III_4647,2.6994592285040007e+36,1.0797836914129533e+37,3.5798913538161626e+36,8.203771029926546e+33,9
res_day3.0,85.0,1.262201052670514e+37,4.851518474775185e-05,C_III_4647,2.3686933135795032e+36,9.47477325442517e+36,3.139952209989452e+36,7.285062290513569e+33,10
res_day3.0,86.0,1.0563541232989174e+37,4.078891918789706e-05,C_III_4647,1.973693313579503e+36,7.894773254420246e+36,2.6622042306653924e+36,6.563747903536481e+33,10
res_day3.0,87.0,8.215614785782347e+36,3.179839842783125e-05,C_III_4647,1.517206726050004e+36,6.068826904298806e+36,2.140893985460474e+36,5.893896023067428e+33,10
res_day3.0,88.0,5.664739231760865e+36,2.196754549874828e-05,C_III_4647,1.017206726050003e+36,4.068826904298355e+36,1.5906573420292042e+36,5.254985433306798e+33,10
res_day3.0,89.0,3.583815145532511e+36,1.392552497524428e-05,C_II_6580,7.611035232503506e+35,2.2833901969719288e+36,1.2957512211322989e+36,4.6737274282835216e+33,10
res_day3.0,90.0,3.2168602396148327e+36,1.2541514873123202e-05,C_II_6580,6.776035232503505e+35,2.032878735740472e+36,1.1798465014021667e+36,4.1350024721941036e+33,10
res_day3.0,91.0,3.5014245545772053e+36,1.3686270508975331e-05,C_II_6580,7.563109970186487e+35,2.2690125382524304e+36,1.2287741245781042e+36,3.6378917466706004e+33,10
res_day3.0,92.0,4.2463098174584884e+36,3.463429534364574e-05,C_II_6580,9.498109970186487e+35,2.849542260773742e+36,1.393591738070338e+36,3.175818614408769e+33,10
res_day3.0,93.0,5.990716931240426e+36,4.757629182253058e-05,C_III_4647,1.1002703857479991e+36,4.474982141929792e+36,1.5130037316366002e+36,2.7310576740338263e+33,10
res_day3.0,94.0,6.517581816728693e+36,5.076005873210259e-05,C_III_4647,1.220270385747999e+36,4.914571393545739e+36,1.6006958323472747e+36,2.3145908356791527e+33,10
res_day3.0,95.0,6.973772290037893e+36,5.304275491765574e-05,C_III_4647,1.3227027893109992e+36,5.302568790230651e+36,1.6692729146680036e+36,1.9305851392385413e+33,10
res_day3.0,96.0,7.382820961885633e+36,5.5272570242367854e-05,C_III_4647,1.412702789310999e+36,5.656153178966296e+36,1.7250828109813093e+36,1.5849719380267772e+33,10
res_day3.0,97.0,7.960843691357329e+36,5.836158240623588e-05,C_III_4647,1.5349100494454988e+36,6.141522778141324e+36,1.8180129058601618e+36,1.308007355842479e+33,10
res_day3.0,98.0,8.658318941190645e+36,6.170125139616143e-05,C_III_4647,1.679910049445499e+36,6.720494106092115e+36,1.9367470850847595e+36,1.0777500137702384e+33,10
res_day3.0,99.0,9.370108454083839e+36,6.377792977711521e-05,C_III_4647,1.827837982184999e+36,7.311647568278788e+36,2.0575873012028225e+36,8.735846022288939e+32,10
res_day3.0,100.0,1.0092788408007788e+37,6.601585466802141e-05,C_III_4647,1.977837982184999e+36,7.911481118601673e+36,2.1806111313341695e+36,6.96158071945879e+32,9
res_day3.0,101.0,1.081770219316202e+37,6.793497925264989e-05,C_III_4647,2.1278379821849992e+36,8.51139279210049e+36,2.3057577550818885e+36,5.51645979640558e+32,9
res_day3.0,102.0,1.1544431959240826e+37,7.042754236535771e-05,C_III_4647,2.2778379821849988e+36,9.111370404693642e+36,2.4326288587963797e+36,4.326957508032172e+32,9
res_day3.0,103.0,1.2389294375109095e+37,7.362806442580225e-05,C_III_4647,2.4512614441009992e+36,9.805051966845525e+36,2.5839082797780834e+36,3.341284854837476e+32,9
res_day3.0,104.0,1.3318426803941662e+37,7.762278757732654e-05,C_III_4647,2.6412614441009994e+36,1.0565048001133721e+37,2.753125364339236e+36,2.5343846870653722e+32,9
res_day3.0,105.0,1.428177712373376e+37,8.218346346348708e-05,C_III_4647,2.8371173095799987e+36,1.1348469522322208e+37,2.93310926133143e+36,1.9834008012195373e+32,9
res_day3.0,106.0,1.526909093168495e+37,8.660777780010498e-05,C_III_4647,3.037117309579999e+36,1.2148469336860433e+37,3.12046288543774e+36,1.5870938677658446e+32,9
res_day3.0,107.0,1.6067652535724087e+37,8.948807885217462e-05,C_III_4647,3.199054183966499e+36,1.2796216745531864e+37,3.271308357368294e+36,1.2743282392968897e+32,9
res_day3.0,108.0,1.6732777844148496e+37,9.157414325224712e-05,C_III_4647,3.334054183966499e+36,1.3336216739071126e+37,3.3964588351490274e+36,1.0226992834280899e+32,9
res_day3.0,109.0,1.679796051043376e+37,8.885701716791694e-05,C_III_4647,3.3490089416470005e+36,1.3396035766780354e+37,3.401844527666606e+36,8.021598680248511e+31,9
res_day3.0,110.0,1.6438872225932561e+37,8.464109547214698e-05,C_III_4647,3.279008941647e+36,1.3116035766711294e+37,3.3227751143770647e+36,6.134484420186156e+31,9
res_day3.0,111.0,1.5714685378761755e+37,7.84673507800753e-05,C_III_4647,3.1358106231595024e+36,1.2543242492733002e+37,3.1713968544533017e+36,4.603157545138376e+31,9
res_day3.0,112.0,1.4732422358550783e+37,7.17154638295559e-05,C_III_4647,2.940810623159501e+36,1.1763242492743338e+37,2.9691460822603677e+36,3.378354707721853e+31,9
res_day3.0,113.0,1.3634366589371535e+37,6.505794456200577e-05,C_III_4647,2.722387161243501e+36,1.0889548645155785e+37,2.744793232360436e+36,2.4711855313825087e+31,9
res_day3.0,114.0,1.2454464405499678e+37,5.845794074760726e-05,C_III_4647,2.4873871612435022e+36,9.949548645859236e+36,2.5048978587593074e+36,1.7900881135810026e+31,9
res_day3.0,115.0,1.1187709744194427e+37,5.159400408442136e-05,C_III_4647,2.2348195648065023e+36,8.939278263571057e+36,2.24841855066341e+36,1.2929959960402579e+31,10
res_day3.0,116.0,9.859547239663996e+36,4.518377736589921e-05,C_III_4647,1.969819564806502e+36,7.879278274450227e+36,1.9802597150992576e+36,9.250114511485262e+30,10
res_day3.0,117.0,8.751686045589804e+36,4.003598321103165e-05,C_III_4647,1.7487385558990012e+36,6.994954280843296e+36,1.7567251483231044e+36,6.61642340415496e+30,10
res_day3.0,118.0,7.7997553805079e+36,3.5629097707391285e-05,C_III_4647,1.558738555899001e+36,6.234954462279049e+36,1.5647962167225672e+36,4.701506284291553e+30,10
res_day3.0,119.0,7.126422112716294e+36,3.2601135987871885e-05,C_III_4647,1.4243692779495012e+36,5.697478647963072e+36,1.4289401338162588e+36,3.330936962342004e+30,10
res_day3.0,120.0,6.650272686091335e+36,3.0553099995706794e-05,C_III_4647,1.329369277949501e+36,5.317491143900288e+36,1.332779206738761e+36,2.3354522849825747e+30,10
res_day3.0,121.0,6.262334459110774e+36,2.8926361104017294e-05,C_III_4647,1.2519368743865e+36,5.0078622233459786e+36,1.2544706022976041e+36,1.633467191804277e+30,10
res_day3.0,122.0,5.93741886948591e+36,2.7587165758897163e-05,C_III_4647,1.186936874386501e+36,4.748617723425267e+36,1.1888000152334966e+36,1.130827145661626e+30,10
res_day3.0,123.0,5.600905621556165e+36,2.6189603815916168e-05,C_III_4647,1.1190089416470001e+36,4.480540980709155e+36,1.1203638689771132e+36,7.718698963087762e+29,10
res_day3.0,124.0,5.2635559892254686e+36,2.4818839023855525e-05,C_III_4647,1.049008941647001e+36,4.213575371755174e+36,1.0499801004169807e+36,5.170533139629984e+29,10
res_day3.0,125.0,4.9625234612448034e+36,2.3646418554172932e-05,C_III_4647,9.831080474823005e+35,3.9787091568617536e+36,9.838139526399187e+35,3.5174313085739795e+29,10
res_day3.0,126.0,4.6789208134282914e+36,2.256641252025968e-05,C_III_4647,9.201080474823004e+35,3.758295778561563e+36,9.206247942709632e+35,2.405957653790931e+29,10
res_day3.0,127.0,4.402487383192348e+36,2.1528427285822438e-05,C_III_4647,8.626711196873503e+35,3.5394341627052875e+36,8.630530552641436e+35,1.6522291717103593e+29,10
res_day3.0,128.0,4.1292962418014704e+36,2.040889088810294e-05,C_III_4647,8.091711196873504e+35,3.319840701728151e+36,8.094554268356216e+35,1.1323769813908887e+29,10
res_day3.0,129.0,3.8744057844638495e+36,1.9341538575842303e-05,C_III_4647,7.603558120705503e+35,3.1138344191362386e+36,7.605712872058755e+35,7.812173591474041e+28,10
res_day3.0,130.0,3.6358844367617307e+36,1.8358763832775726e-05,C_III_4647,7.148558120705502e+35,2.9208625097212325e+36,7.150218730136972e+35,5.402680115119454e+28,10
res_day3.0,131.0,3.417855589274956e+36,1.7457370218325976e-05,C_III_4647,6.731621246319003e+35,2.744561222059134e+36,6.732943290622809e+35,3.8153541091405557e+28,10
res_day3.0,132.0,3.2147063538740773e+36,1.6628416669082203e-05,C_III_4647,6.341621246319003e+35,2.5804360190986004e+36,6.3427030749148626e+35,2.728399090881734e+28,10
res_day3.0,133.0,3.02934357995365e+36,1.5889328931146995e-05,C_III_4647,5.983828506453502e+35,2.4308695791025695e+36,5.984739810650631e+35,1.9786017069481563e+28,10
res_day3.0,134.0,2.8566284762705333e+36,1.5127238005391975e-05,C_III_4647,5.648828506453503e+35,2.2916667537823993e+36,5.6496170800442e+35,1.4483714202710587e+28,10
res_day3.0,135.0,2.701816130075976e+36,1.444903024275422e-05,C_III_4647,5.346035766588002e+35,2.16714054043633e+36,5.346755781040069e+35,1.1535639171137386e+28,10
res_day3.0,136.0,2.5597074321301779e+36,1.3829786123258511e-05,C_III_4647,5.066035766588002e+35,2.053035649235238e+36,5.0667177308101675e+35,9.813923272476124e+27,10
res_day3.0,137.0,2.4118429715709202e+36,1.3176798352007574e-05,C_III_4647,4.7743240356300025e+35,1.9343458989048243e+36,4.7749706445132296e+35,8.214772926092414e+27,10
res_day3.0,138.0,2.2598859614213277e+36,1.2491264642166182e-05,C_III_4647,4.474324035630002e+35,1.8123920378246173e+36,4.474939168218978e+35,6.774812399155072e+27,10
res_day3.0,139.0,2.1110500020533788e+36,1.1797494397723818e-05,C_III_4647,4.180179901109002e+35,1.6929729696161496e+36,4.180770268573911e+35,5.579838229916279e+27,10
res_day3.0,140.0,1.9644025237734976e+36,1.1109473850903455e-05,C_III_4647,3.890179901109002e+35,1.575327418380954e+36,3.8907510076858816e+35,4.6239553787701e+27,10
res_day3.0,141.0,1.8282247553199416e+36,1.0427042039185672e-05,C_III_4647,3.6206754302855025e+35,1.4661014799498512e+36,3.62123271505104e+35,3.864986323503624e+27,10
res_day3.0,142.0,1.6994448018240244e+36,9.778532880868067e-06,C_III_4647,3.365675430285502e+35,1.362822470998106e+36,3.366223275215365e+35,3.3043816649877255e+27,10
res_day3.0,143.0,1.6279922575331958e+36,9.446148859897654e-06,C_III_4647,3.224864807126e+35,1.3054517200865679e+36,3.225405345104124e+35,2.9362155246821164e+27,10
res_day3.0,144.0,1.5971027136868222e+36,9.401222095943899e-06,C_III_4647,3.1648648071260013e+35,1.2805627795577044e+36,3.1653993142611507e+35,2.703002558797305e+27,10
res_day3.0,145.0,1.58400352075594e+36,9.403710086675647e-06,C_III_4647,3.14e+35,1.2699504932622534e+36,3.1405302490397367e+35,2.58971290988753e+27,10
res_day3.0,146.0,1.5834861277354565e+36,9.478950676577504e-06,C_III_4647,3.14e+35,1.2694333111222893e+36,3.1405281404438604e+35,2.568781104550308e+27,10
res_day3.0,147.0,1.578758590878186e+36,9.523978363378317e-06,C_III_4647,3.1312162017815e+35,1.2655839621251847e+36,3.1317462604769857e+35,2.705302632574181e+27,10
res_day3.0,148.0,1.5710475007368968e+36,9.497360485547777e-06,C_III_4647,3.1162162017815002e+35,1.2593723077553372e+36,3.1167518995903055e+35,3.022529126396004e+27,10
res_day3.0,149.0,1.5634703423198817e+36,9.510988939335193e-06,C_III_4647,3.1012162017815004e+35,1.2532943041284378e+36,3.1017603478390737e+35,3.407536651057889e+27,10
res_day3.0,150.0,1.5559867239888852e+36,9.513333439180315e-06,C_III_4647,3.0862162017815e+35,1.24730963046467e+36,3.086770896581667e+35,3.866048537585385e+27,10
res_day3.0,151.0,1.5530108946873604e+36,9.553014873941883e-06,C_III_4647,3.08e+35,1.2449541080287365e+36,3.0805678218648917e+35,4.472134812338902e+27,10
res_day3.0,152.0,1.2320891919752593e+36,7.6270262508191504e-06,C_II_6580,3.08e+35,9.240308347874401e+35,3.08058351987729e+35,5.20009030555264e+27,10
res_day3.0,153.0,1.235604827484893e+36,7.693831511626285e-06,C_II_6580,3.0887837982185e+35,9.26666243254e+35,3.089385781640291e+35,6.06686390676747e+27,10
res_day3.0,154.0,1.2416073588351485e+36,7.776137353833068e-06,C_II_6580,3.1037837982184998e+35,9.311666256582799e+35,3.104407261007741e+35,7.076094431463159e+27,10
res_day3.0,155.0,1.2511235955506948e+36,7.870077010689363e-06,C_II_6580,3.1275675964370004e+35,9.383022898286401e+35,3.1282129758382472e+35,8.138229958732621e+27,10
res_day3.0,156.0,1.5933413913136764e+36,2.61632381130555e-05,C_III_4647,3.1575675964370004e+35,1.2775322878018241e+36,3.1580909427808153e+35,9.233770619296122e+27,10
res_day3.0,157.0,1.6116700413186776e+36,2.5907371583150227e-05,C_III_4647,3.1934234619160002e+35,1.2922725850581281e+36,3.1939744583429088e+35,1.0426258628629939e+28,10
res_day3.0,158.0,1.6320836617778636e+36,2.5525342738569744e-05,C_III_4647,3.233423461915999e+35,1.3086832234272021e+36,3.234004265938323e+35,1.1756829211574066e+28,10
res_day3.0,159.0,1.6554346081475662e+36,2.5248916828762713e-05,C_III_4647,3.279279327394999e+35,1.3274454087556917e+36,3.27989186174431e+35,1.321744338029047e+28,10
res_day3.0,160.0,1.680860017333989e+36,2.5080776132851415e-05,C_III_4647,3.329279327394999e+35,1.347867400271504e+36,3.329926022692953e+35,1.4793189531586801e+28,10
res_day3.0,161.0,1.3541581709883147e+36,1.976494125342053e-05,C_II_6580,3.3851351928739994e+35,1.01557685458897e+36,3.385813001826015e+35,1.6216743471275854e+28,10
res_day3.0,162.0,1.3781621767662937e+36,1.9760208300839075e-05,C_II_6580,3.4451351928739995e+35,1.0335780125028599e+36,3.445841467331557e+35,1.7530278010493487e+28,10
res_day3.0,163.0,1.418563321847575e+36,2.0005000925949085e-05,C_II_6580,3.5461262512269994e+35,1.0638771617260198e+36,3.546861412169283e+35,1.8904626685723136e+28,10
res_day3.0,164.0,1.4705686646156113e+36,2.0440284725078778e-05,C_II_6580,3.6761262512270005e+35,1.1028795237558602e+36,3.676891204818696e+35,2.0377881427345354e+28,10
res_day3.0,165.0,1.5612242952696026e+36,2.1372497157618206e-05,C_II_6580,3.902748031630498e+35,1.1708700569192095e+36,3.903542164288183e+35,2.1921575082833974e+28,10
res_day3.0,166.0,1.6792325246470352e+36,2.268603968271008e-05,C_II_6580,4.197748031630498e+35,1.2593753229780694e+36,4.198571780862573e+35,2.3582708408729615e+28,10
res_day3.0,167.0,1.8276926535874432e+36,2.4372239270114474e-05,C_II_6580,4.568874282857497e+35,1.370720015427159e+36,4.569726128791402e+35,2.5281143727957203e+28,10
res_day3.0,168.0,1.997703505882949e+36,2.6243387918217384e-05,C_II_6580,4.993874282857497e+35,1.498228071532789e+36,4.99475407344832e+35,2.7005327846088365e+28,10
res_day3.0,169.0,2.1887965439201526e+36,2.835086329168404e-05,C_II_6580,5.471577072168497e+35,1.641548289455869e+36,5.472482258110252e+35,2.8653258197895365e+28,10
res_day3.0,170.0,2.3948098764293023e+36,3.049029727669443e-05,C_II_6580,5.986577072168497e+35,1.796059192658049e+36,5.9875065353283485e+35,3.0238418347463613e+28,10
res_day3.0,171.0,2.5961388565499498e+36,3.240704826272867e-05,C_II_6580,6.489865341210497e+35,1.9470577675428493e+36,6.490810577062353e+35,3.130086568761119e+28,10
res_day3.0,172.0,3.5159163246173106e+36,4.299849087581148e-05,C_III_4647,6.984865341210497e+35,2.817334312141151e+36,6.985819805189651e+35,3.195719475888786e+28,10
res_day3.0,173.0,3.762260155763775e+36,4.4988025584771725e-05,C_III_4647,7.476937408470997e+35,3.0144702625435793e+36,7.477898607325865e+35,3.248760920339137e+28,10
res_day3.0,174.0,4.0075012976469894e+36,4.7002510538932936e-05,C_III_4647,7.966937408470997e+35,3.2107108942351e+36,7.967903704960582e+35,3.2915830914799638e+28,10
res_day3.0,175.0,4.229231016158739e+36,4.8320705873254404e-05,C_III_4647,8.410090484638998e+35,3.3881258152466736e+36,8.411051682316596e+35,3.268040531192082e+28,10
res_day3.0,176.0,4.4343193947813096e+36,4.942257350378556e-05,C_III_4647,8.820090484638997e+35,3.552215415656524e+36,8.821039470600716e+35,3.206471382944635e+28,10
res_day3.0,177.0,4.6041729304751947e+36,4.97432635686108e-05,C_III_4647,9.159820098890998e+35,3.6880966084428665e+36,9.16076290291181e+35,3.174114806000293e+28,10
res_day3.0,178.0,4.749087079624262e+36,5.049098242403614e-05,C_III_4647,9.449820098890998e+35,3.8040109885897564e+36,9.450760593720244e+35,3.166248090406751e+28,10
res_day3.0,179.0,4.871971157586207e+36,5.149749825984841e-05,C_III_4647,9.695901107798498e+35,3.902288143759673e+36,9.696829828042156e+35,3.1022317989863255e+28,10
res_day3.0,180.0,4.979258360448742e+36,5.206657010087416e-05,C_III_4647,9.910901107798499e+35,3.988077209314976e+36,9.911811211136883e+35,3.0020077543097024e+28,10
res_day3.0,181.0,5.096704703300923e+36,5.264969450629749e-05,C_III_4647,1.0146396636975001e+36,4.0819760778007365e+36,1.0147285966191033e+36,2.8881082943949954e+28,10
res_day3.0,182.0,5.221334735014023e+36,5.334414016538042e-05,C_III_4647,1.0396396636975001e+36,4.181608360190392e+36,1.0397263470975613e+36,2.77260689713798e+28,10
res_day3.0,183.0,5.33127035590927e+36,5.433775005725502e-05,C_III_4647,1.061711730958e+36,4.269474918432859e+36,1.0617954113351311e+36,2.6141280232630543e+28,10
res_day3.0,184.0,5.430798075119955e+36,5.469420403441025e-05,C_III_4647,1.0817117309580001e+36,4.349006086451765e+36,1.0817919643380477e+36,2.4330142060639958e+28,10
res_day3.0,185.0,5.544868253686472e+36,5.5199171481937155e-05,C_III_4647,1.1046396636975e+36,4.440151289538439e+36,1.1047169412583088e+36,2.2889724617168835e+28,10
res_day3.0,186.0,5.669221300137325e+36,5.556030005843021e-05,C_III_4647,1.1296396636974999e+36,4.53950694596507e+36,1.1297143325452409e+36,2.1627015194046384e+28,10
res_day3.0,187.0,5.778923530990768e+36,5.583911978877326e-05,C_III_4647,1.1517117309580001e+36,4.627140193933928e+36,1.1517833169628375e+36,2.009400194402096e+28,10
res_day3.0,188.0,5.878249438451012e+36,5.576709370474452e-05,C_III_4647,1.171711730958e+36,4.70646941972232e+36,1.1717800002664629e+36,1.8462229625149593e+28,10
res_day3.0,189.0,5.977552400232731e+36,5.567403601236454e-05,C_III_4647,1.191711730958e+36,4.785775570511548e+36,1.1917768128043532e+36,1.6916829775390553e+28,10
res_day3.0,190.0,6.076831167821514e+36,5.527300718483848e-05,C_III_4647,1.211711730958e+36,4.8650573586938287e+36,1.2117737936641515e+36,1.5463534133603395e+28,10
res_day3.0,191.0,6.176156171571286e+36,5.5143467698704794e-05,C_III_4647,1.231711730958e+36,4.9443847221740594e+36,1.2317714350594498e+36,1.4337777568952265e+28,10
res_day3.0,192.0,6.27550938634313e+36,5.506243955466075e-05,C_III_4647,1.251711730958e+36,5.023739854635806e+36,1.2517695182367205e+36,1.3470604037258084e+28,10
res_day3.0,193.0,6.433528721686738e+36,5.5596295432598294e-05,C_III_4647,1.2834234619160001e+36,5.1500495640470165e+36,1.2834791451344644e+36,1.2505257344682972e+28,10
res_day3.0,194.0,6.633062277960701e+36,5.6651489083407234e-05,C_III_4647,1.3234234619160001e+36,5.309585320493644e+36,1.3234769459214502e+36,1.1545607600629416e+28,10
res_day3.0,195.0,6.905736135843241e+36,5.831692460707117e-05,C_III_4647,1.3780631256135e+36,5.527621809651968e+36,1.3781143155954544e+36,1.059581862494171e+28,10
res_day3.0,196.0,7.230163295513522e+36,6.056077026582674e-05,C_III_4647,1.443063125613499e+36,5.787051282371263e+36,1.4431120034406334e+36,9.701625921897369e+27,10
res_day3.0,197.0,7.539881552440088e+36,6.256376576911315e-05,C_III_4647,1.505135192874e+36,6.034699729949561e+36,1.505181813689075e+36,8.801452673143585e+27,10
res_day3.0,198.0,7.839180079651592e+36,6.460174789885114e-05,C_III_4647,1.565135192874e+36,6.274000475114692e+36,1.5651795965719502e+36,7.964950157912503e+27,10
res_day3.0,199.0,8.094532089439335e+36,6.633045949271913e-05,C_III_4647,1.6163513946555e+36,6.478138573858728e+36,1.6163935085218723e+36,7.058735655850505e+27,10
res_day3.0,200.0,8.318776080798689e+36,6.793431096214562e-05,C_III_4647,1.6613513946555e+36,6.657384844078542e+36,1.6613912305841512e+36,6.135994942873542e+27,10
res_day3.0,201.0,8.499101219760851e+36,6.90021182259401e-05,C_III_4647,1.6975675964370002e+36,6.801495623370932e+36,1.697605590981391e+36,5.408528317825209e+27,10
res_day3.0,202.0,8.648337291942422e+36,6.988947684447833e-05,C_III_4647,1.7275675964370002e+36,6.920733294143707e+36,1.7276039930160163e+36,4.7826987748542463e+27,10
res_day3.0,203.0,8.709749568185527e+36,7.012725442466648e-05,C_III_4647,1.7400000000000002e+36,6.969714683645946e+36,1.7400348803753782e+36,4.164202423646417e+27,10
res_day3.0,204.0,8.7090038312278e+36,6.953624034729254e-05,C_III_4647,1.7400000000000002e+36,6.968970305018089e+36,1.7400335226490244e+36,3.560686987164683e+27,10
res_day3.0,205.0,8.620453636266863e+36,6.780215860482263e-05,C_III_4647,1.7224324035630002e+36,6.897988888817535e+36,1.7224647444332592e+36,3.0160683387213546e+27,10
res_day3.0,206.0,8.469756959055397e+36,6.642581165254517e-05,C_III_4647,1.6924324035630002e+36,6.777293223509998e+36,1.6924637330398485e+36,2.5055512549078553e+27,10
res_day3.0,207.0,8.260542664882232e+36,6.440675289039672e-05,C_III_4647,1.650720672605001e+36,6.609791319220874e+36,1.650751343580087e+36,2.0812701986786452e+27,10
res_day3.0,208.0,8.009911599439501e+36,6.204211660355835e-05,C_III_4647,1.600720672605e+36,6.40916066264836e+36,1.600750935046981e+36,1.7441586030524633e+27,10
res_day3.0,209.0,7.730044929833414e+36,5.961624316014593e-05,C_III_4647,1.544864807126e+36,6.185150161401884e+36,1.5448947669600743e+36,1.4714565644421637e+27,10
res_day3.0,210.0,7.42948479869172e+36,5.707669769371304e-05,C_III_4647,1.484864807126e+36,5.944590207128243e+36,1.4848945903371168e+36,1.2263608641152862e+27,10
res_day3.0,211.0,7.14361226541543e+36,5.455359201579102e-05,C_III_4647,1.4277927398655e+36,5.715789799796574e+36,1.4278224645996273e+36,1.0192293886525641e+27,10
res_day3.0,212.0,6.868129639861452e+36,5.2006290936879084e-05,C_III_4647,1.3727927398655003e+36,5.495307143259482e+36,1.3728224957724688e+36,8.29501673698712e+26,10
res_day3.0,213.0,6.563410606832267e+36,4.9554337185329456e-05,C_III_4647,1.3119368743865001e+36,5.25144379381022e+36,1.3119668123286856e+36,6.933618110344508e+26,10
res_day3.0,214.0,6.237998367339396e+36,4.698704347955871e-05,C_III_4647,1.2469368743865001e+36,4.9910312499112783e+36,1.2469671168667114e+36,5.61405584630812e+26,10
res_day3.0,215.0,5.927268942566537e+36,4.462748620657371e-05,C_III_4647,1.1848648071260011e+36,4.7423735429794064e+36,1.1848953991163617e+36,4.707678855791754e+26,10
res_day3.0,216.0,5.626927775541669e+36,4.2372936907212294e-05,C_III_4647,1.124864807126e+36,4.502031963838582e+36,1.1248958113213532e+36,3.817332601332671e+26,10
res_day3.0,217.0,5.320763101225514e+36,4.008036304887356e-05,C_III_4647,1.0636936340302e+36,4.2570379642116894e+36,1.0637251366801873e+36,3.336368983998627e+26,10
res_day3.0,218.0,5.0104751947415275e+36,3.7776849708113074e-05,C_III_4647,1.0016936340302e+36,4.008749480176977e+36,1.001725714291365e+36,2.731853908028228e+26,10
res_day3.0,219.0,4.704612154589096e+36,3.5503035130993535e-05,C_III_4647,9.405720138520504e+35,3.764007407073341e+36,9.406047472755324e+35,2.4022267734749007e+26,10
res_day3.0,220.0,4.4018796730744684e+36,3.2936756215015355e-05,C_III_4647,8.800720138520503e+35,3.5217741992320555e+36,8.801054736281969e+35,2.1421592386450985e+26,10
res_day3.0,225.0,3.196367207404771e+36,2.439328333980939e-05,C_III_4647,6.391125717142503e+35,2.5572176121486257e+36,6.391495951303898e+35,1.2575555754860267e+26,10
res_day3.0,230.0,2.1642971768916015e+36,1.7110368803507143e-05,C_III_4647,4.327837448100503e+35,1.7314720207678257e+36,4.3282515601995834e+35,1.0381765154686543e+26,10
res_day3.0,235.0,1.217096125833773e+36,9.950805823387411e-06,C_III_4647,2.433828506453502e+35,9.736653470099968e+35,2.434307787381678e+35,8.560851667500214e+25,10
res_day3.0,240.0,5.002340312079365e+35,4.216738624811295e-06,C_III_4647,1.000252021777952e+35,4.001512060001588e+35,1.0008282515379276e+35,5.398493047829237e+25,10
res_day3.0,245.0,3.3900364986399813e+34,2.9408885905652007e-07,C_II_6580,8.432420653704085e+33,2.538908946214079e+34,8.511275503173603e+33,2.1085423480468454e+25,10
res_day3.0,250.0,2.4450418840418785e+34,2.1773945325540443e-07,C_II_6580,6.084235153244494e+33,1.8285610654991639e+34,6.164808169633675e+33,1.5793468315501638e+25,10
res_day3.0,255.0,4.707804478029819e+34,4.251039588372828e-07,C_II_6580,1.1687837982185e+34,3.5314057433816766e+34,1.17639873156197e+34,3.0861715383655345e+25,10
res_day3.0,260.0,3.1802290219494683e+34,2.955931027250438e-07,C_II_6580,7.91369224541051e+33,2.381020508763345e+34,7.992085110188932e+33,2.167229798355095e+25,10
res_day3.0,265.0,6.559477765346635e+33,6.264988635762367e-08,C_II_6580,1.618063125613499e+33,4.855227157560635e+33,1.7042506015664315e+33,6.219568384479398e+24,10
res_day3.0,270.0,7.163506564490105e+34,2.132865104572943e-06,C_II_6580,1.770450820941498e+34,5.387583725286388e+34,1.7759228361271777e+34,3.076539534772324e+25,10
res_day3.0,275.0,1.5804454642997837e+34,4.5240214455856756e-07,C_II_6580,3.932884239046744e+33,1.1806702203567953e+34,3.997752427493757e+33,1.1936125014730565e+25,10
res_day3.0,280.0,2.8575071436660026e+35,7.919839264178626e-06,C_III_4647,5.714078627963182e+34,2.285631456341272e+35,5.718756868761571e+34,4.48573598708616e+25,10
res_day3.0,285.0,8.007822597329186e+33,2.1349141573635093e-07,C_II_6580,1.9841893768404992e+33,5.954047570838686e+33,2.053775018153977e+33,8.336523081714928e+24,10
res_day3.0,290.0,6.76412310116383e+34,1.7317571560819236e-06,C_II_6580,1.6739738693688443e+34,5.084272371456229e+34,1.6798507267806207e+34,2.9269812244358006e+25,10
res_day3.0,295.0,1.3086658434563996e+34,3.254037861274657e-07,C_II_6580,3.2533329772770033e+33,9.764380916961246e+33,3.322277508272353e+33,9.330397794113041e+24,10
res_day3.0,300.0,8.6968878478335e+33,2.0785549685462017e-07,C_II_6580,2.1559458160335012e+33,6.469485913934192e+33,2.227401928491254e+33,5.408053549644658e+24,10
res_day3.0,305.0,7.062200927434701e+33,1.6358805162252477e-07,C_II_6580,1.7470720672605002e+33,5.242233397791657e+33,1.8199675222453863e+33,7.397658996947336e+24,10
res_day3.0,310.0,9.067963176923811e+33,2.0530781666547683e-07,C_II_6580,2.248468704235498e+33,6.747119475570418e+33,2.320843692384101e+33,8.969292215891212e+24,10
res_day3.0,315.0,5.197496597059651e+34,1.1511963629062183e-06,C_II_6580,1.2916761780037962e+34,3.8994227514353038e+34,1.2980738434813993e+34,2.1429479285147713e+25,10
res_day3.0,320.0,2.760527721463999e+35,6.044991907001705e-06,C_III_4647,5.520001068168994e+34,2.2080004273039792e+35,5.525272936972516e+34,4.627682452709795e+25,10
res_day3.0,325.0,4.5313371390509774e+35,9.781827310218284e-06,C_III_4647,9.061708526451023e+34,3.624683410615686e+35,9.066537279168933e+34,5.1839790770831515e+25,10
res_day3.0,330.0,1.9942488362469903e+37,0.00043043592015558016,C_III_4647,3.988495818654662e+36,1.5953983274621634e+37,3.988505087714317e+36,1.3395303527308815e+26,9
res_day3.0,335.0,1.8490648628514652e+36,3.982895806712892e-05,C_III_4647,3.6980631256135004e+35,1.479225250248232e+36,3.698396125305626e+35,7.2670693872229285e+25,10
res_day3.0,340.0,1.7345387540896753e+36,3.716981510476361e-05,C_III_4647,3.469008941647e+35,1.3876035766615592e+36,3.4693517735308215e+35,7.5034064823425935e+25,10
res_day3.0,345.0,1.6085714467557984e+36,3.4352560722617324e-05,C_III_4647,3.2170720672605002e+35,1.2868288269068839e+36,3.2174261977395342e+35,7.4961103527561495e+25,10
res_day3.0,350.0,1.7174223148218067e+36,3.668692139765555e-05,C_III_4647,3.434774856571499e+35,1.3739099426312017e+36,3.4351237210416e+35,8.644499278347531e+25,10
