  days post max Lbol                     20.0
               zones                      400
 inner boundary mass    3.023102807834229E+33    1.520362000000000E+00
          total mass    2.495877919028512E+34    1.255213000000000E+01

                                  mass of cell (g)        cell center m (g)       cell center R (cm)     cell center v (cm/s)              avg density       radiation pressure          avg temperature    radiation temperature              avg opacity                      tau         outer edge m (g)        outer edge r (cm)                       h1                      he3                      he4                      c12                      n14                      o16                     ne20                     na23                     mg24                     si28                      s32                     ar36                     ca40                     ti44                     cr48                     cr60                     fe52                     fe54                     fe56                     co56                     ni56               luminosity                    n_bar                      n_e

                        1    2.567772854723341E+29    3.023102807834229E+33    5.685902055067378E+13    1.266594673872025E+07    3.330445075393031E-13    3.420396226933400E+03    3.410165262047925E+04    3.410165262047925E+04    2.194000000000000E-01    1.304579908771891E+03    3.023374225781580E+33    6.032407214156816E+13    1.059326000000000E-01    0.000000000000000E+00    5.197752000000000E-01    4.308326000000000E-02    1.904105000000000E-03    1.186507000000000E-01    1.032776000000000E-02    9.650178000000000E-05    2.542132000000000E-03    6.332743000000000E-02    6.143272000000000E-02    1.652093000000000E-02    2.237138000000000E-02    0.000000000000000E+00    0.000000000000000E+00    0.000000000000000E+00    0.000000000000000E+00    0.000000000000000E+00    1.804972000000000E-02    0.000000000000000E+00    1.574867000000000E-02    2.436745657916500E+39    2.009447832103000E+11    8.662919592836499E+10
                        2    5.409916445454953E+29    3.023645643728930E+33    6.378912373246254E+13    1.397594673872025E+07    1.699738433477448E-12    3.430207386212395E+03    3.404517072303211E+04    3.412365294695146E+04    1.890268261908700E-01    1.302354942224723E+03    3.023915073266409E+33    6.551379287706046E+13    1.059326000000000E-01    0.000000000000000E+00    5.197752000000000E-01    4.308326000000000E-02    1.904105000000000E-03    1.186507000000000E-01    1.032776000000000E-02    9.650178000000000E-05    2.542132000000000E-03    6.332743000000000E-02    6.143272000000000E-02    1.652093000000000E-02    2.237138000000000E-02    0.000000000000000E+00    0.000000000000000E+00    0.000000000000000E+00    0.000000000000000E+00    0.000000000000000E+00    1.804972000000000E-02    0.000000000000000E+00    1.574867000000000E-02    3.345660877222000E+39    1.022426090238000E+12    4.388619580257499E+11
                        3    5.405364975260925E+29    3.024184502803889E+33    6.723846202165839E+13    1.469959565162700E+07    2.899893807267631E-12    3.430207386212395E+03    3.412365294695146E+04    3.412365294695146E+04    1.833349131583300E-01    1.300522390688716E+03    3.024454926546304E+33    6.841543914297477E+13    1.059326000000000E-01    0.000000000000000E+00    5.197752000000000E-01    4.308325000000000E-02    1.904105000000000E-03    1.186507000000000E-01    1.032775000000000E-02    9.650178000000000E-05    2.542132000000000E-03    6.332743000000000E-02    6.143272000000000E-02    1.652093000000000E-02    2.237137000000000E-02    0.000000000000000E+00    0.000000000000000E+00    0.000000000000000E+00    0.000000000000000E+00    0.000000000000000E+00    1.804972000000000E-02    0.000000000000000E+00    1.574867000000000E-02    3.863767399781499E+39    1.746745657916500E+12    7.466706547717499E+11
                        4    5.407438886756064E+29    3.024725350288719E+33    6.959241626429114E+13    1.519324456453375E+07    3.902852106173864E-12    3.430207386212395E+03    3.412365294695146E+04    3.412365294695146E+04    1.800430001257900E-01    1.298869310272143E+03    3.024987820391651E+33    7.047429014644644E+13    1.062548000000000E-01    0.000000000000000E+00    5.200049000000000E-01    4.306072000000000E-02    1.907040000000000E-03    1.184681000000000E-01    1.032481000000000E-02    9.665051000000000E-05    2.542898000000000E-03    6.321188000000000E-02    6.132053000000000E-02    1.649074000000000E-02    2.233045000000000E-02    0.000000000000000E+00    0.000000000000000E+00    0.000000000000000E+00    0.000000000000000E+00    0.000000000000000E+00    1.801591000000000E-02    0.000000000000000E+00    1.573361000000000E-02    4.281873922341000E+39    2.345660877222000E+12    1.005128264424500E+12
                        5    5.249755995599837E+29    3.025250290494583E+33    7.135616402860175E+13    1.560689347744050E+07    4.765279123900813E-12    3.430207386212395E+03    3.412365294695146E+04    3.412365294695146E+04    1.778700218676550E-01    1.297375190729639E+03    3.025551534589994E+33    7.217934632696812E+13    1.095406000000000E-01    0.000000000000000E+00    5.223472000000000E-01    4.283084000000000E-02    1.936973000000000E-03    1.166060000000000E-01    1.029482000000000E-02    9.816758000000001E-05    2.550712000000000E-03    6.203334000000000E-02    6.017623000000000E-02    1.618274000000000E-02    2.191299999999999E-02    0.000000000000000E+00    0.000000000000000E+00    0.000000000000000E+00    0.000000000000000E+00    0.000000000000000E+00    1.767108000000000E-02    0.000000000000000E+00    1.558001000000000E-02    4.627278270714000E+39    2.871873922341000E+12    1.233234786984000E+12
                        6    6.024112393595133E+29    3.025852778685404E+33    7.300252862533450E+13    1.600689347744050E+07    5.606299858060829E-12    3.430207386212395E+03    3.410165262047925E+04    3.412365294695146E+04    1.761240653513850E-01    1.295750581548955E+03    3.026208704052259E+33    7.380012611721570E+13    1.095412000000000E-01    0.000000000000000E+00    5.223477000000000E-01    4.283080000000000E-02    1.936979000000000E-03    1.166057000000000E-01    1.029482000000000E-02    9.816786000000000E-05    2.550713000000000E-03    6.203312000000000E-02    6.017602000000000E-02    1.618268000000000E-02    2.191292000000000E-02    0.000000000000000E+00    0.000000000000000E+00    0.000000000000000E+00    0.000000000000000E+00    0.000000000000000E+00    1.767102000000000E-02    0.000000000000000E+00    1.557999000000000E-02    4.945384793273500E+39    3.373491315833000E+12    1.451341309543500E+12
                        7    7.120571306544805E+29    3.026564629419114E+33    7.459772360909692E+13    1.635689347744050E+07    6.492053565933466E-12    3.430207386212395E+03    3.410165262047925E+04    3.412365294695146E+04    1.744781088351150E-01    1.293944670140242E+03    3.026934473655064E+33    7.527664275426025E+13    1.095412000000000E-01    0.000000000000000E+00    5.223477000000000E-01    4.283080000000000E-02    1.936979000000000E-03    1.166057000000000E-01    1.029482000000000E-02    9.816786000000000E-05    2.550713000000000E-03    6.203312000000000E-02    6.017602000000000E-02    1.618268000000000E-02    2.191292000000000E-02    0.000000000000000E+00    0.000000000000000E+00    0.000000000000000E+00    0.000000000000000E+00    0.000000000000000E+00    1.767102000000000E-02    0.000000000000000E+00    1.557999000000000E-02    5.288086967460000E+39    3.907002186765499E+12    1.679447832103000E+12
                        8    7.380060783080772E+29    3.027304317891014E+33    7.595556189942358E+13    1.660689347744050E+07    7.517758049128963E-12    3.430207386212395E+03    3.410165262047925E+04    3.412365294695146E+04    1.728321523188450E-01    1.292181235006851E+03    3.027574741633429E+33    7.638770939811656E+13    1.095412000000000E-01    0.000000000000000E+00    5.223477000000000E-01    4.283080000000000E-02    1.936979000000000E-03    1.166057000000000E-01    1.029482000000000E-02    9.816786000000000E-05    2.550713000000000E-03    6.203312000000000E-02    6.017602000000000E-02    1.618268000000000E-02    2.191292000000000E-02    0.000000000000000E+00    0.000000000000000E+00    0.000000000000000E+00    0.000000000000000E+00    0.000000000000000E+00    1.767102000000000E-02    0.000000000000000E+00    1.557999000000000E-02    5.616193490019500E+39    4.525917406071000E+12    1.944852180476000E+12
                        9    5.413913149295057E+29    3.027845165375844E+33    7.681985689680953E+13    1.677689347744050E+07    8.376996699009627E-12    3.420396226933400E+03    3.404517072303211E+04    3.410165262047925E+04    1.733591740607100E-01    1.290926625158868E+03    3.028055936822138E+33    7.713336880912041E+13    1.095412000000000E-01    0.000000000000000E+00    5.223477000000000E-01    4.283080000000000E-02    1.936979000000000E-03    1.166057000000000E-01    1.029482000000000E-02    9.816786000000000E-05    2.550713000000000E-03    6.203312000000000E-02    6.017602000000000E-02    1.618268000000000E-02    2.191292000000000E-02    0.000000000000000E+00    0.000000000000000E+00    0.000000000000000E+00    0.000000000000000E+00    0.000000000000000E+00    1.767102000000000E-02    0.000000000000000E+00    1.557999000000000E-02    5.838895664205999E+39    5.042130451190000E+12    2.162958703035500E+12
                       10    4.211754344438817E+29    3.028266708268432E+33    7.744688072143128E+13    1.693054239034725E+07    8.905869411186718E-12    3.420396226933400E+03    3.404517072303211E+04    3.410165262047925E+04    1.726591740607100E-01    1.289962968949294E+03    3.028483444944338E+33    7.774870090563544E+13    1.095412000000000E-01    0.000000000000000E+00    5.223477000000000E-01    4.283080000000000E-02    1.936979000000000E-03    1.166057000000000E-01    1.029482000000000E-02    9.816786000000000E-05    2.550713000000000E-03    6.203312000000000E-02    6.017602000000000E-02    1.618268000000000E-02    2.191292000000000E-02    0.000000000000000E+00    0.000000000000000E+00    0.000000000000000E+00    0.000000000000000E+00    0.000000000000000E+00    1.767102000000000E-02    0.000000000000000E+00    1.557999000000000E-02    5.994300012578999E+39    5.365641322122500E+12    2.301065225595000E+12
                       11    4.339092112558320E+29    3.028700181620244E+33    7.805052108983959E+13    1.708419130325400E+07    9.347087811077345E-12    3.420396226933400E+03    3.404517072303211E+04    3.410165262047925E+04    1.722402392863050E-01    1.288991689864654E+03    3.028915924091215E+33    7.833205150824561E+13    1.095412000000000E-01    0.000000000000000E+00    5.223477000000000E-01    4.283080000000000E-02    1.936979000000000E-03    1.166057000000000E-01    1.029482000000000E-02    9.816786000000000E-05    2.550713000000000E-03    6.203312000000000E-02    6.017602000000000E-02    1.618268000000000E-02    2.191292000000000E-02    0.000000000000000E+00    0.000000000000000E+00    0.000000000000000E+00    0.000000000000000E+00    0.000000000000000E+00    1.767102000000000E-02    0.000000000000000E+00    1.557999000000000E-02    6.144300012578999E+39    5.629152193054999E+12    2.406469573968000E+12
                       12    4.308122628822198E+29    3.029131666562185E+33    7.861358192665162E+13    1.722919130325400E+07    9.794246480495587E-12    3.420396226933400E+03    3.404517072303211E+04    3.410165262047925E+04    1.719834349630900E-01    1.288043759807572E+03    3.029347409033157E+33    7.887988570143222E+13    1.095412000000000E-01    0.000000000000000E+00    5.223477000000000E-01    4.283080000000000E-02    1.936979000000000E-03    1.166057000000000E-01    1.029482000000000E-02    9.816786000000000E-05    2.550713000000000E-03    6.203312000000000E-02    6.017602000000000E-02    1.618268000000000E-02    2.191292000000000E-02    0.000000000000000E+00    0.000000000000000E+00    0.000000000000000E+00    0.000000000000000E+00    0.000000000000000E+00    1.767102000000000E-02    0.000000000000000E+00    1.557999000000000E-02    6.277002186765499E+39    5.889960889800999E+12    2.521873922341000E+12
                       13    4.318907763960864E+29    3.029563151504127E+33    7.914618947621280E+13    1.736919130325400E+07    1.021565492756813E-11    3.420396226933400E+03    3.404517072303211E+04    3.410165262047925E+04    1.717266306398750E-01    1.287109861824752E+03    3.029779888180033E+33    7.940042814620428E+13    1.095412000000000E-01    0.000000000000000E+00    5.223477000000000E-01    4.283080000000000E-02    1.936979000000000E-03    1.166057000000000E-01    1.029482000000000E-02    9.816786000000000E-05    2.550713000000000E-03    6.203312000000000E-02    6.017602000000000E-02    1.618268000000000E-02    2.191292000000000E-02    0.000000000000000E+00    0.000000000000000E+00    0.000000000000000E+00    0.000000000000000E+00    0.000000000000000E+00    1.767102000000000E-02    0.000000000000000E+00    1.557999000000000E-02    6.407002186765500E+39    6.150769586546999E+12    2.634576096527500E+12
                       14    4.348497291246722E+29    3.029996624855940E+33    7.965466681619575E+13    1.750419130325400E+07    1.062346556632910E-11    3.398759055866354E+03    3.404517072303211E+04    3.404517072303211E+04    1.718076958654700E-01    1.286182224140437E+03    3.030214355736781E+33    7.989719907619856E+13    1.095412000000000E-01    0.000000000000000E+00    5.223477000000000E-01    4.283080000000000E-02    1.936979000000000E-03    1.166057000000000E-01    1.029482000000000E-02    9.816786000000000E-05    2.550713000000000E-03    6.203312000000000E-02    6.017602000000000E-02    1.618268000000000E-02    2.191292000000000E-02    0.000000000000000E+00    0.000000000000000E+00    0.000000000000000E+00    0.000000000000000E+00    0.000000000000000E+00    1.767102000000000E-02    0.000000000000000E+00    1.557999000000000E-02    6.529704360951999E+39    6.398876109106498E+12    2.739980444900500E+12
                       15    4.353977348850366E+29    3.030432086617623E+33    8.013973133620141E+13    1.763284021616075E+07    1.102214739953064E-11    3.398759055866354E+03    3.404517072303211E+04    3.404517072303211E+04    1.721806741236050E-01    1.285262107453668E+03    3.030649817498464E+33    8.037206714336838E+13    1.095412000000000E-01    0.000000000000000E+00    5.223477000000000E-01    4.283080000000000E-02    1.936979000000000E-03    1.166057000000000E-01    1.029482000000000E-02    9.816786000000000E-05    2.550713000000000E-03    6.203312000000000E-02    6.017602000000000E-02    1.618268000000000E-02    2.191292000000000E-02    0.000000000000000E+00    0.000000000000000E+00    0.000000000000000E+00    0.000000000000000E+00    0.000000000000000E+00    1.767102000000000E-02    0.000000000000000E+00    1.557999000000000E-02    6.649704360951999E+39    6.636982631665999E+12    2.835384793273500E+12
                       16    4.353227718329113E+29    3.030867548379305E+33    8.060440295053536E+13    1.775784021616075E+07    1.138324844284860E-11    3.398759055866354E+03    3.404517072303211E+04    3.404517072303211E+04    1.724076958654700E-01    1.284350603314653E+03    3.031087267670017E+33    8.082966096942341E+13    1.095412000000000E-01    0.000000000000000E+00    5.223477000000000E-01    4.283080000000000E-02    1.936979000000000E-03    1.166057000000000E-01    1.029482000000000E-02    9.816786000000000E-05    2.550713000000000E-03    6.203312000000000E-02    6.017602000000000E-02    1.618268000000000E-02    2.191292000000000E-02    0.000000000000000E+00    0.000000000000000E+00    0.000000000000000E+00    0.000000000000000E+00    0.000000000000000E+00    1.767102000000000E-02    0.000000000000000E+00    1.557999000000000E-02    6.762406535138499E+39    6.857791328411999E+12    2.928086967460000E+12
                       17    4.387722652765982E+29    3.031306986960730E+33    8.105491898831147E+13    1.787919130325400E+07    1.172914120104983E-11    3.398759055866354E+03    3.404517072303211E+04    3.404517072303211E+04    1.726806741236050E-01    1.283438616170257E+03    3.031527700456377E+33    8.127334542330831E+13    1.095412000000000E-01    0.000000000000000E+00    5.223477000000000E-01    4.283080000000000E-02    1.936979000000000E-03    1.166057000000000E-01    1.029482000000000E-02    9.816786000000000E-05    2.550713000000000E-03    6.203312000000000E-02    6.017602000000000E-02    1.618268000000000E-02    2.191292000000000E-02    0.000000000000000E+00    0.000000000000000E+00    0.000000000000000E+00    0.000000000000000E+00    0.000000000000000E+00    1.767102000000000E-02    0.000000000000000E+00    1.557999000000000E-02    6.875108709325000E+39    7.065897850971499E+12    3.020789141646500E+12
                       18    4.418169184706111E+29    3.031748413952025E+33    8.149177185830517E+13    1.800919130325400E+07    1.203820900524465E-11    3.398759055866354E+03    3.402322099590667E+04    3.404517072303211E+04    1.729076958654700E-01    1.282529801381299E+03    3.032003924620409E+33    8.173658599481816E+13    1.095412000000000E-01    0.000000000000000E+00    5.223477000000000E-01    4.283080000000000E-02    1.936979000000000E-03    1.166057000000000E-01    1.029482000000000E-02    9.816786000000000E-05    2.550713000000000E-03    6.203312000000000E-02    6.017602000000000E-02    1.618268000000000E-02    2.191292000000000E-02    0.000000000000000E+00    0.000000000000000E+00    0.000000000000000E+00    0.000000000000000E+00    0.000000000000000E+00    1.767102000000000E-02    0.000000000000000E+00    1.557999000000000E-02    6.985108709325000E+39    7.254004373530998E+12    3.096193490019500E+12
                       19    5.111157862382570E+29    3.032259435288793E+33    8.198140013133112E+13    1.815284021616075E+07    1.237547505764438E-11    3.398759055866354E+03    3.402322099590667E+04    3.404517072303211E+04    1.731076958654700E-01    1.281481452177699E+03    3.032547754720045E+33    8.224536612026998E+13    1.095412000000000E-01    0.000000000000000E+00    5.223477000000000E-01    4.283080000000000E-02    1.936979000000000E-03    1.166057000000000E-01    1.029482000000000E-02    9.816786000000000E-05    2.550713000000000E-03    6.203312000000000E-02    6.017602000000000E-02    1.618268000000000E-02    2.191292000000000E-02    0.000000000000000E+00    0.000000000000000E+00    0.000000000000000E+00    0.000000000000000E+00    0.000000000000000E+00    1.767102000000000E-02    0.000000000000000E+00    1.557999000000000E-02    7.107810883511500E+39    7.449408721903999E+12    3.178895664205999E+12
                       20    5.755046735121885E+29    3.032836074151296E+33    8.250933210920888E+13    1.830013804197425E+07    1.275151773326817E-11    3.398759055866354E+03    3.402322099590667E+04    3.404517072303211E+04    1.733076958654700E-01    1.280315406921763E+03    3.033122405172677E+33    8.276238760743525E+13    1.095412000000000E-01    0.000000000000000E+00    5.223477000000000E-01    4.283080000000000E-02    1.936979000000000E-03    1.166057000000000E-01    1.029482000000000E-02    9.816786000000000E-05    2.550713000000000E-03    6.203312000000000E-02    6.017602000000000E-02    1.618268000000000E-02    2.191292000000000E-02    0.000000000000000E+00    0.000000000000000E+00    0.000000000000000E+00    0.000000000000000E+00    0.000000000000000E+00    1.767102000000000E-02    0.000000000000000E+00    1.557999000000000E-02    7.247810883511500E+39    7.670217418649999E+12    3.274300012579000E+12
                       21    5.737739615607328E+29    3.033408736194057E+33    8.301544310566164E+13    1.844013804197425E+07    1.310876805564844E-11    3.398759055866354E+03    3.402322099590667E+04    3.404517072303211E+04    1.735806741236050E-01    1.279164432458590E+03    3.033697055625308E+33    8.326070951497133E+13    1.095412000000000E-01    0.000000000000000E+00    5.223477000000000E-01    4.283080000000000E-02    1.936979000000000E-03    1.166057000000000E-01    1.029482000000000E-02    9.816786000000000E-05    2.550713000000000E-03    6.203312000000000E-02    6.017602000000000E-02    1.618268000000000E-02    2.191292000000000E-02    0.000000000000000E+00    0.000000000000000E+00    0.000000000000000E+00    0.000000000000000E+00    0.000000000000000E+00    1.767102000000000E-02    0.000000000000000E+00    1.557999000000000E-02    7.377810883511499E+39    7.895621767022998E+12    3.367002186765500E+12
                       22    5.757788752333577E+29    3.033985375056560E+33    8.350597592428100E+13    1.857513804197425E+07    1.343588303784462E-11    3.389037845836296E+03    3.402322099590667E+04    3.402322099590667E+04    1.737806741236050E-01    1.278019720737087E+03    3.034273694487811E+33    8.374328193114427E+13    1.095412000000000E-01    0.000000000000000E+00    5.223477000000000E-01    4.283080000000000E-02    1.936979000000000E-03    1.166057000000000E-01    1.029482000000000E-02    9.816786000000000E-05    2.550713000000000E-03    6.203312000000000E-02    6.017602000000000E-02    1.618268000000000E-02    2.191292000000000E-02    0.000000000000000E+00    0.000000000000000E+00    0.000000000000000E+00    0.000000000000000E+00    0.000000000000000E+00    1.767102000000000E-02    0.000000000000000E+00    1.557999000000000E-02    7.510513057697999E+39    8.083728289582498E+12    3.449704360952000E+12
                       23    5.761829201190834E+29    3.034562013919062E+33    8.398058793800753E+13    1.870513804197425E+07    1.372656526084715E-11    3.389037845836296E+03    3.396686900321889E+04    3.402322099590667E+04    1.739076958654700E-01    1.276887367093500E+03    3.034850333350313E+33    8.421093027531469E+13    1.095412000000000E-01    0.000000000000000E+00    5.223477000000000E-01    4.283080000000000E-02    1.936979000000000E-03    1.166057000000000E-01    1.029482000000000E-02    9.816786000000000E-05    2.550713000000000E-03    6.203312000000000E-02    6.017602000000000E-02    1.618268000000000E-02    2.191292000000000E-02    0.000000000000000E+00    0.000000000000000E+00    0.000000000000000E+00    0.000000000000000E+00    0.000000000000000E+00    1.767102000000000E-02    0.000000000000000E+00    1.557999000000000E-02    7.633215231884500E+39    8.261834812141999E+12    3.522406535138499E+12
                       24    5.775960830141887E+29    3.035138652781565E+33    8.444127261262188E+13    1.883013804197425E+07    1.401399245048907E-11    3.389037845836296E+03    3.396686900321889E+04    3.402322099590667E+04    1.740806741236050E-01    1.275764100651255E+03    3.035428960622687E+33    8.466516302413125E+13    1.095412000000000E-01    0.000000000000000E+00    5.223477000000000E-01    4.283080000000000E-02    1.936979000000000E-03    1.166057000000000E-01    1.029482000000000E-02    9.816786000000000E-05    2.550713000000000E-03    6.203312000000000E-02    6.017602000000000E-02    1.618268000000000E-02    2.191292000000000E-02    0.000000000000000E+00    0.000000000000000E+00    0.000000000000000E+00    0.000000000000000E+00    0.000000000000000E+00    1.767102000000000E-02    0.000000000000000E+00    1.557999000000000E-02    7.763215231884499E+39    8.444536986328499E+12    3.597810883511499E+12
                       25    5.809885090945867E+29    3.035719268463809E+33    8.488905343564059E+13    1.895013804197425E+07    1.434042026846086E-11    3.389037845836296E+03    3.396686900321889E+04    3.402322099590667E+04    1.742806741236050E-01    1.274645549225730E+03    3.036009576304930E+33    8.510464158914258E+13    1.095412000000000E-01    0.000000000000000E+00    5.223477000000000E-01    4.283080000000000E-02    1.936979000000000E-03    1.166057000000000E-01    1.029482000000000E-02    9.816786000000000E-05    2.550713000000000E-03    6.203312000000000E-02    6.017602000000000E-02    1.618268000000000E-02    2.191292000000000E-02    0.000000000000000E+00    0.000000000000000E+00    0.000000000000000E+00    0.000000000000000E+00    0.000000000000000E+00    1.767102000000000E-02    0.000000000000000E+00    1.557999000000000E-02    7.893215231884500E+39    8.639941334701498E+12    3.677810883511500E+12
                       26    5.796379811104085E+29    3.036299884146052E+33    8.532022974264456E+13    1.906148912906750E+07    1.467445156707689E-11    3.389037845836296E+03    3.396686900321889E+04    3.402322099590667E+04    1.744076958654700E-01    1.273542551214708E+03    3.036586215167433E+33    8.552685319579672E+13    1.095412000000000E-01    0.000000000000000E+00    5.223477000000000E-01    4.283080000000000E-02    1.936979000000000E-03    1.166057000000000E-01    1.029482000000000E-02    9.816786000000000E-05    2.550713000000000E-03    6.203312000000000E-02    6.017602000000000E-02    1.618268000000000E-02    2.191292000000000E-02    0.000000000000000E+00    0.000000000000000E+00    0.000000000000000E+00    0.000000000000000E+00    0.000000000000000E+00    1.767102000000000E-02    0.000000000000000E+00    1.557999000000000E-02    8.015917406070999E+39    8.845345683074498E+12    3.763215231884500E+12
                       27    5.733812506112701E+29    3.036872546188813E+33    8.573347664894888E+13    1.917148912906750E+07    1.500604396644687E-11    3.367599045545975E+03    3.396686900321889E+04    3.396686900321889E+04    1.745806741236050E-01    1.272460457538594E+03    3.037158877210194E+33    8.593418422493684E+13    1.095412000000000E-01    0.000000000000000E+00    5.223477000000000E-01    4.283080000000000E-02    1.936979000000000E-03    1.166057000000000E-01    1.029482000000000E-02    9.816786000000000E-05    2.550713000000000E-03    6.203312000000000E-02    6.017602000000000E-02    1.618268000000000E-02    2.191292000000000E-02    0.000000000000000E+00    0.000000000000000E+00    0.000000000000000E+00    0.000000000000000E+00    0.000000000000000E+00    1.767102000000000E-02    0.000000000000000E+00    1.557999000000000E-02    8.145917406071000E+39    9.043452205634000E+12    3.853215231884499E+12
                       28    5.733744900177096E+29    3.037445208231574E+33    8.613489180092481E+13    1.927648912906750E+07    1.535557963272199E-11    3.367599045545975E+03    3.396686900321889E+04    3.396686900321889E+04    1.747806741236050E-01    1.271383630889758E+03    3.037734521867761E+33    8.633116825172531E+13    1.095412000000000E-01    0.000000000000000E+00    5.223477000000000E-01    4.283080000000000E-02    1.936979000000000E-03    1.166057000000000E-01    1.029482000000000E-02    9.816786000000000E-05    2.550713000000000E-03    6.203312000000000E-02    6.017602000000000E-02    1.618268000000000E-02    2.191292000000000E-02    0.000000000000000E+00    0.000000000000000E+00    0.000000000000000E+00    0.000000000000000E+00    0.000000000000000E+00    1.767102000000000E-02    0.000000000000000E+00    1.557999000000000E-02    8.268619580257499E+39    9.238856554007000E+12    3.928619580257499E+12
                       29    5.771687737329757E+29    3.038023835503947E+33    8.652744470252581E+13    1.938013804197425E+07    1.567711754226334E-11    3.367599045545975E+03    3.394496975906497E+04    3.396686900321889E+04    1.748806741236050E-01    1.270307901515147E+03    3.038312154935199E+33    8.671828418296380E+13    1.095412000000000E-01    0.000000000000000E+00    5.223477000000000E-01    4.283080000000000E-02    1.936979000000000E-03    1.166057000000000E-01    1.029482000000000E-02    9.816786000000000E-05    2.550713000000000E-03    6.203312000000000E-02    6.017602000000000E-02    1.618268000000000E-02    2.191292000000000E-02    0.000000000000000E+00    0.000000000000000E+00    0.000000000000000E+00    0.000000000000000E+00    0.000000000000000E+00    1.767102000000000E-02    0.000000000000000E+00    1.557999000000000E-02    8.391321754443999E+39    9.431558728193498E+12    4.011321754443999E+12
                       30    5.775425947886668E+29    3.038600474366450E+33    8.690912366340178E+13    1.948378695488100E+07    1.600538828962296E-11    3.367599045545975E+03    3.394496975906497E+04    3.396686900321889E+04    1.750806741236050E-01    1.269238856989358E+03    3.038888793797701E+33    8.709468976009141E+13    1.095412000000000E-01    0.000000000000000E+00    5.223477000000000E-01    4.283080000000000E-02    1.936979000000000E-03    1.166057000000000E-01    1.029482000000000E-02    9.816786000000000E-05    2.550713000000000E-03    6.203312000000000E-02    6.017602000000000E-02    1.618268000000000E-02    2.191292000000000E-02    0.000000000000000E+00    0.000000000000000E+00    0.000000000000000E+00    0.000000000000000E+00    0.000000000000000E+00    1.767102000000000E-02    0.000000000000000E+00    1.557999000000000E-02    8.511321754443999E+39    9.624260902379998E+12    4.094023928630500E+12
                       31    5.765024575853047E+29    3.039177113228952E+33    8.728025585678103E+13    1.958378695488100E+07    1.630295067427217E-11    3.367599045545975E+03    3.394496975906497E+04    3.396686900321889E+04    1.751806741236050E-01    1.268179436719309E+03    3.039467421070074E+33    8.746264599620472E+13    1.095412000000000E-01    0.000000000000000E+00    5.223477000000000E-01    4.283080000000000E-02    1.936979000000000E-03    1.166057000000000E-01    1.029482000000000E-02    9.816786000000000E-05    2.550713000000000E-03    6.203312000000000E-02    6.017602000000000E-02    1.618268000000000E-02    2.191292000000000E-02    0.000000000000000E+00    0.000000000000000E+00    0.000000000000000E+00    0.000000000000000E+00    0.000000000000000E+00    1.767102000000000E-02    0.000000000000000E+00    1.557999000000000E-02    8.634023928630498E+39    9.802367424939498E+12    4.169428277003500E+12
                       32    5.809354185510390E+29    3.039757728911196E+33    8.764503613562844E+13    1.968378695488100E+07    1.656785231266450E-11    3.367599045545975E+03    3.394496975906497E+04    3.396686900321889E+04    1.752806741236050E-01    1.267120634512717E+03    3.040052013572059E+33    8.782509186972172E+13    1.095412000000000E-01    0.000000000000000E+00    5.223477000000000E-01    4.283080000000000E-02    1.936979000000000E-03    1.166057000000000E-01    1.029482000000000E-02    9.816786000000000E-05    2.550713000000000E-03    6.203312000000000E-02    6.017602000000000E-02    1.618268000000000E-02    2.191292000000000E-02    0.000000000000000E+00    0.000000000000000E+00    0.000000000000000E+00    0.000000000000000E+00    0.000000000000000E+00    1.767102000000000E-02    0.000000000000000E+00    1.557999000000000E-02    8.754023928630499E+39    9.973176121685500E+12    4.242130451189999E+12
                       33    5.870563406560088E+29    3.040346298232923E+33    8.800514760381505E+13    1.977878695488100E+07    1.684852471021994E-11    3.357966960105189E+03    3.394496975906497E+04    3.394496975906497E+04    1.754806741236050E-01    1.266056493262466E+03    3.040634617664174E+33    8.817907383805084E+13    1.095412000000000E-01    0.000000000000000E+00    5.223477000000000E-01    4.283080000000000E-02    1.936979000000000E-03    1.166057000000000E-01    1.029482000000000E-02    9.816786000000000E-05    2.550713000000000E-03    6.203312000000000E-02    6.017602000000000E-02    1.618268000000000E-02    2.191292000000000E-02    0.000000000000000E+00    0.000000000000000E+00    0.000000000000000E+00    0.000000000000000E+00    0.000000000000000E+00    1.767102000000000E-02    0.000000000000000E+00    1.557999000000000E-02    8.866726102817000E+39    1.014398481843150E+13    4.307534799562999E+12
                       34    5.781363339760573E+29    3.040922937095425E+33    8.835300007228666E+13    1.987243586778775E+07    1.708291103655777E-11    3.357966960105189E+03    3.394496975906497E+04    3.394496975906497E+04    1.755076958654700E-01    1.265014124201078E+03    3.041207279706935E+33    8.852011379962634E+13    1.095412000000000E-01    0.000000000000000E+00    5.223477000000000E-01    4.283080000000000E-02    1.936979000000000E-03    1.166057000000000E-01    1.029482000000000E-02    9.816786000000000E-05    2.550713000000000E-03    6.203312000000000E-02    6.017602000000000E-02    1.618268000000000E-02    2.191292000000000E-02    0.000000000000000E+00    0.000000000000000E+00    0.000000000000000E+00    0.000000000000000E+00    0.000000000000000E+00    1.767102000000000E-02    0.000000000000000E+00    1.557999000000000E-02    8.979428277003499E+39    1.030019786355050E+13    4.367534799562999E+12
                       35    5.682996703457140E+29    3.041491622318444E+33    8.868722752696602E+13    1.996743586778775E+07    1.729250952491953E-11    3.357966960105189E+03    3.388874737236379E+04    3.394496975906497E+04    1.755806741236050E-01    1.263999897094802E+03    3.041777953339825E+33    8.885207033716556E+13    1.095412000000000E-01    0.000000000000000E+00    5.223477000000000E-01    4.283080000000000E-02    1.936979000000000E-03    1.166057000000000E-01    1.029482000000000E-02    9.816786000000000E-05    2.550713000000000E-03    6.203312000000000E-02    6.017602000000000E-02    1.618268000000000E-02    2.191292000000000E-02    0.000000000000000E+00    0.000000000000000E+00    0.000000000000000E+00    0.000000000000000E+00    0.000000000000000E+00    1.767102000000000E-02    0.000000000000000E+00    1.557999000000000E-02    9.089428277003500E+39    1.037830438611000E+13    4.422939147935999E+12
                       36    5.719446244796906E+29    3.042064284361206E+33    8.901691314736511E+13    2.005878695488100E+07    1.749274734800221E-11    3.357966960105189E+03    3.388874737236379E+04    3.394496975906497E+04    1.756806741236050E-01    1.262987301153071E+03    3.042351609587522E+33    8.917955791516588E+13    1.095412000000000E-01    0.000000000000000E+00    5.223477000000000E-01    4.283080000000000E-02    1.936979000000000E-03    1.166057000000000E-01    1.029482000000000E-02    9.816786000000000E-05    2.550713000000000E-03    6.203312000000000E-02    6.017602000000000E-02    1.618268000000000E-02    2.191292000000000E-02    0.000000000000000E+00    0.000000000000000E+00    0.000000000000000E+00    0.000000000000000E+00    0.000000000000000E+00    1.767102000000000E-02    0.000000000000000E+00    1.557999000000000E-02    9.199428277003499E+39    1.055128264424500E+13    4.472939147935999E+12
                       37    5.750274551432209E+29    3.042638934813838E+33    8.934220268296667E+13    2.014878695488100E+07    1.768324154357290E-11    3.357966960105189E+03    3.388874737236379E+04    3.394496975906497E+04    1.757806741236050E-01    1.261976759377474E+03    3.042926260040154E+33    8.950209931296280E+13    1.095412000000000E-01    0.000000000000000E+00    5.223477000000000E-01    4.283080000000000E-02    1.936979000000000E-03    1.166057000000000E-01    1.029482000000000E-02    9.816786000000000E-05    2.550713000000000E-03    6.203312000000000E-02    6.017602000000000E-02    1.618268000000000E-02    2.191292000000000E-02    0.000000000000000E+00    0.000000000000000E+00    0.000000000000000E+00    0.000000000000000E+00    0.000000000000000E+00    1.767102000000000E-02    0.000000000000000E+00    1.557999000000000E-02    9.302130451190000E+39    1.067830438611000E+13    4.515641322122499E+12
                       38    5.749505036812249E+29    3.043213585266469E+33    8.966199594295894E+13    2.023878695488100E+07    1.784686256304207E-11    3.357966960105189E+03    3.388874737236379E+04    3.394496975906497E+04    1.757806741236050E-01    1.260974114933257E+03    3.043501904697721E+33    8.981956702826812E+13    1.095412000000000E-01    0.000000000000000E+00    5.223477000000000E-01    4.283080000000000E-02    1.936979000000000E-03    1.166057000000000E-01    1.029482000000000E-02    9.816786000000000E-05    2.550713000000000E-03    6.203312000000000E-02    6.017602000000000E-02    1.618268000000000E-02    2.191292000000000E-02    0.000000000000000E+00    0.000000000000000E+00    0.000000000000000E+00    0.000000000000000E+00    0.000000000000000E+00    1.767102000000000E-02    0.000000000000000E+00    1.557999000000000E-02    9.402130451189999E+39    1.077830438611000E+13    4.558343496309000E+12
                       39    5.763328462233342E+29    3.043790224128972E+33    8.997713811357731E+13    2.032878695488100E+07    1.801199754916415E-11    3.336724711917345E+03    3.388874737236379E+04    3.388874737236379E+04    1.758806741236050E-01    1.259976349226046E+03    3.044080531970094E+33    9.013334980275633E+13    1.095412000000000E-01    0.000000000000000E+00    5.223477000000000E-01    4.283080000000000E-02    1.936979000000000E-03    1.166057000000000E-01    1.029482000000000E-02    9.816786000000000E-05    2.550713000000000E-03    6.203312000000000E-02    6.017602000000000E-02    1.618268000000000E-02    2.191292000000000E-02    0.000000000000000E+00    0.000000000000000E+00    0.000000000000000E+00    0.000000000000000E+00    0.000000000000000E+00    1.767102000000000E-02    0.000000000000000E+00    1.557999000000000E-02    9.512130451189999E+39    1.087830438611000E+13    4.601045670495499E+12
                       40    5.810567115531515E+29    3.044370839811215E+33    9.028956149193534E+13    2.041743586778775E+07    1.814922244427747E-11    3.336724711917345E+03    3.386689849507374E+04    3.388874737236379E+04    1.759076958654700E-01    1.258979511634831E+03    3.044661147652338E+33    9.044223723787797E+13    1.095412000000000E-01    0.000000000000000E+00    5.223477000000000E-01    4.283080000000000E-02    1.936979000000000E-03    1.166057000000000E-01    1.029482000000000E-02    9.816786000000000E-05    2.550713000000000E-03    6.203312000000000E-02    6.017602000000000E-02    1.618268000000000E-02    2.191292000000000E-02    0.000000000000000E+00    0.000000000000000E+00    0.000000000000000E+00    0.000000000000000E+00    0.000000000000000E+00    1.767102000000000E-02    0.000000000000000E+00    1.557999000000000E-02    9.625641322122500E+39    1.090532612797500E+13    4.641045670495499E+12
                       41    5.797863164867626E+29    3.044951455493459E+33    9.059491298382056E+13    2.050608478069450E+07    1.827502684417892E-11    3.336724711917345E+03    3.386689849507374E+04    3.388874737236379E+04    1.759076958654700E-01    1.257998495980385E+03    3.045237786514840E+33    9.074387398357862E+13    1.095412000000000E-01    0.000000000000000E+00    5.223477000000000E-01    4.283080000000000E-02    1.936979000000000E-03    1.166057000000000E-01    1.029482000000000E-02    9.816786000000000E-05    2.550713000000000E-03    6.203312000000000E-02    6.017602000000000E-02    1.618268000000000E-02    2.191292000000000E-02    0.000000000000000E+00    0.000000000000000E+00    0.000000000000000E+00    0.000000000000000E+00    0.000000000000000E+00    1.767102000000000E-02    0.000000000000000E+00    1.557999000000000E-02    9.725641322122498E+39    1.100532612797500E+13    4.673747844681999E+12
                       42    5.726023904649176E+29    3.045524117536221E+33    9.089283498333669E+13    2.059608478069450E+07    1.840170327852058E-11    3.336724711917345E+03    3.386689849507374E+04    3.388874737236379E+04    1.759806741236050E-01    1.257034347476999E+03    3.045809454352666E+33    9.104104714077084E+13    1.095412000000000E-01    0.000000000000000E+00    5.223477000000000E-01    4.283080000000000E-02    1.936979000000000E-03    1.166057000000000E-01    1.029482000000000E-02    9.816786000000000E-05    2.550713000000000E-03    6.203312000000000E-02    6.017602000000000E-02    1.618268000000000E-02    2.191292000000000E-02    0.000000000000000E+00    0.000000000000000E+00    0.000000000000000E+00    0.000000000000000E+00    0.000000000000000E+00    1.767102000000000E-02    0.000000000000000E+00    1.557999000000000E-02    9.818343496309000E+39    1.110532612797500E+13    4.696450018868499E+12
                       43    5.711641736054416E+29    3.046094791169111E+33    9.118925929820498E+13    2.068973369360125E+07    1.846935603490175E-11    3.336724711917345E+03    3.386689849507374E+04    3.388874737236379E+04    1.759806741236050E-01    1.256071577437830E+03    3.046382116395427E+33    9.133749823734812E+13    1.095412000000000E-01    0.000000000000000E+00    5.223477000000000E-01    4.283080000000000E-02    1.936979000000000E-03    1.166057000000000E-01    1.029482000000000E-02    9.816786000000000E-05    2.550713000000000E-03    6.203312000000000E-02    6.017602000000000E-02    1.618268000000000E-02    2.191292000000000E-02    0.000000000000000E+00    0.000000000000000E+00    0.000000000000000E+00    0.000000000000000E+00    0.000000000000000E+00    1.767102000000000E-02    0.000000000000000E+00    1.557999000000000E-02    9.884023928630500E+39    1.110532612797500E+13    4.719152193054999E+12
                       44    5.750024011788501E+29    3.046669441621742E+33    9.148573717649127E+13    2.078338260650800E+07    1.851193229770771E-11    3.327180933966669E+03    3.386689849507374E+04    3.386689849507374E+04    1.759806741236050E-01    1.255106484993936E+03    3.046957761052994E+33    9.163363282946928E+13    1.095412000000000E-01    0.000000000000000E+00    5.223477000000000E-01    4.283080000000000E-02    1.936979000000000E-03    1.166057000000000E-01    1.029482000000000E-02    9.816786000000000E-05    2.550713000000000E-03    6.203312000000000E-02    6.017602000000000E-02    1.618268000000000E-02    2.191292000000000E-02    0.000000000000000E+00    0.000000000000000E+00    0.000000000000000E+00    0.000000000000000E+00    0.000000000000000E+00    1.767102000000000E-02    0.000000000000000E+00    1.557999000000000E-02    9.976726102816999E+39    1.113234786984000E+13    4.721854367241499E+12
                       45    5.761141211375574E+29    3.047246080484245E+33    9.178152848244728E+13    2.087338260650800E+07    1.848201590138832E-11    3.327180933966669E+03    3.386689849507374E+04    3.386689849507374E+04    1.759076958654700E-01    1.254145603011313E+03    3.047524457866142E+33    9.192382722240302E+13    1.095412000000000E-01    0.000000000000000E+00    5.223477000000000E-01    4.283080000000000E-02    1.936979000000000E-03    1.166057000000000E-01    1.029482000000000E-02    9.816786000000000E-05    2.550713000000000E-03    6.203312000000000E-02    6.017602000000000E-02    1.618268000000000E-02    2.191292000000000E-02    0.000000000000000E+00    0.000000000000000E+00    0.000000000000000E+00    0.000000000000000E+00    0.000000000000000E+00    1.767102000000000E-02    0.000000000000000E+00    1.557999000000000E-02    1.006213045119000E+40    1.113234786984000E+13    4.721854367241499E+12
                       46    5.572405323268657E+29    3.047802835248040E+33    9.206612596235875E+13    2.098338260650800E+07    1.846935603490175E-11    3.327180933966669E+03    3.386689849507374E+04    3.386689849507374E+04    1.759076958654700E-01    1.253221709606681E+03    3.048205488246856E+33    9.227319075885078E+13    1.095412000000000E-01    0.000000000000000E+00    5.223477000000000E-01    4.283080000000000E-02    1.936979000000000E-03    1.166057000000000E-01    1.029482000000000E-02    9.816786000000000E-05    2.550713000000000E-03    6.203312000000000E-02    6.017602000000000E-02    1.618268000000000E-02    2.191292000000000E-02    0.000000000000000E+00    0.000000000000000E+00    0.000000000000000E+00    0.000000000000000E+00    0.000000000000000E+00    1.767102000000000E-02    0.000000000000000E+00    1.557999000000000E-02    1.015483262537650E+40    1.110532612797500E+13    4.714556541427999E+12
                       47    8.054988733901681E+29    3.048608141245673E+33    9.248025555534281E+13    2.113838260650800E+07    1.846935603490175E-11    3.327180933966669E+03    3.386689849507374E+04    3.386689849507374E+04    1.759076958654700E-01    1.251877289130961E+03    3.049169867034146E+33    9.275840141727859E+13    1.095412000000000E-01    0.000000000000000E+00    5.223477000000000E-01    4.283080000000000E-02    1.936979000000000E-03    1.166057000000000E-01    1.029482000000000E-02    9.816786000000000E-05    2.550713000000000E-03    6.203312000000000E-02    6.017602000000000E-02    1.618268000000000E-02    2.191292000000000E-02    0.000000000000000E+00    0.000000000000000E+00    0.000000000000000E+00    0.000000000000000E+00    0.000000000000000E+00    1.767102000000000E-02    0.000000000000000E+00    1.557999000000000E-02    1.026213045119000E+40    1.110532612797500E+13    4.714556541427999E+12
                       48    1.123971347284599E+30    3.049731592822618E+33    9.303654727921436E+13    2.131703151941475E+07    1.866583434982280E-11    3.327180933966669E+03    3.381080541627371E+04    3.386689849507374E+04    1.759076958654700E-01    1.250052303102230E+03    3.050306243275250E+33    9.331339176434559E+13    1.095412000000000E-01    0.000000000000000E+00    5.223477000000000E-01    4.283080000000000E-02    1.936979000000000E-03    1.166057000000000E-01    1.029482000000000E-02    9.816786000000000E-05    2.550713000000000E-03    6.203312000000000E-02    6.017602000000000E-02    1.618268000000000E-02    2.191292000000000E-02    0.000000000000000E+00    0.000000000000000E+00    0.000000000000000E+00    0.000000000000000E+00    0.000000000000000E+00    1.767102000000000E-02    0.000000000000000E+00    1.557999000000000E-02    1.046213045119000E+40    1.123234786984000E+13    4.767258715614499E+12
                       49    1.147913790537674E+30    3.050880893727881E+33    9.359023624947683E+13    2.148568043232150E+07    1.891251735511212E-11    3.327180933966669E+03    3.381080541627371E+04    3.386689849507374E+04    1.760076958654700E-01    1.248210614528177E+03    3.051457532590384E+33    9.386310330647991E+13    1.095412000000000E-01    0.000000000000000E+00    5.223477000000000E-01    4.283080000000000E-02    1.936979000000000E-03    1.166057000000000E-01    1.029482000000000E-02    9.816786000000000E-05    2.550713000000000E-03    6.203312000000000E-02    6.017602000000000E-02    1.618268000000000E-02    2.191292000000000E-02    0.000000000000000E+00    0.000000000000000E+00    0.000000000000000E+00    0.000000000000000E+00    0.000000000000000E+00    1.767102000000000E-02    0.000000000000000E+00    1.557999000000000E-02    1.058915219305500E+40    1.140532612797500E+13    4.827258715614499E+12
                       50    1.153159414617563E+30    3.052034171452886E+33    9.413597036348297E+13    2.164568043232150E+07    1.901755356277708E-11    3.306133435880810E+03    3.378900679000697E+04    3.381080541627371E+04    1.760076958654700E-01    1.246385154291908E+03    3.052613792930195E+33    9.440719325902575E+13    1.095412000000000E-01    0.000000000000000E+00    5.223477000000000E-01    4.283080000000000E-02    1.936979000000000E-03    1.166057000000000E-01    1.029482000000000E-02    9.816786000000000E-05    2.550713000000000E-03    6.203312000000000E-02    6.017602000000000E-02    1.618268000000000E-02    2.191292000000000E-02    0.000000000000000E+00    0.000000000000000E+00    0.000000000000000E+00    0.000000000000000E+00    0.000000000000000E+00    1.767102000000000E-02    0.000000000000000E+00    1.557999000000000E-02    1.076213045119000E+40    1.143234786984000E+13    4.854556541427999E+12
                       51    1.160629273978814E+30    3.053193414407503E+33    9.467841615456852E+13    2.180568043232150E+07    1.903056811185736E-11    3.296677155812318E+03    3.378900679000697E+04    3.378900679000697E+04    1.759076958654700E-01    1.244570462468940E+03    3.053769059065070E+33    9.494367257626464E+13    1.095412000000000E-01    0.000000000000000E+00    5.223477000000000E-01    4.283080000000000E-02    1.936979000000000E-03    1.166057000000000E-01    1.029482000000000E-02    9.816786000000000E-05    2.550713000000000E-03    6.203312000000000E-02    6.017602000000000E-02    1.618268000000000E-02    2.191292000000000E-02    0.000000000000000E+00    0.000000000000000E+00    0.000000000000000E+00    0.000000000000000E+00    0.000000000000000E+00    1.767102000000000E-02    0.000000000000000E+00    1.557999000000000E-02    1.096213045119000E+40    1.143234786984000E+13    4.857258715614499E+12
                       52    1.150280594806766E+30    3.054344703722637E+33    9.520892899796077E+13    2.196568043232150E+07    1.903056811185736E-11    3.296677155812318E+03    3.378900679000697E+04    3.378900679000697E+04    1.759076958654700E-01    1.242795685298791E+03    3.054915377355527E+33    9.546992746392856E+13    1.095412000000000E-01    0.000000000000000E+00    5.223477000000000E-01    4.283080000000000E-02    1.936979000000000E-03    1.166057000000000E-01    1.029482000000000E-02    9.816786000000000E-05    2.550713000000000E-03    6.203312000000000E-02    6.017602000000000E-02    1.618268000000000E-02    2.191292000000000E-02    0.000000000000000E+00    0.000000000000000E+00    0.000000000000000E+00    0.000000000000000E+00    0.000000000000000E+00    1.767102000000000E-02    0.000000000000000E+00    1.557999000000000E-02    1.116213045119000E+40    1.143234786984000E+13    4.857258715614499E+12
                       53    1.141911775342972E+30    3.055486050988418E+33    9.573092592989636E+13    2.212068043232150E+07    1.903056811185736E-11    3.296677155812318E+03    3.378900679000697E+04    3.378900679000697E+04    1.758076958654700E-01    1.241050391042321E+03    3.056061695645985E+33    9.599068183608675E+13    1.095412000000000E-01    0.000000000000000E+00    5.223477000000000E-01    4.283080000000000E-02    1.936979000000000E-03    1.166057000000000E-01    1.029482000000000E-02    9.816786000000000E-05    2.550713000000000E-03    6.203312000000000E-02    6.017602000000000E-02    1.618268000000000E-02    2.191292000000000E-02    0.000000000000000E+00    0.000000000000000E+00    0.000000000000000E+00    0.000000000000000E+00    0.000000000000000E+00    1.767102000000000E-02    0.000000000000000E+00    1.557999000000000E-02    1.136213045119000E+40    1.143234786984000E+13    4.854556541427999E+12
                       54    1.150111778808744E+30    3.056637340303552E+33    9.625043774227716E+13    2.227568043232150E+07    1.903056811185736E-11    3.296677155812318E+03    3.373304272170823E+04    3.378900679000697E+04    1.758076958654700E-01    1.239313419886564E+03    3.057214973370990E+33    9.650870026184273E+13    1.095412000000000E-01    0.000000000000000E+00    5.223477000000000E-01    4.283080000000000E-02    1.936979000000000E-03    1.166057000000000E-01    1.029482000000000E-02    9.816786000000000E-05    2.550713000000000E-03    6.203312000000000E-02    6.017602000000000E-02    1.618268000000000E-02    2.191292000000000E-02    0.000000000000000E+00    0.000000000000000E+00    0.000000000000000E+00    0.000000000000000E+00    0.000000000000000E+00    1.767102000000000E-02    0.000000000000000E+00    1.557999000000000E-02    1.148915219305500E+40    1.143234786984000E+13    4.857258715614499E+12
                       55    1.156120355756019E+30    3.057792606438428E+33    9.676696278140833E+13    2.243068043232150E+07    1.903056811185736E-11    3.296677155812318E+03    3.371129423089069E+04    3.378900679000697E+04    1.757076958654700E-01    1.237587444704843E+03    3.058371233710800E+33    9.702264831935030E+13    1.095412000000000E-01    0.000000000000000E+00    5.223477000000000E-01    4.283080000000000E-02    1.936979000000000E-03    1.166057000000000E-01    1.029482000000000E-02    9.816786000000000E-05    2.550713000000000E-03    6.203312000000000E-02    6.017602000000000E-02    1.618268000000000E-02    2.191292000000000E-02    0.000000000000000E+00    0.000000000000000E+00    0.000000000000000E+00    0.000000000000000E+00    0.000000000000000E+00    1.767102000000000E-02    0.000000000000000E+00    1.557999000000000E-02    1.166213045119000E+40    1.143234786984000E+13    4.857258715614499E+12
                       56    1.156540506761698E+30    3.058949860983174E+33    9.727833385729230E+13    2.258568043232150E+07    1.903056811185736E-11    3.275822622348801E+03    3.371129423089069E+04    3.373304272170823E+04    1.757076958654700E-01    1.235878725935912E+03    3.059527494050611E+33    9.753213891045233E+13    1.095412000000000E-01    0.000000000000000E+00    5.223477000000000E-01    4.283080000000000E-02    1.936979000000000E-03    1.166057000000000E-01    1.029482000000000E-02    9.816786000000000E-05    2.550713000000000E-03    6.203312000000000E-02    6.017602000000000E-02    1.618268000000000E-02    2.191292000000000E-02    0.000000000000000E+00    0.000000000000000E+00    0.000000000000000E+00    0.000000000000000E+00    0.000000000000000E+00    1.767102000000000E-02    0.000000000000000E+00    1.557999000000000E-02    1.186213045119000E+40    1.143234786984000E+13    4.849960889800999E+12
                       57    1.156948329626178E+30    3.060105127118050E+33    9.778594396361234E+13    2.274068043232150E+07    1.898679901977954E-11    3.266453037977095E+03    3.371129423089069E+04    3.371129423089069E+04    1.756076958654700E-01    1.234187462334610E+03    3.060685742800293E+33    9.803829553703759E+13    1.095412000000000E-01    0.000000000000000E+00    5.223477000000000E-01    4.283080000000000E-02    1.936979000000000E-03    1.166057000000000E-01    1.029482000000000E-02    9.816786000000000E-05    2.550713000000000E-03    6.203312000000000E-02    6.017602000000000E-02    1.618268000000000E-02    2.191292000000000E-02    0.000000000000000E+00    0.000000000000000E+00    0.000000000000000E+00    0.000000000000000E+00    0.000000000000000E+00    1.767102000000000E-02    0.000000000000000E+00    1.557999000000000E-02    1.198915219305500E+40    1.143234786984000E+13    4.839960889800999E+12
                       58    1.159644414569857E+30    3.061266358482537E+33    9.829064711046281E+13    2.289068043232150E+07    1.895611521026808E-11    3.266453037977095E+03    3.371129423089069E+04    3.371129423089069E+04    1.755347176073350E-01    1.232509298337404E+03    3.061844985754910E+33    9.854028129598562E+13    1.095412000000000E-01    0.000000000000000E+00    5.223477000000000E-01    4.283080000000000E-02    1.936979000000000E-03    1.166057000000000E-01    1.029482000000000E-02    9.816786000000000E-05    2.550713000000000E-03    6.203312000000000E-02    6.017602000000000E-02    1.618268000000000E-02    2.191292000000000E-02    0.000000000000000E+00    0.000000000000000E+00    0.000000000000000E+00    0.000000000000000E+00    0.000000000000000E+00    1.767102000000000E-02    0.000000000000000E+00    1.557999000000000E-02    1.216213045119000E+40    1.143234786984000E+13    4.829960889800999E+12
                       59    1.157204436817524E+30    3.062423613027283E+33    9.878991548150844E+13    2.304568043232150E+07    1.891251735511212E-11    3.266453037977095E+03    3.371129423089069E+04    3.371129423089069E+04    1.755076958654700E-01    1.230853294058756E+03    3.062998263479915E+33    9.903593189602775E+13    1.095412000000000E-01    0.000000000000000E+00    5.223477000000000E-01    4.283080000000000E-02    1.936979000000000E-03    1.166057000000000E-01    1.029482000000000E-02    9.816786000000000E-05    2.550713000000000E-03    6.203312000000000E-02    6.017602000000000E-02    1.618268000000000E-02    2.191292000000000E-02    0.000000000000000E+00    0.000000000000000E+00    0.000000000000000E+00    0.000000000000000E+00    0.000000000000000E+00    1.767102000000000E-02    0.000000000000000E+00    1.557999000000000E-02    1.236213045119000E+40    1.143234786984000E+13    4.819960889800999E+12
                       60    1.149020937153679E+30    3.063572913932547E+33    9.928194831054706E+13    2.320068043232150E+07    1.889956260245321E-11    3.266453037977095E+03    3.365545887637722E+04    3.371129423089069E+04    1.754076958654700E-01    1.229223330719886E+03    3.064147564385178E+33    9.952638426760266E+13    1.095412000000000E-01    0.000000000000000E+00    5.223477000000000E-01    4.283080000000000E-02    1.936979000000000E-03    1.166057000000000E-01    1.029482000000000E-02    9.816786000000000E-05    2.550713000000000E-03    6.203312000000000E-02    6.017602000000000E-02    1.618268000000000E-02    2.191292000000000E-02    0.000000000000000E+00    0.000000000000000E+00    0.000000000000000E+00    0.000000000000000E+00    0.000000000000000E+00    1.767102000000000E-02    0.000000000000000E+00    1.557999000000000E-02    1.248915219305500E+40    1.133234786984000E+13    4.809960889800999E+12
                       61    1.150840928708329E+30    3.064722214837810E+33    9.977082022465825E+13    2.335068043232150E+07    1.885609481468593E-11    3.266453037977095E+03    3.363376040570049E+04    3.371129423089069E+04    1.753347176073350E-01    1.227608235518265E+03    3.065300842110183E+33    1.000145492148772E+14    1.095412000000000E-01    0.000000000000000E+00    5.223477000000000E-01    4.283080000000000E-02    1.936979000000000E-03    1.166057000000000E-01    1.029482000000000E-02    9.816786000000000E-05    2.550713000000000E-03    6.203312000000000E-02    6.017602000000000E-02    1.618268000000000E-02    2.191292000000000E-02    0.000000000000000E+00    0.000000000000000E+00    0.000000000000000E+00    0.000000000000000E+00    0.000000000000000E+00    1.767102000000000E-02    0.000000000000000E+00    1.557999000000000E-02    1.266213045119000E+40    1.133234786984000E+13    4.799960889800999E+12
                       62    1.156798801203901E+30    3.065879469382557E+33    1.002582782050962E+14    2.350068043232150E+07    1.882562223103339E-11    3.245789700025587E+03    3.363376040570049E+04    3.365545887637722E+04    1.752347176073350E-01    1.226001353119923E+03    3.066467044499348E+33    1.005035515315351E+14    1.095412000000000E-01    0.000000000000000E+00    5.223477000000000E-01    4.283080000000000E-02    1.936979000000000E-03    1.166057000000000E-01    1.029482000000000E-02    9.816786000000000E-05    2.550713000000000E-03    6.203312000000000E-02    6.017602000000000E-02    1.618268000000000E-02    2.191292000000000E-02    0.000000000000000E+00    0.000000000000000E+00    0.000000000000000E+00    0.000000000000000E+00    0.000000000000000E+00    1.767102000000000E-02    0.000000000000000E+00    1.557999000000000E-02    1.278915219305500E+40    1.133234786984000E+13    4.789960889800999E+12
                       63    1.174631258606295E+30    3.067054619616139E+33    1.007488248579740E+14    2.365068043232150E+07    1.878232450140128E-11    3.236506016519723E+03    3.363376040570049E+04    3.363376040570049E+04    1.752347176073350E-01    1.224388016457233E+03    3.067650148372413E+33    1.009950504784404E+14    1.095412000000000E-01    0.000000000000000E+00    5.223477000000000E-01    4.283080000000000E-02    1.936979000000000E-03    1.166057000000000E-01    1.029482000000000E-02    9.816786000000000E-05    2.550713000000000E-03    6.203312000000000E-02    6.017602000000000E-02    1.618268000000000E-02    2.191292000000000E-02    0.000000000000000E+00    0.000000000000000E+00    0.000000000000000E+00    0.000000000000000E+00    0.000000000000000E+00    1.767102000000000E-02    0.000000000000000E+00    1.557999000000000E-02    1.296213045119000E+40    1.133234786984000E+13    4.779960889800999E+12
                       64    1.191540696146712E+30    3.068245677128687E+33    1.012412760989067E+14    2.380432934522825E+07    1.873912635378399E-11    3.236506016519723E+03    3.363376040570049E+04    3.363376040570049E+04    1.751347176073350E-01    1.222773069758625E+03    3.068841205884961E+33    1.014852334219659E+14    1.095412000000000E-01    0.000000000000000E+00    5.223477000000000E-01    4.283080000000000E-02    1.936979000000000E-03    1.166057000000000E-01    1.029482000000000E-02    9.816786000000000E-05    2.550713000000000E-03    6.203312000000000E-02    6.017602000000000E-02    1.618268000000000E-02    2.191292000000000E-02    0.000000000000000E+00    0.000000000000000E+00    0.000000000000000E+00    0.000000000000000E+00    0.000000000000000E+00    1.767102000000000E-02    0.000000000000000E+00    1.557999000000000E-02    1.316213045119000E+40    1.130532612797500E+13    4.769960889800999E+12
                       65    1.190933833454175E+30    3.069436734641235E+33    1.017291907450251E+14    2.395797825813500E+07    1.869602755914916E-11    3.236506016519723E+03    3.363376040570049E+04    3.363376040570049E+04    1.750347176073350E-01    1.221177589658527E+03    3.070033257602445E+33    1.019719831008079E+14    1.095412000000000E-01    0.000000000000000E+00    5.223477000000000E-01    4.283080000000000E-02    1.936979000000000E-03    1.166057000000000E-01    1.029482000000000E-02    9.816786000000000E-05    2.550713000000000E-03    6.203312000000000E-02    6.017602000000000E-02    1.618268000000000E-02    2.191292000000000E-02    0.000000000000000E+00    0.000000000000000E+00    0.000000000000000E+00    0.000000000000000E+00    0.000000000000000E+00    1.767102000000000E-02    0.000000000000000E+00    1.557999000000000E-02    1.326213045119000E+40    1.123234786984000E+13    4.759960889800999E+12
                       66    1.193360488860375E+30    3.070629780563654E+33    1.022147754565908E+14    2.410932934522825E+07    1.861012711533053E-11    3.236506016519723E+03    3.357805346893884E+04    3.363376040570049E+04    1.750347176073350E-01    1.219597012914851E+03    3.071248176033441E+33    1.024655342208491E+14    1.095412000000000E-01    0.000000000000000E+00    5.223477000000000E-01    4.283080000000000E-02    1.936979000000000E-03    1.166057000000000E-01    1.029482000000000E-02    9.816786000000000E-05    2.550713000000000E-03    6.203312000000000E-02    6.017602000000000E-02    1.618268000000000E-02    2.191292000000000E-02    0.000000000000000E+00    0.000000000000000E+00    0.000000000000000E+00    0.000000000000000E+00    0.000000000000000E+00    1.767102000000000E-02    0.000000000000000E+00    1.557999000000000E-02    1.346213045119000E+40    1.123234786984000E+13    4.739960889800999E+12
                       67    1.235837298200200E+30    3.071866571503228E+33    1.027162929851075E+14    2.426568043232150E+07    1.853733964997577E-11    3.236506016519723E+03    3.355640490335983E+04    3.363376040570049E+04    1.749347176073350E-01    1.217971891797134E+03    3.072502862661851E+33    1.029728369038848E+14    1.095412000000000E-01    0.000000000000000E+00    5.223477000000000E-01    4.283080000000000E-02    1.936979000000000E-03    1.166057000000000E-01    1.029482000000000E-02    9.816786000000000E-05    2.550713000000000E-03    6.203312000000000E-02    6.017602000000000E-02    1.618268000000000E-02    2.191292000000000E-02    0.000000000000000E+00    0.000000000000000E+00    0.000000000000000E+00    0.000000000000000E+00    0.000000000000000E+00    1.767102000000000E-02    0.000000000000000E+00    1.557999000000000E-02    1.358915219305500E+40    1.113234786984000E+13    4.727258715614499E+12
                       68    1.273626431269856E+30    3.073139153820475E+33    1.032293808226621E+14    2.442432934522825E+07    1.848201590138832E-11    3.216032121189255E+03    3.355640490335983E+04    3.357805346893884E+04    1.748347176073350E-01    1.216315166407163E+03    3.073776439184034E+33    1.034854340559645E+14    1.095412000000000E-01    0.000000000000000E+00    5.223477000000000E-01    4.283080000000000E-02    1.936979000000000E-03    1.166057000000000E-01    1.029482000000000E-02    9.816786000000000E-05    2.550713000000000E-03    6.203312000000000E-02    6.017602000000000E-02    1.618268000000000E-02    2.191292000000000E-02    0.000000000000000E+00    0.000000000000000E+00    0.000000000000000E+00    0.000000000000000E+00    0.000000000000000E+00    1.767102000000000E-02    0.000000000000000E+00    1.557999000000000E-02    1.376213045119000E+40    1.113234786984000E+13    4.707258715614499E+12
                       69    1.274594190353924E+30    3.074413724547593E+33    1.037414872892670E+14    2.458297825813500E+07    1.839709875181901E-11    3.206833551005379E+03    3.355640490335983E+04    3.355640490335983E+04    1.747347176073350E-01    1.214670129151636E+03    3.075055980935828E+33    1.039987879667348E+14    1.095412000000000E-01    0.000000000000000E+00    5.223477000000000E-01    4.283080000000000E-02    1.936979000000000E-03    1.166057000000000E-01    1.029482000000000E-02    9.816786000000000E-05    2.550713000000000E-03    6.203312000000000E-02    6.017602000000000E-02    1.618268000000000E-02    2.191292000000000E-02    0.000000000000000E+00    0.000000000000000E+00    0.000000000000000E+00    0.000000000000000E+00    0.000000000000000E+00    1.767102000000000E-02    0.000000000000000E+00    1.557999000000000E-02    1.396213045119000E+40    1.110532612797500E+13    4.684556541427999E+12
                       70    1.284521525474372E+30    3.075698237324064E+33    1.042560886442026E+14    2.474297825813500E+07    1.827045401481618E-11    3.206833551005379E+03    3.355640490335983E+04    3.355640490335983E+04    1.746347176073350E-01    1.213029377371493E+03    3.076356400991264E+33    1.045180432768862E+14    1.095412000000000E-01    0.000000000000000E+00    5.223477000000000E-01    4.283080000000000E-02    1.936979000000000E-03    1.166057000000000E-01    1.029482000000000E-02    9.816786000000000E-05    2.550713000000000E-03    6.203312000000000E-02    6.017602000000000E-02    1.618268000000000E-02    2.191292000000000E-02    0.000000000000000E+00    0.000000000000000E+00    0.000000000000000E+00    0.000000000000000E+00    0.000000000000000E+00    1.767102000000000E-02    0.000000000000000E+00    1.557999000000000E-02    1.416213045119000E+40    1.100532612797500E+13    4.654556541427999E+12
                       71    1.314949167520729E+30    3.077014564658465E+33    1.047799979095698E+14    2.490297825813500E+07    1.818650890381998E-11    3.206833551005379E+03    3.355640490335983E+04    3.355640490335983E+04    1.745347176073350E-01    1.211367568812393E+03    3.077680681965149E+33    1.050437238984233E+14    1.095412000000000E-01    0.000000000000000E+00    5.223477000000000E-01    4.283080000000000E-02    1.936979000000000E-03    1.166057000000000E-01    1.029482000000000E-02    9.816786000000000E-05    2.550713000000000E-03    6.203312000000000E-02    6.017602000000000E-02    1.618268000000000E-02    2.191292000000000E-02    0.000000000000000E+00    0.000000000000000E+00    0.000000000000000E+00    0.000000000000000E+00    0.000000000000000E+00    1.767102000000000E-02    0.000000000000000E+00    1.557999000000000E-02    1.426213045119000E+40    1.093234786984000E+13    4.631854367241499E+12
                       72    1.332566677816100E+30    3.078346799271833E+33    1.053074498872769E+14    2.506297825813500E+07    1.806131385713383E-11    3.206833551005379E+03    3.347922731373757E+04    3.355640490335983E+04    1.744347176073350E-01    1.209706988217077E+03    3.079010928168646E+33    1.055690859961564E+14    1.095412000000000E-01    0.000000000000000E+00    5.223477000000000E-01    4.283080000000000E-02    1.936979000000000E-03    1.166057000000000E-01    1.029482000000000E-02    9.816786000000000E-05    2.550713000000000E-03    6.203312000000000E-02    6.017602000000000E-02    1.618268000000000E-02    2.191292000000000E-02    0.000000000000000E+00    0.000000000000000E+00    0.000000000000000E+00    0.000000000000000E+00    0.000000000000000E+00    1.767102000000000E-02    0.000000000000000E+00    1.557999000000000E-02    1.446213045119000E+40    1.090532612797500E+13    4.601854367241499E+12
                       73    1.329243050717229E+30    3.079675057065460E+33    1.058307221050359E+14    2.522297825813500E+07    1.794929549706518E-11    3.206833551005379E+03    3.347922731373757E+04    3.355640490335983E+04    1.743347176073350E-01    1.208070736088708E+03    3.080361058470850E+33    1.061008974849425E+14    1.095412000000000E-01    0.000000000000000E+00    5.223477000000000E-01    4.283080000000000E-02    1.936979000000000E-03    1.166057000000000E-01    1.029482000000000E-02    9.816786000000000E-05    2.550713000000000E-03    6.203312000000000E-02    6.017602000000000E-02    1.618268000000000E-02    2.191292000000000E-02    0.000000000000000E+00    0.000000000000000E+00    0.000000000000000E+00    0.000000000000000E+00    0.000000000000000E+00    1.767102000000000E-02    0.000000000000000E+00    1.557999000000000E-02    1.466213045119000E+40    1.080532612797500E+13    4.571854367241499E+12
                       74    1.371752668819921E+30    3.081047059876241E+33    1.063710728648490E+14    2.539297825813500E+07    1.782573341598503E-11    3.177433124290049E+03    3.347922731373757E+04    3.347922731373757E+04    1.742347176073350E-01    1.206393676845066E+03    3.081785754143205E+33    1.066606771517569E+14    1.095412000000000E-01    0.000000000000000E+00    5.223477000000000E-01    4.283080000000000E-02    1.936979000000000E-03    1.166057000000000E-01    1.029482000000000E-02    9.816786000000000E-05    2.550713000000000E-03    6.203312000000000E-02    6.017602000000000E-02    1.618268000000000E-02    2.191292000000000E-02    0.000000000000000E+00    0.000000000000000E+00    0.000000000000000E+00    0.000000000000000E+00    0.000000000000000E+00    1.767102000000000E-02    0.000000000000000E+00    1.557999000000000E-02    1.486213045119000E+40    1.070532612797500E+13    4.539152193055000E+12
                       75    1.476310219255772E+30    3.082524448410170E+33    1.069502814386648E+14    2.556932934522825E+07    1.773165772747948E-11    3.177433124290049E+03    3.347922731373757E+04    3.347922731373757E+04    1.741347176073350E-01    1.204606507997272E+03    3.083283026775841E+33    1.072457155095093E+14    1.095412000000000E-01    0.000000000000000E+00    5.223477000000000E-01    4.283080000000000E-02    1.936979000000000E-03    1.166057000000000E-01    1.029482000000000E-02    9.816786000000000E-05    2.550713000000000E-03    6.203312000000000E-02    6.017602000000000E-02    1.618268000000000E-02    2.191292000000000E-02    0.000000000000000E+00    0.000000000000000E+00    0.000000000000000E+00    0.000000000000000E+00    0.000000000000000E+00    1.767102000000000E-02    0.000000000000000E+00    1.557999000000000E-02    1.503510870932500E+40    1.070532612797500E+13    4.509152193054999E+12
                       76    1.518545436796308E+30    3.084041605141512E+33    1.075411495803538E+14    2.574432934522825E+07    1.765018816055614E-11    3.177433124290049E+03    3.347922731373757E+04    3.347922731373757E+04    1.740347176073350E-01    1.202792716024004E+03    3.084808137146666E+33    1.078389715232580E+14    1.095412000000000E-01    0.000000000000000E+00    5.223477000000000E-01    4.283080000000000E-02    1.936979000000000E-03    1.166057000000000E-01    1.029482000000000E-02    9.816786000000000E-05    2.550713000000000E-03    6.203312000000000E-02    6.017602000000000E-02    1.618268000000000E-02    2.191292000000000E-02    0.000000000000000E+00    0.000000000000000E+00    0.000000000000000E+00    0.000000000000000E+00    0.000000000000000E+00    1.767102000000000E-02    0.000000000000000E+00    1.557999000000000E-02    1.523510870932500E+40    1.060532612797500E+13    4.486450018868499E+12
                       77    1.533172577487137E+30    3.085574669151821E+33    1.081367934661622E+14    2.590797825813499E+07    1.759753158204148E-11    3.177433124290049E+03    3.347922731373757E+04    3.347922731373757E+04    1.739347176073350E-01    1.200970659821800E+03    3.086271606811501E+33    1.084003799632238E+14    1.095412000000000E-01    0.000000000000000E+00    5.223477000000000E-01    4.283080000000000E-02    1.936979000000000E-03    1.166057000000000E-01    1.029482000000000E-02    9.816786000000000E-05    2.550713000000000E-03    6.203312000000000E-02    6.017602000000000E-02    1.618268000000000E-02    2.191292000000000E-02    0.000000000000000E+00    0.000000000000000E+00    0.000000000000000E+00    0.000000000000000E+00    0.000000000000000E+00    1.767102000000000E-02    0.000000000000000E+00    1.557999000000000E-02    1.546213045119000E+40    1.060532612797500E+13    4.473747844681999E+12
                       78    1.393020501955920E+30    3.086968544471180E+33    1.086639664602854E+14    2.604797825813501E+07    1.751667826877868E-11    3.177433124290049E+03    3.340222722764572E+04    3.347922731373757E+04    1.738347176073350E-01    1.199366338618449E+03    3.087549160153424E+33    1.088882128224924E+14    1.095412000000000E-01    0.000000000000000E+00    5.223477000000000E-01    4.283080000000000E-02    1.936979000000000E-03    1.166057000000000E-01    1.029482000000000E-02    9.816786000000000E-05    2.550713000000000E-03    6.203312000000000E-02    6.017602000000000E-02    1.618268000000000E-02    2.191292000000000E-02    0.000000000000000E+00    0.000000000000000E+00    0.000000000000000E+00    0.000000000000000E+00    0.000000000000000E+00    1.767102000000000E-02    0.000000000000000E+00    1.557999000000000E-02    1.563510870932500E+40    1.057830438611000E+13    4.463747844681999E+12
                       79    1.160631461229672E+30    3.088129775835667E+33    1.091124591846993E+14    2.617432934522825E+07    1.739609430375033E-11    3.168402446933297E+03    3.340222722764572E+04    3.345767821428232E+04    1.737347176073350E-01    1.198011655823943E+03    3.088691501624140E+33    1.093300479835849E+14    1.095412000000000E-01    0.000000000000000E+00    5.223477000000000E-01    4.283080000000000E-02    1.936979000000000E-03    1.166057000000000E-01    1.029482000000000E-02    9.816786000000000E-05    2.550713000000000E-03    6.203312000000000E-02    6.017602000000000E-02    1.618268000000000E-02    2.191292000000000E-02    0.000000000000000E+00    0.000000000000000E+00    0.000000000000000E+00    0.000000000000000E+00    0.000000000000000E+00    1.767102000000000E-02    0.000000000000000E+00    1.557999000000000E-02    1.576213045119000E+40    1.047830438611000E+13    4.431045670495499E+12
                       80    1.123840509915107E+30    3.089253227412612E+33    1.095476367824705E+14    2.629932934522825E+07    1.723660595252291E-11    3.148302242307002E+03    3.340222722764572E+04    3.340222722764572E+04    1.736347176073350E-01    1.196709999279055E+03    3.089819924225761E+33    1.097669999664715E+14    1.095412000000000E-01    0.000000000000000E+00    5.223477000000000E-01    4.283080000000000E-02    1.936979000000000E-03    1.166057000000000E-01    1.029482000000000E-02    9.816786000000000E-05    2.550713000000000E-03    6.203312000000000E-02    6.017602000000000E-02    1.618268000000000E-02    2.191292000000000E-02    0.000000000000000E+00    0.000000000000000E+00    0.000000000000000E+00    0.000000000000000E+00    0.000000000000000E+00    1.767102000000000E-02    0.000000000000000E+00    1.557999000000000E-02    1.596213045119000E+40    1.037830438611000E+13    4.391045670495499E+12
                       81    1.134625843894760E+30    3.090386621038910E+33    1.099863631504725E+14    2.642797825813500E+07    1.711794999175831E-11    3.148302242307002E+03    3.340222722764572E+04    3.340222722764572E+04    1.735347176073350E-01    1.195407546744143E+03    3.090955306261930E+33    1.102053986137209E+14    1.095412000000000E-01    0.000000000000000E+00    5.223477000000000E-01    4.283080000000000E-02    1.936979000000000E-03    1.166057000000000E-01    1.029482000000000E-02    9.816786000000000E-05    2.550713000000000E-03    6.203312000000000E-02    6.017602000000000E-02    1.618268000000000E-02    2.191292000000000E-02    0.000000000000000E+00    0.000000000000000E+00    0.000000000000000E+00    0.000000000000000E+00    0.000000000000000E+00    1.767102000000000E-02    0.000000000000000E+00    1.557999000000000E-02    1.606213045119000E+40    1.031992177960200E+13    4.351045670495499E+12
                       82    1.136442256311643E+30    3.091523991484949E+33    1.104244340769693E+14    2.655932934522825E+07    1.701176362156818E-11    3.148302242307002E+03    3.340222722764572E+04    3.340222722764572E+04    1.734347176073350E-01    1.194115889647968E+03    3.092092676707969E+33    1.106434688529005E+14    1.095412000000000E-01    0.000000000000000E+00    5.223477000000000E-01    4.283080000000000E-02    1.936979000000000E-03    1.166057000000000E-01    1.029482000000000E-02    9.816786000000000E-05    2.550713000000000E-03    6.203312000000000E-02    6.017602000000000E-02    1.618268000000000E-02    2.191292000000000E-02    0.000000000000000E+00    0.000000000000000E+00    0.000000000000000E+00    0.000000000000000E+00    0.000000000000000E+00    1.767102000000000E-02    0.000000000000000E+00    1.557999000000000E-02    1.626213045119000E+40    1.024181525704250E+13    4.328343496308999E+12
                       83    1.137716031674812E+30    3.092661361930989E+33    1.108625036288316E+14    2.669432934522825E+07    1.689465546452279E-11    3.148302242307002E+03    3.340222722764572E+04    3.340222722764572E+04    1.733347176073350E-01    1.192833906502073E+03    3.093233029768814E+33    1.110824817870516E+14    1.095412000000000E-01    0.000000000000000E+00    5.223477000000000E-01    4.283080000000000E-02    1.936979000000000E-03    1.166057000000000E-01    1.029482000000000E-02    9.816786000000000E-05    2.550713000000000E-03    6.203312000000000E-02    6.017602000000000E-02    1.618268000000000E-02    2.191292000000000E-02    0.000000000000000E+00    0.000000000000000E+00    0.000000000000000E+00    0.000000000000000E+00    0.000000000000000E+00    1.767102000000000E-02    0.000000000000000E+00    1.557999000000000E-02    1.636213045119000E+40    1.016370873448300E+13    4.301045670495499E+12
                       84    1.143983499587252E+30    3.093804697606640E+33    1.113024599452716E+14    2.683297825813500E+07    1.675125721891215E-11    3.148302242307002E+03    3.338072768974392E+04    3.340222722764572E+04    1.732347176073350E-01    1.191558116350309E+03    3.094390284313560E+33    1.115273753657951E+14    1.095412000000000E-01    0.000000000000000E+00    5.223477000000000E-01    4.283080000000000E-02    1.936979000000000E-03    1.166057000000000E-01    1.029482000000000E-02    9.816786000000000E-05    2.550713000000000E-03    6.203312000000000E-02    6.017602000000000E-02    1.618268000000000E-02    2.191292000000000E-02    0.000000000000000E+00    0.000000000000000E+00    0.000000000000000E+00    0.000000000000000E+00    0.000000000000000E+00    1.767102000000000E-02    0.000000000000000E+00    1.557999000000000E-02    1.653510870932500E+40    1.007830438611000E+13    4.261045670495499E+12
                       85    1.170935202338642E+30    3.094975871020481E+33    1.117522907863186E+14    2.698797825813500E+07    1.659768076961374E-11    3.148302242307002E+03    3.338072768974392E+04    3.340222722764572E+04    1.730617393492000E-01    1.190266941841450E+03    3.095691698573932E+33    1.120304711373101E+14    1.095412000000000E-01    0.000000000000000E+00    5.223477000000000E-01    4.283080000000000E-02    1.936979000000000E-03    1.166057000000000E-01    1.029482000000000E-02    9.816786000000000E-05    2.550713000000000E-03    6.203312000000000E-02    6.017602000000000E-02    1.618268000000000E-02    2.191292000000000E-02    0.000000000000000E+00    0.000000000000000E+00    0.000000000000000E+00    0.000000000000000E+00    0.000000000000000E+00    1.767102000000000E-02    0.000000000000000E+00    1.557999000000000E-02    1.666213045119000E+40    9.985602211923498E+12    4.221045670495499E+12
                       86    1.432117809879508E+30    3.096407526127384E+33    1.123086514883016E+14    2.716797825813501E+07    1.648342313887092E-11    3.139354358697919E+03    3.332540423683760E+04    3.338072768974392E+04    1.729617393492000E-01    1.188681923375143E+03    3.097226750994112E+33    1.126193162818202E+14    1.095412000000000E-01    0.000000000000000E+00    5.223477000000000E-01    4.283080000000000E-02    1.936979000000000E-03    1.166057000000000E-01    1.029482000000000E-02    9.816786000000000E-05    2.550713000000000E-03    6.203312000000000E-02    6.017602000000000E-02    1.618268000000000E-02    2.191292000000000E-02    0.000000000000000E+00    0.000000000000000E+00    0.000000000000000E+00    0.000000000000000E+00    0.000000000000000E+00    1.767102000000000E-02    0.000000000000000E+00    1.557999000000000E-02    1.683510870932500E+40    9.934517431228998E+12    4.198343496308999E+12
                       87    1.638384513611435E+30    3.098045975860839E+33    1.129299810753388E+14    2.735432934522825E+07    1.644551231766567E-11    3.119438433855324E+03    3.332540423683760E+04    3.332540423683760E+04    1.729347176073350E-01    1.186916126318258E+03    3.098863212317696E+33    1.132382454089467E+14    1.095412000000000E-01    0.000000000000000E+00    5.223477000000000E-01    4.283080000000000E-02    1.936979000000000E-03    1.166057000000000E-01    1.029482000000000E-02    9.816786000000000E-05    2.550713000000000E-03    6.203312000000000E-02    6.017602000000000E-02    1.618268000000000E-02    2.191292000000000E-02    0.000000000000000E+00    0.000000000000000E+00    0.000000000000000E+00    0.000000000000000E+00    0.000000000000000E+00    1.767102000000000E-02    0.000000000000000E+00    1.557999000000000E-02    1.703510870932500E+40    9.900197863550500E+12    4.188343496308999E+12
                       88    1.633345087635138E+30    3.099680448774553E+33    1.135465097425546E+14    2.753932934522825E+07    1.639643152149785E-11    3.119438433855324E+03    3.332540423683760E+04    3.332540423683760E+04    1.728347176073350E-01    1.185170126772274E+03    3.100505638870893E+33    1.138566332472636E+14    1.095412000000000E-01    0.000000000000000E+00    5.223477000000000E-01    4.283080000000000E-02    1.936979000000000E-03    1.166057000000000E-01    1.029482000000000E-02    9.816786000000000E-05    2.550713000000000E-03    6.203312000000000E-02    6.017602000000000E-02    1.618268000000000E-02    2.191292000000000E-02    0.000000000000000E+00    0.000000000000000E+00    0.000000000000000E+00    0.000000000000000E+00    0.000000000000000E+00    1.767102000000000E-02    0.000000000000000E+00    1.557999000000000E-02    1.723510870932500E+40    9.878304386109998E+12    4.175641322122500E+12
                       89    1.651565483803305E+30    3.101330828967232E+33    1.141667567519726E+14    2.772797825813500E+07    1.628355928083438E-11    3.119438433855324E+03    3.332540423683760E+04    3.332540423683760E+04    1.727347176073350E-01    1.183426665450023E+03    3.102172920547473E+33    1.144811813556851E+14    1.095412000000000E-01    0.000000000000000E+00    5.223477000000000E-01    4.283080000000000E-02    1.936979000000000E-03    1.166057000000000E-01    1.029482000000000E-02    9.816786000000000E-05    2.550713000000000E-03    6.203312000000000E-02    6.017602000000000E-02    1.618268000000000E-02    2.191292000000000E-02    0.000000000000000E+00    0.000000000000000E+00    0.000000000000000E+00    0.000000000000000E+00    0.000000000000000E+00    1.767102000000000E-02    0.000000000000000E+00    1.557999000000000E-02    1.743510870932500E+40    9.807495689363998E+12    4.145641322122500E+12
                       90    1.683570929082061E+30    3.103015012127713E+33    1.147956059593976E+14    2.791297825813500E+07    1.620874312190726E-11    3.119438433855324E+03    3.330395414650080E+04    3.332540423683760E+04    1.726347176073350E-01    1.181668159024431E+03    3.103863068937566E+33    1.151104082911454E+14    1.095412000000000E-01    0.000000000000000E+00    5.223477000000000E-01    4.283080000000000E-02    1.936979000000000E-03    1.166057000000000E-01    1.029482000000000E-02    9.816786000000000E-05    2.550713000000000E-03    6.203312000000000E-02    6.017602000000000E-02    1.618268000000000E-02    2.191292000000000E-02    0.000000000000000E+00    0.000000000000000E+00    0.000000000000000E+00    0.000000000000000E+00    0.000000000000000E+00    1.767102000000000E-02    0.000000000000000E+00    1.557999000000000E-02    1.763510870932500E+40    9.763708734482998E+12    4.122939147936000E+12
                       91    1.696187588552627E+30    3.104711125747419E+33    1.154252106228932E+14    2.809797825813500E+07    1.609716291909854E-11    3.110572584936254E+03    3.324875793400524E+04    3.330395414650080E+04    1.724617393492000E-01    1.179921378000671E+03    3.105562165172077E+33    1.157394327869031E+14    1.095412000000000E-01    0.000000000000000E+00    5.223477000000000E-01    4.283080000000000E-02    1.936979000000000E-03    1.166057000000000E-01    1.029482000000000E-02    9.816786000000000E-05    2.550713000000000E-03    6.203312000000000E-02    6.017602000000000E-02    1.618268000000000E-02    2.191292000000000E-02    0.000000000000000E+00    0.000000000000000E+00    0.000000000000000E+00    0.000000000000000E+00    0.000000000000000E+00    1.767102000000000E-02    0.000000000000000E+00    1.557999000000000E-02    1.790808696746000E+40    9.700197863550498E+12    4.100236973749500E+12
                       92    1.700869100752199E+30    3.106413204596736E+33    1.160536549509130E+14    2.827932934522825E+07    1.602320317366079E-11    3.110572584936254E+03    3.324875793400524E+04    3.330395414650080E+04    1.723617393492000E-01    1.178186815938284E+03    3.107250325152300E+33    1.163597535623684E+14    1.095412000000000E-01    0.000000000000000E+00    5.223477000000000E-01    4.283080000000000E-02    1.936979000000000E-03    1.166057000000000E-01    1.029482000000000E-02    9.816786000000000E-05    2.550713000000000E-03    6.203312000000000E-02    6.017602000000000E-02    1.618268000000000E-02    2.191292000000000E-02    0.000000000000000E+00    0.000000000000000E+00    0.000000000000000E+00    0.000000000000000E+00    0.000000000000000E+00    1.767102000000000E-02    0.000000000000000E+00    1.557999000000000E-02    1.813510870932500E+40    9.643984818431498E+12    4.080236973749499E+12
                       93    1.674177482011896E+30    3.108087445707864E+33    1.166658521738237E+14    2.845432934522825E+07    1.594958324238614E-11    3.090839250390110E+03    3.324875793400524E+04    3.324875793400524E+04    1.722617393492000E-01    1.176505826943798E+03    3.108895734320303E+33    1.169608893217636E+14    1.095412000000000E-01    0.000000000000000E+00    5.223477000000000E-01    4.283080000000000E-02    1.936979000000000E-03    1.166057000000000E-01    1.029482000000000E-02    9.816786000000000E-05    2.550713000000000E-03    6.203312000000000E-02    6.017602000000000E-02    1.618268000000000E-02    2.191292000000000E-02    0.000000000000000E+00    0.000000000000000E+00    0.000000000000000E+00    0.000000000000000E+00    0.000000000000000E+00    1.767102000000000E-02    0.000000000000000E+00    1.557999000000000E-02    1.833510870932500E+40    9.614793515177498E+12    4.060236973749499E+12
                       94    1.617833502233822E+30    3.109704022932742E+33    1.172559264697035E+14    2.862797825813500E+07    1.587630156397031E-11    3.090839250390110E+03    3.324875793400524E+04    3.324875793400524E+04    1.721617393492000E-01    1.174893966946778E+03    3.110506346315568E+33    1.175472047068914E+14    1.095412000000000E-01    0.000000000000000E+00    5.223477000000000E-01    4.283080000000000E-02    1.936979000000000E-03    1.166057000000000E-01    1.029482000000000E-02    9.816786000000000E-05    2.550713000000000E-03    6.203312000000000E-02    6.017602000000000E-02    1.618268000000000E-02    2.191292000000000E-02    0.000000000000000E+00    0.000000000000000E+00    0.000000000000000E+00    0.000000000000000E+00    0.000000000000000E+00    1.767102000000000E-02    0.000000000000000E+00    1.557999000000000E-02    1.853510870932500E+40    9.551282644244998E+12    4.040236973749499E+12
                       95    1.604911224166130E+30    3.111308669698395E+33    1.178384829440793E+14    2.879932934522825E+07    1.580335658428256E-11    3.090839250390110E+03    3.322735717750721E+04    3.324875793400524E+04    1.720617393492000E-01    1.173310896184329E+03    3.112110993081221E+33    1.181281530985039E+14    1.095412000000000E-01    0.000000000000000E+00    5.223477000000000E-01    4.283080000000000E-02    1.936979000000000E-03    1.166057000000000E-01    1.029482000000000E-02    9.816786000000000E-05    2.550713000000000E-03    6.203312000000000E-02    6.017602000000000E-02    1.618268000000000E-02    2.191292000000000E-02    0.000000000000000E+00    0.000000000000000E+00    0.000000000000000E+00    0.000000000000000E+00    0.000000000000000E+00    1.767102000000000E-02    0.000000000000000E+00    1.557999000000000E-02    1.873510870932500E+40    9.514793515177498E+12    4.017534799562999E+12
                       96    1.603951418721544E+30    3.112913316464048E+33    1.184178232529286E+14    2.897568043232150E+07    1.570534233669492E-11    3.082054684062502E+03    3.322735717750721E+04    3.322735717750721E+04    1.719617393492000E-01    1.171747272312560E+03    3.113755408044288E+33    1.187221004263771E+14    1.095412000000000E-01    0.000000000000000E+00    5.223477000000000E-01    4.283080000000000E-02    1.936979000000000E-03    1.166057000000000E-01    1.029482000000000E-02    9.816786000000000E-05    2.550713000000000E-03    6.203312000000000E-02    6.017602000000000E-02    1.618268000000000E-02    2.191292000000000E-02    0.000000000000000E+00    0.000000000000000E+00    0.000000000000000E+00    0.000000000000000E+00    0.000000000000000E+00    1.767102000000000E-02    0.000000000000000E+00    1.557999000000000E-02    1.890808696746000E+40    9.451282644244998E+12    3.997534799562999E+12
                       97    1.684463725114004E+30    3.114597499624530E+33    1.190263775998256E+14    2.916068043232150E+07    1.563318284330640E-11    3.082054684062502E+03    3.317228791277763E+04    3.322735717750721E+04    1.718617393492000E-01    1.170113304670609E+03    3.115485324631796E+33    1.193428420222678E+14    1.095412000000000E-01    0.000000000000000E+00    5.223477000000000E-01    4.283080000000000E-02    1.936979000000000E-03    1.166057000000000E-01    1.029482000000000E-02    9.816786000000000E-05    2.550713000000000E-03    6.203312000000000E-02    6.017602000000000E-02    1.618268000000000E-02    2.191292000000000E-02    0.000000000000000E+00    0.000000000000000E+00    0.000000000000000E+00    0.000000000000000E+00    0.000000000000000E+00    1.767102000000000E-02    0.000000000000000E+00    1.557999000000000E-02    1.910808696746000E+40    9.422091340990998E+12    3.977534799562999E+12
                       98    1.774872943955890E+30    3.116373149639063E+33    1.196593064447101E+14    2.934932934522825E+07    1.559722752051645E-11    3.062502265814926E+03    3.317228791277763E+04    3.317228791277763E+04    1.718617393492000E-01    1.168417790955378E+03    3.117260974646329E+33    1.199736188269034E+14    1.095412000000000E-01    0.000000000000000E+00    5.223477000000000E-01    4.283080000000000E-02    1.936979000000000E-03    1.166057000000000E-01    1.029482000000000E-02    9.816786000000000E-05    2.550713000000000E-03    6.203312000000000E-02    6.017602000000000E-02    1.618268000000000E-02    2.191292000000000E-02    0.000000000000000E+00    0.000000000000000E+00    0.000000000000000E+00    0.000000000000000E+00    0.000000000000000E+00    1.767102000000000E-02    0.000000000000000E+00    1.557999000000000E-02    1.930808696746000E+40    9.400197863550498E+12    3.967534799562999E+12
                       99    1.776310365451418E+30    3.118148799653596E+33    1.202879312090968E+14    2.953432934522824E+07    1.556135489267414E-11    3.062502265814926E+03    3.317228791277763E+04    3.317228791277763E+04    1.717617393492000E-01    1.166738645398139E+03    3.119038613070733E+33    1.206010241169898E+14    1.095412000000000E-01    0.000000000000000E+00    5.223477000000000E-01    4.283080000000000E-02    1.936979000000000E-03    1.166057000000000E-01    1.029482000000000E-02    9.816786000000000E-05    2.550713000000000E-03    6.203312000000000E-02    6.017602000000000E-02    1.618268000000000E-02    2.191292000000000E-02    0.000000000000000E+00    0.000000000000000E+00    0.000000000000000E+00    0.000000000000000E+00    0.000000000000000E+00    1.767102000000000E-02    0.000000000000000E+00    1.557999000000000E-02    1.950808696746000E+40    9.358580470058498E+12    3.957534799562999E+12
                      100    1.780447252187405E+30    3.119928426487871E+33    1.209141170248829E+14    2.972068043232150E+07    1.551491281943073E-11    3.062502265814926E+03    3.315093637665371E+04    3.317228791277763E+04    1.716617393492000E-01    1.165071971887423E+03    3.120834147183974E+33    1.212299173225783E+14    1.095412000000000E-01    0.000000000000000E+00    5.223477000000000E-01    4.283080000000000E-02    1.936979000000000E-03    1.166057000000000E-01    1.029482000000000E-02    9.816786000000000E-05    2.550713000000000E-03    6.203312000000000E-02    6.017602000000000E-02    1.618268000000000E-02    2.191292000000000E-02    0.000000000000000E+00    0.000000000000000E+00    0.000000000000000E+00    0.000000000000000E+00    0.000000000000000E+00    1.767102000000000E-02    0.000000000000000E+00    1.557999000000000E-02    1.978106522559500E+40    9.336686992617998E+12    3.944832625376499E+12
                      101    1.810589557417317E+30    3.121739867880077E+33    1.215457176202737E+14    2.990932934522825E+07    1.545423127908830E-11    3.062502265814926E+03    3.315093637665371E+04    3.317228791277763E+04    1.715617393492000E-01    1.163398441704029E+03    3.122654536420598E+33    1.218611299247600E+14    1.095412000000000E-01    0.000000000000000E+00    5.223477000000000E-01    4.283080000000000E-02    1.936979000000000E-03    1.166057000000000E-01    1.029482000000000E-02    9.816786000000000E-05    2.550713000000000E-03    6.203312000000000E-02    6.017602000000000E-02    1.618268000000000E-02    2.191292000000000E-02    0.000000000000000E+00    0.000000000000000E+00    0.000000000000000E+00    0.000000000000000E+00    0.000000000000000E+00    1.767102000000000E-02    0.000000000000000E+00    1.557999000000000E-02    1.998106522559500E+40    9.322091340990998E+12    3.927534799562999E+12
                      102    1.828765413204381E+30    3.123569204961119E+33    1.221765422292463E+14    3.009297825813501E+07    1.544362827019799E-11    3.053798236875512E+03    3.309599376771839E+04    3.315093637665371E+04    1.714617393492000E-01    1.161729056304763E+03    3.124484867706576E+33    1.224890271188227E+14    1.095412000000000E-01    0.000000000000000E+00    5.223477000000000E-01    4.283080000000000E-02    1.936979000000000E-03    1.166057000000000E-01    1.029482000000000E-02    9.816786000000000E-05    2.550713000000000E-03    6.203312000000000E-02    6.017602000000000E-02    1.618268000000000E-02    2.191292000000000E-02    0.000000000000000E+00    0.000000000000000E+00    0.000000000000000E+00    0.000000000000000E+00    0.000000000000000E+00    1.767102000000000E-02    0.000000000000000E+00    1.557999000000000E-02    2.018106522559500E+40    9.307495689363998E+12    3.924832625376499E+12
                      103    1.830996210238317E+30    3.125400530452032E+33    1.228015120083991E+14    3.026432934522825E+07    1.544362827019799E-11    3.053798236875512E+03    3.309599376771839E+04    3.315093637665371E+04    1.714617393492000E-01    1.160075079223051E+03    3.126281396024751E+33    1.230964494906535E+14    1.095412000000000E-01    0.000000000000000E+00    5.223477000000000E-01    4.283080000000000E-02    1.936979000000000E-03    1.166057000000000E-01    1.029482000000000E-02    9.816786000000000E-05    2.550713000000000E-03    6.203312000000000E-02    6.017602000000000E-02    1.618268000000000E-02    2.191292000000000E-02    0.000000000000000E+00    0.000000000000000E+00    0.000000000000000E+00    0.000000000000000E+00    0.000000000000000E+00    1.767102000000000E-02    0.000000000000000E+00    1.557999000000000E-02    2.040808696746000E+40    9.314793515177498E+12    3.924832625376499E+12
                      104    1.763201375696867E+30    3.127162261597470E+33    1.233913869729078E+14    3.041068043232150E+07    1.550428536808059E-11    3.034425076275926E+03    3.309599376771839E+04    3.309599376771839E+04    1.714347176073350E-01    1.158508027668935E+03    3.127871129716374E+33    1.236259816809915E+14    1.095412000000000E-01    0.000000000000000E+00    5.223477000000000E-01    4.283080000000000E-02    1.936979000000000E-03    1.166057000000000E-01    1.029482000000000E-02    9.816786000000000E-05    2.550713000000000E-03    6.203312000000000E-02    6.017602000000000E-02    1.618268000000000E-02    2.191292000000000E-02    0.000000000000000E+00    0.000000000000000E+00    0.000000000000000E+00    0.000000000000000E+00    0.000000000000000E+00    1.767102000000000E-02    0.000000000000000E+00    1.557999000000000E-02    2.068106522559500E+40    9.343984818431498E+12    3.942130451189999E+12
                      105    1.416602048817464E+30    3.128579997835278E+33    1.238605763890753E+14    3.053568043232150E+07    1.550428536808059E-11    3.034425076275926E+03    3.307469133876483E+04    3.309599376771839E+04    1.713617393492000E-01    1.157262131297512E+03    3.129187457050776E+33    1.240645774838578E+14    1.095412000000000E-01    0.000000000000000E+00    5.223477000000000E-01    4.283080000000000E-02    1.936979000000000E-03    1.166057000000000E-01    1.029482000000000E-02    9.816786000000000E-05    2.550713000000000E-03    6.203312000000000E-02    6.017602000000000E-02    1.618268000000000E-02    2.191292000000000E-02    0.000000000000000E+00    0.000000000000000E+00    0.000000000000000E+00    0.000000000000000E+00    0.000000000000000E+00    1.767102000000000E-02    0.000000000000000E+00    1.557999000000000E-02    2.078106522559500E+40    9.336686992617998E+12    3.934832625376499E+12
                      106    1.215290462483316E+30    3.129794916266275E+33    1.242685785786402E+14    3.065568043232150E+07    1.540810891082834E-11    3.034425076275926E+03    3.307469133876483E+04    3.309599376771839E+04    1.712617393492000E-01    1.156186083318850E+03    3.130414305940997E+33    1.244746293608523E+14    1.095412000000000E-01    0.000000000000000E+00    5.223477000000000E-01    4.283080000000000E-02    1.936979000000000E-03    1.166057000000000E-01    1.029482000000000E-02    9.816786000000000E-05    2.550713000000000E-03    6.203312000000000E-02    6.017602000000000E-02    1.618268000000000E-02    2.191292000000000E-02    0.000000000000000E+00    0.000000000000000E+00    0.000000000000000E+00    0.000000000000000E+00    0.000000000000000E+00    1.767102000000000E-02    0.000000000000000E+00    1.557999000000000E-02    2.098106522559500E+40    9.280473947498998E+12    3.914832625376499E+12
                      107    1.238074458145723E+30    3.131033695615719E+33    1.246806801430643E+14    3.077932934522825E+07    1.533731508098084E-11    3.034425076275926E+03    3.307469133876483E+04    3.309599376771839E+04    1.711617393492000E-01    1.155104911324560E+03    3.131650102675636E+33    1.248864744057023E+14    1.095412000000000E-01    0.000000000000000E+00    5.223477000000000E-01    4.283080000000000E-02    1.936979000000000E-03    1.166057000000000E-01    1.029482000000000E-02    9.816786000000000E-05    2.550713000000000E-03    6.203312000000000E-02    6.017602000000000E-02    1.618268000000000E-02    2.191292000000000E-02    0.000000000000000E+00    0.000000000000000E+00    0.000000000000000E+00    0.000000000000000E+00    0.000000000000000E+00    1.767102000000000E-02    0.000000000000000E+00    1.557999000000000E-02    2.108106522559500E+40    9.236686992617998E+12    3.894832625376499E+12
                      108    1.232642520060950E+30    3.132266509735552E+33    1.250922686683404E+14    3.090432934522825E+07    1.521759273977847E-11    3.025800846353476E+03    3.307469133876483E+04    3.307469133876483E+04    1.710887610910650E-01    1.154034089404317E+03    3.132859055877020E+33    1.252903653572242E+14    1.095412000000000E-01    0.000000000000000E+00    5.223477000000000E-01    4.283080000000000E-02    1.936979000000000E-03    1.166057000000000E-01    1.029482000000000E-02    9.816786000000000E-05    2.550713000000000E-03    6.203312000000000E-02    6.017602000000000E-02    1.618268000000000E-02    2.191292000000000E-02    0.000000000000000E+00    0.000000000000000E+00    0.000000000000000E+00    0.000000000000000E+00    0.000000000000000E+00    1.767102000000000E-02    0.000000000000000E+00    1.557999000000000E-02    2.125404348373000E+40    9.158580470058500E+12    3.867534799562999E+12
                      109    1.186301236137422E+30    3.133451602018488E+33    1.254884620461081E+14    3.105568043232150E+07    1.508846255196401E-11    3.025800846353476E+03    3.301987509432345E+04    3.307469133876483E+04    1.709887610910650E-01    1.153012696995655E+03    3.134255913811186E+33    1.257612898886440E+14    1.095412000000000E-01    0.000000000000000E+00    5.223477000000000E-01    4.283080000000000E-02    1.936979000000000E-03    1.166057000000000E-01    1.029482000000000E-02    9.816786000000000E-05    2.550713000000000E-03    6.203312000000000E-02    6.017602000000000E-02    1.618268000000000E-02    2.191292000000000E-02    0.000000000000000E+00    0.000000000000000E+00    0.000000000000000E+00    0.000000000000000E+00    0.000000000000000E+00    1.767102000000000E-02    0.000000000000000E+00    1.557999000000000E-02    2.138106522559500E+40    9.100197863550500E+12    3.837534799562999E+12
                      110    1.607742123299042E+30    3.135060225603883E+33    1.260341177311798E+14    3.126568043232150E+07    1.501913736373063E-11    3.025800846353476E+03    3.301987509432345E+04    3.307469133876483E+04    1.708887610910650E-01    1.151613334728860E+03    3.136226427993047E+33    1.264163153578527E+14    1.095412000000000E-01    0.000000000000000E+00    5.223477000000000E-01    4.283080000000000E-02    1.936979000000000E-03    1.166057000000000E-01    1.029482000000000E-02    9.816786000000000E-05    2.550713000000000E-03    6.203312000000000E-02    6.017602000000000E-02    1.618268000000000E-02    2.191292000000000E-02    0.000000000000000E+00    0.000000000000000E+00    0.000000000000000E+00    0.000000000000000E+00    0.000000000000000E+00    1.767102000000000E-02    0.000000000000000E+00    1.557999000000000E-02    2.155404348373000E+40    9.036686992617998E+12    3.807534799562999E+12
                      111    2.332120435717303E+30    3.137392630382212E+33    1.267985129845256E+14    3.150932934522825E+07    1.512324505037577E-11    3.006605299957852E+03    3.301987509432345E+04    3.301987509432345E+04    1.708887610910650E-01    1.149639366077723E+03    3.138635386551398E+33    1.271974414126648E+14    1.095412000000000E-01    0.000000000000000E+00    5.223477000000000E-01    4.283080000000000E-02    1.936979000000000E-03    1.166057000000000E-01    1.029482000000000E-02    9.816786000000000E-05    2.550713000000000E-03    6.203312000000000E-02    6.017602000000000E-02    1.618268000000000E-02    2.191292000000000E-02    0.000000000000000E+00    0.000000000000000E+00    0.000000000000000E+00    0.000000000000000E+00    0.000000000000000E+00    1.767102000000000E-02    0.000000000000000E+00    1.557999000000000E-02    2.175404348373000E+40    9.114793515177500E+12    3.837534799562999E+12
                      112    2.487278046337743E+30    3.139878142720585E+33    1.275963698408040E+14    3.174797825813500E+07    1.521759273977847E-11    3.006605299957852E+03    3.299862165959692E+04    3.301987509432345E+04    1.708617393492000E-01    1.147566263969690E+03    3.141116922070029E+33    1.279878548991621E+14    1.095412000000000E-01    0.000000000000000E+00    5.223477000000000E-01    4.283080000000000E-02    1.936979000000000E-03    1.166057000000000E-01    1.029482000000000E-02    9.816786000000000E-05    2.550713000000000E-03    6.203312000000000E-02    6.017602000000000E-02    1.618268000000000E-02    2.191292000000000E-02    0.000000000000000E+00    0.000000000000000E+00    0.000000000000000E+00    0.000000000000000E+00    0.000000000000000E+00    1.767102000000000E-02    0.000000000000000E+00    1.557999000000000E-02    2.195404348373000E+40    9.158580470058500E+12    3.864832625376499E+12
                      113    2.477198796703175E+30    3.142355701419474E+33    1.283793399575202E+14    3.197432934522825E+07    1.524219127676499E-11    2.998060137450595E+03    3.299862165959692E+04    3.299862165959692E+04    1.708617393492000E-01    1.145528422261165E+03    3.143605417023208E+33    1.287714516174800E+14    1.095412000000000E-01    0.000000000000000E+00    5.223477000000000E-01    4.283080000000000E-02    1.936979000000000E-03    1.166057000000000E-01    1.029482000000000E-02    9.816786000000000E-05    2.550713000000000E-03    6.203312000000000E-02    6.017602000000000E-02    1.618268000000000E-02    2.191292000000000E-02    0.000000000000000E+00    0.000000000000000E+00    0.000000000000000E+00    0.000000000000000E+00    0.000000000000000E+00    1.767102000000000E-02    0.000000000000000E+00    1.557999000000000E-02    2.225404348373000E+40    9.173176121685500E+12    3.867534799562999E+12
                      114    2.499345705843009E+30    3.144855132626942E+33    1.291635632774399E+14    3.217932934522825E+07    1.531254603508171E-11    2.998060137450595E+03    3.294393148901923E+04    3.299862165959692E+04    1.707617393492000E-01    1.143479019428532E+03    3.145917937702830E+33    1.294816508893835E+14    1.095412000000000E-01    0.000000000000000E+00    5.223477000000000E-01    4.283080000000000E-02    1.936979000000000E-03    1.166057000000000E-01    1.029482000000000E-02    9.816786000000000E-05    2.550713000000000E-03    6.203312000000000E-02    6.017602000000000E-02    1.618268000000000E-02    2.191292000000000E-02    0.000000000000000E+00    0.000000000000000E+00    0.000000000000000E+00    0.000000000000000E+00    0.000000000000000E+00    1.767102000000000E-02    0.000000000000000E+00    1.557999000000000E-02    2.255404348373000E+40    9.229389166804498E+12    3.884832625376499E+12
                      115    2.125105095669059E+30    3.146980742778718E+33    1.297997385013271E+14    3.234932934522825E+07    1.533731508098084E-11    2.998060137450595E+03    3.294393148901923E+04    3.299862165959692E+04    1.707617393492000E-01    1.141813811368984E+03    3.147843712662601E+33    1.300677035352118E+14    1.095412000000000E-01    0.000000000000000E+00    5.223477000000000E-01    4.283080000000000E-02    1.936979000000000E-03    1.166057000000000E-01    1.029482000000000E-02    9.816786000000000E-05    2.550713000000000E-03    6.203312000000000E-02    6.017602000000000E-02    1.618268000000000E-02    2.191292000000000E-02    0.000000000000000E+00    0.000000000000000E+00    0.000000000000000E+00    0.000000000000000E+00    0.000000000000000E+00    1.767102000000000E-02    0.000000000000000E+00    1.557999000000000E-02    2.282702174186500E+40    9.236686992617998E+12    3.894832625376499E+12
                      116    1.726062253813943E+30    3.148706682546484E+33    1.303356685690966E+14    3.250432934522825E+07    1.526684651923561E-11    2.979040576882139E+03    3.292272693583612E+04    3.294393148901923E+04    1.706617393492000E-01    1.140418290907021E+03    3.149572635045173E+33    1.306018267141343E+14    1.095412000000000E-01    0.000000000000000E+00    5.223477000000000E-01    4.283080000000000E-02    1.936979000000000E-03    1.166057000000000E-01    1.029482000000000E-02    9.816786000000000E-05    2.550713000000000E-03    6.203312000000000E-02    6.017602000000000E-02    1.618268000000000E-02    2.191292000000000E-02    0.000000000000000E+00    0.000000000000000E+00    0.000000000000000E+00    0.000000000000000E+00    0.000000000000000E+00    1.767102000000000E-02    0.000000000000000E+00    1.557999000000000E-02    2.302702174186500E+40    9.180473947499000E+12    3.874832625376499E+12
                      117    1.731182409230990E+30    3.150438587543862E+33    1.308679848591721E+14    3.266297825813499E+07    1.517215976920005E-11    2.979040576882139E+03    3.292272693583612E+04    3.294393148901923E+04    1.705617393492000E-01    1.139041618707764E+03    3.151309511067228E+33    1.311350463927124E+14    1.095412000000000E-01    0.000000000000000E+00    5.223477000000000E-01    4.283080000000000E-02    1.936979000000000E-03    1.166057000000000E-01    1.029482000000000E-02    9.816786000000000E-05    2.550713000000000E-03    6.203312000000000E-02    6.017602000000000E-02    1.618268000000000E-02    2.191292000000000E-02    0.000000000000000E+00    0.000000000000000E+00    0.000000000000000E+00    0.000000000000000E+00    0.000000000000000E+00    1.767102000000000E-02    0.000000000000000E+00    1.557999000000000E-02    2.320000000000000E+40    9.136686992618000E+12    3.844832625376499E+12
                      118    1.742115084382062E+30    3.152180434590593E+33    1.314021079262526E+14    3.282432934522825E+07    1.507807701094076E-11    2.970573756895642E+03    3.292272693583612E+04    3.292272693583612E+04    1.704617393492000E-01    1.137669684342000E+03    3.153059311753442E+33    1.316708873533550E+14    1.095412000000000E-01    0.000000000000000E+00    5.223477000000000E-01    4.283080000000000E-02    1.936979000000000E-03    1.166056000000000E-01    1.029482000000000E-02    9.816787000000000E-05    2.550713000000000E-03    6.203312000000000E-02    6.017602000000000E-02    1.618268000000000E-02    2.191292000000000E-02    0.000000000000000E+00    0.000000000000000E+00    0.000000000000000E+00    0.000000000000000E+00    0.000000000000000E+00    1.767102000000000E-02    0.000000000000000E+00    1.557998000000000E-02    2.332702174186500E+40    9.073176121685500E+12    3.824832625376499E+12
                      119    1.757438765050597E+30    3.153938188916290E+33    1.319396667804573E+14    3.299068043232150E+07    1.499848549247222E-11    2.970573756895642E+03    3.292272693583612E+04    3.292272693583612E+04    1.703617393492000E-01    1.136297055800126E+03    3.154824025513686E+33    1.322132002972712E+14    1.101399000000000E-01    0.000000000000000E+00    5.227547000000000E-01    4.278848000000000E-02    1.942369000000000E-03    1.162729000000000E-01    1.028915000000000E-02    9.844104000000000E-05    2.552098000000000E-03    6.182310000000000E-02    5.997209000000001E-02    1.612779000000000E-02    2.183852000000000E-02    0.000000000000000E+00    0.000000000000000E+00    0.000000000000000E+00    0.000000000000000E+00    0.000000000000000E+00    1.760964000000000E-02    0.000000000000000E+00    1.555234000000000E-02    2.352702174186500E+40    9.031282644244998E+12    3.804832625376499E+12
                      120    1.771866070549421E+30    3.155709862111082E+33    1.324867338140850E+14    3.315932934522825E+07    1.476882543143760E-11    2.970573756895642E+03    3.286816254916033E+04    3.292272693583612E+04    1.701617393492000E-01    1.134923189222614E+03    3.156597687118349E+33    1.327592638466390E+14    1.139160000000000E-01    0.000000000000000E+00    5.253222000000000E-01    4.252154000000000E-02    1.976368000000000E-03    1.141741000000000E-01    1.025341000000000E-02    1.001641000000000E-04    2.560833000000000E-03    6.049842000000000E-02    5.868578000000000E-02    1.578156000000000E-02    2.136922000000000E-02    0.000000000000000E+00    0.000000000000000E+00    0.000000000000000E+00    0.000000000000000E+00    0.000000000000000E+00    1.722254000000000E-02    0.000000000000000E+00    1.537798000000000E-02    2.370000000000000E+40    8.888580470058498E+12    3.784832625376500E+12
                      121    1.776204383205310E+30    3.157485512125616E+33    1.330317938791930E+14    3.332932934522825E+07    1.470096884237201E-11    2.970573756895642E+03    3.286816254916033E+04    3.292272693583612E+04    1.722887610910650E-01    1.133543644149642E+03    3.158411116920425E+33    1.333151096605370E+14    1.139161000000000E-01    0.000000000000000E+00    5.253223000000000E-01    4.252153000000000E-02    1.976369000000000E-03    1.141740000000000E-01    1.025341000000000E-02    1.001642000000000E-04    2.560834000000000E-03    6.049838000000000E-02    5.868574000000000E-02    1.578155000000000E-02    2.136921000000000E-02    0.000000000000000E+00    0.000000000000000E+00    0.000000000000000E+00    0.000000000000000E+00    0.000000000000000E+00    1.722253000000000E-02    0.000000000000000E+00    1.537798000000000E-02    2.390000000000000E+40    8.858580470058498E+12    3.774832625376500E+12
                      122    1.851862782262409E+30    3.159336721715236E+33    1.335984254418809E+14    3.351568043232150E+07    1.467726005848571E-11    2.951728568706610E+03    3.284700676509621E+04    3.286816254916033E+04    1.721887610910650E-01    1.132112662598944E+03    3.160376660077611E+33    1.339137317611943E+14    1.139161000000000E-01    0.000000000000000E+00    5.253223000000000E-01    4.252153000000000E-02    1.976369000000000E-03    1.141740000000000E-01    1.025341000000000E-02    1.001642000000000E-04    2.560834000000000E-03    6.049838000000000E-02    5.868574000000000E-02    1.578155000000000E-02    2.136921000000000E-02    0.000000000000000E+00    0.000000000000000E+00    0.000000000000000E+00    0.000000000000000E+00    0.000000000000000E+00    1.722253000000000E-02    0.000000000000000E+00    1.537798000000000E-02    2.400000000000000E+40    8.841282644244998E+12    3.764832625376500E+12
                      123    2.078884508224682E+30    3.161416598439986E+33    1.342290380805077E+14    3.371568043232150E+07    1.470096884237201E-11    2.951728568706610E+03    3.284700676509621E+04    3.286816254916033E+04    1.721887610910650E-01    1.130517536739076E+03    3.162513206483675E+33    1.345554052332663E+14    1.139161000000000E-01    0.000000000000000E+00    5.253223000000000E-01    4.252153000000000E-02    1.976369000000000E-03    1.141740000000000E-01    1.025341000000000E-02    1.001642000000000E-04    2.560834000000000E-03    6.049838000000000E-02    5.868574000000000E-02    1.578155000000000E-02    2.136921000000000E-02    0.000000000000000E+00    0.000000000000000E+00    0.000000000000000E+00    0.000000000000000E+00    0.000000000000000E+00    1.722253000000000E-02    0.000000000000000E+00    1.537798000000000E-02    2.420000000000000E+40    8.851282644244998E+12    3.767534799563000E+12
                      124    2.194486681287326E+30    3.163609814527365E+33    1.348817723860249E+14    3.391568043232150E+07    1.474500721277714E-11    2.943339372992332E+03    3.284700676509621E+04    3.284700676509621E+04    1.721887610910650E-01    1.128861503922480E+03    3.164706422571055E+33    1.352048522801776E+14    1.139161000000000E-01    0.000000000000000E+00    5.253223000000000E-01    4.252153000000000E-02    1.976369000000000E-03    1.141740000000000E-01    1.025341000000000E-02    1.001642000000000E-04    2.560834000000000E-03    6.049838000000000E-02    5.868574000000000E-02    1.578155000000000E-02    2.136921000000000E-02    0.000000000000000E+00    0.000000000000000E+00    0.000000000000000E+00    0.000000000000000E+00    0.000000000000000E+00    1.722253000000000E-02    0.000000000000000E+00    1.537798000000000E-02    2.440000000000000E+40    8.881282644244998E+12    3.777534799563000E+12
                      125    2.192758753109689E+30    3.165803030614746E+33    1.355279321743303E+14    3.412068043232150E+07    1.477899796486294E-11    2.943339372992332E+03    3.284700676509621E+04    3.284700676509621E+04    1.720887610910650E-01    1.127219308563944E+03    3.166945372085462E+33    1.358639934134019E+14    1.139161000000000E-01    0.000000000000000E+00    5.253223000000000E-01    4.252153000000000E-02    1.976369000000000E-03    1.141740000000000E-01    1.025341000000000E-02    1.001642000000000E-04    2.560834000000000E-03    6.049838000000000E-02    5.868574000000000E-02    1.578155000000000E-02    2.136921000000000E-02    0.000000000000000E+00    0.000000000000000E+00    0.000000000000000E+00    0.000000000000000E+00    0.000000000000000E+00    1.722253000000000E-02    0.000000000000000E+00    1.537798000000000E-02    2.460000000000000E+40    8.893984818431498E+12    3.784832625376500E+12
                      126    2.284901666517837E+30    3.168087713556178E+33    1.362000546524734E+14    3.433432934522825E+07    1.477899796486294E-11    2.943339372992332E+03    3.279256787302730E+04    3.284700676509621E+04    1.720887610910650E-01    1.125511119136533E+03    3.169307603011851E+33    1.365526915976424E+14    1.139161000000000E-01    0.000000000000000E+00    5.253223000000000E-01    4.252153000000000E-02    1.976369000000000E-03    1.141740000000000E-01    1.025341000000000E-02    1.001642000000000E-04    2.560834000000000E-03    6.049838000000000E-02    5.868574000000000E-02    1.578155000000000E-02    2.136921000000000E-02    0.000000000000000E+00    0.000000000000000E+00    0.000000000000000E+00    0.000000000000000E+00    0.000000000000000E+00    1.722253000000000E-02    0.000000000000000E+00    1.537798000000000E-02    2.484595651627000E+40    8.903984818431498E+12    3.787534799562999E+12
                      127    2.438098705005768E+30    3.170527492467524E+33    1.369053285428115E+14    3.455297825813500E+07    1.481306707372473E-11    2.943339372992332E+03    3.277146074591632E+04    3.284700676509621E+04    1.719887610910650E-01    1.123715560929519E+03    3.171773231251517E+33    1.372607236511756E+14    1.139161000000000E-01    0.000000000000000E+00    5.253223000000000E-01    4.252153000000000E-02    1.976369000000000E-03    1.141740000000000E-01    1.025341000000000E-02    1.001642000000000E-04    2.560834000000000E-03    6.049838000000000E-02    5.868574000000000E-02    1.578155000000000E-02    2.136921000000000E-02    0.000000000000000E+00    0.000000000000000E+00    0.000000000000000E+00    0.000000000000000E+00    0.000000000000000E+00    1.722253000000000E-02    0.000000000000000E+00    1.537798000000000E-02    2.504595651627000E+40    8.921282644244998E+12    3.794832625376499E+12
                      128    2.493412290788846E+30    3.173018970035509E+33    1.376161187595398E+14    3.476797825813501E+07    1.483699523228735E-11    2.924666958527107E+03    3.277146074591632E+04    3.279256787302730E+04    1.719887610910650E-01    1.121903009720271E+03    3.174276639278725E+33    1.379699047003867E+14    1.139161000000000E-01    0.000000000000000E+00    5.253223000000000E-01    4.252153000000000E-02    1.976369000000000E-03    1.141740000000000E-01    1.025341000000000E-02    1.001642000000000E-04    2.560834000000000E-03    6.049838000000000E-02    5.868574000000000E-02    1.578155000000000E-02    2.136921000000000E-02    0.000000000000000E+00    0.000000000000000E+00    0.000000000000000E+00    0.000000000000000E+00    0.000000000000000E+00    1.722253000000000E-02    0.000000000000000E+00    1.537798000000000E-02    2.524595651627000E+40    8.933984818431498E+12    3.797534799562999E+12
                      129    2.514390014924711E+30    3.175534308521942E+33    1.383236906412336E+14    3.498297825813501E+07    1.483699523228735E-11    2.916354675421450E+03    3.277146074591632E+04    3.277146074591632E+04    1.718887610910650E-01    1.120099698724042E+03    3.176820809708283E+33    1.386834694105584E+14    1.139161000000000E-01    0.000000000000000E+00    5.253223000000000E-01    4.252153000000000E-02    1.976369000000000E-03    1.141740000000000E-01    1.025341000000000E-02    1.001642000000000E-04    2.560834000000000E-03    6.049838000000000E-02    5.868574000000000E-02    1.578155000000000E-02    2.136921000000000E-02    0.000000000000000E+00    0.000000000000000E+00    0.000000000000000E+00    0.000000000000000E+00    0.000000000000000E+00    1.722253000000000E-02    0.000000000000000E+00    1.537798000000000E-02    2.554595651627000E+40    8.941282644244998E+12    3.797534799562999E+12
                      130    2.572391930852973E+30    3.178107310894625E+33    1.390432481798832E+14    3.520297825813500E+07    1.483699523228735E-11    2.916354675421450E+03    3.277146074591632E+04    3.277146074591632E+04    1.717887610910650E-01    1.118266906182546E+03    3.179426620843833E+33    1.394087605416361E+14    1.139161000000000E-01    0.000000000000000E+00    5.253223000000000E-01    4.252153000000000E-02    1.976369000000000E-03    1.141740000000000E-01    1.025341000000000E-02    1.001642000000000E-04    2.560834000000000E-03    6.049838000000000E-02    5.868574000000000E-02    1.578155000000000E-02    2.136921000000000E-02    0.000000000000000E+00    0.000000000000000E+00    0.000000000000000E+00    0.000000000000000E+00    0.000000000000000E+00    1.722253000000000E-02    0.000000000000000E+00    1.537798000000000E-02    2.574595651627000E+40    8.941282644244998E+12    3.797534799562999E+12
                      131    2.638713353680236E+30    3.180745930793041E+33    1.397742729033889E+14    3.542432934522825E+07    1.484721471999358E-11    2.916354675421450E+03    3.271714705982479E+04    3.277146074591632E+04    1.717887610910650E-01    1.116403625313048E+03    3.182079159611344E+33    1.401393213398917E+14    1.139161000000000E-01    0.000000000000000E+00    5.253223000000000E-01    4.252153000000000E-02    1.976369000000000E-03    1.141740000000000E-01    1.025341000000000E-02    1.001642000000000E-04    2.560834000000000E-03    6.049838000000000E-02    5.868574000000000E-02    1.578155000000000E-02    2.136921000000000E-02    0.000000000000000E+00    0.000000000000000E+00    0.000000000000000E+00    0.000000000000000E+00    0.000000000000000E+00    1.722253000000000E-02    0.000000000000000E+00    1.537798000000000E-02    2.601893477440500E+40    8.941282644244998E+12    3.797534799562999E+12
                      132    2.666547115050267E+30    3.183412388429648E+33    1.405043697763945E+14    3.564932934522825E+07    1.484721471999358E-11    2.897853450681043E+03    3.269608847775904E+04    3.271714705982479E+04    1.716887610910650E-01    1.114543792955817E+03    3.184761524526916E+33    1.408693560171991E+14    1.139161000000000E-01    0.000000000000000E+00    5.253223000000000E-01    4.252153000000000E-02    1.976369000000000E-03    1.141740000000000E-01    1.025341000000000E-02    1.001642000000000E-04    2.560834000000000E-03    6.049838000000000E-02    5.868574000000000E-02    1.578155000000000E-02    2.136921000000000E-02    0.000000000000000E+00    0.000000000000000E+00    0.000000000000000E+00    0.000000000000000E+00    0.000000000000000E+00    1.722253000000000E-02    0.000000000000000E+00    1.537798000000000E-02    2.621893477440500E+40    8.941282644244998E+12    3.797534799562999E+12
                      133    2.699021825058508E+30    3.186110660624185E+33    1.412343422580038E+14    3.588297825813500E+07    1.483699523228735E-11    2.889617375044959E+03    3.269608847775904E+04    3.269608847775904E+04    1.715887610910650E-01    1.112686664666840E+03    3.187563194034730E+33    1.416253626667368E+14    1.139161000000000E-01    0.000000000000000E+00    5.253223000000000E-01    4.252153000000000E-02    1.976369000000000E-03    1.141740000000000E-01    1.025341000000000E-02    1.001642000000000E-04    2.560834000000000E-03    6.049838000000000E-02    5.868574000000000E-02    1.578155000000000E-02    2.136921000000000E-02    0.000000000000000E+00    0.000000000000000E+00    0.000000000000000E+00    0.000000000000000E+00    0.000000000000000E+00    1.722253000000000E-02    0.000000000000000E+00    1.537798000000000E-02    2.641893477440500E+40    8.933984818431498E+12    3.797534799562999E+12
                      134    2.904929620808774E+30    3.189015727445275E+33    1.420163830754699E+14    3.612797825813501E+07    1.483699523228735E-11    2.889617375044959E+03    3.269608847775904E+04    3.269608847775904E+04    1.715157828329300E-01    1.110697907905364E+03    3.190561716119742E+33    1.424246277306096E+14    1.139161000000000E-01    0.000000000000000E+00    5.253223000000000E-01    4.252153000000000E-02    1.976369000000000E-03    1.141740000000000E-01    1.025341000000000E-02    1.001642000000000E-04    2.560834000000000E-03    6.049838000000000E-02    5.868574000000000E-02    1.578155000000000E-02    2.136921000000000E-02    0.000000000000000E+00    0.000000000000000E+00    0.000000000000000E+00    0.000000000000000E+00    0.000000000000000E+00    1.722253000000000E-02    0.000000000000000E+00    1.537798000000000E-02    2.669191303254000E+40    8.933984818431498E+12    3.797534799562999E+12
                      135    3.091112390641714E+30    3.192107704794210E+33    1.428328723857494E+14    3.637432934522825E+07    1.484721471999358E-11    2.889617375044959E+03    3.264189970967903E+04    3.269608847775904E+04    1.714887610910650E-01    1.108620487261854E+03    3.193675565977255E+33    1.432448257326958E+14    1.139161000000000E-01    0.000000000000000E+00    5.253223000000000E-01    4.252153000000000E-02    1.976369000000000E-03    1.141740000000000E-01    1.025341000000000E-02    1.001642000000000E-04    2.560834000000000E-03    6.049838000000000E-02    5.868574000000000E-02    1.578155000000000E-02    2.136921000000000E-02    0.000000000000000E+00    0.000000000000000E+00    0.000000000000000E+00    0.000000000000000E+00    0.000000000000000E+00    1.722253000000000E-02    0.000000000000000E+00    1.537798000000000E-02    2.699191303254000E+40    8.936686992617998E+12    3.797534799562999E+12
                      136    3.136571417105613E+30    3.195243427160301E+33    1.436567790796422E+14    3.660797825813501E+07    1.484721471999358E-11    2.889617375044959E+03    3.262088956100801E+04    3.269608847775904E+04    1.713887610910650E-01    1.106525327522183E+03    3.196780467990351E+33    1.440455928727853E+14    1.139161000000000E-01    0.000000000000000E+00    5.253223000000000E-01    4.252153000000000E-02    1.976369000000000E-03    1.141740000000000E-01    1.025341000000000E-02    1.001642000000000E-04    2.560834000000000E-03    6.049838000000000E-02    5.868574000000000E-02    1.578155000000000E-02    2.136921000000000E-02    0.000000000000000E+00    0.000000000000000E+00    0.000000000000000E+00    0.000000000000000E+00    0.000000000000000E+00    1.722253000000000E-02    0.000000000000000E+00    1.537798000000000E-02    2.726489129067500E+40    8.943984818431498E+12    3.797534799562999E+12
                      137    3.073351913676640E+30    3.198317508820400E+33    1.444344066659284E+14    3.681297825813500E+07    1.519670173112144E-11    2.863125203711721E+03    3.262088956100801E+04    3.262088956100801E+04    1.713887610910650E-01    1.104500970213109E+03    3.199632841949867E+33    1.447654382375102E+14    1.139161000000000E-01    0.000000000000000E+00    5.253223000000000E-01    4.252153000000000E-02    1.976369000000000E-03    1.141740000000000E-01    1.025341000000000E-02    1.001642000000000E-04    2.560834000000000E-03    6.049838000000000E-02    5.868574000000000E-02    1.578155000000000E-02    2.136921000000000E-02    0.000000000000000E+00    0.000000000000000E+00    0.000000000000000E+00    0.000000000000000E+00    0.000000000000000E+00    1.722253000000000E-02    0.000000000000000E+00    1.537798000000000E-02    2.756489129067500E+40    9.151282644245000E+12    3.877534799562999E+12
                      138    2.631370156027748E+30    3.200948175079334E+33    1.450964698090919E+14    3.699703151941475E+07    1.496398993308118E-11    2.863125203711721E+03    3.256682542363613E+04    3.262088956100801E+04    1.711887610910650E-01    1.102805884169211E+03    3.202144203616558E+33    1.454005271733468E+14    1.139161000000000E-01    0.000000000000000E+00    5.253223000000000E-01    4.252153000000000E-02    1.976369000000000E-03    1.141740000000000E-01    1.025341000000000E-02    1.001642000000000E-04    2.560834000000000E-03    6.049838000000000E-02    5.868574000000000E-02    1.578155000000000E-02    2.136921000000000E-02    0.000000000000000E+00    0.000000000000000E+00    0.000000000000000E+00    0.000000000000000E+00    0.000000000000000E+00    1.722253000000000E-02    0.000000000000000E+00    1.537798000000000E-02    2.783786954881000E+40    9.015878295871998E+12    3.824832625376499E+12
                      139    2.391510261735313E+30    3.203340232153783E+33    1.457045845376018E+14    3.718203151941475E+07    1.491574634935936E-11    2.863125203711721E+03    3.262088956100801E+04    3.262088956100801E+04    1.711887610910650E-01    1.101254227651122E+03    3.204562110019327E+33    1.460118770640479E+14    1.139161000000000E-01    0.000000000000000E+00    5.253223000000000E-01    4.252153000000000E-02    1.976369000000000E-03    1.141740000000000E-01    1.025341000000000E-02    1.001642000000000E-04    2.560834000000000E-03    6.049838000000000E-02    5.868574000000000E-02    1.578155000000000E-02    2.136921000000000E-02    0.000000000000000E+00    0.000000000000000E+00    0.000000000000000E+00    0.000000000000000E+00    0.000000000000000E+00    1.722253000000000E-02    0.000000000000000E+00    1.537798000000000E-02    2.803786954881000E+40    8.976686992617998E+12    3.810236973749499E+12
                      140    2.443570808969929E+30    3.205783987884872E+33    1.463191695904940E+14    3.737068043232150E+07    1.491574634935936E-11    2.863125203711721E+03    3.254586359696616E+04    3.262088956100801E+04    1.711157828329300E-01    1.099686669046790E+03    3.207025749849122E+33    1.466285159134704E+14    1.139161000000000E-01    0.000000000000000E+00    5.253223000000000E-01    4.252153000000000E-02    1.976369000000000E-03    1.141740000000000E-01    1.025341000000000E-02    1.001642000000000E-04    2.560834000000000E-03    6.049838000000000E-02    5.868574000000000E-02    1.578155000000000E-02    2.136921000000000E-02    0.000000000000000E+00    0.000000000000000E+00    0.000000000000000E+00    0.000000000000000E+00    0.000000000000000E+00    1.722253000000000E-02    0.000000000000000E+00    1.537798000000000E-02    2.823786954881000E+40    8.976686992617998E+12    3.810236973749499E+12
                      141    2.484524098666826E+30    3.208267511813373E+33    1.469378622364468E+14    3.756068043232150E+07    1.491574634935936E-11    2.844961664379461E+03    3.254586359696616E+04    3.256682542363613E+04    1.710887610910650E-01    1.098108890208461E+03    3.209539099925684E+33    1.472510095027887E+14    1.139161000000000E-01    0.000000000000000E+00    5.253223000000000E-01    4.252153000000000E-02    1.976369000000000E-03    1.141740000000000E-01    1.025341000000000E-02    1.001642000000000E-04    2.560834000000000E-03    6.049838000000000E-02    5.868574000000000E-02    1.578155000000000E-02    2.136921000000000E-02    0.000000000000000E+00    0.000000000000000E+00    0.000000000000000E+00    0.000000000000000E+00    0.000000000000000E+00    1.722253000000000E-02    0.000000000000000E+00    1.537798000000000E-02    2.843786954881000E+40    8.986686992617998E+12    3.810236973749499E+12
                      142    2.543492381792248E+30    3.210810688037996E+33    1.475641567691306E+14    3.775068043232150E+07    1.491574634935936E-11    2.836875914065185E+03    3.254586359696616E+04    3.254586359696616E+04    1.710157828329300E-01    1.096512390395009E+03    3.212100171839144E+33    1.478785750020031E+14    1.139161000000000E-01    0.000000000000000E+00    5.253223000000000E-01    4.252153000000000E-02    1.976369000000000E-03    1.141740000000000E-01    1.025341000000000E-02    1.001642000000000E-04    2.560834000000000E-03    6.049838000000000E-02    5.868574000000000E-02    1.578155000000000E-02    2.136921000000000E-02    0.000000000000000E+00    0.000000000000000E+00    0.000000000000000E+00    0.000000000000000E+00    0.000000000000000E+00    1.722253000000000E-02    0.000000000000000E+00    1.537798000000000E-02    2.861084780694500E+40    8.989389166804498E+12    3.810236973749499E+12
                      143    2.579015324132268E+30    3.213389655640291E+33    1.481929932348756E+14    3.794068043232150E+07    1.495013069580421E-11    2.836875914065185E+03    3.254586359696616E+04    3.254586359696616E+04    1.709887610910650E-01    1.094905985231766E+03    3.214690075695728E+33    1.485053164588211E+14    1.139161000000000E-01    0.000000000000000E+00    5.253223000000000E-01    4.252153000000000E-02    1.976369000000000E-03    1.141740000000000E-01    1.025341000000000E-02    1.001642000000000E-04    2.560834000000000E-03    6.049838000000000E-02    5.868574000000000E-02    1.578155000000000E-02    2.136921000000000E-02    0.000000000000000E+00    0.000000000000000E+00    0.000000000000000E+00    0.000000000000000E+00    0.000000000000000E+00    1.722253000000000E-02    0.000000000000000E+00    1.537798000000000E-02    2.881084780694501E+40    8.999389166804498E+12    3.810236973749499E+12
                      144    2.600893797939559E+30    3.215990495751164E+33    1.488176396827666E+14    3.813568043232150E+07    1.495013069580421E-11    2.836875914065185E+03    3.254586359696616E+04    3.254586359696616E+04    1.709157828329300E-01    1.093310948842623E+03    3.217318753544791E+33    1.491346427476662E+14    1.139161000000000E-01    0.000000000000000E+00    5.253223000000000E-01    4.252153000000000E-02    1.976369000000000E-03    1.141740000000000E-01    1.025341000000000E-02    1.001642000000000E-04    2.560834000000000E-03    6.049838000000000E-02    5.868574000000000E-02    1.578155000000000E-02    2.136921000000000E-02    0.000000000000000E+00    0.000000000000000E+00    0.000000000000000E+00    0.000000000000000E+00    0.000000000000000E+00    1.722253000000000E-02    0.000000000000000E+00    1.537798000000000E-02    2.901084780694500E+40    9.009389166804498E+12    3.820236973749499E+12
                      145    2.654799589534183E+30    3.218647011338417E+33    1.494516458125659E+14    3.833432934522825E+07    1.498459430635375E-11    2.836875914065185E+03    3.249192380365976E+04    3.254586359696616E+04    1.708887610910650E-01    1.091688557112923E+03    3.220007083689974E+33    1.497752991216301E+14    1.139161000000000E-01    0.000000000000000E+00    5.253223000000000E-01    4.252153000000000E-02    1.976369000000000E-03    1.141740000000000E-01    1.025341000000000E-02    1.001642000000000E-04    2.560834000000000E-03    6.049838000000000E-02    5.868574000000000E-02    1.578155000000000E-02    2.136921000000000E-02    0.000000000000000E+00    0.000000000000000E+00    0.000000000000000E+00    0.000000000000000E+00    0.000000000000000E+00    1.722253000000000E-02    0.000000000000000E+00    1.537798000000000E-02    2.928382606508000E+40    9.019389166804498E+12    3.820236973749499E+12
                      146    2.721675778715370E+30    3.221367156041532E+33    1.500989524306943E+14    3.853297825813500E+07    1.501913736373063E-11    2.836875914065185E+03    3.247101018785327E+04    3.254586359696616E+04    1.708157828329300E-01    1.090029012837928E+03    3.222743135672054E+33    1.504257514339941E+14    1.139161000000000E-01    0.000000000000000E+00    5.253223000000000E-01    4.252153000000000E-02    1.976369000000000E-03    1.141740000000000E-01    1.025341000000000E-02    1.001642000000000E-04    2.560834000000000E-03    6.049838000000000E-02    5.868574000000000E-02    1.578155000000000E-02    2.136921000000000E-02    0.000000000000000E+00    0.000000000000000E+00    0.000000000000000E+00    0.000000000000000E+00    0.000000000000000E+00    1.722253000000000E-02    0.000000000000000E+00    1.537798000000000E-02    2.948382606508000E+40    9.036686992617998E+12    3.822939147935999E+12
                      147    2.751338877166444E+30    3.224119115302578E+33    1.507525504372938E+14    3.873297825813500E+07    1.502949901867237E-11    2.810867279352663E+03    3.247101018785327E+04    3.247101018785327E+04    1.707887610910650E-01    1.088352477178909E+03    3.225507025392325E+33    1.510752460745990E+14    1.139161000000000E-01    0.000000000000000E+00    5.253223000000000E-01    4.252153000000000E-02    1.976369000000000E-03    1.141740000000000E-01    1.025341000000000E-02    1.001642000000000E-04    2.560834000000000E-03    6.049838000000000E-02    5.868574000000000E-02    1.578155000000000E-02    2.136921000000000E-02    0.000000000000000E+00    0.000000000000000E+00    0.000000000000000E+00    0.000000000000000E+00    0.000000000000000E+00    1.722253000000000E-02    0.000000000000000E+00    1.537798000000000E-02    2.968382606508000E+40    9.043984818431500E+12    3.832939147935999E+12
                      148    2.775579581900124E+30    3.226894935482072E+33    1.513979417119042E+14    3.894432934522825E+07    1.502949901867237E-11    2.810867279352663E+03    3.247101018785327E+04    3.247101018785327E+04    1.707157828329300E-01    1.086697707616230E+03    3.228468761894730E+33    1.517619754353542E+14    1.139161000000000E-01    0.000000000000000E+00    5.253223000000000E-01    4.252153000000000E-02    1.976369000000000E-03    1.141740000000000E-01    1.025341000000000E-02    1.001642000000000E-04    2.560834000000000E-03    6.049838000000000E-02    5.868574000000000E-02    1.578155000000000E-02    2.136921000000000E-02    0.000000000000000E+00    0.000000000000000E+00    0.000000000000000E+00    0.000000000000000E+00    0.000000000000000E+00    1.722253000000000E-02    0.000000000000000E+00    1.537798000000000E-02    2.988382606508000E+40    9.043984818431500E+12    3.832939147935999E+12
                      149    3.148422339934974E+30    3.230042588307387E+33    1.521260091588042E+14    3.917568043232150E+07    1.508846255196401E-11    2.810867279352663E+03    3.247101018785327E+04    3.247101018785327E+04    1.706887610910650E-01    1.084823953876617E+03    3.231800342633085E+33    1.525229964236367E+14    1.139161000000000E-01    0.000000000000000E+00    5.253223000000000E-01    4.252153000000000E-02    1.976369000000000E-03    1.141740000000000E-01    1.025341000000000E-02    1.001642000000000E-04    2.560834000000000E-03    6.049838000000000E-02    5.868574000000000E-02    1.578155000000000E-02    2.136921000000000E-02    0.000000000000000E+00    0.000000000000000E+00    0.000000000000000E+00    0.000000000000000E+00    0.000000000000000E+00    1.722253000000000E-02    0.000000000000000E+00    1.537798000000000E-02    3.015680432321500E+40    9.092900037737000E+12    3.842939147935999E+12
                      150    3.514049158549061E+30    3.233558096958782E+33    1.529199836884692E+14    3.941932934522825E+07    1.519305077785707E-11    2.810867279352663E+03    3.239632893680398E+04    3.247101018785327E+04    1.706887610910650E-01    1.082766380948225E+03    3.235328775948638E+33    1.533138555628437E+14    1.139161000000000E-01    0.000000000000000E+00    5.253223000000000E-01    4.252153000000000E-02    1.976369000000000E-03    1.141740000000000E-01    1.025341000000000E-02    1.001642000000000E-04    2.560834000000000E-03    6.049838000000000E-02    5.868574000000000E-02    1.578155000000000E-02    2.136921000000000E-02    0.000000000000000E+00    0.000000000000000E+00    0.000000000000000E+00    0.000000000000000E+00    0.000000000000000E+00    1.722253000000000E-02    0.000000000000000E+00    1.537798000000000E-02    3.042978258135000E+40    9.136686992618000E+12    3.865641322122499E+12
                      151    3.542423767403922E+30    3.237099454938495E+33    1.537077274372182E+14    3.966297825813501E+07    1.526317871393669E-11    2.793035261975253E+03    3.239632893680398E+04    3.241719445262886E+04    1.706157828329300E-01    1.080716360661143E+03    3.238901948486283E+33    1.541018720262958E+14    1.139161000000000E-01    0.000000000000000E+00    5.253223000000000E-01    4.252153000000000E-02    1.976369000000000E-03    1.141740000000000E-01    1.025341000000000E-02    1.001642000000000E-04    2.560834000000000E-03    6.049838000000000E-02    5.868574000000000E-02    1.578155000000000E-02    2.136921000000000E-02    0.000000000000000E+00    0.000000000000000E+00    0.000000000000000E+00    0.000000000000000E+00    0.000000000000000E+00    1.722253000000000E-02    0.000000000000000E+00    1.537798000000000E-02    3.062978258135000E+40    9.200197863550498E+12    3.885641322122499E+12
                      152    3.603925284704612E+30    3.240704442034071E+33    1.544960166153734E+14    3.990797825813500E+07    1.533363034586188E-11    2.785097093236439E+03    3.239632893680398E+04    3.239632893680398E+04    1.706157828329300E-01    1.078655454772650E+03    3.242605361870458E+33    1.549067220034115E+14    1.139161000000000E-01    0.000000000000000E+00    5.253223000000000E-01    4.252153000000000E-02    1.976369000000000E-03    1.141740000000000E-01    1.025341000000000E-02    1.001642000000000E-04    2.560834000000000E-03    6.049838000000000E-02    5.868574000000000E-02    1.578155000000000E-02    2.136921000000000E-02    0.000000000000000E+00    0.000000000000000E+00    0.000000000000000E+00    0.000000000000000E+00    0.000000000000000E+00    1.722253000000000E-02    0.000000000000000E+00    1.537798000000000E-02    3.092978258135000E+40    9.229389166804498E+12    3.905641322122499E+12
                      153    3.802110096517087E+30    3.244506281706845E+33    1.553174273914496E+14    4.015932934522825E+07    1.543991799371537E-11    2.785097093236439E+03    3.239632893680398E+04    3.239632893680398E+04    1.705887610910650E-01    1.076493438908087E+03    3.246483755323254E+33    1.557363161444367E+14    1.139161000000000E-01    0.000000000000000E+00    5.253223000000000E-01    4.252153000000000E-02    1.976369000000000E-03    1.141740000000000E-01    1.025341000000000E-02    1.001642000000000E-04    2.560834000000000E-03    6.049838000000000E-02    5.868574000000000E-02    1.578155000000000E-02    2.136921000000000E-02    0.000000000000000E+00    0.000000000000000E+00    0.000000000000000E+00    0.000000000000000E+00    0.000000000000000E+00    1.722253000000000E-02    0.000000000000000E+00    1.537798000000000E-02    3.120276083948500E+40    9.292900037736998E+12    3.925641322122499E+12
                      154    3.955167946314069E+30    3.248461228939664E+33    1.561552048974238E+14    4.041432934522825E+07    1.552188653441362E-11    2.785097093236439E+03    3.232181944786574E+04    3.239632893680398E+04    1.705157828329300E-01    1.074277565678881E+03    3.250436714146203E+33    1.565676768063658E+14    1.139161000000000E-01    0.000000000000000E+00    5.253223000000000E-01    4.252153000000000E-02    1.976369000000000E-03    1.141740000000000E-01    1.025341000000000E-02    1.001642000000000E-04    2.560834000000000E-03    6.049838000000000E-02    5.868574000000000E-02    1.578155000000000E-02    2.136921000000000E-02    0.000000000000000E+00    0.000000000000000E+00    0.000000000000000E+00    0.000000000000000E+00    0.000000000000000E+00    1.722253000000000E-02    0.000000000000000E+00    1.537798000000000E-02    3.150276083948500E+40    9.363708734482998E+12    3.948343496308999E+12
                      155    3.951288558656338E+30    3.252412199352740E+33    1.569801487153079E+14    4.068297825813500E+07    1.561870381790019E-11    2.759563169606647E+03    3.232181944786574E+04    3.232181944786574E+04    1.705157828329300E-01    1.072082054262964E+03    3.254626293743763E+33    1.574366422416706E+14    1.139161000000000E-01    0.000000000000000E+00    5.253223000000000E-01    4.252153000000000E-02    1.976369000000000E-03    1.141740000000000E-01    1.025341000000000E-02    1.001642000000000E-04    2.560834000000000E-03    6.049838000000000E-02    5.868574000000000E-02    1.578155000000000E-02    2.136921000000000E-02    0.000000000000000E+00    0.000000000000000E+00    0.000000000000000E+00    0.000000000000000E+00    0.000000000000000E+00    1.722253000000000E-02    0.000000000000000E+00    1.537798000000000E-02    3.180276083948500E+40    9.392900037736998E+12    3.961045670495499E+12
                      156    4.427737413003910E+30    3.256840388134785E+33    1.578931357680332E+14    4.099797825813500E+07    1.572696750066028E-11    2.759563169606647E+03    3.232181944786574E+04    3.232181944786574E+04    1.704157828329300E-01    1.069636852508044E+03    3.259649017077146E+33    1.584546416208427E+14    1.139161000000000E-01    0.000000000000000E+00    5.253223000000000E-01    4.252153000000000E-02    1.976369000000000E-03    1.141740000000000E-01    1.025341000000000E-02    1.001642000000000E-04    2.560834000000000E-03    6.049838000000000E-02    5.868574000000000E-02    1.578155000000000E-02    2.136921000000000E-02    0.000000000000000E+00    0.000000000000000E+00    0.000000000000000E+00    0.000000000000000E+00    0.000000000000000E+00    1.722253000000000E-02    0.000000000000000E+00    1.537798000000000E-02    3.214871735575500E+40    9.463708734482998E+12    3.993747844681999E+12
                      157    5.618311741953462E+30    3.262457646019507E+33    1.590161474736521E+14    4.135432934522825E+07    1.592005282307712E-11    2.759563169606647E+03    3.224748132599671E+04    3.232181944786574E+04    1.704157828329300E-01    1.066592170884572E+03    3.265547634958572E+33    1.596181185025109E+14    1.139161000000000E-01    0.000000000000000E+00    5.253223000000000E-01    4.252153000000000E-02    1.976369000000000E-03    1.141740000000000E-01    1.025341000000000E-02    1.001642000000000E-04    2.560834000000000E-03    6.049838000000000E-02    5.868574000000000E-02    1.578155000000000E-02    2.136921000000000E-02    0.000000000000000E+00    0.000000000000000E+00    0.000000000000000E+00    0.000000000000000E+00    0.000000000000000E+00    1.722253000000000E-02    0.000000000000000E+00    1.537798000000000E-02    3.254871735575500E+40    9.578304386109998E+12    4.036450018868499E+12
                      158    6.179132803934494E+30    3.268637623897637E+33    1.602200895313697E+14    4.171932934522825E+07    1.610439834655711E-11    2.734263342395809E+03    3.224748132599671E+04    3.224748132599671E+04    1.704157828329300E-01    1.063290253784241E+03    3.271831010149978E+33    1.608234386940779E+14    1.139161000000000E-01    0.000000000000000E+00    5.253223000000000E-01    4.252153000000000E-02    1.976369000000000E-03    1.141740000000000E-01    1.025341000000000E-02    1.001642000000000E-04    2.560834000000000E-03    6.049838000000000E-02    5.868574000000000E-02    1.578155000000000E-02    2.136921000000000E-02    0.000000000000000E+00    0.000000000000000E+00    0.000000000000000E+00    0.000000000000000E+00    0.000000000000000E+00    1.722253000000000E-02    0.000000000000000E+00    1.537798000000000E-02    3.302169561389000E+40    9.712623953788498E+12    4.086450018868499E+12
                      159    6.387665300714081E+30    3.275024396402319E+33    1.614267878567861E+14    4.204797825813501E+07    1.631717567658143E-11    2.734263342395809E+03    3.224748132599671E+04    3.224748132599671E+04    1.704157828329300E-01    1.059936995822147E+03    3.277698807678407E+33    1.619033975060152E+14    1.139161000000000E-01    0.000000000000000E+00    5.253223000000000E-01    4.252153000000000E-02    1.976369000000000E-03    1.141740000000000E-01    1.025341000000000E-02    1.001642000000000E-04    2.560834000000000E-03    6.049838000000000E-02    5.868574000000000E-02    1.578155000000000E-02    2.136921000000000E-02    0.000000000000000E+00    0.000000000000000E+00    0.000000000000000E+00    0.000000000000000E+00    0.000000000000000E+00    1.722253000000000E-02    0.000000000000000E+00    1.537798000000000E-02    3.349467387202500E+40    9.827219605415498E+12    4.129152193055000E+12
                      160    5.348762899881634E+30    3.280373218954497E+33    1.623800071552444E+14    4.229432934522825E+07    1.646815664421007E-11    2.726541510793256E+03    3.217331417706351E+04    3.222675944737245E+04    1.703157828329300E-01    1.057265173744663E+03    3.282152845788771E+33    1.627041447595174E+14    1.139161000000000E-01    0.000000000000000E+00    5.253223000000000E-01    4.252153000000000E-02    1.976369000000000E-03    1.141740000000000E-01    1.025341000000000E-02    1.001642000000000E-04    2.560834000000000E-03    6.049838000000000E-02    5.868574000000000E-02    1.578155000000000E-02    2.136921000000000E-02    0.000000000000000E+00    0.000000000000000E+00    0.000000000000000E+00    0.000000000000000E+00    0.000000000000000E+00    1.722253000000000E-02    0.000000000000000E+00    1.537798000000000E-02    3.389467387202500E+40    9.919921779601998E+12    4.164556541427999E+12
                      161    3.558140159021920E+30    3.283932472623046E+33    1.630282823637905E+14    4.253932934522825E+07    1.647951797292964E-11    2.709195465395039E+03    3.217331417706351E+04    3.217331417706351E+04    1.702157828329300E-01    1.055448010881440E+03    3.286391141428164E+33    1.634838921409991E+14    1.139161000000000E-01    0.000000000000000E+00    5.253223000000000E-01    4.252153000000000E-02    1.976369000000000E-03    1.141740000000000E-01    1.025341000000000E-02    1.001642000000000E-04    2.560834000000000E-03    6.049838000000000E-02    5.868574000000000E-02    1.578155000000000E-02    2.136921000000000E-02    0.000000000000000E+00    0.000000000000000E+00    0.000000000000000E+00    0.000000000000000E+00    0.000000000000000E+00    1.722253000000000E-02    0.000000000000000E+00    1.537798000000000E-02    3.409467387202501E+40    9.919921779601998E+12    4.164556541427999E+12
                      162    4.918578377995594E+30    3.288849810233282E+33    1.639395019182077E+14    4.282932934522825E+07    1.664349396203767E-11    2.709195465395039E+03    3.217331417706351E+04    3.217331417706351E+04    1.702157828329300E-01    1.052868458180448E+03    3.291672358044738E+33    1.644162169406844E+14    1.139161000000000E-01    0.000000000000000E+00    5.253223000000000E-01    4.252153000000000E-02    1.976369000000000E-03    1.141740000000000E-01    1.025341000000000E-02    1.001642000000000E-04    2.560834000000000E-03    6.049838000000000E-02    5.868574000000000E-02    1.578155000000000E-02    2.136921000000000E-02    0.000000000000000E+00    0.000000000000000E+00    0.000000000000000E+00    0.000000000000000E+00    0.000000000000000E+00    1.722253000000000E-02    0.000000000000000E+00    1.537798000000000E-02    3.446765213016000E+40    1.001262395378850E+13    4.207258715614499E+12
                      163    5.644755604823876E+30    3.294494905856194E+33    1.648929319631611E+14    4.309432934522825E+07    1.686337525786364E-11    2.709195465395039E+03    3.209931760783934E+04    3.217331417706351E+04    1.702157828329300E-01    1.050133634392409E+03    3.296697069787993E+33    1.652725622783811E+14    1.139161000000000E-01    0.000000000000000E+00    5.253223000000000E-01    4.252153000000000E-02    1.976369000000000E-03    1.141740000000000E-01    1.025341000000000E-02    1.001642000000000E-04    2.560834000000000E-03    6.049838000000000E-02    5.868574000000000E-02    1.578155000000000E-02    2.136921000000000E-02    0.000000000000000E+00    0.000000000000000E+00    0.000000000000000E+00    0.000000000000000E+00    0.000000000000000E+00    1.722253000000000E-02    0.000000000000000E+00    1.537798000000000E-02    3.484063038829500E+40    1.015424134728050E+13    4.249960889800999E+12
                      164    4.403629931731566E+30    3.298899233719790E+33    1.656521925936010E+14    4.332932934522825E+07    1.694121306143984E-11    2.684357412072039E+03    3.209931760783934E+04    3.209931760783934E+04    1.701428045747950E-01    1.047946658220687E+03    3.301097420831847E+33    1.660280940149293E+14    1.139161000000000E-01    0.000000000000000E+00    5.253223000000000E-01    4.252153000000000E-02    1.976369000000000E-03    1.141740000000000E-01    1.025341000000000E-02    1.001642000000000E-04    2.560834000000000E-03    6.049836000000000E-02    5.868572000000000E-02    1.578155000000000E-02    2.136920000000000E-02    0.000000000000000E+00    0.000000000000000E+00    0.000000000000000E+00    0.000000000000000E+00    0.000000000000000E+00    1.722252000000000E-02    0.000000000000000E+00    1.537798000000000E-02    3.514063038829500E+40    1.019802830216150E+13    4.272663063987499E+12
                      165    4.396515401214209E+30    3.303295607943904E+33    1.664039954362577E+14    4.356932934522824E+07    1.703117073842018E-11    2.684357412072039E+03    3.209931760783934E+04    3.209931760783934E+04    1.701157828329300E-01    1.045770103279882E+03    3.305512684949732E+33    1.667859982975850E+14    1.139607000000000E-01    0.000000000000000E+00    5.253511000000000E-01    4.251835000000000E-02    1.976766000000000E-03    1.141497000000000E-01    1.025297000000000E-02    1.001843000000000E-04    2.560934000000000E-03    6.048309000000000E-02    5.867089000000000E-02    1.577755000000000E-02    2.136379000000000E-02    0.000000000000000E+00    0.000000000000000E+00    0.000000000000000E+00    0.000000000000000E+00    0.000000000000000E+00    1.721807000000000E-02    0.000000000000000E+00    1.537595000000000E-02    3.541360864643000E+40    1.025424134728050E+13    4.292663063987499E+12
                      166    4.435213834117735E+30    3.307729761955560E+33    1.671680011589123E+14    4.381797825813500E+07    1.695291961686227E-11    2.684357412072039E+03    3.202549122600170E+04    3.209931760783934E+04    1.700157828329300E-01    1.043569713232949E+03    3.310047253659859E+33    1.675591859333360E+14    1.172429000000000E-01    0.000000000000000E+00    5.274740999999999E-01    4.228400000000000E-02    2.005963000000000E-03    1.123615000000000E-01    1.022080000000000E-02    1.016640000000000E-04    2.568315000000000E-03    5.935756000000000E-02    5.757787000000000E-02    1.548334000000000E-02    2.096498000000000E-02    0.000000000000000E+00    0.000000000000000E+00    0.000000000000000E+00    0.000000000000000E+00    0.000000000000000E+00    1.688956000000000E-02    0.000000000000000E+00    1.522626000000000E-02    3.571360864643000E+40    1.019802830216150E+13    4.305365238173999E+12
                      167    4.633679011721977E+30    3.312364745364158E+33    1.679503707077598E+14    4.406932934522824E+07    1.703117073842018E-11    2.659747075390646E+03    3.202549122600170E+04    3.202549122600170E+04    1.699428045747950E-01    1.041306997732425E+03    3.314782651766926E+33    1.683498344069001E+14    1.172565000000000E-01    0.000000000000000E+00    5.274829000000000E-01    4.228303000000000E-02    2.006084000000000E-03    1.123541000000000E-01    1.022067000000000E-02    1.016702000000000E-04    2.568345000000000E-03    5.935289000000000E-02    5.757332999999999E-02    1.548212000000000E-02    2.096333000000000E-02    0.000000000000000E+00    0.000000000000000E+00    0.000000000000000E+00    0.000000000000000E+00    0.000000000000000E+00    1.688820000000000E-02    0.000000000000000E+00    1.522564000000000E-02    3.598658690456500E+40    1.026153917309400E+13    4.328067412360499E+12
                      168    4.836799056833525E+30    3.317200558169695E+33    1.687492981060405E+14    4.432432934522825E+07    1.714922517413745E-11    2.659747075390646E+03    3.202549122600170E+04    3.202549122600170E+04    1.699157828329300E-01    1.038980798204910E+03    3.319631389236624E+33    1.691448196852722E+14    1.172566000000000E-01    0.000000000000000E+00    5.274829000000000E-01    4.228303000000000E-02    2.006085000000000E-03    1.123541000000000E-01    1.022067000000000E-02    1.016702000000000E-04    2.568345000000000E-03    5.935288000000000E-02    5.757332000000000E-02    1.548212000000000E-02    2.096333000000000E-02    0.000000000000000E+00    0.000000000000000E+00    0.000000000000000E+00    0.000000000000000E+00    0.000000000000000E+00    1.688819000000000E-02    0.000000000000000E+00    1.522564000000000E-02    3.628658690456500E+40    1.033234786984000E+13    4.350769586546999E+12
                      169    4.861393698524190E+30    3.322062220303552E+33    1.695403412645039E+14    4.458932934522825E+07    1.722838240097824E-11    2.659747075390646E+03    3.200491199578652E+04    3.202549122600170E+04    1.715428045747950E-01    1.036644803097130E+03    3.324678967693390E+33    1.699599341987467E+14    1.172566000000000E-01    0.000000000000000E+00    5.274829000000000E-01    4.228303000000000E-02    2.006085000000000E-03    1.123541000000000E-01    1.022067000000000E-02    1.016702000000000E-04    2.568345000000000E-03    5.935288000000000E-02    5.757332000000000E-02    1.548212000000000E-02    2.096333000000000E-02    0.000000000000000E+00    0.000000000000000E+00    0.000000000000000E+00    0.000000000000000E+00    0.000000000000000E+00    1.688819000000000E-02    0.000000000000000E+00    1.522564000000000E-02    3.658658690456500E+40    1.036883699890750E+13    4.370769586546999E+12
                      170    5.232548296578816E+30    3.327295715083229E+33    1.703795271329894E+14    4.489568043232150E+07    1.734780384263407E-11    2.652235685136789E+03    3.195183464013051E+04    3.200491199578652E+04    1.715428045747950E-01    1.034149502905351E+03    3.330635249461067E+33    1.709088231117818E+14    1.172566000000000E-01    0.000000000000000E+00    5.274829000000000E-01    4.228303000000000E-02    2.006085000000000E-03    1.123541000000000E-01    1.022067000000000E-02    1.016702000000000E-04    2.568345000000000E-03    5.935288000000000E-02    5.757332000000000E-02    1.548212000000000E-02    2.096333000000000E-02    0.000000000000000E+00    0.000000000000000E+00    0.000000000000000E+00    0.000000000000000E+00    0.000000000000000E+00    1.688819000000000E-02    0.000000000000000E+00    1.522564000000000E-02    3.685956516270000E+40    1.043234786984000E+13    4.393471760733499E+12
                      171    6.680136531775316E+30    3.333974783838904E+33    1.714381190905742E+14    4.524932934522825E+07    1.754868194373954E-11    2.635362367632164E+03    3.195183464013051E+04    3.195183464013051E+04    1.714428045747950E-01    1.030967124657003E+03    3.337761710437648E+33    1.720058814842794E+14    1.172566000000000E-01    0.000000000000000E+00    5.274829000000000E-01    4.228303000000000E-02    2.006085000000000E-03    1.123541000000000E-01    1.022067000000000E-02    1.016702000000000E-04    2.568345000000000E-03    5.935288000000000E-02    5.757332000000000E-02    1.548212000000000E-02    2.096333000000000E-02    0.000000000000000E+00    0.000000000000000E+00    0.000000000000000E+00    0.000000000000000E+00    0.000000000000000E+00    1.688819000000000E-02    0.000000000000000E+00    1.522564000000000E-02    3.725956516270000E+40    1.053234786984000E+13    4.443471760733499E+12
                      172    7.574181285117540E+30    3.341548637036393E+33    1.725736438779846E+14    4.561297825813500E+07    1.771105789856094E-11    2.635362367632164E+03    3.187834745970591E+04    3.195183464013051E+04    1.714428045747950E-01    1.027521841342691E+03    3.345299772257465E+33    1.731402375545759E+14    1.172566000000000E-01    0.000000000000000E+00    5.274829000000000E-01    4.228303000000000E-02    2.006085000000000E-03    1.123541000000000E-01    1.022067000000000E-02    1.016702000000000E-04    2.568345000000000E-03    5.935288000000000E-02    5.757332000000000E-02    1.548212000000000E-02    2.096333000000000E-02    0.000000000000000E+00    0.000000000000000E+00    0.000000000000000E+00    0.000000000000000E+00    0.000000000000000E+00    1.688819000000000E-02    0.000000000000000E+00    1.522564000000000E-02    3.773254342083500E+40    1.063234786984000E+13    4.478876109106499E+12
                      173    7.502264476914133E+30    3.349050907478536E+33    1.737068312311671E+14    4.602297825813501E+07    1.783382508692888E-11    2.611201220218193E+03    3.187834745970591E+04    3.187834745970591E+04    1.713428045747950E-01    1.024061846411132E+03    3.353572551524504E+33    1.744272180860169E+14    1.172566000000000E-01    0.000000000000000E+00    5.274829000000000E-01    4.228303000000000E-02    2.006085000000000E-03    1.123541000000000E-01    1.022067000000000E-02    1.016702000000000E-04    2.568345000000000E-03    5.935288000000000E-02    5.757332000000000E-02    1.548212000000000E-02    2.096333000000000E-02    0.000000000000000E+00    0.000000000000000E+00    0.000000000000000E+00    0.000000000000000E+00    0.000000000000000E+00    1.688819000000000E-02    0.000000000000000E+00    1.522564000000000E-02    3.820552167897000E+40    1.073234786984000E+13    4.508876109106499E+12
                      174    9.043107146636500E+30    3.358094195570471E+33    1.751476049408666E+14    4.653797825813501E+07    1.804033104880202E-11    2.611201220218193E+03    3.180502929510611E+04    3.187834745970591E+04    1.712428045747950E-01    1.019614312957256E+03    3.364150892036617E+33    1.760334033336073E+14    1.172566000000000E-01    0.000000000000000E+00    5.274829000000000E-01    4.228303000000000E-02    2.006085000000000E-03    1.123541000000000E-01    1.022067000000000E-02    1.016702000000000E-04    2.568345000000000E-03    5.935288000000000E-02    5.757332000000000E-02    1.548212000000000E-02    2.096333000000000E-02    0.000000000000000E+00    0.000000000000000E+00    0.000000000000000E+00    0.000000000000000E+00    0.000000000000000E+00    1.688819000000000E-02    0.000000000000000E+00    1.522564000000000E-02    3.877849993710501E+40    1.085936961170500E+13    4.554280457479499E+12
                      175    1.211386816225162E+31    3.370207588502764E+33    1.769192017263481E+14    4.710297825813501E+07    1.821985787646592E-11    2.587261583535157E+03    3.180502929510611E+04    3.180502929510611E+04    1.710698263166600E-01    1.014096697858571E+03    3.376676880017080E+33    1.777976325029043E+14    1.172566000000000E-01    0.000000000000000E+00    5.274829000000000E-01    4.228303000000000E-02    2.006085000000000E-03    1.123541000000000E-01    1.022067000000000E-02    1.016702000000000E-04    2.568345000000000E-03    5.935288000000000E-02    5.757332000000000E-02    1.548212000000000E-02    2.096333000000000E-02    0.000000000000000E+00    0.000000000000000E+00    0.000000000000000E+00    0.000000000000000E+00    0.000000000000000E+00    1.688819000000000E-02    0.000000000000000E+00    1.522564000000000E-02    3.955147819524000E+40    1.095936961170500E+13    4.594280457479499E+12
                      176    1.293836430354644E+31    3.383146171531396E+33    1.786760632794606E+14    4.764797825813500E+07    1.838844414573025E-11    2.563541426760489E+03    3.173187975760556E+04    3.173187975760556E+04    1.708698263166600E-01    1.008580811911415E+03    3.389466332305410E+33    1.795041171778591E+14    1.172566000000000E-01    0.000000000000000E+00    5.274829000000000E-01    4.228303000000000E-02    2.006085000000000E-03    1.123541000000000E-01    1.022067000000000E-02    1.016702000000000E-04    2.568345000000000E-03    5.935288000000000E-02    5.757332000000000E-02    1.548212000000000E-02    2.096333000000000E-02    0.000000000000000E+00    0.000000000000000E+00    0.000000000000000E+00    0.000000000000000E+00    0.000000000000000E+00    1.688819000000000E-02    0.000000000000000E+00    1.522564000000000E-02    4.032445645337500E+40    1.105936961170500E+13    4.629684805852499E+12
                      177    1.263983438760919E+31    3.395786493079423E+33    1.803321710762577E+14    4.818797825813500E+07    1.854575434176553E-11    2.540038737690267E+03    3.165889845937263E+04    3.165889845937263E+04    1.706698263166600E-01    1.003342905980087E+03    3.402353216677403E+33    1.811874340025568E+14    1.172568000000000E-01    0.000000000000000E+00    5.274830000000000E-01    4.228301000000000E-02    2.006086000000000E-03    1.123540000000000E-01    1.022067000000000E-02    1.016703000000000E-04    2.568346000000000E-03    5.935281000000001E-02    5.757325000000000E-02    1.548210000000000E-02    2.096330000000000E-02    0.000000000000000E+00    0.000000000000000E+00    0.000000000000000E+00    0.000000000000000E+00    0.000000000000000E+00    1.688817000000000E-02    0.000000000000000E+00    1.522563000000000E-02    4.109743471151000E+40    1.115936961170500E+13    4.652386980038999E+12
                      178    1.313233169802316E+31    3.408919940275384E+33    1.820426969288558E+14    4.875297825813500E+07    1.864425288533888E-11    2.540038737690267E+03    3.158608501346780E+04    3.165889845937263E+04    1.704698263166600E-01    9.979105715264823E+02    3.415845571855025E+33    1.829369469508199E+14    1.172913000000000E-01    0.000000000000000E+00    5.275040000000000E-01    4.228052000000000E-02    2.006389000000000E-03    1.123356000000000E-01    1.022032000000000E-02    1.016856000000000E-04    2.568421000000000E-03    5.934128000000000E-02    5.756206000000000E-02    1.547908000000000E-02    2.095922000000000E-02    0.000000000000000E+00    0.000000000000000E+00    0.000000000000000E+00    0.000000000000000E+00    0.000000000000000E+00    1.688481000000000E-02    0.000000000000000E+00    1.522408000000000E-02    4.187041296964500E+40    1.125936961170500E+13    4.675089154225499E+12
                      179    1.385266299983159E+31    3.422771203434667E+33    1.838311969727841E+14    4.930297825813500E+07    1.851590675124833E-11    2.516751522568616E+03    3.156578814087647E+04    3.158608501346780E+04    1.701698263166600E-01    9.922796689518314E+02    3.429357811131354E+33    1.846437488447883E+14    1.208109000000000E-01    0.000000000000000E+00    5.296443000000000E-01    4.202646000000000E-02    2.037246000000000E-03    1.104635000000000E-01    1.018447000000000E-02    1.032495000000000E-04    2.576073000000000E-03    5.816669000000001E-02    5.642129000000000E-02    1.517200000000000E-02    2.054295000000000E-02    0.000000000000000E+00    0.000000000000000E+00    0.000000000000000E+00    0.000000000000000E+00    0.000000000000000E+00    1.654245000000000E-02    0.000000000000000E+00    1.506590000000000E-02    4.274339122778001E+40    1.115936961170500E+13    4.667791328411999E+12
                      180    1.317242002942630E+31    3.435944418828041E+33    1.854563007167926E+14    4.981297825813500E+07    1.851590675124833E-11    2.493677805918503E+03    3.151343903384145E+04    3.151343903384145E+04    1.698968480585250E-01    9.871713605620419E+02    3.442112466246946E+33    1.862261986386617E+14    1.209468000000000E-01    0.000000000000000E+00    5.297269999999999E-01    4.201665000000000E-02    2.038438000000000E-03    1.103912000000000E-01    1.018308000000000E-02    1.033099000000000E-04    2.576368000000000E-03    5.812133000000000E-02    5.637723000000000E-02    1.516015000000000E-02    2.052688000000000E-02    0.000000000000000E+00    0.000000000000000E+00    0.000000000000000E+00    0.000000000000000E+00    0.000000000000000E+00    1.652923000000000E-02    0.000000000000000E+00    1.505979000000000E-02    4.348934774405001E+40    1.115936961170500E+13    4.667791328411999E+12
                      181    1.233581248360906E+31    3.448280513665852E+33    1.869960965605308E+14    5.026797825813500E+07    1.848612780828440E-11    2.470815630374152E+03    3.144096013533173E+04    3.144096013533173E+04    1.696698263166600E-01    9.823455573914970E+02    3.453527927314624E+33    1.876345880292292E+14    1.209473000000000E-01    0.000000000000000E+00    5.297273000000000E-01    4.201661000000000E-02    2.038442000000000E-03    1.103909000000000E-01    1.018308000000000E-02    1.033101000000000E-04    2.576369000000000E-03    5.812116000000000E-02    5.637707000000000E-02    1.516010000000000E-02    2.052682000000000E-02    0.000000000000000E+00    0.000000000000000E+00    0.000000000000000E+00    0.000000000000000E+00    0.000000000000000E+00    1.652918000000000E-02    0.000000000000000E+00    1.505977000000000E-02    4.418934774405000E+40    1.115936961170500E+13    4.657791328411999E+12
                      182    1.049563061513207E+31    3.458775340963396E+33    1.882730794979276E+14    5.065297825813501E+07    1.843083388736831E-11    2.470815630374152E+03    3.136864793366282E+04    3.144096013533173E+04    1.693968480585250E-01    9.783616856027189E+02    3.463155807908544E+33    1.888148606361626E+14    1.209473000000000E-01    0.000000000000000E+00    5.297273000000000E-01    4.201661000000000E-02    2.038442000000000E-03    1.103909000000000E-01    1.018308000000000E-02    1.033101000000000E-04    2.576369000000000E-03    5.812116000000000E-02    5.637707000000000E-02    1.516010000000000E-02    2.052682000000000E-02    0.000000000000000E+00    0.000000000000000E+00    0.000000000000000E+00    0.000000000000000E+00    0.000000000000000E+00    1.652918000000000E-02    0.000000000000000E+00    1.505977000000000E-02    4.486232600218501E+40    1.108639135357000E+13    4.637791328411999E+12
                      183    8.760758910226987E+30    3.467536274853692E+33    1.893566417743976E+14    5.101297825813501E+07    1.827451885310324E-11    2.448163056515069E+03    3.136864793366282E+04    3.136864793366282E+04    1.691698263166600E-01    9.750145440249851E+02    3.471973411480155E+33    1.899051198254132E+14    1.209473000000000E-01    0.000000000000000E+00    5.297273000000000E-01    4.201661000000000E-02    2.038442000000000E-03    1.103909000000000E-01    1.018308000000000E-02    1.033101000000000E-04    2.576369000000000E-03    5.812116000000000E-02    5.637707000000000E-02    1.516010000000000E-02    2.052682000000000E-02    0.000000000000000E+00    0.000000000000000E+00    0.000000000000000E+00    0.000000000000000E+00    0.000000000000000E+00    1.652918000000000E-02    0.000000000000000E+00    1.505977000000000E-02    4.533530426032000E+40    1.098639135357000E+13    4.590493502598499E+12
                      184    8.874790239491781E+30    3.476410548106617E+33    1.904535978764287E+14    5.137297825813501E+07    1.823248862606755E-11    2.448163056515069E+03    3.129650204544262E+04    3.136864793366282E+04    1.689698263166600E-01    9.716378304562293E+02    3.480913302258813E+33    1.910091301294828E+14    1.209473000000000E-01    0.000000000000000E+00    5.297273000000000E-01    4.201661000000000E-02    2.038442000000000E-03    1.103909000000000E-01    1.018308000000000E-02    1.033101000000000E-04    2.576369000000000E-03    5.812116000000000E-02    5.637707000000000E-02    1.516010000000000E-02    2.052682000000000E-02    0.000000000000000E+00    0.000000000000000E+00    0.000000000000000E+00    0.000000000000000E+00    0.000000000000000E+00    1.652918000000000E-02    0.000000000000000E+00    1.505977000000000E-02    4.583530426032001E+40    1.095936961170500E+13    4.577791328411999E+12
                      185    9.005884113857033E+30    3.485416056411009E+33    1.915646623825368E+14    5.173297825813501E+07    1.817795336618789E-11    2.425718162701455E+03    3.129650204544262E+04    3.129650204544262E+04    1.706968480585250E-01    9.681930281773257E+02    3.490097767451567E+33    1.921277913384947E+14    1.209473000000000E-01    0.000000000000000E+00    5.297273000000000E-01    4.201661000000000E-02    2.038443000000000E-03    1.103909000000000E-01    1.018308000000000E-02    1.033101000000000E-04    2.576369000000000E-03    5.812116000000000E-02    5.637707000000000E-02    1.516010000000000E-02    2.052682000000000E-02    0.000000000000000E+00    0.000000000000000E+00    0.000000000000000E+00    0.000000000000000E+00    0.000000000000000E+00    1.652918000000000E-02    0.000000000000000E+00    1.505977000000000E-02    4.630828251845500E+40    1.095936961170500E+13    4.557791328411999E+12
                      186    9.363185460342505E+30    3.494779478492126E+33    1.926909202944526E+14    5.209432934522825E+07    1.814871795018775E-11    2.425718162701455E+03    3.122452208816076E+04    3.129650204544262E+04    1.704968480585250E-01    9.647107767585235E+02    3.499567569460767E+33    1.932501944347243E+14    1.209476000000000E-01    0.000000000000000E+00    5.297274000000000E-01    4.201660000000000E-02    2.038445000000000E-03    1.103908000000000E-01    1.018308000000000E-02    1.033102000000000E-04    2.576370000000000E-03    5.812108000000000E-02    5.637699000000000E-02    1.516008000000000E-02    2.052679000000000E-02    0.000000000000000E+00    0.000000000000000E+00    0.000000000000000E+00    0.000000000000000E+00    0.000000000000000E+00    1.652916000000000E-02    0.000000000000000E+00    1.505976000000000E-02    4.688126077659001E+40    1.095936961170500E+13    4.547791328411999E+12
                      187    9.576132227035044E+30    3.504355660429408E+33    1.938094685749961E+14    5.245068043232150E+07    1.810697705719982E-11    2.403479044911192E+03    3.122452208816076E+04    3.122452208816076E+04    1.702968480585250E-01    9.612643241722652E+02    3.509195450054687E+33    1.943542710088092E+14    1.209545000000000E-01    0.000000000000000E+00    5.297313000000000E-01    4.201609000000000E-02    2.038504000000000E-03    1.103872000000000E-01    1.018300000000000E-02    1.033133000000000E-04    2.576384000000000E-03    5.811884000000000E-02    5.637481000000000E-02    1.515949000000000E-02    2.052599000000000E-02    0.000000000000000E+00    0.000000000000000E+00    0.000000000000000E+00    0.000000000000000E+00    0.000000000000000E+00    1.652851000000000E-02    0.000000000000000E+00    1.505945000000000E-02    4.745423903472500E+40    1.085936961170500E+13    4.527791328411999E+12
                      188    9.679583227377851E+30    3.514035239679965E+33    1.948990734426223E+14    5.278432934522825E+07    1.805281721540855E-11    2.403479044911192E+03    3.115270768018674E+04    3.122452208816076E+04    1.700968480585250E-01    9.579209633700850E+02    3.518576767824640E+33    1.953932564153725E+14    1.210824000000000E-01    0.000000000000000E+00    5.298034000000000E-01    4.200674000000000E-02    2.039607000000000E-03    1.103211000000000E-01    1.018164000000000E-02    1.033691000000000E-04    2.576652000000000E-03    5.807752000000001E-02    5.633468000000000E-02    1.514869000000000E-02    2.051135000000000E-02    0.000000000000000E+00    0.000000000000000E+00    0.000000000000000E+00    0.000000000000000E+00    0.000000000000000E+00    1.651648000000000E-02    0.000000000000000E+00    1.505380000000000E-02    4.802721729286001E+40    1.085936961170500E+13    4.507791328411999E+12
                      189    9.082350403844597E+30    3.523118295969315E+33    1.958874393881227E+14    5.306932934522825E+07    1.784616832556816E-11    2.381443816578374E+03    3.115270768018674E+04    3.115270768018674E+04    1.698238698003900E-01    9.549277039841817E+02    3.526803813664653E+33    1.962879857852023E+14    1.231328000000000E-01    0.000000000000000E+00    5.309585999999999E-01    4.185688000000000E-02    2.057279000000000E-03    1.092610000000000E-01    1.015985000000000E-02    1.042648000000000E-04    2.580933000000000E-03    5.741498000000000E-02    5.569114000000000E-02    1.497545000000000E-02    2.027650000000000E-02    0.000000000000000E+00    0.000000000000000E+00    0.000000000000000E+00    0.000000000000000E+00    0.000000000000000E+00    1.632369000000000E-02    0.000000000000000E+00    1.496321000000000E-02    4.852721729286000E+40    1.075936961170500E+13    4.485089154225499E+12
                      190    7.371908302610909E+30    3.530489331359992E+33    1.966885321822820E+14    5.331568043232150E+07    1.760130971662939E-11    2.381443816578374E+03    3.108105844076764E+04    3.115270768018674E+04    1.695968480585250E-01    9.525381400846632E+02    3.533823894713152E+33    1.970559635183875E+14    1.251979000000000E-01    0.000000000000000E+00    5.321222000000000E-01    4.170594000000000E-02    2.075079000000000E-03    1.081933000000000E-01    1.013790000000000E-02    1.051669000000000E-04    2.585245000000000E-03    5.674766000000000E-02    5.504297000000000E-02    1.480096000000000E-02    2.003996000000000E-02    0.000000000000000E+00    0.000000000000000E+00    0.000000000000000E+00    0.000000000000000E+00    0.000000000000000E+00    1.612950000000000E-02    0.000000000000000E+00    1.487197000000000E-02    4.890019555099501E+40    1.055936961170500E+13    4.435089154225499E+12
                      191    6.669057111975786E+30    3.537158458066314E+33    1.974233948544931E+14    5.356432934522825E+07    1.745203001782253E-11    2.359610608433198E+03    3.108105844076764E+04    3.108105844076764E+04    1.693968480585250E-01    9.503673636944018E+02    3.540555656330401E+33    1.978129253015378E+14    1.253649000000000E-01    0.000000000000000E+00    5.322163000000000E-01    4.169374000000000E-02    2.076518000000000E-03    1.081070000000000E-01    1.013613000000000E-02    1.052398000000000E-04    2.585593000000000E-03    5.669372000000000E-02    5.499057000000000E-02    1.478686000000000E-02    2.002083000000000E-02    0.000000000000000E+00    0.000000000000000E+00    0.000000000000000E+00    0.000000000000000E+00    0.000000000000000E+00    1.611380000000000E-02    0.000000000000000E+00    1.486459000000000E-02    4.920019555099500E+40    1.053234786984000E+13    4.402386980038999E+12
                      192    6.794444250012134E+30    3.543952854594489E+33    1.982024557485826E+14    5.382797825813501E+07    1.739982919038923E-11    2.359610608433198E+03    3.108105844076764E+04    3.108105844076764E+04    1.692968480585250E-01    9.480742643026289E+02    3.547366954342477E+33    1.986114148525781E+14    1.253751000000000E-01    0.000000000000000E+00    5.322221000000000E-01    4.169299000000000E-02    2.076607000000000E-03    1.081017000000000E-01    1.013602000000000E-02    1.052443000000000E-04    2.585615000000000E-03    5.669042000000000E-02    5.498736000000000E-02    1.478599000000000E-02    2.001966000000000E-02    0.000000000000000E+00    0.000000000000000E+00    0.000000000000000E+00    0.000000000000000E+00    0.000000000000000E+00    1.611284000000000E-02    0.000000000000000E+00    1.486414000000000E-02    4.960019555099501E+40    1.045936961170500E+13    4.382386980038999E+12
                      193    6.827519459801327E+30    3.550781054090466E+33    1.990203739565736E+14    5.409297825813501E+07    1.733189108822343E-11    2.359610608433198E+03    3.100957399002637E+04    3.108105844076764E+04    1.713238698003900E-01    9.456474942460246E+02    3.554119594263368E+33    1.994108380763317E+14    1.253754000000000E-01    0.000000000000000E+00    5.322223000000000E-01    4.169297000000000E-02    2.076609000000000E-03    1.081015000000000E-01    1.013601000000000E-02    1.052445000000000E-04    2.585615000000000E-03    5.669031000000000E-02    5.498726000000000E-02    1.478597000000000E-02    2.001963000000000E-02    0.000000000000000E+00    0.000000000000000E+00    0.000000000000000E+00    0.000000000000000E+00    0.000000000000000E+00    1.611281000000000E-02    0.000000000000000E+00    1.486413000000000E-02    4.997317380913000E+40    1.042505004402650E+13    4.362386980038999E+12
                      194    6.676171642493145E+30    3.557458134436270E+33    1.998013021960899E+14    5.441297825813501E+07    1.718491555215113E-11    2.337977568343471E+03    3.100957399002637E+04    3.100957399002637E+04    1.711238698003900E-01    9.433528896252330E+02    3.562431147522886E+33    2.003989775649530E+14    1.253754000000000E-01    0.000000000000000E+00    5.322223000000000E-01    4.169297000000000E-02    2.076609000000000E-03    1.081015000000000E-01    1.013601000000000E-02    1.052445000000000E-04    2.585615000000000E-03    5.669031000000000E-02    5.498726000000000E-02    1.478597000000000E-02    2.001963000000000E-02    0.000000000000000E+00    0.000000000000000E+00    0.000000000000000E+00    0.000000000000000E+00    0.000000000000000E+00    1.611281000000000E-02    0.000000000000000E+00    1.486413000000000E-02    5.027317380913000E+40    1.033234786984000E+13    4.322386980038999E+12
                      195    9.946574974355961E+30    3.567404160609502E+33    2.009966529338162E+14    5.482297825813500E+07    1.733189108822343E-11    2.337977568343471E+03    3.100957399002637E+04    3.100957399002637E+04    1.711238698003900E-01    9.398102172659600E+02    3.573423077288104E+33    2.016907773833416E+14    1.253754000000000E-01    0.000000000000000E+00    5.322223000000000E-01    4.169297000000000E-02    2.076609000000000E-03    1.081015000000000E-01    1.013601000000000E-02    1.052445000000000E-04    2.585615000000000E-03    5.669031000000000E-02    5.498726000000000E-02    1.478597000000000E-02    2.001963000000000E-02    0.000000000000000E+00    0.000000000000000E+00    0.000000000000000E+00    0.000000000000000E+00    0.000000000000000E+00    1.611281000000000E-02    0.000000000000000E+00    1.486413000000000E-02    5.087317380913000E+40    1.043234786984000E+13    4.352386980038999E+12
                      196    1.203728654449155E+31    3.579441993966707E+33    2.023849018328672E+14    5.522797825813500E+07    1.724030659751530E-11    2.316542861157431E+03    3.093825394895952E+04    3.093825394895952E+04    1.708238698003900E-01    9.357247036255808E+02    3.584638703163777E+33    2.029755316063507E+14    1.253754000000000E-01    0.000000000000000E+00    5.322223000000000E-01    4.169297000000000E-02    2.076609000000000E-03    1.081015000000000E-01    1.013601000000000E-02    1.052445000000000E-04    2.585615000000000E-03    5.669031000000000E-02    5.498726000000000E-02    1.478597000000000E-02    2.001963000000000E-02    0.000000000000000E+00    0.000000000000000E+00    0.000000000000000E+00    0.000000000000000E+00    0.000000000000000E+00    1.611281000000000E-02    0.000000000000000E+00    1.486413000000000E-02    5.161913032540001E+40    1.038856091495900E+13    4.329684805852499E+12
                      197    1.039424954946466E+31    3.589835412360846E+33    2.035661613798342E+14    5.560297825813501E+07    1.697641374910915E-11    2.316542861157431E+03    3.086709793943525E+04    3.093825394895952E+04    1.705238698003900E-01    9.323075752850418E+02    3.595027150533239E+33    2.041502736917866E+14    1.253754000000000E-01    0.000000000000000E+00    5.322223000000000E-01    4.169297000000000E-02    2.076609000000000E-03    1.081015000000000E-01    1.013601000000000E-02    1.052445000000000E-04    2.585615000000000E-03    5.669031000000000E-02    5.498726000000000E-02    1.478597000000000E-02    2.001963000000000E-02    0.000000000000000E+00    0.000000000000000E+00    0.000000000000000E+00    0.000000000000000E+00    0.000000000000000E+00    1.611281000000000E-02    0.000000000000000E+00    1.486413000000000E-02    5.221913032540001E+40    1.023234786984000E+13    4.259684805852499E+12
                      198    1.038343061135819E+31    3.600218888705632E+33    2.047343860037389E+14    5.597797825813500E+07    1.682077305233412E-11    2.295304668548067E+03    3.086709793943525E+04    3.086709793943525E+04    1.702238698003900E-01    9.289650415653393E+02    3.605448406665568E+33    2.053207589463014E+14    1.253754000000000E-01    0.000000000000000E+00    5.322223000000000E-01    4.169297000000000E-02    2.076609000000000E-03    1.081015000000000E-01    1.013601000000000E-02    1.052445000000000E-04    2.585615000000000E-03    5.669031000000000E-02    5.498726000000000E-02    1.478597000000000E-02    2.001963000000000E-02    0.000000000000000E+00    0.000000000000000E+00    0.000000000000000E+00    0.000000000000000E+00    0.000000000000000E+00    1.611281000000000E-02    0.000000000000000E+00    1.486413000000000E-02    5.279210858353500E+40    1.013234786984000E+13    4.216982631665999E+12
                      199    1.045987502883718E+31    3.610677924625503E+33    2.059071318888639E+14    5.635797825813499E+07    1.665501334258354E-11    2.295304668548067E+03    3.079610558419155E+04    3.086709793943525E+04    1.700238698003900E-01    9.256465582812561E+02    3.616074469014578E+33    2.065113718853375E+14    1.253754000000000E-01    0.000000000000000E+00    5.322223000000000E-01    4.169297000000000E-02    2.076609000000000E-03    1.081015000000000E-01    1.013601000000000E-02    1.052445000000000E-04    2.585615000000000E-03    5.669031000000000E-02    5.498726000000000E-02    1.478597000000000E-02    2.001963000000000E-02    0.000000000000000E+00    0.000000000000000E+00    0.000000000000000E+00    0.000000000000000E+00    0.000000000000000E+00    1.611281000000000E-02    0.000000000000000E+00    1.486413000000000E-02    5.336508684167001E+40    1.003234786984000E+13    4.174280457479499E+12
                      200    1.079219001688746E+31    3.621471013403652E+33    2.071156118818110E+14    5.674797825813500E+07    1.650231926244703E-11    2.274261188858929E+03    3.079610558419155E+04    3.079610558419155E+04    1.697238698003900E-01    9.222642730671300E+02    3.626988850794840E+33    2.077307619012905E+14    1.253757000000000E-01    0.000000000000000E+00    5.322224000000000E-01    4.169295000000000E-02    2.076612000000000E-03    1.081014000000000E-01    1.013601000000000E-02    1.052446000000000E-04    2.585616000000000E-03    5.669022000000000E-02    5.498717000000000E-02    1.478594000000000E-02    2.001959000000000E-02    0.000000000000000E+00    0.000000000000000E+00    0.000000000000000E+00    0.000000000000000E+00    0.000000000000000E+00    1.611279000000000E-02    0.000000000000000E+00    1.486411000000000E-02    5.396508684167000E+40    9.939645695653498E+12    4.124280457479499E+12
                      201    1.103561910689780E+31    3.632506688186026E+33    2.083459119207699E+14    5.713797825813500E+07    1.632472790406460E-11    2.274261188858929E+03    3.072527650683402E+04    3.079610558419155E+04    1.694238698003900E-01    9.188639917266094E+02    3.638036456036437E+33    2.089639859087322E+14    1.253950000000000E-01    0.000000000000000E+00    5.322327000000000E-01    4.169152000000000E-02    2.076776000000000E-03    1.080916000000000E-01    1.013580000000000E-02    1.052529000000000E-04    2.585655000000000E-03    5.668413000000000E-02    5.498126000000000E-02    1.478435000000000E-02    2.001744000000000E-02    0.000000000000000E+00    0.000000000000000E+00    0.000000000000000E+00    0.000000000000000E+00    0.000000000000000E+00    1.611102000000000E-02    0.000000000000000E+00    1.486327000000000E-02    5.453806509980500E+40    9.846943521466998E+12    4.081578283292999E+12
                      202    1.106014415424299E+31    3.643566223886849E+33    2.095820598966945E+14    5.753297825813500E+07    1.610074424029030E-11    2.253410636951236E+03    3.072527650683402E+04    3.072527650683402E+04    1.691238698003900E-01    9.155003972534955E+02    3.649093009122454E+33    2.102058578830073E+14    1.266694000000000E-01    0.000000000000000E+00    5.329097000000000E-01    4.159759000000000E-02    2.087622000000000E-03    1.074464000000000E-01    1.012186000000000E-02    1.058026000000000E-04    2.588238000000000E-03    5.628204000000000E-02    5.459066000000000E-02    1.467920000000000E-02    1.987488000000000E-02    0.000000000000000E+00    0.000000000000000E+00    0.000000000000000E+00    0.000000000000000E+00    0.000000000000000E+00    1.599414000000000E-02    0.000000000000000E+00    1.480766000000000E-02    5.511104335794000E+40    9.690730476347998E+12    4.031578283292999E+12
                      203    1.105275919998322E+31    3.654619794358060E+33    2.108296558693202E+14    5.793297825813500E+07    1.577051774099115E-11    2.253410636951236E+03    3.065461033183389E+04    3.072527650683402E+04    1.688238698003900E-01    9.121811793409491E+02    3.660056106944548E+33    2.114476088833846E+14    1.300919000000000E-01    0.000000000000000E+00    5.347280000000000E-01    4.134532000000000E-02    2.116751000000000E-03    1.057138000000000E-01    1.008440000000000E-02    1.072789000000000E-04    2.595173000000000E-03    5.520217000000000E-02    5.354169000000000E-02    1.439681000000000E-02    1.949205000000000E-02    0.000000000000000E+00    0.000000000000000E+00    0.000000000000000E+00    0.000000000000000E+00    0.000000000000000E+00    1.568026000000000E-02    0.000000000000000E+00    1.465831000000000E-02    5.571104335794000E+40    9.498028302161498E+12    3.978876109106499E+12
                      204    1.087386395232638E+31    3.665492419531036E+33    2.120655618974490E+14    5.833297825813500E+07    1.558999411719897E-11    2.232751244052442E+03    3.065461033183389E+04    3.065461033183389E+04    1.685238698003900E-01    9.089364842870961E+02    3.670894929149723E+33    2.126872303589555E+14    1.301725000000000E-01    0.000000000000000E+00    5.347708000000000E-01    4.133938000000000E-02    2.117436000000000E-03    1.056730000000000E-01    1.008352000000000E-02    1.073136000000000E-04    2.595337000000000E-03    5.517676000000000E-02    5.351700000000000E-02    1.439016000000000E-02    1.948304000000000E-02    0.000000000000000E+00    0.000000000000000E+00    0.000000000000000E+00    0.000000000000000E+00    0.000000000000000E+00    1.567288000000000E-02    0.000000000000000E+00    1.465480000000000E-02    5.628402161607500E+40    9.390730476347998E+12    3.933471760733499E+12
                      205    1.080476273249989E+31    3.676297438768409E+33    2.133088988204619E+14    5.873797825813500E+07    1.541153693024049E-11    2.232751244052442E+03    3.058410668452620E+04    3.065461033183389E+04    1.682238698003900E-01    9.057153746968199E+02    3.681747670223993E+33    2.139603802236581E+14    1.301740000000000E-01    0.000000000000000E+00    5.347717000000000E-01    4.133926000000000E-02    2.117450000000000E-03    1.056722000000000E-01    1.008351000000000E-02    1.073143000000000E-04    2.595340000000000E-03    5.517626000000000E-02    5.351652000000000E-02    1.439003000000000E-02    1.948286000000000E-02    0.000000000000000E+00    0.000000000000000E+00    0.000000000000000E+00    0.000000000000000E+00    0.000000000000000E+00    1.567273000000000E-02    0.000000000000000E+00    1.465473000000000E-02    5.685699987421000E+40    9.271006560296498E+12    3.883471760733499E+12
                      206    1.089932355231080E+31    3.687197901679576E+33    2.146118616268543E+14    5.916297825813500E+07    1.527024311037690E-11    2.212281257606233E+03    3.058410668452620E+04    3.058410668452620E+04    1.680238698003900E-01    9.023746900954211E+02    3.692510932854081E+33    2.152937487720011E+14    1.301743000000000E-01    0.000000000000000E+00    5.347718000000000E-01    4.133924000000000E-02    2.117452000000000E-03    1.056720000000000E-01    1.008350000000000E-02    1.073144000000000E-04    2.595340000000000E-03    5.517618000000000E-02    5.351643000000000E-02    1.439001000000000E-02    1.948283000000000E-02    0.000000000000000E+00    0.000000000000000E+00    0.000000000000000E+00    0.000000000000000E+00    0.000000000000000E+00    1.567271000000000E-02    0.000000000000000E+00    1.465472000000000E-02    5.750295639048001E+40    9.212623953788498E+12    3.850769586546999E+12
                      207    1.062612796653611E+31    3.697823964028586E+33    2.159756359171478E+14    5.958797825813499E+07    1.513024468004013E-11    2.198246643407573E+03    3.051376519110755E+04    3.053341820338910E+04    1.677238698003900E-01    8.989163316433328E+02    3.702838733722487E+33    2.166265467206169E+14    1.301802000000000E-01    0.000000000000000E+00    5.347747000000000E-01    4.133880000000000E-02    2.117502000000000E-03    1.056691000000000E-01    1.008344000000000E-02    1.073169000000000E-04    2.595352000000000E-03    5.517437000000000E-02    5.351467000000000E-02    1.438954000000000E-02    1.948219000000000E-02    0.000000000000000E+00    0.000000000000000E+00    0.000000000000000E+00    0.000000000000000E+00    0.000000000000000E+00    1.567218000000000E-02    0.000000000000000E+00    1.465446000000000E-02    5.810295639048000E+40    9.092900037737000E+12    3.800769586546999E+12
                      208    1.002958313281812E+31    3.707853503416388E+33    2.172774575240860E+14    5.999297825813500E+07    1.492264994050435E-11    2.191998941123795E+03    3.051376519110755E+04    3.051376519110755E+04    1.674238698003900E-01    8.956661615803471E+02    3.712795696150007E+33    2.179093528782236E+14    1.302258000000000E-01    0.000000000000000E+00    5.347974000000000E-01    4.133542000000000E-02    2.117884000000000E-03    1.056466000000000E-01    1.008292000000000E-02    1.073363000000000E-04    2.595441000000000E-03    5.516037000000000E-02    5.350107000000000E-02    1.438588000000000E-02    1.947723000000000E-02    0.000000000000000E+00    0.000000000000000E+00    0.000000000000000E+00    0.000000000000000E+00    0.000000000000000E+00    1.566812000000000E-02    0.000000000000000E+00    1.465250000000000E-02    5.867593464861501E+40    8.985602211923498E+12    3.755365238173999E+12
                      209    9.884872627658330E+30    3.717737888883628E+33    2.185412482323612E+14    6.038932934522825E+07    1.475183177916776E-11    2.178092997041517E+03    3.044358547863440E+04    3.046319329024199E+04    1.695508915422550E-01    8.925074098317234E+02    3.722676104797506E+33    2.191624302717575E+14    1.303713000000000E-01    0.000000000000000E+00    5.348697000000000E-01    4.132459000000000E-02    2.119106000000000E-03    1.055746000000000E-01    1.008128000000000E-02    1.073982000000000E-04    2.595727000000000E-03    5.511563000000000E-02    5.345761000000000E-02    1.437417000000000E-02    1.946136000000000E-02    0.000000000000000E+00    0.000000000000000E+00    0.000000000000000E+00    0.000000000000000E+00    0.000000000000000E+00    1.565513000000000E-02    0.000000000000000E+00    1.464624000000000E-02    5.924891290675000E+40    8.885602211923498E+12    3.705365238173999E+12
                      210    9.876417908888122E+30    3.727614320711385E+33    2.197836123111538E+14    6.079568043232150E+07    1.461658617248371E-11    2.171902574036576E+03    3.044358547863440E+04    3.044358547863440E+04    1.693238698003900E-01    8.894347920452688E+02    3.733121221848283E+33    2.204546872363659E+14    1.306385000000000E-01    0.000000000000000E+00    5.350023000000000E-01    4.130473000000000E-02    2.121348000000000E-03    1.054424000000000E-01    1.007827000000000E-02    1.075118000000000E-04    2.596251000000000E-03    5.503350999999999E-02    5.337784000000001E-02    1.435270000000000E-02    1.943225000000000E-02    0.000000000000000E+00    0.000000000000000E+00    0.000000000000000E+00    0.000000000000000E+00    0.000000000000000E+00    1.563129000000000E-02    0.000000000000000E+00    1.463473000000000E-02    5.984891290675000E+40    8.802900037736998E+12    3.672663063987499E+12
                      211    1.101422779350883E+31    3.738628122985181E+33    2.211257621615781E+14    6.124068043232150E+07    1.453934978819740E-11    2.158124120415974E+03    3.037356717502092E+04    3.039312988991325E+04    1.690508915422550E-01    8.861381479350889E+02    3.744813071887987E+33    2.218789902191620E+14    1.310736000000000E-01    0.000000000000000E+00    5.352183000000000E-01    4.127238000000000E-02    2.124999000000000E-03    1.052273000000000E-01    1.007336000000000E-02    1.076969000000000E-04    2.597104000000000E-03    5.489981000000000E-02    5.324795000000000E-02    1.431773000000000E-02    1.938484000000000E-02    0.000000000000000E+00    0.000000000000000E+00    0.000000000000000E+00    0.000000000000000E+00    0.000000000000000E+00    1.559247000000000E-02    0.000000000000000E+00    1.461600000000000E-02    6.052189116488501E+40    8.750197863550498E+12    3.652663063987499E+12
                      212    1.236877833085537E+31    3.750998020790794E+33    2.226322182767458E+14    6.170932934522826E+07    1.438288312203861E-11    2.151990451550274E+03    3.032322763093358E+04    3.037356717502092E+04    1.688238698003900E-01    8.824826833296981E+02    3.757241627784786E+33    2.233802603586564E+14    1.316937000000000E-01    0.000000000000000E+00    5.355261000000000E-01    4.122628000000000E-02    2.130202000000000E-03    1.049206000000000E-01    1.006637000000000E-02    1.079606000000000E-04    2.598319000000000E-03    5.470928000000000E-02    5.306285000000000E-02    1.426790000000000E-02    1.931728000000000E-02    0.000000000000000E+00    0.000000000000000E+00    0.000000000000000E+00    0.000000000000000E+00    0.000000000000000E+00    1.553716000000000E-02    0.000000000000000E+00    1.458931000000000E-02    6.126784768115500E+40    8.664793515177498E+12    3.612663063987499E+12
                      213    1.248756394812100E+31    3.763485234778778E+33    2.241283024405670E+14    6.217297825813500E+07    1.424114751189344E-11    2.132260884500222E+03    3.030370990903698E+04    3.030370990903698E+04    1.685238698003900E-01    8.788944740460538E+02    3.769829256471240E+33    2.248747745091668E+14    1.323484000000000E-01    0.000000000000000E+00    5.358508000000000E-01    4.117760000000000E-02    2.135695000000000E-03    1.045969000000000E-01    1.005898000000000E-02    1.082390000000000E-04    2.599602000000000E-03    5.450818000000000E-02    5.286748000000000E-02    1.421530000000000E-02    1.924597000000000E-02    0.000000000000000E+00    0.000000000000000E+00    0.000000000000000E+00    0.000000000000000E+00    0.000000000000000E+00    1.547877000000000E-02    0.000000000000000E+00    1.456113000000000E-02    6.196784768115500E+40    8.572091340990998E+12    3.579960889800999E+12
                      214    1.268888647070944E+31    3.776173278163702E+33    2.256212465777666E+14    6.276932934522825E+07    1.408788997934061E-11    2.132260884500222E+03    3.025348614268824E+04    3.030370990903698E+04    1.682238698003900E-01    8.753586286094326E+02    3.786564708147970E+33    2.268097861014811E+14    1.329575000000000E-01    0.000000000000000E+00    5.361525000000000E-01    4.113230000000000E-02    2.140804000000000E-03    1.042959000000000E-01    1.005211000000000E-02    1.084979000000000E-04    2.600795000000000E-03    5.432116000000000E-02    5.268581000000000E-02    1.416639000000000E-02    1.917966000000000E-02    0.000000000000000E+00    0.000000000000000E+00    0.000000000000000E+00    0.000000000000000E+00    0.000000000000000E+00    1.542448000000000E-02    0.000000000000000E+00    1.453492000000000E-02    6.274082593929000E+40    8.486686992617998E+12    3.539960889800999E+12
                      215    2.078160727031748E+31    3.796956138132238E+33    2.279983256251956E+14    6.398568043232150E+07    1.392662723626364E-11    2.112712199208121E+03    3.023401331030631E+04    3.023401331030631E+04    1.678508915422550E-01    8.698055367900588E+02    3.820737520185787E+33    2.307057487563803E+14    1.337771000000000E-01    0.000000000000000E+00    5.365573000000000E-01    4.107132000000000E-02    2.147675000000000E-03    1.038913000000000E-01    1.004284000000000E-02    1.088461000000000E-04    2.602398000000000E-03    5.406978000000000E-02    5.244159000000000E-02    1.410065000000000E-02    1.909053000000000E-02    0.000000000000000E+00    0.000000000000000E+00    0.000000000000000E+00    0.000000000000000E+00    0.000000000000000E+00    1.535151000000000E-02    0.000000000000000E+00    1.449966000000000E-02    6.398678245556000E+40    8.383984818431498E+12    3.504556541427999E+12
                      216    4.756347993465082E+31    3.844518902239336E+33    2.334131718875650E+14    6.596568043232149E+07    1.367243764240792E-11    2.080062663839860E+03    3.009510063735709E+04    3.011448400020122E+04    1.671508915422550E-01    8.574388535881848E+02    3.876222109217745E+33    2.369730922402856E+14    1.349972000000000E-01    0.000000000000000E+00    5.371473000000000E-01    4.098033000000000E-02    2.157859000000000E-03    1.032932000000000E-01    1.002894000000000E-02    1.093623000000000E-04    2.604761000000000E-03    5.369856000000000E-02    5.208095000000000E-02    1.400355000000000E-02    1.895889000000000E-02    0.000000000000000E+00    0.000000000000000E+00    0.000000000000000E+00    0.000000000000000E+00    0.000000000000000E+00    1.524377000000000E-02    0.000000000000000E+00    1.444740000000000E-02    6.660571722996500E+40    8.238580470058499E+12    3.434556541427999E+12
                      217    6.340659291370780E+31    3.907925316196154E+33    2.405330125930062E+14    6.804432934522827E+07    1.365046363442604E-11    2.036293336161219E+03    2.995682621016464E+04    2.995682621016464E+04    1.693779132841200E-01    8.409886278311627E+02    3.936825859461816E+33    2.435140193596063E+14    1.367449000000000E-01    0.000000000000000E+00    5.379378000000000E-01    4.084905000000000E-02    2.172257000000000E-03    1.024548000000000E-01    1.000850000000000E-02    1.100920000000000E-04    2.608043000000000E-03    5.317964000000000E-02    5.157679000000000E-02    1.386782000000000E-02    1.877486000000000E-02    0.000000000000000E+00    0.000000000000000E+00    0.000000000000000E+00    0.000000000000000E+00    0.000000000000000E+00    1.509333000000000E-02    0.000000000000000E+00    1.437344000000000E-02    7.019763026250500E+40    8.221282644244999E+12    3.417258715614499E+12
                      218    5.779995313769532E+31    3.965726402727476E+33    2.464950261262065E+14    7.001432934522825E+07    1.365046363442604E-11    1.986444422427067E+03    2.975060486907137E+04    2.976976635239580E+04    1.684779132841200E-01    8.272867251576494E+02    3.999181398801971E+33    2.497085420148162E+14    1.394725000000000E-01    0.000000000000000E+00    5.391609000000001E-01    4.064398000000000E-02    2.194690000000000E-03    1.011500000000000E-01    9.976509000000000E-03    1.112289000000000E-04    2.613145000000000E-03    5.237231000000001E-02    5.079239000000000E-02    1.365664000000000E-02    1.848854000000000E-02    0.000000000000000E+00    0.000000000000000E+00    0.000000000000000E+00    0.000000000000000E+00    0.000000000000000E+00    1.485931000000000E-02    0.000000000000000E+00    1.425820000000000E-02    7.348954329504501E+40    8.223984818431499E+12    3.405365238173999E+12
                      219    6.691068809244414E+31    4.032636394876466E+33    2.529220579034259E+14    7.241932934522825E+07    1.358774545106770E-11    1.944645038998821E+03    2.956483272230578E+04    2.961391325615835E+04    1.676049350259850E-01    8.126599438063687E+02    4.079593688177936E+33    2.572576387793157E+14    1.423515000000000E-01    0.000000000000000E+00    5.404409999999999E-01    4.042733000000000E-02    2.218331000000000E-03    9.977643999999999E-02    9.942635999999999E-03    1.124270000000000E-04    2.618510000000000E-03    5.152270000000000E-02    4.996692000000000E-02    1.343440000000000E-02    1.818722000000000E-02    0.000000000000000E+00    0.000000000000000E+00    0.000000000000000E+00    0.000000000000000E+00    0.000000000000000E+00    1.461306000000000E-02    0.000000000000000E+00    1.413674000000000E-02    7.720847806945000E+40    8.181282644244998E+12    3.385365238173999E+12
                      220    9.391482521212411E+31    4.126550981479406E+33    2.615932196552055E+14    7.510797825813499E+07    1.337049242610595E-11    1.891648062917749E+03    2.936130984540223E+04    2.941005251123629E+04    1.664779132841200E-01    7.933721443966888E+02    4.172630391822961E+33    2.656836880166045E+14    1.472500000000000E-01    0.000000000000000E+00    5.425306000000000E-01    4.005717000000000E-02    2.258246000000000E-03    9.746920000000001E-02    9.884171000000001E-03    1.144500000000000E-04    2.627472000000000E-03    5.009796000000000E-02    4.858261000000000E-02    1.306169000000000E-02    1.768189000000000E-02    0.000000000000000E+00    0.000000000000000E+00    0.000000000000000E+00    0.000000000000000E+00    0.000000000000000E+00    1.420037000000000E-02    0.000000000000000E+00    1.393156000000000E-02    8.250039110199001E+40    8.055878295871998E+12    3.328067412360499E+12
                      221    9.215802532316497E+31    4.218709802166518E+33    2.697741563780034E+14    7.771432934522825E+07    1.306614286129850E-11    1.828421917934468E+03    2.914041952910666E+04    2.915918801012853E+04    1.650779132841200E-01    7.757384647151027E+02    4.267002312696162E+33    2.738654047668613E+14    1.519050000000000E-01    0.000000000000000E+00    5.444071000000000E-01    3.970353000000000E-02    2.295797000000000E-03    9.531348000000001E-02    9.827585000000000E-03    1.163531000000000E-04    2.635784000000000E-03    4.876976000000000E-02    4.729201000000000E-02    1.271421000000000E-02    1.721075000000000E-02    0.000000000000000E+00    0.000000000000000E+00    0.000000000000000E+00    0.000000000000000E+00    0.000000000000000E+00    1.381596000000000E-02    0.000000000000000E+00    1.373840000000000E-02    8.776528239266501E+40    7.860473947498998E+12    3.245365238173999E+12
                      222    9.658573688684054E+31    4.315294823225806E+33    2.779566531557191E+14    8.056068043232149E+07    1.268082188034368E-11    1.778592344563716E+03    2.889185496756953E+04    2.895845757178195E+04    1.637779132841200E-01    7.587561199604437E+02    4.374186552571204E+33    2.828127124823561E+14    1.550696000000000E-01    0.000000000000000E+00    5.456304000000000E-01    3.946226000000000E-02    2.321139000000000E-03    9.386562000000000E-02    9.788632000000000E-03    1.176375000000000E-04    2.641337000000000E-03    4.787907000000000E-02    4.642650000000000E-02    1.248118000000000E-02    1.689478000000000E-02    0.000000000000000E+00    0.000000000000000E+00    0.000000000000000E+00    0.000000000000000E+00    0.000000000000000E+00    1.355832000000000E-02    0.000000000000000E+00    1.360794000000000E-02    9.321123890893501E+40    7.632367424939498E+12    3.132663063987499E+12
                      223    1.177832996180094E+32    4.433078281916604E+33    2.876687718089929E+14    8.355568043232149E+07    1.220251466985134E-11    1.714258922885908E+03    2.869296483694337E+04    2.869296483694337E+04    1.622508915422550E-01    7.395403066167952E+02    4.488458479430351E+33    2.921644114026813E+14    1.599293000000000E-01    0.000000000000000E+00    5.473135000000000E-01    3.908864000000000E-02    2.359356000000000E-03    9.170850000000000E-02    9.727025000000000E-03    1.195743000000000E-04    2.649504000000000E-03    4.655713000000000E-02    4.514184000000000E-02    1.213528000000000E-02    1.642575000000000E-02    0.000000000000000E+00    0.000000000000000E+00    0.000000000000000E+00    0.000000000000000E+00    0.000000000000000E+00    1.317643000000000E-02    0.000000000000000E+00    1.341084000000000E-02    9.975719542520501E+40    7.348856554006998E+12    3.017258715614499E+12
                      224    1.107614687688237E+32    4.543838676944099E+33    2.966600509963696E+14    8.635932934522825E+07    1.162650916887669E-11    1.652252503883811E+03    2.842990615412842E+04    2.842990615412842E+04    1.606508915422550E-01    7.227579158721892E+02    4.596463932581992E+33    3.008538198164602E+14    1.657639000000000E-01    0.000000000000000E+00    5.491951000000000E-01    3.863794000000000E-02    2.404735000000000E-03    8.916582000000001E-02    9.651803000000000E-03    1.218742000000000E-04    2.659053000000000E-03    4.500252000000000E-02    4.363096999999999E-02    1.172847000000000E-02    1.587410000000000E-02    0.000000000000000E+00    0.000000000000000E+00    0.000000000000000E+00    0.000000000000000E+00    0.000000000000000E+00    1.272766000000000E-02    0.000000000000000E+00    1.317647000000000E-02    1.056761301996100E+41    6.998047857260998E+12    2.871854367241499E+12
                      225    1.052495568390513E+32    4.649089188219888E+33    3.050475886365508E+14    8.945297825813499E+07    1.110323005758749E-11    1.607224036131515E+03    2.818743231238303E+04    2.823419605676600E+04    1.741130219934450E-01    7.065544566643416E+02    4.719243271072921E+33    3.105241167502348E+14    1.710456000000000E-01    0.000000000000000E+00    5.507919999999999E-01    3.822840000000000E-02    2.445424000000000E-03    8.690029000000001E-02    9.582761000000000E-03    1.239363000000000E-04    2.667502000000000E-03    4.362009000000000E-02    4.228739000000000E-02    1.136669000000000E-02    1.538352000000000E-02    0.000000000000000E+00    0.000000000000000E+00    0.000000000000000E+00    0.000000000000000E+00    0.000000000000000E+00    1.232884000000000E-02    0.000000000000000E+00    1.296606000000000E-02    1.115680432321500E+41    6.691834812141999E+12    2.743747844681999E+12
                      226    1.403086031562381E+32    4.789397353925953E+33    3.160006448639188E+14    9.288297825813501E+07    1.060350238588641E-11    1.549089173489608E+03    2.792900837961173E+04    2.797534339140913E+04    1.723130219934450E-01    6.865550380464716E+02    4.858613901524953E+33    3.213371557081112E+14    1.773586000000000E-01    0.000000000000000E+00    5.525079000000001E-01    3.773620000000000E-02    2.493339000000000E-03    8.425806000000000E-02    9.498543999999999E-03    1.263647000000000E-04    2.677252000000000E-03    4.201264000000000E-02    4.072501000000000E-02    1.094598000000000E-02    1.481301000000000E-02    0.000000000000000E+00    0.000000000000000E+00    0.000000000000000E+00    0.000000000000000E+00    0.000000000000000E+00    1.186553000000000E-02    0.000000000000000E+00    1.271768000000000E-02    1.185680432321500E+41    6.388323941209498E+12    2.622939147935999E+12
                      227    1.384321407612603E+32    4.927830449123952E+33    3.266736665523038E+14    9.596932934522825E+07    1.003342799815657E-11    1.483612137855304E+03    2.765511228366804E+04    2.767295369169708E+04    1.710887610910650E-01    6.682481167777948E+02    4.985782654805447E+33    3.310839085578459E+14    1.840701000000000E-01    0.000000000000000E+00    5.540297000000000E-01    3.720892000000000E-02    2.543136000000000E-03    8.155226000000000E-02    9.406395000000000E-03    1.288885000000000E-04    2.687070000000000E-03    4.037406000000000E-02    3.913223000000000E-02    1.051708000000000E-02    1.423136000000000E-02    0.000000000000000E+00    0.000000000000000E+00    0.000000000000000E+00    0.000000000000000E+00    0.000000000000000E+00    1.139387000000000E-02    0.000000000000000E+00    1.245851000000000E-02    1.258382606508000E+41    6.044813070276999E+12    2.477534799562999E+12
                      228    1.159052464951351E+32    5.043734860486941E+33    3.354941505633881E+14    9.880568043232150E+07    9.581849350619421E-12    1.439051772296559E+03    2.741924652727173E+04    2.746473582979363E+04    1.702374784468200E-01    6.538737471363629E+02    5.103994615823381E+33    3.400394981331872E+14    1.904184000000000E-01    0.000000000000000E+00    5.552672000000000E-01    3.670759000000000E-02    2.589467000000000E-03    7.906191999999999E-02    9.317506000000000E-03    1.312365000000000E-04    2.695994000000000E-03    3.887107000000000E-02    3.767116000000000E-02    1.012363000000000E-02    1.369778000000000E-02    0.000000000000000E+00    0.000000000000000E+00    0.000000000000000E+00    0.000000000000000E+00    0.000000000000000E+00    1.096163000000000E-02    0.000000000000000E+00    1.221663000000000E-02    1.318382606508000E+41    5.764004373530999E+12    2.366726102817000E+12
                      229    1.205193516000899E+32    5.164254371159821E+33    3.445848457029864E+14    1.017606804323215E+08    9.150595090215860E-12    1.390978373467216E+03    2.721293761820053E+04    2.723049376184350E+04    1.695132175444400E-01    6.397879420461570E+02    5.228272221151879E+33    3.493720028251149E+14    1.974396000000000E-01    0.000000000000000E+00    5.564566000000000E-01    3.615094000000000E-02    2.640014000000000E-03    7.636900000000001E-02    9.217682000000000E-03    1.337983000000000E-04    2.705542999999999E-03    3.725035000000000E-02    3.609557000000000E-02    9.699339000000000E-03    1.312234000000000E-02    0.000000000000000E+00    0.000000000000000E+00    0.000000000000000E+00    0.000000000000000E+00    0.000000000000000E+00    1.049589000000000E-02    0.000000000000000E+00    1.195197000000000E-02    1.385680432321500E+41    5.510493502598499E+12    2.271321754443999E+12
                      230    1.280362169706846E+32    5.292290071143939E+33    3.541591599472433E+14    1.047256804323215E+08    8.738750468840297E-12    1.349200267704611E+03    2.698084309443775E+04    2.702560507331268E+04    1.690240653513850E-01    6.256624943204740E+02    5.354219096566831E+33    3.587507605884222E+14    2.047134000000000E-01    0.000000000000000E+00    5.574764000000000E-01    3.557177000000000E-02    2.691549000000000E-03    7.365199000000000E-02    9.112492000000000E-03    1.364101000000000E-04    2.715057000000000E-03    3.562054000000000E-02    3.451105000000000E-02    9.272628999999999E-03    1.254362000000000E-02    0.000000000000000E+00    0.000000000000000E+00    0.000000000000000E+00    0.000000000000000E+00    0.000000000000000E+00    1.002794000000000E-02    0.000000000000000E+00    1.168120000000000E-02    1.445680432321500E+41    5.259684805852499E+12    2.180513057698000E+12
                      231    1.238574543228204E+32    5.416148121989721E+33    3.633423612296012E+14    1.076156804323215E+08    8.351255294367246E-12    1.304128475418415E+03    2.679510827701326E+04    2.679510827701326E+04    1.686240653513850E-01    6.127456288062585E+02    5.476420801990320E+33    3.678224875441381E+14    2.113707000000000E-01    0.000000000000000E+00    5.582085000000000E-01    3.503937000000000E-02    2.737924000000000E-03    7.123427000000000E-02    9.014548000000001E-03    1.387605000000000E-04    2.723406000000000E-03    3.417545000000000E-02    3.310604000000000E-02    8.894251000000001E-03    1.203043000000000E-02    0.000000000000000E+00    0.000000000000000E+00    0.000000000000000E+00    0.000000000000000E+00    0.000000000000000E+00    9.613401000000001E-03    0.000000000000000E+00    1.143659000000000E-02    1.505680432321500E+41    5.031578283292999E+12    2.095108709324999E+12
                      232    1.205448827828296E+32    5.536693481990919E+33    3.723026138586751E+14    1.105256804323215E+08    7.920484712917258E-12    1.268587353911748E+03    2.659349553205410E+04    2.661065204907845E+04    1.684970436095200E-01    6.008019809507236E+02    5.598675200275384E+33    3.768771223480673E+14    2.174184000000000E-01    0.000000000000000E+00    5.587334000000000E-01    3.455416000000000E-02    2.779497000000000E-03    6.908603000000001E-02    8.924420000000001E-03    1.408674000000000E-04    2.730743000000000E-03    3.289510000000000E-02    3.186113000000000E-02    8.558985000000000E-03    1.157570000000000E-02    0.000000000000000E+00    0.000000000000000E+00    0.000000000000000E+00    0.000000000000000E+00    0.000000000000000E+00    9.246378000000000E-03    0.000000000000000E+00    1.121661000000000E-02    1.562978258135000E+41    4.770769586546999E+12    1.997002186765500E+12
                      233    1.239630587710531E+32    5.660656918559848E+33    3.814516308374595E+14    1.133493293452283E+08    7.598918035485112E-12    1.234014826636226E+03    2.636668412465314E+04    2.642746560888525E+04    1.891321523188450E-01    5.876691057932162E+02    5.719758425146606E+33    3.857332428456924E+14    2.233352000000000E-01    0.000000000000000E+00    5.591228000000000E-01    3.407813000000000E-02    2.819671000000000E-03    6.702697000000001E-02    8.835233000000000E-03    1.429035000000000E-04    2.737701000000000E-03    3.167116000000000E-02    3.067102000000000E-02    8.238469999999999E-03    1.114097000000000E-02    0.000000000000000E+00    0.000000000000000E+00    0.000000000000000E+00    0.000000000000000E+00    0.000000000000000E+00    8.895742999999999E-03    0.000000000000000E+00    1.100336000000000E-02    1.615680432321500E+41    4.575365238173999E+12    1.921597838392500E+12
                      234    1.182038880738594E+32    5.778859931733364E+33    3.900148548539252E+14    1.160843293452283E+08    7.391826422726858E-12    1.189379305494295E+03    2.618517714783849E+04    2.618517714783849E+04    1.885051305769800E-01    5.757513863558044E+02    5.839884230665088E+33    3.944119916126631E+14    2.290634000000000E-01    0.000000000000000E+00    5.593783000000000E-01    3.361607000000000E-02    2.858068000000000E-03    6.507535000000000E-02    8.747921000000001E-03    1.448495000000000E-04    2.744224000000000E-03    3.051423000000000E-02    2.954604000000000E-02    7.935490000000000E-03    1.073002000000000E-02    0.000000000000000E+00    0.000000000000000E+00    0.000000000000000E+00    0.000000000000000E+00    0.000000000000000E+00    8.564512999999999E-03    0.000000000000000E+00    1.079883000000000E-02    1.672978258135000E+41    4.454556541427999E+12    1.876193490019500E+12
                      235    1.220490949659140E+32    5.900908529596811E+33    3.988091283714009E+14    1.190493293452283E+08    7.108071047774942E-12    1.156965417437349E+03    2.600491965626349E+04    2.600491965626349E+04    1.881051305769800E-01    5.640068530238744E+02    5.970997989129046E+33    4.038371907111584E+14    2.351917000000000E-01    0.000000000000000E+00    5.595173000000000E-01    3.312040000000000E-02    2.898588000000000E-03    6.303371000000001E-02    8.653433000000000E-03    1.469031000000000E-04    2.750964000000000E-03    2.930747000000000E-02    2.837254000000000E-02    7.619439000000000E-03    1.030132000000000E-02    0.000000000000000E+00    0.000000000000000E+00    0.000000000000000E+00    0.000000000000000E+00    0.000000000000000E+00    8.219231000000000E-03    0.000000000000000E+00    1.058211000000000E-02    1.725680432321500E+41    4.279152193054999E+12    1.818086967460000E+12
                      236    1.401792968623466E+32    6.041087448661282E+33    4.088652530509159E+14    1.220629782581350E+08    6.803803465272706E-12    1.125434897818137E+03    2.578315569057110E+04    2.582590304853226E+04    1.877051305769800E-01    5.511793216177168E+02    6.104925347560042E+33    4.134177786376217E+14    2.423623000000000E-01    0.000000000000000E+00    5.594907000000000E-01    3.253901000000000E-02    2.945221000000000E-03    6.071005000000000E-02    8.541478999999999E-03    1.492665000000000E-04    2.758534999999999E-03    2.793887000000000E-02    2.704160000000000E-02    7.260979000000000E-03    9.815096000000001E-03    0.000000000000000E+00    0.000000000000000E+00    0.000000000000000E+00    0.000000000000000E+00    0.000000000000000E+00    7.827929000000001E-03    0.000000000000000E+00    1.033156000000000E-02    1.785680432321500E+41    4.101045670495499E+12    1.752682619087000E+12
                      237    1.276754199996464E+32    6.168763246458803E+33    4.179703042243274E+14    1.247793293452283E+08    6.538066573363864E-12    1.087858087340534E+03    2.558912974618930E+04    2.560566569524167E+04    1.872781088351150E-01    5.400439183709643E+02    6.226730365214329E+33    4.220696609920736E+14    2.488587000000000E-01    0.000000000000000E+00    5.592646000000000E-01    3.201029000000000E-02    2.986598000000000E-03    5.867462000000000E-02    8.438424000000000E-03    1.513635000000000E-04    2.765027000000000E-03    2.674546000000000E-02    2.588096000000000E-02    6.948377000000000E-03    9.391060000000000E-03    0.000000000000000E+00    0.000000000000000E+00    0.000000000000000E+00    0.000000000000000E+00    0.000000000000000E+00    7.487021000000000E-03    0.000000000000000E+00    1.010767000000000E-02    1.838382606508000E+41    3.935641322122499E+12    1.697278270714000E+12
                      238    1.159346153089253E+32    6.284697483969853E+33    4.261690177598199E+14    1.273556804323215E+08    6.320504721495196E-12    1.058210934323822E+03    2.541297541606608E+04    2.542939753244587E+04    1.873159783839250E-01    5.303494265030467E+02    6.343120942790703E+33    4.302675702268190E+14    2.547566000000000E-01    0.000000000000000E+00    5.588922000000000E-01    3.152910000000000E-02    3.023447000000000E-03    5.688454000000000E-02    8.343635000000000E-03    1.532311000000000E-04    2.770639000000000E-03    2.570033000000000E-02    2.486449000000000E-02    6.674599000000000E-03    9.019678000000000E-03    0.000000000000000E+00    0.000000000000000E+00    0.000000000000000E+00    0.000000000000000E+00    0.000000000000000E+00    7.188711000000000E-03    0.000000000000000E+00    9.907041000000000E-03    1.883786954881000E+41    3.807534799562999E+12    1.651873922341000E+12
                      239    1.168463211187390E+32    6.401544401611554E+33    4.343661226938181E+14    1.298893293452283E+08    6.134112830233266E-12    1.035906069732781E+03    2.525434279114768E+04    2.529621340017335E+04    1.881566087722200E-01    5.209023041717375E+02    6.456882842518016E+33    4.382727403594588E+14    2.607552000000000E-01    0.000000000000000E+00    5.583595000000000E-01    3.103855000000000E-02    3.060255000000000E-03    5.511711000000000E-02    8.246082000000000E-03    1.550965000000000E-04    2.776081000000001E-03    2.467262000000000E-02    2.386490000000000E-02    6.405364000000000E-03    8.654449999999999E-03    0.000000000000000E+00    0.000000000000000E+00    0.000000000000000E+00    0.000000000000000E+00    0.000000000000000E+00    6.895588000000000E-03    0.000000000000000E+00    9.705378000000001E-03    1.926489129067500E+41    3.694832625376500E+12    1.616469573968000E+12
                      240    1.106766034355423E+32    6.512221283424478E+33    4.421793580250994E+14    1.326529782581350E+08    5.885071723115786E-12    1.007674753426271E+03    2.512207549199284E+04    2.512207549199284E+04    1.890783043861100E-01    5.122224078694525E+02    6.580818441348755E+33    4.469642245683003E+14    2.664341000000000E-01    0.000000000000000E+00    5.577310000000000E-01    3.057328000000000E-02    3.094555000000000E-03    5.348687000000000E-02    8.152817999999999E-03    1.568349000000000E-04    2.781020000000000E-03    2.372811000000000E-02    2.294620000000000E-02    6.157911000000000E-03    8.318763999999999E-03    0.000000000000000E+00    0.000000000000000E+00    0.000000000000000E+00    0.000000000000000E+00    0.000000000000000E+00    6.626364000000001E-03    0.000000000000000E+00    9.516389000000000E-03    1.961893477440500E+41    3.539428277003499E+12    1.563767399781500E+12
                      241    1.371933216436180E+32    6.649415599273031E+33    4.517490911115012E+14    1.358743293452283E+08    5.711520765238460E-12    9.830423881098212E+02    2.494913634074030E+04    2.496525871971619E+04    2.087729782581350E-01    5.008318237179834E+02    6.728675605128927E+33    4.571794542814882E+14    2.733638000000000E-01    0.000000000000000E+00    5.568218000000000E-01    3.000464000000000E-02    3.135774000000000E-03    5.154690000000000E-02    8.037982000000001E-03    1.589239000000000E-04    2.786803000000000E-03    2.260811000000000E-02    2.185677000000000E-02    5.864469000000001E-03    7.920683000000000E-03    0.000000000000000E+00    0.000000000000000E+00    0.000000000000000E+00    0.000000000000000E+00    0.000000000000000E+00    6.307312000000000E-03    0.000000000000000E+00    9.287978000000001E-03    2.004595651627000E+41    3.444023928630500E+12    1.531065225595000E+12
                      242    1.585217217442788E+32    6.807935610984821E+33    4.626098174514751E+14    1.390206804323215E+08    5.555865967930193E-12    9.534992982620486E+02    2.473637585200751E+04    2.477738769423112E+04    2.094595651627000E-01    4.882176106650497E+02    6.875796063052005E+33    4.672353694415335E+14    2.813418000000000E-01    0.000000000000000E+00    5.555668000000000E-01    2.934875000000000E-02    3.182285000000000E-03    4.938564000000000E-02    7.904296000000000E-03    1.612811000000000E-04    2.793107000000000E-03    2.136620000000000E-02    2.064870000000000E-02    5.539063000000000E-03    7.479230000000000E-03    0.000000000000000E+00    0.000000000000000E+00    0.000000000000000E+00    0.000000000000000E+00    0.000000000000000E+00    5.953792000000000E-03    0.000000000000000E+00    9.028217999999999E-03    2.057297825813500E+41    3.348619580257500E+12    1.508363051408500E+12
                      243    1.357207052933790E+32    6.943656515119188E+33    4.718609214315918E+14    1.420556804323215E+08    5.354904871255805E-12    9.216631942894569E+02    2.455022723843716E+04    2.456609183840074E+04    2.102001955509950E-01    4.778266682060186E+02    7.018566874382931E+33    4.769433628652123E+14    2.880476000000000E-01    0.000000000000000E+00    5.543897000000000E-01    2.879682000000000E-02    3.220815000000000E-03    4.761153000000000E-02    7.791078000000000E-03    1.632338000000000E-04    2.798198000000000E-03    2.035024000000000E-02    1.966039000000000E-02    5.272850000000000E-03    7.118074000000000E-03    0.000000000000000E+00    0.000000000000000E+00    0.000000000000000E+00    0.000000000000000E+00    0.000000000000000E+00    5.664742000000000E-03    0.000000000000000E+00    8.811763000000000E-03    2.110000000000000E+41    3.223215231884499E+12    1.465660877222000E+12
                      244    1.498206588751899E+32    7.093477233646674E+33    4.820258042988329E+14    1.457206804323215E+08    5.161212733661726E-12    8.939647156809851E+02    2.438122466287268E+04    2.438122466287268E+04    2.108678476811550E-01    4.667891368805978E+02    7.191795153908273E+33    4.886587979234591E+14    2.949648000000000E-01    0.000000000000000E+00    5.530605000000000E-01    2.822699000000000E-02    3.260019000000000E-03    4.582140000000000E-02    7.673509000000000E-03    1.652208000000000E-04    2.803256000000000E-03    1.932839000000000E-02    1.866633000000000E-02    5.005082000000000E-03    6.754804999999999E-03    0.000000000000000E+00    0.000000000000000E+00    0.000000000000000E+00    0.000000000000000E+00    0.000000000000000E+00    5.374145000000000E-03    0.000000000000000E+00    8.590241000000000E-03    2.160000000000000E+41    3.107810883511499E+12    1.430256528849000E+12
                      245    1.966352042320423E+32    7.290113074169875E+33    4.952917915480853E+14    1.501656804323215E+08    4.940282229352469E-12    8.641163941477384E+02    2.415769625158164E+04    2.417330719413426E+04    2.117165650369100E-01    4.529471448527117E+02    7.403231723304016E+33    5.028574167087064E+14    3.029894000000000E-01    0.000000000000000E+00    5.513005000000000E-01    2.756514000000000E-02    3.304454000000000E-03    4.382059000000000E-02    7.535677000000000E-03    1.674727000000000E-04    2.808758000000000E-03    1.819253000000000E-02    1.756130000000000E-02    4.707420000000000E-03    6.350970000000000E-03    0.000000000000000E+00    0.000000000000000E+00    0.000000000000000E+00    0.000000000000000E+00    0.000000000000000E+00    5.051352000000000E-03    0.000000000000000E+00    8.336579000000000E-03    2.230000000000000E+41    2.972406535138500E+12    1.380256528849000E+12
                      246    2.262370994272958E+32    7.516350372438157E+33    5.104230418693274E+14    1.547606804323215E+08    4.707081957321243E-12    8.304631718349176E+02    2.389659763485425E+04    2.393621716108336E+04    2.131597607136950E-01    4.378002226838377E+02    7.623655905315312E+33    5.175226828220392E+14    3.130239000000000E-01    0.000000000000000E+00    5.487005000000000E-01    2.673626000000000E-02    3.358077000000000E-03    4.145760000000000E-02    7.360727000000001E-03    1.701904000000000E-04    2.814971000000000E-03    1.686275000000000E-02    1.626754000000000E-02    4.358910000000000E-03    5.878135000000000E-03    0.000000000000000E+00    0.000000000000000E+00    0.000000000000000E+00    0.000000000000000E+00    0.000000000000000E+00    4.673863000000000E-03    0.000000000000000E+00    8.025444000000000E-03    2.310000000000000E+41    2.837002186765500E+12    1.334852180476000E+12
                      247    2.146122588002337E+32    7.730961438192468E+33    5.246223237747509E+14    1.587156804323215E+08    4.495228371037057E-12    7.953755649381825E+02    2.367751231086257E+04    2.367751231086257E+04    2.144759346486150E-01    4.241410640720474E+02    7.812754678223632E+33    5.300630542518150E+14    3.241722000000000E-01    0.000000000000000E+00    5.454391000000000E-01    2.581453000000000E-02    3.415800000000000E-03    3.896232000000000E-02    7.164003000000000E-03    1.731159000000000E-04    2.821252000000000E-03    1.546988000000000E-02    1.491233000000000E-02    3.993838000000000E-03    5.382816000000000E-03    0.000000000000000E+00    0.000000000000000E+00    0.000000000000000E+00    0.000000000000000E+00    0.000000000000000E+00    4.278835000000000E-03    0.000000000000000E+00    7.685419000000000E-03    2.387297825813500E+41    2.708895664206000E+12    1.302150006289500E+12
                      248    1.635862613372428E+32    7.894547918254797E+33    5.355037847288792E+14    1.619043293452283E+08    4.266332187626000E-12    7.666060541687291E+02    2.346043557319439E+04    2.346043557319439E+04    2.156380650998050E-01    4.141526830729879E+02    7.963526850874248E+33    5.400727280115291E+14    3.331943000000000E-01    0.000000000000000E+00    5.425339000000000E-01    2.506824000000000E-02    3.461158000000000E-03    3.703570000000000E-02    7.003183000000000E-03    1.754146000000000E-04    2.825896000000000E-03    1.440277000000000E-02    1.387402000000000E-02    3.714130000000000E-03    5.003309000000000E-03    0.000000000000000E+00    0.000000000000000E+00    0.000000000000000E+00    0.000000000000000E+00    0.000000000000000E+00    3.976444000000000E-03    0.000000000000000E+00    7.414248000000000E-03    2.440000000000000E+41    2.566193490019500E+12    1.249447832103000E+12
                      249    1.379563142792023E+32    8.032505783493698E+33    5.446416712941790E+14    1.652743293452283E+08    4.128114741761118E-12    7.457139109232461E+02    2.329893507068472E+04    2.329893507068472E+04    2.406731738091300E-01    4.050931848964363E+02    8.126788225922719E+33    5.507338994121458E+14    3.407617000000000E-01    0.000000000000000E+00    5.399508000000000E-01    2.444218000000000E-02    3.498442000000000E-03    3.547081000000000E-02    6.867426000000001E-03    1.773042000000000E-04    2.829551000000000E-03    1.354076000000000E-02    1.303526000000000E-02    3.488174000000000E-03    4.696726000000000E-03    0.000000000000000E+00    0.000000000000000E+00    0.000000000000000E+00    0.000000000000000E+00    0.000000000000000E+00    3.732307000000000E-03    0.000000000000000E+00    7.188994000000000E-03    2.490000000000000E+41    2.483491315833000E+12    1.226745657916500E+12
                      250    1.885650638149259E+32    8.221070668351736E+33    5.568261275301126E+14    1.691156804323215E+08    4.064944942820689E-12    7.253911365824501E+02    2.308532915001686E+04    2.313854632981431E+04    2.412082825184550E-01    3.931712094017191E+02    8.317210285599987E+33    5.629829341590398E+14    3.503909000000001E-01    0.000000000000000E+00    5.364784000000000E-01    2.364557000000000E-02    3.544902999999999E-03    3.354437000000000E-02    6.693612000000000E-03    1.796589000000000E-04    2.833897000000000E-03    1.248572000000000E-02    1.200863000000000E-02    3.211604000000000E-03    4.321466000000000E-03    0.000000000000000E+00    0.000000000000000E+00    0.000000000000000E+00    0.000000000000000E+00    0.000000000000000E+00    3.433658000000000E-03    0.000000000000000E+00    6.905142999999999E-03    2.564595651627000E+41    2.450789141646500E+12    1.226745657916500E+12
                      251    1.922790356555144E+32    8.413349902848237E+33    5.691397407879670E+14    1.728456804323215E+08    3.933251890599483E-12    6.991530309177460E+02    2.287368158020090E+04    2.292641086196134E+04    2.418704129696450E-01    3.814801507822980E+02    8.503962734860882E+33    5.748910359567862E+14    3.586364000000000E-01    0.000000000000000E+00    5.332606000000000E-01    2.296364000000000E-02    3.583368000000000E-03    3.198022000000000E-02    6.543411000000000E-03    1.816084000000000E-04    2.837221000000000E-03    1.163732000000000E-02    1.118305000000000E-02    2.989192000000000E-03    4.019682000000000E-03    0.000000000000000E+00    0.000000000000000E+00    0.000000000000000E+00    0.000000000000000E+00    0.000000000000000E+00    3.193707000000000E-03    0.000000000000000E+00    6.665724000000000E-03    2.641893477440500E+41    2.365384793273500E+12    1.196745657916500E+12
                      252    1.812273541736811E+32    8.594575566873528E+33    5.806423311256056E+14    1.768056804323215E+08    3.799721446201971E-12    6.738639831531898E+02    2.267864437358492E+04    2.271622026376781E+04    2.424055216789700E-01    3.709060546667313E+02    8.703778042767329E+33    5.875336210605622E+14    3.658285000000000E-01    0.000000000000000E+00    5.302566000000000E-01    2.236914000000000E-02    3.615834000000000E-03    3.068491000000000E-02    6.411333000000000E-03    1.832538000000000E-04    2.839799000000000E-03    1.094164000000000E-02    1.050605000000000E-02    2.806807000000000E-03    3.772203000000000E-03    0.000000000000000E+00    0.000000000000000E+00    0.000000000000000E+00    0.000000000000000E+00    0.000000000000000E+00    2.997107000000001E-03    0.000000000000000E+00    6.459819000000000E-03    2.714595651627000E+41    2.292682619087000E+12    1.174043483730000E+12
                      253    2.184045541056290E+32    8.812980518661131E+33    5.944249109955185E+14    1.812456804323215E+08    3.662281811535909E-12    6.494896649378995E+02    2.247072531221054E+04    2.250795670456157E+04    2.430136086464300E-01    3.586632269245760E+02    8.929480458780394E+33    6.017249317732625E+14    3.750046000000000E-01    0.000000000000000E+00    5.261966000000000E-01    2.161119000000000E-02    3.655978000000000E-03    2.911192000000000E-02    6.241636000000000E-03    1.852883000000000E-04    2.842721000000000E-03    1.010512000000000E-02    9.691962000000000E-03    2.587485000000000E-03    3.474600000000000E-03    0.000000000000000E+00    0.000000000000000E+00    0.000000000000000E+00    0.000000000000000E+00    0.000000000000000E+00    2.760883000000000E-03    0.000000000000000E+00    6.200484000000000E-03    2.811893477440500E+41    2.207278270714000E+12    1.144043483730000E+12
                      254    2.329994825565527E+32    9.045980398899659E+33    6.090249525510065E+14    1.857606804323215E+08    3.516046967129388E-12    6.220596717340984E+02    2.225031025469874E+04    2.226471246424874E+04    2.435487173557550E-01    3.461844947022923E+02    9.160564506108504E+33    6.161672002916828E+14    3.855064000000000E-01    0.000000000000000E+00    5.213255999999999E-01    2.074451000000000E-02    3.700627000000000E-03    2.739029000000000E-02    6.046309000000000E-03    1.875512000000000E-04    2.845704000000000E-03    9.198016999999999E-03    8.809153000000000E-03    2.349645000000000E-03    3.151866000000000E-03    0.000000000000000E+00    0.000000000000000E+00    0.000000000000000E+00    0.000000000000000E+00    0.000000000000000E+00    2.504891000000000E-03    0.000000000000000E+00    5.906984000000000E-03    2.919191303254000E+41    2.114576096527500E+12    1.121341309543500E+12
                      255    2.291686120996658E+32    9.275148613317350E+33    6.233094480323592E+14    1.898343293452283E+08    3.370945725067657E-12    5.978224839502001E+02    2.200985040818001E+04    2.204631818413063E+04    2.441297825813500E-01    3.344507410077493E+02    9.366604531115172E+33    6.291039129837581E+14    3.959901000000000E-01    0.000000000000000E+00    5.162202000000000E-01    1.988064000000000E-02    3.743728000000000E-03    2.575684000000000E-02    5.850227000000000E-03    1.897355000000000E-04    2.848297000000000E-03    8.346681999999999E-03    7.980601000000000E-03    2.126421000000000E-03    2.848959000000000E-03    0.000000000000000E+00    0.000000000000000E+00    0.000000000000000E+00    0.000000000000000E+00    0.000000000000000E+00    2.264791000000000E-03    0.000000000000000E+00    5.617536000000000E-03    3.019191303254000E+41    2.029171748154500E+12    1.088639135357000E+12
                      256    1.829114776818662E+32    9.458060448912993E+33    6.348983779351570E+14    1.936543293452282E+08    3.184598364418328E-12    5.761986610061790E+02    2.180806288673586E+04    2.184419632410695E+04    2.447378695488100E-01    3.254352126855386E+02    9.556913251429810E+33    6.411491117169729E+14    4.044095999999999E-01    0.000000000000000E+00    5.119276000000000E-01    1.918806000000000E-02    3.777153000000000E-03    2.451251000000000E-02    5.691928000000000E-03    1.914296000000000E-04    2.850074000000000E-03    7.705840000000000E-03    7.356894000000000E-03    1.958384000000000E-03    2.620936000000000E-03    0.000000000000000E+00    0.000000000000000E+00    0.000000000000000E+00    0.000000000000000E+00    0.000000000000000E+00    2.084172000000000E-03    0.000000000000000E+00    5.387881000000001E-03    3.099191303254000E+41    1.916469573968000E+12    1.040828483101050E+12
                      257    1.977052670039584E+32    9.655766053946629E+33    6.473998454987889E+14    1.979756804323215E+08    3.069408332211811E-12    5.553569928510237E+02    2.160812536440829E+04    2.164392752843432E+04    2.693270217418650E-01    3.151191576370778E+02    9.776659385675200E+33    6.548924044227162E+14    4.133766000000000E-01    0.000000000000000E+00    5.071745000000000E-01    1.845174000000000E-02    3.811605000000000E-03    2.325102000000000E-02    5.522596000000000E-03    1.931756000000000E-04    2.851681000000000E-03    7.063716000000000E-03    6.731926000000000E-03    1.790005000000000E-03    2.392447000000000E-03    0.000000000000000E+00    0.000000000000000E+00    0.000000000000000E+00    0.000000000000000E+00    0.000000000000000E+00    1.903298000000000E-03    0.000000000000000E+00    5.145925000000000E-03    3.189191303254000E+41    1.843767399781500E+12    1.015207178589150E+12
                      258    2.417864646161545E+32    9.897552717403772E+33    6.623849633466436E+14    2.024643293452283E+08    2.999540068549281E-12    5.319025187277989E+02    2.141002088030339E+04    2.141002088030339E+04    2.694080869674600E-01    3.030308394427818E+02    1.000872371906957E+34    6.692615765782752E+14    4.241041000000000E-01    0.000000000000000E+00    5.012278999999999E-01    1.757296000000000E-02    3.851138000000000E-03    2.183329000000000E-02    5.319019000000000E-03    1.951792000000000E-04    2.853197000000000E-03    6.353341000000000E-03    6.040515000000000E-03    1.603723000000000E-03    2.139661000000000E-03    0.000000000000000E+00    0.000000000000000E+00    0.000000000000000E+00    0.000000000000000E+00    0.000000000000000E+00    1.703345000000000E-03    0.000000000000000E+00    4.860227000000000E-03    3.309191303254000E+41    1.811065225595000E+12    1.008126308914550E+12
                      259    2.223425998545465E+32    1.011989472073536E+34    6.761381898099070E+14    2.066993293452283E+08    2.877760636023527E-12    5.079629618711765E+02    2.116494239789360E+04    2.116494239789360E+04    2.696621304511900E-01    2.923764739513422E+02    1.022815170773564E+34    6.828278520348528E+14    4.340304000000000E-01    0.000000000000000E+00    4.955455000000000E-01    1.676142000000000E-02    3.886530000000000E-03    2.058468000000000E-02    5.129997000000000E-03    1.969729000000000E-04    2.854318000000000E-03    5.735919000000000E-03    5.439566000000000E-03    1.441813000000000E-03    1.919945000000000E-03    0.000000000000000E+00    0.000000000000000E+00    0.000000000000000E+00    0.000000000000000E+00    0.000000000000000E+00    1.529656000000000E-03    0.000000000000000E+00    4.598454000000000E-03    3.426489129067500E+41    1.735660877222000E+12    9.817752218212998E+11
                      260    2.165141728415564E+32    1.033640869473593E+34    6.895175142597984E+14    2.110106804323215E+08    2.767289961849405E-12    4.895894455774383E+02    2.097090103964833E+04    2.097090103964833E+04    2.698161739349200E-01    2.824037918335463E+02    1.045181600363124E+34    6.966487075162272E+14    4.430529000000000E-01    0.000000000000000E+00    4.902457000000000E-01    1.602521000000000E-02    3.917775000000000E-03    1.949716000000000E-02    4.957750000000000E-03    1.985564000000000E-04    2.855129000000000E-03    5.204529000000000E-03    4.922348000000000E-03    1.302462000000000E-03    1.730841000000000E-03    0.000000000000000E+00    0.000000000000000E+00    0.000000000000000E+00    0.000000000000000E+00    0.000000000000000E+00    1.380236000000000E-03    0.000000000000000E+00    4.362444000000000E-03    3.536489129067500E+41    1.665660877222000E+12    9.554241347280498E+11
                      261    2.308148166316168E+32    1.056722331252656E+34    7.037799007726561E+14    2.153756804323215E+08    2.661060005162252E-12    4.675542907207955E+02    2.073084912048874E+04    2.073084912048874E+04    2.699702174186500E-01    2.721749882369525E+02    1.067826407334582E+34    7.106418270637338E+14    4.511037000000000E-01    0.000000000000000E+00    4.853320000000000E-01    1.537055000000000E-02    3.944339000000000E-03    1.859175000000000E-02    4.803536000000000E-03    1.999027000000000E-04    2.855569000000000E-03    4.771101000000000E-03    4.500476000000000E-03    1.188798000000000E-03    1.576595000000000E-03    0.000000000000000E+00    0.000000000000000E+00    0.000000000000000E+00    0.000000000000000E+00    0.000000000000000E+00    1.258446000000000E-03    0.000000000000000E+00    4.154479000000000E-03    3.656489129067501E+41    1.602958703035500E+12    9.283432650534498E+11
                      262    2.220799309106273E+32    1.078930483416508E+34    7.175037533548114E+14    2.195593293452283E+08    2.557123833676816E-12    4.506423955166241E+02    2.050683211994395E+04    2.054078755333239E+04    2.700512826442450E-01    2.627135576469094E+02    1.089493413752124E+34    7.240416847763440E+14    4.596094000000000E-01    0.000000000000000E+00    4.799121000000000E-01    1.468192000000000E-02    3.970743000000000E-03    1.771559000000000E-02    4.640021000000000E-03    2.012409000000000E-04    2.855686000000000E-03    4.363493000000000E-03    4.103733000000000E-03    1.081905000000000E-03    1.431536000000000E-03    0.000000000000000E+00    0.000000000000000E+00    0.000000000000000E+00    0.000000000000000E+00    0.000000000000000E+00    1.144015000000000E-03    0.000000000000000E+00    3.937999000000000E-03    3.776489129067500E+41    1.540256528849000E+12    9.027219605415498E+11
                      263    2.112596009172497E+32    1.100056344087739E+34    7.305796161978765E+14    2.236679782581350E+08    2.460677327513574E-12    4.316182616247915E+02    2.030565910253747E+04    2.031882435299355E+04    2.701783043861100E-01    2.540349443340945E+02    1.110424111994546E+34    7.371120229037250E+14    4.684831000000000E-01    0.000000000000000E+00    4.741087000000000E-01    1.396567000000000E-02    3.997172000000000E-03    1.685398000000000E-02    4.469098000000000E-03    2.025803000000000E-04    2.855584000000000E-03    3.970979000000000E-03    3.721681000000000E-03    9.789694000000000E-04    1.291848000000000E-03    0.000000000000000E+00    0.000000000000000E+00    0.000000000000000E+00    0.000000000000000E+00    0.000000000000000E+00    1.033889000000000E-03    0.000000000000000E+00    3.714253000000000E-03    3.896489129067499E+41    1.477554354662500E+12    8.797219605415498E+11
                      264    2.073549604541599E+32    1.120791879901353E+34    7.436444296095735E+14    2.278093293452283E+08    2.330011485174794E-12    4.147935999670987E+02    2.011949570089671E+04    2.011949570089671E+04    2.704053261279750E-01    2.458175384455920E+02    1.131225364754386E+34    7.502145370870695E+14    4.768808999999999E-01    0.000000000000000E+00    4.685106000000000E-01    1.328950000000000E-02    4.021370000000000E-03    1.607588000000000E-02    4.307137000000000E-03    2.038067000000000E-04    2.855322000000000E-03    3.622744000000000E-03    3.382730000000000E-03    8.876467000000000E-04    1.167918000000000E-03    0.000000000000000E+00    0.000000000000000E+00    0.000000000000000E+00    0.000000000000000E+00    0.000000000000000E+00    9.362322000000000E-04    0.000000000000000E+00    3.503993000000000E-03    4.009191303254000E+41    1.404852180476000E+12    8.431006560296499E+11
                      265    2.086704924246138E+32    1.141658849607419E+34    7.567846445645655E+14    2.324543293452282E+08    2.250909643309468E-12    3.997901104617622E+02    1.990208496903556E+04    1.993503905558119E+04    2.916404348373000E-01    2.372060402895515E+02    1.154996904179075E+34    7.650295923096429E+14    4.838189000000001E-01    0.000000000000000E+00    4.638144000000001E-01    1.273206000000000E-02    4.040803000000000E-03    1.545812000000000E-02    4.173209000000000E-03    2.047916000000000E-04    2.855001000000000E-03    3.350631000000000E-03    3.117871000000000E-03    8.162866000000000E-04    1.071079000000000E-03    0.000000000000000E+00    0.000000000000000E+00    0.000000000000000E+00    0.000000000000000E+00    0.000000000000000E+00    8.599533000000000E-04    0.000000000000000E+00    3.331278000000000E-03    4.126489129067500E+41    1.352150006289500E+12    8.212900037736998E+11
                      266    2.667596995461996E+32    1.168334958750730E+34    7.732745400547202E+14    2.382529782581350E+08    2.203203778442392E-12    3.817965914556743E+02    1.967426768626546E+04    1.970684455050173E+04    2.914674565791650E-01    2.266339999813809E+02    1.185058082286262E+34    7.836601412608375E+14    4.910461000000000E-01    0.000000000000000E+00    4.588232000000000E-01    1.215315000000000E-02    4.060251000000000E-03    1.484955000000000E-02    4.033556000000000E-03    2.057772000000000E-04    2.854519000000000E-03    3.088848000000000E-03    2.863071000000000E-03    7.476370000000000E-04    9.779188000000000E-04    0.000000000000000E+00    0.000000000000000E+00    0.000000000000000E+00    0.000000000000000E+00    0.000000000000000E+00    7.866118000000001E-04    0.000000000000000E+00    3.152745000000000E-03    4.279191303254000E+41    1.329447832103000E+12    8.117495689363998E+11
                      267    3.344640614385328E+32    1.201781205821794E+34    7.940457424669546E+14    2.444043293452282E+08    2.094376073188969E-12    3.590044329658152E+02    1.939175389720195E+04    1.940432661378063E+04    2.912944783210300E-01    2.139822871371085E+02    1.216850370026879E+34    8.034484750906770E+14    5.022077000000000E-01    0.000000000000000E+00    4.509177000000000E-01    1.126281000000000E-02    4.088671000000000E-03    1.397915000000000E-02    3.817652000000000E-03    2.072176000000000E-04    2.853482000000000E-03    2.727556000000000E-03    2.511424000000000E-03    6.528950000000000E-04    8.493507000000000E-04    0.000000000000000E+00    0.000000000000000E+00    0.000000000000000E+00    0.000000000000000E+00    0.000000000000000E+00    6.854724000000000E-04    0.000000000000000E+00    2.879757000000000E-03    4.479191303254001E+41    1.256745657916500E+12    7.821282644244998E+11
                      268    3.013824887377552E+32    1.231919534231964E+34    8.128512077143991E+14    2.498393293452283E+08    1.981776470326767E-12    3.365889166667183E+02    1.909407288777649E+04    1.909407288777649E+04    2.911215000628950E-01    2.031500618428169E+02    1.244823021826379E+34    8.209429330000110E+14    5.145668000000000E-01    0.000000000000000E+00    4.419857000000000E-01    1.028051000000000E-02    4.118648000000000E-03    1.307818000000000E-02    3.578427000000000E-03    2.087368000000000E-04    2.852070000000000E-03    2.366309000000000E-03    2.159831000000000E-03    5.581683000000000E-04    7.208050000000001E-04    0.000000000000000E+00    0.000000000000000E+00    0.000000000000000E+00    0.000000000000000E+00    0.000000000000000E+00    5.844203000000000E-04    0.000000000000000E+00    2.579943000000000E-03    4.669191303254000E+41    1.194043483730000E+12    7.517771773312499E+11
                      269    2.580699507292749E+32    1.257726509420793E+34    8.290346582856231E+14    2.549829782581350E+08    1.888229018879675E-12    3.184929410539023E+02    1.881989043960607E+04    1.883209238636102E+04    2.910215000628950E-01    1.942712277825406E+02    1.271171043341024E+34    8.375027987612702E+14    5.236585000000000E-01    0.000000000000000E+00    4.353179000000000E-01    9.559939000000000E-03    4.139872000000000E-03    1.244969000000000E-02    3.402383000000000E-03    2.098125000000000E-04    2.850888000000000E-03    2.121709000000000E-03    1.921775000000000E-03    4.940315000000000E-04    6.337711999999999E-04    0.000000000000000E+00    0.000000000000000E+00    0.000000000000000E+00    0.000000000000000E+00    0.000000000000000E+00    5.160402000000000E-04    0.000000000000000E+00    2.360732000000000E-03    4.824595651627001E+41    1.141341309543500E+12    7.246963076566499E+11
                      270    2.688902807226525E+32    1.284615577261256E+34    8.459709392369174E+14    2.604929782581350E+08    1.807401622118506E-12    3.013698564578867E+02    1.857370639217958E+04    1.857370639217958E+04    2.908485218047600E-01    1.853823246925776E+02    1.299234764312602E+34    8.552439779774302E+14    5.313298000000000E-01    0.000000000000000E+00    4.296314000000000E-01    8.953232000000000E-03    4.157261000000000E-03    1.194065000000000E-02    3.253810000000000E-03    2.106938000000000E-04    2.849803000000000E-03    1.928425000000000E-03    1.733666000000000E-03    4.433523000000000E-04    5.649999000000000E-04    0.000000000000000E+00    0.000000000000000E+00    0.000000000000000E+00    0.000000000000000E+00    0.000000000000000E+00    4.620329000000000E-04    0.000000000000000E+00    2.176597000000000E-03    4.994595651627001E+41    1.088639135357000E+12    6.996154379820498E+11
                      271    2.923847352318594E+32    1.313853951363948E+34    8.645170167179432E+14    2.661229782581350E+08    1.720884647292761E-12    2.851673574959283E+02    1.827673336505128E+04    1.831886558674402E+04    2.906755435466250E-01    1.761197107023384E+02    1.327363406866458E+34    8.732896848901452E+14    5.390085999999999E-01    0.000000000000000E+00    4.238782000000000E-01    8.347303000000000E-03    4.174131000000000E-03    1.145269000000000E-02    3.105076000000000E-03    2.115488000000000E-04    2.848627000000000E-03    1.748223000000000E-03    1.558295000000000E-03    3.961050000000000E-04    5.008867000000000E-04    0.000000000000000E+00    0.000000000000000E+00    0.000000000000000E+00    0.000000000000000E+00    0.000000000000000E+00    4.117077000000000E-04    0.000000000000000E+00    1.993120000000000E-03    5.177297825813500E+41    1.035207178589150E+12    6.725345683074498E+11
                      272    2.701877181632830E+32    1.340872862368967E+34    8.820623530623472E+14    2.711579782581350E+08    1.610848391297572E-12    2.681486191206691E+02    1.802596718230155E+04    1.803767373772398E+04    2.906755435466250E-01    1.679175434798323E+02    1.351946217518391E+34    8.893341825723010E+14    5.467564000000000E-01    0.000000000000000E+00    4.180024000000000E-01    7.737565000000000E-03    4.190524000000000E-03    1.098532000000000E-02    2.954998000000000E-03    2.123796000000000E-04    2.847337000000000E-03    1.581742000000000E-03    1.396284000000000E-03    3.524581000000000E-04    4.416601000000000E-04    0.000000000000000E+00    0.000000000000000E+00    0.000000000000000E+00    0.000000000000000E+00    0.000000000000000E+00    3.652465000000000E-04    0.000000000000000E+00    1.808963000000000E-03    5.347297825813500E+41    9.703156566585999E+11    6.356430463768999E+11
                      273    2.214676995114394E+32    1.363019572667815E+34    8.966060120822545E+14    2.759379782581350E+08    1.538348270893737E-12    2.553288041867387E+02    1.777864164056547E+04    1.781962564224862E+04    3.083836305140850E-01    1.610289693842206E+02    1.375541882090017E+34    9.046423885576061E+14    5.537415999999999E-01    0.000000000000000E+00    4.126601000000000E-01    7.188875000000000E-03    4.204905000000000E-03    1.057972000000000E-02    2.819687000000000E-03    2.131084000000000E-04    2.846110000000000E-03    1.441333000000000E-03    1.259651000000000E-03    3.156485000000000E-04    3.917121000000000E-04    0.000000000000000E+00    0.000000000000000E+00    0.000000000000000E+00    0.000000000000000E+00    0.000000000000000E+00    3.260828000000000E-04    0.000000000000000E+00    1.643540000000000E-03    5.487297825813500E+41    9.261539173093998E+11    6.118323941209500E+11
                      274    2.504467849669927E+32    1.388064191512218E+34    9.126787650329575E+14    2.811929782581350E+08    1.520738943852155E-12    2.416016028885828E+02    1.757513121257771E+04    1.757513121257771E+04    3.079836305140849E-01    1.535128850617083E+02    1.401859381513147E+34    9.215765251825062E+14    5.608244000000000E-01    0.000000000000000E+00    4.072187000000000E-01    6.633108000000000E-03    4.219267000000000E-03    1.017713000000000E-02    2.682489000000000E-03    2.138363000000000E-04    2.844829000000000E-03    1.304286000000000E-03    1.126292000000000E-03    2.797214000000000E-04    3.429621000000000E-04    0.000000000000000E+00    0.000000000000000E+00    0.000000000000000E+00    0.000000000000000E+00    0.000000000000000E+00    2.878693000000000E-04    0.000000000000000E+00    1.476144000000000E-03    5.642702174186500E+41    9.161539173093998E+11    6.095621767022998E+11
                      275    2.759028058136433E+32    1.415654571514076E+34    9.304742853320548E+14    2.863679782581350E+08    1.455642301042466E-12    2.271828611829760E+02    1.729412429838560E+04    1.730535557505074E+04    3.076106522559500E-01    1.455569584850315E+02    1.427658005380519E+34    9.382778560224745E+14    5.665773000000000E-01    0.000000000000000E+00    4.027667000000000E-01    6.182466000000000E-03    4.230641000000000E-03    9.861524000000000E-03    2.571054000000000E-03    2.144127000000000E-04    2.843742000000000E-03    1.199958000000000E-03    1.024776000000000E-03    2.523732000000000E-04    3.058537000000000E-04    0.000000000000000E+00    0.000000000000000E+00    0.000000000000000E+00    0.000000000000000E+00    0.000000000000000E+00    2.587954000000000E-04    0.000000000000000E+00    1.340618000000000E-03    5.815404348373000E+41    8.774517431228999E+11    5.884813070277000E+11
                      276    2.400694726928067E+32    1.439661439246962E+34    9.460814267128941E+14    2.913179782581350E+08    1.396544142881449E-12    2.143383145206132E+02    1.705684001745396E+04    1.705684001745396E+04    3.072106522559500E-01    1.388713852635341E+02    1.452154717885051E+34    9.542544433323100E+14    5.694091000000000E-01    0.000000000000000E+00    4.005617000000000E-01    5.960965000000000E-03    4.236117000000000E-03    9.710900000000000E-03    2.516203000000000E-03    2.146903000000000E-04    2.843188000000000E-03    1.151502000000000E-03    9.776279999999999E-04    2.396719000000000E-04    2.886198000000000E-04    0.000000000000000E+00    0.000000000000000E+00    0.000000000000000E+00    0.000000000000000E+00    0.000000000000000E+00    2.452989000000000E-04    0.000000000000000E+00    1.274087000000000E-03    5.968106522559500E+41    8.408304386109998E+11    5.656706547717499E+11
                      277    2.498653739208006E+32    1.464647996523141E+34    9.624274599517261E+14    2.966043293452283E+08    1.340781663023839E-12    2.028148783039144E+02    1.679502007231405E+04    1.682281139890835E+04    3.068376739978150E-01    1.321571412327211E+02    1.478121561227484E+34    9.713072895841574E+14    5.741209000000000E-01    0.000000000000000E+00    3.968691000000000E-01    5.593028999999999E-03    4.245009000000000E-03    9.468763999999999E-03    2.424951000000000E-03    2.151409000000000E-04    2.842231000000000E-03    1.076067000000000E-03    9.042332000000000E-04    2.199003000000000E-04    2.617929000000000E-04    0.000000000000000E+00    0.000000000000000E+00    0.000000000000000E+00    0.000000000000000E+00    0.000000000000000E+00    2.243007000000000E-04    0.000000000000000E+00    1.163718000000000E-03    6.120808696746000E+41    8.074793515177499E+11    5.465897850971499E+11
                      278    2.694701010409481E+32    1.491595125931828E+34    9.801871192165888E+14    3.024756804323215E+08    1.285448458249630E-12    1.901515243370456E+02    1.655383324665080E+04    1.655383324665080E+04    3.064376739978150E-01    1.251722659743028E+02    1.506720164454280E+34    9.902430986793861E+14    5.804736000000000E-01    0.000000000000000E+00    3.918663000000000E-01    5.097554000000000E-03    4.256775000000000E-03    9.150745000000000E-03    2.301929000000000E-03    2.157373000000000E-04    2.840906000000000E-03    9.795269000000000E-04    8.103086999999999E-04    1.945986000000000E-04    2.274633000000000E-04    0.000000000000000E+00    0.000000000000000E+00    0.000000000000000E+00    0.000000000000000E+00    0.000000000000000E+00    1.974410000000000E-04    0.000000000000000E+00    1.015233000000000E-03    6.283510870932500E+41    7.738580470058499E+11    5.270493502598499E+11
                      279    3.025021623359453E+32    1.521845202976731E+34    1.000299078142183E+15    3.091056804323215E+08    1.227593747341081E-12    1.771640357453105E+02    1.626224603148490E+04    1.626224603148490E+04    3.059646957396800E-01    1.176298511842289E+02    1.538494059403593E+34    1.011561636474081E+15    5.856723000000000E-01    0.000000000000000E+00    3.877676000000000E-01    4.692217000000000E-03    4.266359000000000E-03    8.892201000000001E-03    2.201259000000000E-03    2.162230000000000E-04    2.839815000000000E-03    9.015649000000000E-04    7.344597000000000E-04    1.741663000000000E-04    1.997406000000000E-04    0.000000000000000E+00    0.000000000000000E+00    0.000000000000000E+00    0.000000000000000E+00    0.000000000000000E+00    1.757530000000000E-04    0.000000000000000E+00    8.937889000000001E-04    6.458915219305500E+41    7.392367424939498E+11    5.059684805852499E+11
                      280    3.329761343322895E+32    1.555142915830454E+34    1.022824194805978E+15    3.159806804323215E+08    1.156257779377054E-12    1.640966863280593E+02    1.595506493535346E+04    1.595506493535346E+04    3.060485218047600E-01    1.096716682481419E+02    1.570888735914538E+34    1.033628315131670E+15    5.865402000000000E-01    0.000000000000000E+00    3.870821000000000E-01    4.624578000000000E-03    4.267948000000000E-03    8.849470000000000E-03    2.184453000000000E-03    2.163035000000000E-04    2.839631000000000E-03    8.888136000000000E-04    7.220543000000001E-04    1.708245000000000E-04    1.952065000000000E-04    0.000000000000000E+00    0.000000000000000E+00    0.000000000000000E+00    0.000000000000000E+00    0.000000000000000E+00    1.722065000000000E-04    0.000000000000000E+00    8.735307000000000E-04    6.644319567678500E+41    6.963452205633999E+11    4.776173934919999E+11
                      281    3.149160039997003E+32    1.586634555998621E+34    1.044432435457363E+15    3.226206804323215E+08    1.086562388302322E-12    1.514870696861276E+02    1.562782632072422E+04    1.563797545797192E+04    3.130593696117050E-01    1.023336252327612E+02    1.601964997260716E+34    1.054994074356376E+15    5.938067000000000E-01    0.000000000000000E+00    3.813152000000000E-01    4.058987000000000E-03    4.280992000000000E-03    8.501389000000000E-03    2.043762000000000E-03    2.169646000000000E-04    2.838052000000000E-03    7.879693000000000E-04    6.239504000000000E-04    1.443979000000000E-04    1.593519000000000E-04    0.000000000000000E+00    0.000000000000000E+00    0.000000000000000E+00    0.000000000000000E+00    0.000000000000000E+00    1.441744000000000E-04    0.000000000000000E+00    7.042887000000000E-04    6.817021741865000E+41    6.537239160514999E+11    4.515365238173999E+11
                      282    3.066104159697945E+32    1.617295438522811E+34    1.065555713255390E+15    3.296756804323215E+08    1.043177140796481E-12    1.394362084187385E+02    1.530729937485584E+04    1.531724035315049E+04    3.126512826442450E-01    9.545596785360540E+01    1.634829833285588E+34    1.077727263401164E+15    5.984111000000000E-01    0.000000000000000E+00    3.776267000000000E-01    3.701525000000001E-03    4.288931000000000E-03    8.292971000000000E-03    1.954642000000000E-03    2.173669000000000E-04    2.837003000000000E-03    7.314776000000000E-04    5.690013000000000E-04    1.295968000000000E-04    1.392714000000000E-04    0.000000000000000E+00    0.000000000000000E+00    0.000000000000000E+00    0.000000000000000E+00    0.000000000000000E+00    1.284916000000000E-04    0.000000000000000E+00    5.975136000000000E-04    6.979723916051499E+41    6.283728289582499E+11    4.367258715614500E+11
                      283    3.506870998915841E+32    1.652364228048364E+34    1.089898813546938E+15    3.379170315194147E+08    9.978256592910721E-13    1.279675370357108E+02    1.496857739542499E+04    1.499334644132412E+04    3.129783043861100E-01    8.786639427415020E+01    1.672689455485159E+34    1.104301744975858E+15    6.017371000000000E-01    0.000000000000000E+00    3.749579000000000E-01    3.443426000000000E-03    4.294624000000000E-03    8.143958999999999E-03    1.890269000000000E-03    2.176555000000000E-04    2.836238000000000E-03    6.916102000000000E-04    5.302235000000000E-04    1.191517000000000E-04    1.251009000000000E-04    0.000000000000000E+00    0.000000000000000E+00    0.000000000000000E+00    0.000000000000000E+00    0.000000000000000E+00    1.174268000000000E-04    0.000000000000000E+00    5.204419000000000E-04    7.159723916051500E+41    6.012919592836499E+11    4.191854367241499E+11
                      284    4.065051452588585E+32    1.693014682921954E+34    1.118704676404778E+15    3.477633826065080E+08    9.142283146119731E-13    1.149146939707794E+02    1.458473612592429E+04    1.459420785191008E+04    3.132702174186500E-01    7.963037444550669E+01    1.716438051778284E+34    1.136081181465926E+15    6.023295000000000E-01    0.000000000000000E+00    3.744823000000000E-01    3.397465000000000E-03    4.295636000000000E-03    8.117516000000000E-03    1.878804000000000E-03    2.177067000000000E-04    2.836102000000000E-03    6.845683000000000E-04    5.233742000000000E-04    1.173068000000000E-04    1.225980000000000E-04    0.000000000000000E+00    0.000000000000000E+00    0.000000000000000E+00    0.000000000000000E+00    0.000000000000000E+00    1.154726000000000E-04    0.000000000000000E+00    5.067189000000000E-04    7.359723916051500E+41    5.508600025157999E+11    3.835641322122499E+11
                      285    4.684659852396805E+32    1.739861420634613E+34    1.153457686527073E+15    3.586483826065080E+08    8.280463892082801E-13    1.016482277955906E+02    1.413124829267857E+04    1.415463177985489E+04    3.132593696117050E-01    7.063053136281593E+01    1.762737976776500E+34    1.171216636635478E+15    6.073074000000001E-01    0.000000000000000E+00    3.704684000000000E-01    3.011723999999999E-03    4.303968000000000E-03    7.901416000000000E-03    1.782481000000000E-03    2.181290000000000E-04    2.834929999999999E-03    6.291140000000000E-04    4.694407000000000E-04    1.027799000000000E-04    1.028905000000000E-04    0.000000000000000E+00    0.000000000000000E+00    0.000000000000000E+00    0.000000000000000E+00    0.000000000000000E+00    1.000944000000000E-04    0.000000000000000E+00    3.916334000000000E-04    7.579723916051499E+41    4.986982631665999E+11    3.489428277003499E+11
                      286    4.575325147246601E+32    1.785614532918388E+34    1.188975586743883E+15    3.700133826065080E+08    7.431126728578847E-13    8.853190539352077E+01    1.367409447270595E+04    1.367409447270595E+04    3.128295870303550E-01    6.238679896312182E+01    1.808700170358180E+34    1.207927126916521E+15    6.112721000000000E-01    0.000000000000000E+00    3.672581000000000E-01    2.704863000000000E-03    4.310476000000000E-03    7.734007999999999E-03    1.705776000000000E-03    2.184588000000000E-04    2.833977000000000E-03    5.878140000000000E-04    4.292769000000000E-04    9.196229000000000E-05    8.821570000000000E-05    0.000000000000000E+00    0.000000000000000E+00    0.000000000000000E+00    0.000000000000000E+00    0.000000000000000E+00    8.865066000000001E-05    0.000000000000000E+00    3.001494000000000E-04    7.797021741865001E+41    4.472663063987499E+11    3.143215231884500E+11
                      287    4.617111580679321E+32    1.831785807797971E+34    1.226878667089159E+15    3.815947336936013E+08    6.592568753474712E-13    7.662589582182778E+01    1.317948912457013E+04    1.318804824477243E+04    3.119457609652750E-01    5.460378915322654E+01    1.852814435226525E+34    1.245377021436136E+15    6.125827000000000E-01    0.000000000000000E+00    3.661946000000000E-01    2.603494000000000E-03    4.312604000000000E-03    7.679484000000000E-03    1.680424000000000E-03    2.185667000000000E-04    2.833659000000000E-03    5.746571000000000E-04    4.164827000000000E-04    8.851639000000000E-05    8.354121000000001E-05    0.000000000000000E+00    0.000000000000000E+00    0.000000000000000E+00    0.000000000000000E+00    0.000000000000000E+00    8.500669000000000E-05    0.000000000000000E+00    2.699397000000000E-04    8.004319567678500E+41    3.968343496308999E+11    2.779704360952000E+11
                      288    4.205727474120731E+32    1.873843062655079E+34    1.263875375783112E+15    3.929147336936013E+08    5.728681374118846E-13    6.654260694482424E+01    1.273205705342765E+04    1.273205705342765E+04    3.109349131583300E-01    4.802344664040686E+01    1.892928615957988E+34    1.282010875919309E+15    6.156495000000000E-01    0.000000000000000E+00    3.636976000000000E-01    2.366525000000000E-03    4.317503000000000E-03    7.554861000000000E-03    1.621109000000000E-03    2.188150000000000E-04    2.832903000000000E-03    5.456715000000000E-04    3.882989000000000E-04    8.092582000000001E-05    7.324477000000001E-05    0.000000000000000E+00    0.000000000000000E+00    0.000000000000000E+00    0.000000000000000E+00    0.000000000000000E+00    7.698493000000000E-05    0.000000000000000E+00    1.993599000000000E-04    8.191617393492000E+41    3.454023928630499E+11    2.416193490019500E+11
                      289    3.817124579450728E+32    1.912014169260896E+34    1.300146376055506E+15    4.040247336936013E+08    5.039158999484233E-13    5.584073757201173E+01    1.218276394125253E+04    1.218276394125253E+04    3.053510870932500E-01    4.245033223310120E+01    1.929673933266020E+34    1.318005828478694E+15    6.166004000000000E-01    0.000000000000000E+00    3.629228000000000E-01    2.293067000000000E-03    4.319016000000000E-03    7.516419000000000E-03    1.602719000000000E-03    2.188917000000000E-04    2.832667000000000E-03    5.368054000000000E-04    3.796782000000000E-04    7.860408000000000E-05    7.009540000000000E-05    0.000000000000000E+00    0.000000000000000E+00    0.000000000000000E+00    0.000000000000000E+00    0.000000000000000E+00    7.453166000000000E-05    0.000000000000000E+00    1.774834000000000E-04    8.497021741865001E+41    3.037810883511499E+11    2.098086967459999E+11
                      290    3.531944847385343E+32    1.947333697271144E+34    1.335865280901882E+15    4.146124358677877E+08    4.477696645638567E-13    5.094479409198689E+01    1.190963841134659E+04    1.190963841134659E+04    3.041240653513850E-01    3.759306967279610E+01    1.962453864189413E+34    1.352340253653162E+15    6.173160000000000E-01    0.000000000000000E+00    3.623386000000000E-01    2.237819000000000E-03    4.320144000000000E-03    7.487885000000000E-03    1.588881000000000E-03    2.189489000000000E-04    2.832489000000000E-03    5.303727000000000E-04    3.734239000000000E-04    7.691971000000000E-05    6.781065999999999E-05    0.000000000000000E+00    0.000000000000000E+00    0.000000000000000E+00    0.000000000000000E+00    0.000000000000000E+00    7.275260000000000E-05    0.000000000000000E+00    1.610355000000000E-04    8.661617393492001E+41    2.691597838392499E+11    1.839980444900500E+11
                      291    3.024037360473458E+32    1.977574031107681E+34    1.368815226404442E+15    4.253587869548810E+08    3.954163907935038E-13    4.519598036074219E+01    1.155842278450160E+04    1.155842278450160E+04    3.023051305769800E-01    3.365980915714157E+01    1.992823643508533E+34    1.387237288578757E+15    6.184808000000001E-01    0.000000000000000E+00    3.613868000000000E-01    2.147913000000000E-03    4.321972000000000E-03    7.441737000000000E-03    1.566357000000000E-03    2.190415000000000E-04    2.832197000000000E-03    5.200843000000000E-04    3.634212000000000E-04    7.422588000000000E-05    6.415670000000000E-05    0.000000000000000E+00    0.000000000000000E+00    0.000000000000000E+00    0.000000000000000E+00    0.000000000000000E+00    6.990790000000000E-05    0.000000000000000E+00    1.342734000000000E-04    8.793510870932499E+41    2.378086967459999E+11    1.601873922340999E+11
                      292    3.049920491760334E+32    2.008073255909384E+34    1.405659350753072E+15    4.396037869548810E+08    3.258777189538030E-13    4.084132386734809E+01    1.126934244324561E+04    1.126934244324561E+04    3.007861958025750E-01    3.005326099354850E+01    2.028232749383456E+34    1.433548986858060E+15    6.195072000000000E-01    0.000000000000000E+00    3.605470000000000E-01    2.068725000000000E-03    4.323571000000000E-03    7.401471000000000E-03    1.546511000000000E-03    2.191225000000000E-04    2.831938000000000E-03    5.112597000000000E-04    3.548421000000000E-04    7.191545000000000E-05    6.102286999999999E-05    0.000000000000000E+00    0.000000000000000E+00    0.000000000000000E+00    0.000000000000000E+00    0.000000000000000E+00    6.746885000000000E-05    0.000000000000000E+00    1.107071000000000E-04    8.922702174186500E+41    1.959171748154500E+11    1.302958703035500E+11
                      293    4.031928520962497E+32    2.048392242857528E+34    1.461438622963049E+15    4.578237869548810E+08    2.780063191952813E-13    3.579579785226404E+01    1.091185474241976E+04    1.090478458431766E+04    2.984672610281700E-01    2.543109771071246E+01    2.068880818165200E+34    1.492823803366710E+15    6.199975000000000E-01    0.000000000000000E+00    3.601458000000000E-01    2.030905000000000E-03    4.324333000000000E-03    7.382288000000000E-03    1.537032000000000E-03    2.191612000000000E-04    2.831814000000000E-03    5.070750000000000E-04    3.507738000000000E-04    7.081984000000001E-05    5.953681000000000E-05    0.000000000000000E+00    0.000000000000000E+00    0.000000000000000E+00    0.000000000000000E+00    0.000000000000000E+00    6.631235000000000E-05    0.000000000000000E+00    9.945263000000000E-05    9.103786954880999E+41    1.675660877222000E+11    1.092150006289500E+11
                      294    4.097762783371439E+32    2.089369393472873E+34    1.524208983770372E+15    4.771101380419743E+08    2.280629132852974E-13    3.069727404071101E+01    1.051034787873262E+04    1.049297350024987E+04    2.956483262537650E-01    2.120422970106257E+01    2.107093084855340E+34    1.555671626536774E+15    6.206595000000000E-01    0.000000000000000E+00    3.596039000000000E-01    1.979830000000000E-03    4.325363000000000E-03    7.356384000000001E-03    1.524231000000000E-03    2.192133000000000E-04    2.831647000000001E-03    5.014251000000000E-04    3.452811000000000E-04    6.934063000000000E-05    5.753044000000000E-05    0.000000000000000E+00    0.000000000000000E+00    0.000000000000000E+00    0.000000000000000E+00    0.000000000000000E+00    6.475093000000000E-05    0.000000000000000E+00    8.425357999999999E-05    9.294063038829500E+41    1.372150006289500E+11    8.771795701942998E+10
                      295    3.544575226884017E+32    2.124816776237807E+34    1.587134269303176E+15    5.003514891290675E+08    1.828330346531094E-13    2.673620800036326E+01    1.015353080673837E+04    1.013674627313320E+04    2.926834349630900E-01    1.784119447558936E+01    2.145229791970394E+34    1.631613290608539E+15    6.210565000000000E-01    0.000000000000000E+00    3.592789000000000E-01    1.949202000000000E-03    4.325980000000000E-03    7.340850000000000E-03    1.516555000000000E-03    2.192446000000000E-04    2.831547000000000E-03    4.980371000000000E-04    3.419873000000000E-04    6.845361000000001E-05    5.632730000000000E-05    0.000000000000000E+00    0.000000000000000E+00    0.000000000000000E+00    0.000000000000000E+00    0.000000000000000E+00    6.381461000000000E-05    0.000000000000000E+00    7.513946000000001E-05    9.469743471151000E+41    1.098639135357000E+11    6.946686992617999E+10
                      296    4.082694613371289E+32    2.165642807702980E+34    1.676092311913902E+15    5.264777424406632E+08    1.294358761288277E-13    2.350172884699329E+01    9.831439043031187E+03    9.815186950813619E+03    2.862426090237999E-01    1.454803268375600E+01    2.181942797618027E+34    1.721540454156004E+15    6.214093000000001E-01    0.000000000000000E+00    3.589902000000000E-01    1.921986000000000E-03    4.326529000000000E-03    7.327047000000000E-03    1.509733000000000E-03    2.192724000000000E-04    2.831457000000000E-03    4.950264000000000E-04    3.390604000000000E-04    6.766538000000000E-05    5.525815000000000E-05    0.000000000000000E+00    0.000000000000000E+00    0.000000000000000E+00    0.000000000000000E+00    0.000000000000000E+00    6.298257000000000E-05    0.000000000000000E+00    6.704045000000000E-05    9.707317380913001E+41    7.801282644244998E+10    4.900493502598499E+10
                      297    3.259914469794884E+32    2.198242787533074E+34    1.766988596398107E+15    5.211806338571283E+08    8.907416504375750E-14    2.104261993909829E+01    9.569705569302201E+03    9.547695857255845E+03    2.784643046376900E-01    1.229523345703032E+01    2.208881774546245E+34    1.792817195507661E+15    6.214442999999999E-01    0.000000000000000E+00    3.589615000000000E-01    1.919285000000000E-03    4.326583000000000E-03    7.325676999999999E-03    1.509057000000000E-03    2.192752000000000E-04    2.831449000000000E-03    4.947276999999999E-04    3.387700000000000E-04    6.758716000000000E-05    5.515205000000000E-05    0.000000000000000E+00    0.000000000000000E+00    0.000000000000000E+00    0.000000000000000E+00    0.000000000000000E+00    6.290000000000000E-05    0.000000000000000E+00    6.623673000000000E-05    1.004057172299650E+42    5.365089154225499E+10    3.359428277003500E+10
                      298    2.127934602915062E+32    2.219520761559414E+34    1.818645794617215E+15    4.939092241047364E+08    9.713748422098746E-14    1.972876098107958E+01    9.432288826594518E+03    9.395038757969325E+03    2.729451743122900E-01    1.092455919665508E+01    2.229868446526527E+34    1.830163098011944E+15    6.214442999999999E-01    0.000000000000000E+00    3.589615000000000E-01    1.919284000000000E-03    4.326583000000000E-03    7.325676000000000E-03    1.509056000000000E-03    2.192752000000000E-04    2.831449000000000E-03    4.947276000000000E-04    3.387699000000000E-04    6.758714000000000E-05    5.515203000000000E-05    0.000000000000000E+00    0.000000000000000E+00    0.000000000000000E+00    0.000000000000000E+00    0.000000000000000E+00    6.289998000000000E-05    0.000000000000000E+00    6.623653000000000E-05    1.186489129067500E+42    5.855680432321500E+10    3.654595651627000E+10
                      299    2.069497225225117E+32    2.240216131493640E+34    1.841680401406672E+15    4.811937794898868E+08    2.055641027776071E-13    1.866808678800091E+01    9.302872972218662E+03    9.266133993695266E+03    2.569013919825199E-01    9.707349303593771E+00    2.251677325988343E+34    1.845596948633400E+15    6.214442999999999E-01    0.000000000000000E+00    3.589615000000000E-01    1.919284000000000E-03    4.326583000000000E-03    7.325676000000000E-03    1.509056000000000E-03    2.192752000000000E-04    2.831449000000000E-03    4.947276000000000E-04    3.387699000000000E-04    6.758714000000000E-05    5.515203000000000E-05    0.000000000000000E+00    0.000000000000000E+00    0.000000000000000E+00    0.000000000000000E+00    0.000000000000000E+00    6.289998000000000E-05    0.000000000000000E+00    6.623653000000000E-05    1.284595651627000E+42    1.236489129067500E+11    7.716232600218500E+10
                      300    2.292163339365626E+32    2.263138520483047E+34    1.849513495860128E+15    4.778805740355520E+08    6.069658331426656E-13    1.761294775457516E+01    9.169297655107233E+03    9.133076404651878E+03    2.315467618458049E-01    8.604923717690458E+00    2.268550972151086E+34    1.849867359867416E+15    6.214442999999999E-01    0.000000000000000E+00    3.589615000000000E-01    1.919284000000000E-03    4.326583000000000E-03    7.325676000000000E-03    1.509056000000000E-03    2.192752000000000E-04    2.831449000000000E-03    4.947276000000000E-04    3.387699000000000E-04    6.758714000000000E-05    5.515203000000000E-05    0.000000000000000E+00    0.000000000000000E+00    0.000000000000000E+00    0.000000000000000E+00    0.000000000000000E+00    6.289998000000000E-05    0.000000000000000E+00    6.623653000000000E-05    1.317297825813500E+42    3.658658690456500E+11    2.270276083948500E+11
                      301    1.082541435741696E+32    2.273963423819127E+34    1.850221223874704E+15    4.778711164258993E+08    3.043077413024288E-12    1.697587023743218E+01    9.085233028910592E+03    9.049343856875465E+03    2.314347407328899E-01    8.104031715432175E+00    2.275333438220038E+34    1.850336452525363E+15    6.214442999999999E-01    0.000000000000000E+00    3.589615000000000E-01    1.919284000000000E-03    4.326583000000000E-03    7.325676000000000E-03    1.509056000000000E-03    2.192752000000000E-04    2.831449000000000E-03    4.947276000000000E-04    3.387699000000000E-04    6.758714000000000E-05    5.515203000000000E-05    0.000000000000000E+00    0.000000000000000E+00    0.000000000000000E+00    0.000000000000000E+00    0.000000000000000E+00    6.289998000000000E-05    0.000000000000000E+00    6.623653000000000E-05    1.317297825813500E+42    1.835128264424500E+12    1.117021741865000E+12
                      302    2.739947277017215E+31    2.276703452620949E+34    1.850451681176020E+15    4.779374675129925E+08    2.874385311823310E-12    1.677151305997739E+01    9.058483890790032E+03    9.022690724655036E+03    2.274294146049149E-01    7.952968600436934E+00    2.278084403276148E+34    1.850563246342186E+15    6.214442999999999E-01    0.000000000000000E+00    3.589615000000000E-01    1.919284000000000E-03    4.326583000000000E-03    7.325676000000000E-03    1.509056000000000E-03    2.192752000000000E-04    2.831449000000000E-03    4.947276000000000E-04    3.387699000000000E-04    6.758714000000000E-05    5.515203000000000E-05    0.000000000000000E+00    0.000000000000000E+00    0.000000000000000E+00    0.000000000000000E+00    0.000000000000000E+00    6.289998000000000E-05    0.000000000000000E+00    6.623653000000000E-05    1.317297825813500E+42    1.732958703035500E+12    1.058639135357000E+12
                      303    2.761479767507004E+31    2.279465353931348E+34    1.850674811508352E+15    4.780038186000857E+08    2.902992750628595E-12    1.661775090401187E+01    9.037649955976789E+03    9.001939111839492E+03    2.256862189281299E-01    7.806405959807888E+00    2.280655417238961E+34    1.850772808008538E+15    6.214442999999999E-01    0.000000000000000E+00    3.589615000000000E-01    1.919284000000000E-03    4.326583000000000E-03    7.325676000000000E-03    1.509056000000000E-03    2.192752000000000E-04    2.831449000000000E-03    4.947276000000000E-04    3.387699000000000E-04    6.758714000000000E-05    5.515203000000000E-05    0.000000000000000E+00    0.000000000000000E+00    0.000000000000000E+00    0.000000000000000E+00    0.000000000000000E+00    6.289998000000000E-05    0.000000000000000E+00    6.623653000000000E-05    1.317297825813500E+42    1.752958703035500E+12    1.068639135357000E+12
                      304    2.379917832189143E+31    2.281845480546574E+34    1.850870804508723E+15    4.780615207742722E+08    2.885010528004817E-12    1.646539844796564E+01    9.016863937883936E+03    8.981235226409004E+03    2.237889797676149E-01    7.679539040247176E+00    2.282846644916470E+34    1.850951123265438E+15    6.214442999999999E-01    0.000000000000000E+00    3.589615000000000E-01    1.919284000000000E-03    4.326583000000000E-03    7.325676000000000E-03    1.509056000000000E-03    2.192752000000000E-04    2.831449000000000E-03    4.947276000000000E-04    3.387699000000000E-04    6.758714000000000E-05    5.515203000000000E-05    0.000000000000000E+00    0.000000000000000E+00    0.000000000000000E+00    0.000000000000000E+00    0.000000000000000E+00    6.289998000000000E-05    0.000000000000000E+00    6.623653000000000E-05    1.317297825813500E+42    1.735660877222000E+12    1.058639135357000E+12
                      305    2.002358565940997E+31    2.283847809286366E+34    1.851031442022154E+15    4.781128718613655E+08    2.842835696486453E-12    1.631444276763216E+01    9.011050552350527E+03    8.960578958593625E+03    2.221917406071000E-01    7.577829933296824E+00    2.284763472031823E+34    1.851103242734980E+15    6.214442999999999E-01    0.000000000000000E+00    3.589615000000000E-01    1.919284000000000E-03    4.326583000000000E-03    7.325676000000000E-03    1.509056000000000E-03    2.192752000000000E-04    2.831449000000000E-03    4.947276000000000E-04    3.387699000000000E-04    6.758714000000000E-05    5.515203000000000E-05    0.000000000000000E+00    0.000000000000000E+00    0.000000000000000E+00    0.000000000000000E+00    0.000000000000000E+00    6.289998000000000E-05    0.000000000000000E+00    6.623653000000000E-05    1.317297825813500E+42    1.715660877222000E+12    1.043530657287550E+12
                      306    1.832544982686603E+31    2.285679134777280E+34    1.851175043447806E+15    4.781592229484588E+08    2.831748425569374E-12    1.626748360691720E+01    8.990325711188374E+03    8.954792283140518E+03    2.209025884140449E-01    7.487801683486978E+00    2.286560000349999E+34    1.851244718324560E+15    6.214442999999999E-01    0.000000000000000E+00    3.589615000000000E-01    1.919284000000000E-03    4.326583000000000E-03    7.325676000000000E-03    1.509056000000000E-03    2.192752000000000E-04    2.831449000000000E-03    4.947276000000000E-04    3.387699000000000E-04    6.758714000000000E-05    5.515203000000000E-05    0.000000000000000E+00    0.000000000000000E+00    0.000000000000000E+00    0.000000000000000E+00    0.000000000000000E+00    6.289998000000000E-05    0.000000000000000E+00    6.623653000000000E-05    1.317297825813500E+42    1.705660877222000E+12    1.040611526962150E+12
                      307    1.761683423601576E+31    2.287440865922718E+34    1.851314393201312E+15    4.782019251226453E+08    2.849389109583203E-12    1.616487105729468E+01    8.990325711188374E+03    8.939970198875886E+03    2.198404579628549E-01    7.400332052031532E+00    2.288331673544791E+34    1.851379170737244E+15    6.214442999999999E-01    0.000000000000000E+00    3.589615000000000E-01    1.919284000000000E-03    4.326583000000000E-03    7.325676000000000E-03    1.509056000000000E-03    2.192752000000000E-04    2.831449000000000E-03    4.947276000000000E-04    3.387699000000000E-04    6.758714000000000E-05    5.515203000000000E-05    0.000000000000000E+00    0.000000000000000E+00    0.000000000000000E+00    0.000000000000000E+00    0.000000000000000E+00    6.289998000000000E-05    0.000000000000000E+00    6.623653000000000E-05    1.317297825813500E+42    1.715660877222000E+12    1.044990222450250E+12
                      308    1.780416630675396E+31    2.289222481166863E+34    1.851443948273174E+15    4.782446272968318E+08    2.851377167927036E-12    1.611834242075295E+01    8.969648535838185E+03    8.934196832406999E+03    2.187783275116649E-01    7.319355123135784E+00    2.290136155502449E+34    1.851505588515072E+15    6.214442999999999E-01    0.000000000000000E+00    3.589615000000000E-01    1.919284000000000E-03    4.326583000000000E-03    7.325676000000000E-03    1.509056000000000E-03    2.192752000000000E-04    2.831449000000000E-03    4.947276000000000E-04    3.387699000000000E-04    6.758714000000000E-05    5.515203000000000E-05    0.000000000000000E+00    0.000000000000000E+00    0.000000000000000E+00    0.000000000000000E+00    0.000000000000000E+00    6.289998000000000E-05    0.000000000000000E+00    6.623653000000000E-05    1.317297825813500E+42    1.718363051408500E+12    1.044990222450250E+12
                      309    1.829049755815891E+31    2.291049829838035E+34    1.851567228756970E+15    4.782859783839250E+08    2.864538526938794E-12    1.597056856920226E+01    8.969648535838185E+03    8.913648749895718E+03    2.178432188023399E-01    7.242263757743974E+00    2.291926718591013E+34    1.851620985338603E+15    6.214442999999999E-01    0.000000000000000E+00    3.589615000000000E-01    1.919284000000000E-03    4.326583000000000E-03    7.325676000000000E-03    1.509056000000000E-03    2.192752000000000E-04    2.831449000000000E-03    4.947276000000000E-04    3.387699000000000E-04    6.758714000000000E-05    5.515203000000000E-05    0.000000000000000E+00    0.000000000000000E+00    0.000000000000000E+00    0.000000000000000E+00    0.000000000000000E+00    6.289998000000000E-05    0.000000000000000E+00    6.623653000000000E-05    1.317297825813500E+42    1.725660877222000E+12    1.049881744380800E+12
                      310    1.752416837081162E+31    2.292803607343991E+34    1.851674741920236E+15    4.783223294710183E+08    2.846807240766810E-12    1.597056856920226E+01    8.963875169369298E+03    8.913648749895718E+03    2.169810883511499E-01    7.175729152693492E+00    2.293584058218240E+34    1.851724450940708E+15    6.214442999999999E-01    0.000000000000000E+00    3.589615000000000E-01    1.919284000000000E-03    4.326583000000000E-03    7.325676000000000E-03    1.509056000000000E-03    2.192752000000000E-04    2.831449000000000E-03    4.947276000000000E-04    3.387699000000000E-04    6.758714000000000E-05    5.515203000000000E-05    0.000000000000000E+00    0.000000000000000E+00    0.000000000000000E+00    0.000000000000000E+00    0.000000000000000E+00    6.289998000000000E-05    0.000000000000000E+00    6.623653000000000E-05    1.317297825813500E+42    1.718363051408500E+12    1.042071092124850E+12
                      311    1.560860986095620E+31    2.294364509092489E+34    1.851774159961179E+15    4.783586805581115E+08    2.846807240766810E-12    1.582414951646598E+01    8.949018916671630E+03    8.893147926662779E+03    2.162189578999599E-01    7.114433733450310E+00    2.295180751344411E+34    1.851831815993566E+15    6.214442999999999E-01    0.000000000000000E+00    3.589615000000000E-01    1.919284000000000E-03    4.326583000000000E-03    7.325676000000000E-03    1.509056000000000E-03    2.192752000000000E-04    2.831449000000000E-03    4.947276000000000E-04    3.387699000000000E-04    6.758714000000000E-05    5.515203000000000E-05    0.000000000000000E+00    0.000000000000000E+00    0.000000000000000E+00    0.000000000000000E+00    0.000000000000000E+00    6.289998000000000E-05    0.000000000000000E+00    6.623653000000000E-05    1.317297825813500E+42    1.718363051408500E+12    1.042071092124850E+12
                      312    1.633423232143056E+31    2.295996993596332E+34    1.851889472025953E+15    4.784000316452048E+08    2.904388227344617E-12    1.582414951646598E+01    8.943258828577153E+03    8.893147926662779E+03    2.155649144162299E-01    7.042080353992755E+00    2.296840079381508E+34    1.851951553544294E+15    6.214442999999999E-01    0.000000000000000E+00    3.589615000000000E-01    1.919284000000000E-03    4.326583000000000E-03    7.325676000000000E-03    1.509056000000000E-03    2.192752000000000E-04    2.831449000000000E-03    4.947276000000000E-04    3.387699000000000E-04    6.758714000000000E-05    5.515203000000000E-05    0.000000000000000E+00    0.000000000000000E+00    0.000000000000000E+00    0.000000000000000E+00    0.000000000000000E+00    6.289998000000000E-05    0.000000000000000E+00    6.623653000000000E-05    1.317297825813500E+42    1.748363051408500E+12    1.061341309543500E+12
                      313    1.686621348664699E+31    2.297683165166684E+34    1.852013635062635E+15    4.784450316452047E+08    2.949522816606487E-12    1.577888891444388E+01    8.943258828577153E+03    8.887414303769114E+03    2.147568274487699E-01    6.963278449960162E+00    2.298537187206148E+34    1.852076202952160E+15    6.214442999999999E-01    0.000000000000000E+00    3.589615000000000E-01    1.919284000000000E-03    4.326583000000000E-03    7.325676000000000E-03    1.509056000000000E-03    2.192752000000000E-04    2.831449000000000E-03    4.947276000000000E-04    3.387699000000000E-04    6.758714000000000E-05    5.515203000000000E-05    0.000000000000000E+00    0.000000000000000E+00    0.000000000000000E+00    0.000000000000000E+00    0.000000000000000E+00    6.289998000000000E-05    0.000000000000000E+00    6.623653000000000E-05    1.317297825813500E+42    1.778363051408500E+12    1.081341309543500E+12
                      314    1.706679830917340E+31    2.299391209245613E+34    1.852138770841685E+15    4.784850316452048E+08    2.974742227346698E-12    1.567907284167394E+01    8.922689904053032E+03    8.872694254014865E+03    2.139487404813099E-01    6.883466292416838E+00    2.300066274396715E+34    1.852188390555564E+15    6.214442999999999E-01    0.000000000000000E+00    3.589615000000000E-01    1.919284000000000E-03    4.326583000000000E-03    7.325676000000000E-03    1.509056000000000E-03    2.192752000000000E-04    2.831449000000000E-03    4.947276000000000E-04    3.387699000000000E-04    6.758714000000000E-05    5.515203000000000E-05    0.000000000000000E+00    0.000000000000000E+00    0.000000000000000E+00    0.000000000000000E+00    0.000000000000000E+00    6.289998000000000E-05    0.000000000000000E+00    6.623653000000000E-05    1.317297825813500E+42    1.788363051408500E+12    1.084043483730000E+12
                      315    1.349754293897427E+31    2.300741339547817E+34    1.852238010269443E+15    4.785127338193913E+08    2.931262200734703E-12    1.563422719134537E+01    8.922689904053032E+03    8.866973818087919E+03    2.131325665463900E-01    6.821332980384724E+00    2.301170836079888E+34    1.852271267648494E+15    6.214442999999999E-01    0.000000000000000E+00    3.589615000000000E-01    1.919284000000000E-03    4.326583000000000E-03    7.325676000000000E-03    1.509056000000000E-03    2.192752000000000E-04    2.831449000000000E-03    4.947276000000000E-04    3.387699000000000E-04    6.758714000000000E-05    5.515203000000000E-05    0.000000000000000E+00    0.000000000000000E+00    0.000000000000000E+00    0.000000000000000E+00    0.000000000000000E+00    6.289998000000000E-05    0.000000000000000E+00    6.623653000000000E-05    1.317297825813500E+42    1.768363051408500E+12    1.071341309543500E+12
                      316    8.601252647219333E+30    2.301600332611959E+34    1.852304525027546E+15    4.785340849064845E+08    2.866540365844725E-12    1.553532623783114E+01    8.922689904053032E+03    8.852287623508630E+03    2.124704360951999E-01    6.780746490809174E+00    2.301994037766357E+34    1.852335224459401E+15    6.214442999999999E-01    0.000000000000000E+00    3.589615000000000E-01    1.919284000000000E-03    4.326583000000000E-03    7.325676000000000E-03    1.509056000000000E-03    2.192752000000000E-04    2.831449000000000E-03    4.947276000000000E-04    3.387699000000000E-04    6.758714000000000E-05    5.515203000000000E-05    0.000000000000000E+00    0.000000000000000E+00    0.000000000000000E+00    0.000000000000000E+00    0.000000000000000E+00    6.289998000000000E-05    0.000000000000000E+00    6.623653000000000E-05    1.317297825813500E+42    1.728363051408500E+12    1.048422179218100E+12
                      317    7.880863681524653E+30    2.302387742920755E+34    1.852365923891256E+15    4.785517870806710E+08    2.864538526938794E-12    1.549089173489611E+01    8.916956281159366E+03    8.846580344219223E+03    2.120623491277399E-01    6.743389703401229E+00    2.302757587156705E+34    1.852394547403728E+15    6.214442999999999E-01    0.000000000000000E+00    3.589615000000000E-01    1.919284000000000E-03    4.326583000000000E-03    7.325676000000000E-03    1.509056000000000E-03    2.192752000000000E-04    2.831449000000000E-03    4.947276000000000E-04    3.387699000000000E-04    6.758714000000000E-05    5.515203000000000E-05    0.000000000000000E+00    0.000000000000000E+00    0.000000000000000E+00    0.000000000000000E+00    0.000000000000000E+00    6.289998000000000E-05    0.000000000000000E+00    6.623653000000000E-05    1.317297825813500E+42    1.728363051408500E+12    1.048422179218100E+12
                      318    7.381739001011641E+30    2.303127431392655E+34    1.852423170916198E+15    4.785731381677643E+08    2.864538526938794E-12    1.549089173489611E+01    8.902168286742562E+03    8.846580344219223E+03    2.117083056440099E-01    6.708602647992373E+00    2.303578800433304E+34    1.852458721908294E+15    6.214442999999999E-01    0.000000000000000E+00    3.589615000000000E-01    1.919284000000000E-03    4.326583000000000E-03    7.325676000000000E-03    1.509056000000000E-03    2.192752000000000E-04    2.831449000000000E-03    4.947276000000000E-04    3.387699000000000E-04    6.758714000000000E-05    5.515203000000000E-05    0.000000000000000E+00    0.000000000000000E+00    0.000000000000000E+00    0.000000000000000E+00    0.000000000000000E+00    6.289998000000000E-05    0.000000000000000E+00    6.623653000000000E-05    1.317297825813500E+42    1.728363051408500E+12    1.048422179218100E+12
                      319    9.033715886817193E+30    2.304030169473952E+34    1.852494272900390E+15    4.785981381677642E+08    2.911083533679297E-12    1.549089173489611E+01    8.902168286742562E+03    8.846580344219223E+03    2.113812839021449E-01    6.664788633286352E+00    2.304310535265720E+34    1.852528174733358E+15    6.214442999999999E-01    0.000000000000000E+00    3.589615000000000E-01    1.919284000000000E-03    4.326583000000000E-03    7.325676000000000E-03    1.509056000000000E-03    2.192752000000000E-04    2.831449000000000E-03    4.947276000000000E-04    3.387699000000000E-04    6.758714000000000E-05    5.515203000000000E-05    0.000000000000000E+00    0.000000000000000E+00    0.000000000000000E+00    0.000000000000000E+00    0.000000000000000E+00    6.289998000000000E-05    0.000000000000000E+00    6.623653000000000E-05    1.317297825813500E+42    1.748363051408500E+12    1.061341309543500E+12
                      320    5.615941557387590E+30    2.304590901057489E+34    1.852562076566327E+15    4.786258403419507E+08    2.915759908117594E-12    1.539289751077389E+01    8.902168286742562E+03    8.831927926950162E+03    2.109002186765500E-01    6.623023007547091E+00    2.305220232781565E+34    1.852610696898138E+15    6.214442999999999E-01    0.000000000000000E+00    3.589615000000000E-01    1.919284000000000E-03    4.326583000000000E-03    7.325676000000000E-03    1.509056000000000E-03    2.192752000000000E-04    2.831449000000000E-03    4.947276000000000E-04    3.387699000000000E-04    6.758714000000000E-05    5.515203000000000E-05    0.000000000000000E+00    0.000000000000000E+00    0.000000000000000E+00    0.000000000000000E+00    0.000000000000000E+00    6.289998000000000E-05    0.000000000000000E+00    6.623653000000000E-05    1.317297825813500E+42    1.758363051408500E+12    1.064043483730000E+12
                      321    1.258654500307448E+31    2.305849564505641E+34    1.852659317229948E+15    4.786621914290440E+08    3.002267178283841E-12    1.534887038581041E+01    8.896447850815617E+03    8.826233774038865E+03    2.105002186765499E-01    6.561432272498497E+00    2.306683702446398E+34    1.852722176001620E+15    6.214442999999999E-01    0.000000000000000E+00    3.589615000000000E-01    1.919284000000000E-03    4.326583000000000E-03    7.325676000000000E-03    1.509056000000000E-03    2.192752000000000E-04    2.831449000000000E-03    4.947276000000000E-04    3.387699000000000E-04    6.758714000000000E-05    5.515203000000000E-05    0.000000000000000E+00    0.000000000000000E+00    0.000000000000000E+00    0.000000000000000E+00    0.000000000000000E+00    6.289998000000000E-05    0.000000000000000E+00    6.623653000000000E-05    1.317297825813500E+42    1.808363051408500E+12    1.094043483730000E+12
                      322    1.666783977589679E+31    2.307517840387156E+34    1.852785034773291E+15    4.787021914290439E+08    3.089199467537222E-12    1.534887038581041E+01    8.896447850815617E+03    8.826233774038865E+03    2.099191534509550E-01    6.479735062529255E+00    2.308457364051061E+34    1.852854510885546E+15    6.214442999999999E-01    0.000000000000000E+00    3.589615000000000E-01    1.919284000000000E-03    4.326583000000000E-03    7.325676000000000E-03    1.509056000000000E-03    2.192752000000000E-04    2.831449000000000E-03    4.947276000000000E-04    3.387699000000000E-04    6.758714000000000E-05    5.515203000000000E-05    0.000000000000000E+00    0.000000000000000E+00    0.000000000000000E+00    0.000000000000000E+00    0.000000000000000E+00    6.289998000000000E-05    0.000000000000000E+00    6.623653000000000E-05    1.317297825813500E+42    1.858363051408500E+12    1.124043483730000E+12
                      323    1.878995231471045E+31    2.309396887714966E+34    1.852923986997800E+15    4.787458403419508E+08    3.144452110988105E-12    1.520815109627954E+01    8.875986588552762E+03    8.805933999671353E+03    2.091380882253600E-01    6.388160926767615E+00    2.310400040494733E+34    1.852996993325918E+15    6.214442999999999E-01    0.000000000000000E+00    3.589615000000000E-01    1.919284000000000E-03    4.326583000000000E-03    7.325676000000000E-03    1.509056000000000E-03    2.192752000000000E-04    2.831449000000000E-03    4.947276000000000E-04    3.387699000000000E-04    6.758714000000000E-05    5.515203000000000E-05    0.000000000000000E+00    0.000000000000000E+00    0.000000000000000E+00    0.000000000000000E+00    0.000000000000000E+00    6.289998000000000E-05    0.000000000000000E+00    6.623653000000000E-05    1.317297825813500E+42    1.898363051408500E+12    1.144043483730000E+12
                      324    2.007172506237957E+31    2.311403193274500E+34    1.853069999654036E+15    4.787931381677643E+08    3.191130055803384E-12    1.516492755690957E+01    8.875986588552762E+03    8.800266009016223E+03    2.083759577741700E-01    6.290831721897887E+00    2.312450091071423E+34    1.853145358691370E+15    6.214442999999999E-01    0.000000000000000E+00    3.589615000000000E-01    1.919284000000000E-03    4.326583000000000E-03    7.325676000000000E-03    1.509056000000000E-03    2.192752000000000E-04    2.831449000000000E-03    4.947276000000000E-04    3.387699000000000E-04    6.758714000000000E-05    5.515203000000000E-05    0.000000000000000E+00    0.000000000000000E+00    0.000000000000000E+00    0.000000000000000E+00    0.000000000000000E+00    6.289998000000000E-05    0.000000000000000E+00    6.623653000000000E-05    1.317297825813500E+42    1.918363051408500E+12    1.161341309543500E+12
                      325    2.092684072727327E+31    2.313496988868345E+34    1.853220717728705E+15    4.788367870806710E+08    3.228081600321946E-12    1.506872192894975E+01    8.870292435641466E+03    8.785680913489303E+03    2.075408490648449E-01    6.189610719773553E+00    2.314573712813329E+34    1.853297576537512E+15    6.214442999999999E-01    0.000000000000000E+00    3.589615000000000E-01    1.919284000000000E-03    4.326583000000000E-03    7.325676000000000E-03    1.509056000000000E-03    2.192752000000000E-04    2.831449000000000E-03    4.947276000000000E-04    3.387699000000000E-04    6.758714000000000E-05    5.515203000000000E-05    0.000000000000000E+00    0.000000000000000E+00    0.000000000000000E+00    0.000000000000000E+00    0.000000000000000E+00    6.289998000000000E-05    0.000000000000000E+00    6.623653000000000E-05    1.317297825813500E+42    1.941065225595000E+12    1.174043483730000E+12
                      326    2.153712348478791E+31    2.315650436758311E+34    1.853374435346320E+15    4.788804359935777E+08    3.263209745569407E-12    1.502589466537065E+01    8.855572385887217E+03    8.780025958850934E+03    2.067787186136550E-01    6.085645717029250E+00    2.316750027416807E+34    1.853451996495680E+15    6.214442999999999E-01    0.000000000000000E+00    3.589615000000000E-01    1.919284000000000E-03    4.326583000000000E-03    7.325676000000000E-03    1.509056000000000E-03    2.192752000000000E-04    2.831449000000000E-03    4.947276000000000E-04    3.387699000000000E-04    6.758714000000000E-05    5.515203000000000E-05    0.000000000000000E+00    0.000000000000000E+00    0.000000000000000E+00    0.000000000000000E+00    0.000000000000000E+00    6.289998000000000E-05    0.000000000000000E+00    6.623653000000000E-05    1.317297825813500E+42    1.968363051408500E+12    1.184043483730000E+12
                      327    2.199429868225881E+31    2.317849618075303E+34    1.853529557645042E+15    4.789240849064844E+08    3.293403853589486E-12    1.488813643504303E+01    8.849891329164204E+03    8.759832459509245E+03    2.061165881624650E-01    5.980081563855086E+00    2.318967104422636E+34    1.853607552112864E+15    6.214442999999999E-01    0.000000000000000E+00    3.589615000000000E-01    1.919284000000000E-03    4.326583000000000E-03    7.325676000000000E-03    1.509056000000000E-03    2.192752000000000E-04    2.831449000000000E-03    4.947276000000000E-04    3.387699000000000E-04    6.758714000000000E-05    5.515203000000000E-05    0.000000000000000E+00    0.000000000000000E+00    0.000000000000000E+00    0.000000000000000E+00    0.000000000000000E+00    6.289998000000000E-05    0.000000000000000E+00    6.623653000000000E-05    1.317297825813500E+42    1.978363051408500E+12    1.194043483730000E+12
                      328    2.234944856926419E+31    2.320084590769968E+34    1.853685546580687E+15    4.789640849064845E+08    3.321589485935935E-12    1.475164117976257E+01    8.849891329164204E+03    8.739685403927251E+03    2.054544577112750E-01    5.873375302720485E+00    2.321215995986395E+34    1.853763872620871E+15    6.214442999999999E-01    0.000000000000000E+00    3.589615000000000E-01    1.919284000000000E-03    4.326583000000000E-03    7.325676000000000E-03    1.509056000000000E-03    2.192752000000000E-04    2.831449000000000E-03    4.947276000000000E-04    3.387699000000000E-04    6.758714000000000E-05    5.515203000000000E-05    0.000000000000000E+00    0.000000000000000E+00    0.000000000000000E+00    0.000000000000000E+00    0.000000000000000E+00    6.289998000000000E-05    0.000000000000000E+00    6.623653000000000E-05    1.317297825813500E+42    1.998363051408500E+12    1.204043483730000E+12
                      329    2.263325431010892E+31    2.322347401202822E+34    1.853842198661056E+15    4.790040849064845E+08    3.350020058051264E-12    1.475164117976257E+01    8.844223338509073E+03    8.739685403927251E+03    2.048193490019500E-01    5.765602198603549E+00    2.323490736878473E+34    1.853920688976720E+15    6.214442999999999E-01    0.000000000000000E+00    3.589615000000000E-01    1.919284000000000E-03    4.326583000000000E-03    7.325676000000000E-03    1.509056000000000E-03    2.192752000000000E-04    2.831449000000000E-03    4.947276000000000E-04    3.387699000000000E-04    6.758714000000000E-05    5.515203000000000E-05    0.000000000000000E+00    0.000000000000000E+00    0.000000000000000E+00    0.000000000000000E+00    0.000000000000000E+00    6.289998000000000E-05    0.000000000000000E+00    6.623653000000000E-05    1.317297825813500E+42    2.018363051408500E+12    1.214043483730000E+12
                      330    2.286524208972326E+31    2.324634072554125E+34    1.853999179292386E+15    4.790427338193912E+08    3.381017412003019E-12    1.461639732050441E+01    8.829537143929783E+03    8.719584685287258E+03    2.043572185507599E-01    5.656875375142520E+00    2.325787350279130E+34    1.854077732052485E+15    6.214442999999999E-01    0.000000000000000E+00    3.589615000000000E-01    1.919284000000000E-03    4.326583000000000E-03    7.325676000000000E-03    1.509056000000000E-03    2.192752000000000E-04    2.831449000000000E-03    4.947276000000000E-04    3.387699000000000E-04    6.758714000000000E-05    5.515203000000000E-05    0.000000000000000E+00    0.000000000000000E+00    0.000000000000000E+00    0.000000000000000E+00    0.000000000000000E+00    6.289998000000000E-05    0.000000000000000E+00    6.623653000000000E-05    1.317297825813500E+42    2.038363051408500E+12    1.224043483730000E+12
                      331    2.305837634046417E+31    2.326940628004135E+34    1.854156284812585E+15    4.790813827322981E+08    3.409960431558167E-12    1.457511916086448E+01    8.829537143929783E+03    8.713981575584643E+03    2.039491315832999E-01    5.547340279353704E+00    2.328100865163688E+34    1.854234844229144E+15    6.214442999999999E-01    0.000000000000000E+00    3.589615000000000E-01    1.919284000000000E-03    4.326583000000000E-03    7.325676000000000E-03    1.509056000000000E-03    2.192752000000000E-04    2.831449000000000E-03    4.947276000000000E-04    3.387699000000000E-04    6.758714000000000E-05    5.515203000000000E-05    0.000000000000000E+00    0.000000000000000E+00    0.000000000000000E+00    0.000000000000000E+00    0.000000000000000E+00    6.289998000000000E-05    0.000000000000000E+00    6.623653000000000E-05    1.317297825813500E+42    2.048363051408500E+12    1.234043483730000E+12
                      332    2.322166455904589E+31    2.329261102323239E+34    1.854313403645703E+15    4.791200316452047E+08    3.431245192431523E-12    1.444149366520319E+01    8.823882189291415E+03    8.693939974109351E+03    2.036140228739750E-01    5.437305661425992E+00    2.330429293122275E+34    1.854391654326626E+15    6.214442999999999E-01    0.000000000000000E+00    3.589615000000000E-01    1.919284000000000E-03    4.326583000000000E-03    7.325676000000000E-03    1.509056000000000E-03    2.192752000000000E-04    2.831449000000000E-03    4.947276000000000E-04    3.387699000000000E-04    6.758714000000000E-05    5.515203000000000E-05    0.000000000000000E+00    0.000000000000000E+00    0.000000000000000E+00    0.000000000000000E+00    0.000000000000000E+00    6.289998000000000E-05    0.000000000000000E+00    6.623653000000000E-05    1.317297825813500E+42    2.068363051408500E+12    1.244043483730000E+12
                      333    2.336150942525208E+31    2.331597483921310E+34    1.854469905007550E+15    4.791586805581115E+08    3.460625854684678E-12    1.444149366520319E+01    8.823882189291415E+03    8.693939974109351E+03    2.035059359065149E-01    5.326794810417466E+00    2.332771639949957E+34    1.854548106480592E+15    6.214442999999999E-01    0.000000000000000E+00    3.589615000000000E-01    1.919284000000000E-03    4.326583000000000E-03    7.325676000000000E-03    1.509056000000000E-03    2.192752000000000E-04    2.831449000000000E-03    4.947276000000000E-04    3.387699000000000E-04    6.758714000000000E-05    5.515203000000000E-05    0.000000000000000E+00    0.000000000000000E+00    0.000000000000000E+00    0.000000000000000E+00    0.000000000000000E+00    6.289998000000000E-05    0.000000000000000E+00    6.623653000000000E-05    1.317297825813500E+42    2.085660877222000E+12    1.251341309543500E+12
                      334    2.348264335457501E+31    2.333945795978604E+34    1.854626307953634E+15    4.791936805581115E+08    3.484613767129345E-12    1.430909325544983E+01    8.823882189291415E+03    8.673944467038342E+03    2.034978489390550E-01    5.215616609669576E+00    2.335125917236863E+34    1.854704358299210E+15    6.214442999999999E-01    0.000000000000000E+00    3.589615000000000E-01    1.919284000000000E-03    4.326583000000000E-03    7.325676000000000E-03    1.509056000000000E-03    2.192752000000000E-04    2.831449000000000E-03    4.947276000000000E-04    3.387699000000000E-04    6.758714000000000E-05    5.515203000000000E-05    0.000000000000000E+00    0.000000000000000E+00    0.000000000000000E+00    0.000000000000000E+00    0.000000000000000E+00    6.289998000000000E-05    0.000000000000000E+00    6.623653000000000E-05    1.317297825813500E+42    2.095660877222000E+12    1.261341309543500E+12
                      335    2.358858583248580E+31    2.336306038495123E+34    1.854782408644786E+15    4.792273294710183E+08    3.506372274083649E-12    1.430909325544983E+01    8.823882189291415E+03    8.673944467038342E+03    2.037438054553249E-01    5.103815777076784E+00    2.337490136573124E+34    1.854860150087642E+15    6.214442999999999E-01    0.000000000000000E+00    3.589615000000000E-01    1.919284000000000E-03    4.326583000000000E-03    7.325676000000000E-03    1.509056000000000E-03    2.192752000000000E-04    2.831449000000000E-03    4.947276000000000E-04    3.387699000000000E-04    6.758714000000000E-05    5.515203000000000E-05    0.000000000000000E+00    0.000000000000000E+00    0.000000000000000E+00    0.000000000000000E+00    0.000000000000000E+00    6.289998000000000E-05    0.000000000000000E+00    6.623653000000000E-05    1.317297825813500E+42    2.115660877222000E+12    1.271341309543500E+12
                      336    2.368200132821119E+31    2.338674234651124E+34    1.854937891530498E+15    4.792596272968317E+08    3.528270545838311E-12    1.417790669994935E+01    8.838568383870705E+03    8.653994948357438E+03    2.042708271971900E-01    4.991439844738765E+00    2.339862309548866E+34    1.855015751143074E+15    6.214442999999999E-01    0.000000000000000E+00    3.589615000000000E-01    1.919284000000000E-03    4.326583000000000E-03    7.325676000000000E-03    1.509056000000000E-03    2.192752000000000E-04    2.831449000000000E-03    4.947276000000000E-04    3.387699000000000E-04    6.758714000000000E-05    5.515203000000000E-05    0.000000000000000E+00    0.000000000000000E+00    0.000000000000000E+00    0.000000000000000E+00    0.000000000000000E+00    6.289998000000000E-05    0.000000000000000E+00    6.623653000000000E-05    1.317297825813500E+42    2.125660877222000E+12    1.274043483730000E+12
                      337    2.376501744031284E+31    2.341050384446608E+34    1.855093610755648E+15    4.792755740355520E+08    3.537336070801746E-12    1.417790669994935E+01    8.844223338509073E+03    8.653994948357438E+03    2.051978489390550E-01    4.878079198948651E+00    2.342242436164092E+34    1.855172350741071E+15    6.214442999999999E-01    0.000000000000000E+00    3.589615000000000E-01    1.919284000000000E-03    4.326583000000000E-03    7.325676000000000E-03    1.509056000000000E-03    2.192752000000000E-04    2.831449000000000E-03    4.947276000000000E-04    3.387699000000000E-04    6.758714000000000E-05    5.515203000000000E-05    0.000000000000000E+00    0.000000000000000E+00    0.000000000000000E+00    0.000000000000000E+00    0.000000000000000E+00    6.289998000000000E-05    0.000000000000000E+00    6.623653000000000E-05    1.317297825813500E+42    2.130256528849000E+12    1.278639135357000E+12
                      338    2.383924478078600E+31    2.343434487881575E+34    1.855251090726494E+15    4.792566588162465E+08    3.505544570007134E-12    1.413812161164661E+01    8.858943388263322E+03    8.648443208273349E+03    2.064789141646499E-01    4.763703027980381E+00    2.344629522213865E+34    1.855333425264405E+15    6.214442999999999E-01    0.000000000000000E+00    3.589615000000000E-01    1.919284000000000E-03    4.326583000000000E-03    7.325676000000000E-03    1.509056000000000E-03    2.192752000000000E-04    2.831449000000000E-03    4.947276000000000E-04    3.387699000000000E-04    6.758714000000000E-05    5.515203000000000E-05    0.000000000000000E+00    0.000000000000000E+00    0.000000000000000E+00    0.000000000000000E+00    0.000000000000000E+00    6.289998000000000E-05    0.000000000000000E+00    6.623653000000000E-05    1.317297825813500E+42    2.109447832103000E+12    1.270532612797500E+12
                      339    2.390601558424404E+31    2.345824556546154E+34    1.855415759802316E+15    4.791245088099569E+08    3.358184969168122E-12    1.404792287001903E+01    8.864611378918453E+03    8.634091312296274E+03    2.082248706809199E-01    4.648100180561340E+00    2.347022573493250E+34    1.855510269600319E+15    6.214442999999999E-01    0.000000000000000E+00    3.589615000000000E-01    1.919284000000000E-03    4.326583000000000E-03    7.325676000000000E-03    1.509056000000000E-03    2.192752000000000E-04    2.831449000000000E-03    4.947276000000000E-04    3.387699000000000E-04    6.758714000000000E-05    5.515203000000000E-05    0.000000000000000E+00    0.000000000000000E+00    0.000000000000000E+00    0.000000000000000E+00    0.000000000000000E+00    6.289998000000000E-05    0.000000000000000E+00    6.623653000000000E-05    1.317297825813500E+42    2.018915219305500E+12    1.218915219305500E+12
                      340    2.396642347611584E+31    2.348220590440345E+34    1.855604779398322E+15    4.786490055298088E+08    2.953386164684478E-12    1.400850253359828E+01    8.905528565943014E+03    8.628552340860049E+03    2.103384793273500E-01    4.530973621961352E+00    2.349421590002247E+34    1.855735854256933E+15    6.214442999999999E-01    0.000000000000000E+00    3.589615000000000E-01    1.919284000000000E-03    4.326583000000000E-03    7.325676000000000E-03    1.509056000000000E-03    2.192752000000000E-04    2.831449000000000E-03    4.947276000000000E-04    3.387699000000000E-04    6.758714000000000E-05    5.515203000000000E-05    0.000000000000000E+00    0.000000000000000E+00    0.000000000000000E+00    0.000000000000000E+00    0.000000000000000E+00    6.289998000000000E-05    0.000000000000000E+00    6.623653000000000E-05    1.317297825813500E+42    1.780552167897000E+12    1.078114344599300E+12
                      341    2.402132347264581E+31    2.350622589564148E+34    1.855866929115544E+15    4.772064109086695E+08    2.211207922112902E-12    1.391913073900455E+01    8.952368241015332E+03    8.614233453327746E+03    2.124522835247750E-01    4.412433716688878E+00    2.351826571740856E+34    1.856100530073856E+15    6.214442999999999E-01    0.000000000000000E+00    3.589615000000000E-01    1.919284000000000E-03    4.326583000000000E-03    7.325676000000000E-03    1.509056000000000E-03    2.192752000000000E-04    2.831449000000000E-03    4.947276000000000E-04    3.387699000000000E-04    6.758714000000000E-05    5.515203000000000E-05    0.000000000000000E+00    0.000000000000000E+00    0.000000000000000E+00    0.000000000000000E+00    0.000000000000000E+00    6.289998000000000E-05    0.000000000000000E+00    6.623653000000000E-05    1.320000000000000E+42    1.328133899698801E+12    8.111773834288003E+11
                      342    2.407143140138740E+31    2.353030553917564E+34    1.856334131032168E+15    4.732068324995865E+08    1.328920197626695E-12    1.388007181040046E+01    9.031823169205687E+03    8.608707221172315E+03    2.163576096527500E-01    4.291771653697200E+00    2.354236524504142E+34    1.856843125481224E+15    6.214442999999999E-01    0.000000000000000E+00    3.589615000000000E-01    1.919284000000000E-03    4.326583000000000E-03    7.325676000000000E-03    1.509056000000000E-03    2.192752000000000E-04    2.831449000000000E-03    4.947276000000000E-04    3.387699000000000E-04    6.758714000000000E-05    5.515203000000000E-05    0.000000000000000E+00    0.000000000000000E+00    0.000000000000000E+00    0.000000000000000E+00    0.000000000000000E+00    6.289998000000000E-05    0.000000000000000E+00    6.623653000000000E-05    1.322702174186500E+42    8.008084654904504E+11    4.925284705220504E+11
                      343    2.411734378530183E+31    2.355442495090721E+34    1.857352119930280E+15    4.630927734569180E+08    6.477377160145165E-13    1.388007181040046E+01    9.193120331756092E+03    8.608707221172315E+03    2.311540666092849E-01    4.162440486433654E+00    2.356650454087170E+34    1.858546169251872E+15    6.214442999999999E-01    0.000000000000000E+00    3.589615000000000E-01    1.919284000000000E-03    4.326583000000000E-03    7.325676000000000E-03    1.509056000000000E-03    2.192752000000000E-04    2.831449000000000E-03    4.947276000000000E-04    3.387699000000000E-04    6.758714000000000E-05    5.515203000000000E-05    0.000000000000000E+00    0.000000000000000E+00    0.000000000000000E+00    0.000000000000000E+00    0.000000000000000E+00    6.289998000000000E-05    0.000000000000000E+00    6.623653000000000E-05    1.353510870932500E+42    3.897710795458503E+11    2.418736910854502E+11
                      344    2.415957761095545E+31    2.357858413083619E+34    1.859740218573464E+15    4.402652966937036E+08    2.808839731683188E-13    1.379151938134455E+01    9.484747372920172E+03    8.594421266167461E+03    2.581627402297300E-01    4.018306173267662E+00    2.359068360489939E+34    1.862481964955209E+15    6.214442999999999E-01    0.000000000000000E+00    3.589615000000000E-01    1.919284000000000E-03    4.326583000000000E-03    7.325676000000000E-03    1.509056000000000E-03    2.192752000000000E-04    2.831449000000000E-03    4.947276000000000E-04    3.387699000000000E-04    6.758714000000000E-05    5.515203000000000E-05    0.000000000000000E+00    0.000000000000000E+00    0.000000000000000E+00    0.000000000000000E+00    0.000000000000000E+00    6.289998000000000E-05    0.000000000000000E+00    6.623653000000000E-05    1.447554354662500E+42    1.690334749247001E+11    1.055715631500601E+11
                      345    2.419855044442113E+31    2.360278307896258E+34    1.865223711336954E+15    3.956893032781678E+08    1.199499402189785E-13    1.383057830994864E+01    1.003103988252148E+04    8.599947498322892E+03    2.822013919825200E-01    3.861277874057374E+00    2.361490243712449E+34    1.871012406346294E+15    6.214442999999999E-01    0.000000000000000E+00    3.589615000000000E-01    1.919284000000000E-03    4.326583000000000E-03    7.325676000000000E-03    1.509056000000000E-03    2.192752000000000E-04    2.831449000000000E-03    4.947276000000000E-04    3.387699000000000E-04    6.758714000000000E-05    5.515203000000000E-05    0.000000000000000E+00    0.000000000000000E+00    0.000000000000000E+00    0.000000000000000E+00    0.000000000000000E+00    6.289998000000000E-05    0.000000000000000E+00    6.623653000000000E-05    1.776982631665999E+42    7.220806384190506E+10    4.573667311728503E+10
                      346    2.423462019947560E+31    2.362702179528639E+34    1.876801101355633E+15    3.226262282991909E+08    5.426691381862753E-14    1.305004815032481E+01    1.088307845799328E+04    8.476501385693584E+03    2.982935005660550E-01    3.696558668922663E+00    2.363915109549765E+34    1.887638503475780E+15    6.214442999999999E-01    0.000000000000000E+00    3.589615000000000E-01    1.919284000000000E-03    4.326583000000000E-03    7.325676000000000E-03    1.509056000000000E-03    2.192752000000000E-04    2.831449000000000E-03    4.947276000000000E-04    3.387699000000000E-04    6.758714000000000E-05    5.515203000000000E-05    0.000000000000000E+00    0.000000000000000E+00    0.000000000000000E+00    0.000000000000000E+00    0.000000000000000E+00    6.289998000000000E-05    0.000000000000000E+00    6.623653000000000E-05    2.597200050315998E+42    3.263352117581002E+10    2.154930400874001E+10
                      347    2.426812490579686E+31    2.365128039570891E+34    1.898475905595928E+15    2.256509061673769E+08    2.725594364158484E-14    1.330375606388570E+01    1.187400666549199E+04    8.518868735659797E+03    3.109264350888800E-01    3.527818363585087E+00    2.366342958001888E+34    1.916146898690176E+15    6.214442999999999E-01    0.000000000000000E+00    3.589615000000000E-01    1.919284000000000E-03    4.326583000000000E-03    7.325676000000000E-03    1.509056000000000E-03    2.192752000000000E-04    2.831449000000000E-03    4.947276000000000E-04    3.387699000000000E-04    6.758714000000000E-05    5.515203000000000E-05    0.000000000000000E+00    0.000000000000000E+00    0.000000000000000E+00    0.000000000000000E+00    0.000000000000000E+00    6.289998000000000E-05    0.000000000000000E+00    6.623653000000000E-05    4.032841372438497E+42    1.642208671588001E+10    1.163546070111601E+10
                      348    2.429930317256940E+31    2.367557876432884E+34    1.933817891784424E+15    1.279850941034199E+08    1.558677355657277E-14    1.302002491446049E+01    1.202463463315846E+04    8.475714328300244E+03    3.156055216789700E-01    3.361513780748432E+00    2.368774783273751E+34    1.958494873886542E+15    6.214442999999999E-01    0.000000000000000E+00    3.589615000000000E-01    1.919284000000000E-03    4.326583000000000E-03    7.325676000000000E-03    1.509056000000000E-03    2.192752000000000E-04    2.831449000000000E-03    4.947276000000000E-04    3.387699000000000E-04    6.758714000000000E-05    5.515203000000000E-05    0.000000000000000E+00    0.000000000000000E+00    0.000000000000000E+00    0.000000000000000E+00    0.000000000000000E+00    6.289998000000000E-05    0.000000000000000E+00    6.623653000000000E-05    5.630178308450998E+42    9.373173809130005E+09    6.675008621272003E+09
                      349    2.432839360897772E+31    2.369991690114618E+34    1.983171855988661E+15    6.112678813532655E+07    1.037323899468990E-14    1.222434421267465E+01    1.111366031792315E+04    8.343663351887335E+03    3.122976302625050E-01    3.203797965840541E+00    2.371209591160421E+34    2.012692430463364E+15    6.214442999999999E-01    0.000000000000000E+00    3.589615000000000E-01    1.919284000000000E-03    4.326583000000000E-03    7.325676000000000E-03    1.509056000000000E-03    2.192752000000000E-04    2.831449000000000E-03    4.947276000000000E-04    3.387699000000000E-04    6.758714000000000E-05    5.515203000000000E-05    0.000000000000000E+00    0.000000000000000E+00    0.000000000000000E+00    0.000000000000000E+00    0.000000000000000E+00    6.289998000000000E-05    0.000000000000000E+00    6.623653000000000E-05    6.617534799562999E+42    6.240078220398003E+09    4.376823878314501E+09
                      350    2.435559505600887E+31    2.372427492206223E+34    2.042213004938067E+15    3.559971182594626E+07    8.111396525744150E-15    1.131033841347238E+01    9.842820730282372E+03    8.182813896994746E+03    3.125185436724150E-01    3.054285273064494E+00    2.373646387456961E+34    2.073400145639690E+15    6.214442999999999E-01    0.000000000000000E+00    3.589615000000000E-01    1.919284000000000E-03    4.326583000000000E-03    7.325676000000000E-03    1.509056000000000E-03    2.192752000000000E-04    2.831449000000000E-03    4.947276000000000E-04    3.387699000000000E-04    6.758714000000000E-05    5.515203000000000E-05    0.000000000000000E+00    0.000000000000000E+00    0.000000000000000E+00    0.000000000000000E+00    0.000000000000000E+00    6.289998000000000E-05    0.000000000000000E+00    6.623653000000000E-05    6.842682619087000E+42    4.888126077659000E+09    3.229743471151000E+09
                      351    2.438110635464992E+31    2.374865282707700E+34    2.104587286341313E+15    3.174177499056575E+07    7.239857355738371E-15    9.994372643580975E+00    9.426636768367453E+03    7.933236563769056E+03    3.261757390976200E-01    2.906991718147439E+00    2.376085172163372E+34    2.135936972556070E+15    6.214442999999999E-01    0.000000000000000E+00    3.589615000000000E-01    1.919284000000000E-03    4.326583000000000E-03    7.325676000000000E-03    1.509056000000000E-03    2.192752000000000E-04    2.831449000000000E-03    4.947276000000000E-04    3.387699000000000E-04    6.758714000000000E-05    5.515203000000000E-05    0.000000000000000E+00    0.000000000000000E+00    0.000000000000000E+00    0.000000000000000E+00    0.000000000000000E+00    6.289998000000000E-05    0.000000000000000E+00    6.623653000000000E-05    6.899980444900499E+42    4.357297825813499E+09    2.785404348373000E+09
                      352    2.440506669359183E+31    2.377305061619046E+34    2.167286658770827E+15    3.109149890661725E+07    6.784867074562623E-15    9.457046799894009E+00    9.308992364036385E+03    7.824388477504858E+03    3.302406303882950E-01    2.766505757159745E+00    2.378526939484590E+34    2.198690599995215E+15    6.214442999999999E-01    0.000000000000000E+00    3.589615000000000E-01    1.919284000000000E-03    4.326583000000000E-03    7.325676000000000E-03    1.509056000000000E-03    2.192752000000000E-04    2.831449000000000E-03    4.947276000000000E-04    3.387699000000000E-04    6.758714000000000E-05    5.515203000000000E-05    0.000000000000000E+00    0.000000000000000E+00    0.000000000000000E+00    0.000000000000000E+00    0.000000000000000E+00    6.289998000000000E-05    0.000000000000000E+00    6.623653000000000E-05    6.942682619086999E+42    4.085404348373000E+09    2.598106522559500E+09
                      353    2.442761526152555E+31    2.379748817350134E+34    2.230094541219603E+15    3.057420108080375E+07    6.401333362165456E-15    9.031409579556529E+00    9.208233224723692E+03    7.734823443235524E+03    3.335676521301600E-01    2.632393875336545E+00    2.380970695215678E+34    2.261555253981012E+15    6.214442999999999E-01    0.000000000000000E+00    3.589615000000000E-01    1.919284000000000E-03    4.326583000000000E-03    7.325676000000000E-03    1.509056000000000E-03    2.192752000000000E-04    2.831449000000000E-03    4.947276000000000E-04    3.387699000000000E-04    6.758714000000000E-05    5.515203000000000E-05    0.000000000000000E+00    0.000000000000000E+00    0.000000000000000E+00    0.000000000000000E+00    0.000000000000000E+00    6.289998000000000E-05    0.000000000000000E+00    6.623653000000000E-05    6.989980444900500E+42    3.852702174186500E+09    2.438106522559500E+09
                      354    2.444887136304331E+31    2.382192573081221E+34    2.293015966742422E+15    3.011555216789700E+07    6.043248383284250E-15    8.545855363691382E+00    9.108574290882929E+03    7.628697687042557E+03    3.366487173557550E-01    2.504383544393462E+00    2.383416439356636E+34    2.324529660511529E+15    6.214442999999999E-01    0.000000000000000E+00    3.589615000000000E-01    1.919284000000000E-03    4.326583000000000E-03    7.325676000000000E-03    1.509056000000000E-03    2.192752000000000E-04    2.831449000000000E-03    4.947276000000000E-04    3.387699000000000E-04    6.758714000000000E-05    5.515203000000000E-05    0.000000000000000E+00    0.000000000000000E+00    0.000000000000000E+00    0.000000000000000E+00    0.000000000000000E+00    6.289998000000000E-05    0.000000000000000E+00    6.623653000000000E-05    7.035384793273499E+42    3.642702174186500E+09    2.295404348373000E+09
                      355    2.446893441863866E+31    2.384640305632051E+34    2.356043354280636E+15    2.969190325499025E+07    5.718346195627295E-15    8.086405920781988E+00    9.019372226924497E+03    7.524028030812341E+03    3.393568043232150E-01    2.382075294145228E+00    2.385864171907465E+34    2.387587832334535E+15    6.214442999999999E-01    0.000000000000000E+00    3.589615000000000E-01    1.919284000000000E-03    4.326583000000000E-03    7.325676000000000E-03    1.509056000000000E-03    2.192752000000000E-04    2.831449000000000E-03    4.947276000000000E-04    3.387699000000000E-04    6.758714000000000E-05    5.515203000000000E-05    0.000000000000000E+00    0.000000000000000E+00    0.000000000000000E+00    0.000000000000000E+00    0.000000000000000E+00    6.289998000000000E-05    0.000000000000000E+00    6.623653000000000E-05    7.085384793273499E+42    3.442702174186500E+09    2.165404348373000E+09
                      356    2.448792373290382E+31    2.387088038182880E+34    2.419132310388434E+15    2.928325434208350E+07    5.414287879320400E-15    7.307276454619538E+00    8.860340354022608E+03    7.335849363937186E+03    3.423729782581350E-01    2.265126845157861E+00    2.388313892868166E+34    2.450693101125146E+15    6.214442999999999E-01    0.000000000000000E+00    3.589615000000000E-01    1.919284000000000E-03    4.326583000000000E-03    7.325676000000000E-03    1.509056000000000E-03    2.192752000000000E-04    2.831449000000000E-03    4.947276000000000E-04    3.387699000000000E-04    6.758714000000000E-05    5.515203000000000E-05    0.000000000000000E+00    0.000000000000000E+00    0.000000000000000E+00    0.000000000000000E+00    0.000000000000000E+00    6.289998000000000E-05    0.000000000000000E+00    6.623653000000000E-05    7.135384793273499E+42    3.262702174186500E+09    2.045404348373000E+09
                      357    2.450591884223364E+31    2.389539747553451E+34    2.482253891861858E+15    2.889960542917675E+07    5.143638573318236E-15    6.951293474017133E+00    8.784660005472182E+03    7.244359085935605E+03    3.443270217418650E-01    2.153332528637200E+00    2.390765602238736E+34    2.513840378878272E+15    6.214442999999999E-01    0.000000000000000E+00    3.589615000000000E-01    1.919284000000000E-03    4.326583000000000E-03    7.325676000000000E-03    1.509056000000000E-03    2.192752000000000E-04    2.831449000000000E-03    4.947276000000000E-04    3.387699000000000E-04    6.758714000000000E-05    5.515203000000000E-05    0.000000000000000E+00    0.000000000000000E+00    0.000000000000000E+00    0.000000000000000E+00    0.000000000000000E+00    6.289998000000000E-05    0.000000000000000E+00    6.623653000000000E-05    7.188086967459999E+42    3.100000000000000E+09    1.935404348373000E+09
                      358    2.452295951482552E+31    2.391991456924021E+34    2.545426865894687E+15    2.854595651627000E+07    4.889567484631669E-15    6.638433730945541E+00    8.724186831355957E+03    7.161433593207752E+03    3.461080869674600E-01    2.046423584338311E+00    2.393218305814242E+34    2.577045216307506E+15    6.214442999999999E-01    0.000000000000000E+00    3.589615000000000E-01    1.919284000000000E-03    4.326583000000000E-03    7.325676000000000E-03    1.509056000000000E-03    2.192752000000000E-04    2.831449000000000E-03    4.947276000000000E-04    3.387699000000000E-04    6.758714000000000E-05    5.515203000000000E-05    0.000000000000000E+00    0.000000000000000E+00    0.000000000000000E+00    0.000000000000000E+00    0.000000000000000E+00    6.289998000000000E-05    0.000000000000000E+00    6.623653000000000E-05    7.238086967459999E+42    2.942702174186500E+09    1.842702174186500E+09
                      359    2.453916505527171E+31    2.394445154704463E+34    2.608663566720324E+15    2.822230760336325E+07    4.648046289796749E-15    6.339654995847616E+00    8.644203005720294E+03    7.079457340745686E+03    3.477431956767850E-01    1.944212220158874E+00    2.395672997799619E+34    2.640315934175172E+15    6.214442999999999E-01    0.000000000000000E+00    3.589615000000000E-01    1.919284000000000E-03    4.326583000000000E-03    7.325676000000000E-03    1.509056000000000E-03    2.192752000000000E-04    2.831449000000000E-03    4.947276000000000E-04    3.387699000000000E-04    6.758714000000000E-05    5.515203000000000E-05    0.000000000000000E+00    0.000000000000000E+00    0.000000000000000E+00    0.000000000000000E+00    0.000000000000000E+00    6.289998000000000E-05    0.000000000000000E+00    6.623653000000000E-05    7.290789141646499E+42    2.802702174186500E+09    1.752702174186500E+09
                      360    2.455457523176962E+31    2.396900840894775E+34    2.671968301630020E+15    2.792865869045650E+07    4.428640675122720E-15    6.038190326077901E+00    8.570377843256991E+03    6.993989203593736E+03    3.491512826442450E-01    1.846326025761358E+00    2.398129678194867E+34    2.703639670282251E+15    6.214442999999999E-01    0.000000000000000E+00    3.589615000000000E-01    1.919284000000000E-03    4.326583000000000E-03    7.325676000000000E-03    1.509056000000000E-03    2.192752000000000E-04    2.831449000000000E-03    4.947276000000000E-04    3.387699000000000E-04    6.758714000000000E-05    5.515203000000000E-05    0.000000000000000E+00    0.000000000000000E+00    0.000000000000000E+00    0.000000000000000E+00    0.000000000000000E+00    6.289998000000000E-05    0.000000000000000E+00    6.623653000000000E-05    7.350789141646500E+42    2.662702174186500E+09    1.662702174186500E+09
                      361    2.456926958071408E+31    2.399358515494958E+34    2.735311038934482E+15    2.764500977754975E+07    4.219591847096035E-15    5.521608674266437E+00    8.433346978334032E+03    6.839115986798255E+03    3.501674565791650E-01    1.752732720788368E+00    2.400587352795049E+34    2.766988411106372E+15    6.214442999999999E-01    0.000000000000000E+00    3.589615000000000E-01    1.919284000000000E-03    4.326583000000000E-03    7.325676000000000E-03    1.509056000000000E-03    2.192752000000000E-04    2.831449000000000E-03    4.947276000000000E-04    3.387699000000000E-04    6.758714000000000E-05    5.515203000000000E-05    0.000000000000000E+00    0.000000000000000E+00    0.000000000000000E+00    0.000000000000000E+00    0.000000000000000E+00    6.289998000000000E-05    0.000000000000000E+00    6.623653000000000E-05    7.403491315833000E+42    2.542702174186500E+09    1.582702174186500E+09
                      362    2.458324810210509E+31    2.401816190095140E+34    2.798665783278262E+15    2.737136086464300E+07    4.029678930013214E-15    5.273095346836101E+00    8.375292226085714E+03    6.760829273467161E+03    3.512755435466250E-01    1.663051908662813E+00    2.403046021600167E+34    2.830359242231333E+15    6.214442999999999E-01    0.000000000000000E+00    3.589615000000000E-01    1.919284000000000E-03    4.326583000000000E-03    7.325676000000000E-03    1.509056000000000E-03    2.192752000000000E-04    2.831449000000000E-03    4.947276000000000E-04    3.387699000000000E-04    6.758714000000000E-05    5.515203000000000E-05    0.000000000000000E+00    0.000000000000000E+00    0.000000000000000E+00    0.000000000000000E+00    0.000000000000000E+00    6.289998000000000E-05    0.000000000000000E+00    6.623653000000000E-05    7.463491315833000E+42    2.430000000000000E+09    1.512702174186500E+09
                      363    2.459661021643618E+31    2.404275853105194E+34    2.862052701184404E+15    2.711771195173625E+07    3.857184781030400E-15    5.049310131498846E+00    8.322914630677878E+03    6.687679318470538E+03    3.521836305140850E-01    1.576944300912457E+00    2.405506678815156E+34    2.893769122148375E+15    6.214442999999999E-01    0.000000000000000E+00    3.589615000000000E-01    1.919284000000000E-03    4.326583000000000E-03    7.325676000000000E-03    1.509056000000000E-03    2.192752000000000E-04    2.831449000000000E-03    4.947276000000000E-04    3.387699000000000E-04    6.758714000000000E-05    5.515203000000000E-05    0.000000000000000E+00    0.000000000000000E+00    0.000000000000000E+00    0.000000000000000E+00    0.000000000000000E+00    6.289998000000000E-05    0.000000000000000E+00    6.623653000000000E-05    7.516193490019500E+42    2.322702174186500E+09    1.450000000000000E+09
                      364    2.460937580780606E+31    2.406737504525118E+34    2.925485543112346E+15    2.688906303882950E+07    3.683582868798751E-15    4.822053740104323E+00    8.265620089363596E+03    6.611126086347258E+03    3.529646957396800E-01    1.494470064618272E+00    2.407968330235081E+34    2.957229328142915E+15    6.214442999999999E-01    0.000000000000000E+00    3.589615000000000E-01    1.919284000000000E-03    4.326583000000000E-03    7.325676000000000E-03    1.509056000000000E-03    2.192752000000000E-04    2.831449000000000E-03    4.947276000000000E-04    3.387699000000000E-04    6.758714000000000E-05    5.515203000000000E-05    0.000000000000000E+00    0.000000000000000E+00    0.000000000000000E+00    0.000000000000000E+00    0.000000000000000E+00    6.289998000000000E-05    0.000000000000000E+00    6.623653000000000E-05    7.578895664206000E+42    2.220000000000000E+09    1.382702174186500E+09
                      365    2.462156476031344E+31    2.409199155945043E+34    2.988973113173484E+15    2.667906303882950E+07    3.525903683137418E-15    4.605025571196550E+00    8.189840428888861E+03    6.535449151825795E+03    3.535998044490050E-01    1.415315879832264E+00    2.410430975859940E+34    3.020729402247307E+15    6.214442999999999E-01    0.000000000000000E+00    3.589615000000000E-01    1.919284000000000E-03    4.326583000000000E-03    7.325676000000000E-03    1.509056000000000E-03    2.192752000000000E-04    2.831449000000000E-03    4.947276000000000E-04    3.387699000000000E-04    6.758714000000000E-05    5.515203000000000E-05    0.000000000000000E+00    0.000000000000000E+00    0.000000000000000E+00    0.000000000000000E+00    0.000000000000000E+00    6.289998000000000E-05    0.000000000000000E+00    6.623653000000000E-05    7.638895664206000E+42    2.122702174186500E+09    1.322702174186500E+09
                      366    2.463325661035314E+31    2.411662795774837E+34    3.052485691321130E+15    2.647406303882950E+07    3.382754220266388E-15    4.238693814920272E+00    8.077471605606195E+03    6.401406994361143E+03    3.532159783839250E-01    1.339427766540846E+00    2.412894615689735E+34    3.084239977437452E+15    6.214442999999999E-01    0.000000000000000E+00    3.589615000000000E-01    1.919284000000000E-03    4.326583000000000E-03    7.325676000000000E-03    1.509056000000000E-03    2.192752000000000E-04    2.831449000000000E-03    4.947276000000000E-04    3.387699000000000E-04    6.758714000000000E-05    5.515203000000000E-05    0.000000000000000E+00    0.000000000000000E+00    0.000000000000000E+00    0.000000000000000E+00    0.000000000000000E+00    6.289998000000000E-05    0.000000000000000E+00    6.623653000000000E-05    7.701597838392498E+42    2.040000000000000E+09    1.270000000000000E+09
                      367    2.464445135792517E+31    2.414126435604632E+34    3.115994263553776E+15    2.627541412592275E+07    3.245416535186760E-15    4.058878890880606E+00    8.040358994723547E+03    6.332152574592186E+03    3.537970436095200E-01    1.266505456229535E+00    2.415359249724465E+34    3.147759442227461E+15    6.214442999999999E-01    0.000000000000000E+00    3.589615000000000E-01    1.919284000000000E-03    4.326583000000000E-03    7.325676000000000E-03    1.509056000000000E-03    2.192752000000000E-04    2.831449000000000E-03    4.947276000000000E-04    3.387699000000000E-04    6.758714000000000E-05    5.515203000000000E-05    0.000000000000000E+00    0.000000000000000E+00    0.000000000000000E+00    0.000000000000000E+00    0.000000000000000E+00    6.289998000000000E-05    0.000000000000000E+00    6.623653000000000E-05    7.761597838392500E+42    1.952702174186500E+09    1.220000000000000E+09
                      368    2.465518877122694E+31    2.416592063844298E+34    3.179524620901146E+15    2.609176521301600E+07    3.113654673390433E-15    3.876199248349893E+00    7.985009552725559E+03    6.259669023453011E+03    3.541051305769800E-01    1.196458766747586E+00    2.417825872169066E+34    3.211306157756254E+15    6.214442999999999E-01    0.000000000000000E+00    3.589615000000000E-01    1.919284000000000E-03    4.326583000000000E-03    7.325676000000000E-03    1.509056000000000E-03    2.192752000000000E-04    2.831449000000000E-03    4.947276000000000E-04    3.387699000000000E-04    6.758714000000000E-05    5.515203000000000E-05    0.000000000000000E+00    0.000000000000000E+00    0.000000000000000E+00    0.000000000000000E+00    0.000000000000000E+00    6.289998000000000E-05    0.000000000000000E+00    6.623653000000000E-05    7.824300012579000E+42    1.880000000000000E+09    1.170000000000000E+09
                      369    2.466550861845586E+31    2.419059680493834E+34    3.243087694611360E+15    2.593176521301600E+07    2.994128564578924E-15    3.711827575758319E+00    7.916830937100267E+03    6.191954575999830E+03    3.542132175444400E-01    1.129045716275676E+00    2.420292494613667E+34    3.274892397598824E+15    6.214442999999999E-01    0.000000000000000E+00    3.589615000000000E-01    1.919284000000000E-03    4.326583000000000E-03    7.325676000000000E-03    1.509056000000000E-03    2.192752000000000E-04    2.831449000000000E-03    4.947276000000000E-04    3.387699000000000E-04    6.758714000000000E-05    5.515203000000000E-05    0.000000000000000E+00    0.000000000000000E+00    0.000000000000000E+00    0.000000000000000E+00    0.000000000000000E+00    6.289998000000000E-05    0.000000000000000E+00    6.623653000000000E-05    7.887002186765500E+42    1.802702174186500E+09    1.122702174186500E+09
                      370    2.467541089961194E+31    2.421525308733500E+34    3.306697100586286E+15    2.578176521301600E+07    2.879190790758345E-15    3.544767815439118E+00    7.862331856269613E+03    6.121075858079827E+03    3.542213045119000E-01    1.064171748609914E+00    2.422760111263203E+34    3.338511023418676E+15    6.214442999999999E-01    0.000000000000000E+00    3.589615000000000E-01    1.919284000000000E-03    4.326583000000000E-03    7.325676000000000E-03    1.509056000000000E-03    2.192752000000000E-04    2.831449000000000E-03    4.947276000000000E-04    3.387699000000000E-04    6.758714000000000E-05    5.515203000000000E-05    0.000000000000000E+00    0.000000000000000E+00    0.000000000000000E+00    0.000000000000000E+00    0.000000000000000E+00    6.289998000000000E-05    0.000000000000000E+00    6.623653000000000E-05    7.957002186765499E+42    1.732702174186500E+09    1.080000000000000E+09
                      371    2.468493538289258E+31    2.423994913792907E+34    3.370324946251065E+15    2.563311630010925E+07    2.768665216202398E-15    3.262780017685360E+00    7.759393232552307E+03    5.995532502916149E+03    3.530104567049550E-01    1.001983304112509E+00    2.425229716322610E+34    3.402132571008852E+15    6.214442999999999E-01    0.000000000000000E+00    3.589615000000000E-01    1.919284000000000E-03    4.326583000000000E-03    7.325676000000000E-03    1.509056000000000E-03    2.192752000000000E-04    2.831449000000000E-03    4.947276000000000E-04    3.387699000000000E-04    6.758714000000000E-05    5.515203000000000E-05    0.000000000000000E+00    0.000000000000000E+00    0.000000000000000E+00    0.000000000000000E+00    0.000000000000000E+00    6.289998000000000E-05    0.000000000000000E+00    6.623653000000000E-05    8.019704360951999E+42    1.670000000000000E+09    1.040000000000000E+09
                      372    2.469410195239650E+31    2.426464518852313E+34    3.433940195766638E+15    2.548946738720250E+07    2.668519892074006E-15    3.144762078745481E+00    7.723742059043341E+03    5.940565130532210E+03    3.531645001886850E-01    9.420299697380066E-01    2.427699321382017E+34    3.465756502280293E+15    6.214442999999999E-01    0.000000000000000E+00    3.589615000000000E-01    1.919284000000000E-03    4.326583000000000E-03    7.325676000000000E-03    1.509056000000000E-03    2.192752000000000E-04    2.831449000000000E-03    4.947276000000000E-04    3.387699000000000E-04    6.758714000000000E-05    5.515203000000000E-05    0.000000000000000E+00    0.000000000000000E+00    0.000000000000000E+00    0.000000000000000E+00    0.000000000000000E+00    6.289998000000000E-05    0.000000000000000E+00    6.623653000000000E-05    8.089704360951999E+42    1.610000000000000E+09    1.000000000000000E+09
                      373    2.470291060812370E+31    2.428934123911721E+34    3.497572808793948E+15    2.535946738720250E+07    2.571996922098832E-15    3.011460545639379E+00    7.670572192699688E+03    5.876308848087932E+03    3.529996088980100E-01    8.842563867009110E-01    2.430169920646360E+34    3.529403816700744E+15    6.214442999999999E-01    0.000000000000000E+00    3.589615000000000E-01    1.919284000000000E-03    4.326583000000000E-03    7.325676000000000E-03    1.509056000000000E-03    2.192752000000000E-04    2.831449000000000E-03    4.947276000000000E-04    3.387699000000000E-04    6.758714000000000E-05    5.515203000000000E-05    0.000000000000000E+00    0.000000000000000E+00    0.000000000000000E+00    0.000000000000000E+00    0.000000000000000E+00    6.289998000000000E-05    0.000000000000000E+00    6.623653000000000E-05    8.152406535138499E+42    1.550000000000000E+09    9.638106522559500E+08
                      374    2.471142100237028E+31    2.431405717380999E+34    3.561234824607542E+15    2.524946738720250E+07    2.478965282190375E-15    2.875922494181668E+00    7.605094474271155E+03    5.809043296937273E+03    3.526806741236050E-01    8.285971167968734E-01    2.432641514115637E+34    3.593089777888470E+15    6.214442999999999E-01    0.000000000000000E+00    3.589615000000000E-01    1.919284000000000E-03    4.326583000000000E-03    7.325676000000000E-03    1.509056000000000E-03    2.192752000000000E-04    2.831449000000000E-03    4.947276000000000E-04    3.387699000000000E-04    6.758714000000000E-05    5.515203000000000E-05    0.000000000000000E+00    0.000000000000000E+00    0.000000000000000E+00    0.000000000000000E+00    0.000000000000000E+00    6.289998000000000E-05    0.000000000000000E+00    6.623653000000000E-05    8.222406535138499E+42    1.492702174186500E+09    9.295404348372999E+08
                      375    2.471961325103756E+31    2.433877310850276E+34    3.624944731169396E+15    2.514946738720250E+07    2.389298687531269E-15    2.746484659915772E+00    7.552741372156052E+03    5.742547728183490E+03    3.520887610910650E-01    7.750008315063164E-01    2.435114101789850E+34    3.656802505415288E+15    6.214442999999999E-01    0.000000000000000E+00    3.589615000000000E-01    1.919284000000000E-03    4.326583000000000E-03    7.325676000000000E-03    1.509056000000000E-03    2.192752000000000E-04    2.831449000000000E-03    4.947276000000000E-04    3.387699000000000E-04    6.758714000000000E-05    5.515203000000000E-05    0.000000000000000E+00    0.000000000000000E+00    0.000000000000000E+00    0.000000000000000E+00    0.000000000000000E+00    6.289998000000000E-05    0.000000000000000E+00    6.623653000000000E-05    8.295108709324999E+42    1.440000000000000E+09    8.965404348373001E+08
                      376    2.472752712232294E+31    2.436350892729424E+34    3.688660279661180E+15    2.504946738720250E+07    2.308184097258790E-15    2.534978458109952E+00    7.449113875635632E+03    5.628360758087179E+03    3.502238698003900E-01    7.234937352181451E-01    2.437587683668999E+34    3.720506901016871E+15    6.214442999999999E-01    0.000000000000000E+00    3.589615000000000E-01    1.919284000000000E-03    4.326583000000000E-03    7.325676000000000E-03    1.509056000000000E-03    2.192752000000000E-04    2.831449000000000E-03    4.947276000000000E-04    3.387699000000000E-04    6.758714000000000E-05    5.515203000000000E-05    0.000000000000000E+00    0.000000000000000E+00    0.000000000000000E+00    0.000000000000000E+00    0.000000000000000E+00    6.289998000000000E-05    0.000000000000000E+00    6.623653000000000E-05    8.357810883511500E+42    1.390000000000000E+09    8.655404348372999E+08
                      377    2.473516261622641E+31    2.438824474608573E+34    3.752353522372562E+15    2.494946738720250E+07    2.233572222830533E-15    2.443285812187914E+00    7.414888306276139E+03    5.576759636493651E+03    3.500049350259850E-01    6.737007542637399E-01    2.440061265548147E+34    3.784211626698061E+15    6.214442999999999E-01    0.000000000000000E+00    3.589615000000000E-01    1.919284000000000E-03    4.326583000000000E-03    7.325676000000000E-03    1.509056000000000E-03    2.192752000000000E-04    2.831449000000000E-03    4.947276000000000E-04    3.387699000000000E-04    6.758714000000000E-05    5.515203000000000E-05    0.000000000000000E+00    0.000000000000000E+00    0.000000000000000E+00    0.000000000000000E+00    0.000000000000000E+00    6.289998000000000E-05    0.000000000000000E+00    6.623653000000000E-05    8.427810883511498E+42    1.342702174186500E+09    8.365404348372999E+08
                      378    2.474253961684671E+31    2.441298056487721E+34    3.816069731023560E+15    2.486446738720250E+07    2.159088501553017E-15    2.333319836170823E+00    7.363844574211549E+03    5.512922996813706E+03    3.494130219934450E-01    6.256317263024072E-01    2.442535841632230E+34    3.847943031863392E+15    6.214442999999999E-01    0.000000000000000E+00    3.589615000000000E-01    1.919284000000000E-03    4.326583000000000E-03    7.325676000000000E-03    1.509056000000000E-03    2.192752000000000E-04    2.831449000000000E-03    4.947276000000000E-04    3.387699000000000E-04    6.758714000000000E-05    5.515203000000000E-05    0.000000000000000E+00    0.000000000000000E+00    0.000000000000000E+00    0.000000000000000E+00    0.000000000000000E+00    6.289998000000000E-05    0.000000000000000E+00    6.623653000000000E-05    8.500513057697999E+42    1.300000000000000E+09    8.085404348373001E+08
                      379    2.474967800828251E+31    2.443773626776740E+34    3.879816332703224E+15    2.480581847429575E+07    2.085789344742095E-15    2.214007607202472E+00    7.300992905010232E+03    5.440761654931640E+03    3.485211089609050E-01    5.792910267564307E-01    2.445011411921250E+34    3.911717841660622E+15    6.214442999999999E-01    0.000000000000000E+00    3.589615000000000E-01    1.919284000000000E-03    4.326583000000000E-03    7.325676000000000E-03    1.509056000000000E-03    2.192752000000000E-04    2.831449000000000E-03    4.947276000000000E-04    3.387699000000000E-04    6.758714000000000E-05    5.515203000000000E-05    0.000000000000000E+00    0.000000000000000E+00    0.000000000000000E+00    0.000000000000000E+00    0.000000000000000E+00    6.289998000000000E-05    0.000000000000000E+00    6.623653000000000E-05    8.570513057698001E+42    1.260000000000000E+09    7.815404348372999E+08
                      380    2.475655790643513E+31    2.446249197065759E+34    3.943619350618020E+15    2.476216956138900E+07    2.019623635339426E-15    2.114360850273420E+00    7.238685380969590E+03    5.378481771273480E+03    3.475291959283650E-01    5.345084568853213E-01    2.447486982210269E+34    3.975525653253555E+15    6.214442999999999E-01    0.000000000000000E+00    3.589615000000000E-01    1.919284000000000E-03    4.326583000000000E-03    7.325676000000000E-03    1.509056000000000E-03    2.192752000000000E-04    2.831449000000000E-03    4.947276000000000E-04    3.387699000000000E-04    6.758714000000000E-05    5.515203000000000E-05    0.000000000000000E+00    0.000000000000000E+00    0.000000000000000E+00    0.000000000000000E+00    0.000000000000000E+00    6.289998000000000E-05    0.000000000000000E+00    6.623653000000000E-05    8.643215231884499E+42    1.212702174186500E+09    7.555404348372999E+08
                      381    2.476323896360067E+31    2.448724767354778E+34    4.007431955889091E+15    2.472081847429575E+07    1.955556844081013E-15    1.946162539165843E+00    7.139366894188854E+03    5.268169031665616E+03    3.450372828958250E-01    4.914509073821740E-01    2.449963546704223E+34    4.039329941928322E+15    6.214442999999999E-01    0.000000000000000E+00    3.589615000000000E-01    1.919284000000000E-03    4.326583000000000E-03    7.325676000000000E-03    1.509056000000000E-03    2.192752000000000E-04    2.831449000000000E-03    4.947276000000000E-04    3.387699000000000E-04    6.758714000000000E-05    5.515203000000000E-05    0.000000000000000E+00    0.000000000000000E+00    0.000000000000000E+00    0.000000000000000E+00    0.000000000000000E+00    6.289998000000000E-05    0.000000000000000E+00    6.623653000000000E-05    8.713215231884500E+42    1.180000000000000E+09    7.308106522559500E+08
                      382    2.476970129568044E+31    2.451202326053668E+34    4.071227927967552E+15    2.468446738720250E+07    1.893522388783774E-15    1.863767408508314E+00    7.094763741955770E+03    5.211202359764782E+03    3.444183481214200E-01    4.498448577226710E-01    2.452441105403113E+34    4.103141491225750E+15    6.214442999999999E-01    0.000000000000000E+00    3.589615000000000E-01    1.919284000000000E-03    4.326583000000000E-03    7.325676000000000E-03    1.509056000000000E-03    2.192752000000000E-04    2.831449000000000E-03    4.947276000000000E-04    3.387699000000000E-04    6.758714000000000E-05    5.515203000000000E-05    0.000000000000000E+00    0.000000000000000E+00    0.000000000000000E+00    0.000000000000000E+00    0.000000000000000E+00    6.289998000000000E-05    0.000000000000000E+00    6.623653000000000E-05    8.783215231884499E+42    1.140000000000000E+09    7.085404348372999E+08
                      383    2.477596478677314E+31    2.453679884752558E+34    4.135055054483948E+15    2.466446738720250E+07    1.833455799394233E-15    1.763565982072985E+00    7.041411108133072E+03    5.139701982908958E+03    3.432534568307450E-01    4.096752626087761E-01    2.454918664102003E+34    4.166983944908002E+15    6.214442999999999E-01    0.000000000000000E+00    3.589615000000000E-01    1.919284000000000E-03    4.326583000000000E-03    7.325676000000000E-03    1.509056000000000E-03    2.192752000000000E-04    2.831449000000000E-03    4.947276000000000E-04    3.387699000000000E-04    6.758714000000000E-05    5.515203000000000E-05    0.000000000000000E+00    0.000000000000000E+00    0.000000000000000E+00    0.000000000000000E+00    0.000000000000000E+00    6.289998000000000E-05    0.000000000000000E+00    6.623653000000000E-05    8.855917406071000E+42    1.102702174186500E+09    6.858106522559500E+08
                      384    2.478202943687877E+31    2.456157443451448E+34    4.198912835332057E+15    2.466581847429575E+07    1.779387127816151E-15    1.673447584829515E+00    6.981326314835896E+03    5.072436714743908E+03    3.418345220563400E-01    3.708327849032985E-01    2.457397217005828E+34    4.230868835660070E+15    6.214442999999999E-01    0.000000000000000E+00    3.589615000000000E-01    1.919284000000000E-03    4.326583000000000E-03    7.325676000000000E-03    1.509056000000000E-03    2.192752000000000E-04    2.831449000000000E-03    4.947276000000000E-04    3.387699000000000E-04    6.758714000000000E-05    5.515203000000000E-05    0.000000000000000E+00    0.000000000000000E+00    0.000000000000000E+00    0.000000000000000E+00    0.000000000000000E+00    6.289998000000000E-05    0.000000000000000E+00    6.623653000000000E-05    8.925917406071000E+42    1.070000000000000E+09    6.648106522559500E+08
                      385    2.478791513009603E+31    2.458636990560208E+34    4.262824835988085E+15    2.468081847429575E+07    1.722941153580686E-15    1.583478292363522E+00    6.905841992433147E+03    5.002840273914488E+03    3.402426090238000E-01    3.333658287168719E-01    2.459876764114588E+34    4.294777615572495E+15    6.214442999999999E-01    0.000000000000000E+00    3.589615000000000E-01    1.919284000000000E-03    4.326583000000000E-03    7.325676000000000E-03    1.509056000000000E-03    2.192752000000000E-04    2.831449000000000E-03    4.947276000000000E-04    3.387699000000000E-04    6.758714000000000E-05    5.515203000000000E-05    0.000000000000000E+00    0.000000000000000E+00    0.000000000000000E+00    0.000000000000000E+00    0.000000000000000E+00    6.289998000000000E-05    0.000000000000000E+00    6.623653000000000E-05    8.998619580257498E+42    1.040000000000000E+09    6.438106522559500E+08
                      386    2.479362186642494E+31    2.461116537668969E+34    4.326730395156906E+15    2.468581847429575E+07    1.672131562527498E-15    1.448239338440083E+00    6.799794688844475E+03    4.892105339524143E+03    3.371506959912600E-01    2.973378219306907E-01    2.462356311223349E+34    4.358659953739295E+15    6.214442999999999E-01    0.000000000000000E+00    3.589615000000000E-01    1.919284000000000E-03    4.326583000000000E-03    7.325676000000000E-03    1.509056000000000E-03    2.192752000000000E-04    2.831449000000000E-03    4.947276000000000E-04    3.387699000000000E-04    6.758714000000000E-05    5.515203000000000E-05    0.000000000000000E+00    0.000000000000000E+00    0.000000000000000E+00    0.000000000000000E+00    0.000000000000000E+00    6.289998000000000E-05    0.000000000000000E+00    6.623653000000000E-05    9.068619580257500E+42    1.010000000000000E+09    6.240808696746000E+08
                      387    2.479914964586548E+31    2.463596084777729E+34    4.390589512321684E+15    2.468716956138900E+07    1.626561335238461E-15    1.370377880583815E+00    6.752985231458875E+03    4.824983137919568E+03    3.358587829587200E-01    2.624513041003981E-01    2.464835858332109E+34    4.422531245686978E+15    6.214442999999999E-01    0.000000000000000E+00    3.589615000000000E-01    1.919284000000000E-03    4.326583000000000E-03    7.325676000000000E-03    1.509056000000000E-03    2.192752000000000E-04    2.831449000000000E-03    4.947276000000000E-04    3.387699000000000E-04    6.758714000000000E-05    5.515203000000000E-05    0.000000000000000E+00    0.000000000000000E+00    0.000000000000000E+00    0.000000000000000E+00    0.000000000000000E+00    6.289998000000000E-05    0.000000000000000E+00    6.623653000000000E-05    9.131321754443998E+42    9.795404348373001E+08    6.053510870932500E+08
                      388    2.480453823661507E+31    2.466075631886489E+34    4.454472979052272E+15    2.470716956138900E+07    1.578593988185059E-15    1.296702475722103E+00    6.675684448731278E+03    4.758781887446577E+03    3.339668699261800E-01    2.287714642779738E-01    2.467316399645805E+34    4.486430309365871E+15    6.214442999999999E-01    0.000000000000000E+00    3.589615000000000E-01    1.919284000000000E-03    4.326583000000000E-03    7.325676000000000E-03    1.509056000000000E-03    2.192752000000000E-04    2.831449000000000E-03    4.947276000000000E-04    3.387699000000000E-04    6.758714000000000E-05    5.515203000000000E-05    0.000000000000000E+00    0.000000000000000E+00    0.000000000000000E+00    0.000000000000000E+00    0.000000000000000E+00    6.289998000000000E-05    0.000000000000000E+00    6.623653000000000E-05    9.201321754444000E+42    9.515404348372999E+08    5.866213045118999E+08
                      389    2.480974787047630E+31    2.468557167405121E+34    4.518387639679469E+15    2.475216956138900E+07    1.535572919478022E-15    1.211491517706276E+00    6.603518914117339E+03    4.677949361991333E+03    3.317749568936400E-01    1.962086203567280E-01    2.469797935164436E+34    4.550373560556276E+15    6.214442999999999E-01    0.000000000000000E+00    3.589615000000000E-01    1.919284000000000E-03    4.326583000000000E-03    7.325676000000000E-03    1.509056000000000E-03    2.192752000000000E-04    2.831449000000000E-03    4.947276000000000E-04    3.387699000000000E-04    6.758714000000000E-05    5.515203000000000E-05    0.000000000000000E+00    0.000000000000000E+00    0.000000000000000E+00    0.000000000000000E+00    0.000000000000000E+00    6.289998000000000E-05    0.000000000000000E+00    6.623653000000000E-05    9.271321754444000E+42    9.245404348372999E+08    5.688915219305500E+08
                      390    2.481483819974529E+31    2.471038702923752E+34    4.582359481433083E+15    2.481716956138900E+07    1.490288823785676E-15    1.135848418714375E+00    6.517116977491863E+03    4.603154124387680E+03    3.292830438611000E-01    1.648153615430351E-01    2.472279470683068E+34    4.614349659391491E+15    6.214442999999999E-01    0.000000000000000E+00    3.589615000000000E-01    1.919284000000000E-03    4.326583000000000E-03    7.325676000000000E-03    1.509056000000000E-03    2.192752000000000E-04    2.831449000000000E-03    4.947276000000000E-04    3.387699000000000E-04    6.758714000000000E-05    5.515203000000000E-05    0.000000000000000E+00    0.000000000000000E+00    0.000000000000000E+00    0.000000000000000E+00    0.000000000000000E+00    6.289998000000000E-05    0.000000000000000E+00    6.623653000000000E-05    9.341321754443999E+42    8.975404348373001E+08    5.504319567678500E+08
                      391    2.481976945622462E+31    2.473520238442383E+34    4.646339837349898E+15    2.488216956138900E+07    1.449674315963356E-15    1.026408825799554E+00    6.387575862321397E+03    4.488027572094040E+03    3.221530657287550E-01    1.349347229598501E-01    2.474762000406634E+34    4.678317159193283E+15    6.214442999999999E-01    0.000000000000000E+00    3.589615000000000E-01    1.919284000000000E-03    4.326583000000000E-03    7.325676000000000E-03    1.509056000000000E-03    2.192752000000000E-04    2.831449000000000E-03    4.947276000000000E-04    3.387699000000000E-04    6.758714000000000E-05    5.515203000000000E-05    0.000000000000000E+00    0.000000000000000E+00    0.000000000000000E+00    0.000000000000000E+00    0.000000000000000E+00    6.289998000000000E-05    0.000000000000000E+00    6.623653000000000E-05    9.404023928630500E+42    8.732702174186499E+08    5.297830438611000E+08
                      392    2.482456152401300E+31    2.476003762370885E+34    4.710294481036668E+15    2.495216956138900E+07    1.410166666234124E-15    9.562517538889070E-01    6.318545116507136E+03    4.408959110223385E+03    2.976027839650399E-01    1.080930352595346E-01    2.477244530130200E+34    4.742292632011036E+15    6.214442999999999E-01    0.000000000000000E+00    3.589615000000000E-01    1.919284000000000E-03    4.326583000000000E-03    7.325676000000000E-03    1.509056000000000E-03    2.192752000000000E-04    2.831449000000000E-03    4.947276000000000E-04    3.387699000000000E-04    6.758714000000000E-05    5.515203000000000E-05    0.000000000000000E+00    0.000000000000000E+00    0.000000000000000E+00    0.000000000000000E+00    0.000000000000000E+00    6.289998000000000E-05    0.000000000000000E+00    6.623653000000000E-05    9.466726102817000E+42    8.495404348373001E+08    5.115936961170499E+08
                      393    2.482923428720914E+31    2.478485297889516E+34    4.774290782985403E+15    2.504852064848225E+07    1.371735709642064E-15    8.939647156809836E-01    6.227820275897063E+03    4.335662980951965E+03    2.704740022642199E-01    8.434620233761098E-02    2.479727059853767E+34    4.806314132008622E+15    6.214442999999999E-01    0.000000000000000E+00    3.589615000000000E-01    1.919284000000000E-03    4.326583000000000E-03    7.325676000000000E-03    1.509056000000000E-03    2.192752000000000E-04    2.831449000000000E-03    4.947276000000000E-04    3.387699000000000E-04    6.758714000000000E-05    5.515203000000000E-05    0.000000000000000E+00    0.000000000000000E+00    0.000000000000000E+00    0.000000000000000E+00    0.000000000000000E+00    6.289998000000000E-05    0.000000000000000E+00    6.623653000000000E-05    9.519428277003500E+42    8.265404348373001E+08    4.904852180476000E+08
                      394    2.483378774581304E+31    2.480968821818018E+34    4.838337481031842E+15    2.518622282266875E+07    1.334352103310042E-15    8.280878616752601E-01    6.128244316167080E+03    4.253783928722549E+03    2.443047857260999E-01    6.346392166035751E-02    2.482210583782269E+34    4.870393101915965E+15    6.214442999999999E-01    0.000000000000000E+00    3.589615000000000E-01    1.919284000000000E-03    4.326583000000000E-03    7.325676000000000E-03    1.509056000000000E-03    2.192752000000000E-04    2.831449000000000E-03    4.947276000000000E-04    3.387699000000000E-04    6.758714000000000E-05    5.515203000000000E-05    0.000000000000000E+00    0.000000000000000E+00    0.000000000000000E+00    0.000000000000000E+00    0.000000000000000E+00    6.289998000000000E-05    0.000000000000000E+00    6.623653000000000E-05    9.562130451189999E+42    8.045404348373001E+08    4.676469573968000E+08
                      395    2.483820201572599E+31    2.483452345746520E+34    4.902448722800089E+15    2.538257390976200E+07    1.300979473793693E-15    7.649131269651084E-01    6.016391251720942E+03    4.170773806019847E+03    2.140584381078399E-01    4.560613719467862E-02    2.484695101915706E+34    4.934551852181830E+15    6.214442999999999E-01    0.000000000000000E+00    3.589615000000000E-01    1.919284000000000E-03    4.326583000000000E-03    7.325676000000000E-03    1.509056000000000E-03    2.192752000000000E-04    2.831449000000000E-03    4.947276000000000E-04    3.387699000000000E-04    6.758714000000000E-05    5.515203000000000E-05    0.000000000000000E+00    0.000000000000000E+00    0.000000000000000E+00    0.000000000000000E+00    0.000000000000000E+00    6.289998000000000E-05    0.000000000000000E+00    6.623653000000000E-05    9.618343496308999E+42    7.825404348373001E+08    4.406193490019499E+08
                      396    2.484251686514541E+31    2.485937858084892E+34    4.966654981563572E+15    2.565892499685525E+07    1.265524171323631E-15    7.085846059227126E-01    5.916372589739920E+03    4.092021792051402E+03    1.786891984441649E-01    3.108405032071714E-02    2.487179620049144E+34    4.998836188310680E+15    6.214442999999999E-01    0.000000000000000E+00    3.589615000000000E-01    1.919284000000000E-03    4.326583000000000E-03    7.325676000000000E-03    1.509056000000000E-03    2.192752000000000E-04    2.831449000000000E-03    4.947276000000000E-04    3.387699000000000E-04    6.758714000000000E-05    5.515203000000000E-05    0.000000000000000E+00    0.000000000000000E+00    0.000000000000000E+00    0.000000000000000E+00    0.000000000000000E+00    6.289998000000000E-05    0.000000000000000E+00    6.623653000000000E-05    9.640236973749498E+42    7.615404348373001E+08    4.076726102816999E+08
                      397    2.484673229407128E+31    2.488421382013394E+34    5.031017395057788E+15    2.604297825813501E+07    1.228970175524996E-15    6.588357813788016E-01    5.795027701596781E+03    4.018876064230257E+03    1.456361327154099E-01    1.955945205873650E-02    2.489664138182581E+34    5.063324131917007E+15    6.214442999999999E-01    0.000000000000000E+00    3.589615000000000E-01    1.919284000000000E-03    4.326583000000000E-03    7.325676000000000E-03    1.509056000000000E-03    2.192752000000000E-04    2.831449000000000E-03    4.947276000000000E-04    3.387699000000000E-04    6.758714000000000E-05    5.515203000000000E-05    0.000000000000000E+00    0.000000000000000E+00    0.000000000000000E+00    0.000000000000000E+00    0.000000000000000E+00    6.289998000000000E-05    0.000000000000000E+00    6.623653000000000E-05    9.689152193054999E+42    7.405404348372999E+08    3.672663063987499E+08
                      398    2.485080853430622E+31    2.490906894351767E+34    5.095630868776226E+15    2.665932934522825E+07    1.194731858140803E-15    6.087039121794342E-01    5.659465621093113E+03    3.940500352903346E+03    1.146773474441344E-01    1.070574583798817E-02    2.492149650520953E+34    5.128224636179109E+15    6.214442999999999E-01    0.000000000000000E+00    3.589615000000000E-01    1.919284000000000E-03    4.326583000000000E-03    7.325676000000000E-03    1.509056000000000E-03    2.192752000000000E-04    2.831449000000000E-03    4.947276000000000E-04    3.387699000000000E-04    6.758714000000000E-05    5.515203000000000E-05    0.000000000000000E+00    0.000000000000000E+00    0.000000000000000E+00    0.000000000000000E+00    0.000000000000000E+00    6.289998000000000E-05    0.000000000000000E+00    6.623653000000000E-05    9.703747844681999E+42    7.185404348373001E+08    3.165897850971499E+08
                      399    2.485480523814632E+31    2.493392406690139E+34    5.160818403581992E+15    2.786297825813500E+07    1.154171761714056E-15    5.624263043812714E-01    5.514368694054245E+03    3.863669495972264E+03    8.561718175311644E-02    4.263970870564461E-03    2.494635162859326E+34    5.194164145728365E+15    6.214442999999999E-01    0.000000000000000E+00    3.589615000000000E-01    1.919284000000000E-03    4.326583000000000E-03    7.325676000000000E-03    1.509056000000000E-03    2.192752000000000E-04    2.831449000000000E-03    4.947276000000000E-04    3.387699000000000E-04    6.758714000000000E-05    5.515203000000000E-05    0.000000000000000E+00    0.000000000000000E+00    0.000000000000000E+00    0.000000000000000E+00    0.000000000000000E+00    6.289998000000000E-05    0.000000000000000E+00    6.623653000000000E-05    9.718343496308999E+42    6.948106522559500E+08    2.530217418649999E+08
                      400    2.485870252149289E+31    2.495877919028512E+34    5.227509887874737E+15    2.867297825813500E+07    1.098531963031956E-15    5.231326367654471E-01    5.323737548777529E+03    3.794690067178240E+03    5.818455086166146E-02    0.000000000000000E+00    2.495877919028512E+34    5.227509887874737E+15    6.214442999999999E-01    0.000000000000000E+00    3.589615000000000E-01    1.919284000000000E-03    4.326583000000000E-03    7.325676000000000E-03    1.509056000000000E-03    2.192752000000000E-04    2.831449000000000E-03    4.947276000000000E-04    3.387699000000000E-04    6.758714000000000E-05    5.515203000000000E-05    0.000000000000000E+00    0.000000000000000E+00    0.000000000000000E+00    0.000000000000000E+00    0.000000000000000E+00    6.289998000000000E-05    0.000000000000000E+00    6.623653000000000E-05    9.725641322122499E+42    6.620808696746000E+08    1.740493502598499E+08
