  days post max Lbol                      0.6
               zones                      648
 inner boundary mass    3.329894566784231E+33    1.674652000000000E+00
          total mass    0.000000000000000E+00    0.000000000000000E+00

                                  mass of cell (g)        cell center m (g)       cell center R (cm)     cell center v (cm/s)              avg density       radiation pressure          avg temperature    radiation temperature              avg opacity                      tau         outer edge m (g)        outer edge r (cm)                       h1                      he3                      he4                      c12                      n14                      o16                     ne20                     na23                     mg24                     si28                      s32                     ar36                     ca40                     ti44                     cr48                     cr60                     fe52                     fe54                     fe56                     co56                     ni56               luminosity                    n_bar                      n_e

                        1    9.887793601758384E+30    3.329894566784231E+33    4.312755435606044E+13    7.663288768720351E+07    2.955556868556649E-11    6.510225761337429E+03    3.995553620856833E+04    4.003925684581925E+04    1.670329336166000E-01    5.475004355372929E+02    3.337498246129780E+33    5.233787872737697E+13    2.674342000000000E-15    0.000000000000000E+00    5.885773000000000E-01    3.929125000000000E-02    4.414604000000000E-04    1.951018000000000E-01    3.477374000000000E-02    2.237362000000000E-05    2.726656000000000E-02    1.698263000000000E-02    5.109853000000000E-03    1.540707000000000E-03    1.329280000000000E-03    0.000000000000000E+00    0.000000000000000E+00    0.000000000000000E+00    0.000000000000000E+00    0.000000000000000E+00    3.744910000000000E-04    0.000000000000000E+00    8.894488000000000E-02    6.289808135968001E+39    1.781003212945000E+13    6.489812209191000E+12
                        2    1.520815405504697E+31    3.345101925475330E+33    6.154820309869351E+13    9.857038169145249E+07    2.407904842480317E-11    5.316135590272703E+03    3.798192425297217E+04    3.806150949207084E+04    1.657085931492100E-01    4.743263313285323E+02    3.352072296277062E+33    6.739241901118060E+13    2.781948000000000E-15    0.000000000000000E+00    5.898363000000000E-01    3.936905000000000E-02    4.427904000000000E-04    1.941938000000000E-01    3.468393000000000E-02    2.244102000000000E-05    2.713839000000000E-02    1.689366000000000E-02    5.083915000000000E-03    1.532674000000000E-03    1.322314000000000E-03    0.000000000000000E+00    0.000000000000000E+00    0.000000000000000E+00    0.000000000000000E+00    0.000000000000000E+00    3.727909000000000E-04    0.000000000000000E+00    8.886526000000000E-02    1.638281370158000E+40    1.447637902273000E+13    5.257186298420000E+12
                        3    1.394103389971502E+31    3.359042667078794E+33    7.323663492366770E+13    1.136895463595355E+08    2.111151649853625E-11    4.635147844919397E+03    3.677705619234508E+04    3.677705619234508E+04    1.630510792351800E-01    4.342453764238535E+02    3.365598454422486E+33    7.779304695015022E+13    2.941758000000000E-15    0.000000000000000E+00    5.916081000000000E-01    3.947756000000000E-02    4.446572000000000E-04    1.929267000000000E-01    3.455841000000000E-02    2.253563000000000E-05    2.695937000000000E-02    1.676949000000000E-02    5.047725000000000E-03    1.521467000000000E-03    1.312594000000000E-03    0.000000000000000E+00    0.000000000000000E+00    0.000000000000000E+00    0.000000000000000E+00    0.000000000000000E+00    3.704191999999999E-04    0.000000000000000E+00    8.873975000000001E-02    2.490739399901000E+40    1.270119915020000E+13    4.598785013242000E+12
                        4    1.311179142405885E+31    3.372154241766177E+33    8.234945897663272E+13    1.258141286935770E+08    1.912138874712450E-11    4.227305076583652E+03    3.593990818834295E+04    3.593990818834295E+04    1.607267387677900E-01    4.063323138926950E+02    3.378309364520923E+33    8.613651290302786E+13    2.979382000000000E-15    0.000000000000000E+00    5.920198000000000E-01    3.950272000000000E-02    4.450907000000000E-04    1.926328000000000E-01    3.452930000000000E-02    2.255760000000000E-05    2.691785000000000E-02    1.674069000000000E-02    5.039335000000000E-03    1.518868000000000E-03    1.310340000000000E-03    0.000000000000000E+00    0.000000000000000E+00    0.000000000000000E+00    0.000000000000000E+00    0.000000000000000E+00    3.698693000000000E-04    0.000000000000000E+00    8.870979000000000E-02    3.339044753063000E+40    1.155107923518000E+13    4.151243042985000E+12
                        5    1.230909422017649E+31    3.384464487275669E+33    8.992356682942300E+13    1.363437110276185E+08    1.764084690561567E-11    3.922798940002078E+03    3.527654212008741E+04    3.527654212008741E+04    1.585770985128500E-01    3.852090862239921E+02    3.390644465153799E+33    9.339193430584023E+13    3.013528000000000E-15    0.000000000000000E+00    5.923986999999999E-01    3.952592000000000E-02    4.454899000000000E-04    1.923618000000000E-01    3.450245000000000E-02    2.257784000000000E-05    2.687957000000000E-02    1.671414000000000E-02    5.031595000000000E-03    1.516471000000000E-03    1.308261000000000E-03    0.000000000000000E+00    0.000000000000000E+00    0.000000000000000E+00    0.000000000000000E+00    0.000000000000000E+00    3.693621000000001E-04    0.000000000000000E+00    8.868300000000000E-02    4.174008778557000E+40    1.061766595850000E+13    3.817042400396000E+12
                        6    1.235927969690304E+31    3.396824443031928E+33    9.686030178225748E+13    1.468732933616600E+08    1.642553148374107E-11    3.644148357357895E+03    3.463267266325366E+04    3.463267266325366E+04    1.565606317045500E-01    3.674221094208380E+02    3.404100034748812E+33    1.006538829385723E+14    3.182429000000000E-15    0.000000000000000E+00    5.942407000000000E-01    3.963842000000001E-02    4.474291000000000E-04    1.910480000000000E-01    3.437226000000000E-02    2.267612000000000E-05    2.669390000000000E-02    1.658538000000000E-02    4.994075000000000E-03    1.504852000000000E-03    1.298184000000000E-03    0.000000000000000E+00    0.000000000000000E+00    0.000000000000000E+00    0.000000000000000E+00    0.000000000000000E+00    3.669034000000000E-04    0.000000000000000E+00    8.854807000000001E-02    5.083960812548999E+40    9.883441332907000E+12    3.547018417392000E+12
                        7    1.455148766047855E+31    3.411375626465696E+33    1.044474640948871E+14    1.582324580297430E+08    1.518865896898013E-11    3.385291332424805E+03    3.400055514843372E+04    3.400055514843372E+04    1.545107516195700E-01    3.496658728935467E+02    3.419658347782089E+33    1.084897603979446E+14    3.371612000000000E-15    0.000000000000000E+00    5.962518000000000E-01    3.976069000000000E-02    4.495437000000000E-04    1.896196000000000E-01    3.423060000000000E-02    2.278329000000000E-05    2.649194000000000E-02    1.644538000000000E-02    4.953286000000000E-03    1.492221000000000E-03    1.287230000000000E-03    0.000000000000000E+00    0.000000000000000E+00    0.000000000000000E+00    0.000000000000000E+00    0.000000000000000E+00    3.642306000000000E-04    0.000000000000000E+00    8.839308999999999E-02    6.141406850790000E+40    9.150028056227000E+12    3.276159102471000E+12
                        8    1.656644081454055E+31    3.427941069098482E+33    1.125320567010021E+14    1.691470403637845E+08    1.398039464350273E-11    3.141465516412944E+03    3.337299958626744E+04    3.337299958626744E+04    1.523191049387400E-01    3.324968755911376E+02    3.435510945476230E+33    1.160232692434687E+14    3.377813000000000E-15    0.000000000000000E+00    5.963178000000000E-01    3.976470000000000E-02    4.496130000000001E-04    1.895728000000000E-01    3.422595000000000E-02    2.278680000000000E-05    2.648532000000000E-02    1.644079000000000E-02    4.951947999999999E-03    1.491807000000000E-03    1.286871000000000E-03    0.000000000000000E+00    0.000000000000000E+00    0.000000000000000E+00    0.000000000000000E+00    0.000000000000000E+00    3.641429000000000E-04    0.000000000000000E+00    8.838801000000000E-02    7.319688220948000E+40    8.424968098716999E+12    3.005299787550000E+12
                        9    1.513992375874384E+31    3.443080821853977E+33    1.195144817859353E+14    1.788428756957015E+08    1.295744669821123E-11    2.894649931773501E+03    3.269535130259483E+04    3.269535130259483E+04    1.501274582579100E-01    3.189506744903734E+02    3.450353430956054E+33    1.227226053479751E+14    3.481059000000000E-15    0.000000000000000E+00    5.974209000000000E-01    3.983183000000000E-02    4.507731000000000E-04    1.887886000000000E-01    3.414819000000000E-02    2.284559000000000E-05    2.637446000000000E-02    1.636393000000000E-02    4.929555000000000E-03    1.484872000000000E-03    1.280857000000000E-03    0.000000000000000E+00    0.000000000000000E+00    0.000000000000000E+00    0.000000000000000E+00    0.000000000000000E+00    3.626755000000000E-04    0.000000000000000E+00    8.830385000000000E-02    8.218828906027000E+40    7.809072809290000E+12    2.766946468380000E+12
                       10    1.454375473449140E+31    3.457626040058133E+33    1.259307289100149E+14    1.880428756957015E+08    1.209259285845342E-11    2.711017349214058E+03    3.216586560663532E+04    3.216586560663532E+04    1.483107516195700E-01    3.074743571694748E+02    3.465026901596871E+33    1.290811848447176E+14    3.631987000000000E-15    0.000000000000000E+00    5.989959000000000E-01    3.992728000000000E-02    4.524243000000000E-04    1.876735000000000E-01    3.403756000000000E-02    2.292928000000000E-05    2.621674000000000E-02    1.625463000000000E-02    4.897714000000000E-03    1.475012000000000E-03    1.272305000000000E-03    0.000000000000000E+00    0.000000000000000E+00    0.000000000000000E+00    0.000000000000000E+00    0.000000000000000E+00    3.605892000000000E-04    0.000000000000000E+00    8.817803000000000E-02    9.201286935770000E+40    7.274848183697000E+12    2.560263813044000E+12
                       11    1.480254627916276E+31    3.472427763135609E+33    1.322316407794202E+14    1.973174580297430E+08    1.133443260862792E-11    2.541746866740016E+03    3.165156898334926E+04    3.165156898334926E+04    1.466856916620600E-01    2.970267606698029E+02    3.480321750322280E+33    1.354901261630997E+14    3.881141000000000E-15    0.000000000000000E+00    6.014369000000001E-01    4.007310000000000E-02    4.550128000000000E-04    1.859655000000000E-01    3.386772000000000E-02    2.306046000000000E-05    2.597493000000000E-02    1.608720000000000E-02    4.848962000000000E-03    1.459916000000000E-03    1.259213000000000E-03    0.000000000000000E+00    0.000000000000000E+00    0.000000000000000E+00    0.000000000000000E+00    0.000000000000000E+00    3.573953000000000E-04    0.000000000000000E+00    8.795748000000000E-02    1.013293361660000E+41    6.818976877274000E+12    2.384416489625000E+12
                       12    1.578715117165605E+31    3.488215737508951E+33    1.387486115467793E+14    2.070728756957015E+08    1.060229257535360E-11    2.383045293478345E+03    3.114549539438033E+04    3.114549539438033E+04    1.451522783853800E-01    2.870250138352684E+02    3.496905088643902E+33    1.422361570866925E+14    4.088132000000000E-15    0.000000000000000E+00    6.034148000000000E-01    4.019049000000000E-02    4.571249000000000E-04    1.845886000000000E-01    3.373067000000000E-02    2.316751000000000E-05    2.577990000000000E-02    1.595220000000000E-02    4.809663000000000E-03    1.447747000000000E-03    1.248660000000000E-03    0.000000000000000E+00    0.000000000000000E+00    0.000000000000000E+00    0.000000000000000E+00    0.000000000000000E+00    3.548209000000000E-04    0.000000000000000E+00    8.777010000000000E-02    1.112207430167900E+41    6.381434907017000E+12    2.208569166206000E+12
                       13    1.738001660882549E+31    3.505594439778853E+33    1.457237026266057E+14    2.176082933616600E+08    9.874598152229869E-12    2.234252727948821E+03    3.064751336250245E+04    3.064751336250245E+04    1.460436852361700E-01    2.769959642117846E+02    3.515323729276179E+33    1.495254878318012E+14    4.101382000000000E-15    0.000000000000000E+00    6.035420000000000E-01    4.019805000000000E-02    4.572606000000000E-04    1.845000000000000E-01    3.372185000000000E-02    2.317438000000000E-05    2.576735000000000E-02    1.594352000000000E-02    4.807133000000000E-03    1.446964000000000E-03    1.247981000000000E-03    0.000000000000000E+00    0.000000000000000E+00    0.000000000000000E+00    0.000000000000000E+00    0.000000000000000E+00    3.546552000000000E-04    0.000000000000000E+00    8.775816000000000E-02    1.211622697826000E+41    5.954728268677000E+12    2.032721842787000E+12
                       14    1.945817932426711E+31    3.525053018773503E+33    1.533272730369967E+14    2.278232933616600E+08    9.191783458465961E-12    2.075545683835832E+03    3.008813320231427E+04    3.008813320231427E+04    1.459682655336000E-01    2.668276096604653E+02    3.533607158037247E+33    1.565951987794980E+14    4.307133000000000E-15    0.000000000000000E+00    6.055171000000000E-01    4.031541000000000E-02    4.593672000000000E-04    1.831237000000000E-01    3.358488000000000E-02    2.328115000000000E-05    2.557242000000000E-02    1.580859000000000E-02    4.767852000000000E-03    1.434800000000000E-03    1.237433000000000E-03    0.000000000000000E+00    0.000000000000000E+00    0.000000000000000E+00    0.000000000000000E+00    0.000000000000000E+00    3.520818000000000E-04    0.000000000000000E+00    8.757265000000000E-02    1.320787365909000E+41    5.528021630337000E+12    1.857709851285000E+12
                       15    1.710754480424374E+31    3.542161297300990E+33    1.598631245219992E+14    2.365087110276185E+08    8.578271444608010E-12    1.943892782302829E+03    2.960088310562534E+04    2.960088310562534E+04    1.459011991502000E-01    2.586767770050275E+02    3.549429929583327E+33    1.626086743977517E+14    4.565008000000000E-15    0.000000000000000E+00    6.078651000000000E-01    4.045297000000000E-02    4.619082000000000E-04    1.815056000000000E-01    3.342350000000000E-02    2.340993000000000E-05    2.534303000000000E-02    1.564993000000000E-02    4.721683000000000E-03    1.420505000000000E-03    1.225035000000000E-03    0.000000000000000E+00    0.000000000000000E+00    0.000000000000000E+00    0.000000000000000E+00    0.000000000000000E+00    3.490577000000000E-04    0.000000000000000E+00    8.732964000000001E-02    1.419952033992000E+41    5.163820987748000E+12    1.703533191700000E+12
                       16    1.453813747660668E+31    3.556698561865663E+33    1.653542242735041E+14    2.442391286935770E+08    8.042661391561647E-12    1.824451390802861E+03    2.912759771627247E+04    2.913367311603981E+04    1.461508394051400E-01    2.522472454605396E+02    3.563681857331554E+33    1.679633059100028E+14    4.623832000000000E-15    0.000000000000000E+00    6.083942000000000E-01    4.048386000000000E-02    4.624828000000000E-04    1.811419000000000E-01    3.338721000000000E-02    2.343905000000000E-05    2.529146000000000E-02    1.561427000000000E-02    4.711307000000000E-03    1.417292000000000E-03    1.222249000000000E-03    0.000000000000000E+00    0.000000000000000E+00    0.000000000000000E+00    0.000000000000000E+00    0.000000000000000E+00    3.483782000000000E-04    0.000000000000000E+00    8.727367000000000E-02    1.489952033992000E+41    4.841291008993000E+12    1.560191864032000E+12
                       17    1.396743401756828E+31    3.570665152797446E+33    1.705723875465016E+14    2.519391286935770E+08    7.610265084977552E-12    1.740493105280125E+03    2.879417686234355E+04    2.879417686234355E+04    1.463255396175900E-01    2.464601960982021E+02    3.578027240343706E+33    1.733000085182238E+14    4.773635000000000E-15    0.000000000000000E+00    6.097492000000000E-01    4.056309000000000E-02    4.639520000000000E-04    1.802095000000000E-01    3.329418000000000E-02    2.351351000000000E-05    2.515925000000000E-02    1.552285000000000E-02    4.684702000000000E-03    1.409055000000000E-03    1.215106000000000E-03    0.000000000000000E+00    0.000000000000000E+00    0.000000000000000E+00    0.000000000000000E+00    0.000000000000000E+00    3.466356000000000E-04    0.000000000000000E+00    8.713176000000000E-02    1.559952033992000E+41    4.580431694072000E+12    1.446850536364000E+12
                       18    1.472287467246363E+31    3.585389327889965E+33    1.760276294899461E+14    2.598845463595355E+08    7.217715917206886E-12    1.662158011563936E+03    2.846457264536889E+04    2.846457264536889E+04    1.466002398300400E-01    2.407128594243913E+02    3.592959204267713E+33    1.788048198422856E+14    5.028596000000000E-15    0.000000000000000E+00    6.120552000000000E-01    4.069794000000000E-02    4.664523000000000E-04    1.786226000000000E-01    3.313587000000000E-02    2.364023000000000E-05    2.493425000000000E-02    1.536725000000000E-02    4.639426000000000E-03    1.395036000000000E-03    1.202948000000000E-03    0.000000000000000E+00    0.000000000000000E+00    0.000000000000000E+00    0.000000000000000E+00    0.000000000000000E+00    3.436700000000000E-04    0.000000000000000E+00    8.689022000000000E-02    1.638281370158000E+41    4.341243042985000E+12    1.343509208696000E+12
                       19    1.513955192609801E+31    3.600529080645461E+33    1.815820101946252E+14    2.678599640254940E+08    6.845415038739772E-12    1.572795678603678E+03    2.807402406738669E+04    2.807402406738669E+04    1.469167066383400E-01    2.351518186108049E+02    3.608115858507109E+33    1.843294911855842E+14    5.055758000000000E-15    0.000000000000000E+00    6.123010000000000E-01    4.071231000000000E-02    4.667187000000000E-04    1.784535000000000E-01    3.311900000000000E-02    2.365373000000000E-05    2.491028000000000E-02    1.535067000000000E-02    4.634601000000000E-03    1.393542000000000E-03    1.201653000000000E-03    0.000000000000000E+00    0.000000000000000E+00    0.000000000000000E+00    0.000000000000000E+00    0.000000000000000E+00    3.433540000000000E-04    0.000000000000000E+00    8.686449000000000E-02    1.707446038241000E+41    4.122054391898000E+12    1.241003212945000E+12
                       20    1.517496749430502E+31    3.615702636368757E+33    1.870769721765432E+14    2.757099640254940E+08    6.522285190061074E-12    1.502008212393067E+03    2.775266337128851E+04    2.775266337128851E+04    1.471916466808300E-01    2.299003971712295E+02    3.623199935786225E+33    1.897689769302461E+14    5.320611000000000E-15    0.000000000000000E+00    6.146971000000000E-01    4.085244000000000E-02    4.693160000000000E-04    1.768045000000000E-01    3.295449000000000E-02    2.378537000000000E-05    2.467648000000000E-02    1.518899000000000E-02    4.587554000000000E-03    1.378975000000000E-03    1.189020000000000E-03    0.000000000000000E+00    0.000000000000000E+00    0.000000000000000E+00    0.000000000000000E+00    0.000000000000000E+00    3.402724000000000E-04    0.000000000000000E+00    8.661364000000001E-02    1.776610706324000E+41    3.924536404645000E+12    1.157661885277000E+12
                       21    1.499359866476904E+31    3.630697235203691E+33    1.924609816839491E+14    2.841999640254940E+08    6.214408309758468E-12    1.434406706978680E+03    2.743498126065948E+04    2.743498126065948E+04    1.474749400424900E-01    2.249885884953314E+02    3.639639114392220E+33    1.956566919556817E+14    5.348070000000000E-15    0.000000000000000E+00    6.149404000000001E-01    4.086655000000000E-02    4.695851000000000E-04    1.766379000000000E-01    3.293784000000000E-02    2.379900000000000E-05    2.465284000000000E-02    1.517265000000000E-02    4.582799000000000E-03    1.377503000000000E-03    1.187743000000000E-03    0.000000000000000E+00    0.000000000000000E+00    0.000000000000000E+00    0.000000000000000E+00    0.000000000000000E+00    3.399611000000000E-04    0.000000000000000E+00    8.658715000000000E-02    1.835775374407000E+41    3.737018417392000E+12    1.074320557609000E+12
                       22    1.788355158243171E+31    3.648580993580749E+33    1.988524022274143E+14    2.948507993574110E+08    5.853286535506599E-12    1.368409415591490E+03    2.711529178490995E+04    2.711529178490995E+04    1.481582334041500E-01    2.194712483736016E+02    3.660350391605411E+33    2.030598809474400E+14    5.563464000000000E-15    0.000000000000000E+00    6.168083000000000E-01    4.097393000000000E-02    4.716935000000000E-04    1.753656000000000E-01    3.281056000000000E-02    2.390586000000000E-05    2.447233000000000E-02    1.504791000000000E-02    4.546514000000000E-03    1.366268000000000E-03    1.178001000000000E-03    0.000000000000000E+00    0.000000000000000E+00    0.000000000000000E+00    0.000000000000000E+00    0.000000000000000E+00    3.375847000000000E-04    0.000000000000000E+00    8.637546000000000E-02    1.905775374407000E+41    3.528665098222000E+12    9.818145618579999E+11
                       23    2.353973060196275E+31    3.672119789630073E+33    2.072673596674658E+14    3.082566346893280E+08    5.425000525892300E-12    1.282968677978232E+03    2.668174825230505E+04    2.668174825230505E+04    1.490331734466400E-01    2.126991120401404E+02    3.686424410239875E+33    2.123773896405426E+14    5.932695000000000E-15    0.000000000000000E+00    6.199506000000000E-01    4.115313000000001E-02    4.753048000000000E-04    1.732355000000000E-01    3.259720000000000E-02    2.408888000000000E-05    2.417001000000000E-02    1.483906000000000E-02    4.485775000000000E-03    1.347463000000000E-03    1.161693000000000E-03    0.000000000000000E+00    0.000000000000000E+00    0.000000000000000E+00    0.000000000000000E+00    0.000000000000000E+00    3.336070000000000E-04    0.000000000000000E+00    8.600690000000000E-02    1.984104710573000E+41    3.268641115218000E+12    8.741343048223999E+11
                       24    2.860834643516173E+31    3.700729030849677E+33    2.174874196136194E+14    3.232220523552865E+08    4.970496640745156E-12    1.202862688548318E+03    2.625513660139091E+04    2.625513660139091E+04    1.505081134891300E-01    2.050891615397959E+02    3.715683861487196E+33    2.227631685308645E+14    6.249145000000000E-15    0.000000000000000E+00    6.225946999999999E-01    4.130275000000000E-02    4.783938000000000E-04    1.714516000000000E-01    3.241829000000000E-02    2.424543000000000E-05    2.391674000000000E-02    1.466416000000000E-02    4.434917000000000E-03    1.331717000000000E-03    1.148039000000000E-03    0.000000000000000E+00    0.000000000000000E+00    0.000000000000000E+00    0.000000000000000E+00    0.000000000000000E+00    3.302766000000000E-04    0.000000000000000E+00    8.568642999999999E-02    2.073269378656000E+41    2.987781800297000E+12    7.709552469370000E+11
                       25    2.991035721849482E+31    3.730638692124717E+33    2.280389174481096E+14    3.376624700212450E+08    4.575091504374450E-12    1.116255238511805E+03    2.577057362800614E+04    2.577057362800614E+04    1.529081134891300E-01    1.977421208001093E+02    3.744320940444990E+33    2.327763368995316E+14    6.561481000000001E-15    0.000000000000000E+00    6.251964000000000E-01    4.144957000000000E-02    4.814631000000000E-04    1.696982000000000E-01    3.224235000000000E-02    2.440099000000000E-05    2.366779000000000E-02    1.449226000000000E-02    4.384931000000000E-03    1.316242000000000E-03    1.134618000000000E-03    0.000000000000000E+00    0.000000000000000E+00    0.000000000000000E+00    0.000000000000000E+00    0.000000000000000E+00    3.270033000000000E-04    0.000000000000000E+00    8.536899000000001E-02    2.153269378656000E+41    2.757757817293000E+12    6.778573239428999E+11
                       26    2.736419837906597E+31    3.758003188765263E+33    2.375137563509536E+14    3.506128876872035E+08    4.269723822997237E-12    1.038044696126501E+03    2.530546267563257E+04    2.530546267563257E+04    1.534914068507900E-01    1.915618135524383E+02    3.770460576605186E+33    2.417514971699836E+14    6.923209000000000E-15    0.000000000000000E+00    6.281216000000001E-01    4.161113000000000E-02    4.851498000000000E-04    1.677451000000000E-01    3.204565000000000E-02    2.458784000000000E-05    2.339037000000000E-02    1.430082000000000E-02    4.329281000000000E-03    1.299013000000000E-03    1.119678000000000E-03    0.000000000000000E+00    0.000000000000000E+00    0.000000000000000E+00    0.000000000000000E+00    0.000000000000000E+00    3.233593000000000E-04    0.000000000000000E+00    8.499063000000000E-02    2.214104710573000E+41    2.571075161957000E+12    6.091794652077000E+11
                       27    2.491421892508278E+31    3.782917964445110E+33    2.459892379890137E+14    3.620733053531620E+08    4.022716538459378E-12    9.812134891823032E+02    2.495307578714845E+04    2.495307578714845E+04    1.565408072756900E-01    1.862522228249766E+02    3.793976505940997E+33    2.496929104330303E+14    7.312941000000000E-15    0.000000000000000E+00    6.311940000000000E-01    4.177756000000000E-02    4.892406000000000E-04    1.657106000000000E-01    3.184011000000000E-02    2.479516000000000E-05    2.310131000000000E-02    1.410145000000000E-02    4.271344000000000E-03    1.281077000000000E-03    1.104125000000000E-03    0.000000000000000E+00    0.000000000000000E+00    0.000000000000000E+00    0.000000000000000E+00    0.000000000000000E+00    3.195659000000000E-04    0.000000000000000E+00    8.457330000000000E-02    2.264940042490000E+41    2.425227838538000E+12    5.579192724310000E+11
                       28    2.211738125325502E+31    3.805035047436884E+33    2.533965828770469E+14    3.720183053531620E+08    3.832828886798600E-12    9.294286459772999E+02    2.461581856411317E+04    2.461581856411317E+04    1.590403276156100E-01    1.817617525027884E+02    3.814666904850546E+33    2.565809252835254E+14    7.752285000000001E-15    0.000000000000000E+00    6.346496000000000E-01    4.196445000000000E-02    4.938601000000000E-04    1.634241000000000E-01    3.160903000000000E-02    2.502928000000000E-05    2.277642000000000E-02    1.387739000000000E-02    4.206230000000000E-03    1.260920000000000E-03    1.086645000000000E-03    0.000000000000000E+00    0.000000000000000E+00    0.000000000000000E+00    0.000000000000000E+00    0.000000000000000E+00    3.153026000000000E-04    0.000000000000000E+00    8.410194999999999E-02    2.314940042490000E+41    2.311051178953000E+12    5.194944115713000E+11
                       29    1.926414233544491E+31    3.824298762264207E+33    2.597652676900040E+14    3.807687230191205E+08    3.684680064136192E-12    8.875974661442641E+02    2.433404361906780E+04    2.433404361906780E+04    1.611649079130400E-01    1.780015062419851E+02    3.833088528097628E+33    2.626390498962329E+14    7.888472000000001E-15    0.000000000000000E+00    6.357175000000000E-01    4.202193000000000E-02    4.953100000000000E-04    1.627185000000000E-01    3.153766000000000E-02    2.510276000000000E-05    2.267615000000000E-02    1.380825000000000E-02    4.186138000000000E-03    1.254700000000000E-03    1.081252000000000E-03    0.000000000000000E+00    0.000000000000000E+00    0.000000000000000E+00    0.000000000000000E+00    0.000000000000000E+00    3.139871000000000E-04    0.000000000000000E+00    8.395519999999999E-02    2.354940042490000E+41    2.216874519368000E+12    4.906542830535000E+11
                       30    1.757884765384594E+31    3.841878293931049E+33    2.655128321024618E+14    3.890441406850790E+08    3.551401588583095E-12    8.554921991649337E+02    2.411094776618637E+04    2.411094776618637E+04    1.629229014871500E-01    1.746958013578225E+02    3.850711804781625E+33    2.683687958494158E+14    8.007796000000000E-15    0.000000000000000E+00    6.366342000000000E-01    4.206980000000000E-02    4.966745000000000E-04    1.621183000000000E-01    3.147664000000000E-02    2.517192000000000E-05    2.259087000000000E-02    1.374947000000000E-02    4.169063000000000E-03    1.249414000000000E-03    1.076668000000000E-03    0.000000000000000E+00    0.000000000000000E+00    0.000000000000000E+00    0.000000000000000E+00    0.000000000000000E+00    3.128692000000000E-04    0.000000000000000E+00    8.382309000000000E-02    2.385775374407000E+41    2.143533191700000E+12    4.665659532610000E+11
                       31    1.766677314991834E+31    3.859545315632201E+33    2.712247595963699E+14    3.974741406850790E+08    3.438743516916032E-12    8.313109671597967E+02    2.393999666845518E+04    2.393999666845518E+04    1.644976016996000E-01    1.714846830443053E+02    3.868852068032003E+33    2.742040288867060E+14    8.398892000000000E-15    0.000000000000000E+00    6.396263000000000E-01    4.222476000000000E-02    5.012322000000000E-04    1.601638000000000E-01    3.127764000000000E-02    2.540291000000000E-05    2.231314000000000E-02    1.355810000000000E-02    4.113469000000000E-03    1.232204000000000E-03    1.061745000000000E-03    0.000000000000000E+00    0.000000000000000E+00    0.000000000000000E+00    0.000000000000000E+00    0.000000000000000E+00    3.092294000000000E-04    0.000000000000000E+00    8.338725000000000E-02    2.425775374407000E+41    2.071027195949000E+12    4.476446898519000E+11
                       32    1.861328408610880E+31    3.878158820431805E+33    2.771832981770420E+14    4.059345583510375E+08    3.329659200791723E-12    8.012416378055231E+02    2.372051345973180E+04    2.372051345973180E+04    1.661723019120500E-01    1.682087836447701E+02    3.887257784000119E+33    2.800620390436187E+14    8.434858999999998E-15    0.000000000000000E+00    6.398983000000000E-01    4.223837000000000E-02    5.016874000000000E-04    1.599876000000000E-01    3.125958000000000E-02    2.542598000000000E-05    2.228810000000000E-02    1.354085000000000E-02    4.108459000000000E-03    1.230654000000000E-03    1.060401000000000E-03    0.000000000000000E+00    0.000000000000000E+00    0.000000000000000E+00    0.000000000000000E+00    0.000000000000000E+00    3.089014000000000E-04    0.000000000000000E+00    8.334618000000001E-02    2.464940042490000E+41    2.008521200198000E+12    4.288069596345000E+11
                       33    1.819784163500412E+31    3.896356747568434E+33    2.829407799101953E+14    4.139299760169960E+08    3.231467441899019E-12    7.730650755489315E+02    2.350792422757693E+04    2.350792422757693E+04    1.676553554436700E-01    1.651098914934911E+02    3.904835327257090E+33    2.855983681683986E+14    9.175140999999999E-15    0.000000000000000E+00    6.454501000000000E-01    4.250921000000000E-02    5.115790000000000E-04    1.564106000000000E-01    3.089167000000000E-02    2.592729000000000E-05    2.178000000000000E-02    1.319102000000000E-02    4.006871000000000E-03    1.199209000000000E-03    1.033134000000000E-03    0.000000000000000E+00    0.000000000000000E+00    0.000000000000000E+00    0.000000000000000E+00    0.000000000000000E+00    3.022504000000000E-04    0.000000000000000E+00    8.248635000000000E-02    2.494940042490000E+41    1.946015204447000E+12    4.143033621839000E+11
                       34    1.695878987340695E+31    3.913313906945747E+33    2.882559564266018E+14    4.215053936829545E+08    3.136171361192283E-12    7.512137179735266E+02    2.334124867873255E+04    2.334124867873255E+04    1.691384089752900E-01    1.623093499914697E+02    3.921629437025006E+33    2.908408781394148E+14    9.293407999999999E-15    0.000000000000000E+00    6.463369000000000E-01    4.255245000000000E-02    5.131607000000000E-04    1.558393000000000E-01    3.083290000000000E-02    2.600745000000000E-05    2.169885000000000E-02    1.313516000000000E-02    3.990648000000000E-03    1.194187000000000E-03    1.028780000000000E-03    0.000000000000000E+00    0.000000000000000E+00    0.000000000000000E+00    0.000000000000000E+00    0.000000000000000E+00    3.011882000000000E-04    0.000000000000000E+00    8.234893000000000E-02    2.524940042490000E+41    1.884344540613000E+12    3.989668311167000E+11
                       35    1.663086131753143E+31    3.929944967104265E+33    2.934257998522278E+14    4.291153936829545E+08    3.044524203650966E-12    7.307410586219196E+02    2.318056865303321E+04    2.318056865303321E+04    1.705133490177800E-01    1.596436894420150E+02    3.938627358804668E+33    2.961038387867521E+14    9.313308999999999E-15    0.000000000000000E+00    6.464851000000000E-01    4.255940000000000E-02    5.134490000000000E-04    1.557446000000000E-01    3.082309000000000E-02    2.602206000000000E-05    2.168539000000000E-02    1.312590000000000E-02    3.987959000000000E-03    1.193355000000000E-03    1.028058000000000E-03    0.000000000000000E+00    0.000000000000000E+00    0.000000000000000E+00    0.000000000000000E+00    0.000000000000000E+00    3.010122000000000E-04    0.000000000000000E+00    8.232528000000000E-02    2.554104710573000E+41    1.832673876779000E+12    3.857973664329000E+11
                       36    1.736485896038116E+31    3.947309750505071E+33    2.987818777212766E+14    4.370603936829545E+08    2.960736683430002E-12    7.108263360743119E+02    2.302099474085050E+04    2.302099474085050E+04    1.720300556561200E-01    1.569338580376882E+02    3.956525036050821E+33    3.015982492835336E+14    9.497144000000000E-15    0.000000000000000E+00    6.478443000000000E-01    4.262065000000000E-02    5.163148000000000E-04    1.548820000000000E-01    3.073322000000000E-02    2.616731000000000E-05    2.156295000000000E-02    1.304168000000000E-02    3.963510000000000E-03    1.185788000000000E-03    1.021497000000000E-03    0.000000000000000E+00    0.000000000000000E+00    0.000000000000000E+00    0.000000000000000E+00    0.000000000000000E+00    2.994115000000000E-04    0.000000000000000E+00    8.210190000000001E-02    2.583269378656000E+41    1.780167881028000E+12    3.727949681325000E+11
                       37    1.843039213461187E+31    3.965740321596572E+33    3.044146208457906E+14    4.452558113489130E+08    2.880048389141157E-12    6.914543450038391E+02    2.286251932775255E+04    2.286251932775255E+04    1.749467622944600E-01    1.541145411264066E+02    3.975147488694844E+33    3.072652813682838E+14    1.004346000000000E-14    0.000000000000000E+00    6.518838000000000E-01    4.280275000000000E-02    5.248278000000000E-04    1.523184000000000E-01    3.046612000000000E-02    2.659875000000000E-05    2.119904000000000E-02    1.279136000000000E-02    3.890846000000000E-03    1.163298000000000E-03    1.001996000000000E-03    0.000000000000000E+00    0.000000000000000E+00    0.000000000000000E+00    0.000000000000000E+00    0.000000000000000E+00    2.946540000000000E-04    0.000000000000000E+00    8.143814999999999E-02    2.621598714822000E+41    1.737661885277000E+12    3.617925698321000E+11
                       38    1.881364024150008E+31    3.984554655793116E+33    3.101159418907770E+14    4.541108113489130E+08    2.801559074880377E-12    6.726102944710034E+02    2.270513485172483E+04    2.270513485172483E+04    1.763718222519700E-01    1.513158979005875E+02    3.995456112909218E+33    3.133881110710968E+14    1.007226000000000E-14    0.000000000000000E+00    6.520967000000000E-01    4.281235000000000E-02    5.252765000000000E-04    1.521833000000000E-01    3.045204000000000E-02    2.662149000000000E-05    2.117986000000000E-02    1.277817000000000E-02    3.887016000000000E-03    1.162112000000000E-03    1.000968000000000E-03    0.000000000000000E+00    0.000000000000000E+00    0.000000000000000E+00    0.000000000000000E+00    0.000000000000000E+00    2.944032000000000E-04    0.000000000000000E+00    8.140317000000000E-02    2.650763382905000E+41    1.685991221443000E+12    3.507901715317000E+11
                       39    2.180327214598085E+31    4.006357570025320E+33    3.166602802514166E+14    4.636062290148715E+08    2.712687615214424E-12    6.482813233994204E+02    2.249697292418710E+04    2.249697292418710E+04    1.779801755711400E-01    1.481768802415761E+02    4.017433013005108E+33    3.199585827439660E+14    1.056651000000000E-14    0.000000000000000E+00    6.557515000000000E-01    4.297726000000000E-02    5.329649000000000E-04    1.498634000000000E-01    3.021037000000000E-02    2.701115000000000E-05    2.085055000000000E-02    1.255166000000000E-02    3.821260000000000E-03    1.141760000000000E-03    9.833204999999999E-04    0.000000000000000E+00    0.000000000000000E+00    0.000000000000000E+00    0.000000000000000E+00    0.000000000000000E+00    2.900980000000000E-04    0.000000000000000E+00    8.080297000000000E-02    2.680763382905000E+41    1.634320557609000E+12    3.389548396147000E+11
                       40    2.215172109172197E+31    4.028508455984897E+33    3.232568852365155E+14    4.724566466808300E+08    2.626635348766261E-12    6.254837824246632E+02    2.229534937131241E+04    2.229534937131241E+04    1.796052355286500E-01    1.450850168392648E+02    4.038069724848148E+33    3.260822597228091E+14    1.063335000000000E-14    0.000000000000000E+00    6.562448000000000E-01    4.299895000000000E-02    5.340533000000000E-04    1.495516000000000E-01    3.017776000000000E-02    2.706631000000000E-05    2.080630000000000E-02    1.252123000000000E-02    3.812427000000000E-03    1.139026000000000E-03    9.809502000000000E-04    0.000000000000000E+00    0.000000000000000E+00    0.000000000000000E+00    0.000000000000000E+00    0.000000000000000E+00    2.895196999999999E-04    0.000000000000000E+00    8.072074000000000E-02    2.719092719071000E+41    1.581814561858000E+12    3.270359745060000E+11
                       41    1.912134070376099E+31    4.047630993711400E+33    3.289076342091025E+14    4.808866466808300E+08    2.549175786296990E-12    6.078039386189239E+02    2.213727120340760E+04    2.213727120340760E+04    1.810219421669900E-01    1.424942049315167E+02    4.057918032177456E+33    3.319134060557819E+14    1.086222000000000E-14    0.000000000000000E+00    6.579240000000000E-01    4.306976000000000E-02    5.380263000000000E-04    1.484978000000000E-01    3.006683000000000E-02    2.726766000000000E-05    2.065681000000000E-02    1.241847000000000E-02    3.782606000000000E-03    1.129797000000000E-03    9.729476000000000E-04    0.000000000000000E+00    0.000000000000000E+00    0.000000000000000E+00    0.000000000000000E+00    0.000000000000000E+00    2.875672000000000E-04    0.000000000000000E+00    8.043343000000000E-02    2.739092719071000E+41    1.540143898024000E+12    3.172841757807000E+11
                       42    2.057536939852868E+31    4.068205070643512E+33    3.349191779024611E+14    4.906716466808301E+08    2.485419976359637E-12    5.912395938922668E+02    2.198487930035072E+04    2.198487930035072E+04    1.822470021245000E-01    1.397885854076180E+02    4.081197340738654E+33    3.386811856058967E+14    1.160863000000000E-14    0.000000000000000E+00    6.633943000000000E-01    4.327214000000000E-02    5.535129000000000E-04    1.451243000000000E-01    2.970504000000000E-02    2.805254000000000E-05    2.017897000000000E-02    1.209037000000000E-02    3.687417000000000E-03    1.100340000000000E-03    9.474069000000000E-04    0.000000000000000E+00    0.000000000000000E+00    0.000000000000000E+00    0.000000000000000E+00    0.000000000000000E+00    2.813340000000000E-04    0.000000000000000E+00    7.944494000000001E-02    2.768257387154000E+41    1.498473234190000E+12    3.087829766305000E+11
                       43    2.598261143270754E+31    4.094189610833794E+33    3.424431933093322E+14    5.015966466808300E+08    2.412124859848077E-12    5.751266735457220E+02    2.183353645577549E+04    2.183353645577549E+04    1.837637087628400E-01    1.364746226665777E+02    4.107421484318355E+33    3.462380874458656E+14    1.218533000000000E-14    0.000000000000000E+00    6.676179000000000E-01    4.341170000000000E-02    5.669737000000000E-04    1.425544000000000E-01    2.942542000000000E-02    2.873475000000000E-05    1.981541000000000E-02    1.184095000000000E-02    3.615073000000000E-03    1.077955000000000E-03    9.279977999999999E-04    0.000000000000000E+00    0.000000000000000E+00    0.000000000000000E+00    0.000000000000000E+00    0.000000000000000E+00    2.765963000000000E-04    0.000000000000000E+00    7.865087000000000E-02    2.806586723320000E+41    1.447637902273000E+12    2.991982442886000E+11
                       44    2.646436337618027E+31    4.120653357802915E+33    3.500329815823990E+14    5.113820643467885E+08    2.330235341089413E-12    5.543237802236736E+02    2.163336539036315E+04    2.163336539036315E+04    1.852887687203500E-01    1.332182076276512E+02    4.131171051813972E+33    3.530109329059701E+14    1.220775000000000E-14    0.000000000000000E+00    6.677821000000000E-01    4.341720000000000E-02    5.674903999999999E-04    1.424544000000000E-01    2.941455000000000E-02    2.876093000000000E-05    1.980125000000000E-02    1.183123000000000E-02    3.612255000000000E-03    1.077083000000000E-03    9.272418000000001E-04    0.000000000000000E+00    0.000000000000000E+00    0.000000000000000E+00    0.000000000000000E+00    0.000000000000000E+00    2.764117000000000E-04    0.000000000000000E+00    7.862013000000000E-02    2.835751391403000E+41    1.405131906522000E+12    2.885299787550000E+11
                       45    2.103510964473278E+31    4.141688745825030E+33    3.559888842295411E+14    5.209224820127470E+08    2.271955311005021E-12    5.348303618005380E+02    2.143948170630756E+04    2.143948170630756E+04    1.865054753586900E-01    1.307102755893137E+02    4.154631305673403E+33    3.596129178318561E+14    1.323357000000000E-14    0.000000000000000E+00    6.752957000000001E-01    4.366842000000000E-02    5.911697000000000E-04    1.378766000000000E-01    2.891719000000000E-02    2.996102000000000E-05    1.915355000000000E-02    1.138683000000000E-02    3.483357000000000E-03    1.037197000000000E-03    8.926596000000000E-04    0.000000000000000E+00    0.000000000000000E+00    0.000000000000000E+00    0.000000000000000E+00    0.000000000000000E+00    2.679705000000000E-04    0.000000000000000E+00    7.721301000000000E-02    2.864080727569000E+41    1.373461242688000E+12    2.831123127965000E+11
                       46    2.588513958084593E+31    4.167573865521777E+33    3.632369514341711E+14    5.319074820127470E+08    2.210038221325464E-12    5.202547496331025E+02    2.129189335236105E+04    2.129189335236105E+04    1.877305353162000E-01    1.277217690191937E+02    4.181922231148734E+33    3.672117435098206E+14    1.331810000000000E-14    0.000000000000000E+00    6.759147000000000E-01    4.368918000000000E-02    5.931151000000000E-04    1.374993000000000E-01    2.887621000000000E-02    3.005961000000000E-05    1.910016000000000E-02    1.135020000000000E-02    3.472732000000000E-03    1.033909000000000E-03    8.898091000000000E-04    0.000000000000000E+00    0.000000000000000E+00    0.000000000000000E+00    0.000000000000000E+00    0.000000000000000E+00    2.672747000000000E-04    0.000000000000000E+00    7.709717000000001E-02    2.893245395652000E+41    1.332625910771000E+12    2.746946468380000E+11
                       47    2.869782487934315E+31    4.196270596775691E+33    3.711865355854700E+14    5.433774820127469E+08    2.149808544235329E-12    5.014366273746045E+02    2.109668810076927E+04    2.109668810076927E+04    1.889639485928800E-01    1.245122041739106E+02    4.210790959856463E+33    3.751469679325109E+14    1.332317000000000E-14    0.000000000000000E+00    6.759520999999999E-01    4.369025000000000E-02    5.932488000000001E-04    1.374770000000000E-01    2.887373000000000E-02    3.006639000000000E-05    1.909700000000000E-02    1.134804000000000E-02    3.472103000000000E-03    1.033715000000000E-03    8.896405000000000E-04    0.000000000000000E+00    0.000000000000000E+00    0.000000000000000E+00    0.000000000000000E+00    0.000000000000000E+00    2.672335000000000E-04    0.000000000000000E+00    7.708988999999999E-02    2.932410063735000E+41    1.290955246937000E+12    2.662769808795000E+11
                       48    2.903965242021485E+31    4.225311322937235E+33    3.791074002795518E+14    5.546278996787055E+08    2.091220293056913E-12    4.872630844314224E+02    2.094710866389712E+04    2.094710866389712E+04    1.899973618695600E-01    1.213842020390029E+02    4.239624891391456E+33    3.829290029666386E+14    1.351750000000000E-14    0.000000000000000E+00    6.773852000000000E-01    4.372730999999999E-02    5.987474000000000E-04    1.366248000000000E-01    2.877851000000000E-02    3.034507000000000E-05    1.897675000000000E-02    1.126565000000000E-02    3.448220000000000E-03    1.026326000000000E-03    8.832340000000000E-04    0.000000000000000E+00    0.000000000000000E+00    0.000000000000000E+00    0.000000000000000E+00    0.000000000000000E+00    2.656691000000000E-04    0.000000000000000E+00    7.680370000000000E-02    2.961574731818000E+41    1.259284583103000E+12    2.588593149210000E+11
                       49    2.862765389500621E+31    4.253938459845676E+33    3.867506056537254E+14    5.656383173446640E+08    2.053616906367272E-12    4.701279307074805E+02    2.075937538593574E+04    2.075937538593574E+04    1.922224218270700E-01    1.183853857776056E+02    4.268448880877095E+33    3.905433000715372E+14    1.435576000000000E-14    0.000000000000000E+00    6.835669000000000E-01    4.388716000000000E-02    6.224681000000000E-04    1.329493000000000E-01    2.836777000000000E-02    3.154725000000000E-05    1.845805000000000E-02    1.091031000000000E-02    3.345198000000000E-03    9.944524000000000E-04    8.555998999999999E-04    0.000000000000000E+00    0.000000000000000E+00    0.000000000000000E+00    0.000000000000000E+00    0.000000000000000E+00    2.589210000000000E-04    0.000000000000000E+00    7.556917000000000E-02    2.991574731818000E+41    1.238449251186000E+12    2.556087153459000E+11
                       50    2.902028530807425E+31    4.282959301908514E+33    3.943359944893489E+14    5.760383173446640E+08    2.029550138117768E-12    4.531229444321470E+02    2.056905228840574E+04    2.056905228840574E+04    1.926474817845800E-01    1.154373818558115E+02    4.296246850869454E+33    3.977340932741573E+14    1.488502000000000E-14    0.000000000000000E+00    6.874699000000000E-01    4.398809000000000E-02    6.374446000000000E-04    1.306286000000000E-01    2.810844000000000E-02    3.230627000000000E-05    1.813056000000000E-02    1.068595000000000E-02    3.280154000000000E-03    9.743285000000000E-04    8.381524999999999E-04    0.000000000000000E+00    0.000000000000000E+00    0.000000000000000E+00    0.000000000000000E+00    0.000000000000000E+00    2.546604000000000E-04    0.000000000000000E+00    7.478972000000000E-02    3.021574731818000E+41    1.218449251186000E+12    2.524416489625000E+11
                       51    2.657641027239410E+31    4.309534399830393E+33    4.011321920589656E+14    5.859183173446639E+08    1.992506673353044E-12    4.407740862260177E+02    2.042745592842510E+04    2.042745592842510E+04    1.931808950612600E-01    1.128369878420365E+02    4.323206706101313E+33    4.045627774426804E+14    1.488617000000000E-14    0.000000000000000E+00    6.874784000000000E-01    4.398831000000000E-02    6.374774000000000E-04    1.306236000000000E-01    2.810787000000000E-02    3.230794000000000E-05    1.812985000000000E-02    1.068546000000000E-02    3.280012000000000E-03    9.742847000000000E-04    8.381144000000000E-04    0.000000000000000E+00    0.000000000000000E+00    0.000000000000000E+00    0.000000000000000E+00    0.000000000000000E+00    2.546511000000000E-04    0.000000000000000E+00    7.478802000000000E-02    3.061574731818000E+41    1.197613919269000E+12    2.481075161957000E+11
                       52    2.734365810510165E+31    4.336879012372233E+33    4.079933628263952E+14    5.959137350106225E+08    1.965168456911394E-12    4.287617686891870E+02    2.028683431093031E+04    2.028683431093031E+04    1.936059550187700E-01    1.102419580882840E+02    4.351023565987443E+33    4.114731196145976E+14    1.538473000000000E-14    0.000000000000000E+00    6.912085000000000E-01    4.406046000000000E-02    6.540002000000000E-04    1.284484000000000E-01    2.785875000000000E-02    3.314533000000000E-05    1.782368000000000E-02    1.047597000000000E-02    3.219295000000000E-03    9.555023000000000E-04    8.218307000000000E-04    0.000000000000000E+00    0.000000000000000E+00    0.000000000000000E+00    0.000000000000000E+00    0.000000000000000E+00    2.506732000000000E-04    0.000000000000000E+00    7.400935000000000E-02    3.100739399901000E+41    1.185943255435000E+12    2.440239830040000E+11
                       53    2.828918676681599E+31    4.365168119602654E+33    4.149528764027999E+14    6.060487350106225E+08    1.938205334861248E-12    4.170768201541076E+02    2.014718072584132E+04    2.014718072584132E+04    1.940310149762800E-01    1.076400492211450E+02    4.379853520702695E+33    4.184791079226340E+14    1.619176000000000E-14    0.000000000000000E+00    6.972465000000000E-01    4.417721000000000E-02    6.807509000000000E-04    1.249274000000000E-01    2.745548000000000E-02    3.450108000000000E-05    1.732808000000000E-02    1.013685000000000E-02    3.121012000000000E-03    9.250991000000000E-04    7.954721000000000E-04    0.000000000000000E+00    0.000000000000000E+00    0.000000000000000E+00    0.000000000000000E+00    0.000000000000000E+00    2.442339000000000E-04    0.000000000000000E+00    7.274881000000000E-02    3.149068736067000E+41    1.165943255435000E+12    2.418569166206000E+11
                       54    2.937062324319253E+31    4.394538921802735E+33    4.220053394424680E+14    6.162887350106225E+08    1.924862823185779E-12    4.057103189066322E+02    2.000848850926993E+04    2.000848850926993E+04    1.939560749337900E-01    1.050224629094687E+02    4.409703529681614E+33    4.255518307944437E+14    1.644104000000000E-14    0.000000000000000E+00    6.991116000000001E-01    4.421328000000000E-02    6.890136000000000E-04    1.238398000000000E-01    2.733092000000000E-02    3.491984000000000E-05    1.717500000000000E-02    1.003211000000000E-02    3.090654000000000E-03    9.157079999999999E-04    7.873303000000000E-04    0.000000000000000E+00    0.000000000000000E+00    0.000000000000000E+00    0.000000000000000E+00    0.000000000000000E+00    2.422450000000000E-04    0.000000000000000E+00    7.235945000000001E-02    3.198233404150000E+41    1.155943255435000E+12    2.407733834289000E+11
                       55    3.033040880367978E+31    4.424868137560492E+33    4.290983221464194E+14    6.266987350106224E+08    1.929831677882962E-12    3.942425634344747E+02    1.986662460961023E+04    1.986662460961023E+04    1.933894882104700E-01    1.023907639558095E+02    4.441001101046401E+33    4.327382812934029E+14    1.651597000000000E-14    0.000000000000000E+00    6.996820000000000E-01    4.422082000000000E-02    6.918581000000000E-04    1.235130000000000E-01    2.729261000000000E-02    3.506400000000000E-05    1.712912000000000E-02    1.000075000000000E-02    3.081569000000000E-03    9.128978000000000E-04    7.848940000000000E-04    0.000000000000000E+00    0.000000000000000E+00    0.000000000000000E+00    0.000000000000000E+00    0.000000000000000E+00    2.416496000000000E-04    0.000000000000000E+00    7.223591000000000E-02    3.258233404150000E+41    1.165107923518000E+12    2.416898502372000E+11
                       56    3.226435612801942E+31    4.457134064532309E+33    4.363782404403862E+14    6.386587350106225E+08    1.911612160714623E-12    3.803785808246421E+02    1.968857490261566E+04    1.968857490261566E+04    1.934229014871500E-01    9.971450356238628E+01    4.478004414535157E+33    4.409923280805712E+14    1.734282000000000E-14    0.000000000000000E+00    7.060230000000000E-01    4.429193000000000E-02    7.246472000000000E-04    1.199004000000000E-01    2.686578000000000E-02    3.672578000000000E-05    1.662240000000000E-02    9.654533999999999E-03    2.981265000000000E-03    8.818747000000000E-04    7.579992000000000E-04    0.000000000000000E+00    0.000000000000000E+00    0.000000000000000E+00    0.000000000000000E+00    0.000000000000000E+00    2.350758000000000E-04    0.000000000000000E+00    7.084804000000000E-02    3.327398072233000E+41    1.155107923518000E+12    2.396898502372000E+11
                       57    4.174201235620813E+31    4.498874764538003E+33    4.456064157207562E+14    6.527991526765810E+08    1.876721306633569E-12    3.666199161636848E+02    1.954897924984393E+04    1.950806896292558E+04    1.938563147638300E-01    9.637631368449053E+01    4.522339989422111E+33    4.507627033907296E+14    1.810347000000000E-14    0.000000000000000E+00    7.119902000000000E-01    4.432318000000000E-02    7.588644000000000E-04    1.165579000000000E-01    2.646134000000000E-02    3.845994000000000E-05    1.615492000000000E-02    9.335487999999999E-03    2.888856000000000E-03    8.532970000000000E-04    7.332251000000000E-04    0.000000000000000E+00    0.000000000000000E+00    0.000000000000000E+00    0.000000000000000E+00    0.000000000000000E+00    2.290176000000000E-04    0.000000000000000E+00    6.949992000000001E-02    3.407398072233000E+41    1.134272591601000E+12    2.364392506621000E+11
                       58    4.692915730179944E+31    4.545805214306218E+33    4.559189910607029E+14    6.666987350106225E+08    1.771739161284949E-12    3.533589158371477E+02    1.932921791163781E+04    1.932921791163781E+04    1.958147879980200E-01    9.281859457125540E+01    4.566145653078524E+33    4.603693957186037E+14    1.897553000000000E-14    0.000000000000000E+00    7.189734000000000E-01    4.432164000000000E-02    8.020525000000000E-04    1.127011000000000E-01    2.598563000000000E-02    4.064875000000000E-05    1.561683000000000E-02    8.968568999999999E-03    2.782603000000000E-03    8.204413000000000E-04    7.047432000000000E-04    0.000000000000000E+00    0.000000000000000E+00    0.000000000000000E+00    0.000000000000000E+00    0.000000000000000E+00    2.220504000000000E-04    0.000000000000000E+00    6.788573000000001E-02    3.477398072233000E+41    1.071766595850000E+12    2.240215847036000E+11
                       59    4.068097696510495E+31    4.586486091850830E+33    4.648198003765044E+14    6.785087350106225E+08    1.759542594687927E-12    3.374551448290467E+02    1.914802940018457E+04    1.910795818384786E+04    1.954565545938700E-01    8.977447657506978E+01    4.603884678219438E+33    4.685214559782894E+14    1.908138000000000E-14    0.000000000000000E+00    7.198260000000000E-01    4.432117000000000E-02    8.074505000000000E-04    1.122317000000000E-01    2.592737000000000E-02    4.092233000000000E-05    1.555139000000000E-02    8.923963000000000E-03    2.769686000000000E-03    8.164475000000000E-04    7.012811000000000E-04    0.000000000000000E+00    0.000000000000000E+00    0.000000000000000E+00    0.000000000000000E+00    0.000000000000000E+00    2.212033000000000E-04    0.000000000000000E+00    6.768696000000000E-02    3.538233404150000E+41    1.061766595850000E+12    2.228545183202000E+11
                       60    3.479838566723701E+31    4.621283264588046E+33    4.722231115800744E+14    6.891741526765810E+08    1.755495759018648E-12    3.279166812914438E+02    1.897247921144879E+04    1.897247921144879E+04    1.948899678705500E-01    8.725556170121159E+01    4.638844900566051E+33    4.758823633025299E+14    1.930458000000000E-14    0.000000000000000E+00    7.216433000000000E-01    4.431413000000000E-02    8.193392000000001E-04    1.112385000000000E-01    2.580297000000000E-02    4.152486000000000E-05    1.541309000000000E-02    8.829726000000000E-03    2.742401000000000E-03    8.080111000000000E-04    6.939679000000000E-04    0.000000000000000E+00    0.000000000000000E+00    0.000000000000000E+00    0.000000000000000E+00    0.000000000000000E+00    2.194139000000000E-04    0.000000000000000E+00    6.725926000000000E-02    3.599068736067000E+41    1.060931263933000E+12    2.219380515119000E+11
                       61    3.512309299912200E+31    4.656406536544056E+33    4.795416150249854E+14    7.009891526765809E+08    1.703726131584784E-12    3.163851228333853E+02    1.884187358322233E+04    1.880244306132565E+04    1.973233811472300E-01    8.480861134421130E+01    4.677961893747359E+33    4.840495750924559E+14    2.034799000000000E-14    0.000000000000000E+00    7.302913000000000E-01    4.424854000000000E-02    8.788924000000000E-04    1.065599000000000E-01    2.520821000000000E-02    4.454307000000000E-05    1.476291000000000E-02    8.386993000000001E-03    2.614231000000000E-03    7.683852000000000E-04    6.596185000000000E-04    0.000000000000000E+00    0.000000000000000E+00    0.000000000000000E+00    0.000000000000000E+00    0.000000000000000E+00    2.110061000000000E-04    0.000000000000000E+00    6.519149000000000E-02    3.639904067984000E+41    1.026430064782800E+12    2.166874519368000E+11
                       62    4.311045591332125E+31    4.699517250950661E+33    4.885575351599263E+14    7.161141526765810E+08    1.600591036862008E-12    3.074422218160790E+02    1.866913024788782E+04    1.866913024788782E+04    1.994818543814200E-01    8.194522732207653E+01    4.728232872098347E+33    4.944999266912298E+14    2.130692000000000E-14    0.000000000000000E+00    7.383950000000000E-01    4.415418000000000E-02    9.376743000000000E-04    1.022237000000000E-01    2.464814000000000E-02    4.752219000000000E-05    1.416162000000000E-02    7.977855000000001E-03    2.495804000000000E-03    7.317752000000000E-04    6.278842000000000E-04    0.000000000000000E+00    0.000000000000000E+00    0.000000000000000E+00    0.000000000000000E+00    0.000000000000000E+00    2.032358000000000E-04    0.000000000000000E+00    6.322150999999999E-02    3.661574731817999E+41    9.630076022235000E+11    2.041862527866000E+11
                       63    5.743096391798989E+31    4.756948493246033E+33    5.004423182225334E+14    7.327945703425394E+08    1.653483192159631E-12    2.936050424643136E+02    1.845542648110298E+04    1.845542648110298E+04    1.970152676581000E-01    7.809426323870733E+01    4.785023846415354E+33    5.060198930842668E+14    2.130699000000000E-14    0.000000000000000E+00    7.383959000000000E-01    4.415416000000000E-02    9.376808000000000E-04    1.022233000000000E-01    2.464808000000000E-02    4.752252000000000E-05    1.416156000000000E-02    7.977813000000000E-03    2.495792000000000E-03    7.317714000000000E-04    6.278809000000000E-04    0.000000000000000E+00    0.000000000000000E+00    0.000000000000000E+00    0.000000000000000E+00    0.000000000000000E+00    2.032350000000000E-04    0.000000000000000E+00    6.322129999999999E-02    3.723245395652000E+41    9.947594009488000E+11    2.113533191700000E+11
                       64    5.615010981568104E+31    4.813099199584675E+33    5.115974679460002E+14    7.474999880084981E+08    1.560988791314269E-12    2.801009937551929E+02    1.824416896110797E+04    1.824038823810024E+04    1.983904475306300E-01    7.465770124165493E+01    4.835925150695352E+33    5.161846347435514E+14    2.240075000000000E-14    0.000000000000000E+00    7.478494000000000E-01    4.400176000000000E-02    1.010127000000000E-03    9.722661999999999E-02    2.399109000000000E-02    5.119418000000000E-05    1.347039000000000E-02    7.507920000000000E-03    2.359804000000000E-03    6.897367000000000E-04    5.914453000000000E-04    0.000000000000000E+00    0.000000000000000E+00    0.000000000000000E+00    0.000000000000000E+00    0.000000000000000E+00    1.943102000000000E-04    0.000000000000000E+00    6.088167000000000E-02    3.745751391403000E+41    9.395040047728999E+11    2.009356532115000E+11
                       65    4.565303561498284E+31    4.858751101806031E+33    5.207718015411026E+14    7.600449880084981E+08    1.487304132448153E-12    2.699694673271700E+02    1.807315935355600E+04    1.807315935355600E+04    1.994489207648200E-01    7.195018475922323E+01    4.878956328707129E+33    5.248578027470766E+14    2.258254000000000E-14    0.000000000000000E+00    7.494207000000001E-01    4.397643000000000E-02    1.022169000000000E-03    9.639612000000000E-02    2.388190000000000E-02    5.180446000000000E-05    1.335551000000000E-02    7.429819000000000E-03    2.337201000000000E-03    6.827501000000000E-04    5.853893000000000E-04    0.000000000000000E+00    0.000000000000000E+00    0.000000000000000E+00    0.000000000000000E+00    0.000000000000000E+00    1.928268000000000E-04    0.000000000000000E+00    6.049280000000000E-02    3.738257387154000E+41    8.960004073223000E+11    1.916015204447000E+11
                       66    4.040945959726113E+31    4.899161555608228E+33    5.289438039530505E+14    7.719449880084981E+08    1.443443484866338E-12    2.602044081022308E+02    1.790746363264083E+04    1.790746363264083E+04    1.998823340415000E-01    6.960439876438649E+01    4.919884763280643E+33    5.330801647597239E+14    2.294521000000000E-14    0.000000000000000E+00    7.526823000000000E-01    4.389964000000000E-02    1.049374000000000E-03    9.470694000000000E-02    2.365310000000000E-02    5.318325000000000E-05    1.312285000000000E-02    7.271870000000000E-03    2.291503000000000E-03    6.686272000000000E-04    5.731482000000000E-04    0.000000000000000E+00    0.000000000000000E+00    0.000000000000000E+00    0.000000000000000E+00    0.000000000000000E+00    1.898264000000000E-04    0.000000000000000E+00    5.966262000000000E-02    3.719928050988000E+41    8.697474094468000E+11    1.863509208696000E+11
                       67    4.144794642043060E+31    4.940607970953058E+33    5.372165255663973E+14    7.843054056744565E+08    1.426920523927013E-12    2.528537776534710E+02    1.778051183228019E+04    1.778051183228019E+04    1.995241006373500E-01    6.726096644305750E+01    4.963129695353520E+33    5.416154725428142E+14    2.347394000000000E-14    0.000000000000000E+00    7.574377000000000E-01    4.378766000000000E-02    1.089040000000000E-03    9.224416000000001E-02    2.331951000000000E-02    5.519357000000000E-05    1.278364000000000E-02    7.041586000000000E-03    2.224877000000000E-03    6.480365000000000E-04    5.553010000000000E-04    0.000000000000000E+00    0.000000000000000E+00    0.000000000000000E+00    0.000000000000000E+00    0.000000000000000E+00    1.854519000000000E-04    0.000000000000000E+00    5.845221000000000E-02    3.682434046739000E+41    8.588309426385000E+11    1.843509208696000E+11
                       68    4.504231540729664E+31    4.985651419753981E+33    5.460144195192311E+14    7.973004056744566E+08    1.430209915452907E-12    2.457128527980213E+02    1.765446767921063E+04    1.765446767921063E+04    1.984491605948600E-01    6.477641352809366E+01    5.009688312475914E+33    5.505870419931111E+14    2.349724000000000E-14    0.000000000000000E+00    7.576526000000000E-01    4.378172000000000E-02    1.090912000000000E-03    9.213414000000000E-02    2.330436000000000E-02    5.528844000000000E-05    1.276853000000000E-02    7.031332000000000E-03    2.221911000000000E-03    6.471199000000000E-04    5.545066000000000E-04    0.000000000000000E+00    0.000000000000000E+00    0.000000000000000E+00    0.000000000000000E+00    0.000000000000000E+00    1.852571000000000E-04    0.000000000000000E+00    5.839674000000000E-02    3.654104710573000E+41    8.615803430633999E+11    1.843509208696000E+11
                       69    4.807376555976805E+31    5.033725205197848E+33    5.551596644669912E+14    8.108754056744565E+08    1.397654363160644E-12    2.368251790041780E+02    1.749622110908097E+04    1.749261054663879E+04    1.984825738715400E-01    6.225200864882418E+01    5.059001871474162E+33    5.599595559318004E+14    2.436554000000000E-14    0.000000000000000E+00    7.656915000000000E-01    4.355260000000000E-02    1.161604000000000E-03    8.802662999999999E-02    2.273679000000000E-02    5.887116000000000E-05    1.220447000000000E-02    6.648773000000000E-03    2.111249000000000E-03    6.129242000000000E-04    5.248679999999999E-04    0.000000000000000E+00    0.000000000000000E+00    0.000000000000000E+00    0.000000000000000E+00    0.000000000000000E+00    1.779891000000000E-04    0.000000000000000E+00    5.631473000000000E-02    3.569116702075000E+41    8.407450111463999E+11    1.812673876779000E+11
                       70    5.055396884378586E+31    5.084278537750475E+33    5.647594473966099E+14    8.251762410063734E+08    1.350205226055289E-12    2.301388333407103E+02    1.737219226264426E+04    1.736861480203751E+04    1.989243404673900E-01    5.968624871938236E+01    5.110888432845092E+33    5.698402695404580E+14    2.503222000000000E-14    0.000000000000000E+00    7.720352000000000E-01    4.334348000000000E-02    1.219975000000000E-03    8.482458000000000E-02    2.228627000000000E-02    6.182943000000000E-05    1.176598000000000E-02    6.351639000000000E-03    2.025312000000000E-03    5.863718000000000E-04    5.018548000000000E-04    0.000000000000000E+00    0.000000000000000E+00    0.000000000000000E+00    0.000000000000000E+00    0.000000000000000E+00    1.723433000000000E-04    0.000000000000000E+00    5.464677000000000E-02    3.462458029743000E+41    8.126590796543000E+11    1.760167881028000E+11
                       71    5.321865679560701E+31    5.137498327939708E+33    5.749210916843060E+14    8.399366586723320E+08    1.292408437411438E-12    2.236431081344439E+02    1.724905009874483E+04    1.724550543649407E+04    1.996661070632400E-01    5.707672529425457E+01    5.163993889466760E+33    5.800415932104461E+14    2.558018000000000E-14    0.000000000000000E+00    7.773255000000000E-01    4.315680000000001E-02    1.269774000000000E-03    8.217127000000000E-02    2.190941000000000E-02    6.435331000000001E-05    1.140317000000000E-02    6.105904000000000E-03    1.954247000000000E-03    5.644158000000000E-04    4.828256000000000E-04    0.000000000000000E+00    0.000000000000000E+00    0.000000000000000E+00    0.000000000000000E+00    0.000000000000000E+00    1.676738000000000E-04    0.000000000000000E+00    5.324494000000000E-02    3.324128693577000E+41    7.782390153954000E+11    1.687661885277000E+11
                       72    5.299287285478925E+31    5.190489450993811E+33    5.851620947365861E+14    8.557766586723320E+08    1.231401801517420E-12    2.175482125546317E+02    1.712678821211271E+04    1.712678821211271E+04    2.006078736590900E-01    5.455899751972443E+01    5.220375251350404E+33    5.909866287879192E+14    2.608045000000000E-14    0.000000000000000E+00    7.822226000000000E-01    4.297336000000000E-02    1.316844000000000E-03    7.972994999999999E-02    2.155958000000000E-02    6.673886000000000E-05    1.106982000000000E-02    5.880223000000000E-03    1.888987000000000E-03    5.442544000000000E-04    4.653521000000000E-04    0.000000000000000E+00    0.000000000000000E+00    0.000000000000000E+00    0.000000000000000E+00    0.000000000000000E+00    1.633851000000000E-04    0.000000000000000E+00    5.193792000000000E-02    3.136634689328000E+41    7.419860175199000E+11    1.614320557609000E+11
                       73    5.977120303120926E+31    5.250261051706994E+33    5.968111628392524E+14    8.752266586723319E+08    1.173274912857610E-12    2.114095905343792E+02    1.700540024433469E+04    1.700540024433469E+04    2.017579935741100E-01    5.181445296726538E+01    5.288691049277976E+33    6.044276336589902E+14    2.659682000000000E-14    0.000000000000000E+00    7.873504000000000E-01    4.276987000000000E-02    1.367173000000000E-03    7.718944000000000E-02    2.119220000000000E-02    6.928956000000001E-05    1.072342000000000E-02    5.645822000000000E-03    1.821211000000000E-03    5.233171000000000E-04    4.472063000000000E-04    0.000000000000000E+00    0.000000000000000E+00    0.000000000000000E+00    0.000000000000000E+00    0.000000000000000E+00    1.589304000000000E-04    0.000000000000000E+00    5.055926000000000E-02    2.887470021245000E+41    7.075659532610000E+11    1.541814561858000E+11
                       74    7.685971676458054E+31    5.327121046848957E+33    6.120441044787281E+14    8.998924940042491E+08    1.110196323044083E-12    2.037626992294947E+02    1.684949379777410E+04    1.684949379777410E+04    2.026997601699600E-01    4.840244238695060E+01    5.373412222843743E+33    6.214841760575875E+14    2.712857000000000E-14    0.000000000000000E+00    7.926886000000000E-01    4.254918000000000E-02    1.420375000000000E-03    7.455695000000000E-02    2.080892000000000E-02    7.198589000000000E-05    1.036488000000000E-02    5.403287000000000E-03    1.751088000000000E-03    5.016558000000000E-04    4.284333000000000E-04    0.000000000000000E+00    0.000000000000000E+00    0.000000000000000E+00    0.000000000000000E+00    0.000000000000000E+00    1.543209000000000E-04    0.000000000000000E+00    4.911622000000000E-02    2.474128693577000E+41    6.692294221937999E+11    1.468473234190000E+11
                       75    9.258215314858486E+31    5.419703398838529E+33    6.309242476364469E+14    9.255987470021244E+08    1.005541003178338E-12    1.980146756499193E+02    1.673007837425537E+04    1.673007837425537E+04    2.051832933616600E-01    4.452477157679036E+01    5.459863312997017E+33    6.392633998450065E+14    2.758590000000000E-14    0.000000000000000E+00    7.972984999999999E-01    4.235568000000000E-02    1.466585000000000E-03    7.228766000000000E-02    2.047767000000000E-02    7.432788000000002E-05    1.005594000000000E-02    5.194331000000000E-03    1.690675000000000E-03    4.829942000000000E-04    4.122601000000000E-04    0.000000000000000E+00    0.000000000000000E+00    0.000000000000000E+00    0.000000000000000E+00    0.000000000000000E+00    1.503495000000000E-04    0.000000000000000E+00    4.786747000000000E-02    1.839952033992000E+41    6.047234264428000E+11    1.332625910771000E+11
                       76    8.031925167811454E+31    5.500023227155506E+33    6.476025520535661E+14    9.483445823340416E+08    9.602842029758685E-13    1.942108884014847E+02    1.664980989524755E+04    1.664980989524755E+04    2.057334132766800E-01    4.124450893909979E+01    5.535121643988132E+33    6.549969924202778E+14    2.829993000000000E-14    0.000000000000000E+00    8.045733000000000E-01    4.203862000000000E-02    1.540577000000000E-03    6.872279000000001E-02    1.995383000000000E-02    7.807786000000000E-05    9.571138999999999E-03    4.866547000000000E-03    1.595913000000000E-03    4.537236000000000E-04    3.868928000000000E-04    0.000000000000000E+00    0.000000000000000E+00    0.000000000000000E+00    0.000000000000000E+00    0.000000000000000E+00    1.441194000000000E-04    0.000000000000000E+00    4.588653000000000E-02    1.211181048863500E+41    5.787210281424000E+11    1.280955246937000E+11
                       77    7.019723134722741E+31    5.570220060820758E+33    6.623914327869894E+14    9.696504176659584E+08    8.859307676136209E-13    1.908522914948784E+02    1.657331096760245E+04    1.657669609377187E+04    2.080085931492100E-01    3.853112154381319E+01    5.603908695055061E+33    6.697417291642921E+14    2.882013000000000E-14    0.000000000000000E+00    8.099613000000000E-01    4.179054000000000E-02    1.596589000000000E-03    6.610088000000000E-02    1.956461000000000E-02    8.091660000000000E-05    9.215172000000001E-03    4.626000000000000E-03    1.526378000000000E-03    4.322467000000000E-04    3.682802000000000E-04    0.000000000000000E+00    0.000000000000000E+00    0.000000000000000E+00    0.000000000000000E+00    0.000000000000000E+00    1.395470000000000E-04    0.000000000000000E+00    4.440766000000000E-02    5.763193356421001E+40    5.338832979250000E+11    1.186778587352000E+11
                       78    6.737770591877499E+31    5.637597329289363E+33    6.770920255415949E+14    9.907762529978755E+08    8.098410457015145E-13    1.906661402002403E+02    1.657331096760245E+04    1.657331096760245E+04    2.107921263409100E-01    3.603232225708600E+01    5.669605757182924E+33    6.843655438738330E+14    2.928824000000000E-14    0.000000000000000E+00    8.148733000000000E-01    4.155498000000000E-02    1.648510000000000E-03    6.372368000000000E-02    1.920892000000000E-02    8.354801999999999E-05    8.892855000000000E-03    4.408285000000000E-03    1.463449000000000E-03    4.128110000000000E-04    3.514369000000000E-04    0.000000000000000E+00    0.000000000000000E+00    0.000000000000000E+00    0.000000000000000E+00    0.000000000000000E+00    1.354084000000000E-04    0.000000000000000E+00    4.305117000000000E-02   -1.273849043975000E+40    4.881291008993000E+11    1.083437259684000E+11
                       79    6.401659729384054E+31    5.701614185076487E+33    6.916390622060712E+14    1.011072088329793E+09    7.488585361404114E-13    1.908522914948784E+02    1.657669609377187E+04    1.657669609377187E+04    2.134840128517800E-01    3.371635601254135E+01    5.730518705161888E+33    6.984206932220142E+14    2.967352000000000E-14    0.000000000000000E+00    8.189260000000000E-01    4.135919000000000E-02    1.691481000000000E-03    6.176429000000000E-02    1.891530000000000E-02    8.572581000000000E-05    8.627252000000000E-03    4.228894000000000E-03    1.411597000000000E-03    3.967969000000000E-04    3.375588000000000E-04    0.000000000000000E+00    0.000000000000000E+00    0.000000000000000E+00    0.000000000000000E+00    0.000000000000000E+00    1.319982000000000E-04    0.000000000000000E+00    4.193068000000000E-02   -8.805164035972000E+40    4.507090366404000E+11    1.006511199674100E+11
                       80    5.780969634606175E+31    5.759423225247291E+33    7.052023242379571E+14    1.030442505995751E+09    7.004865238395706E-13    1.926182260055552E+02    1.661490932481302E+04    1.661490932481302E+04    2.161591927243100E-01    3.167099458421330E+01    5.787104873262214E+33    7.118383337873928E+14    2.991594000000000E-14    0.000000000000000E+00    8.214741000000000E-01    4.123637000000000E-02    1.718472000000000E-03    6.053195000000000E-02    1.873072000000000E-02    8.709375000000000E-05    8.460191000000001E-03    4.116055000000000E-03    1.378982000000000E-03    3.867239000000000E-04    3.288293000000000E-04    0.000000000000000E+00    0.000000000000000E+00    0.000000000000000E+00    0.000000000000000E+00    0.000000000000000E+00    1.298532000000000E-04    0.000000000000000E+00    4.122644000000000E-02   -1.618569166206000E+41    4.215395719566000E+11    9.430887371148001E+10
                       81    5.536299776836521E+31    5.814786521277136E+33    7.184743433368285E+14    1.050573341327668E+09    6.628263798929471E-13    1.945918670718835E+02    1.665661923719249E+04    1.665661923719249E+04    2.185093126393300E-01    2.975645366922450E+01    5.845019299156165E+33    7.257830138733055E+14    3.018288000000000E-14    0.000000000000000E+00    8.242802000000000E-01    4.110112000000000E-02    1.748196000000000E-03    5.917486999999999E-02    1.852746000000000E-02    8.860016000000000E-05    8.276219000000000E-03    3.991795000000000E-03    1.343065000000000E-03    3.756312000000000E-04    3.192161000000000E-04    0.000000000000000E+00    0.000000000000000E+00    0.000000000000000E+00    0.000000000000000E+00    0.000000000000000E+00    1.274911000000000E-04    0.000000000000000E+00    4.045091000000000E-02   -2.381958459882000E+41    3.996207068479000E+11    8.968357392392999E+10
                       82    6.046523761247770E+31    5.875252077035194E+33    7.330916844097825E+14    1.072315011991502E+09    6.359160474547123E-13    1.967840557317565E+02    1.673693491630378E+04    1.670187325215552E+04    2.207510792351800E-01    2.771260512472818E+01    5.905355608272626E+33    7.408580418468934E+14    3.045499000000000E-14    0.000000000000000E+00    8.271411000000000E-01    4.096323000000000E-02    1.778500000000000E-03    5.779127000000001E-02    1.832023000000000E-02    9.013600000000001E-05    8.088652000000000E-03    3.865106000000000E-03    1.306446000000000E-03    3.643217000000000E-04    3.094151000000000E-04    0.000000000000000E+00    0.000000000000000E+00    0.000000000000000E+00    0.000000000000000E+00    0.000000000000000E+00    1.250828000000000E-04    0.000000000000000E+00    3.966023000000000E-02   -3.250359745060000E+41    3.830359745060000E+11    8.624156749803999E+10
                       83    6.020712212716238E+31    5.935459139510059E+33    7.486243992840044E+14    1.097961264989377E+09    5.412523370920138E-13    2.006447840110941E+02    1.681764510674427E+04    1.678242160530753E+04    2.273847323419000E-01    2.580823204415945E+01    5.970837922134455E+33    7.586572625542190E+14    3.056455000000000E-14    0.000000000000000E+00    8.282913000000000E-01    4.090779000000000E-02    1.790683000000000E-03    5.723501000000000E-02    1.823691000000000E-02    9.075345999999999E-05    8.013243000000000E-03    3.814173000000000E-03    1.291724000000000E-03    3.597749000000000E-04    3.054748000000000E-04    0.000000000000000E+00    0.000000000000000E+00    0.000000000000000E+00    0.000000000000000E+00    0.000000000000000E+00    1.241146000000000E-04    0.000000000000000E+00    3.934235000000000E-02   -4.226279017491000E+41    3.257805783301000E+11    7.347354179448000E+10
                       84    7.075726698730951E+31    6.006216704758850E+33    7.686901258244336E+14    1.130283353319170E+09    4.811498786110029E-13    2.064759373632493E+02    1.693770744051231E+04    1.690223978142778E+04    2.331933254911100E-01    2.356510825124589E+01    6.046796173400055E+33    7.811044618923402E+14    3.069767000000000E-14    0.000000000000000E+00    8.296902000000000E-01    4.084036000000000E-02    1.805502000000000E-03    5.655843000000000E-02    1.813557000000000E-02    9.150449000000000E-05    7.921523000000000E-03    3.752223000000000E-03    1.273818000000000E-03    3.542446000000000E-04    3.006821000000000E-04    0.000000000000000E+00    0.000000000000000E+00    0.000000000000000E+00    0.000000000000000E+00    0.000000000000000E+00    1.229370000000000E-04    0.000000000000000E+00    3.895570000000000E-02   -5.528904928262000E+41    2.893605140712000E+11    6.538117562353000E+10
                       85    8.115847994814136E+31    6.087375642041262E+33    7.935187979602468E+14    1.167896276980880E+09    4.308046482567561E-13    2.146661216534683E+02    1.714091802109183E+04    1.706569916632705E+04    2.370350920869600E-01    2.103892425247223E+01    6.128870773427924E+33    8.072613602266688E+14    3.095084000000000E-14    0.000000000000000E+00    8.323514000000000E-01    4.071210000000000E-02    1.833690000000000E-03    5.527143000000000E-02    1.794281000000000E-02    9.293310000000001E-05    7.747052000000000E-03    3.634379000000000E-03    1.239756000000000E-03    3.437248000000000E-04    2.915654000000000E-04    0.000000000000000E+00    0.000000000000000E+00    0.000000000000000E+00    0.000000000000000E+00    0.000000000000000E+00    1.206968000000000E-04    0.000000000000000E+00    3.822023000000000E-02   -7.181578805040999E+41    2.591910493874000E+11    5.862222272925999E+10
                       86    8.299070022349609E+31    6.170365904814585E+33    8.210039224930908E+14    1.207909618308547E+09    3.633125336813354E-13    2.254926013907057E+02    1.738658476438524E+04    1.727409258853551E+04    2.469353319170000E-01    1.858185896073235E+01    6.207928955681943E+33    8.351373433128032E+14    3.123989000000000E-14    0.000000000000000E+00    8.353883000000000E-01    4.056572000000000E-02    1.865859000000000E-03    5.380271000000000E-02    1.772282000000000E-02    9.456343000000000E-05    7.547946000000000E-03    3.499897000000000E-03    1.200885000000000E-03    3.317196000000000E-04    2.811615000000000E-04    0.000000000000000E+00    0.000000000000000E+00    0.000000000000000E+00    0.000000000000000E+00    0.000000000000000E+00    1.181404000000000E-04    0.000000000000000E+00    3.738090000000000E-02   -9.065111996741000E+41    2.186039187451000E+11    4.956303000495000E+10
                       87    7.512536602306158E+31    6.245492006549299E+33    8.492707641325159E+14    1.247849630300050E+09    2.953927178019891E-13    2.388160941573868E+02    1.771351167443133E+04    1.752172917351719E+04    2.595188651087000E-01    1.642255040555650E+01    6.278734242767629E+33    8.630231343956830E+14    3.133817000000000E-14    0.000000000000000E+00    8.364199000000000E-01    4.051600000000000E-02    1.876786000000000E-03    5.330378000000000E-02    1.764809000000000E-02    9.511723999999999E-05    7.480310000000000E-03    3.454214000000000E-03    1.187680000000000E-03    3.276415000000000E-04    2.776273000000000E-04    0.000000000000000E+00    0.000000000000000E+00    0.000000000000000E+00    0.000000000000000E+00    0.000000000000000E+00    1.172719000000000E-04    0.000000000000000E+00    3.709579000000000E-02   -1.109284583103000E+42    1.779332549111000E+11    4.049548396147000E+10
                       88    6.648500930732509E+31    6.311976478985960E+33    8.767755046588499E+14    1.286225895289427E+09    2.577984967227254E-13    2.552760968328668E+02    1.805036582352133E+04    1.781391787598135E+04    2.706770985128500E-01    1.451011536747988E+01    6.340054814770087E+33    8.899096216315244E+14    3.133827000000000E-14    0.000000000000000E+00    8.364199000000000E-01    4.051600000000000E-02    1.876786000000000E-03    5.330378000000000E-02    1.764809000000000E-02    9.511724999999999E-05    7.480309000000000E-03    3.454212999999999E-03    1.187680000000000E-03    3.276414000000001E-04    2.776273000000000E-04    0.000000000000000E+00    0.000000000000000E+00    0.000000000000000E+00    0.000000000000000E+00    0.000000000000000E+00    1.172719000000000E-04    0.000000000000000E+00    3.709578000000000E-02   -1.309308566107000E+42    1.550979229941000E+11    3.530335762056000E+10
                       89    5.615683064104399E+31    6.368133150554214E+33    9.030437386041991E+14    1.329339248608597E+09    2.090645416153912E-13    2.725770096600980E+02    1.843219105399615E+04    1.810718646197896E+04    2.854436852361700E-01    1.294820829255226E+01    6.398940578885875E+33    9.202678434859172E+14    3.133840999999999E-14    0.000000000000000E+00    8.364199000000000E-01    4.051600000000000E-02    1.876786000000000E-03    5.330378000000000E-02    1.764809000000000E-02    9.511724999999999E-05    7.480309000000000E-03    3.454212999999999E-03    1.187680000000000E-03    3.276414000000001E-04    2.776273000000000E-04    0.000000000000000E+00    0.000000000000000E+00    0.000000000000000E+00    0.000000000000000E+00    0.000000000000000E+00    1.172719000000000E-04    0.000000000000000E+00    3.709578000000000E-02   -1.519332549111000E+42    1.259284583103000E+11    2.865275804546000E+10
                       90    6.161408118347092E+31    6.429748007217535E+33    9.374919483676352E+14    1.379139690257560E+09    1.633658280482232E-13    2.934196689343391E+02    1.881815161826816E+04    1.844382419206186E+04    3.031685053636400E-01    1.124837744569730E+01    6.457584751202372E+33    9.554951050561242E+14    3.133858000000000E-14    0.000000000000000E+00    8.364199000000000E-01    4.051600000000000E-02    1.876786000000000E-03    5.330378000000000E-02    1.764809000000000E-02    9.511724999999999E-05    7.480309000000000E-03    3.454212999999999E-03    1.187680000000000E-03    3.276414000000001E-04    2.776273000000000E-04    0.000000000000000E+00    0.000000000000000E+00    0.000000000000000E+00    0.000000000000000E+00    0.000000000000000E+00    1.172719000000000E-04    0.000000000000000E+00    3.709578000000000E-02   -1.813533191700000E+42    9.830076022235001E+10    2.251051178953000E+10
                       91    5.567468101559713E+31    6.485421495187210E+33    9.734982617446131E+14    1.420755955246937E+09    1.259392835689586E-13    3.191333507830342E+02    1.930492457345832E+04    1.883400552469849E+04    3.238346124268799E-01    9.785651973916446E+00    6.501495800581932E+33    9.849418307020460E+14    3.133882000000000E-14    0.000000000000000E+00    8.364199000000000E-01    4.051600000000000E-02    1.876786000000000E-03    5.330378000000000E-02    1.764809000000000E-02    9.511724999999999E-05    7.480309000000000E-03    3.454212999999999E-03    1.187680000000000E-03    3.276414000000001E-04    2.776273000000000E-04    0.000000000000000E+00    0.000000000000000E+00    0.000000000000000E+00    0.000000000000000E+00    0.000000000000000E+00    1.172719000000000E-04    0.000000000000000E+00    3.709578000000000E-02   -2.170239830040000E+42    7.583201502867000E+10    1.744344540613000E+10
                       92    3.214920731240729E+31    6.517570105976655E+33    9.963853996594789E+14    1.441623878908647E+09    1.007305530494968E-13    3.403863941003988E+02    1.975044855218479E+04    1.914003349599429E+04    3.412174261284600E-01    9.002240259623639E+00    6.522464576873379E+33    9.995686488780834E+14    3.133920000000000E-14    0.000000000000000E+00    8.364199000000000E-01    4.051600000000000E-02    1.876786000000000E-03    5.330378000000000E-02    1.764809000000000E-02    9.511724999999999E-05    7.480309000000000E-03    3.454212999999999E-03    1.187680000000000E-03    3.276414000000001E-04    2.776273000000000E-04    0.000000000000000E+00    0.000000000000000E+00    0.000000000000000E+00    0.000000000000000E+00    0.000000000000000E+00    1.172719000000000E-04    0.000000000000000E+00    3.709578000000000E-02   -2.431934476878000E+42    6.065563600593999E+10    1.404320557609000E+10
                       93    9.789003434152493E+30    6.527359047770103E+33    1.002751898096688E+15    1.448977220236314E+09    9.255497857557538E-14    3.499227607957108E+02    1.993319720260159E+04    1.927270587000096E+04    3.460675460434800E-01    8.799192041536420E+00    6.530714489426904E+33    1.004668604569590E+15    3.133968000000000E-14    0.000000000000000E+00    8.364199000000000E-01    4.051600000000000E-02    1.876786000000000E-03    5.330378000000000E-02    1.764809000000000E-02    9.511724999999999E-05    7.480309000000000E-03    3.454212999999999E-03    1.187680000000000E-03    3.276414000000001E-04    2.776273000000000E-04    0.000000000000000E+00    0.000000000000000E+00    0.000000000000000E+00    0.000000000000000E+00    0.000000000000000E+00    1.172719000000000E-04    0.000000000000000E+00    3.709578000000000E-02   -2.516111136463000E+42    5.568856962254000E+10    1.302649893775000E+10
                       94    6.709509322385268E+30    6.534069931083708E+33    1.006585311042491E+15    1.454059308566107E+09    1.040591755161023E-13    3.535567120755733E+02    1.997914796780729E+04    1.932122264765768E+04    3.440081134891300E-01    8.662580301608358E+00    6.536947160166607E+33    1.008281211793258E+15    3.133972000000000E-14    0.000000000000000E+00    8.364199000000000E-01    4.051600000000000E-02    1.876786000000000E-03    5.330378000000000E-02    1.764809000000000E-02    9.511724999999999E-05    7.480309000000000E-03    3.454212999999999E-03    1.187680000000000E-03    3.276414000000001E-04    2.776273000000000E-04    0.000000000000000E+00    0.000000000000000E+00    0.000000000000000E+00    0.000000000000000E+00    0.000000000000000E+00    1.172719000000000E-04    0.000000000000000E+00    3.709578000000000E-02   -2.558617132214000E+42    6.263916919764000E+10    1.460167881028000E+10
                       95    5.755635304443611E+30    6.539824389249508E+33    1.009977112544025E+15    1.459085979229941E+09    1.057209892870604E-13    3.564283106306339E+02    2.002520466046669E+04    1.936166463839411E+04    3.438412869357700E-01    8.539831649779808E+00    6.542549504977300E+33    1.011902977228820E+15    3.133972000000000E-14    0.000000000000000E+00    8.364199000000000E-01    4.051600000000000E-02    1.876786000000000E-03    5.330378000000000E-02    1.764809000000000E-02    9.511724999999999E-05    7.480309000000000E-03    3.454212999999999E-03    1.187680000000000E-03    3.276414000000001E-04    2.776273000000000E-04    0.000000000000000E+00    0.000000000000000E+00    0.000000000000000E+00    0.000000000000000E+00    0.000000000000000E+00    1.172719000000000E-04    0.000000000000000E+00    3.709578000000000E-02   -2.600287796048000E+42    6.365587583598000E+10    1.490167881028000E+10
                       96    5.450277189010382E+30    6.545274620705092E+33    1.013828841913615E+15    1.464913067559733E+09    9.886493785693061E-14    3.597263011834025E+02    2.011342396648079E+04    1.940629788497004E+04    3.467665867233200E-01    8.408344912842146E+00    6.547982834948981E+33    1.016132683562273E+15    3.133972000000000E-14    0.000000000000000E+00    8.364199000000000E-01    4.051600000000000E-02    1.876786000000000E-03    5.330378000000000E-02    1.764809000000000E-02    9.511724999999999E-05    7.480309000000000E-03    3.454212999999999E-03    1.187680000000000E-03    3.276414000000001E-04    2.776273000000000E-04    0.000000000000000E+00    0.000000000000000E+00    0.000000000000000E+00    0.000000000000000E+00    0.000000000000000E+00    1.172719000000000E-04    0.000000000000000E+00    3.709578000000000E-02   -2.651958459882000E+42    5.958880945258000E+10    1.397661885277000E+10
                       97    5.414947122427819E+30    6.550691049192873E+33    1.018436525210931E+15    1.471480573555485E+09    8.768465914152295E-14    3.630548076670408E+02    2.015979019728527E+04    1.945103402180555E+04    3.499007194901200E-01    8.267536093764258E+00    6.553330663296224E+33    1.020888751676606E+15    3.133972000000000E-14    0.000000000000000E+00    8.364199000000000E-01    4.051600000000000E-02    1.876786000000000E-03    5.330378000000000E-02    1.764809000000000E-02    9.511724999999999E-05    7.480309000000000E-03    3.454212999999999E-03    1.187680000000000E-03    3.276414000000001E-04    2.776273000000000E-04    0.000000000000000E+00    0.000000000000000E+00    0.000000000000000E+00    0.000000000000000E+00    0.000000000000000E+00    1.172719000000000E-04    0.000000000000000E+00    3.709578000000000E-02   -2.705299787550000E+42    5.272985655831000E+10    1.241814561858000E+10
                       98    5.279916196518585E+30    6.555970277399577E+33    1.023340978142282E+15    1.478143079551236E+09    8.147836352628849E-14    3.664141124419749E+02    2.021049559785225E+04    1.949587328608711E+04    3.525761391926900E-01    8.127191905489047E+00    6.558439882458983E+33    1.025688769757572E+15    3.133972000000000E-14    0.000000000000000E+00    8.364199000000000E-01    4.051600000000000E-02    1.876786000000000E-03    5.330378000000000E-02    1.764809000000000E-02    9.511724999999999E-05    7.480309000000000E-03    3.454212999999999E-03    1.187680000000000E-03    3.276414000000001E-04    2.776273000000000E-04    0.000000000000000E+00    0.000000000000000E+00    0.000000000000000E+00    0.000000000000000E+00    0.000000000000000E+00    1.172719000000000E-04    0.000000000000000E+00    3.709578000000000E-02   -2.767805783301000E+42    4.898785013242000E+10    1.159308566107000E+10
                       99    4.938649387230421E+30    6.560909487518390E+33    1.028036561372862E+15    1.484845585546986E+09    7.889369516690931E-14    3.698045004812906E+02    2.025708560187766E+04    1.954081591554812E+04    3.542095524693700E-01    7.996483067810980E+00    6.563438744873919E+33    1.030513268735614E+15    3.133972000000000E-14    0.000000000000000E+00    8.364199000000000E-01    4.051600000000000E-02    1.876786000000000E-03    5.330378000000000E-02    1.764809000000000E-02    9.511724999999999E-05    7.480309000000000E-03    3.454212999999999E-03    1.187680000000000E-03    3.276414000000001E-04    2.776273000000000E-04    0.000000000000000E+00    0.000000000000000E+00    0.000000000000000E+00    0.000000000000000E+00    0.000000000000000E+00    1.172719000000000E-04    0.000000000000000E+00    3.709578000000000E-02   -2.831147110969000E+42    4.752937689823000E+10    1.128473234190000E+10
                      100    5.058119017491571E+30    6.565968002229446E+33    1.032989976098366E+15    1.491407340151335E+09    7.586514595955808E-14    3.732262593948905E+02    2.034632643931060E+04    1.958586214846989E+04    3.560513190652200E-01    7.863196238287319E+00    6.568471410256655E+33    1.035510895865951E+15    3.133972000000000E-14    0.000000000000000E+00    8.364199000000000E-01    4.051600000000000E-02    1.876786000000000E-03    5.330378000000000E-02    1.764809000000000E-02    9.511724999999999E-05    7.480309000000000E-03    3.454212999999999E-03    1.187680000000000E-03    3.276414000000001E-04    2.776273000000000E-04    0.000000000000000E+00    0.000000000000000E+00    0.000000000000000E+00    0.000000000000000E+00    0.000000000000000E+00    1.172719000000000E-04    0.000000000000000E+00    3.709578000000000E-02   -2.894488438637000E+42    4.566255034487000E+10    1.088473234190000E+10
                      101    5.007784410024720E+30    6.570974818283865E+33    1.038031815633535E+15    1.493435018101336E+09    7.293292275540540E-14    3.766796794538965E+02    2.039750101117253E+04    1.963101222368301E+04    3.579181456185800E-01    7.732071685393918E+00    6.573196866314369E+33    1.040254575966265E+15    3.133972000000000E-14    0.000000000000000E+00    8.364199000000000E-01    4.051600000000000E-02    1.876786000000000E-03    5.330378000000000E-02    1.764809000000000E-02    9.511724999999999E-05    7.480309000000000E-03    3.454212999999999E-03    1.187680000000000E-03    3.276414000000001E-04    2.776273000000000E-04    0.000000000000000E+00    0.000000000000000E+00    0.000000000000000E+00    0.000000000000000E+00    0.000000000000000E+00    1.172719000000000E-04    0.000000000000000E+00    3.709578000000000E-02   -2.949500430139000E+42    4.387901715317000E+10    1.048554369081300E+10
                      102    4.443252975224967E+30    6.575418914344873E+33    1.042477336298994E+15    1.488011832891361E+09    7.260772145420595E-14    3.801650536152868E+02    2.044452210719749E+04    1.967626638056877E+04    3.588432055760900E-01    7.616573924699564E+00    6.577785122091005E+33    1.044838179673221E+15    3.133972000000000E-14    0.000000000000000E+00    8.364199000000000E-01    4.051600000000000E-02    1.876786000000000E-03    5.330378000000000E-02    1.764809000000000E-02    9.511724999999999E-05    7.480309000000000E-03    3.454212999999999E-03    1.187680000000000E-03    3.276414000000001E-04    2.776273000000000E-04    0.000000000000000E+00    0.000000000000000E+00    0.000000000000000E+00    0.000000000000000E+00    0.000000000000000E+00    1.172719000000000E-04    0.000000000000000E+00    3.709578000000000E-02   -2.847042400396000E+42    4.377042400396000E+10    1.047800172055600E+10
                      103    4.732264373111187E+30    6.580151329837136E+33    1.047199023047448E+15    1.476793511929808E+09    7.230214892345923E-14    3.836826775467266E+02    2.053458867993259E+04    1.972162485906017E+04    3.597353319170000E-01    7.493770109749344E+00    6.582813810654000E+33    1.049818782504900E+15    3.133972000000000E-14    0.000000000000000E+00    8.364199000000000E-01    4.051600000000000E-02    1.876786000000000E-03    5.330378000000000E-02    1.764809000000000E-02    9.511724999999999E-05    7.480309000000000E-03    3.454212999999999E-03    1.187680000000000E-03    3.276414000000001E-04    2.776273000000000E-04    0.000000000000000E+00    0.000000000000000E+00    0.000000000000000E+00    0.000000000000000E+00    0.000000000000000E+00    1.172719000000000E-04    0.000000000000000E+00    3.709578000000000E-02   -2.600455677076000E+42    4.359452464131000E+10    1.045780985652400E+10
                      104    5.324973564188603E+30    6.585476291470865E+33    1.052438541962352E+15    1.461991769773296E+09    7.215666476095679E-14    3.872328496516617E+02    2.058623676427794E+04    1.976708789964330E+04    3.604942848112700E-01    7.357200424339477E+00    6.588146725927212E+33    1.054788862672696E+15    3.133972000000000E-14    0.000000000000000E+00    8.364199000000000E-01    4.051600000000000E-02    1.876786000000000E-03    5.330378000000000E-02    1.764809000000000E-02    9.511724999999999E-05    7.480309000000000E-03    3.454212999999999E-03    1.187680000000000E-03    3.276414000000001E-04    2.776273000000000E-04    0.000000000000000E+00    0.000000000000000E+00    0.000000000000000E+00    0.000000000000000E+00    0.000000000000000E+00    1.172719000000000E-04    0.000000000000000E+00    3.709578000000000E-02   -2.227234264428000E+42    4.341838544862000E+10    1.047589936265000E+10
                      105    5.342155413881305E+30    6.590817160383560E+33    1.057139183383040E+15    1.445687907157542E+09    7.957810474595758E-14    3.908158710946395E+02    2.063369294114763E+04    1.981265574335877E+04    3.587198244288600E-01    7.222768879265602E+00    6.593279806008420E+33    1.059005480018746E+15    3.133972000000000E-14    0.000000000000000E+00    8.364199000000000E-01    4.051600000000000E-02    1.876786000000000E-03    5.330378000000000E-02    1.764809000000000E-02    9.511724999999999E-05    7.480309000000000E-03    3.454212999999999E-03    1.187680000000000E-03    3.276414000000001E-04    2.776273000000000E-04    0.000000000000000E+00    0.000000000000000E+00    0.000000000000000E+00    0.000000000000000E+00    0.000000000000000E+00    1.172719000000000E-04    0.000000000000000E+00    3.709578000000000E-02   -1.804012851780000E+42    4.790047966008000E+10    1.156730621344000E+10
                      106    4.924495885770791E+30    6.595742451633278E+33    1.060871776654452E+15    1.427443115086299E+09    9.228363264767749E-14    3.916967184642764E+02    2.068559936661647E+04    1.982105237582218E+04    3.553117109397300E-01    7.100422991771469E+00    6.598582895133571E+33    1.062798565274917E+15    3.133972000000000E-14    0.000000000000000E+00    8.364199000000000E-01    4.051600000000000E-02    1.876786000000000E-03    5.330378000000000E-02    1.764809000000000E-02    9.511724999999999E-05    7.480309000000000E-03    3.454212999999999E-03    1.187680000000000E-03    3.276414000000001E-04    2.776273000000000E-04    0.000000000000000E+00    0.000000000000000E+00    0.000000000000000E+00    0.000000000000000E+00    0.000000000000000E+00    1.172719000000000E-04    0.000000000000000E+00    3.709578000000000E-02   -1.355707498618000E+42    5.555775374407000E+10    1.329212634091000E+10
                      107    5.681137540228039E+30    6.601423338633863E+33    1.064725353895381E+15    1.409042041960953E+09    1.024681397466528E-13    3.953210435768360E+02    2.073328459794055E+04    1.986674462050295E+04    3.518704240039600E-01    6.961901758080921E+00    6.604081842630986E+33    1.066166873469149E+15    3.133972000000000E-14    0.000000000000000E+00    8.364199000000000E-01    4.051600000000000E-02    1.876786000000000E-03    5.330378000000000E-02    1.764809000000000E-02    9.511724999999999E-05    7.480309000000000E-03    3.454212999999999E-03    1.187680000000000E-03    3.276414000000001E-04    2.776273000000000E-04    0.000000000000000E+00    0.000000000000000E+00    0.000000000000000E+00    0.000000000000000E+00    0.000000000000000E+00    1.172719000000000E-04    0.000000000000000E+00    3.709578000000000E-02   -8.330392330843999E+41    6.167350106225000E+10    1.480859314921000E+10
                      108    5.317970384624005E+30    6.606740346628110E+33    1.067608393042917E+15    1.393264783713521E+09    1.272955382693696E-13    3.989789041567692E+02    2.073764548521073E+04    1.991254219668605E+04    3.393799764733300E-01    6.838233616180586E+00    6.609211940097387E+33    1.068699748644750E+15    3.133972000000000E-14    0.000000000000000E+00    8.364199000000000E-01    4.051600000000000E-02    1.876786000000000E-03    5.330378000000000E-02    1.764809000000000E-02    9.511724999999999E-05    7.480309000000000E-03    3.454212999999999E-03    1.187680000000000E-03    3.276414000000001E-04    2.776273000000000E-04    0.000000000000000E+00    0.000000000000000E+00    0.000000000000000E+00    0.000000000000000E+00    0.000000000000000E+00    1.172719000000000E-04    0.000000000000000E+00    3.709578000000000E-02   -3.742066569311899E+41    7.663029548616000E+10    1.829164668083000E+10
                      109    4.943278405409405E+30    6.611683533566665E+33    1.069791104246584E+15    1.379823094948351E+09    1.568372234279905E-13    3.989789041567692E+02    2.078545069522924E+04    1.991254219668605E+04    3.272974026017900E-01    6.727551899898744E+00    6.614096468944758E+33    1.070679909606364E+15    3.133972000000000E-14    0.000000000000000E+00    8.364199000000000E-01    4.051600000000000E-02    1.876786000000000E-03    5.330378000000000E-02    1.764809000000000E-02    9.511724999999999E-05    7.480309000000000E-03    3.454212999999999E-03    1.187680000000000E-03    3.276414000000001E-04    2.776273000000000E-04    0.000000000000000E+00    0.000000000000000E+00    0.000000000000000E+00    0.000000000000000E+00    0.000000000000000E+00    1.172719000000000E-04    0.000000000000000E+00    3.709578000000000E-02    1.536205209360013E+40    9.449496356915999E+10    2.243293361660000E+10
                      110    4.825944327349384E+30    6.616509404322849E+33    1.071568714966144E+15    1.368590914531599E+09    1.886831899726937E-13    4.026706105039336E+02    2.078983171144049E+04    1.995844534718565E+04    3.167229422193800E-01    6.623106920749088E+00    6.618872629454174E+33    1.072279751720014E+15    3.133972000000000E-14    0.000000000000000E+00    8.364199000000000E-01    4.051600000000000E-02    1.876786000000000E-03    5.330378000000000E-02    1.764809000000000E-02    9.511724999999999E-05    7.480309000000000E-03    3.454212999999999E-03    1.187680000000000E-03    3.276414000000001E-04    2.776273000000000E-04    0.000000000000000E+00    0.000000000000000E+00    0.000000000000000E+00    0.000000000000000E+00    0.000000000000000E+00    1.172719000000000E-04    0.000000000000000E+00    3.709578000000000E-02    3.549232087538001E+41    1.139760984604600E+11    2.685751391403000E+10
                      111    4.726323004417541E+30    6.621235854585499E+33    1.072990788473884E+15    1.360424843214698E+09    2.299464291021817E-13    4.031296669191885E+02    2.083775722313485E+04    1.996268738817093E+04    3.055315353685900E-01    6.525221448103163E+00    6.623261050038804E+33    1.073461192771952E+15    3.133972000000000E-14    0.000000000000000E+00    8.364199000000000E-01    4.051600000000000E-02    1.876786000000000E-03    5.330378000000000E-02    1.764809000000000E-02    9.511724999999999E-05    7.480309000000000E-03    3.454212999999999E-03    1.187680000000000E-03    3.276414000000001E-04    2.776273000000000E-04    0.000000000000000E+00    0.000000000000000E+00    0.000000000000000E+00    0.000000000000000E+00    0.000000000000000E+00    1.172719000000000E-04    0.000000000000000E+00    3.709578000000000E-02    6.332433590405001E+41    1.380405267134200E+11    3.256538757312000E+10
                      112    4.049396701676580E+30    6.625286245492110E+33    1.073931597070020E+15    1.355138498129862E+09    2.999208036669352E-13    3.925939420091788E+02    2.078983171144049E+04    1.982948776538009E+04    2.903900086027800E-01    6.445108795152717E+00    6.627176229074209E+33    1.074295558636242E+15    3.133972000000000E-14    0.000000000000000E+00    8.364199000000000E-01    4.051600000000000E-02    1.876786000000000E-03    5.330378000000000E-02    1.764809000000000E-02    9.511724999999999E-05    7.480309000000000E-03    3.454212999999999E-03    1.187680000000000E-03    3.276414000000001E-04    2.776273000000000E-04    0.000000000000000E+00    0.000000000000000E+00    0.000000000000000E+00    0.000000000000000E+00    0.000000000000000E+00    1.172719000000000E-04    0.000000000000000E+00    3.709578000000000E-02    8.099739803845000E+41    1.805703425395000E+11    4.216466808300000E+10
                      113    3.779853824834364E+30    6.629066212656308E+33    1.074659520202463E+15    1.351741175851697E+09    3.596299487088278E-13    4.031296669191885E+02    2.084215846119814E+04    1.996268738817093E+04    2.804227023893400E-01    6.373118840251681E+00    6.630730511718082E+33    1.074930162353904E+15    3.133972000000000E-14    0.000000000000000E+00    8.364199000000000E-01    4.051600000000000E-02    1.876786000000000E-03    5.330378000000000E-02    1.764809000000000E-02    9.511724999999999E-05    7.480309000000000E-03    3.454212999999999E-03    1.187680000000000E-03    3.276414000000001E-04    2.776273000000000E-04    0.000000000000000E+00    0.000000000000000E+00    0.000000000000000E+00    0.000000000000000E+00    0.000000000000000E+00    1.172719000000000E-04    0.000000000000000E+00    3.709578000000000E-02    9.375279421435001E+41    2.168185438142000E+11    5.055607493379000E+10
                      114    3.329691748977420E+30    6.632394810779856E+33    1.075200804505344E+15    1.349143603788601E+09    4.232317082010675E-13    4.031296669191885E+02    2.084215846119814E+04    1.996268738817093E+04    2.714468030266900E-01    6.311807157903679E+00    6.634323568354433E+33    1.075506079209308E+15    3.133972000000000E-14    0.000000000000000E+00    8.364199000000000E-01    4.051600000000000E-02    1.876786000000000E-03    5.330378000000000E-02    1.764809000000000E-02    9.511724999999999E-05    7.480309000000000E-03    3.454212999999999E-03    1.187680000000000E-03    3.276414000000001E-04    2.776273000000000E-04    0.000000000000000E+00    0.000000000000000E+00    0.000000000000000E+00    0.000000000000000E+00    0.000000000000000E+00    1.172719000000000E-04    0.000000000000000E+00    3.709578000000000E-02    1.015320511975600E+42    2.548185438142000E+11    5.929784152964000E+10
                      115    3.857596673958916E+30    6.636252325929010E+33    1.075811353913271E+15    1.346543168021307E+09    4.352140019147070E-13    4.068597798013212E+02    2.084215846119814E+04    2.000870613527532E+04    2.699463233666100E-01    6.240884731144515E+00    6.638490281238480E+33    1.076142827710850E+15    3.133972000000000E-14    0.000000000000000E+00    8.364199000000000E-01    4.051600000000000E-02    1.876786000000000E-03    5.330378000000000E-02    1.764809000000000E-02    9.511724999999999E-05    7.480309000000000E-03    3.454212999999999E-03    1.187680000000000E-03    3.276414000000001E-04    2.776273000000000E-04    0.000000000000000E+00    0.000000000000000E+00    0.000000000000000E+00    0.000000000000000E+00    0.000000000000000E+00    1.172719000000000E-04    0.000000000000000E+00    3.709578000000000E-02    1.103196614999400E+42    2.623197429644000E+11    6.102314131719000E+10
                      116    4.474083270270140E+30    6.640728236547951E+33    1.076474301508429E+15    1.344537566409595E+09    4.585707610775386E-13    4.068597798013212E+02    2.089020459850848E+04    2.000870613527532E+04    2.670456038764900E-01    6.160321503081310E+00    6.642979116521581E+33    1.076766192961306E+15    3.133972000000000E-14    0.000000000000000E+00    8.364199000000000E-01    4.051600000000000E-02    1.876786000000000E-03    5.330378000000000E-02    1.764809000000000E-02    9.511724999999999E-05    7.480309000000000E-03    3.454212999999999E-03    1.187680000000000E-03    3.276414000000001E-04    2.776273000000000E-04    0.000000000000000E+00    0.000000000000000E+00    0.000000000000000E+00    0.000000000000000E+00    0.000000000000000E+00    1.172719000000000E-04    0.000000000000000E+00    3.709578000000000E-02    1.180538105596320E+42    2.761550748814000E+11    6.433197429644000E+10
                      117    4.502933109084098E+30    6.645229996495211E+33    1.077058084414183E+15    1.343491918868487E+09    5.166392008637099E-13    4.068597798013212E+02    2.089020459850848E+04    2.000870613527532E+04    2.606692248537600E-01    6.081876742456370E+00    6.647325780498927E+33    1.077305140446187E+15    3.133972000000000E-14    0.000000000000000E+00    8.364199000000000E-01    4.051600000000000E-02    1.876786000000000E-03    5.330378000000000E-02    1.764809000000000E-02    9.511724999999999E-05    7.480309000000000E-03    3.454212999999999E-03    1.187680000000000E-03    3.276414000000001E-04    2.776273000000000E-04    0.000000000000000E+00    0.000000000000000E+00    0.000000000000000E+00    0.000000000000000E+00    0.000000000000000E+00    1.172719000000000E-04    0.000000000000000E+00    3.709578000000000E-02    1.241430833794000E+42    3.112434046739000E+11    7.235823340415001E+10
                      118    4.190466428363123E+30    6.649421564502643E+33    1.077552196478191E+15    1.343001511157419E+09    5.701842121256559E-13    4.073273707125308E+02    2.089020459850848E+04    2.001296775663214E+04    2.554427259160100E-01    6.009847322567069E+00    6.651683380730562E+33    1.077803638572398E+15    3.133972000000000E-14    0.000000000000000E+00    8.364199000000000E-01    4.051600000000000E-02    1.876786000000000E-03    5.330378000000000E-02    1.764809000000000E-02    9.511724999999999E-05    7.480309000000000E-03    3.454212999999999E-03    1.187680000000000E-03    3.276414000000001E-04    2.776273000000000E-04    0.000000000000000E+00    0.000000000000000E+00    0.000000000000000E+00    0.000000000000000E+00    0.000000000000000E+00    1.172719000000000E-04    0.000000000000000E+00    3.709578000000000E-02    1.268280555513400E+42    3.437517987253000E+11    7.981862527865999E+10
                      119    4.524604788264836E+30    6.653945196958482E+33    1.078055080666606E+15    1.342826677001836E+09    6.004626631645973E-13    4.106244069930090E+02    2.089020459850848E+04    2.005483096654788E+04    2.528587130642300E-01    5.933401916567114E+00    6.655993259125300E+33    1.078272545277694E+15    3.133972000000000E-14    0.000000000000000E+00    8.364199000000000E-01    4.051600000000000E-02    1.876786000000000E-03    5.330378000000000E-02    1.764809000000000E-02    9.511724999999999E-05    7.480309000000000E-03    3.454212999999999E-03    1.187680000000000E-03    3.276414000000001E-04    2.776273000000000E-04    0.000000000000000E+00    0.000000000000000E+00    0.000000000000000E+00    0.000000000000000E+00    0.000000000000000E+00    1.172719000000000E-04    0.000000000000000E+00    3.709578000000000E-02    1.302290148715000E+42    3.609236617095000E+11    8.391982442886000E+10
                      120    4.095613312301215E+30    6.658041321292120E+33    1.078490009888783E+15    1.342931986744276E+09    6.277299101126130E-13    4.106244069930090E+02    2.093393994034894E+04    2.005483096654788E+04    2.505326937865600E-01    5.864980537539033E+00    6.659845803249778E+33    1.078679300207440E+15    3.133972000000000E-14    0.000000000000000E+00    8.364199000000000E-01    4.051600000000000E-02    1.876786000000000E-03    5.330378000000000E-02    1.764809000000000E-02    9.511724999999999E-05    7.480309000000000E-03    3.454212999999999E-03    1.187680000000000E-03    3.276414000000001E-04    2.776273000000000E-04    0.000000000000000E+00    0.000000000000000E+00    0.000000000000000E+00    0.000000000000000E+00    0.000000000000000E+00    1.172719000000000E-04    0.000000000000000E+00    3.709578000000000E-02    1.314629078082600E+42    3.785991221443000E+11    8.780527626088000E+10
                      121    3.610055552335975E+30    6.661650285207436E+33    1.078868590526096E+15    1.343135280105936E+09    6.374386577536477E-13    4.106244069930090E+02    2.093393994034894E+04    2.005483096654788E+04    2.499570342539500E-01    5.804726649046425E+00    6.663437865681193E+33    1.079054495201910E+15    3.133972000000000E-14    0.000000000000000E+00    8.364199000000000E-01    4.051600000000000E-02    1.876786000000000E-03    5.330378000000000E-02    1.764809000000000E-02    9.511724999999999E-05    7.480309000000000E-03    3.454212999999999E-03    1.187680000000000E-03    3.276414000000001E-04    2.776273000000000E-04    0.000000000000000E+00    0.000000000000000E+00    0.000000000000000E+00    0.000000000000000E+00    0.000000000000000E+00    1.172719000000000E-04    0.000000000000000E+00    3.709578000000000E-02    1.325213810424500E+42    3.831886510870000E+11    8.911506856029001E+10
                      122    3.575343881223199E+30    6.665225446154951E+33    1.079240399877724E+15    1.343373179784642E+09    6.462416054534269E-13    4.106244069930090E+02    2.093393994034894E+04    2.005483096654788E+04    2.492735010622500E-01    5.744934826827348E+00    6.667112447122243E+33    1.079431945994058E+15    3.133972000000000E-14    0.000000000000000E+00    8.364199000000000E-01    4.051600000000000E-02    1.876786000000000E-03    5.330378000000000E-02    1.764809000000000E-02    9.511724999999999E-05    7.480309000000000E-03    3.454212999999999E-03    1.187680000000000E-03    3.276414000000001E-04    2.776273000000000E-04    0.000000000000000E+00    0.000000000000000E+00    0.000000000000000E+00    0.000000000000000E+00    0.000000000000000E+00    1.172719000000000E-04    0.000000000000000E+00    3.709578000000000E-02    1.326132675533200E+42    3.891075161957000E+11    9.028213494369000E+10
                      123    3.772367461671186E+30    6.668999448089536E+33    1.079623492110392E+15    1.343628597450600E+09    6.577221944767933E-13    4.110963244696505E+02    2.098219765581987E+04    2.005910241195653E+04    2.483233811472300E-01    5.682497249380617E+00    6.670710474783272E+33    1.079796939636944E+15    3.133972000000000E-14    0.000000000000000E+00    8.364199000000000E-01    4.051600000000000E-02    1.876786000000000E-03    5.330378000000000E-02    1.764809000000000E-02    9.511724999999999E-05    7.480309000000000E-03    3.454212999999999E-03    1.187680000000000E-03    3.276414000000001E-04    2.776273000000000E-04    0.000000000000000E+00    0.000000000000000E+00    0.000000000000000E+00    0.000000000000000E+00    0.000000000000000E+00    1.172719000000000E-04    0.000000000000000E+00    3.709578000000000E-02    1.335965609149800E+42    3.966922485376000E+11    9.199096792294000E+10
                      124    3.422608153825270E+30    6.672421501477007E+33    1.079970387163495E+15    1.343856115437853E+09    6.555235147399523E-13    4.144238678512227E+02    2.098219765581987E+04    2.010106212653782E+04    2.485565545938700E-01    5.626121356040213E+00    6.673717944712702E+33    1.080106898594933E+15    3.133972000000000E-14    0.000000000000000E+00    8.364199000000000E-01    4.051600000000000E-02    1.876786000000000E-03    5.330378000000000E-02    1.764809000000000E-02    9.511724999999999E-05    7.480309000000000E-03    3.454212999999999E-03    1.187680000000000E-03    3.276414000000001E-04    2.776273000000000E-04    0.000000000000000E+00    0.000000000000000E+00    0.000000000000000E+00    0.000000000000000E+00    0.000000000000000E+00    1.172719000000000E-04    0.000000000000000E+00    3.709578000000000E-02    1.345464409999600E+42    3.952769808795000E+11    9.170791439131999E+10
                      125    2.592478847366764E+30    6.675014387948398E+33    1.080243410026372E+15    1.344061974752774E+09    6.381436289931346E-13    4.144238678512227E+02    2.098219765581987E+04    2.010106212653782E+04    2.500231413171901E-01    5.582682588290901E+00    6.676413234292435E+33    1.080388530216882E+15    3.133972000000000E-14    0.000000000000000E+00    8.364199000000000E-01    4.051600000000000E-02    1.876786000000000E-03    5.330378000000000E-02    1.764809000000000E-02    9.511724999999999E-05    7.480309000000000E-03    3.454212999999999E-03    1.187680000000000E-03    3.276414000000001E-04    2.776273000000000E-04    0.000000000000000E+00    0.000000000000000E+00    0.000000000000000E+00    0.000000000000000E+00    0.000000000000000E+00    1.172719000000000E-04    0.000000000000000E+00    3.709578000000000E-02    1.345547943191300E+42    3.841934476878000E+11    8.934132766800000E+10
                      126    2.798132126653581E+30    6.677812080636470E+33    1.080533650407392E+15    1.344279087065571E+09    6.486776633730549E-13    4.144238678512227E+02    2.098219765581987E+04    2.010106212653782E+04    2.492147879980200E-01    5.535898445816696E+00    6.679241747333500E+33    1.080679901421416E+15    3.133972000000000E-14    0.000000000000000E+00    8.364199000000000E-01    4.051600000000000E-02    1.876786000000000E-03    5.330378000000000E-02    1.764809000000000E-02    9.511724999999999E-05    7.480309000000000E-03    3.454212999999999E-03    1.187680000000000E-03    3.276414000000001E-04    2.776273000000000E-04    0.000000000000000E+00    0.000000000000000E+00    0.000000000000000E+00    0.000000000000000E+00    0.000000000000000E+00    1.172719000000000E-04    0.000000000000000E+00    3.709578000000000E-02    1.354796144466000E+42    3.905275804546000E+11    9.069980090219000E+10
                      127    2.859587910527246E+30    6.680671414030535E+33    1.080826152435440E+15    1.344492452376243E+09    6.535075892729647E-13    4.144238678512227E+02    2.103056661681410E+04    2.010106212653782E+04    2.487980813596800E-01    5.488484253968324E+00    6.682024526947544E+33    1.080964554775566E+15    3.133972000000000E-14    0.000000000000000E+00    8.364199000000000E-01    4.051600000000000E-02    1.876786000000000E-03    5.330378000000000E-02    1.764809000000000E-02    9.511724999999999E-05    7.480309000000000E-03    3.454212999999999E-03    1.187680000000000E-03    3.276414000000001E-04    2.776273000000000E-04    0.000000000000000E+00    0.000000000000000E+00    0.000000000000000E+00    0.000000000000000E+00    0.000000000000000E+00    1.172719000000000E-04    0.000000000000000E+00    3.709578000000000E-02    1.354796144466000E+42    3.937781800297000E+11    9.142486085970000E+10
                      128    2.706850194719446E+30    6.683377639864554E+33    1.081102957115693E+15    1.344691653018831E+09    6.535075892729647E-13    4.144238678512227E+02    2.103056661681410E+04    2.010106212653782E+04    2.488813747213400E-01    5.443603037924349E+00    6.684641274337383E+33    1.081232785847397E+15    3.133972000000000E-14    0.000000000000000E+00    8.364199000000000E-01    4.051600000000000E-02    1.876786000000000E-03    5.330378000000000E-02    1.764809000000000E-02    9.511724999999999E-05    7.480309000000000E-03    3.454212999999999E-03    1.187680000000000E-03    3.276414000000001E-04    2.776273000000000E-04    0.000000000000000E+00    0.000000000000000E+00    0.000000000000000E+00    0.000000000000000E+00    0.000000000000000E+00    1.172719000000000E-04    0.000000000000000E+00    3.709578000000000E-02    1.363960812549000E+42    3.928617132214000E+11    9.150839405140001E+10
                      129    2.526046073586743E+30    6.685904908810212E+33    1.081362614579100E+15    1.344882106659296E+09    6.520045635261606E-13    4.144238678512227E+02    2.103056661681410E+04    2.010106212653782E+04    2.489730214021700E-01    5.401583969182592E+00    6.687173514307715E+33    1.081491967021446E+15    3.133972000000000E-14    0.000000000000000E+00    8.364199000000000E-01    4.051600000000000E-02    1.876786000000000E-03    5.330378000000000E-02    1.764809000000000E-02    9.511724999999999E-05    7.480309000000000E-03    3.454212999999999E-03    1.187680000000000E-03    3.276414000000001E-04    2.776273000000000E-04    0.000000000000000E+00    0.000000000000000E+00    0.000000000000000E+00    0.000000000000000E+00    0.000000000000000E+00    1.172719000000000E-04    0.000000000000000E+00    3.709578000000000E-02    1.363877279357300E+42    3.927781800297000E+11    9.132510068974001E+10
                      130    2.538612823969554E+30    6.688442119805222E+33    1.081621319463792E+15    1.345068813297636E+09    6.551817959926076E-13    4.149001519265128E+02    2.103056661681410E+04    2.010534341864506E+04    2.487646680830000E-01    5.359552560837954E+00    6.689718678942210E+33    1.081750559558058E+15    3.133972000000000E-14    0.000000000000000E+00    8.364199000000000E-01    4.051600000000000E-02    1.876786000000000E-03    5.330378000000000E-02    1.764809000000000E-02    9.511724999999999E-05    7.480309000000000E-03    3.454212999999999E-03    1.187680000000000E-03    3.276414000000001E-04    2.776273000000000E-04    0.000000000000000E+00    0.000000000000000E+00    0.000000000000000E+00    0.000000000000000E+00    0.000000000000000E+00    1.172719000000000E-04    0.000000000000000E+00    3.709578000000000E-02    1.372958414248600E+42    3.949452464131000E+11    9.186686728559000E+10
                      131    2.552261269322026E+30    6.690995238079198E+33    1.081879799652324E+15    1.345250937601934E+09    6.598925672391555E-13    4.182584846879070E+02    2.107904707977900E+04    2.014739986035812E+04    2.484563147638300E-01    5.317311457835562E+00    6.692240976863190E+33    1.082005199115364E+15    3.133972000000000E-14    0.000000000000000E+00    8.364199000000000E-01    4.051600000000000E-02    1.876786000000000E-03    5.330378000000000E-02    1.764809000000000E-02    9.511724999999999E-05    7.480309000000000E-03    3.454212999999999E-03    1.187680000000000E-03    3.276414000000001E-04    2.776273000000000E-04    0.000000000000000E+00    0.000000000000000E+00    0.000000000000000E+00    0.000000000000000E+00    0.000000000000000E+00    1.172719000000000E-04    0.000000000000000E+00    3.709578000000000E-02    1.372791347865200E+42    3.971123127965000E+11    9.250028056227000E+10
                      132    2.490670273577154E+30    6.693486715647183E+33    1.082130598578404E+15    1.345423479572191E+09    6.614137767124786E-13    4.182584846879070E+02    2.107904707977900E+04    2.014739986035812E+04    2.483479614446600E-01    5.276249671892380E+00    6.694654906446218E+33    1.082248540963593E+15    3.133972000000000E-14    0.000000000000000E+00    8.364199000000000E-01    4.051600000000000E-02    1.876786000000000E-03    5.330378000000000E-02    1.764809000000000E-02    9.511724999999999E-05    7.480309000000000E-03    3.454212999999999E-03    1.187680000000000E-03    3.276414000000001E-04    2.776273000000000E-04    0.000000000000000E+00    0.000000000000000E+00    0.000000000000000E+00    0.000000000000000E+00    0.000000000000000E+00    1.172719000000000E-04    0.000000000000000E+00    3.709578000000000E-02    1.381872482756500E+42    3.981958459882000E+11    9.268357392392999E+10
                      133    2.337363872546334E+30    6.695823097245253E+33    1.082366483348783E+15    1.345586021542449E+09    6.598925672391555E-13    4.182584846879070E+02    2.107904707977900E+04    2.014739986035812E+04    2.484396081254900E-01    5.237704300040237E+00    6.696955496666616E+33    1.082480808790874E+15    3.133972000000000E-14    0.000000000000000E+00    8.364199000000000E-01    4.051600000000000E-02    1.876786000000000E-03    5.330378000000000E-02    1.764809000000000E-02    9.511724999999999E-05    7.480309000000000E-03    3.454212999999999E-03    1.187680000000000E-03    3.276414000000001E-04    2.776273000000000E-04    0.000000000000000E+00    0.000000000000000E+00    0.000000000000000E+00    0.000000000000000E+00    0.000000000000000E+00    1.172719000000000E-04    0.000000000000000E+00    3.709578000000000E-02    1.381705416373100E+42    3.981123127964999E+11    9.259192724309999E+10
                      134    2.264846564561976E+30    6.698087896087978E+33    1.082595134232965E+15    1.345738563512706E+09    6.614137767124786E-13    4.182584846879070E+02    2.107904707977900E+04    2.014739986035812E+04    2.483396081254900E-01    5.200272038123102E+00    6.699198423000761E+33    1.082706510638604E+15    3.133972000000000E-14    0.000000000000000E+00    8.364199000000000E-01    4.051600000000000E-02    1.876786000000000E-03    5.330378000000000E-02    1.764809000000000E-02    9.511724999999999E-05    7.480309000000000E-03    3.454212999999999E-03    1.187680000000000E-03    3.276414000000001E-04    2.776273000000000E-04    0.000000000000000E+00    0.000000000000000E+00    0.000000000000000E+00    0.000000000000000E+00    0.000000000000000E+00    1.172719000000000E-04    0.000000000000000E+00    3.709578000000000E-02    1.390703018072700E+42    3.981958459882000E+11    9.277522060475999E+10
                      135    2.221737838565242E+30    6.700308949913548E+33    1.082817887044244E+15    1.345876523148921E+09    6.644667239930246E-13    4.182584846879070E+02    2.112318709975499E+04    2.014739986035812E+04    2.482312548063200E-01    5.163651100408789E+00    6.701345905661117E+33    1.082922160343120E+15    3.133972000000000E-14    0.000000000000000E+00    8.364199000000000E-01    4.051600000000000E-02    1.876786000000000E-03    5.330378000000000E-02    1.764809000000000E-02    9.511724999999999E-05    7.480309000000000E-03    3.454212999999999E-03    1.187680000000000E-03    3.276414000000001E-04    2.776273000000000E-04    0.000000000000000E+00    0.000000000000000E+00    0.000000000000000E+00    0.000000000000000E+00    0.000000000000000E+00    1.172719000000000E-04    0.000000000000000E+00    3.709578000000000E-02    1.390535951689300E+42    3.992793791799000E+11    9.304204715812000E+10
                      136    2.073947286515739E+30    6.702382861408686E+33    1.083026433641995E+15    1.345999065119178E+09    6.627684436312220E-13    4.182584846879070E+02    2.112763930175312E+04    2.014739986035812E+04    2.483312548063200E-01    5.129439166404553E+00    6.703320396662719E+33    1.083121133663742E+15    3.133972000000000E-14    0.000000000000000E+00    8.364199000000000E-01    4.051600000000000E-02    1.876786000000000E-03    5.330378000000000E-02    1.764809000000000E-02    9.511724999999999E-05    7.480309000000000E-03    3.454212999999999E-03    1.187680000000000E-03    3.276414000000001E-04    2.776273000000000E-04    0.000000000000000E+00    0.000000000000000E+00    0.000000000000000E+00    0.000000000000000E+00    0.000000000000000E+00    1.172719000000000E-04    0.000000000000000E+00    3.709578000000000E-02    1.390368885305900E+42    3.991123127965000E+11    9.295040047728999E+10
                      137    1.873587551986695E+30    6.704257931916754E+33    1.083215833685489E+15    1.346121189423477E+09    6.597232992401588E-13    4.182584846879070E+02    2.112763930175312E+04    2.014739986035812E+04    2.485396081254900E-01    5.098482428921840E+00    6.705281963000163E+33    1.083318149569273E+15    3.133972000000000E-14    0.000000000000000E+00    8.364199000000000E-01    4.051600000000000E-02    1.876786000000000E-03    5.330378000000000E-02    1.764809000000000E-02    9.511724999999999E-05    7.480309000000000E-03    3.454212999999999E-03    1.187680000000000E-03    3.276414000000001E-04    2.776273000000000E-04    0.000000000000000E+00    0.000000000000000E+00    0.000000000000000E+00    0.000000000000000E+00    0.000000000000000E+00    1.172719000000000E-04    0.000000000000000E+00    3.709578000000000E-02    1.399366487005500E+42    3.970287796048000E+11    9.259192724309999E+10
                      138    2.049046429704987E+30    6.706305994083574E+33    1.083420465453056E+15    1.346249984391609E+09    6.675337630379482E-13    4.187391757654862E+02    2.112763930175312E+04    2.015169102186296E+04    2.479312548063200E-01    5.064726530476667E+00    6.707392660077910E+33    1.083527416693090E+15    3.133972000000000E-14    0.000000000000000E+00    8.364199000000000E-01    4.051600000000000E-02    1.876786000000000E-03    5.330378000000000E-02    1.764809000000000E-02    9.511724999999999E-05    7.480309000000000E-03    3.454212999999999E-03    1.187680000000000E-03    3.276414000000001E-04    2.776273000000000E-04    0.000000000000000E+00    0.000000000000000E+00    0.000000000000000E+00    0.000000000000000E+00    0.000000000000000E+00    1.172719000000000E-04    0.000000000000000E+00    3.709578000000000E-02    1.399115887430400E+42    4.022793791799000E+11    9.367546043479999E+10
                      139    2.172349714196844E+30    6.708479326072247E+33    1.083634367933123E+15    1.346374197025700E+09    6.738835876568701E-13    4.221285827973321E+02    2.112763930175312E+04    2.019384441368690E+04    2.474229014871500E-01    5.029180842009557E+00    6.709495403516173E+33    1.083734218338142E+15    3.133972000000000E-14    0.000000000000000E+00    8.364199000000000E-01    4.051600000000000E-02    1.876786000000000E-03    5.330378000000000E-02    1.764809000000000E-02    9.511724999999999E-05    7.480309000000000E-03    3.454212999999999E-03    1.187680000000000E-03    3.276414000000001E-04    2.776273000000000E-04    0.000000000000000E+00    0.000000000000000E+00    0.000000000000000E+00    0.000000000000000E+00    0.000000000000000E+00    1.172719000000000E-04    0.000000000000000E+00    3.709578000000000E-02    1.408113489130000E+42    4.064464455633000E+11    9.458381375397000E+10
                      140    2.032353728840477E+30    6.710511480960100E+33    1.083834068743162E+15    1.346481738995957E+09    6.737103768996794E-13    4.221285827973321E+02    2.117188107498396E+04    2.019384441368690E+04    2.475229014871500E-01    4.995989095609628E+00    6.711398311762430E+33    1.083922206100562E+15    3.133972000000000E-14    0.000000000000000E+00    8.364199000000000E-01    4.051600000000000E-02    1.876786000000000E-03    5.330378000000000E-02    1.764809000000000E-02    9.511724999999999E-05    7.480309000000000E-03    3.454212999999999E-03    1.187680000000000E-03    3.276414000000001E-04    2.776273000000000E-04    0.000000000000000E+00    0.000000000000000E+00    0.000000000000000E+00    0.000000000000000E+00    0.000000000000000E+00    1.172719000000000E-04    0.000000000000000E+00    3.709578000000000E-02    1.407946422746600E+42    4.053629123716000E+11    9.449216707314000E+10
                      141    1.774072012459973E+30    6.712285142564761E+33    1.084010343457962E+15    1.346573027968338E+09    6.689009645353639E-13    4.221285827973321E+02    2.117634354036767E+04    2.019384441368690E+04    2.478312548063200E-01    4.966860971150002E+00    6.713100390611749E+33    1.084091639396075E+15    3.133972000000000E-14    0.000000000000000E+00    8.364199000000000E-01    4.051600000000000E-02    1.876786000000000E-03    5.330378000000000E-02    1.764809000000000E-02    9.511724999999999E-05    7.480309000000000E-03    3.454212999999999E-03    1.187680000000000E-03    3.276414000000001E-04    2.776273000000000E-04    0.000000000000000E+00    0.000000000000000E+00    0.000000000000000E+00    0.000000000000000E+00    0.000000000000000E+00    1.172719000000000E-04    0.000000000000000E+00    3.709578000000000E-02    1.416944024446200E+42    4.031123127964999E+11    9.395040047728999E+10
                      142    1.630552763653716E+30    6.713915638658734E+33    1.084172935334188E+15    1.346654316940720E+09    6.671917007913918E-13    4.221285827973321E+02    2.117634354036767E+04    2.019384441368690E+04    2.479396081254900E-01    4.940047750145747E+00    6.714731880910657E+33    1.084253984397703E+15    3.133972000000000E-14    0.000000000000000E+00    8.364199000000000E-01    4.051600000000000E-02    1.876786000000000E-03    5.330378000000000E-02    1.764809000000000E-02    9.511724999999999E-05    7.480309000000000E-03    3.454212999999999E-03    1.187680000000000E-03    3.276414000000001E-04    2.776273000000000E-04    0.000000000000000E+00    0.000000000000000E+00    0.000000000000000E+00    0.000000000000000E+00    0.000000000000000E+00    1.172719000000000E-04    0.000000000000000E+00    3.709578000000000E-02    1.416776958062800E+42    4.020287796048000E+11    9.376710711562999E+10
                      143    1.632714364024152E+30    6.715548123162578E+33    1.084335033461218E+15    1.346735605913102E+09    6.702713177577302E-13    4.221285827973321E+02    2.117634354036767E+04    2.019384441368690E+04    2.478312548063200E-01    4.913205347871117E+00    6.716369336439177E+33    1.084415988571710E+15    3.133972000000000E-14    0.000000000000000E+00    8.364199000000000E-01    4.051600000000000E-02    1.876786000000000E-03    5.330378000000000E-02    1.764809000000000E-02    9.511724999999999E-05    7.480309000000000E-03    3.454212999999999E-03    1.187680000000000E-03    3.276414000000001E-04    2.776273000000000E-04    0.000000000000000E+00    0.000000000000000E+00    0.000000000000000E+00    0.000000000000000E+00    0.000000000000000E+00    1.172719000000000E-04    0.000000000000000E+00    3.709578000000000E-02    1.416609891679400E+42    4.040287796048000E+11    9.413369383895000E+10
                      144    1.642789636838979E+30    6.717190549715775E+33    1.084496943682203E+15    1.346816894885483E+09    6.733651495901244E-13    4.221285827973321E+02    2.117634354036767E+04    2.019384441368690E+04    2.475312548063200E-01    4.886301148425509E+00    6.718003809352890E+33    1.084576893085930E+15    3.133972000000000E-14    0.000000000000000E+00    8.364199000000000E-01    4.051600000000000E-02    1.876786000000000E-03    5.330378000000000E-02    1.764809000000000E-02    9.511724999999999E-05    7.480309000000000E-03    3.454212999999999E-03    1.187680000000000E-03    3.276414000000001E-04    2.776273000000000E-04    0.000000000000000E+00    0.000000000000000E+00    0.000000000000000E+00    0.000000000000000E+00    0.000000000000000E+00    1.172719000000000E-04    0.000000000000000E+00    3.709578000000000E-02    1.425607493379000E+42    4.051958459882000E+11    9.458381375397000E+10
                      145    1.626594634965105E+30    6.718817068990005E+33    1.084656842489658E+15    1.346894019189782E+09    6.749174165732894E-13    4.221285827973321E+02    2.122068730141879E+04    2.019384441368690E+04    2.474312548063200E-01    4.859682254400017E+00    6.719669102619600E+33    1.084739926044373E+15    3.133972000000000E-14    0.000000000000000E+00    8.364199000000000E-01    4.051600000000000E-02    1.876786000000000E-03    5.330378000000000E-02    1.764809000000000E-02    9.511724999999999E-05    7.480309000000000E-03    3.454212999999999E-03    1.187680000000000E-03    3.276414000000001E-04    2.776273000000000E-04    0.000000000000000E+00    0.000000000000000E+00    0.000000000000000E+00    0.000000000000000E+00    0.000000000000000E+00    1.172719000000000E-04    0.000000000000000E+00    3.709578000000000E-02    1.425440426995600E+42    4.071123127965000E+11    9.494228698816000E+10
                      146    1.703557430897382E+30    6.720521136249193E+33    1.084823009599089E+15    1.346976978825997E+09    6.795957206072909E-13    4.221285827973321E+02    2.122516005384763E+04    2.019384441368690E+04    2.470312548063200E-01    4.831873762328773E+00    6.721434810584779E+33    1.084910977550408E+15    3.133972000000000E-14    0.000000000000000E+00    8.364199000000000E-01    4.051600000000000E-02    1.876786000000000E-03    5.330378000000000E-02    1.764809000000000E-02    9.511724999999999E-05    7.480309000000000E-03    3.454212999999999E-03    1.187680000000000E-03    3.276414000000001E-04    2.776273000000000E-04    0.000000000000000E+00    0.000000000000000E+00    0.000000000000000E+00    0.000000000000000E+00    0.000000000000000E+00    1.172719000000000E-04    0.000000000000000E+00    3.709578000000000E-02    1.434438028695200E+42    4.093629123716000E+11    9.557570026484000E+10
                      147    1.826588303236953E+30    6.722348484920364E+33    1.084998945501729E+15    1.347064938462213E+09    6.860595627471207E-13    4.221285827973321E+02    2.122516005384763E+04    2.019384441368690E+04    2.466145481679800E-01    4.802202776949836E+00    6.723266136075692E+33    1.085086552914205E+15    3.133972000000000E-14    0.000000000000000E+00    8.364199000000000E-01    4.051600000000000E-02    1.876786000000000E-03    5.330378000000000E-02    1.764809000000000E-02    9.511724999999999E-05    7.480309000000000E-03    3.454212999999999E-03    1.187680000000000E-03    3.276414000000001E-04    2.776273000000000E-04    0.000000000000000E+00    0.000000000000000E+00    0.000000000000000E+00    0.000000000000000E+00    0.000000000000000E+00    1.172719000000000E-04    0.000000000000000E+00    3.709578000000000E-02    1.434270962311800E+42    4.134464455633000E+11    9.639240690317999E+10
                      148    1.835494589888797E+30    6.724183787231020E+33    1.085174160326681E+15    1.347136645100553E+09    6.892262698072484E-13    4.260344904836659E+02    2.122516005384763E+04    2.024039603276849E+04    2.464145481679800E-01    4.772541031515567E+00    6.724932423547338E+33    1.085246297030712E+15    3.133972000000000E-14    0.000000000000000E+00    8.364199000000000E-01    4.051600000000000E-02    1.876786000000000E-03    5.330378000000000E-02    1.764809000000000E-02    9.511724999999999E-05    7.480309000000000E-03    3.454212999999999E-03    1.187680000000000E-03    3.276414000000001E-04    2.776273000000000E-04    0.000000000000000E+00    0.000000000000000E+00    0.000000000000000E+00    0.000000000000000E+00    0.000000000000000E+00    1.172719000000000E-04    0.000000000000000E+00    3.709578000000000E-02    1.443268564011400E+42    4.155299787550000E+11    9.693417349903000E+10
                      149    1.497538681876331E+30    6.725681059863655E+33    1.085318433734744E+15    1.347185845743142E+09    6.825581805309073E-13    4.260344904836659E+02    2.122516005384763E+04    2.024039603276849E+04    2.469312548063200E-01    4.748297513814299E+00    6.726269629185381E+33    1.085376065073390E+15    3.133972000000000E-14    0.000000000000000E+00    8.364199000000000E-01    4.051600000000000E-02    1.876786000000000E-03    5.330378000000000E-02    1.764809000000000E-02    9.511724999999999E-05    7.480309000000000E-03    3.454212999999999E-03    1.187680000000000E-03    3.276414000000001E-04    2.776273000000000E-04    0.000000000000000E+00    0.000000000000000E+00    0.000000000000000E+00    0.000000000000000E+00    0.000000000000000E+00    1.172719000000000E-04    0.000000000000000E+00    3.709578000000000E-02    1.443185030819700E+42    4.111958459882000E+11    9.603393366899001E+10
                      150    1.177024111044694E+30    6.726858198507107E+33    1.085433696412036E+15    1.347229628719772E+09    6.773422373739567E-13    4.260344904836659E+02    2.122516005384763E+04    2.024039603276849E+04    2.473479614446600E-01    4.729041219159676E+00    6.727534257863145E+33    1.085499466933799E+15    3.133972000000000E-14    0.000000000000000E+00    8.364199000000000E-01    4.051600000000000E-02    1.876786000000000E-03    5.330378000000000E-02    1.764809000000000E-02    9.511724999999999E-05    7.480309000000000E-03    3.454212999999999E-03    1.187680000000000E-03    3.276414000000001E-04    2.776273000000000E-04    0.000000000000000E+00    0.000000000000000E+00    0.000000000000000E+00    0.000000000000000E+00    0.000000000000000E+00    1.172719000000000E-04    0.000000000000000E+00    3.709578000000000E-02    1.443017964436300E+42    4.078617132214000E+11    9.513369383895000E+10
                      151    1.351873938819591E+30    6.728210317219182E+33    1.085565237455562E+15    1.347280082360236E+09    6.837832179805288E-13    4.260344904836659E+02    2.126960603782520E+04    2.024039603276849E+04    2.468396081254900E-01    4.706903893470457E+00    6.728964918765112E+33    1.085637400158193E+15    3.133972000000000E-14    0.000000000000000E+00    8.364199000000000E-01    4.051600000000000E-02    1.876786000000000E-03    5.330378000000000E-02    1.764809000000000E-02    9.511724999999999E-05    7.480309000000000E-03    3.454212999999999E-03    1.187680000000000E-03    3.276414000000001E-04    2.776273000000000E-04    0.000000000000000E+00    0.000000000000000E+00    0.000000000000000E+00    0.000000000000000E+00    0.000000000000000E+00    1.172719000000000E-04    0.000000000000000E+00    3.709578000000000E-02    1.452099099327600E+42    4.121123127965000E+11    9.612558034981999E+10
                      152    1.509199512722053E+30    6.729719520311042E+33    1.085709562860823E+15    1.347330953666660E+09    6.902858065564984E-13    4.260344904836659E+02    2.126960603782520E+04    2.024039603276849E+04    2.463312548063200E-01    4.682436038199642E+00    6.730457220373072E+33    1.085779475513906E+15    3.133972000000000E-14    0.000000000000000E+00    8.364199000000000E-01    4.051600000000000E-02    1.876786000000000E-03    5.330378000000000E-02    1.764809000000000E-02    9.511724999999999E-05    7.480309000000000E-03    3.454212999999999E-03    1.187680000000000E-03    3.276414000000001E-04    2.776273000000000E-04    0.000000000000000E+00    0.000000000000000E+00    0.000000000000000E+00    0.000000000000000E+00    0.000000000000000E+00    1.172719000000000E-04    0.000000000000000E+00    3.709578000000000E-02    1.452015566135900E+42    4.153629123716000E+11    9.711746686068999E+10
                      153    1.474867230212606E+30    6.731194920435101E+33    1.085849388166989E+15    1.347375571975207E+09    6.918770796824064E-13    4.260344904836659E+02    2.127408910101325E+04    2.024039603276849E+04    2.462312548063200E-01    4.658686488735412E+00    6.731850101487496E+33    1.085912173804746E+15    3.133972000000000E-14    0.000000000000000E+00    8.364199000000000E-01    4.051600000000000E-02    1.876786000000000E-03    5.330378000000000E-02    1.764809000000000E-02    9.511724999999999E-05    7.480309000000000E-03    3.454212999999999E-03    1.187680000000000E-03    3.276414000000001E-04    2.776273000000000E-04    0.000000000000000E+00    0.000000000000000E+00    0.000000000000000E+00    0.000000000000000E+00    0.000000000000000E+00    1.172719000000000E-04    0.000000000000000E+00    3.709578000000000E-02    1.451848499752500E+42    4.162793791799000E+11    9.730076022234999E+10
                      154    1.311066200725229E+30    6.732505282539890E+33    1.085974959442503E+15    1.347414354951838E+09    6.901101861976506E-13    4.260344904836659E+02    2.127408910101325E+04    2.024039603276849E+04    2.464312548063200E-01    4.637393956461786E+00    6.733143562108385E+33    1.086035886122708E+15    3.133972000000000E-14    0.000000000000000E+00    8.364199000000000E-01    4.051600000000000E-02    1.876786000000000E-03    5.330378000000000E-02    1.764809000000000E-02    9.511724999999999E-05    7.480309000000000E-03    3.454212999999999E-03    1.187680000000000E-03    3.276414000000001E-04    2.776273000000000E-04    0.000000000000000E+00    0.000000000000000E+00    0.000000000000000E+00    0.000000000000000E+00    0.000000000000000E+00    1.172719000000000E-04    0.000000000000000E+00    3.709578000000000E-02    1.460929634643800E+42    4.151958459882000E+11    9.703393366898999E+10
                      155    1.277788173129227E+30    6.733781841676878E+33    1.086096812802913E+15    1.347449390926343E+09    6.915254341179726E-13    4.260344904836659E+02    2.127408910101325E+04    2.024039603276849E+04    2.463312548063200E-01    4.616696046691147E+00    6.734485738771106E+33    1.086163258200338E+15    3.133972000000000E-14    0.000000000000000E+00    8.364199000000000E-01    4.051600000000000E-02    1.876786000000000E-03    5.330378000000000E-02    1.764809000000000E-02    9.511724999999999E-05    7.480309000000000E-03    3.454212999999999E-03    1.187680000000000E-03    3.276414000000001E-04    2.776273000000000E-04    0.000000000000000E+00    0.000000000000000E+00    0.000000000000000E+00    0.000000000000000E+00    0.000000000000000E+00    1.172719000000000E-04    0.000000000000000E+00    3.709578000000000E-02    1.460762568260400E+42    4.161123127965000E+11    9.730076022234999E+10
                      156    1.406307852075873E+30    6.735189635865333E+33    1.086229703597764E+15    1.347489844566808E+09    6.966729424849184E-13    4.260344904836659E+02    2.127408910101325E+04    2.024039603276849E+04    2.459229014871500E-01    4.593994886239861E+00    6.735886573525012E+33    1.086295022068456E+15    3.133972000000000E-14    0.000000000000000E+00    8.364199000000000E-01    4.051600000000000E-02    1.876786000000000E-03    5.330378000000000E-02    1.764809000000000E-02    9.511724999999999E-05    7.480309000000000E-03    3.454212999999999E-03    1.187680000000000E-03    3.276414000000001E-04    2.776273000000000E-04    0.000000000000000E+00    0.000000000000000E+00    0.000000000000000E+00    0.000000000000000E+00    0.000000000000000E+00    1.172719000000000E-04    0.000000000000000E+00    3.709578000000000E-02    1.469843703151700E+42    4.193629123716000E+11    9.811746686069000E+10
                      157    1.393693181015177E+30    6.736583511184693E+33    1.086360340539149E+15    1.347524045209397E+09    6.995329212518981E-13    4.260344904836659E+02    2.131863754356554E+04    2.024039603276849E+04    2.457312548063200E-01    4.571603844471841E+00    6.737166115276808E+33    1.086415150257717E+15    3.133972000000000E-14    0.000000000000000E+00    8.364199000000000E-01    4.051600000000000E-02    1.876786000000000E-03    5.330378000000000E-02    1.764809000000000E-02    9.511724999999999E-05    7.480309000000000E-03    3.454212999999999E-03    1.187680000000000E-03    3.276414000000001E-04    2.776273000000000E-04    0.000000000000000E+00    0.000000000000000E+00    0.000000000000000E+00    0.000000000000000E+00    0.000000000000000E+00    1.172719000000000E-04    0.000000000000000E+00    3.709578000000000E-02    1.469760169960000E+42    4.212793791799000E+11    9.830076022235001E+10
                      158    1.166700684678003E+30    6.737748719368921E+33    1.086469959976285E+15    1.347541157522194E+09    6.961424284442859E-13    4.260344904836659E+02    2.131863754356554E+04    2.024039603276849E+04    2.460396081254900E-01    4.552880614006291E+00    6.738219972508276E+33    1.086514758138970E+15    3.133972000000000E-14    0.000000000000000E+00    8.364199000000000E-01    4.051600000000000E-02    1.876786000000000E-03    5.330378000000000E-02    1.764809000000000E-02    9.511724999999999E-05    7.480309000000000E-03    3.454212999999999E-03    1.187680000000000E-03    3.276414000000001E-04    2.776273000000000E-04    0.000000000000000E+00    0.000000000000000E+00    0.000000000000000E+00    0.000000000000000E+00    0.000000000000000E+00    1.172719000000000E-04    0.000000000000000E+00    3.709578000000000E-02    1.469676636768300E+42    4.190287796048000E+11    9.785064030732999E+10
                      159    9.408016149287264E+29    6.738691225647632E+33    1.086559556301654E+15    1.347556599171156E+09    6.925939146218653E-13    4.294869112969142E+02    2.132313094128155E+04    2.028274399580862E+04    2.462563147638300E-01    4.537639304697134E+00    6.739146571508022E+33    1.086603222802217E+15    3.133972000000000E-14    0.000000000000000E+00    8.364199000000000E-01    4.051600000000000E-02    1.876786000000000E-03    5.330378000000000E-02    1.764809000000000E-02    9.511724999999999E-05    7.480309000000000E-03    3.454212999999999E-03    1.187680000000000E-03    3.276414000000001E-04    2.776273000000000E-04    0.000000000000000E+00    0.000000000000000E+00    0.000000000000000E+00    0.000000000000000E+00    0.000000000000000E+00    1.172719000000000E-04    0.000000000000000E+00    3.709578000000000E-02    1.478757771659600E+42    4.168617132214000E+11    9.740052039231000E+10
                      160    9.106875451189786E+29    6.739601917368412E+33    1.086646889302779E+15    1.347573711483953E+09    6.927687280784594E-13    4.299765390888509E+02    2.132313094128155E+04    2.028705496441501E+04    2.461563147638300E-01    4.522786196787029E+00    6.740157677927272E+33    1.086699345666207E+15    3.133972000000000E-14    0.000000000000000E+00    8.364199000000000E-01    4.051600000000000E-02    1.876786000000000E-03    5.330378000000000E-02    1.764809000000000E-02    9.511724999999999E-05    7.480309000000000E-03    3.454212999999999E-03    1.187680000000000E-03    3.276414000000001E-04    2.776273000000000E-04    0.000000000000000E+00    0.000000000000000E+00    0.000000000000000E+00    0.000000000000000E+00    0.000000000000000E+00    1.172719000000000E-04    0.000000000000000E+00    3.709578000000000E-02    1.478674238467900E+42    4.177781800297000E+11    9.766734694567000E+10
                      161    1.112974247653716E+30    6.740713438486132E+33    1.086751802029635E+15    1.347591659128666E+09    6.993556758978774E-13    4.299765390888509E+02    2.132313094128155E+04    2.028705496441501E+04    2.457396081254900E-01    4.504804662034337E+00    6.741245338126544E+33    1.086801250956439E+15    3.133972000000000E-14    0.000000000000000E+00    8.364199000000000E-01    4.051600000000000E-02    1.876786000000000E-03    5.330378000000000E-02    1.764809000000000E-02    9.511724999999999E-05    7.480309000000000E-03    3.454212999999999E-03    1.187680000000000E-03    3.276414000000001E-04    2.776273000000000E-04    0.000000000000000E+00    0.000000000000000E+00    0.000000000000000E+00    0.000000000000000E+00    0.000000000000000E+00    1.172719000000000E-04    0.000000000000000E+00    3.709578000000000E-02    1.478590705276200E+42    4.211123127965000E+11    9.857570026484001E+10
                      162    1.062608422151896E+30    6.741777237766955E+33    1.086850699883243E+15    1.347607100777628E+09    7.007906118779319E-13    4.299765390888509E+02    2.132313094128155E+04    2.028705496441501E+04    2.456479614446600E-01    4.487825069223931E+00    6.742177902355902E+33    1.086888612336519E+15    3.133972000000000E-14    0.000000000000000E+00    8.364199000000000E-01    4.051600000000000E-02    1.876786000000000E-03    5.330378000000000E-02    1.764809000000000E-02    9.511724999999999E-05    7.480309000000000E-03    3.454212999999999E-03    1.187680000000000E-03    3.276414000000001E-04    2.776273000000000E-04    0.000000000000000E+00    0.000000000000000E+00    0.000000000000000E+00    0.000000000000000E+00    0.000000000000000E+00    1.172719000000000E-04    0.000000000000000E+00    3.709578000000000E-02    1.487671840167500E+42    4.220287796048000E+11    9.857570026484001E+10
                      163    8.025371368877634E+29    6.742578566944847E+33    1.086926524789796E+15    1.347611707094674E+09    6.956155664366213E-13    4.299765390888509E+02    2.132313094128155E+04    2.028705496441501E+04    2.459646680830000E-01    4.474884825914014E+00    6.742941451746248E+33    1.086960935818107E+15    3.133972000000000E-14    0.000000000000000E+00    8.364199000000000E-01    4.051600000000000E-02    1.876786000000000E-03    5.330378000000000E-02    1.764809000000000E-02    9.511724999999999E-05    7.480309000000000E-03    3.454212999999999E-03    1.187680000000000E-03    3.276414000000001E-04    2.776273000000000E-04    0.000000000000000E+00    0.000000000000000E+00    0.000000000000000E+00    0.000000000000000E+00    0.000000000000000E+00    1.172719000000000E-04    0.000000000000000E+00    3.709578000000000E-02    1.487588306975800E+42    4.196946468380000E+11    9.803393366898999E+10
                      164    7.251410664446607E+29    6.743304336547652E+33    1.086995346846419E+15    1.347616731077678E+09    6.954407529800272E-13    4.299765390888509E+02    2.132313094128155E+04    2.028705496441501E+04    2.459730214021700E-01    4.463140855546563E+00    6.743723891030370E+33    1.087035035332472E+15    3.133972000000000E-14    0.000000000000000E+00    8.364199000000000E-01    4.051600000000000E-02    1.876786000000000E-03    5.330378000000000E-02    1.764809000000000E-02    9.511724999999999E-05    7.480309000000000E-03    3.454212999999999E-03    1.187680000000000E-03    3.276414000000001E-04    2.776273000000000E-04    0.000000000000000E+00    0.000000000000000E+00    0.000000000000000E+00    0.000000000000000E+00    0.000000000000000E+00    1.172719000000000E-04    0.000000000000000E+00    3.709578000000000E-02    1.487588306975800E+42    4.186946468380000E+11    9.803393366898999E+10
                      165    8.387184417359721E+29    6.744143445513087E+33    1.087074723818526E+15    1.347628008058558E+09    7.004373431913202E-13    4.299765390888509E+02    2.132313094128155E+04    2.028705496441501E+04    2.456646680830000E-01    4.449515981487745E+00    6.744665403104145E+33    1.087123186117598E+15    3.133972000000000E-14    0.000000000000000E+00    8.364199000000000E-01    4.051600000000000E-02    1.876786000000000E-03    5.330378000000000E-02    1.764809000000000E-02    9.511724999999999E-05    7.480309000000000E-03    3.454212999999999E-03    1.187680000000000E-03    3.276414000000001E-04    2.776273000000000E-04    0.000000000000000E+00    0.000000000000000E+00    0.000000000000000E+00    0.000000000000000E+00    0.000000000000000E+00    1.172719000000000E-04    0.000000000000000E+00    3.709578000000000E-02    1.487504773784100E+42    4.218617132214000E+11    9.866734694567000E+10
                      166    1.043623880070419E+30    6.745187360695203E+33    1.087171648416670E+15    1.347645538037313E+09    7.070964736131273E-13    4.299765390888509E+02    2.136778207859988E+04    2.028705496441501E+04    2.452479614446600E-01    4.432752096184679E+00    6.745775930016929E+33    1.087225247294701E+15    3.133972000000000E-14    0.000000000000000E+00    8.364199000000000E-01    4.051600000000000E-02    1.876786000000000E-03    5.330378000000000E-02    1.764809000000000E-02    9.511724999999999E-05    7.480309000000000E-03    3.454212999999999E-03    1.187680000000000E-03    3.276414000000001E-04    2.776273000000000E-04    0.000000000000000E+00    0.000000000000000E+00    0.000000000000000E+00    0.000000000000000E+00    0.000000000000000E+00    1.172719000000000E-04    0.000000000000000E+00    3.709578000000000E-02    1.496585908675400E+42    4.260287796048000E+11    9.956758677570999E+10
                      167    1.177513458713872E+30    6.746364499338656E+33    1.087278846172732E+15    1.347658068016068E+09    7.121775432970028E-13    4.299765390888509E+02    2.136778207859988E+04    2.028705496441501E+04    2.448396081254900E-01    4.414111362810551E+00    6.746857624986590E+33    1.087323696529229E+15    3.133972000000000E-14    0.000000000000000E+00    8.364199000000000E-01    4.051600000000000E-02    1.876786000000000E-03    5.330378000000000E-02    1.764809000000000E-02    9.511724999999999E-05    7.480309000000000E-03    3.454212999999999E-03    1.187680000000000E-03    3.276414000000001E-04    2.776273000000000E-04    0.000000000000000E+00    0.000000000000000E+00    0.000000000000000E+00    0.000000000000000E+00    0.000000000000000E+00    1.172719000000000E-04    0.000000000000000E+00    3.709578000000000E-02    1.496502375483700E+42    4.282793791799000E+11    1.002926467332200E+11
                      168    9.857557841264552E+29    6.747350750634522E+33    1.087368546885727E+15    1.347664344996947E+09    7.087264993288493E-13    4.299765390888509E+02    2.136778207859988E+04    2.028705496441501E+04    2.450479614446600E-01    4.398571933306567E+00    6.747766328297499E+33    1.087406978192215E+15    3.133972000000000E-14    0.000000000000000E+00    8.364199000000000E-01    4.051600000000000E-02    1.876786000000000E-03    5.330378000000000E-02    1.764809000000000E-02    9.511724999999999E-05    7.480309000000000E-03    3.454212999999999E-03    1.187680000000000E-03    3.276414000000001E-04    2.776273000000000E-04    0.000000000000000E+00    0.000000000000000E+00    0.000000000000000E+00    0.000000000000000E+00    0.000000000000000E+00    1.172719000000000E-04    0.000000000000000E+00    3.709578000000000E-02    1.496418842292000E+42    4.270287796048000E+11    9.993417349903000E+10
                      169    8.323573197186221E+29    6.748181905960474E+33    1.087445409498704E+15    1.347668951313993E+09    7.083699618873261E-13    4.299765390888509E+02    2.137228583466740E+04    2.028705496441501E+04    2.451646680830000E-01    4.385257381725865E+00    6.748541808147070E+33    1.087478584911121E+15    3.133972000000000E-14    0.000000000000000E+00    8.364199000000000E-01    4.051600000000000E-02    1.876786000000000E-03    5.330378000000000E-02    1.764809000000000E-02    9.511724999999999E-05    7.480309000000000E-03    3.454212999999999E-03    1.187680000000000E-03    3.276414000000001E-04    2.776273000000000E-04    0.000000000000000E+00    0.000000000000000E+00    0.000000000000000E+00    0.000000000000000E+00    0.000000000000000E+00    1.172719000000000E-04    0.000000000000000E+00    3.709578000000000E-02    1.505583510375000E+42    4.259452464131000E+11    9.966734694567000E+10
                      170    7.191289103596181E+29    6.748901710333666E+33    1.087511760323538E+15    1.347667722299121E+09    7.065635108309436E-13    4.299765390888509E+02    2.137228583466740E+04    2.028705496441501E+04    2.452646680830000E-01    4.373786595398715E+00    6.749232780577137E+33    1.087542433525110E+15    3.133972000000000E-14    0.000000000000000E+00    8.364199000000000E-01    4.051600000000000E-02    1.876786000000000E-03    5.330378000000000E-02    1.764809000000000E-02    9.511724999999999E-05    7.480309000000000E-03    3.454212999999999E-03    1.187680000000000E-03    3.276414000000001E-04    2.776273000000000E-04    0.000000000000000E+00    0.000000000000000E+00    0.000000000000000E+00    0.000000000000000E+00    0.000000000000000E+00    1.172719000000000E-04    0.000000000000000E+00    3.709578000000000E-02    1.505499977183300E+42    4.257781800297000E+11    9.957570026484000E+10
                      171    6.622593938527185E+29    6.749563850820609E+33    1.087573106726683E+15    1.347666075618291E+09    7.065635108309436E-13    4.299765390888509E+02    2.137228583466740E+04    2.028705496441501E+04    2.452730214021700E-01    4.363179706851263E+00    6.749886967424598E+33    1.087603020927157E+15    3.133972000000000E-14    0.000000000000000E+00    8.364199000000000E-01    4.051600000000000E-02    1.876786000000000E-03    5.330378000000000E-02    1.764809000000000E-02    9.511724999999999E-05    7.480309000000000E-03    3.454212999999999E-03    1.187680000000000E-03    3.276414000000001E-04    2.776273000000000E-04    0.000000000000000E+00    0.000000000000000E+00    0.000000000000000E+00    0.000000000000000E+00    0.000000000000000E+00    1.172719000000000E-04    0.000000000000000E+00    3.709578000000000E-02    1.505499977183300E+42    4.256946468380000E+11    9.966734694567000E+10
                      172    6.472222430465515E+29    6.750210084028586E+33    1.087632935127632E+15    1.347669011271502E+09    7.080150625865452E-13    4.299765390888509E+02    2.137228583466740E+04    2.028705496441501E+04    2.451730214021700E-01    4.352818598143076E+00    6.750527235402963E+33    1.087662099622976E+15    3.133972000000000E-14    0.000000000000000E+00    8.364199000000000E-01    4.051600000000000E-02    1.876786000000000E-03    5.330378000000000E-02    1.764809000000000E-02    9.511724999999999E-05    7.480309000000000E-03    3.454212999999999E-03    1.187680000000000E-03    3.276414000000001E-04    2.776273000000000E-04    0.000000000000000E+00    0.000000000000000E+00    0.000000000000000E+00    0.000000000000000E+00    0.000000000000000E+00    1.172719000000000E-04    0.000000000000000E+00    3.709578000000000E-02    1.505416443991600E+42    4.266946468380000E+11    9.975899362650000E+10
                      173    6.333166962977988E+29    6.750844386777339E+33    1.087691264118319E+15    1.347671111592797E+09    7.081923079405659E-13    4.299765390888509E+02    2.137228583466740E+04    2.028705496441501E+04    2.450813747213400E-01    4.342718302794342E+00    6.751119781544431E+33    1.087716663815036E+15    3.133972000000000E-14    0.000000000000000E+00    8.364199000000000E-01    4.051600000000000E-02    1.876786000000000E-03    5.330378000000000E-02    1.764809000000000E-02    9.511724999999999E-05    7.480309000000000E-03    3.454212999999999E-03    1.187680000000000E-03    3.276414000000001E-04    2.776273000000000E-04    0.000000000000000E+00    0.000000000000000E+00    0.000000000000000E+00    0.000000000000000E+00    0.000000000000000E+00    1.172719000000000E-04    0.000000000000000E+00    3.709578000000000E-02    1.514581112074600E+42    4.266946468380000E+11    9.994228698816000E+10
                      174    5.500235987011672E+29    6.751395176311522E+33    1.087742063511754E+15    1.347668211914092E+09    7.078382248855263E-13    4.299765390888509E+02    2.137228583466740E+04    2.028705496441501E+04    2.451813747213400E-01    4.333921800174745E+00    6.751680513127967E+33    1.087768341053159E+15    3.133972000000000E-14    0.000000000000000E+00    8.364199000000000E-01    4.051600000000000E-02    1.876786000000000E-03    5.330378000000000E-02    1.764809000000000E-02    9.511724999999999E-05    7.480309000000000E-03    3.454212999999999E-03    1.187680000000000E-03    3.276414000000001E-04    2.776273000000000E-04    0.000000000000000E+00    0.000000000000000E+00    0.000000000000000E+00    0.000000000000000E+00    0.000000000000000E+00    1.172719000000000E-04    0.000000000000000E+00    3.709578000000000E-02    1.514497578882900E+42    4.266111136463000E+11    9.985064030733000E+10
                      175    5.717970844672848E+29    6.751965849944413E+33    1.087794618594564E+15    1.347666147567303E+09    7.096472058685466E-13    4.299765390888509E+02    2.137228583466740E+04    2.028705496441501E+04    2.449813747213400E-01    4.324805985260987E+00    6.752261128810211E+33    1.087821648864556E+15    3.133972000000000E-14    0.000000000000000E+00    8.364199000000000E-01    4.051600000000000E-02    1.876786000000000E-03    5.330378000000000E-02    1.764809000000000E-02    9.511724999999999E-05    7.480309000000000E-03    3.454212999999999E-03    1.187680000000000E-03    3.276414000000001E-04    2.776273000000000E-04    0.000000000000000E+00    0.000000000000000E+00    0.000000000000000E+00    0.000000000000000E+00    0.000000000000000E+00    1.172719000000000E-04    0.000000000000000E+00    3.709578000000000E-02    1.514497578882900E+42    4.276111136463000E+11    1.000339336689900E+11
                      176    5.895929551280583E+29    6.752556407676009E+33    1.087848679134547E+15    1.347664083220515E+09    7.111054576826289E-13    4.299765390888509E+02    2.137228583466740E+04    2.028705496441501E+04    2.448813747213400E-01    4.315413668460350E+00    6.752858645976356E+33    1.087876346419060E+15    3.133972000000000E-14    0.000000000000000E+00    8.364199000000000E-01    4.051600000000000E-02    1.876786000000000E-03    5.330378000000000E-02    1.764809000000000E-02    9.511724999999999E-05    7.480309000000000E-03    3.454212999999999E-03    1.187680000000000E-03    3.276414000000001E-04    2.776273000000000E-04    0.000000000000000E+00    0.000000000000000E+00    0.000000000000000E+00    0.000000000000000E+00    0.000000000000000E+00    1.172719000000000E-04    0.000000000000000E+00    3.709578000000000E-02    1.514414045691200E+42    4.286111136463000E+11    1.003007602223500E+11
                      177    6.061532278951800E+29    6.753160884276703E+33    1.087904013703574E+15    1.347661601207767E+09    7.127447250610819E-13    4.299765390888509E+02    2.137228583466740E+04    2.028705496441501E+04    2.447813747213400E-01    4.305781164439258E+00    6.753456163142501E+33    1.087930680349030E+15    3.133972000000000E-14    0.000000000000000E+00    8.364199000000000E-01    4.051600000000000E-02    1.876786000000000E-03    5.330378000000000E-02    1.764809000000000E-02    9.511724999999999E-05    7.480309000000000E-03    3.454212999999999E-03    1.187680000000000E-03    3.276414000000001E-04    2.776273000000000E-04    0.000000000000000E+00    0.000000000000000E+00    0.000000000000000E+00    0.000000000000000E+00    0.000000000000000E+00    1.172719000000000E-04    0.000000000000000E+00    3.709578000000000E-02    1.514414045691200E+42    4.296111136463000E+11    1.004840535840100E+11
                      178    5.899051354777579E+29    6.753751442008299E+33    1.087957346994485E+15    1.347658701529062E+09    7.143877713411139E-13    4.334609047585728E+02    2.141703990348774E+04    2.032950054959206E+04    2.447813747213400E-01    4.296475272870161E+00    6.754006952676683E+33    1.087980363517088E+15    3.133972000000000E-14    0.000000000000000E+00    8.364199000000000E-01    4.051600000000000E-02    1.876786000000000E-03    5.330378000000000E-02    1.764809000000000E-02    9.511724999999999E-05    7.480309000000000E-03    3.454212999999999E-03    1.187680000000000E-03    3.276414000000001E-04    2.776273000000000E-04    0.000000000000000E+00    0.000000000000000E+00    0.000000000000000E+00    0.000000000000000E+00    0.000000000000000E+00    1.172719000000000E-04    0.000000000000000E+00    3.709578000000000E-02    1.523495180582500E+42    4.296946468380000E+11    1.006673469456700E+11
                      179    5.116490777655784E+29    6.754262463345068E+33    1.088003380039692E+15    1.347654966518440E+09    7.127447250610819E-13    4.339550630206883E+02    2.141703990348774E+04    2.033382145600744E+04    2.447897280405100E-01    4.288461602667303E+00    6.754462298537073E+33    1.088021618587762E+15    3.133972000000000E-14    0.000000000000000E+00    8.364199000000000E-01    4.051600000000000E-02    1.876786000000000E-03    5.330378000000000E-02    1.764809000000000E-02    9.511724999999999E-05    7.480309000000000E-03    3.454212999999999E-03    1.187680000000000E-03    3.276414000000001E-04    2.776273000000000E-04    0.000000000000000E+00    0.000000000000000E+00    0.000000000000000E+00    0.000000000000000E+00    0.000000000000000E+00    1.172719000000000E-04    0.000000000000000E+00    3.709578000000000E-02    1.523495180582500E+42    4.295275804546000E+11    1.005757002648400E+11
                      180    3.986393934923512E+29    6.754662133729079E+33    1.088039857135833E+15    1.347650396175900E+09    7.123898257603010E-13    4.339550630206883E+02    2.141703990348774E+04    2.033382145600744E+04    2.448980813596800E-01    4.282111447670695E+00    6.754862963126020E+33    1.088058105720507E+15    3.133972000000000E-14    0.000000000000000E+00    8.364199000000000E-01    4.051600000000000E-02    1.876786000000000E-03    5.330378000000000E-02    1.764809000000000E-02    9.511724999999999E-05    7.480309000000000E-03    3.454212999999999E-03    1.187680000000000E-03    3.276414000000001E-04    2.776273000000000E-04    0.000000000000000E+00    0.000000000000000E+00    0.000000000000000E+00    0.000000000000000E+00    0.000000000000000E+00    1.172719000000000E-04    0.000000000000000E+00    3.709578000000000E-02    1.523411647390800E+42    4.284440472629000E+11    1.004005203923100E+11
                      181    4.020419604630897E+29    6.755063792522961E+33    1.088076354305180E+15    1.347645825833360E+09    7.123898257603010E-13    4.339550630206883E+02    2.141703990348774E+04    2.033382145600744E+04    2.447980813596800E-01    4.275759579764310E+00    6.755266610329771E+33    1.088094854049446E+15    3.133972000000000E-14    0.000000000000000E+00    8.364199000000000E-01    4.051600000000000E-02    1.876786000000000E-03    5.330378000000000E-02    1.764809000000000E-02    9.511724999999999E-05    7.480309000000000E-03    3.454212999999999E-03    1.187680000000000E-03    3.276414000000001E-04    2.776273000000000E-04    0.000000000000000E+00    0.000000000000000E+00    0.000000000000000E+00    0.000000000000000E+00    0.000000000000000E+00    1.172719000000000E-04    0.000000000000000E+00    3.709578000000000E-02    1.523411647390800E+42    4.294440472629000E+11    1.005757002648400E+11
                      182    4.059674792298218E+29    6.755469428136583E+33    1.088113353793711E+15    1.347645837824863E+09    7.140320539129509E-13    4.339550630206883E+02    2.142155404178525E+04    2.033382145600744E+04    2.447897280405100E-01    4.269305817827654E+00    6.755665286508846E+33    1.088131218352219E+15    3.133972000000000E-14    0.000000000000000E+00    8.364199000000000E-01    4.051600000000000E-02    1.876786000000000E-03    5.330378000000000E-02    1.764809000000000E-02    9.511724999999999E-05    7.480309000000000E-03    3.454212999999999E-03    1.187680000000000E-03    3.276414000000001E-04    2.776273000000000E-04    0.000000000000000E+00    0.000000000000000E+00    0.000000000000000E+00    0.000000000000000E+00    0.000000000000000E+00    1.172719000000000E-04    0.000000000000000E+00    3.709578000000000E-02    1.523411647390800E+42    4.294440472629000E+11    1.006673469456700E+11
                      183    3.919265217688746E+29    6.755861144881110E+33    1.088149082910726E+15    1.347645432150406E+09    7.140320539129509E-13    4.339550630206883E+02    2.142155404178525E+04    2.033382145600744E+04    2.446980813596800E-01    4.263076496414976E+00    6.756045072794150E+33    1.088165695238336E+15    3.133972000000000E-14    0.000000000000000E+00    8.364199000000000E-01    4.051600000000000E-02    1.876786000000000E-03    5.330378000000000E-02    1.764809000000000E-02    9.511724999999999E-05    7.480309000000000E-03    3.454212999999999E-03    1.187680000000000E-03    3.276414000000001E-04    2.776273000000000E-04    0.000000000000000E+00    0.000000000000000E+00    0.000000000000000E+00    0.000000000000000E+00    0.000000000000000E+00    1.172719000000000E-04    0.000000000000000E+00    3.709578000000000E-02    1.523411647390800E+42    4.303605140712000E+11    1.007589936265000E+11
                      184    3.676044910714831E+29    6.756229000707189E+33    1.088182307565946E+15    1.347640444141908E+09    7.140320539129509E-13    4.339550630206883E+02    2.142155404178525E+04    2.033382145600744E+04    2.446980813596800E-01    4.257283364467312E+00    6.756399009751134E+33    1.088197667547923E+15    3.133972000000000E-14    0.000000000000000E+00    8.364199000000000E-01    4.051600000000000E-02    1.876786000000000E-03    5.330378000000000E-02    1.764809000000000E-02    9.511724999999999E-05    7.480309000000000E-03    3.454212999999999E-03    1.187680000000000E-03    3.276414000000001E-04    2.776273000000000E-04    0.000000000000000E+00    0.000000000000000E+00    0.000000000000000E+00    0.000000000000000E+00    0.000000000000000E+00    1.172719000000000E-04    0.000000000000000E+00    3.709578000000000E-02    1.532492782282100E+42    4.303605140712000E+11    1.008506403073300E+11
                      185    3.400725703198237E+29    6.756569018795078E+33    1.088213027529899E+15    1.347635038467452E+09    7.140320539129509E-13    4.339550630206883E+02    2.142155404178525E+04    2.033382145600744E+04    2.446980813596800E-01    4.251926461996045E+00    6.756715166920575E+33    1.088226113900874E+15    3.133972000000000E-14    0.000000000000000E+00    8.364199000000000E-01    4.051600000000000E-02    1.876786000000000E-03    5.330378000000000E-02    1.764809000000000E-02    9.511724999999999E-05    7.480309000000000E-03    3.454212999999999E-03    1.187680000000000E-03    3.276414000000001E-04    2.776273000000000E-04    0.000000000000000E+00    0.000000000000000E+00    0.000000000000000E+00    0.000000000000000E+00    0.000000000000000E+00    1.172719000000000E-04    0.000000000000000E+00    3.709578000000000E-02    1.532492782282100E+42    4.303605140712000E+11    1.008506403073300E+11
                      186    2.916716914522272E+29    6.756861315046071E+33    1.088239200271848E+15    1.347633379795120E+09    7.138548085589303E-13    4.339550630206883E+02    2.142155404178525E+04    2.033382145600744E+04    2.447064346788500E-01    4.247364012901889E+00    6.756985590662991E+33    1.088250532883927E+15    3.133972000000000E-14    0.000000000000000E+00    8.364199000000000E-01    4.051600000000000E-02    1.876786000000000E-03    5.330378000000000E-02    1.764809000000000E-02    9.511724999999999E-05    7.480309000000000E-03    3.454212999999999E-03    1.187680000000000E-03    3.276414000000001E-04    2.776273000000000E-04    0.000000000000000E+00    0.000000000000000E+00    0.000000000000000E+00    0.000000000000000E+00    0.000000000000000E+00    1.172719000000000E-04    0.000000000000000E+00    3.709578000000000E-02    1.532492782282100E+42    4.302769808795000E+11    1.008506403073300E+11
                      187    2.490851218875387E+29    6.757109866279909E+33    1.088261865496005E+15    1.347631303456829E+09    7.136779708579113E-13    4.339550630206883E+02    2.142155404178525E+04    2.033382145600744E+04    2.447147879980200E-01    4.243413081127628E+00    6.757221217232667E+33    1.088271935984879E+15    3.133972000000000E-14    0.000000000000000E+00    8.364199000000000E-01    4.051600000000000E-02    1.876786000000000E-03    5.330378000000000E-02    1.764809000000000E-02    9.511724999999999E-05    7.480309000000000E-03    3.454212999999999E-03    1.187680000000000E-03    3.276414000000001E-04    2.776273000000000E-04    0.000000000000000E+00    0.000000000000000E+00    0.000000000000000E+00    0.000000000000000E+00    0.000000000000000E+00    1.172719000000000E-04    0.000000000000000E+00    3.709578000000000E-02    1.532492782282100E+42    4.301934476878000E+11    1.007589936265000E+11
                      188    2.216983550564403E+29    6.757332568185427E+33    1.088282006473752E+15    1.347624644784497E+09    7.136779708579113E-13    4.339550630206883E+02    2.142155404178525E+04    2.033382145600744E+04    2.447147879980200E-01    4.239902435195018E+00    6.757430994474026E+33    1.088290949491490E+15    3.133972000000000E-14    0.000000000000000E+00    8.364199000000000E-01    4.051600000000000E-02    1.876786000000000E-03    5.330378000000000E-02    1.764809000000000E-02    9.511724999999999E-05    7.480309000000000E-03    3.454212999999999E-03    1.187680000000000E-03    3.276414000000001E-04    2.776273000000000E-04    0.000000000000000E+00    0.000000000000000E+00    0.000000000000000E+00    0.000000000000000E+00    0.000000000000000E+00    1.172719000000000E-04    0.000000000000000E+00    3.709578000000000E-02    1.532409249090400E+42    4.301934476878000E+11    1.006754604348000E+11
                      189    1.978343744568629E+29    6.757529420762626E+33    1.088299892509227E+15    1.347622150780248E+09    7.136779708579113E-13    4.339550630206883E+02    2.142155404178525E+04    2.033382145600744E+04    2.447147879980200E-01    4.236784382978777E+00    6.757619893411742E+33    1.088308199761084E+15    3.133972000000000E-14    0.000000000000000E+00    8.364199000000000E-01    4.051600000000000E-02    1.876786000000000E-03    5.330378000000000E-02    1.764809000000000E-02    9.511724999999999E-05    7.480309000000000E-03    3.454212999999999E-03    1.187680000000000E-03    3.276414000000001E-04    2.776273000000000E-04    0.000000000000000E+00    0.000000000000000E+00    0.000000000000000E+00    0.000000000000000E+00    0.000000000000000E+00    1.172719000000000E-04    0.000000000000000E+00    3.709578000000000E-02    1.532409249090400E+42    4.301934476878000E+11    1.007671071156300E+11
                      190    1.814877762144464E+29    6.757710366060860E+33    1.088316507012940E+15    1.347624239110041E+09    7.136779708579113E-13    4.339550630206883E+02    2.142155404178525E+04    2.033382145600744E+04    2.447147879980200E-01    4.233888514416219E+00    6.757797856095170E+33    1.088324438494839E+15    3.133972000000000E-14    0.000000000000000E+00    8.364199000000000E-01    4.051600000000000E-02    1.876786000000000E-03    5.330378000000000E-02    1.764809000000000E-02    9.511724999999999E-05    7.480309000000000E-03    3.454212999999999E-03    1.187680000000000E-03    3.276414000000001E-04    2.776273000000000E-04    0.000000000000000E+00    0.000000000000000E+00    0.000000000000000E+00    0.000000000000000E+00    0.000000000000000E+00    1.172719000000000E-04    0.000000000000000E+00    3.709578000000000E-02    1.532409249090400E+42    4.301934476878000E+11    1.007671071156300E+11
                      191    1.733730556480290E+29    6.757885346129480E+33    1.088332369976738E+15    1.347621745105792E+09    7.136779708579113E-13    4.339550630206883E+02    2.142155404178525E+04    2.033382145600744E+04    2.447147879980200E-01    4.231123491662496E+00    6.757966870934179E+33    1.088339800371622E+15    3.133972000000000E-14    0.000000000000000E+00    8.364199000000000E-01    4.051600000000000E-02    1.876786000000000E-03    5.330378000000000E-02    1.764809000000000E-02    9.511724999999999E-05    7.480309000000000E-03    3.454212999999999E-03    1.187680000000000E-03    3.276414000000001E-04    2.776273000000000E-04    0.000000000000000E+00    0.000000000000000E+00    0.000000000000000E+00    0.000000000000000E+00    0.000000000000000E+00    1.172719000000000E-04    0.000000000000000E+00    3.709578000000000E-02    1.532409249090400E+42    4.301934476878000E+11    1.007671071156300E+11
                      192    1.639060374126485E+29    6.758048395738877E+33    1.088347230766506E+15    1.347619251101542E+09    7.151463307906728E-13    4.339550630206883E+02    2.142155404178525E+04    2.033382145600744E+04    2.447147879980200E-01    4.228527572959384E+00    6.758151793052154E+33    1.088356550228521E+15    3.133972000000000E-14    0.000000000000000E+00    8.364199000000000E-01    4.051600000000000E-02    1.876786000000000E-03    5.330378000000000E-02    1.764809000000000E-02    9.511724999999999E-05    7.480309000000000E-03    3.454212999999999E-03    1.187680000000000E-03    3.276414000000001E-04    2.776273000000000E-04    0.000000000000000E+00    0.000000000000000E+00    0.000000000000000E+00    0.000000000000000E+00    0.000000000000000E+00    1.172719000000000E-04    0.000000000000000E+00    3.709578000000000E-02    1.532409249090400E+42    4.301934476878000E+11    1.007671071156300E+11
                      193    2.059127667749427E+29    6.758255190365431E+33    1.088365869690536E+15    1.347617174763252E+09    7.153231684916917E-13    4.339550630206883E+02    2.142155404178525E+04    2.033382145600744E+04    2.446147879980200E-01    4.225272281295884E+00    6.758376483367543E+33    1.088376692973051E+15    3.133972000000000E-14    0.000000000000000E+00    8.364199000000000E-01    4.051600000000000E-02    1.876786000000000E-03    5.330378000000000E-02    1.764809000000000E-02    9.511724999999999E-05    7.480309000000000E-03    3.454212999999999E-03    1.187680000000000E-03    3.276414000000001E-04    2.776273000000000E-04    0.000000000000000E+00    0.000000000000000E+00    0.000000000000000E+00    0.000000000000000E+00    0.000000000000000E+00    1.172719000000000E-04    0.000000000000000E+00    3.709578000000000E-02    1.532409249090400E+42    4.311934476878000E+11    1.010339336689900E+11
                      194    2.426629556871582E+29    6.758497776369655E+33    1.088387516255567E+15    1.347610516090920E+09    7.169721586977029E-13    4.339550630206883E+02    2.142155404178525E+04    2.033382145600744E+04    2.445147879980200E-01    4.221485191676580E+00    6.758612109937221E+33    1.088397472027982E+15    3.133972000000000E-14    0.000000000000000E+00    8.364199000000000E-01    4.051600000000000E-02    1.876786000000000E-03    5.330378000000000E-02    1.764809000000000E-02    9.511724999999999E-05    7.480309000000000E-03    3.454212999999999E-03    1.187680000000000E-03    3.276414000000001E-04    2.776273000000000E-04    0.000000000000000E+00    0.000000000000000E+00    0.000000000000000E+00    0.000000000000000E+00    0.000000000000000E+00    1.172719000000000E-04    0.000000000000000E+00    3.709578000000000E-02    1.532325715898700E+42    4.312769808795000E+11    1.011255803498200E+11
                      195    2.287232082886295E+29    6.758726443504786E+33    1.088407427800398E+15    1.347608439752630E+09    7.167949133436822E-13    4.339550630206883E+02    2.142155404178525E+04    2.033382145600744E+04    2.445147879980200E-01    4.218001315469582E+00    6.758817910358837E+33    1.088415485254482E+15    3.133972000000000E-14    0.000000000000000E+00    8.364199000000000E-01    4.051600000000000E-02    1.876786000000000E-03    5.330378000000000E-02    1.764809000000000E-02    9.511724999999999E-05    7.480309000000000E-03    3.454212999999999E-03    1.187680000000000E-03    3.276414000000001E-04    2.776273000000000E-04    0.000000000000000E+00    0.000000000000000E+00    0.000000000000000E+00    0.000000000000000E+00    0.000000000000000E+00    1.172719000000000E-04    0.000000000000000E+00    3.709578000000000E-02    1.541490383981700E+42    4.312769808795000E+11    1.012172270306500E+11
                      196    1.840659285686948E+29    6.758909377212891E+33    1.088423542708567E+15    1.347610528082422E+09    7.167949133436822E-13    4.339550630206883E+02    2.142155404178525E+04    2.033382145600744E+04    2.445231413171900E-01    4.215182294160567E+00    6.758977977353429E+33    1.088429585877440E+15    3.133972000000000E-14    0.000000000000000E+00    8.364199000000000E-01    4.051600000000000E-02    1.876786000000000E-03    5.330378000000000E-02    1.764809000000000E-02    9.511724999999999E-05    7.480309000000000E-03    3.454212999999999E-03    1.187680000000000E-03    3.276414000000001E-04    2.776273000000000E-04    0.000000000000000E+00    0.000000000000000E+00    0.000000000000000E+00    0.000000000000000E+00    0.000000000000000E+00    1.172719000000000E-04    0.000000000000000E+00    3.709578000000000E-02    1.541490383981700E+42    4.311934476878000E+11    1.011255803498200E+11
                      197    1.373377796207242E+29    6.759046577493968E+33    1.088435629046313E+15    1.347607198746256E+09    7.166180756426633E-13    4.339550630206883E+02    2.142155404178525E+04    2.033382145600744E+04    2.446231413171900E-01    4.213067616135654E+00    6.759100264560478E+33    1.088440419162012E+15    3.133972000000000E-14    0.000000000000000E+00    8.364199000000000E-01    4.051600000000000E-02    1.876786000000000E-03    5.330378000000000E-02    1.764809000000000E-02    9.511724999999999E-05    7.480309000000000E-03    3.454212999999999E-03    1.187680000000000E-03    3.276414000000001E-04    2.776273000000000E-04    0.000000000000000E+00    0.000000000000000E+00    0.000000000000000E+00    0.000000000000000E+00    0.000000000000000E+00    1.172719000000000E-04    0.000000000000000E+00    3.709578000000000E-02    1.541490383981700E+42    4.311099144961000E+11    1.011255803498200E+11
                      198    1.068146342482777E+29    6.759153951626986E+33    1.088445209277710E+15    1.347603451744132E+09    7.151463307906728E-13    4.339550630206883E+02    2.142155404178525E+04    2.033382145600744E+04    2.446231413171900E-01    4.211394394801002E+00    6.759208632898431E+33    1.088450115320123E+15    3.133972000000000E-14    0.000000000000000E+00    8.364199000000000E-01    4.051600000000000E-02    1.876786000000000E-03    5.330378000000000E-02    1.764809000000000E-02    9.511724999999999E-05    7.480309000000000E-03    3.454212999999999E-03    1.187680000000000E-03    3.276414000000001E-04    2.776273000000000E-04    0.000000000000000E+00    0.000000000000000E+00    0.000000000000000E+00    0.000000000000000E+00    0.000000000000000E+00    1.172719000000000E-04    0.000000000000000E+00    3.709578000000000E-02    1.541490383981700E+42    4.311099144961000E+11    1.010339336689900E+11
                      199    1.093950931579761E+29    6.759263314169875E+33    1.088455021362536E+15    1.347604704742007E+09    7.166180756426633E-13    4.339550630206883E+02    2.142155404178525E+04    2.033382145600744E+04    2.446231413171900E-01    4.209677975170346E+00    6.759317995441319E+33    1.088459820992165E+15    3.133972000000000E-14    0.000000000000000E+00    8.364199000000000E-01    4.051600000000000E-02    1.876786000000000E-03    5.330378000000000E-02    1.764809000000000E-02    9.511724999999999E-05    7.480309000000000E-03    3.454212999999999E-03    1.187680000000000E-03    3.276414000000001E-04    2.776273000000000E-04    0.000000000000000E+00    0.000000000000000E+00    0.000000000000000E+00    0.000000000000000E+00    0.000000000000000E+00    1.172719000000000E-04    0.000000000000000E+00    3.709578000000000E-02    1.541490383981700E+42    4.311099144961000E+11    1.011255803498200E+11
                      200    1.101267683380969E+29    6.759372676712762E+33    1.088464620621795E+15    1.347601375405841E+09    7.166180756426633E-13    4.339550630206883E+02    2.142155404178525E+04    2.033382145600744E+04    2.446231413171900E-01    4.207997164594399E+00    6.759421392754595E+33    1.088468890747202E+15    3.133972000000000E-14    0.000000000000000E+00    8.364199000000000E-01    4.051600000000000E-02    1.876786000000000E-03    5.330378000000000E-02    1.764809000000000E-02    9.511724999999999E-05    7.480309000000000E-03    3.454212999999999E-03    1.187680000000000E-03    3.276414000000001E-04    2.776273000000000E-04    0.000000000000000E+00    0.000000000000000E+00    0.000000000000000E+00    0.000000000000000E+00    0.000000000000000E+00    1.172719000000000E-04    0.000000000000000E+00    3.709578000000000E-02    1.541490383981700E+42    4.311099144961000E+11    1.011255803498200E+11
                      201    9.549149505089671E+28    6.759470108796427E+33    1.088473160872610E+15    1.347597628403717E+09    7.166180756426633E-13    4.339550630206883E+02    2.142155404178525E+04    2.033382145600744E+04    2.446231413171900E-01    4.206503813137388E+00    6.759509876993840E+33    1.088476688564220E+15    3.133972000000000E-14    0.000000000000000E+00    8.364199000000000E-01    4.051600000000000E-02    1.876786000000000E-03    5.330378000000000E-02    1.764809000000000E-02    9.511724999999999E-05    7.480309000000000E-03    3.454212999999999E-03    1.187680000000000E-03    3.276414000000001E-04    2.776273000000000E-04    0.000000000000000E+00    0.000000000000000E+00    0.000000000000000E+00    0.000000000000000E+00    0.000000000000000E+00    1.172719000000000E-04    0.000000000000000E+00    3.709578000000000E-02    1.541490383981700E+42    4.311099144961000E+11    1.011255803498200E+11
                      202    7.999641345150800E+28    6.759549645191254E+33    1.088480216255830E+15    1.347598463735634E+09    7.164416446570705E-13    4.339550630206883E+02    2.142155404178525E+04    2.033382145600744E+04    2.446231413171900E-01    4.205269457442066E+00    6.759586430773863E+33    1.088483493336914E+15    3.133972000000000E-14    0.000000000000000E+00    8.364199000000000E-01    4.051600000000000E-02    1.876786000000000E-03    5.330378000000000E-02    1.764809000000000E-02    9.511724999999999E-05    7.480309000000000E-03    3.454212999999999E-03    1.187680000000000E-03    3.276414000000001E-04    2.776273000000000E-04    0.000000000000000E+00    0.000000000000000E+00    0.000000000000000E+00    0.000000000000000E+00    0.000000000000000E+00    1.172719000000000E-04    0.000000000000000E+00    3.709578000000000E-02    1.541490383981700E+42    4.310263813044000E+11    1.011255803498200E+11
                      203    7.324379341471613E+28    6.759623216356471E+33    1.088486770417998E+15    1.347599299067551E+09    7.164416446570705E-13    4.339550630206883E+02    2.142155404178525E+04    2.033382145600744E+04    2.446231413171900E-01    4.204122680084388E+00    6.759659007734143E+33    1.088489922201411E+15    3.133972000000000E-14    0.000000000000000E+00    8.364199000000000E-01    4.051600000000000E-02    1.876786000000000E-03    5.330378000000000E-02    1.764809000000000E-02    9.511724999999999E-05    7.480309000000000E-03    3.454212999999999E-03    1.187680000000000E-03    3.276414000000001E-04    2.776273000000000E-04    0.000000000000000E+00    0.000000000000000E+00    0.000000000000000E+00    0.000000000000000E+00    0.000000000000000E+00    1.172719000000000E-04    0.000000000000000E+00    3.709578000000000E-02    1.541490383981700E+42    4.310263813044000E+11    1.011255803498200E+11
                      204    7.317175332510074E+28    6.759694799111816E+33    1.088493073984824E+15    1.347600134399468E+09    7.164416446570705E-13    4.339550630206883E+02    2.142155404178525E+04    2.033382145600744E+04    2.445314946363600E-01    4.203020093818594E+00    6.759727607874682E+33    1.088495965721441E+15    3.133972000000000E-14    0.000000000000000E+00    8.364199000000000E-01    4.051600000000000E-02    1.876786000000000E-03    5.330378000000000E-02    1.764809000000000E-02    9.511724999999999E-05    7.480309000000000E-03    3.454212999999999E-03    1.187680000000000E-03    3.276414000000001E-04    2.776273000000000E-04    0.000000000000000E+00    0.000000000000000E+00    0.000000000000000E+00    0.000000000000000E+00    0.000000000000000E+00    1.172719000000000E-04    0.000000000000000E+00    3.709578000000000E-02    1.541490383981700E+42    4.310263813044000E+11    1.011255803498200E+11
                      205    6.524541470983323E+28    6.759760416637549E+33    1.088498857458058E+15    1.347596387397343E+09    7.164416446570705E-13    4.339550630206883E+02    2.142155404178525E+04    2.033382145600744E+04    2.445314946363600E-01    4.202009135415441E+00    6.759791236990545E+33    1.088501517430483E+15    3.133972000000000E-14    0.000000000000000E+00    8.364199000000000E-01    4.051600000000000E-02    1.876786000000000E-03    5.330378000000000E-02    1.764809000000000E-02    9.511724999999999E-05    7.480309000000000E-03    3.454212999999999E-03    1.187680000000000E-03    3.276414000000001E-04    2.776273000000000E-04    0.000000000000000E+00    0.000000000000000E+00    0.000000000000000E+00    0.000000000000000E+00    0.000000000000000E+00    1.172719000000000E-04    0.000000000000000E+00    3.709578000000000E-02    1.541490383981700E+42    4.310263813044000E+11    1.011255803498200E+11
                      206    6.210903616848507E+28    6.759822057343542E+33    1.088504177402908E+15    1.347592640395218E+09    7.164416446570705E-13    4.339550630206883E+02    2.142155404178525E+04    2.033382145600744E+04    2.445314946363600E-01    4.201077568376514E+00    6.759849895081730E+33    1.088506558462936E+15    3.133972000000000E-14    0.000000000000000E+00    8.364199000000000E-01    4.051600000000000E-02    1.876786000000000E-03    5.330378000000000E-02    1.764809000000000E-02    9.511724999999999E-05    7.480309000000000E-03    3.454212999999999E-03    1.187680000000000E-03    3.276414000000001E-04    2.776273000000000E-04    0.000000000000000E+00    0.000000000000000E+00    0.000000000000000E+00    0.000000000000000E+00    0.000000000000000E+00    1.172719000000000E-04    0.000000000000000E+00    3.709578000000000E-02    1.541490383981700E+42    4.310263813044000E+11    1.011255803498200E+11
                      207    5.422845086434232E+28    6.759877732819920E+33    1.088508939522963E+15    1.347593058061177E+09    7.164416446570705E-13    4.339550630206883E+02    2.142155404178525E+04    2.033382145600744E+04    2.445314946363600E-01    4.200245790566711E+00    6.759900599533433E+33    1.088510963492223E+15    3.133972000000000E-14    0.000000000000000E+00    8.364199000000000E-01    4.051600000000000E-02    1.876786000000000E-03    5.330378000000000E-02    1.764809000000000E-02    9.511724999999999E-05    7.480309000000000E-03    3.454212999999999E-03    1.187680000000000E-03    3.276414000000001E-04    2.776273000000000E-04    0.000000000000000E+00    0.000000000000000E+00    0.000000000000000E+00    0.000000000000000E+00    0.000000000000000E+00    1.172719000000000E-04    0.000000000000000E+00    3.709578000000000E-02    1.541406850790000E+42    4.310263813044000E+11    1.011255803498200E+11
                      208    4.726591439750085E+28    6.759923466246946E+33    1.088512987461484E+15    1.347593475727135E+09    7.164416446570705E-13    4.339550630206883E+02    2.142155404178525E+04    2.033382145600744E+04    2.445314946363600E-01    4.199537184560553E+00    6.759945338755524E+33    1.088514867260063E+15    3.133972000000000E-14    0.000000000000000E+00    8.364199000000000E-01    4.051600000000000E-02    1.876786000000000E-03    5.330378000000000E-02    1.764809000000000E-02    9.511724999999999E-05    7.480309000000000E-03    3.454212999999999E-03    1.187680000000000E-03    3.276414000000001E-04    2.776273000000000E-04    0.000000000000000E+00    0.000000000000000E+00    0.000000000000000E+00    0.000000000000000E+00    0.000000000000000E+00    1.172719000000000E-04    0.000000000000000E+00    3.709578000000000E-02    1.541406850790000E+42    4.310263813044000E+11    1.010420471581200E+11
                      209    4.227977780573842E+28    6.759967211264101E+33    1.088516747058643E+15    1.347593893393094E+09    7.164416446570705E-13    4.339550630206883E+02    2.142155404178525E+04    2.033382145600744E+04    2.445398479555300E-01    4.198880486933890E+00    6.759985106952938E+33    1.088518269760309E+15    3.133972000000000E-14    0.000000000000000E+00    8.364199000000000E-01    4.051600000000000E-02    1.876786000000000E-03    5.330378000000000E-02    1.764809000000000E-02    9.511724999999999E-05    7.480309000000000E-03    3.454212999999999E-03    1.187680000000000E-03    3.276414000000001E-04    2.776273000000000E-04    0.000000000000000E+00    0.000000000000000E+00    0.000000000000000E+00    0.000000000000000E+00    0.000000000000000E+00    1.172719000000000E-04    0.000000000000000E+00    3.709578000000000E-02    1.541406850790000E+42    4.310263813044000E+11    1.010420471581200E+11
                      210    3.634355909365775E+28    6.760003002641774E+33    1.088519792461975E+15    1.347594311059052E+09    7.164416446570705E-13    4.339550630206883E+02    2.142155404178525E+04    2.033382145600744E+04    2.445398479555300E-01    4.198346964976583E+00    6.760017915715805E+33    1.088521045668143E+15    3.133972000000000E-14    0.000000000000000E+00    8.364199000000000E-01    4.051600000000000E-02    1.876786000000000E-03    5.330378000000000E-02    1.764809000000000E-02    9.511724999999999E-05    7.480309000000000E-03    3.454212999999999E-03    1.187680000000000E-03    3.276414000000001E-04    2.776273000000000E-04    0.000000000000000E+00    0.000000000000000E+00    0.000000000000000E+00    0.000000000000000E+00    0.000000000000000E+00    1.172719000000000E-04    0.000000000000000E+00    3.709578000000000E-02    1.541406850790000E+42    4.310263813044000E+11    1.010420471581200E+11
                      211    2.943294000854022E+28    6.760032828789835E+33    1.088522298874310E+15    1.347594728725011E+09    7.164416446570705E-13    4.339550630206883E+02    2.142155404178525E+04    2.033382145600744E+04    2.445398479555300E-01    4.197909164069713E+00    6.760047741863864E+33    1.088523686833540E+15    3.133972000000000E-14    0.000000000000000E+00    8.364199000000000E-01    4.051600000000000E-02    1.876786000000000E-03    5.330378000000000E-02    1.764809000000000E-02    9.511724999999999E-05    7.480309000000000E-03    3.454212999999999E-03    1.187680000000000E-03    3.276414000000001E-04    2.776273000000000E-04    0.000000000000000E+00    0.000000000000000E+00    0.000000000000000E+00    0.000000000000000E+00    0.000000000000000E+00    1.172719000000000E-04    0.000000000000000E+00    3.709578000000000E-02    1.541406850790000E+42    4.310263813044000E+11    1.010420471581200E+11
                      212    3.118248220147131E+28    6.760062654937895E+33    1.088525074792769E+15    1.347594728725011E+09    7.164416446570705E-13    4.339550630206883E+02    2.142155404178525E+04    2.033382145600744E+04    2.445398479555300E-01    4.197423500775542E+00    6.760075579602054E+33    1.088526086791467E+15    3.133972000000000E-14    0.000000000000000E+00    8.364199000000000E-01    4.051600000000000E-02    1.876786000000000E-03    5.330378000000000E-02    1.764809000000000E-02    9.511724999999999E-05    7.480309000000000E-03    3.454212999999999E-03    1.187680000000000E-03    3.276414000000001E-04    2.776273000000000E-04    0.000000000000000E+00    0.000000000000000E+00    0.000000000000000E+00    0.000000000000000E+00    0.000000000000000E+00    1.172719000000000E-04    0.000000000000000E+00    3.709578000000000E-02    1.541406850790000E+42    4.310263813044000E+11    1.010420471581200E+11
                      213    2.478729872303612E+28    6.760088504266214E+33    1.088527098790165E+15    1.347595146390970E+09    7.164416446570705E-13    4.339550630206883E+02    2.142155404178525E+04    2.033382145600744E+04    2.445398479555300E-01    4.197069177289412E+00    6.760097452110632E+33    1.088527850718566E+15    3.133972000000000E-14    0.000000000000000E+00    8.364199000000000E-01    4.051600000000000E-02    1.876786000000000E-03    5.330378000000000E-02    1.764809000000000E-02    9.511724999999999E-05    7.480309000000000E-03    3.454212999999999E-03    1.187680000000000E-03    3.276414000000001E-04    2.776273000000000E-04    0.000000000000000E+00    0.000000000000000E+00    0.000000000000000E+00    0.000000000000000E+00    0.000000000000000E+00    1.172719000000000E-04    0.000000000000000E+00    3.709578000000000E-02    1.541406850790000E+42    4.310263813044000E+11    1.010420471581200E+11
                      214    1.713847849660219E+28    6.760106399955050E+33    1.088528602646966E+15    1.347595564056928E+09    7.164416446570705E-13    4.339550630206883E+02    2.142155404178525E+04    2.033382145600744E+04    2.446314946363600E-01    4.196806397997574E+00    6.760112365184662E+33    1.088529113362301E+15    3.133972000000000E-14    0.000000000000000E+00    8.364199000000000E-01    4.051600000000000E-02    1.876786000000000E-03    5.330378000000000E-02    1.764809000000000E-02    9.511724999999999E-05    7.480309000000000E-03    3.454212999999999E-03    1.187680000000000E-03    3.276414000000001E-04    2.776273000000000E-04    0.000000000000000E+00    0.000000000000000E+00    0.000000000000000E+00    0.000000000000000E+00    0.000000000000000E+00    1.172719000000000E-04    0.000000000000000E+00    3.709578000000000E-02    1.541406850790000E+42    4.309428481127000E+11    1.010420471581200E+11
                      215    1.238082610626193E+28    6.760118330414275E+33    1.088529624077636E+15    1.347590981722887E+09    7.164416446570705E-13    4.339550630206883E+02    2.142155404178525E+04    2.033382145600744E+04    2.446314946363600E-01    4.196627130449409E+00    6.760123301438951E+33    1.088530125364283E+15    3.133972000000000E-14    0.000000000000000E+00    8.364199000000000E-01    4.051600000000000E-02    1.876786000000000E-03    5.330378000000000E-02    1.764809000000000E-02    9.511724999999999E-05    7.480309000000000E-03    3.454212999999999E-03    1.187680000000000E-03    3.276414000000001E-04    2.776273000000000E-04    0.000000000000000E+00    0.000000000000000E+00    0.000000000000000E+00    0.000000000000000E+00    0.000000000000000E+00    1.172719000000000E-04    0.000000000000000E+00    3.709578000000000E-02    1.541406850790000E+42    4.309428481127000E+11    1.010420471581200E+11
                      216    1.093870798661972E+28    6.760128272463628E+33    1.088530626650930E+15    1.347586399388845E+09    7.164416446570705E-13    4.339550630206883E+02    2.142155404178525E+04    2.033382145600744E+04    2.446314946363600E-01    4.196451943888302E+00    6.760133243488305E+33    1.088531118508866E+15    3.133972000000000E-14    0.000000000000000E+00    8.364199000000000E-01    4.051600000000000E-02    1.876786000000000E-03    5.330378000000000E-02    1.764809000000000E-02    9.511724999999999E-05    7.480309000000000E-03    3.454212999999999E-03    1.187680000000000E-03    3.276414000000001E-04    2.776273000000000E-04    0.000000000000000E+00    0.000000000000000E+00    0.000000000000000E+00    0.000000000000000E+00    0.000000000000000E+00    1.172719000000000E-04    0.000000000000000E+00    3.709578000000000E-02    1.541406850790000E+42    4.309428481127000E+11    1.010420471581200E+11
                      217    9.187493540987367E+27    6.760138214512982E+33    1.088531610366802E+15    1.347586399388845E+09    7.164416446570705E-13    4.339550630206883E+02    2.142155404178525E+04    2.033382145600744E+04    2.446314946363600E-01    4.196280838324749E+00    6.760143185537658E+33    1.088531995761610E+15    3.133972000000000E-14    0.000000000000000E+00    8.364199000000000E-01    4.051600000000000E-02    1.876786000000000E-03    5.330378000000000E-02    1.764809000000000E-02    9.511724999999999E-05    7.480309000000000E-03    3.454212999999999E-03    1.187680000000000E-03    3.276414000000001E-04    2.776273000000000E-04    0.000000000000000E+00    0.000000000000000E+00    0.000000000000000E+00    0.000000000000000E+00    0.000000000000000E+00    1.172719000000000E-04    0.000000000000000E+00    3.709578000000000E-02    1.541406850790000E+42    4.309428481127000E+11    1.010420471581200E+11
                      218    9.624365085268565E+27    6.760148156562335E+33    1.088532381156419E+15    1.347586399388845E+09    7.164416446570705E-13    4.339550630206883E+02    2.142155404178525E+04    2.033382145600744E+04    2.446314946363600E-01    4.196145367017841E+00    6.760153127587011E+33    1.088532882444338E+15    3.133972000000000E-14    0.000000000000000E+00    8.364199000000000E-01    4.051600000000000E-02    1.876786000000000E-03    5.330378000000000E-02    1.764809000000000E-02    9.511724999999999E-05    7.480309000000000E-03    3.454212999999999E-03    1.187680000000000E-03    3.276414000000001E-04    2.776273000000000E-04    0.000000000000000E+00    0.000000000000000E+00    0.000000000000000E+00    0.000000000000000E+00    0.000000000000000E+00    1.172719000000000E-04    0.000000000000000E+00    3.709578000000000E-02    1.541406850790000E+42    4.309428481127000E+11    1.010420471581200E+11
                      219    1.055477785514586E+28    6.760158098611689E+33    1.088533383732257E+15    1.347586399388845E+09    7.164416446570705E-13    4.339550630206883E+02    2.142155404178525E+04    2.033382145600744E+04    2.446314946363600E-01    4.195970180012302E+00    6.760163069636365E+33    1.088533769127695E+15    3.133972000000000E-14    0.000000000000000E+00    8.364199000000000E-01    4.051600000000000E-02    1.876786000000000E-03    5.330378000000000E-02    1.764809000000000E-02    9.511724999999999E-05    7.480309000000000E-03    3.454212999999999E-03    1.187680000000000E-03    3.276414000000001E-04    2.776273000000000E-04    0.000000000000000E+00    0.000000000000000E+00    0.000000000000000E+00    0.000000000000000E+00    0.000000000000000E+00    1.172719000000000E-04    0.000000000000000E+00    3.709578000000000E-02    1.541406850790000E+42    4.309428481127000E+11    1.010420471581200E+11
                      220    1.058996077939799E+28    6.760168040661042E+33    1.088534154523133E+15    1.347586817054803E+09    7.164416446570705E-13    4.339550630206883E+02    2.142155404178525E+04    2.033382145600744E+04    2.446314946363600E-01    4.195834708483363E+00    6.760173011685720E+33    1.088534530489641E+15    3.133972000000000E-14    0.000000000000000E+00    8.364199000000000E-01    4.051600000000000E-02    1.876786000000000E-03    5.330378000000000E-02    1.764809000000000E-02    9.511724999999999E-05    7.480309000000000E-03    3.454212999999999E-03    1.187680000000000E-03    3.276414000000001E-04    2.776273000000000E-04    0.000000000000000E+00    0.000000000000000E+00    0.000000000000000E+00    0.000000000000000E+00    0.000000000000000E+00    1.172719000000000E-04    0.000000000000000E+00    3.709578000000000E-02    1.541406850790000E+42    4.309428481127000E+11    1.010420471581200E+11
                      221    9.192190165101957E+27    6.760177982710395E+33    1.088534906456148E+15    1.347587234720762E+09    7.164416446570705E-13    4.339550630206883E+02    2.142155404178525E+04    2.033382145600744E+04    2.446314946363600E-01    4.195703318030064E+00    6.760180965325202E+33    1.088535282422915E+15    3.133972000000000E-14    0.000000000000000E+00    8.364199000000000E-01    4.051600000000000E-02    1.876786000000000E-03    5.330378000000000E-02    1.764809000000000E-02    9.511724999999999E-05    7.480309000000000E-03    3.454212999999999E-03    1.187680000000000E-03    3.276414000000001E-04    2.776273000000000E-04    0.000000000000000E+00    0.000000000000000E+00    0.000000000000000E+00    0.000000000000000E+00    0.000000000000000E+00    1.172719000000000E-04    0.000000000000000E+00    3.709578000000000E-02    1.541406850790000E+42    4.309428481127000E+11    1.010420471581200E+11
                      222    6.818698873614910E+27    6.760183947940007E+33    1.088535658389682E+15    1.347587234720762E+09    7.164416446570705E-13    4.339550630206883E+02    2.142155404178525E+04    2.033382145600744E+04    2.446314946363600E-01    4.195571927486022E+00    6.760186930554813E+33    1.088535909034339E+15    3.133972000000000E-14    0.000000000000000E+00    8.364199000000000E-01    4.051600000000000E-02    1.876786000000000E-03    5.330378000000000E-02    1.764809000000000E-02    9.511724999999999E-05    7.480309000000000E-03    3.454212999999999E-03    1.187680000000000E-03    3.276414000000001E-04    2.776273000000000E-04    0.000000000000000E+00    0.000000000000000E+00    0.000000000000000E+00    0.000000000000000E+00    0.000000000000000E+00    1.172719000000000E-04    0.000000000000000E+00    3.709578000000000E-02    1.541406850790000E+42    4.309428481127000E+11    1.010420471581200E+11
                      223    5.226262932977540E+27    6.760189913169619E+33    1.088536159678995E+15    1.347587234720762E+09    7.164416446570705E-13    4.339550630206883E+02    2.142155404178525E+04    2.033382145600744E+04    2.446314946363600E-01    4.195484333739319E+00    6.760192895784426E+33    1.088536294430585E+15    3.133972000000000E-14    0.000000000000000E+00    8.364199000000000E-01    4.051600000000000E-02    1.876786000000000E-03    5.330378000000000E-02    1.764809000000000E-02    9.511724999999999E-05    7.480309000000000E-03    3.454212999999999E-03    1.187680000000000E-03    3.276414000000001E-04    2.776273000000000E-04    0.000000000000000E+00    0.000000000000000E+00    0.000000000000000E+00    0.000000000000000E+00    0.000000000000000E+00    1.172719000000000E-04    0.000000000000000E+00    3.709578000000000E-02    1.541406850790000E+42    4.309428481127000E+11    1.010420471581200E+11
                      224    5.043490286072845E+27    6.760195878399232E+33    1.088536429182174E+15    1.347587234720762E+09    7.164416446570705E-13    4.339550630206883E+02    2.142155404178525E+04    2.033382145600744E+04    2.446314946363600E-01    4.195436455672506E+00    6.760197866809102E+33    1.088536670397785E+15    3.133972000000000E-14    0.000000000000000E+00    8.364199000000000E-01    4.051600000000000E-02    1.876786000000000E-03    5.330378000000000E-02    1.764809000000000E-02    9.511724999999999E-05    7.480309000000000E-03    3.454212999999999E-03    1.187680000000000E-03    3.276414000000001E-04    2.776273000000000E-04    0.000000000000000E+00    0.000000000000000E+00    0.000000000000000E+00    0.000000000000000E+00    0.000000000000000E+00    1.172719000000000E-04    0.000000000000000E+00    3.709578000000000E-02    1.541406850790000E+42    4.309428481127000E+11    1.010420471581200E+11
                      225    4.964623985371350E+27    6.760199855218974E+33    1.088536911613395E+15    1.347587234720762E+09    7.164416446570705E-13    4.339550630206883E+02    2.142155404178525E+04    2.033382145600744E+04    2.446314946363600E-01    4.195352943043995E+00    6.760201843628844E+33    1.088537162258338E+15    3.133972000000000E-14    0.000000000000000E+00    8.364199000000000E-01    4.051600000000000E-02    1.876786000000000E-03    5.330378000000000E-02    1.764809000000000E-02    9.511724999999999E-05    7.480309000000000E-03    3.454212999999999E-03    1.187680000000000E-03    3.276414000000001E-04    2.776273000000000E-04    0.000000000000000E+00    0.000000000000000E+00    0.000000000000000E+00    0.000000000000000E+00    0.000000000000000E+00    1.172719000000000E-04    0.000000000000000E+00    3.709578000000000E-02    1.541406850790000E+42    4.309428481127000E+11    1.010420471581200E+11
                      226    4.646052886347331E+27    6.760203832038714E+33    1.088537412903281E+15    1.347587234720762E+09    7.164416446570705E-13    4.339550630206883E+02    2.142155404178525E+04    2.033382145600744E+04    2.446314946363600E-01    4.195265349197148E+00    6.760205820448585E+33    1.088537547655028E+15    3.133972000000000E-14    0.000000000000000E+00    8.364199000000000E-01    4.051600000000000E-02    1.876786000000000E-03    5.330378000000000E-02    1.764809000000000E-02    9.511724999999999E-05    7.480309000000000E-03    3.454212999999999E-03    1.187680000000000E-03    3.276414000000001E-04    2.776273000000000E-04    0.000000000000000E+00    0.000000000000000E+00    0.000000000000000E+00    0.000000000000000E+00    0.000000000000000E+00    1.172719000000000E-04    0.000000000000000E+00    3.709578000000000E-02    1.541406850790000E+42    4.309428481127000E+11    1.010420471581200E+11
                      227    3.950274469622281E+27    6.760207808858455E+33    1.088537682406774E+15    1.347587234720762E+09    7.164416446570705E-13    4.339550630206883E+02    2.142155404178525E+04    2.033382145600744E+04    2.446314946363600E-01    4.195217471074588E+00    6.760209797268325E+33    1.088537807729320E+15    3.133972000000000E-14    0.000000000000000E+00    8.364199000000000E-01    4.051600000000000E-02    1.876786000000000E-03    5.330378000000000E-02    1.764809000000000E-02    9.511724999999999E-05    7.480309000000000E-03    3.454212999999999E-03    1.187680000000000E-03    3.276414000000001E-04    2.776273000000000E-04    0.000000000000000E+00    0.000000000000000E+00    0.000000000000000E+00    0.000000000000000E+00    0.000000000000000E+00    1.172719000000000E-04    0.000000000000000E+00    3.709578000000000E-02    1.541406850790000E+42    4.309428481127000E+11    1.010420471581200E+11
                      228    3.283240505988043E+27    6.760211785678197E+33    1.088537933051866E+15    1.347587234720762E+09    7.164416446570705E-13    4.339550630206883E+02    2.142155404178525E+04    2.033382145600744E+04    2.446314946363600E-01    4.195173674124971E+00    6.760213774088069E+33    1.088538174267810E+15    3.133972000000000E-14    0.000000000000000E+00    8.364199000000000E-01    4.051600000000000E-02    1.876786000000000E-03    5.330378000000000E-02    1.764809000000000E-02    9.511724999999999E-05    7.480309000000000E-03    3.454212999999999E-03    1.187680000000000E-03    3.276414000000001E-04    2.776273000000000E-04    0.000000000000000E+00    0.000000000000000E+00    0.000000000000000E+00    0.000000000000000E+00    0.000000000000000E+00    1.172719000000000E-04    0.000000000000000E+00    3.709578000000000E-02    1.541406850790000E+42    4.309428481127000E+11    1.010420471581200E+11
                      229    3.778418192907720E+27    6.760215762497939E+33    1.088538415483753E+15    1.347587234720762E+09    7.164416446570705E-13    4.339550630206883E+02    2.142155404178525E+04    2.033382145600744E+04    2.446314946363600E-01    4.195090161381074E+00    6.760217750907809E+33    1.088538550235622E+15    3.133972000000000E-14    0.000000000000000E+00    8.364199000000000E-01    4.051600000000000E-02    1.876786000000000E-03    5.330378000000000E-02    1.764809000000000E-02    9.511724999999999E-05    7.480309000000000E-03    3.454212999999999E-03    1.187680000000000E-03    3.276414000000001E-04    2.776273000000000E-04    0.000000000000000E+00    0.000000000000000E+00    0.000000000000000E+00    0.000000000000000E+00    0.000000000000000E+00    1.172719000000000E-04    0.000000000000000E+00    3.709578000000000E-02    1.541406850790000E+42    4.309428481127000E+11    1.010420471581200E+11
                      230    3.427909254540551E+27    6.760219739317680E+33    1.088538684987491E+15    1.347587234720762E+09    7.164416446570705E-13    4.339550630206883E+02    2.142155404178525E+04    2.033382145600744E+04    2.446314946363600E-01    4.195042283215061E+00    6.760220733522615E+33    1.088538810310152E+15    3.133972000000000E-14    0.000000000000000E+00    8.364199000000000E-01    4.051600000000000E-02    1.876786000000000E-03    5.330378000000000E-02    1.764809000000000E-02    9.511724999999999E-05    7.480309000000000E-03    3.454212999999999E-03    1.187680000000000E-03    3.276414000000001E-04    2.776273000000000E-04    0.000000000000000E+00    0.000000000000000E+00    0.000000000000000E+00    0.000000000000000E+00    0.000000000000000E+00    1.172719000000000E-04    0.000000000000000E+00    3.709578000000000E-02    1.541406850790000E+42    4.309428481127000E+11    1.010420471581200E+11
                      231    2.344826374791064E+27    6.760221727727551E+33    1.088538935632813E+15    1.347587234720762E+09    7.164416446570705E-13    4.339550630206883E+02    2.142155404178525E+04    2.033382145600744E+04    2.446314946363600E-01    4.194998486225170E+00    6.760222721932486E+33    1.088538935632813E+15    3.133972000000000E-14    0.000000000000000E+00    8.364199000000000E-01    4.051600000000000E-02    1.876786000000000E-03    5.330378000000000E-02    1.764809000000000E-02    9.511724999999999E-05    7.480309000000000E-03    3.454212999999999E-03    1.187680000000000E-03    3.276414000000001E-04    2.776273000000000E-04    0.000000000000000E+00    0.000000000000000E+00    0.000000000000000E+00    0.000000000000000E+00    0.000000000000000E+00    1.172719000000000E-04    0.000000000000000E+00    3.709578000000000E-02    1.541406850790000E+42    4.309428481127000E+11    1.010420471581200E+11
                      232    2.101329678845122E+27    6.760223716137422E+33    1.088538935632813E+15    1.347587234720762E+09    7.164416446570705E-13    4.339550630206883E+02    2.142155404178525E+04    2.033382145600744E+04    2.446314946363600E-01    4.194998486225170E+00    6.760224710342356E+33    1.088539060955505E+15    3.133972000000000E-14    0.000000000000000E+00    8.364199000000000E-01    4.051600000000000E-02    1.876786000000000E-03    5.330378000000000E-02    1.764809000000000E-02    9.511724999999999E-05    7.480309000000000E-03    3.454212999999999E-03    1.187680000000000E-03    3.276414000000001E-04    2.776273000000000E-04    0.000000000000000E+00    0.000000000000000E+00    0.000000000000000E+00    0.000000000000000E+00    0.000000000000000E+00    1.172719000000000E-04    0.000000000000000E+00    3.709578000000000E-02    1.541406850790000E+42    4.309428481127000E+11    1.010420471581200E+11
                      233    2.500276281662496E+27    6.760225704547292E+33    1.088539186278197E+15    1.347587234720762E+09    7.164416446570705E-13    4.339550630206883E+02    2.142155404178525E+04    2.033382145600744E+04    2.446314946363600E-01    4.194954689224433E+00    6.760227692957162E+33    1.088539311600916E+15    3.133972000000000E-14    0.000000000000000E+00    8.364199000000000E-01    4.051600000000000E-02    1.876786000000000E-03    5.330378000000000E-02    1.764809000000000E-02    9.511724999999999E-05    7.480309000000000E-03    3.454212999999999E-03    1.187680000000000E-03    3.276414000000001E-04    2.776273000000000E-04    0.000000000000000E+00    0.000000000000000E+00    0.000000000000000E+00    0.000000000000000E+00    0.000000000000000E+00    1.172719000000000E-04    0.000000000000000E+00    3.709578000000000E-02    1.541406850790000E+42    4.309428481127000E+11    1.010420471581200E+11
                      234    2.910779522648367E+27    6.760229681367034E+33    1.088539436923635E+15    1.347587234720762E+09    7.164416446570705E-13    4.339550630206883E+02    2.142155404178525E+04    2.033382145600744E+04    2.446314946363600E-01    4.194910892214388E+00    6.760230675571970E+33    1.088539562246383E+15    3.133972000000000E-14    0.000000000000000E+00    8.364199000000000E-01    4.051600000000000E-02    1.876786000000000E-03    5.330378000000000E-02    1.764809000000000E-02    9.511724999999999E-05    7.480309000000000E-03    3.454212999999999E-03    1.187680000000000E-03    3.276414000000001E-04    2.776273000000000E-04    0.000000000000000E+00    0.000000000000000E+00    0.000000000000000E+00    0.000000000000000E+00    0.000000000000000E+00    1.172719000000000E-04    0.000000000000000E+00    3.709578000000000E-02    1.541406850790000E+42    4.309428481127000E+11    1.010420471581200E+11
                      235    2.816505033858831E+27    6.760231669776904E+33    1.088539687569130E+15    1.347587234720762E+09    7.164416446570705E-13    4.339550630206883E+02    2.142155404178525E+04    2.033382145600744E+04    2.446314946363600E-01    4.194867095194255E+00    6.760232663981839E+33    1.088539812891909E+15    3.133972000000000E-14    0.000000000000000E+00    8.364199000000000E-01    4.051600000000000E-02    1.876786000000000E-03    5.330378000000000E-02    1.764809000000000E-02    9.511724999999999E-05    7.480309000000000E-03    3.454212999999999E-03    1.187680000000000E-03    3.276414000000001E-04    2.776273000000000E-04    0.000000000000000E+00    0.000000000000000E+00    0.000000000000000E+00    0.000000000000000E+00    0.000000000000000E+00    1.172719000000000E-04    0.000000000000000E+00    3.709578000000000E-02    1.541406850790000E+42    4.309428481127000E+11    1.010420471581200E+11
                      236    2.171234216259383E+27    6.760233658186775E+33    1.088539938214688E+15    1.347587234720762E+09    7.164416446570705E-13    4.339550630206883E+02    2.142155404178525E+04    2.033382145600744E+04    2.446314946363600E-01    4.194823298163258E+00    6.760234652391710E+33    1.088540063537494E+15    3.133972000000000E-14    0.000000000000000E+00    8.364199000000000E-01    4.051600000000000E-02    1.876786000000000E-03    5.330378000000000E-02    1.764809000000000E-02    9.511724999999999E-05    7.480309000000000E-03    3.454212999999999E-03    1.187680000000000E-03    3.276414000000001E-04    2.776273000000000E-04    0.000000000000000E+00    0.000000000000000E+00    0.000000000000000E+00    0.000000000000000E+00    0.000000000000000E+00    1.172719000000000E-04    0.000000000000000E+00    3.709578000000000E-02    1.541406850790000E+42    4.309428481127000E+11    1.010420471581200E+11
                      237    1.618332791952354E+27    6.760235646596646E+33    1.088540188860299E+15    1.347587234720762E+09    7.164416446570705E-13    4.339550630206883E+02    2.142155404178525E+04    2.033382145600744E+04    2.446314946363600E-01    4.194779501122951E+00    6.760236640801581E+33    1.088540188860299E+15    3.133972000000000E-14    0.000000000000000E+00    8.364199000000000E-01    4.051600000000000E-02    1.876786000000000E-03    5.330378000000000E-02    1.764809000000000E-02    9.511724999999999E-05    7.480309000000000E-03    3.454212999999999E-03    1.187680000000000E-03    3.276414000000001E-04    2.776273000000000E-04    0.000000000000000E+00    0.000000000000000E+00    0.000000000000000E+00    0.000000000000000E+00    0.000000000000000E+00    1.172719000000000E-04    0.000000000000000E+00    3.709578000000000E-02    1.541406850790000E+42    4.309428481127000E+11    1.010420471581200E+11
                      238    1.363481082598804E+27    6.760237635006516E+33    1.088540188860299E+15    1.347587234720762E+09    7.164416446570705E-13    4.339550630206883E+02    2.142155404178525E+04    2.033382145600744E+04    2.446314946363600E-01    4.194779501122951E+00    6.760237635006516E+33    1.088540314183133E+15    3.133972000000000E-14    0.000000000000000E+00    8.364199000000000E-01    4.051600000000000E-02    1.876786000000000E-03    5.330378000000000E-02    1.764809000000000E-02    9.511724999999999E-05    7.480309000000000E-03    3.454212999999999E-03    1.187680000000000E-03    3.276414000000001E-04    2.776273000000000E-04    0.000000000000000E+00    0.000000000000000E+00    0.000000000000000E+00    0.000000000000000E+00    0.000000000000000E+00    1.172719000000000E-04    0.000000000000000E+00    3.709578000000000E-02    1.541406850790000E+42    4.309428481127000E+11    1.010420471581200E+11
                      239    1.291231613424029E+27    6.760237635006516E+33    1.088540439505967E+15    1.347587234720762E+09    7.164416446570705E-13    4.339550630206883E+02    2.142155404178525E+04    2.033382145600744E+04    2.446314946363600E-01    4.194735704072559E+00    6.760238629211451E+33    1.088540439505967E+15    3.133972000000000E-14    0.000000000000000E+00    8.364199000000000E-01    4.051600000000000E-02    1.876786000000000E-03    5.330378000000000E-02    1.764809000000000E-02    9.511724999999999E-05    7.480309000000000E-03    3.454212999999999E-03    1.187680000000000E-03    3.276414000000001E-04    2.776273000000000E-04    0.000000000000000E+00    0.000000000000000E+00    0.000000000000000E+00    0.000000000000000E+00    0.000000000000000E+00    1.172719000000000E-04    0.000000000000000E+00    3.709578000000000E-02    1.541406850790000E+42    4.309428481127000E+11    1.010420471581200E+11
                      240    1.244697254902057E+27    6.760239623416387E+33    1.088540439505967E+15    1.347587234720762E+09    7.164416446570705E-13    4.339550630206883E+02    2.142155404178525E+04    2.033382145600744E+04    2.446314946363600E-01    4.194735704072559E+00    6.760240617621323E+33    1.088540564828833E+15    3.133972000000000E-14    0.000000000000000E+00    8.364199000000000E-01    4.051600000000000E-02    1.876786000000000E-03    5.330378000000000E-02    1.764809000000000E-02    9.511724999999999E-05    7.480309000000000E-03    3.454212999999999E-03    1.187680000000000E-03    3.276414000000001E-04    2.776273000000000E-04    0.000000000000000E+00    0.000000000000000E+00    0.000000000000000E+00    0.000000000000000E+00    0.000000000000000E+00    1.172719000000000E-04    0.000000000000000E+00    3.709578000000000E-02    1.541406850790000E+42    4.309428481127000E+11    1.010420471581200E+11
                      241    1.312813217637625E+27    6.760241611826258E+33    1.088540690151698E+15    1.347587234720762E+09    7.164416446570705E-13    4.339550630206883E+02    2.142155404178525E+04    2.033382145600744E+04    2.446314946363600E-01    4.194691907011301E+00    6.760241611826258E+33    1.088540690151698E+15    3.133972000000000E-14    0.000000000000000E+00    8.364199000000000E-01    4.051600000000000E-02    1.876786000000000E-03    5.330378000000000E-02    1.764809000000000E-02    9.511724999999999E-05    7.480309000000000E-03    3.454212999999999E-03    1.187680000000000E-03    3.276414000000001E-04    2.776273000000000E-04    0.000000000000000E+00    0.000000000000000E+00    0.000000000000000E+00    0.000000000000000E+00    0.000000000000000E+00    1.172719000000000E-04    0.000000000000000E+00    3.709578000000000E-02    1.541406850790000E+42    4.309428481127000E+11    1.010420471581200E+11
                      242    1.032502902504592E+27    6.760241611826258E+33    1.088540690151698E+15    1.347587234720762E+09    7.164416446570705E-13    4.339550630206883E+02    2.142155404178525E+04    2.033382145600744E+04    2.446314946363600E-01    4.194691907011301E+00    3.380120805913129E+33    1.088540815474590E+15    3.133972000000000E-14    0.000000000000000E+00    8.364199000000000E-01    4.051600000000000E-02    1.876786000000000E-03    5.330378000000000E-02    1.764809000000000E-02    9.511724999999999E-05    7.480309000000000E-03    3.454212999999999E-03    1.187680000000000E-03    3.276414000000001E-04    2.776273000000000E-04    0.000000000000000E+00    0.000000000000000E+00    0.000000000000000E+00    0.000000000000000E+00    0.000000000000000E+00    1.172719000000000E-04    0.000000000000000E+00    3.709578000000000E-02    1.541406850790000E+42    4.309428481127000E+11    1.010420471581200E+11
                      243    0.000000000000000E+00    0.000000000000000E+00    1.088540940797482E+15    1.347587234720762E+09    7.164416446570705E-13    4.339550630206883E+02    2.142155404178525E+04    2.033382145600744E+04    2.445398479555300E-01    4.194648126124892E+00    0.000000000000000E+00    1.088541066120403E+15    3.133972000000000E-14    0.000000000000000E+00    8.364199000000000E-01    4.051600000000000E-02    1.876786000000000E-03    5.330378000000000E-02    1.764809000000000E-02    9.511724999999999E-05    7.480309000000000E-03    3.454212999999999E-03    1.187680000000000E-03    3.276414000000001E-04    2.776273000000000E-04    0.000000000000000E+00    0.000000000000000E+00    0.000000000000000E+00    0.000000000000000E+00    0.000000000000000E+00    1.172719000000000E-04    0.000000000000000E+00    3.709578000000000E-02    1.541406850790000E+42    4.309428481127000E+11    1.010420471581200E+11
                      244    0.000000000000000E+00    0.000000000000000E+00    1.088541191443324E+15    1.347587234720762E+09    7.164416446570705E-13    4.339550630206883E+02    2.142155404178525E+04    2.033382145600744E+04    2.445398479555300E-01    4.194604345228379E+00    0.000000000000000E+00    1.088541200872586E+15    3.133972000000000E-14    0.000000000000000E+00    8.364199000000000E-01    4.051600000000000E-02    1.876786000000000E-03    5.330378000000000E-02    1.764809000000000E-02    9.511724999999999E-05    7.480309000000000E-03    3.454212999999999E-03    1.187680000000000E-03    3.276414000000001E-04    2.776273000000000E-04    0.000000000000000E+00    0.000000000000000E+00    0.000000000000000E+00    0.000000000000000E+00    0.000000000000000E+00    1.172719000000000E-04    0.000000000000000E+00    3.709578000000000E-02    1.541406850790000E+42    4.309428481127000E+11    1.010420471581200E+11
                      245    0.000000000000000E+00    0.000000000000000E+00    1.088541210301848E+15    1.347587234720762E+09    7.164416446570705E-13    4.339550630206883E+02    2.142155404178525E+04    2.033382145600744E+04    2.445398479555300E-01    4.194600264030872E+00    0.000000000000000E+00    1.088541326195538E+15    3.133972000000000E-14    0.000000000000000E+00    8.364199000000000E-01    4.051600000000000E-02    1.876786000000000E-03    5.330378000000000E-02    1.764809000000000E-02    9.511724999999999E-05    7.480309000000000E-03    3.454212999999999E-03    1.187680000000000E-03    3.276414000000001E-04    2.776273000000000E-04    0.000000000000000E+00    0.000000000000000E+00    0.000000000000000E+00    0.000000000000000E+00    0.000000000000000E+00    1.172719000000000E-04    0.000000000000000E+00    3.709578000000000E-02    1.541406850790000E+42    4.309428481127000E+11    1.010420471581200E+11
                      246    0.000000000000000E+00    0.000000000000000E+00    1.088541442089228E+15    1.347587234720762E+09    7.164416446570705E-13    4.339550630206883E+02    2.142155404178525E+04    2.033382145600744E+04    2.445398479555300E-01    4.194560564321026E+00    0.000000000000000E+00    1.088541451518492E+15    3.133972000000000E-14    0.000000000000000E+00    8.364199000000000E-01    4.051600000000000E-02    1.876786000000000E-03    5.330378000000000E-02    1.764809000000000E-02    9.511724999999999E-05    7.480309000000000E-03    3.454212999999999E-03    1.187680000000000E-03    3.276414000000001E-04    2.776273000000000E-04    0.000000000000000E+00    0.000000000000000E+00    0.000000000000000E+00    0.000000000000000E+00    0.000000000000000E+00    1.172719000000000E-04    0.000000000000000E+00    3.709578000000000E-02    1.541406850790000E+42    4.309428481127000E+11    1.010420471581200E+11
                      247    0.000000000000000E+00    0.000000000000000E+00    1.088541460947756E+15    1.347587652386720E+09    7.164416446570705E-13    4.339550630206883E+02    2.142155404178525E+04    2.033382145600744E+04    2.445398479555300E-01    4.194556483122651E+00    0.000000000000000E+00    1.088541586270737E+15    3.133972000000000E-14    0.000000000000000E+00    8.364199000000000E-01    4.051600000000000E-02    1.876786000000000E-03    5.330378000000000E-02    1.764809000000000E-02    9.511724999999999E-05    7.480309000000000E-03    3.454212999999999E-03    1.187680000000000E-03    3.276414000000001E-04    2.776273000000000E-04    0.000000000000000E+00    0.000000000000000E+00    0.000000000000000E+00    0.000000000000000E+00    0.000000000000000E+00    1.172719000000000E-04    0.000000000000000E+00    3.709578000000000E-02    1.541406850790000E+42    4.309428481127000E+11    1.010420471581200E+11
                      248    0.000000000000000E+00    0.000000000000000E+00    1.088541711593718E+15    1.347588070052679E+09    7.164416446570705E-13    4.339550630206883E+02    2.142155404178525E+04    2.033382145600744E+04    2.445398479555300E-01    4.194512702205055E+00    0.000000000000000E+00    1.088541711593718E+15    3.133972000000000E-14    0.000000000000000E+00    8.364199000000000E-01    4.051600000000000E-02    1.876786000000000E-03    5.330378000000000E-02    1.764809000000000E-02    9.511724999999999E-05    7.480309000000000E-03    3.454212999999999E-03    1.187680000000000E-03    3.276414000000001E-04    2.776273000000000E-04    0.000000000000000E+00    0.000000000000000E+00    0.000000000000000E+00    0.000000000000000E+00    0.000000000000000E+00    1.172719000000000E-04    0.000000000000000E+00    3.709578000000000E-02    1.541406850790000E+42    4.309428481127000E+11    1.010420471581200E+11
                      249    0.000000000000000E+00    0.000000000000000E+00    1.088541711593718E+15    1.347588070052679E+09    7.164416446570705E-13    4.339550630206883E+02    2.142155404178525E+04    2.033382145600744E+04    2.445398479555300E-01    4.194512702205055E+00    0.000000000000000E+00    1.088541836916728E+15    3.133972000000000E-14    0.000000000000000E+00    8.364199000000000E-01    4.051600000000000E-02    1.876786000000000E-03    5.330378000000000E-02    1.764809000000000E-02    9.511724999999999E-05    7.480309000000000E-03    3.454212999999999E-03    1.187680000000000E-03    3.276414000000001E-04    2.776273000000000E-04    0.000000000000000E+00    0.000000000000000E+00    0.000000000000000E+00    0.000000000000000E+00    0.000000000000000E+00    1.172719000000000E-04    0.000000000000000E+00    3.709578000000000E-02    1.541406850790000E+42    4.309428481127000E+11    1.010420471581200E+11
                      250    0.000000000000000E+00    0.000000000000000E+00    1.088541962239737E+15    1.347588070052679E+09    7.164416446570705E-13    4.339550630206883E+02    2.142155404178525E+04    2.033382145600744E+04    2.445398479555300E-01    4.194468921277299E+00    0.000000000000000E+00    1.088542078133507E+15    3.133972000000000E-14    0.000000000000000E+00    8.364199000000000E-01    4.051600000000000E-02    1.876786000000000E-03    5.330378000000000E-02    1.764809000000000E-02    9.511724999999999E-05    7.480309000000000E-03    3.454212999999999E-03    1.187680000000000E-03    3.276414000000001E-04    2.776273000000000E-04    0.000000000000000E+00    0.000000000000000E+00    0.000000000000000E+00    0.000000000000000E+00    0.000000000000000E+00    1.172719000000000E-04    0.000000000000000E+00    3.709578000000000E-02    1.541406850790000E+42    4.309428481127000E+11    1.010420471581200E+11
                      251    0.000000000000000E+00    0.000000000000000E+00    1.088542194027276E+15    1.347588070052679E+09    7.164416446570705E-13    4.339550630206883E+02    2.142155404178525E+04    2.033382145600744E+04    2.445398479555300E-01    4.194429221540021E+00    0.000000000000000E+00    1.088542203456547E+15    3.133972000000000E-14    0.000000000000000E+00    8.364199000000000E-01    4.051600000000000E-02    1.876786000000000E-03    5.330378000000000E-02    1.764809000000000E-02    9.511724999999999E-05    7.480309000000000E-03    3.454212999999999E-03    1.187680000000000E-03    3.276414000000001E-04    2.776273000000000E-04    0.000000000000000E+00    0.000000000000000E+00    0.000000000000000E+00    0.000000000000000E+00    0.000000000000000E+00    1.172719000000000E-04    0.000000000000000E+00    3.709578000000000E-02    1.541406850790000E+42    4.309428481127000E+11    1.010420471581200E+11
                      252    0.000000000000000E+00    0.000000000000000E+00    1.088542212885818E+15    1.347588070052679E+09    7.164416446570705E-13    4.339550630206883E+02    2.142155404178525E+04    2.033382145600744E+04    2.445398479555300E-01    4.194425140338829E+00    0.000000000000000E+00    1.088542338208886E+15    3.133972000000000E-14    0.000000000000000E+00    8.364199000000000E-01    4.051600000000000E-02    1.876786000000000E-03    5.330378000000000E-02    1.764809000000000E-02    9.511724999999999E-05    7.480309000000000E-03    3.454212999999999E-03    1.187680000000000E-03    3.276414000000001E-04    2.776273000000000E-04    0.000000000000000E+00    0.000000000000000E+00    0.000000000000000E+00    0.000000000000000E+00    0.000000000000000E+00    1.172719000000000E-04    0.000000000000000E+00    3.709578000000000E-02    1.541406850790000E+42    4.309428481127000E+11    1.010420471581200E+11
                      253    0.000000000000000E+00    0.000000000000000E+00    1.088542463531953E+15    1.347588070052679E+09    7.164416446570705E-13    4.339550630206883E+02    2.142155404178525E+04    2.033382145600744E+04    2.445398479555300E-01    4.194381359390982E+00    0.000000000000000E+00    1.088542463531953E+15    3.133972000000000E-14    0.000000000000000E+00    8.364199000000000E-01    4.051600000000000E-02    1.876786000000000E-03    5.330378000000000E-02    1.764809000000000E-02    9.511724999999999E-05    7.480309000000000E-03    3.454212999999999E-03    1.187680000000000E-03    3.276414000000001E-04    2.776273000000000E-04    0.000000000000000E+00    0.000000000000000E+00    0.000000000000000E+00    0.000000000000000E+00    0.000000000000000E+00    1.172719000000000E-04    0.000000000000000E+00    3.709578000000000E-02    1.541406850790000E+42    4.309428481127000E+11    1.010420471581200E+11
                      254    0.000000000000000E+00    0.000000000000000E+00    1.088542463531953E+15    1.347588070052679E+09    7.164416446570705E-13    4.339550630206883E+02    2.142155404178525E+04    2.033382145600744E+04    2.445398479555300E-01    4.194381359390982E+00    0.000000000000000E+00    1.088542588855049E+15    3.133972000000000E-14    0.000000000000000E+00    8.364199000000000E-01    4.051600000000000E-02    1.876786000000000E-03    5.330378000000000E-02    1.764809000000000E-02    9.511724999999999E-05    7.480309000000000E-03    3.454212999999999E-03    1.187680000000000E-03    3.276414000000001E-04    2.776273000000000E-04    0.000000000000000E+00    0.000000000000000E+00    0.000000000000000E+00    0.000000000000000E+00    0.000000000000000E+00    1.172719000000000E-04    0.000000000000000E+00    3.709578000000000E-02    1.541406850790000E+42    4.309428481127000E+11    1.010420471581200E+11
                      255    0.000000000000000E+00    0.000000000000000E+00    1.088542714178146E+15    1.347588070052679E+09    7.164416446570705E-13    4.339550630206883E+02    2.142155404178525E+04    2.033382145600744E+04    2.445398479555300E-01    4.194337578432979E+00    0.000000000000000E+00    1.088542839501273E+15    3.133972000000000E-14    0.000000000000000E+00    8.364199000000000E-01    4.051600000000000E-02    1.876786000000000E-03    5.330378000000000E-02    1.764809000000000E-02    9.511724999999999E-05    7.480309000000000E-03    3.454212999999999E-03    1.187680000000000E-03    3.276414000000001E-04    2.776273000000000E-04    0.000000000000000E+00    0.000000000000000E+00    0.000000000000000E+00    0.000000000000000E+00    0.000000000000000E+00    1.172719000000000E-04    0.000000000000000E+00    3.709578000000000E-02    1.541406850790000E+42    4.309428481127000E+11    1.010420471581200E+11
                      256    0.000000000000000E+00    0.000000000000000E+00    1.088542964824400E+15    1.347588070052679E+09    7.164416446570705E-13    4.339550630206883E+02    2.142155404178525E+04    2.033382145600744E+04    2.445398479555300E-01    4.194293797464277E+00    0.000000000000000E+00    1.088542964824400E+15    3.133972000000000E-14    0.000000000000000E+00    8.364199000000000E-01    4.051600000000000E-02    1.876786000000000E-03    5.330378000000000E-02    1.764809000000000E-02    9.511724999999999E-05    7.480309000000000E-03    3.454212999999999E-03    1.187680000000000E-03    3.276414000000001E-04    2.776273000000000E-04    0.000000000000000E+00    0.000000000000000E+00    0.000000000000000E+00    0.000000000000000E+00    0.000000000000000E+00    1.172719000000000E-04    0.000000000000000E+00    3.709578000000000E-02    1.541406850790000E+42    4.309428481127000E+11    1.010420471581200E+11
                      257    0.000000000000000E+00    0.000000000000000E+00    1.088542964824400E+15    1.347588070052679E+09    7.164416446570705E-13    4.339550630206883E+02    2.142155404178525E+04    2.033382145600744E+04    2.445398479555300E-01    4.194293797464277E+00    0.000000000000000E+00    1.088543090147554E+15    3.133972000000000E-14    0.000000000000000E+00    8.364199000000000E-01    4.051600000000000E-02    1.876786000000000E-03    5.330378000000000E-02    1.764809000000000E-02    9.511724999999999E-05    7.480309000000000E-03    3.454212999999999E-03    1.187680000000000E-03    3.276414000000001E-04    2.776273000000000E-04    0.000000000000000E+00    0.000000000000000E+00    0.000000000000000E+00    0.000000000000000E+00    0.000000000000000E+00    1.172719000000000E-04    0.000000000000000E+00    3.709578000000000E-02    1.541406850790000E+42    4.309428481127000E+11    1.010420471581200E+11
                      258    0.000000000000000E+00    0.000000000000000E+00    1.088543215470707E+15    1.347588070052679E+09    7.164416446570705E-13    4.339550630206883E+02    2.142155404178525E+04    2.033382145600744E+04    2.445398479555300E-01    4.194250016486182E+00    0.000000000000000E+00    1.088543340793892E+15    3.133972000000000E-14    0.000000000000000E+00    8.364199000000000E-01    4.051600000000000E-02    1.876786000000000E-03    5.330378000000000E-02    1.764809000000000E-02    9.511724999999999E-05    7.480309000000000E-03    3.454212999999999E-03    1.187680000000000E-03    3.276414000000001E-04    2.776273000000000E-04    0.000000000000000E+00    0.000000000000000E+00    0.000000000000000E+00    0.000000000000000E+00    0.000000000000000E+00    1.172719000000000E-04    0.000000000000000E+00    3.709578000000000E-02    1.541406850790000E+42    4.309428481127000E+11    1.010420471581200E+11
                      259    0.000000000000000E+00    0.000000000000000E+00    1.088543466117077E+15    1.347588070052679E+09    7.164416446570705E-13    4.339550630206883E+02    2.142155404178525E+04    2.033382145600744E+04    2.445398479555300E-01    4.194206235497241E+00    0.000000000000000E+00    1.088543466117077E+15    3.133972000000000E-14    0.000000000000000E+00    8.364199000000000E-01    4.051600000000000E-02    1.876786000000000E-03    5.330378000000000E-02    1.764809000000000E-02    9.511724999999999E-05    7.480309000000000E-03    3.454212999999999E-03    1.187680000000000E-03    3.276414000000001E-04    2.776273000000000E-04    0.000000000000000E+00    0.000000000000000E+00    0.000000000000000E+00    0.000000000000000E+00    0.000000000000000E+00    1.172719000000000E-04    0.000000000000000E+00    3.709578000000000E-02    1.541406850790000E+42    4.309428481127000E+11    1.010420471581200E+11
                      260    0.000000000000000E+00    0.000000000000000E+00    1.088543466117077E+15    1.347588070052679E+09    7.164416446570705E-13    4.339550630206883E+02    2.142155404178525E+04    2.033382145600744E+04    2.445398479555300E-01    4.194206235497241E+00    0.000000000000000E+00    1.088543591440289E+15    3.133972000000000E-14    0.000000000000000E+00    8.364199000000000E-01    4.051600000000000E-02    1.876786000000000E-03    5.330378000000000E-02    1.764809000000000E-02    9.511724999999999E-05    7.480309000000000E-03    3.454212999999999E-03    1.187680000000000E-03    3.276414000000001E-04    2.776273000000000E-04    0.000000000000000E+00    0.000000000000000E+00    0.000000000000000E+00    0.000000000000000E+00    0.000000000000000E+00    1.172719000000000E-04    0.000000000000000E+00    3.709578000000000E-02    1.541406850790000E+42    4.309428481127000E+11    1.010420471581200E+11
                      261    0.000000000000000E+00    0.000000000000000E+00    1.088543716763500E+15    1.347588070052679E+09    7.164416446570705E-13    4.339550630206883E+02    2.142155404178525E+04    2.033382145600744E+04    2.445398479555300E-01    4.194162454498998E+00    0.000000000000000E+00    1.088543842086741E+15    3.133972000000000E-14    0.000000000000000E+00    8.364199000000000E-01    4.051600000000000E-02    1.876786000000000E-03    5.330378000000000E-02    1.764809000000000E-02    9.511724999999999E-05    7.480309000000000E-03    3.454212999999999E-03    1.187680000000000E-03    3.276414000000001E-04    2.776273000000000E-04    0.000000000000000E+00    0.000000000000000E+00    0.000000000000000E+00    0.000000000000000E+00    0.000000000000000E+00    1.172719000000000E-04    0.000000000000000E+00    3.709578000000000E-02    1.541406850790000E+42    4.309428481127000E+11    1.010420471581200E+11
                      262    0.000000000000000E+00    0.000000000000000E+00    1.088543967409981E+15    1.347588070052679E+09    7.164416446570705E-13    4.339550630206883E+02    2.142155404178525E+04    2.033382145600744E+04    2.445398479555300E-01    4.194118673490649E+00    0.000000000000000E+00    1.088543976839270E+15    3.133972000000000E-14    0.000000000000000E+00    8.364199000000000E-01    4.051600000000000E-02    1.876786000000000E-03    5.330378000000000E-02    1.764809000000000E-02    9.511724999999999E-05    7.480309000000000E-03    3.454212999999999E-03    1.187680000000000E-03    3.276414000000001E-04    2.776273000000000E-04    0.000000000000000E+00    0.000000000000000E+00    0.000000000000000E+00    0.000000000000000E+00    0.000000000000000E+00    1.172719000000000E-04    0.000000000000000E+00    3.709578000000000E-02    1.541406850790000E+42    4.309428481127000E+11    1.010420471581200E+11
                      263    0.000000000000000E+00    0.000000000000000E+00    1.088543986268558E+15    1.347588070052679E+09    7.164416446570705E-13    4.339550630206883E+02    2.142155404178525E+04    2.033382145600744E+04    2.445398479555300E-01    4.194114592281867E+00    0.000000000000000E+00    1.088544111591832E+15    3.133972000000000E-14    0.000000000000000E+00    8.364199000000000E-01    4.051600000000000E-02    1.876786000000000E-03    5.330378000000000E-02    1.764809000000000E-02    9.511724999999999E-05    7.480309000000000E-03    3.454212999999999E-03    1.187680000000000E-03    3.276414000000001E-04    2.776273000000000E-04    0.000000000000000E+00    0.000000000000000E+00    0.000000000000000E+00    0.000000000000000E+00    0.000000000000000E+00    1.172719000000000E-04    0.000000000000000E+00    3.709578000000000E-02    1.541406850790000E+42    4.309428481127000E+11    1.010420471581200E+11
                      264    0.000000000000000E+00    0.000000000000000E+00    1.088544236915105E+15    1.347588070052679E+09    7.164416446570705E-13    4.339550630206883E+02    2.142155404178525E+04    2.033382145600744E+04    2.445398479555300E-01    4.194070811261811E+00    0.000000000000000E+00    1.088544352809113E+15    3.133972000000000E-14    0.000000000000000E+00    8.364199000000000E-01    4.051600000000000E-02    1.876786000000000E-03    5.330378000000000E-02    1.764809000000000E-02    9.511724999999999E-05    7.480309000000000E-03    3.454212999999999E-03    1.187680000000000E-03    3.276414000000001E-04    2.776273000000000E-04    0.000000000000000E+00    0.000000000000000E+00    0.000000000000000E+00    0.000000000000000E+00    0.000000000000000E+00    1.172719000000000E-04    0.000000000000000E+00    3.709578000000000E-02    1.541406850790000E+42    4.309428481127000E+11    1.010420471581200E+11
                      265    0.000000000000000E+00    0.000000000000000E+00    1.088544468703120E+15    1.347588070052679E+09    7.164416446570705E-13    4.339550630206883E+02    2.142155404178525E+04    2.033382145600744E+04    2.445398479555300E-01    4.194031111442986E+00    0.000000000000000E+00    1.088544594026448E+15    3.133972000000000E-14    0.000000000000000E+00    8.364199000000000E-01    4.051600000000000E-02    1.876786000000000E-03    5.330378000000000E-02    1.764809000000000E-02    9.511724999999999E-05    7.480309000000000E-03    3.454212999999999E-03    1.187680000000000E-03    3.276414000000001E-04    2.776273000000000E-04    0.000000000000000E+00    0.000000000000000E+00    0.000000000000000E+00    0.000000000000000E+00    0.000000000000000E+00    1.172719000000000E-04    0.000000000000000E+00    3.709578000000000E-02    1.541406850790000E+42    4.309428481127000E+11    1.010420471581200E+11
                      266    0.000000000000000E+00    0.000000000000000E+00    1.088544719349775E+15    1.347588070052679E+09    7.164416446570705E-13    4.339550630206883E+02    2.142155404178525E+04    2.033382145600744E+04    2.445398479555300E-01    4.193987330404410E+00    0.000000000000000E+00    1.088544844673133E+15    3.133972000000000E-14    0.000000000000000E+00    8.364199000000000E-01    4.051600000000000E-02    1.876786000000000E-03    5.330378000000000E-02    1.764809000000000E-02    9.511724999999999E-05    7.480309000000000E-03    3.454212999999999E-03    1.187680000000000E-03    3.276414000000001E-04    2.776273000000000E-04    0.000000000000000E+00    0.000000000000000E+00    0.000000000000000E+00    0.000000000000000E+00    0.000000000000000E+00    1.172719000000000E-04    0.000000000000000E+00    3.709578000000000E-02    1.541406850790000E+42    4.309428481127000E+11    1.010420471581200E+11
                      267    0.000000000000000E+00    0.000000000000000E+00    1.088544969996491E+15    1.347588070052679E+09    7.164416446570705E-13    4.339550630206883E+02    2.142155404178525E+04    2.033382145600744E+04    2.445398479555300E-01    4.193943549354970E+00    0.000000000000000E+00    1.088544979425788E+15    3.133972000000000E-14    0.000000000000000E+00    8.364199000000000E-01    4.051600000000000E-02    1.876786000000000E-03    5.330378000000000E-02    1.764809000000000E-02    9.511724999999999E-05    7.480309000000000E-03    3.454212999999999E-03    1.187680000000000E-03    3.276414000000001E-04    2.776273000000000E-04    0.000000000000000E+00    0.000000000000000E+00    0.000000000000000E+00    0.000000000000000E+00    0.000000000000000E+00    1.172719000000000E-04    0.000000000000000E+00    3.709578000000000E-02    1.541406850790000E+42    4.309428481127000E+11    1.010420471581200E+11
                      268    0.000000000000000E+00    0.000000000000000E+00    1.088544988855085E+15    1.347588070052679E+09    7.164416446570705E-13    4.339550630206883E+02    2.142155404178525E+04    2.033382145600744E+04    2.445398479555300E-01    4.193939468142502E+00    0.000000000000000E+00    1.088545114178472E+15    3.133972000000000E-14    0.000000000000000E+00    8.364199000000000E-01    4.051600000000000E-02    1.876786000000000E-03    5.330378000000000E-02    1.764809000000000E-02    9.511724999999999E-05    7.480309000000000E-03    3.454212999999999E-03    1.187680000000000E-03    3.276414000000001E-04    2.776273000000000E-04    0.000000000000000E+00    0.000000000000000E+00    0.000000000000000E+00    0.000000000000000E+00    0.000000000000000E+00    1.172719000000000E-04    0.000000000000000E+00    3.709578000000000E-02    1.541406850790000E+42    4.309428481127000E+11    1.010420471581200E+11
                      269    0.000000000000000E+00    0.000000000000000E+00    1.088545239501859E+15    1.347588070052679E+09    7.164416446570705E-13    4.339550630206883E+02    2.142155404178525E+04    2.033382145600744E+04    2.445398479555300E-01    4.193895687082819E+00    0.000000000000000E+00    1.088545364825274E+15    3.133972000000000E-14    0.000000000000000E+00    8.364199000000000E-01    4.051600000000000E-02    1.876786000000000E-03    5.330378000000000E-02    1.764809000000000E-02    9.511724999999999E-05    7.480309000000000E-03    3.454212999999999E-03    1.187680000000000E-03    3.276414000000001E-04    2.776273000000000E-04    0.000000000000000E+00    0.000000000000000E+00    0.000000000000000E+00    0.000000000000000E+00    0.000000000000000E+00    1.172719000000000E-04    0.000000000000000E+00    3.709578000000000E-02    1.541406850790000E+42    4.309428481127000E+11    1.010420471581200E+11
                      270    0.000000000000000E+00    0.000000000000000E+00    1.088545490148690E+15    1.347588070052679E+09    7.164416446570705E-13    4.339550630206883E+02    2.142155404178525E+04    2.033382145600744E+04    2.445398479555300E-01    4.193851906013001E+00    0.000000000000000E+00    1.088545615472137E+15    3.133972000000000E-14    0.000000000000000E+00    8.364199000000000E-01    4.051600000000000E-02    1.876786000000000E-03    5.330378000000000E-02    1.764809000000000E-02    9.511724999999999E-05    7.480309000000000E-03    3.454212999999999E-03    1.187680000000000E-03    3.276414000000001E-04    2.776273000000000E-04    0.000000000000000E+00    0.000000000000000E+00    0.000000000000000E+00    0.000000000000000E+00    0.000000000000000E+00    1.172719000000000E-04    0.000000000000000E+00    3.709578000000000E-02    1.541406850790000E+42    4.309428481127000E+11    1.010420471581200E+11
                      271    0.000000000000000E+00    0.000000000000000E+00    1.088545740795584E+15    1.347588070052679E+09    7.164416446570705E-13    4.339550630206883E+02    2.142155404178525E+04    2.033382145600744E+04    2.445398479555300E-01    4.193808124932463E+00    0.000000000000000E+00    1.088545866119057E+15    3.133972000000000E-14    0.000000000000000E+00    8.364199000000000E-01    4.051600000000000E-02    1.876786000000000E-03    5.330378000000000E-02    1.764809000000000E-02    9.511724999999999E-05    7.480309000000000E-03    3.454212999999999E-03    1.187680000000000E-03    3.276414000000001E-04    2.776273000000000E-04    0.000000000000000E+00    0.000000000000000E+00    0.000000000000000E+00    0.000000000000000E+00    0.000000000000000E+00    1.172719000000000E-04    0.000000000000000E+00    3.709578000000000E-02    1.541406850790000E+42    4.309428481127000E+11    1.010420471581200E+11
                      272    0.000000000000000E+00    0.000000000000000E+00    1.088545991442531E+15    1.347588070052679E+09    7.164416446570705E-13    4.339550630206883E+02    2.142155404178525E+04    2.033382145600744E+04    2.445398479555300E-01    4.193764343842531E+00    0.000000000000000E+00    1.088546116766033E+15    3.133972000000000E-14    0.000000000000000E+00    8.364199000000000E-01    4.051600000000000E-02    1.876786000000000E-03    5.330378000000000E-02    1.764809000000000E-02    9.511724999999999E-05    7.480309000000000E-03    3.454212999999999E-03    1.187680000000000E-03    3.276414000000001E-04    2.776273000000000E-04    0.000000000000000E+00    0.000000000000000E+00    0.000000000000000E+00    0.000000000000000E+00    0.000000000000000E+00    1.172719000000000E-04    0.000000000000000E+00    3.709578000000000E-02    1.541406850790000E+42    4.309428481127000E+11    1.010420471581200E+11
                      273    0.000000000000000E+00    0.000000000000000E+00    1.088546242089536E+15    1.347588070052679E+09    7.164416446570705E-13    4.339550630206883E+02    2.142155404178525E+04    2.033382145600744E+04    2.445398479555300E-01    4.193720562742463E+00    0.000000000000000E+00    1.088546367413069E+15    3.133972000000000E-14    0.000000000000000E+00    8.364199000000000E-01    4.051600000000000E-02    1.876786000000000E-03    5.330378000000000E-02    1.764809000000000E-02    9.511724999999999E-05    7.480309000000000E-03    3.454212999999999E-03    1.187680000000000E-03    3.276414000000001E-04    2.776273000000000E-04    0.000000000000000E+00    0.000000000000000E+00    0.000000000000000E+00    0.000000000000000E+00    0.000000000000000E+00    1.172719000000000E-04    0.000000000000000E+00    3.709578000000000E-02    1.541406850790000E+42    4.309428481127000E+11    1.010420471581200E+11
                      274    0.000000000000000E+00    0.000000000000000E+00    1.088546492736602E+15    1.347588070052679E+09    7.164416446570705E-13    4.339550630206883E+02    2.142155404178525E+04    2.033382145600744E+04    2.445398479555300E-01    4.193676781631677E+00    0.000000000000000E+00    1.088546618060162E+15    3.133972000000000E-14    0.000000000000000E+00    8.364199000000000E-01    4.051600000000000E-02    1.876786000000000E-03    5.330378000000000E-02    1.764809000000000E-02    9.511724999999999E-05    7.480309000000000E-03    3.454212999999999E-03    1.187680000000000E-03    3.276414000000001E-04    2.776273000000000E-04    0.000000000000000E+00    0.000000000000000E+00    0.000000000000000E+00    0.000000000000000E+00    0.000000000000000E+00    1.172719000000000E-04    0.000000000000000E+00    3.709578000000000E-02    1.541406850790000E+42    4.309428481127000E+11    1.010420471581200E+11
                      275    0.000000000000000E+00    0.000000000000000E+00    1.088546743383722E+15    1.347588070052679E+09    7.164416446570705E-13    4.339550630206883E+02    2.142155404178525E+04    2.033382145600744E+04    2.445398479555300E-01    4.193633000511516E+00    0.000000000000000E+00    1.088546868707311E+15    3.133972000000000E-14    0.000000000000000E+00    8.364199000000000E-01    4.051600000000000E-02    1.876786000000000E-03    5.330378000000000E-02    1.764809000000000E-02    9.511724999999999E-05    7.480309000000000E-03    3.454212999999999E-03    1.187680000000000E-03    3.276414000000001E-04    2.776273000000000E-04    0.000000000000000E+00    0.000000000000000E+00    0.000000000000000E+00    0.000000000000000E+00    0.000000000000000E+00    1.172719000000000E-04    0.000000000000000E+00    3.709578000000000E-02    1.541406850790000E+42    4.309428481127000E+11    1.010420471581200E+11
                      276    0.000000000000000E+00    0.000000000000000E+00    1.088546994030900E+15    1.347588070052679E+09    7.164416446570705E-13    4.339550630206883E+02    2.142155404178525E+04    2.033382145600744E+04    2.445398479555300E-01    4.193589219381217E+00    0.000000000000000E+00    1.088547119354520E+15    3.133972000000000E-14    0.000000000000000E+00    8.364199000000000E-01    4.051600000000000E-02    1.876786000000000E-03    5.330378000000000E-02    1.764809000000000E-02    9.511724999999999E-05    7.480309000000000E-03    3.454212999999999E-03    1.187680000000000E-03    3.276414000000001E-04    2.776273000000000E-04    0.000000000000000E+00    0.000000000000000E+00    0.000000000000000E+00    0.000000000000000E+00    0.000000000000000E+00    1.172719000000000E-04    0.000000000000000E+00    3.709578000000000E-02    1.541406850790000E+42    4.309428481127000E+11    1.010420471581200E+11
                      277    0.000000000000000E+00    0.000000000000000E+00    1.088547244678140E+15    1.347588070052679E+09    7.164416446570705E-13    4.339550630206883E+02    2.142155404178525E+04    2.033382145600744E+04    2.445398479555300E-01    4.193545438240182E+00    0.000000000000000E+00    1.088547370001786E+15    3.133972000000000E-14    0.000000000000000E+00    8.364199000000000E-01    4.051600000000000E-02    1.876786000000000E-03    5.330378000000000E-02    1.764809000000000E-02    9.511724999999999E-05    7.480309000000000E-03    3.454212999999999E-03    1.187680000000000E-03    3.276414000000001E-04    2.776273000000000E-04    0.000000000000000E+00    0.000000000000000E+00    0.000000000000000E+00    0.000000000000000E+00    0.000000000000000E+00    1.172719000000000E-04    0.000000000000000E+00    3.709578000000000E-02    1.541406850790000E+42    4.309428481127000E+11    1.010420471581200E+11
                      278    0.000000000000000E+00    0.000000000000000E+00    1.088547495325433E+15    1.347588070052679E+09    7.164416446570705E-13    4.339550630206883E+02    2.142155404178525E+04    2.033382145600744E+04    2.445398479555300E-01    4.193501657089697E+00    0.000000000000000E+00    1.088547620649109E+15    3.133972000000000E-14    0.000000000000000E+00    8.364199000000000E-01    4.051600000000000E-02    1.876786000000000E-03    5.330378000000000E-02    1.764809000000000E-02    9.511724999999999E-05    7.480309000000000E-03    3.454212999999999E-03    1.187680000000000E-03    3.276414000000001E-04    2.776273000000000E-04    0.000000000000000E+00    0.000000000000000E+00    0.000000000000000E+00    0.000000000000000E+00    0.000000000000000E+00    1.172719000000000E-04    0.000000000000000E+00    3.709578000000000E-02    1.541406850790000E+42    4.309428481127000E+11    1.010420471581200E+11
                      279    0.000000000000000E+00    0.000000000000000E+00    1.088547745972784E+15    1.347588070052679E+09    7.164416446570705E-13    4.339550630206883E+02    2.142155404178525E+04    2.033382145600744E+04    2.445398479555300E-01    4.193457875929221E+00    0.000000000000000E+00    1.088547871296491E+15    3.133972000000000E-14    0.000000000000000E+00    8.364199000000000E-01    4.051600000000000E-02    1.876786000000000E-03    5.330378000000000E-02    1.764809000000000E-02    9.511724999999999E-05    7.480309000000000E-03    3.454212999999999E-03    1.187680000000000E-03    3.276414000000001E-04    2.776273000000000E-04    0.000000000000000E+00    0.000000000000000E+00    0.000000000000000E+00    0.000000000000000E+00    0.000000000000000E+00    1.172719000000000E-04    0.000000000000000E+00    3.709578000000000E-02    1.541406850790000E+42    4.309428481127000E+11    1.010420471581200E+11
                      280    0.000000000000000E+00    0.000000000000000E+00    1.088547996620197E+15    1.347588070052679E+09    7.164416446570705E-13    4.339550630206883E+02    2.142155404178525E+04    2.033382145600744E+04    2.445398479555300E-01    4.193414094757957E+00    0.000000000000000E+00    1.088548121943930E+15    3.133972000000000E-14    0.000000000000000E+00    8.364199000000000E-01    4.051600000000000E-02    1.876786000000000E-03    5.330378000000000E-02    1.764809000000000E-02    9.511724999999999E-05    7.480309000000000E-03    3.454212999999999E-03    1.187680000000000E-03    3.276414000000001E-04    2.776273000000000E-04    0.000000000000000E+00    0.000000000000000E+00    0.000000000000000E+00    0.000000000000000E+00    0.000000000000000E+00    1.172719000000000E-04    0.000000000000000E+00    3.709578000000000E-02    1.541406850790000E+42    4.309428481127000E+11    1.010420471581200E+11
                      281    0.000000000000000E+00    0.000000000000000E+00    1.088548247267664E+15    1.347588487718637E+09    7.164416446570705E-13    4.339550630206883E+02    2.142155404178525E+04    2.033382145600744E+04    2.445398479555300E-01    4.193370313577223E+00    0.000000000000000E+00    1.088548382020755E+15    3.133972000000000E-14    0.000000000000000E+00    8.364199000000000E-01    4.051600000000000E-02    1.876786000000000E-03    5.330378000000000E-02    1.764809000000000E-02    9.511724999999999E-05    7.480309000000000E-03    3.454212999999999E-03    1.187680000000000E-03    3.276414000000001E-04    2.776273000000000E-04    0.000000000000000E+00    0.000000000000000E+00    0.000000000000000E+00    0.000000000000000E+00    0.000000000000000E+00    1.172719000000000E-04    0.000000000000000E+00    3.709578000000000E-02    1.541406850790000E+42    4.309428481127000E+11    1.010420471581200E+11
                      282    0.000000000000000E+00    0.000000000000000E+00    1.088548516773847E+15    1.347588905384596E+09    7.164416446570705E-13    4.339550630206883E+02    2.142155404178525E+04    2.033382145600744E+04    2.445398479555300E-01    4.193322451159931E+00    0.000000000000000E+00    1.088548642097642E+15    3.133972000000000E-14    0.000000000000000E+00    8.364199000000000E-01    4.051600000000000E-02    1.876786000000000E-03    5.330378000000000E-02    1.764809000000000E-02    9.511724999999999E-05    7.480309000000000E-03    3.454212999999999E-03    1.187680000000000E-03    3.276414000000001E-04    2.776273000000000E-04    0.000000000000000E+00    0.000000000000000E+00    0.000000000000000E+00    0.000000000000000E+00    0.000000000000000E+00    1.172719000000000E-04    0.000000000000000E+00    3.709578000000000E-02    1.541406850790000E+42    4.309428481127000E+11    1.010420471581200E+11
                      283    0.000000000000000E+00    0.000000000000000E+00    1.088548767421437E+15    1.347588905384596E+09    7.164416446570705E-13    4.339550630206883E+02    2.142155404178525E+04    2.033382145600744E+04    2.445398479555300E-01    4.193278669957405E+00    0.000000000000000E+00    1.088548892745260E+15    3.133972000000000E-14    0.000000000000000E+00    8.364199000000000E-01    4.051600000000000E-02    1.876786000000000E-03    5.330378000000000E-02    1.764809000000000E-02    9.511724999999999E-05    7.480309000000000E-03    3.454212999999999E-03    1.187680000000000E-03    3.276414000000001E-04    2.776273000000000E-04    0.000000000000000E+00    0.000000000000000E+00    0.000000000000000E+00    0.000000000000000E+00    0.000000000000000E+00    1.172719000000000E-04    0.000000000000000E+00    3.709578000000000E-02    1.541406850790000E+42    4.309428481127000E+11    1.010420471581200E+11
                      284    0.000000000000000E+00    0.000000000000000E+00    1.088549018069081E+15    1.347588905384596E+09    7.164416446570705E-13    4.339550630206883E+02    2.142155404178525E+04    2.033382145600744E+04    2.445398479555300E-01    4.193234888745573E+00    0.000000000000000E+00    1.088549143392932E+15    3.133972000000000E-14    0.000000000000000E+00    8.364199000000000E-01    4.051600000000000E-02    1.876786000000000E-03    5.330378000000000E-02    1.764809000000000E-02    9.511724999999999E-05    7.480309000000000E-03    3.454212999999999E-03    1.187680000000000E-03    3.276414000000001E-04    2.776273000000000E-04    0.000000000000000E+00    0.000000000000000E+00    0.000000000000000E+00    0.000000000000000E+00    0.000000000000000E+00    1.172719000000000E-04    0.000000000000000E+00    3.709578000000000E-02    1.541406850790000E+42    4.309428481127000E+11    1.010420471581200E+11
                      285    0.000000000000000E+00    0.000000000000000E+00    1.088549268716783E+15    1.347588905384596E+09    7.164416446570705E-13    4.339550630206883E+02    2.142155404178525E+04    2.033382145600744E+04    2.445398479555300E-01    4.193191107523679E+00    0.000000000000000E+00    1.088549519364573E+15    3.133972000000000E-14    0.000000000000000E+00    8.364199000000000E-01    4.051600000000000E-02    1.876786000000000E-03    5.330378000000000E-02    1.764809000000000E-02    9.511724999999999E-05    7.480309000000000E-03    3.454212999999999E-03    1.187680000000000E-03    3.276414000000001E-04    2.776273000000000E-04    0.000000000000000E+00    0.000000000000000E+00    0.000000000000000E+00    0.000000000000000E+00    0.000000000000000E+00    1.172719000000000E-04    0.000000000000000E+00    3.709578000000000E-02    1.541406850790000E+42    4.309428481127000E+11    1.010420471581200E+11
                      286    0.000000000000000E+00    0.000000000000000E+00    1.088549770012364E+15    1.347588905384596E+09    7.164416446570705E-13    4.339550630206883E+02    2.142155404178525E+04    2.033382145600744E+04    2.445398479555300E-01    4.193103545048823E+00    0.000000000000000E+00    1.088549895336301E+15    3.133972000000000E-14    0.000000000000000E+00    8.364199000000000E-01    4.051600000000000E-02    1.876786000000000E-03    5.330378000000000E-02    1.764809000000000E-02    9.511724999999999E-05    7.480309000000000E-03    3.454212999999999E-03    1.187680000000000E-03    3.276414000000001E-04    2.776273000000000E-04    0.000000000000000E+00    0.000000000000000E+00    0.000000000000000E+00    0.000000000000000E+00    0.000000000000000E+00    1.172719000000000E-04    0.000000000000000E+00    3.709578000000000E-02    1.541406850790000E+42    4.309428481127000E+11    1.011336938389500E+11
                      287    0.000000000000000E+00    0.000000000000000E+00    1.088550020660238E+15    1.347588905384596E+09    7.164416446570705E-13    4.339550630206883E+02    2.142155404178525E+04    2.033382145600744E+04    2.445398479555300E-01    4.193059763796678E+00    0.000000000000000E+00    1.088550145984206E+15    3.133972000000000E-14    0.000000000000000E+00    8.364199000000000E-01    4.051600000000000E-02    1.876786000000000E-03    5.330378000000000E-02    1.764809000000000E-02    9.511724999999999E-05    7.480309000000000E-03    3.454212999999999E-03    1.187680000000000E-03    3.276414000000001E-04    2.776273000000000E-04    0.000000000000000E+00    0.000000000000000E+00    0.000000000000000E+00    0.000000000000000E+00    0.000000000000000E+00    1.172719000000000E-04    0.000000000000000E+00    3.709578000000000E-02    1.541406850790000E+42    4.309428481127000E+11    1.011336938389500E+11
                      288    0.000000000000000E+00    0.000000000000000E+00    1.088550271308175E+15    1.347588905384596E+09    7.164416446570705E-13    4.339550630206883E+02    2.142155404178525E+04    2.033382145600744E+04    2.445398479555300E-01    4.193015982533671E+00    0.000000000000000E+00    1.088550406061519E+15    3.133972000000000E-14    0.000000000000000E+00    8.364199000000000E-01    4.051600000000000E-02    1.876786000000000E-03    5.330378000000000E-02    1.764809000000000E-02    9.511724999999999E-05    7.480309000000000E-03    3.454212999999999E-03    1.187680000000000E-03    3.276414000000001E-04    2.776273000000000E-04    0.000000000000000E+00    0.000000000000000E+00    0.000000000000000E+00    0.000000000000000E+00    0.000000000000000E+00    1.172719000000000E-04    0.000000000000000E+00    3.709578000000000E-02    1.541406850790000E+42    4.309428481127000E+11    1.011336938389500E+11
                      289    0.000000000000000E+00    0.000000000000000E+00    1.088550540814863E+15    1.347588905384596E+09    7.164416446570705E-13    4.339550630206883E+02    2.142155404178525E+04    2.033382145600744E+04    2.445398479555300E-01    4.192968120026317E+00    0.000000000000000E+00    1.088550782033593E+15    3.133972000000000E-14    0.000000000000000E+00    8.364199000000000E-01    4.051600000000000E-02    1.876786000000000E-03    5.330378000000000E-02    1.764809000000000E-02    9.511724999999999E-05    7.480309000000000E-03    3.454212999999999E-03    1.187680000000000E-03    3.276414000000001E-04    2.776273000000000E-04    0.000000000000000E+00    0.000000000000000E+00    0.000000000000000E+00    0.000000000000000E+00    0.000000000000000E+00    1.172719000000000E-04    0.000000000000000E+00    3.709578000000000E-02    1.541406850790000E+42    4.309428481127000E+11    1.011336938389500E+11
                      290    0.000000000000000E+00    0.000000000000000E+00    1.088551023252323E+15    1.347588905384596E+09    7.164416446570705E-13    4.339550630206883E+02    2.142155404178525E+04    2.033382145600744E+04    2.445398479555300E-01    4.192884638685692E+00    0.000000000000000E+00    1.088551148576404E+15    3.133972000000000E-14    0.000000000000000E+00    8.364199000000000E-01    4.051600000000000E-02    1.876786000000000E-03    5.330378000000000E-02    1.764809000000000E-02    9.511724999999999E-05    7.480309000000000E-03    3.454212999999999E-03    1.187680000000000E-03    3.276414000000001E-04    2.776273000000000E-04    0.000000000000000E+00    0.000000000000000E+00    0.000000000000000E+00    0.000000000000000E+00    0.000000000000000E+00    1.172719000000000E-04    0.000000000000000E+00    3.709578000000000E-02    1.541406850790000E+42    4.309428481127000E+11    1.011336938389500E+11
                      291    0.000000000000000E+00    0.000000000000000E+00    1.088551273900486E+15    1.347588905384596E+09    7.164416446570705E-13    4.339550630206883E+02    2.142155404178525E+04    2.033382145600744E+04    2.445398479555300E-01    4.192840857383130E+00    0.000000000000000E+00    1.088551408653954E+15    3.133972000000000E-14    0.000000000000000E+00    8.364199000000000E-01    4.051600000000000E-02    1.876786000000000E-03    5.330378000000000E-02    1.764809000000000E-02    9.511724999999999E-05    7.480309000000000E-03    3.454212999999999E-03    1.187680000000000E-03    3.276414000000001E-04    2.776273000000000E-04    0.000000000000000E+00    0.000000000000000E+00    0.000000000000000E+00    0.000000000000000E+00    0.000000000000000E+00    1.172719000000000E-04    0.000000000000000E+00    3.709578000000000E-02    1.541406850790000E+42    4.309428481127000E+11    1.011336938389500E+11
                      292    0.000000000000000E+00    0.000000000000000E+00    1.088551543407423E+15    1.347588905384596E+09    7.164416446570705E-13    4.339550630206883E+02    2.142155404178525E+04    2.033382145600744E+04    2.445398479555300E-01    4.192792994831652E+00    0.000000000000000E+00    1.088551784626375E+15    3.133972000000000E-14    0.000000000000000E+00    8.364199000000000E-01    4.051600000000000E-02    1.876786000000000E-03    5.330378000000000E-02    1.764809000000000E-02    9.511724999999999E-05    7.480309000000000E-03    3.454212999999999E-03    1.187680000000000E-03    3.276414000000001E-04    2.776273000000000E-04    0.000000000000000E+00    0.000000000000000E+00    0.000000000000000E+00    0.000000000000000E+00    0.000000000000000E+00    1.172719000000000E-04    0.000000000000000E+00    3.709578000000000E-02    1.541406850790000E+42    4.309428481127000E+11    1.011336938389500E+11
                      293    0.000000000000000E+00    0.000000000000000E+00    1.088552025845327E+15    1.347588905384596E+09    7.164416446570705E-13    4.339550630206883E+02    2.142155404178525E+04    2.033382145600744E+04    2.445398479555300E-01    4.192709513414191E+00    0.000000000000000E+00    1.088552160598888E+15    3.133972000000000E-14    0.000000000000000E+00    8.364199000000000E-01    4.051600000000000E-02    1.876786000000000E-03    5.330378000000000E-02    1.764809000000000E-02    9.511724999999999E-05    7.480309000000000E-03    3.454212999999999E-03    1.187680000000000E-03    3.276414000000001E-04    2.776273000000000E-04    0.000000000000000E+00    0.000000000000000E+00    0.000000000000000E+00    0.000000000000000E+00    0.000000000000000E+00    1.172719000000000E-04    0.000000000000000E+00    3.709578000000000E-02    1.541406850790000E+42    4.309428481127000E+11    1.011336938389500E+11
                      294    0.000000000000000E+00    0.000000000000000E+00    1.088552295352450E+15    1.347588905384596E+09    7.164416446570705E-13    4.339550630206883E+02    2.142155404178525E+04    2.033382145600744E+04    2.445398479555300E-01    4.192661650829645E+00    0.000000000000000E+00    1.088552536571568E+15    3.133972000000000E-14    0.000000000000000E+00    8.364199000000000E-01    4.051600000000000E-02    1.876786000000000E-03    5.330378000000000E-02    1.764809000000000E-02    9.511724999999999E-05    7.480309000000000E-03    3.454212999999999E-03    1.187680000000000E-03    3.276414000000001E-04    2.776273000000000E-04    0.000000000000000E+00    0.000000000000000E+00    0.000000000000000E+00    0.000000000000000E+00    0.000000000000000E+00    1.172719000000000E-04    0.000000000000000E+00    3.709578000000000E-02    1.541406850790000E+42    4.309428481127000E+11    1.011336938389500E+11
                      295    0.000000000000000E+00    0.000000000000000E+00    1.088552777790686E+15    1.347588905384596E+09    7.164416446570705E-13    4.339550630206883E+02    2.142155404178525E+04    2.033382145600744E+04    2.445398479555300E-01    4.192578169354525E+00    0.000000000000000E+00    1.088552912544343E+15    3.133972000000000E-14    0.000000000000000E+00    8.364199000000000E-01    4.051600000000000E-02    1.876786000000000E-03    5.330378000000000E-02    1.764809000000000E-02    9.511724999999999E-05    7.480309000000000E-03    3.454212999999999E-03    1.187680000000000E-03    3.276414000000001E-04    2.776273000000000E-04    0.000000000000000E+00    0.000000000000000E+00    0.000000000000000E+00    0.000000000000000E+00    0.000000000000000E+00    1.172719000000000E-04    0.000000000000000E+00    3.709578000000000E-02    1.541406850790000E+42    4.309428481127000E+11    1.011336938389500E+11
                      296    0.000000000000000E+00    0.000000000000000E+00    1.088553047298000E+15    1.347588905384596E+09    7.164416446570705E-13    4.339550630206883E+02    2.142155404178525E+04    2.033382145600744E+04    2.445398479555300E-01    4.192530306736201E+00    0.000000000000000E+00    1.088553297946658E+15    3.133972000000000E-14    0.000000000000000E+00    8.364199000000000E-01    4.051600000000000E-02    1.876786000000000E-03    5.330378000000000E-02    1.764809000000000E-02    9.511724999999999E-05    7.480309000000000E-03    3.454212999999999E-03    1.187680000000000E-03    3.276414000000001E-04    2.776273000000000E-04    0.000000000000000E+00    0.000000000000000E+00    0.000000000000000E+00    0.000000000000000E+00    0.000000000000000E+00    1.172719000000000E-04    0.000000000000000E+00    3.709578000000000E-02    1.541406850790000E+42    4.309428481127000E+11    1.011336938389500E+11
                      297    0.000000000000000E+00    0.000000000000000E+00    1.088553548595316E+15    1.347588905384596E+09    7.164416446570705E-13    4.339550630206883E+02    2.142155404178525E+04    2.033382145600744E+04    2.445398479555300E-01    4.192442743957827E+00    0.000000000000000E+00    1.088553673919691E+15    3.133972000000000E-14    0.000000000000000E+00    8.364199000000000E-01    4.051600000000000E-02    1.876786000000000E-03    5.330378000000000E-02    1.764809000000000E-02    9.511724999999999E-05    7.480309000000000E-03    3.454212999999999E-03    1.187680000000000E-03    3.276414000000001E-04    2.776273000000000E-04    0.000000000000000E+00    0.000000000000000E+00    0.000000000000000E+00    0.000000000000000E+00    0.000000000000000E+00    1.172719000000000E-04    0.000000000000000E+00    3.709578000000000E-02    1.541406850790000E+42    4.309428481127000E+11    1.011336938389500E+11
                      298    0.000000000000000E+00    0.000000000000000E+00    1.088553799244065E+15    1.347588905384596E+09    7.164416446570705E-13    4.339550630206883E+02    2.142155404178525E+04    2.033382145600744E+04    2.445398479555300E-01    4.192398962552755E+00    0.000000000000000E+00    1.088554049892897E+15    3.133972000000000E-14    0.000000000000000E+00    8.364199000000000E-01    4.051600000000000E-02    1.876786000000000E-03    5.330378000000000E-02    1.764809000000000E-02    9.511724999999999E-05    7.480309000000000E-03    3.454212999999999E-03    1.187680000000000E-03    3.276414000000001E-04    2.776273000000000E-04    0.000000000000000E+00    0.000000000000000E+00    0.000000000000000E+00    0.000000000000000E+00    0.000000000000000E+00    1.172719000000000E-04    0.000000000000000E+00    3.709578000000000E-02    1.541406850790000E+42    4.309428481127000E+11    1.011336938389500E+11
                      299    0.000000000000000E+00    0.000000000000000E+00    1.088554300541728E+15    1.347588905384596E+09    7.164416446570705E-13    4.339550630206883E+02    2.142155404178525E+04    2.033382145600744E+04    2.445398479555300E-01    4.192311399713881E+00    0.000000000000000E+00    1.088554435295575E+15    3.133972000000000E-14    0.000000000000000E+00    8.364199000000000E-01    4.051600000000000E-02    1.876786000000000E-03    5.330378000000000E-02    1.764809000000000E-02    9.511724999999999E-05    7.480309000000000E-03    3.454212999999999E-03    1.187680000000000E-03    3.276414000000001E-04    2.776273000000000E-04    0.000000000000000E+00    0.000000000000000E+00    0.000000000000000E+00    0.000000000000000E+00    0.000000000000000E+00    1.172719000000000E-04    0.000000000000000E+00    3.709578000000000E-02    1.541406850790000E+42    4.309428481127000E+11    1.011336938389500E+11
                      300    0.000000000000000E+00    0.000000000000000E+00    1.088554570049422E+15    1.347589323050555E+09    7.164416446570705E-13    4.339550630206883E+02    2.142155404178525E+04    2.033382145600744E+04    2.445398479555300E-01    4.192263537027561E+00    0.000000000000000E+00    1.088554820698431E+15    3.133972000000000E-14    0.000000000000000E+00    8.364199000000000E-01    4.051600000000000E-02    1.876786000000000E-03    5.330378000000000E-02    1.764809000000000E-02    9.511724999999999E-05    7.480309000000000E-03    3.454212999999999E-03    1.187680000000000E-03    3.276414000000001E-04    2.776273000000000E-04    0.000000000000000E+00    0.000000000000000E+00    0.000000000000000E+00    0.000000000000000E+00    0.000000000000000E+00    1.172719000000000E-04    0.000000000000000E+00    3.709578000000000E-02    1.541406850790000E+42    4.309428481127000E+11    1.011336938389500E+11
                      301    0.000000000000000E+00    0.000000000000000E+00    1.088555071347440E+15    1.347589740716513E+09    7.164416446570705E-13    4.339550630206883E+02    2.142155404178525E+04    2.033382145600744E+04    2.445398479555300E-01    4.192175974126256E+00    0.000000000000000E+00    1.088555312567172E+15    3.133972000000000E-14    0.000000000000000E+00    8.364199000000000E-01    4.051600000000000E-02    1.876786000000000E-03    5.330378000000000E-02    1.764809000000000E-02    9.511724999999999E-05    7.480309000000000E-03    3.454212999999999E-03    1.187680000000000E-03    3.276414000000001E-04    2.776273000000000E-04    0.000000000000000E+00    0.000000000000000E+00    0.000000000000000E+00    0.000000000000000E+00    0.000000000000000E+00    1.172719000000000E-04    0.000000000000000E+00    3.709578000000000E-02    1.541406850790000E+42    4.309428481127000E+11    1.011336938389500E+11
                      302    0.000000000000000E+00    0.000000000000000E+00    1.088555553786903E+15    1.347589740716513E+09    7.164416446570705E-13    4.339550630206883E+02    2.142155404178525E+04    2.033382145600744E+04    2.445398479555300E-01    4.192092492438761E+00    0.000000000000000E+00    1.088555804436141E+15    3.133972000000000E-14    0.000000000000000E+00    8.364199000000000E-01    4.051600000000000E-02    1.876786000000000E-03    5.330378000000000E-02    1.764809000000000E-02    9.511724999999999E-05    7.480309000000000E-03    3.454212999999999E-03    1.187680000000000E-03    3.276414000000001E-04    2.776273000000000E-04    0.000000000000000E+00    0.000000000000000E+00    0.000000000000000E+00    0.000000000000000E+00    0.000000000000000E+00    1.172719000000000E-04    0.000000000000000E+00    3.709578000000000E-02    1.541406850790000E+42    4.309428481127000E+11    1.011336938389500E+11
                      303    0.000000000000000E+00    0.000000000000000E+00    1.088556055085378E+15    1.347589740716513E+09    7.164416446570705E-13    4.339550630206883E+02    2.142155404178525E+04    2.033382145600744E+04    2.445398479555300E-01    4.192004929457982E+00    0.000000000000000E+00    1.088556189839441E+15    3.133972000000000E-14    0.000000000000000E+00    8.364199000000000E-01    4.051600000000000E-02    1.876786000000000E-03    5.330378000000000E-02    1.764809000000000E-02    9.511724999999999E-05    7.480309000000000E-03    3.454212999999999E-03    1.187680000000000E-03    3.276414000000001E-04    2.776273000000000E-04    0.000000000000000E+00    0.000000000000000E+00    0.000000000000000E+00    0.000000000000000E+00    0.000000000000000E+00    1.172719000000000E-04    0.000000000000000E+00    3.709578000000000E-02    1.541406850790000E+42    4.309428481127000E+11    1.011336938389500E+11
                      304    0.000000000000000E+00    0.000000000000000E+00    1.088556324593503E+15    1.347589740716513E+09    7.164416446570705E-13    4.339550630206883E+02    2.142155404178525E+04    2.033382145600744E+04    2.445398479555300E-01    4.191957066695227E+00    0.000000000000000E+00    1.088556575242918E+15    3.133972000000000E-14    0.000000000000000E+00    8.364199000000000E-01    4.051600000000000E-02    1.876786000000000E-03    5.330378000000000E-02    1.764809000000000E-02    9.511724999999999E-05    7.480309000000000E-03    3.454212999999999E-03    1.187680000000000E-03    3.276414000000001E-04    2.776273000000000E-04    0.000000000000000E+00    0.000000000000000E+00    0.000000000000000E+00    0.000000000000000E+00    0.000000000000000E+00    1.172719000000000E-04    0.000000000000000E+00    3.709578000000000E-02    1.541406850790000E+42    4.309428481127000E+11    1.011336938389500E+11
                      305    0.000000000000000E+00    0.000000000000000E+00    1.088556825892333E+15    1.347589740716513E+09    7.164416446570705E-13    4.339550630206883E+02    2.142155404178525E+04    2.033382145600744E+04    2.445398479555300E-01    4.191869503652160E+00    0.000000000000000E+00    1.088557076541861E+15    3.133972000000000E-14    0.000000000000000E+00    8.364199000000000E-01    4.051600000000000E-02    1.876786000000000E-03    5.330378000000000E-02    1.764809000000000E-02    9.511724999999999E-05    7.480309000000000E-03    3.454212999999999E-03    1.187680000000000E-03    3.276414000000001E-04    2.776273000000000E-04    0.000000000000000E+00    0.000000000000000E+00    0.000000000000000E+00    0.000000000000000E+00    0.000000000000000E+00    1.172719000000000E-04    0.000000000000000E+00    3.709578000000000E-02    1.541406850790000E+42    4.309428481127000E+11    1.011336938389500E+11
                      306    0.000000000000000E+00    0.000000000000000E+00    1.088557327191389E+15    1.347589740716513E+09    7.164416446570705E-13    4.339550630206883E+02    2.142155404178525E+04    2.033382145600744E+04    2.445398479555300E-01    4.191781940569396E+00    0.000000000000000E+00    1.088557577841035E+15    3.133972000000000E-14    0.000000000000000E+00    8.364199000000000E-01    4.051600000000000E-02    1.876786000000000E-03    5.330378000000000E-02    1.764809000000000E-02    9.511724999999999E-05    7.480309000000000E-03    3.454212999999999E-03    1.187680000000000E-03    3.276414000000001E-04    2.776273000000000E-04    0.000000000000000E+00    0.000000000000000E+00    0.000000000000000E+00    0.000000000000000E+00    0.000000000000000E+00    1.172719000000000E-04    0.000000000000000E+00    3.709578000000000E-02    1.541406850790000E+42    4.309428481127000E+11    1.011336938389500E+11
                      307    0.000000000000000E+00    0.000000000000000E+00    1.088557828490681E+15    1.347589740716513E+09    7.164416446570705E-13    4.339550630206883E+02    2.142155404178525E+04    2.033382145600744E+04    2.445398479555300E-01    4.191694377445614E+00    0.000000000000000E+00    1.088558079140442E+15    3.133972000000000E-14    0.000000000000000E+00    8.364199000000000E-01    4.051600000000000E-02    1.876786000000000E-03    5.330378000000000E-02    1.764809000000000E-02    9.511724999999999E-05    7.480309000000000E-03    3.454212999999999E-03    1.187680000000000E-03    3.276414000000001E-04    2.776273000000000E-04    0.000000000000000E+00    0.000000000000000E+00    0.000000000000000E+00    0.000000000000000E+00    0.000000000000000E+00    1.172719000000000E-04    0.000000000000000E+00    3.709578000000000E-02    1.541406850790000E+42    4.318593149210000E+11    1.011336938389500E+11
                      308    0.000000000000000E+00    0.000000000000000E+00    1.088558329790203E+15    1.347589740716513E+09    7.164416446570705E-13    4.339550630206883E+02    2.142155404178525E+04    2.033382145600744E+04    2.445398479555300E-01    4.191606814281570E+00    0.000000000000000E+00    1.088558580440078E+15    3.133972000000000E-14    0.000000000000000E+00    8.364199000000000E-01    4.051600000000000E-02    1.876786000000000E-03    5.330378000000000E-02    1.764809000000000E-02    9.511724999999999E-05    7.480309000000000E-03    3.454212999999999E-03    1.187680000000000E-03    3.276414000000001E-04    2.776273000000000E-04    0.000000000000000E+00    0.000000000000000E+00    0.000000000000000E+00    0.000000000000000E+00    0.000000000000000E+00    1.172719000000000E-04    0.000000000000000E+00    3.709578000000000E-02    1.541406850790000E+42    4.318593149210000E+11    1.011336938389500E+11
                      309    0.000000000000000E+00    0.000000000000000E+00    1.088558831089953E+15    1.347589740716513E+09    7.164416446570705E-13    4.339550630206883E+02    2.142155404178525E+04    2.033382145600744E+04    2.445398479555300E-01    4.191519251077845E+00    0.000000000000000E+00    1.088559081739945E+15    3.133972000000000E-14    0.000000000000000E+00    8.364199000000000E-01    4.051600000000000E-02    1.876786000000000E-03    5.330378000000000E-02    1.764809000000000E-02    9.511724999999999E-05    7.480309000000000E-03    3.454212999999999E-03    1.187680000000000E-03    3.276414000000001E-04    2.776273000000000E-04    0.000000000000000E+00    0.000000000000000E+00    0.000000000000000E+00    0.000000000000000E+00    0.000000000000000E+00    1.172719000000000E-04    0.000000000000000E+00    3.709578000000000E-02    1.541406850790000E+42    4.318593149210000E+11    1.011336938389500E+11
                      310    0.000000000000000E+00    0.000000000000000E+00    1.088559332389937E+15    1.347589740716513E+09    7.164416446570705E-13    4.339550630206883E+02    2.142155404178525E+04    2.033382145600744E+04    2.445398479555300E-01    4.191431687833084E+00    0.000000000000000E+00    1.088559592469478E+15    3.133972000000000E-14    0.000000000000000E+00    8.364199000000000E-01    4.051600000000000E-02    1.876786000000000E-03    5.330378000000000E-02    1.764809000000000E-02    9.511724999999999E-05    7.480309000000000E-03    3.454212999999999E-03    1.187680000000000E-03    3.276414000000001E-04    2.776273000000000E-04    0.000000000000000E+00    0.000000000000000E+00    0.000000000000000E+00    0.000000000000000E+00    0.000000000000000E+00    1.172719000000000E-04    0.000000000000000E+00    3.709578000000000E-02    1.541406850790000E+42    4.318593149210000E+11    1.011336938389500E+11
                      311    0.000000000000000E+00    0.000000000000000E+00    1.088559852549020E+15    1.347589740716513E+09    7.164416446570705E-13    4.339550630206883E+02    2.142155404178525E+04    2.033382145600744E+04    2.445398479555300E-01    4.191340043276315E+00    0.000000000000000E+00    1.088560103199245E+15    3.133972000000000E-14    0.000000000000000E+00    8.364199000000000E-01    4.051600000000000E-02    1.876786000000000E-03    5.330378000000000E-02    1.764809000000000E-02    9.511724999999999E-05    7.480309000000000E-03    3.454212999999999E-03    1.187680000000000E-03    3.276414000000001E-04    2.776273000000000E-04    0.000000000000000E+00    0.000000000000000E+00    0.000000000000000E+00    0.000000000000000E+00    0.000000000000000E+00    1.172719000000000E-04    0.000000000000000E+00    3.709578000000000E-02    1.541406850790000E+42    4.318593149210000E+11    1.011336938389500E+11
                      312    0.000000000000000E+00    0.000000000000000E+00    1.088560353849470E+15    1.347589740716513E+09    7.164416446570705E-13    4.339550630206883E+02    2.142155404178525E+04    2.033382145600744E+04    2.445398479555300E-01    4.191252479949807E+00    0.000000000000000E+00    1.088560604499813E+15    3.133972000000000E-14    0.000000000000000E+00    8.364199000000000E-01    4.051600000000000E-02    1.876786000000000E-03    5.330378000000000E-02    1.764809000000000E-02    9.511724999999999E-05    7.480309000000000E-03    3.454212999999999E-03    1.187680000000000E-03    3.276414000000001E-04    2.776273000000000E-04    0.000000000000000E+00    0.000000000000000E+00    0.000000000000000E+00    0.000000000000000E+00    0.000000000000000E+00    1.172719000000000E-04    0.000000000000000E+00    3.709578000000000E-02    1.541406850790000E+42    4.318593149210000E+11    1.011336938389500E+11
                      313    0.000000000000000E+00    0.000000000000000E+00    1.088560855150156E+15    1.347585158382472E+09    7.164416446570705E-13    4.339550630206883E+02    2.142155404178525E+04    2.033382145600744E+04    2.445398479555300E-01    4.191164916582205E+00    0.000000000000000E+00    1.088561105800614E+15    3.133972000000000E-14    0.000000000000000E+00    8.364199000000000E-01    4.051600000000000E-02    1.876786000000000E-03    5.330378000000000E-02    1.764809000000000E-02    9.511724999999999E-05    7.480309000000000E-03    3.454212999999999E-03    1.187680000000000E-03    3.276414000000001E-04    2.776273000000000E-04    0.000000000000000E+00    0.000000000000000E+00    0.000000000000000E+00    0.000000000000000E+00    0.000000000000000E+00    1.172719000000000E-04    0.000000000000000E+00    3.709578000000000E-02    1.541406850790000E+42    4.318593149210000E+11    1.011336938389500E+11
                      314    0.000000000000000E+00    0.000000000000000E+00    1.088561356451072E+15    1.347580993714389E+09    7.164416446570705E-13    4.339550630206883E+02    2.142155404178525E+04    2.033382145600744E+04    2.445398479555300E-01    4.191077353174273E+00    0.000000000000000E+00    1.088561616531097E+15    3.133972000000000E-14    0.000000000000000E+00    8.364199000000000E-01    4.051600000000000E-02    1.876786000000000E-03    5.330378000000000E-02    1.764809000000000E-02    9.511724999999999E-05    7.480309000000000E-03    3.454212999999999E-03    1.187680000000000E-03    3.276414000000001E-04    2.776273000000000E-04    0.000000000000000E+00    0.000000000000000E+00    0.000000000000000E+00    0.000000000000000E+00    0.000000000000000E+00    1.172719000000000E-04    0.000000000000000E+00    3.709578000000000E-02    1.541406850790000E+42    4.318593149210000E+11    1.011336938389500E+11
                      315    0.000000000000000E+00    0.000000000000000E+00    1.088561876611122E+15    1.347581411380347E+09    7.164416446570705E-13    4.339550630206883E+02    2.142155404178525E+04    2.033382145600744E+04    2.445398479555300E-01    4.190985708446581E+00    0.000000000000000E+00    1.088562243157746E+15    3.133972000000000E-14    0.000000000000000E+00    8.364199000000000E-01    4.051600000000000E-02    1.876786000000000E-03    5.330378000000000E-02    1.764809000000000E-02    9.511724999999999E-05    7.480309000000000E-03    3.454212999999999E-03    1.187680000000000E-03    3.276414000000001E-04    2.776273000000000E-04    0.000000000000000E+00    0.000000000000000E+00    0.000000000000000E+00    0.000000000000000E+00    0.000000000000000E+00    1.172719000000000E-04    0.000000000000000E+00    3.709578000000000E-02    1.541406850790000E+42    4.318593149210000E+11    1.011336938389500E+11
                      316    0.000000000000000E+00    0.000000000000000E+00    1.088562609704370E+15    1.347581411380347E+09    7.164416446570705E-13    4.339550630206883E+02    2.142155404178525E+04    2.033382145600744E+04    2.445398479555300E-01    4.190858444478474E+00    0.000000000000000E+00    1.088562869784695E+15    3.133972000000000E-14    0.000000000000000E+00    8.364199000000000E-01    4.051600000000000E-02    1.876786000000000E-03    5.330378000000000E-02    1.764809000000000E-02    9.511724999999999E-05    7.480309000000000E-03    3.454212999999999E-03    1.187680000000000E-03    3.276414000000001E-04    2.776273000000000E-04    0.000000000000000E+00    0.000000000000000E+00    0.000000000000000E+00    0.000000000000000E+00    0.000000000000000E+00    1.172719000000000E-04    0.000000000000000E+00    3.709578000000000E-02    1.541406850790000E+42    4.318593149210000E+11    1.011336938389500E+11
                      317    0.000000000000000E+00    0.000000000000000E+00    1.088563129865019E+15    1.347581411380347E+09    7.164416446570705E-13    4.339550630206883E+02    2.142155404178525E+04    2.033382145600744E+04    2.445398479555300E-01    4.190766799645272E+00    0.000000000000000E+00    1.088563380516001E+15    3.133972000000000E-14    0.000000000000000E+00    8.364199000000000E-01    4.051600000000000E-02    1.876786000000000E-03    5.330378000000000E-02    1.764809000000000E-02    9.511724999999999E-05    7.480309000000000E-03    3.454212999999999E-03    1.187680000000000E-03    3.276414000000001E-04    2.776273000000000E-04    0.000000000000000E+00    0.000000000000000E+00    0.000000000000000E+00    0.000000000000000E+00    0.000000000000000E+00    1.172719000000000E-04    0.000000000000000E+00    3.709578000000000E-02    1.541406850790000E+42    4.318593149210000E+11    1.011336938389500E+11
                      318    0.000000000000000E+00    0.000000000000000E+00    1.088563631166983E+15    1.347581411380347E+09    7.164416446570705E-13    4.339550630206883E+02    2.142155404178525E+04    2.033382145600744E+04    2.445398479555300E-01    4.190679236054001E+00    0.000000000000000E+00    1.088564007143672E+15    3.133972000000000E-14    0.000000000000000E+00    8.364199000000000E-01    4.051600000000000E-02    1.876786000000000E-03    5.330378000000000E-02    1.764809000000000E-02    9.511724999999999E-05    7.480309000000000E-03    3.454212999999999E-03    1.187680000000000E-03    3.276414000000001E-04    2.776273000000000E-04    0.000000000000000E+00    0.000000000000000E+00    0.000000000000000E+00    0.000000000000000E+00    0.000000000000000E+00    1.172719000000000E-04    0.000000000000000E+00    3.709578000000000E-02    1.541406850790000E+42    4.318593149210000E+11    1.011336938389500E+11
                      319    0.000000000000000E+00    0.000000000000000E+00    1.088564383120360E+15    1.347581411380347E+09    7.164416446570705E-13    4.339550630206883E+02    2.142155404178525E+04    2.033382145600744E+04    2.445398479555300E-01    4.190547890591848E+00    0.000000000000000E+00    1.088564643201112E+15    3.133972000000000E-14    0.000000000000000E+00    8.364199000000000E-01    4.051600000000000E-02    1.876786000000000E-03    5.330378000000000E-02    1.764809000000000E-02    9.511724999999999E-05    7.480309000000000E-03    3.454212999999999E-03    1.187680000000000E-03    3.276414000000001E-04    2.776273000000000E-04    0.000000000000000E+00    0.000000000000000E+00    0.000000000000000E+00    0.000000000000000E+00    0.000000000000000E+00    1.172719000000000E-04    0.000000000000000E+00    3.709578000000000E-02    1.541406850790000E+42    4.318593149210000E+11    1.011336938389500E+11
                      320    0.000000000000000E+00    0.000000000000000E+00    1.088564903281864E+15    1.347581411380347E+09    7.164416446570705E-13    4.339550630206883E+02    2.142155404178525E+04    2.033382145600744E+04    2.445398479555300E-01    4.190456245607415E+00    0.000000000000000E+00    1.088565269829504E+15    3.133972000000000E-14    0.000000000000000E+00    8.364199000000000E-01    4.051600000000000E-02    1.876786000000000E-03    5.330378000000000E-02    1.764809000000000E-02    9.511724999999999E-05    7.480309000000000E-03    3.454212999999999E-03    1.187680000000000E-03    3.276414000000001E-04    2.776273000000000E-04    0.000000000000000E+00    0.000000000000000E+00    0.000000000000000E+00    0.000000000000000E+00    0.000000000000000E+00    1.172719000000000E-04    0.000000000000000E+00    3.709578000000000E-02    1.541406850790000E+42    4.318593149210000E+11    1.011336938389500E+11
                      321    0.000000000000000E+00    0.000000000000000E+00    1.088565636377143E+15    1.347581411380347E+09    7.164416446570705E-13    4.339550630206883E+02    2.142155404178525E+04    2.033382145600744E+04    2.445398479555300E-01    4.190328981286421E+00    0.000000000000000E+00    1.088565896458192E+15    3.133972000000000E-14    0.000000000000000E+00    8.364199000000000E-01    4.051600000000000E-02    1.876786000000000E-03    5.330378000000000E-02    1.764809000000000E-02    9.511724999999999E-05    7.480309000000000E-03    3.454212999999999E-03    1.187680000000000E-03    3.276414000000001E-04    2.776273000000000E-04    0.000000000000000E+00    0.000000000000000E+00    0.000000000000000E+00    0.000000000000000E+00    0.000000000000000E+00    1.172719000000000E-04    0.000000000000000E+00    3.709578000000000E-02    1.541406850790000E+42    4.318593149210000E+11    1.011336938389500E+11
                      322    0.000000000000000E+00    0.000000000000000E+00    1.088566156539242E+15    1.347581411380347E+09    7.164416446570705E-13    4.339550630206883E+02    2.142155404178525E+04    2.033382145600744E+04    2.445398479555300E-01    4.190237336197167E+00    0.000000000000000E+00    1.088566532516803E+15    3.133972000000000E-14    0.000000000000000E+00    8.364199000000000E-01    4.051600000000000E-02    1.876786000000000E-03    5.330378000000000E-02    1.764809000000000E-02    9.511724999999999E-05    7.480309000000000E-03    3.454212999999999E-03    1.187680000000000E-03    3.276414000000001E-04    2.776273000000000E-04    0.000000000000000E+00    0.000000000000000E+00    0.000000000000000E+00    0.000000000000000E+00    0.000000000000000E+00    1.172719000000000E-04    0.000000000000000E+00    3.709578000000000E-02    1.541406850790000E+42    4.318593149210000E+11    1.011336938389500E+11
                      323    0.000000000000000E+00    0.000000000000000E+00    1.088566908494363E+15    1.347581411380347E+09    7.164416446570705E-13    4.339550630206883E+02    2.142155404178525E+04    2.033382145600744E+04    2.445398479555300E-01    4.190105990429797E+00    0.000000000000000E+00    1.088567284472183E+15    3.133972000000000E-14    0.000000000000000E+00    8.364199000000000E-01    4.051600000000000E-02    1.876786000000000E-03    5.330378000000000E-02    1.764809000000000E-02    9.511724999999999E-05    7.480309000000000E-03    3.454212999999999E-03    1.187680000000000E-03    3.276414000000001E-04    2.776273000000000E-04    0.000000000000000E+00    0.000000000000000E+00    0.000000000000000E+00    0.000000000000000E+00    0.000000000000000E+00    1.172719000000000E-04    0.000000000000000E+00    3.709578000000000E-02    1.541406850790000E+42    4.318593149210000E+11    1.011336938389500E+11
                      324    0.000000000000000E+00    0.000000000000000E+00    1.088567660450004E+15    1.347581829046305E+09    7.164416446570705E-13    4.339550630206883E+02    2.142155404178525E+04    2.033382145600744E+04    2.445398479555300E-01    4.189974644571659E+00    0.000000000000000E+00    1.088568036428084E+15    3.133972000000000E-14    0.000000000000000E+00    8.364199000000000E-01    4.051600000000000E-02    1.876786000000000E-03    5.330378000000000E-02    1.764809000000000E-02    9.511724999999999E-05    7.480309000000000E-03    3.454212999999999E-03    1.187680000000000E-03    3.276414000000001E-04    2.776273000000000E-04    0.000000000000000E+00    0.000000000000000E+00    0.000000000000000E+00    0.000000000000000E+00    0.000000000000000E+00    1.172719000000000E-04    0.000000000000000E+00    3.709578000000000E-02    1.541406850790000E+42    4.319428481127000E+11    1.011336938389500E+11
                      325    0.000000000000000E+00    0.000000000000000E+00    1.088568412406164E+15    1.347582246712264E+09    7.164416446570705E-13    4.339550630206883E+02    2.142155404178525E+04    2.033382145600744E+04    2.445398479555300E-01    4.189843298622811E+00    0.000000000000000E+00    1.088568672487880E+15    3.133972000000000E-14    0.000000000000000E+00    8.364199000000000E-01    4.051600000000000E-02    1.876786000000000E-03    5.330378000000000E-02    1.764809000000000E-02    9.511724999999999E-05    7.480309000000000E-03    3.454212999999999E-03    1.187680000000000E-03    3.276414000000001E-04    2.776273000000000E-04    0.000000000000000E+00    0.000000000000000E+00    0.000000000000000E+00    0.000000000000000E+00    0.000000000000000E+00    1.172719000000000E-04    0.000000000000000E+00    3.709578000000000E-02    1.541406850790000E+42    4.319428481127000E+11    1.011336938389500E+11
                      326    0.000000000000000E+00    0.000000000000000E+00    1.088568932569597E+15    1.347582246712264E+09    7.164416446570705E-13    4.339550630206883E+02    2.142155404178525E+04    2.033382145600744E+04    2.445398479555300E-01    4.189751653297941E+00    0.000000000000000E+00    1.088569308548116E+15    3.133972000000000E-14    0.000000000000000E+00    8.364199000000000E-01    4.051600000000000E-02    1.876786000000000E-03    5.330378000000000E-02    1.764809000000000E-02    9.511724999999999E-05    7.480309000000000E-03    3.454212999999999E-03    1.187680000000000E-03    3.276414000000001E-04    2.776273000000000E-04    0.000000000000000E+00    0.000000000000000E+00    0.000000000000000E+00    0.000000000000000E+00    0.000000000000000E+00    1.172719000000000E-04    0.000000000000000E+00    3.709578000000000E-02    1.541406850790000E+42    4.319428481127000E+11    1.011336938389500E+11
                      327    0.000000000000000E+00    0.000000000000000E+00    1.088569684526636E+15    1.347582246712264E+09    7.164416446570705E-13    4.339550630206883E+02    2.142155404178525E+04    2.033382145600744E+04    2.445398479555300E-01    4.189620307195045E+00    0.000000000000000E+00    1.088570060505415E+15    3.133972000000000E-14    0.000000000000000E+00    8.364199000000000E-01    4.051600000000000E-02    1.876786000000000E-03    5.330378000000000E-02    1.764809000000000E-02    9.511724999999999E-05    7.480309000000000E-03    3.454212999999999E-03    1.187680000000000E-03    3.276414000000001E-04    2.776273000000000E-04    0.000000000000000E+00    0.000000000000000E+00    0.000000000000000E+00    0.000000000000000E+00    0.000000000000000E+00    1.172719000000000E-04    0.000000000000000E+00    3.709578000000000E-02    1.541406850790000E+42    4.319428481127000E+11    1.011336938389500E+11
                      328    0.000000000000000E+00    0.000000000000000E+00    1.088570436484194E+15    1.347582246712264E+09    7.164416446570705E-13    4.339550630206883E+02    2.142155404178525E+04    2.033382145600744E+04    2.445398479555300E-01    4.189488961001421E+00    0.000000000000000E+00    1.088570812463233E+15    3.133972000000000E-14    0.000000000000000E+00    8.364199000000000E-01    4.051600000000000E-02    1.876786000000000E-03    5.330378000000000E-02    1.764809000000000E-02    9.511724999999999E-05    7.480309000000000E-03    3.454212999999999E-03    1.187680000000000E-03    3.276414000000001E-04    2.776273000000000E-04    0.000000000000000E+00    0.000000000000000E+00    0.000000000000000E+00    0.000000000000000E+00    0.000000000000000E+00    1.172719000000000E-04    0.000000000000000E+00    3.709578000000000E-02    1.541406850790000E+42    4.319428481127000E+11    1.011336938389500E+11
                      329    0.000000000000000E+00    0.000000000000000E+00    1.088571188442271E+15    1.347582246712264E+09    7.164416446570705E-13    4.339550630206883E+02    2.142155404178525E+04    2.033382145600744E+04    2.445398479555300E-01    4.189357614717087E+00    0.000000000000000E+00    1.088571573851116E+15    3.133972000000000E-14    0.000000000000000E+00    8.364199000000000E-01    4.051600000000000E-02    1.876786000000000E-03    5.330378000000000E-02    1.764809000000000E-02    9.511724999999999E-05    7.480309000000000E-03    3.454212999999999E-03    1.187680000000000E-03    3.276414000000001E-04    2.776273000000000E-04    0.000000000000000E+00    0.000000000000000E+00    0.000000000000000E+00    0.000000000000000E+00    0.000000000000000E+00    1.172719000000000E-04    0.000000000000000E+00    3.709578000000000E-02    1.541406850790000E+42    4.319428481127000E+11    1.011336938389500E+11
                      330    0.000000000000000E+00    0.000000000000000E+00    1.088571959259962E+15    1.347582246712264E+09    7.164416446570705E-13    4.339550630206883E+02    2.142155404178525E+04    2.033382145600744E+04    2.445398479555300E-01    4.189222187021463E+00    0.000000000000000E+00    1.088572335239526E+15    3.133972000000000E-14    0.000000000000000E+00    8.364199000000000E-01    4.051600000000000E-02    1.876786000000000E-03    5.330378000000000E-02    1.764809000000000E-02    9.511724999999999E-05    7.480309000000000E-03    3.454212999999999E-03    1.187680000000000E-03    3.276414000000001E-04    2.776273000000000E-04    0.000000000000000E+00    0.000000000000000E+00    0.000000000000000E+00    0.000000000000000E+00    0.000000000000000E+00    1.172719000000000E-04    0.000000000000000E+00    3.709578000000000E-02    1.541406850790000E+42    4.319428481127000E+11    1.011336938389500E+11
                      331    0.000000000000000E+00    0.000000000000000E+00    1.088572711219091E+15    1.347582246712264E+09    7.164416446570705E-13    4.339550630206883E+02    2.142155404178525E+04    2.033382145600744E+04    2.445398479555300E-01    4.189090840552833E+00    0.000000000000000E+00    1.088573203096021E+15    3.133972000000000E-14    0.000000000000000E+00    8.364199000000000E-01    4.051600000000000E-02    1.876786000000000E-03    5.330378000000000E-02    1.764809000000000E-02    9.511724999999999E-05    7.480309000000000E-03    3.454212999999999E-03    1.187680000000000E-03    3.276414000000001E-04    2.776273000000000E-04    0.000000000000000E+00    0.000000000000000E+00    0.000000000000000E+00    0.000000000000000E+00    0.000000000000000E+00    1.172719000000000E-04    0.000000000000000E+00    3.709578000000000E-02    1.541406850790000E+42    4.319428481127000E+11    1.011336938389500E+11
                      332    0.000000000000000E+00    0.000000000000000E+00    1.088573694972950E+15    1.347582246712264E+09    7.164416446570705E-13    4.339550630206883E+02    2.142155404178525E+04    2.033382145600744E+04    2.445398479555300E-01    4.188919793113536E+00    0.000000000000000E+00    1.088574080382683E+15    3.133972000000000E-14    0.000000000000000E+00    8.364199000000000E-01    4.051600000000000E-02    1.876786000000000E-03    5.330378000000000E-02    1.764809000000000E-02    9.511724999999999E-05    7.480309000000000E-03    3.454212999999999E-03    1.187680000000000E-03    3.276414000000001E-04    2.776273000000000E-04    0.000000000000000E+00    0.000000000000000E+00    0.000000000000000E+00    0.000000000000000E+00    0.000000000000000E+00    1.172719000000000E-04    0.000000000000000E+00    3.709578000000000E-02    1.541406850790000E+42    4.319428481127000E+11    1.011336938389500E+11
                      333    0.000000000000000E+00    0.000000000000000E+00    1.088574465792416E+15    1.347582664378222E+09    7.164416446570705E-13    4.339550630206883E+02    2.142155404178525E+04    2.033382145600744E+04    2.445398479555300E-01    4.188784365106004E+00    0.000000000000000E+00    1.088574851202424E+15    3.133972000000000E-14    0.000000000000000E+00    8.364199000000000E-01    4.051600000000000E-02    1.876786000000000E-03    5.330378000000000E-02    1.764809000000000E-02    9.511724999999999E-05    7.480309000000000E-03    3.454212999999999E-03    1.187680000000000E-03    3.276414000000001E-04    2.776273000000000E-04    0.000000000000000E+00    0.000000000000000E+00    0.000000000000000E+00    0.000000000000000E+00    0.000000000000000E+00    1.172719000000000E-04    0.000000000000000E+00    3.709578000000000E-02    1.541406850790000E+42    4.319428481127000E+11    1.011336938389500E+11
                      334    0.000000000000000E+00    0.000000000000000E+00    1.088575236612431E+15    1.347583082044181E+09    7.164416446570705E-13    4.339550630206883E+02    2.142155404178525E+04    2.033382145600744E+04    2.445398479555300E-01    4.188648937001240E+00    0.000000000000000E+00    1.088575728490498E+15    3.133972000000000E-14    0.000000000000000E+00    8.364199000000000E-01    4.051600000000000E-02    1.876786000000000E-03    5.330378000000000E-02    1.764809000000000E-02    9.511724999999999E-05    7.480309000000000E-03    3.454212999999999E-03    1.187680000000000E-03    3.276414000000001E-04    2.776273000000000E-04    0.000000000000000E+00    0.000000000000000E+00    0.000000000000000E+00    0.000000000000000E+00    0.000000000000000E+00    1.172719000000000E-04    0.000000000000000E+00    3.709578000000000E-02    1.541406850790000E+42    4.319428481127000E+11    1.012253405197800E+11
                      335    0.000000000000000E+00    0.000000000000000E+00    1.088576220368565E+15    1.347583082044181E+09    7.164416446570705E-13    4.339550630206883E+02    2.142155404178525E+04    2.033382145600744E+04    2.445398479555300E-01    4.188477889165978E+00    0.000000000000000E+00    1.088576605779194E+15    3.133972000000000E-14    0.000000000000000E+00    8.364199000000000E-01    4.051600000000000E-02    1.876786000000000E-03    5.330378000000000E-02    1.764809000000000E-02    9.511724999999999E-05    7.480309000000000E-03    3.454212999999999E-03    1.187680000000000E-03    3.276414000000001E-04    2.776273000000000E-04    0.000000000000000E+00    0.000000000000000E+00    0.000000000000000E+00    0.000000000000000E+00    0.000000000000000E+00    1.172719000000000E-04    0.000000000000000E+00    3.709578000000000E-02    1.541406850790000E+42    4.319428481127000E+11    1.012253405197800E+11
                      336    0.000000000000000E+00    0.000000000000000E+00    1.088576991189822E+15    1.347583082044181E+09    7.164416446570705E-13    4.339550630206883E+02    2.142155404178525E+04    2.033382145600744E+04    2.445398479555300E-01    4.188342460842853E+00    0.000000000000000E+00    1.088577492498283E+15    3.133972000000000E-14    0.000000000000000E+00    8.364199000000000E-01    4.051600000000000E-02    1.876786000000000E-03    5.330378000000000E-02    1.764809000000000E-02    9.511724999999999E-05    7.480309000000000E-03    3.454212999999999E-03    1.187680000000000E-03    3.276414000000001E-04    2.776273000000000E-04    0.000000000000000E+00    0.000000000000000E+00    0.000000000000000E+00    0.000000000000000E+00    0.000000000000000E+00    1.172719000000000E-04    0.000000000000000E+00    3.709578000000000E-02    1.541406850790000E+42    4.319428481127000E+11    1.012253405197800E+11
                      337    0.000000000000000E+00    0.000000000000000E+00    1.088577993806744E+15    1.347583082044181E+09    7.164416446570705E-13    4.339550630206883E+02    2.142155404178525E+04    2.033382145600744E+04    2.445398479555300E-01    4.188167331387843E+00    0.000000000000000E+00    1.088578379218002E+15    3.133972000000000E-14    0.000000000000000E+00    8.364199000000000E-01    4.051600000000000E-02    1.876786000000000E-03    5.330378000000000E-02    1.764809000000000E-02    9.511724999999999E-05    7.480309000000000E-03    3.454212999999999E-03    1.187680000000000E-03    3.276414000000001E-04    2.776273000000000E-04    0.000000000000000E+00    0.000000000000000E+00    0.000000000000000E+00    0.000000000000000E+00    0.000000000000000E+00    1.172719000000000E-04    0.000000000000000E+00    3.709578000000000E-02    1.541406850790000E+42    4.319428481127000E+11    1.012253405197800E+11
                      338    0.000000000000000E+00    0.000000000000000E+00    1.088578764629261E+15    1.347583082044181E+09    7.164416446570705E-13    4.339550630206883E+02    2.142155404178525E+04    2.033382145600744E+04    2.445398479555300E-01    4.188031902842765E+00    0.000000000000000E+00    1.088579265938540E+15    3.133972000000000E-14    0.000000000000000E+00    8.364199000000000E-01    4.051600000000000E-02    1.876786000000000E-03    5.330378000000000E-02    1.764809000000000E-02    9.511724999999999E-05    7.480309000000000E-03    3.454212999999999E-03    1.187680000000000E-03    3.276414000000001E-04    2.776273000000000E-04    0.000000000000000E+00    0.000000000000000E+00    0.000000000000000E+00    0.000000000000000E+00    0.000000000000000E+00    1.172719000000000E-04    0.000000000000000E+00    3.709578000000000E-02    1.541406850790000E+42    4.319428481127000E+11    1.012253405197800E+11
                      339    0.000000000000000E+00    0.000000000000000E+00    1.088579767247820E+15    1.347583082044181E+09    7.164416446570705E-13    4.339550630206883E+02    2.142155404178525E+04    2.033382145600744E+04    2.445398479555300E-01    4.187856773100948E+00    0.000000000000000E+00    1.088580268557559E+15    3.133972000000000E-14    0.000000000000000E+00    8.364199000000000E-01    4.051600000000000E-02    1.876786000000000E-03    5.330378000000000E-02    1.764809000000000E-02    9.511724999999999E-05    7.480309000000000E-03    3.454212999999999E-03    1.187680000000000E-03    3.276414000000001E-04    2.776273000000000E-04    0.000000000000000E+00    0.000000000000000E+00    0.000000000000000E+00    0.000000000000000E+00    0.000000000000000E+00    1.172719000000000E-04    0.000000000000000E+00    3.709578000000000E-02    1.541406850790000E+42    4.319428481127000E+11    1.013088737114800E+11
                      340    0.000000000000000E+00    0.000000000000000E+00    1.088580769867298E+15    1.347583499710140E+09    7.164416446570705E-13    4.339550630206883E+02    2.142155404178525E+04    2.033382145600744E+04    2.445314946363600E-01    4.187681650110309E+00    0.000000000000000E+00    1.088581271177500E+15    3.133972000000000E-14    0.000000000000000E+00    8.364199000000000E-01    4.051600000000000E-02    1.876786000000000E-03    5.330378000000000E-02    1.764809000000000E-02    9.511724999999999E-05    7.480309000000000E-03    3.454212999999999E-03    1.187680000000000E-03    3.276414000000001E-04    2.776273000000000E-04    0.000000000000000E+00    0.000000000000000E+00    0.000000000000000E+00    0.000000000000000E+00    0.000000000000000E+00    1.172719000000000E-04    0.000000000000000E+00    3.709578000000000E-02    1.541406850790000E+42    4.319428481127000E+11    1.013088737114800E+11
                      341    0.000000000000000E+00    0.000000000000000E+00    1.088581772487703E+15    1.347583917376098E+09    7.164416446570705E-13    4.339550630206883E+02    2.142155404178525E+04    2.033382145600744E+04    2.445314946363600E-01    4.187506526957660E+00    0.000000000000000E+00    1.088582273798366E+15    3.133972000000000E-14    0.000000000000000E+00    8.364199000000000E-01    4.051600000000000E-02    1.876786000000000E-03    5.330378000000000E-02    1.764809000000000E-02    9.511724999999999E-05    7.480309000000000E-03    3.454212999999999E-03    1.187680000000000E-03    3.276414000000001E-04    2.776273000000000E-04    0.000000000000000E+00    0.000000000000000E+00    0.000000000000000E+00    0.000000000000000E+00    0.000000000000000E+00    1.172719000000000E-04    0.000000000000000E+00    3.709578000000000E-02    1.541406850790000E+42    4.319428481127000E+11    1.013088737114800E+11
                      342    0.000000000000000E+00    0.000000000000000E+00    1.088582775109028E+15    1.347583917376098E+09    7.164416446570705E-13    4.339550630206883E+02    2.142155404178525E+04    2.033382145600744E+04    2.445314946363600E-01    4.187331403644357E+00    0.000000000000000E+00    1.088583285849808E+15    3.133972000000000E-14    0.000000000000000E+00    8.364199000000000E-01    4.051600000000000E-02    1.876786000000000E-03    5.330378000000000E-02    1.764809000000000E-02    9.511724999999999E-05    7.480309000000000E-03    3.454212999999999E-03    1.187680000000000E-03    3.276414000000001E-04    2.776273000000000E-04    0.000000000000000E+00    0.000000000000000E+00    0.000000000000000E+00    0.000000000000000E+00    0.000000000000000E+00    1.172719000000000E-04    0.000000000000000E+00    3.709578000000000E-02    1.541406850790000E+42    4.319428481127000E+11    1.013088737114800E+11
                      343    0.000000000000000E+00    0.000000000000000E+00    1.088583796590587E+15    1.347583917376098E+09    7.164416446570705E-13    4.339550630206883E+02    2.142155404178525E+04    2.033382145600744E+04    2.445314946363600E-01    4.187152200530166E+00    0.000000000000000E+00    1.088584297902184E+15    3.133972000000000E-14    0.000000000000000E+00    8.364199000000000E-01    4.051600000000000E-02    1.876786000000000E-03    5.330378000000000E-02    1.764809000000000E-02    9.511724999999999E-05    7.480309000000000E-03    3.454212999999999E-03    1.187680000000000E-03    3.276414000000001E-04    2.776273000000000E-04    0.000000000000000E+00    0.000000000000000E+00    0.000000000000000E+00    0.000000000000000E+00    0.000000000000000E+00    1.172719000000000E-04    0.000000000000000E+00    3.709578000000000E-02    1.541406850790000E+42    4.319428481127000E+11    1.013088737114800E+11
                      344    0.000000000000000E+00    0.000000000000000E+00    1.088584799213780E+15    1.347583917376098E+09    7.164416446570705E-13    4.339550630206883E+02    2.142155404178525E+04    2.033382145600744E+04    2.445314946363600E-01    4.186977076889881E+00    0.000000000000000E+00    1.088585309955512E+15    3.133972000000000E-14    0.000000000000000E+00    8.364199000000000E-01    4.051600000000000E-02    1.876786000000000E-03    5.330378000000000E-02    1.764809000000000E-02    9.511724999999999E-05    7.480309000000000E-03    3.454212999999999E-03    1.187680000000000E-03    3.276414000000001E-04    2.776273000000000E-04    0.000000000000000E+00    0.000000000000000E+00    0.000000000000000E+00    0.000000000000000E+00    0.000000000000000E+00    1.172719000000000E-04    0.000000000000000E+00    3.709578000000000E-02    1.541406850790000E+42    4.319428481127000E+11    1.013088737114800E+11
                      345    0.000000000000000E+00    0.000000000000000E+00    1.088585820697243E+15    1.347583917376098E+09    7.164416446570705E-13    4.339550630206883E+02    2.142155404178525E+04    2.033382145600744E+04    2.445314946363600E-01    4.186797873440870E+00    0.000000000000000E+00    1.088586437908289E+15    3.133972000000000E-14    0.000000000000000E+00    8.364199000000000E-01    4.051600000000000E-02    1.876786000000000E-03    5.330378000000000E-02    1.764809000000000E-02    9.511724999999999E-05    7.480309000000000E-03    3.454212999999999E-03    1.187680000000000E-03    3.276414000000001E-04    2.776273000000000E-04    0.000000000000000E+00    0.000000000000000E+00    0.000000000000000E+00    0.000000000000000E+00    0.000000000000000E+00    1.172719000000000E-04    0.000000000000000E+00    3.709578000000000E-02    1.541406850790000E+42    4.319428481127000E+11    1.013088737114800E+11
                      346    0.000000000000000E+00    0.000000000000000E+00    1.088587055119336E+15    1.347583917376098E+09    7.179167822313334E-13    4.339550630206883E+02    2.142155404178525E+04    2.033382145600744E+04    2.445314946363600E-01    4.186582590505231E+00    0.000000000000000E+00    1.088587565862126E+15    3.133972000000000E-14    0.000000000000000E+00    8.364199000000000E-01    4.051600000000000E-02    1.876786000000000E-03    5.330378000000000E-02    1.764809000000000E-02    9.511724999999999E-05    7.480309000000000E-03    3.454212999999999E-03    1.187680000000000E-03    3.276414000000001E-04    2.776273000000000E-04    0.000000000000000E+00    0.000000000000000E+00    0.000000000000000E+00    0.000000000000000E+00    0.000000000000000E+00    1.172719000000000E-04    0.000000000000000E+00    3.709578000000000E-02    1.541406850790000E+42    4.319428481127000E+11    1.013088737114800E+11
                      347    0.000000000000000E+00    0.000000000000000E+00    1.088588076604915E+15    1.347584335042057E+09    7.179167822313334E-13    4.339550630206883E+02    2.142155404178525E+04    2.033382145600744E+04    2.445314946363600E-01    4.186403020600268E+00    0.000000000000000E+00    1.088588587348186E+15    3.133972000000000E-14    0.000000000000000E+00    8.364199000000000E-01    4.051600000000000E-02    1.876786000000000E-03    5.330378000000000E-02    1.764809000000000E-02    9.511724999999999E-05    7.480309000000000E-03    3.454212999999999E-03    1.187680000000000E-03    3.276414000000001E-04    2.776273000000000E-04    0.000000000000000E+00    0.000000000000000E+00    0.000000000000000E+00    0.000000000000000E+00    0.000000000000000E+00    1.172719000000000E-04    0.000000000000000E+00    3.709578000000000E-02    1.541406850790000E+42    4.319428481127000E+11    1.013088737114800E+11
                      348    0.000000000000000E+00    0.000000000000000E+00    1.088589098091457E+15    1.347584752708015E+09    7.179167822313334E-13    4.339550630206883E+02    2.142155404178525E+04    2.033382145600744E+04    2.445314946363600E-01    4.186223450525300E+00    0.000000000000000E+00    1.088589724734075E+15    3.133972000000000E-14    0.000000000000000E+00    8.364199000000000E-01    4.051600000000000E-02    1.876786000000000E-03    5.330378000000000E-02    1.764809000000000E-02    9.511724999999999E-05    7.480309000000000E-03    3.454212999999999E-03    1.187680000000000E-03    3.276414000000001E-04    2.776273000000000E-04    0.000000000000000E+00    0.000000000000000E+00    0.000000000000000E+00    0.000000000000000E+00    0.000000000000000E+00    1.172719000000000E-04    0.000000000000000E+00    3.709578000000000E-02    1.541406850790000E+42    4.319428481127000E+11    1.013088737114800E+11
                      349    0.000000000000000E+00    0.000000000000000E+00    1.088590351376694E+15    1.347580170373973E+09    7.179167822313334E-13    4.339550630206883E+02    2.142155404178525E+04    2.033382145600744E+04    2.445314946363600E-01    4.186004087275506E+00    0.000000000000000E+00    1.088590978020034E+15    3.133972000000000E-14    0.000000000000000E+00    8.364199000000000E-01    4.051600000000000E-02    1.876786000000000E-03    5.330378000000000E-02    1.764809000000000E-02    9.511724999999999E-05    7.480309000000000E-03    3.454212999999999E-03    1.187680000000000E-03    3.276414000000001E-04    2.776273000000000E-04    0.000000000000000E+00    0.000000000000000E+00    0.000000000000000E+00    0.000000000000000E+00    0.000000000000000E+00    1.172719000000000E-04    0.000000000000000E+00    3.709578000000000E-02    1.541406850790000E+42    4.319428481127000E+11    1.013088737114800E+11
                      350    0.000000000000000E+00    0.000000000000000E+00    1.088591604663375E+15    1.347575588039932E+09    7.179167822313334E-13    4.339550630206883E+02    2.142155404178525E+04    2.033382145600744E+04    2.445314946363600E-01    4.185784723773153E+00    0.000000000000000E+00    1.088592231307436E+15    3.133972000000000E-14    0.000000000000000E+00    8.364199000000000E-01    4.051600000000000E-02    1.876786000000000E-03    5.330378000000000E-02    1.764809000000000E-02    9.511724999999999E-05    7.480309000000000E-03    3.454212999999999E-03    1.187680000000000E-03    3.276414000000001E-04    2.776273000000000E-04    0.000000000000000E+00    0.000000000000000E+00    0.000000000000000E+00    0.000000000000000E+00    0.000000000000000E+00    1.172719000000000E-04    0.000000000000000E+00    3.709578000000000E-02    1.541406850790000E+42    4.319428481127000E+11    1.013088737114800E+11
                      351    0.000000000000000E+00    0.000000000000000E+00    1.088592857951498E+15    1.347575588039932E+09    7.179167822313334E-13    4.339550630206883E+02    2.142155404178525E+04    2.033382145600744E+04    2.444398479555300E-01    4.185565441129306E+00    0.000000000000000E+00    1.088593368697014E+15    3.133972000000000E-14    0.000000000000000E+00    8.364199000000000E-01    4.051600000000000E-02    1.876786000000000E-03    5.330378000000000E-02    1.764809000000000E-02    9.511724999999999E-05    7.480309000000000E-03    3.454212999999999E-03    1.187680000000000E-03    3.276414000000001E-04    2.776273000000000E-04    0.000000000000000E+00    0.000000000000000E+00    0.000000000000000E+00    0.000000000000000E+00    0.000000000000000E+00    1.172719000000000E-04    0.000000000000000E+00    3.709578000000000E-02    1.541406850790000E+42    4.319428481127000E+11    1.013088737114800E+11
                      352    0.000000000000000E+00    0.000000000000000E+00    1.088593879442530E+15    1.347576005705891E+09    7.179167822313334E-13    4.339550630206883E+02    2.142155404178525E+04    2.033382145600744E+04    2.444398479555300E-01    4.185385935152935E+00    0.000000000000000E+00    1.088594515517663E+15    3.133972000000000E-14    0.000000000000000E+00    8.364199000000000E-01    4.051600000000000E-02    1.876786000000000E-03    5.330378000000000E-02    1.764809000000000E-02    9.511724999999999E-05    7.480309000000000E-03    3.454212999999999E-03    1.187680000000000E-03    3.276414000000001E-04    2.776273000000000E-04    0.000000000000000E+00    0.000000000000000E+00    0.000000000000000E+00    0.000000000000000E+00    0.000000000000000E+00    1.172719000000000E-04    0.000000000000000E+00    3.709578000000000E-02    1.541406850790000E+42    4.319428481127000E+11    1.013088737114800E+11
                      353    0.000000000000000E+00    0.000000000000000E+00    1.088595151592796E+15    1.347576423371849E+09    7.179167822313334E-13    4.339550630206883E+02    2.142155404178525E+04    2.033382145600744E+04    2.444398479555300E-01    4.185162572364329E+00    0.000000000000000E+00    1.088595894138431E+15    3.133972000000000E-14    0.000000000000000E+00    8.364199000000000E-01    4.051600000000000E-02    1.876786000000000E-03    5.330378000000000E-02    1.764809000000000E-02    9.511724999999999E-05    7.480309000000000E-03    3.454212999999999E-03    1.187680000000000E-03    3.276414000000001E-04    2.776273000000000E-04    0.000000000000000E+00    0.000000000000000E+00    0.000000000000000E+00    0.000000000000000E+00    0.000000000000000E+00    1.172719000000000E-04    0.000000000000000E+00    3.709578000000000E-02    1.541406850790000E+42    4.319428481127000E+11    1.013088737114800E+11
                      354    0.000000000000000E+00    0.000000000000000E+00    1.088596636684066E+15    1.347576423371849E+09    7.179167822313334E-13    4.339550630206883E+02    2.142155404178525E+04    2.033382145600744E+04    2.444398479555300E-01    4.184903511993442E+00    0.000000000000000E+00    1.088597272760808E+15    3.133972000000000E-14    0.000000000000000E+00    8.364199000000000E-01    4.051600000000000E-02    1.876786000000000E-03    5.330378000000000E-02    1.764809000000000E-02    9.511724999999999E-05    7.480309000000000E-03    3.454212999999999E-03    1.187680000000000E-03    3.276414000000001E-04    2.776273000000000E-04    0.000000000000000E+00    0.000000000000000E+00    0.000000000000000E+00    0.000000000000000E+00    0.000000000000000E+00    1.172719000000000E-04    0.000000000000000E+00    3.709578000000000E-02    1.541406850790000E+42    4.319428481127000E+11    1.013088737114800E+11
                      355    0.000000000000000E+00    0.000000000000000E+00    1.088597908837550E+15    1.347576423371849E+09    7.179167822313334E-13    4.339550630206883E+02    2.142155404178525E+04    2.033382145600744E+04    2.444398479555300E-01    4.184680148639801E+00    0.000000000000000E+00    1.088598535485240E+15    3.133972000000000E-14    0.000000000000000E+00    8.364199000000000E-01    4.051600000000000E-02    1.876786000000000E-03    5.330378000000000E-02    1.764809000000000E-02    9.511724999999999E-05    7.480309000000000E-03    3.454212999999999E-03    1.187680000000000E-03    3.276414000000001E-04    2.776273000000000E-04    0.000000000000000E+00    0.000000000000000E+00    0.000000000000000E+00    0.000000000000000E+00    0.000000000000000E+00    1.172719000000000E-04    0.000000000000000E+00    3.709578000000000E-02    1.541406850790000E+42    4.319428481127000E+11    1.013088737114800E+11
                      356    0.000000000000000E+00    0.000000000000000E+00    1.088599162132931E+15    1.347576423371849E+09    7.179167822313334E-13    4.339550630206883E+02    2.142155404178525E+04    2.033382145600744E+04    2.444398479555300E-01    4.184460864724251E+00    0.000000000000000E+00    1.088599914111111E+15    3.133972000000000E-14    0.000000000000000E+00    8.364199000000000E-01    4.051600000000000E-02    1.876786000000000E-03    5.330378000000000E-02    1.764809000000000E-02    9.511724999999999E-05    7.480309000000000E-03    3.454212999999999E-03    1.187680000000000E-03    3.276414000000001E-04    2.776273000000000E-04    0.000000000000000E+00    0.000000000000000E+00    0.000000000000000E+00    0.000000000000000E+00    0.000000000000000E+00    1.172719000000000E-04    0.000000000000000E+00    3.709578000000000E-02    1.541406850790000E+42    4.319428481127000E+11    1.013088737114800E+11
                      357    0.000000000000000E+00    0.000000000000000E+00    1.088600666089292E+15    1.347576841037807E+09    7.179167822313334E-13    4.339550630206883E+02    2.142155404178525E+04    2.033382145600744E+04    2.444398479555300E-01    4.184197723692678E+00    0.000000000000000E+00    1.088601302168392E+15    3.133972000000000E-14    0.000000000000000E+00    8.364199000000000E-01    4.051600000000000E-02    1.876786000000000E-03    5.330378000000000E-02    1.764809000000000E-02    9.511724999999999E-05    7.480309000000000E-03    3.454212999999999E-03    1.187680000000000E-03    3.276414000000001E-04    2.776273000000000E-04    0.000000000000000E+00    0.000000000000000E+00    0.000000000000000E+00    0.000000000000000E+00    0.000000000000000E+00    1.172719000000000E-04    0.000000000000000E+00    3.709578000000000E-02    1.541406850790000E+42    4.319428481127000E+11    1.013088737114800E+11
                      358    0.000000000000000E+00    0.000000000000000E+00    1.088601938247492E+15    1.347577258703766E+09    7.179167822313334E-13    4.339550630206883E+02    2.142155404178525E+04    2.033382145600744E+04    2.444398479555300E-01    4.183974359509787E+00    0.000000000000000E+00    1.088602690227590E+15    3.133972000000000E-14    0.000000000000000E+00    8.364199000000000E-01    4.051600000000000E-02    1.876786000000000E-03    5.330378000000000E-02    1.764809000000000E-02    9.511724999999999E-05    7.480309000000000E-03    3.454212999999999E-03    1.187680000000000E-03    3.276414000000001E-04    2.776273000000000E-04    0.000000000000000E+00    0.000000000000000E+00    0.000000000000000E+00    0.000000000000000E+00    0.000000000000000E+00    1.172719000000000E-04    0.000000000000000E+00    3.709578000000000E-02    1.541406850790000E+42    4.319428481127000E+11    1.014005203923100E+11
                      359    0.000000000000000E+00    0.000000000000000E+00    1.088603442207688E+15    1.347577258703766E+09    7.179167822313334E-13    4.339550630206883E+02    2.142155404178525E+04    2.033382145600744E+04    2.444398479555300E-01    4.183711217806063E+00    0.000000000000000E+00    1.088604203618675E+15    3.133972000000000E-14    0.000000000000000E+00    8.364199000000000E-01    4.051600000000000E-02    1.876786000000000E-03    5.330378000000000E-02    1.764809000000000E-02    9.511724999999999E-05    7.480309000000000E-03    3.454212999999999E-03    1.187680000000000E-03    3.276414000000001E-04    2.776273000000000E-04    0.000000000000000E+00    0.000000000000000E+00    0.000000000000000E+00    0.000000000000000E+00    0.000000000000000E+00    1.172719000000000E-04    0.000000000000000E+00    3.709578000000000E-02    1.541406850790000E+42    4.319428481127000E+11    1.014005203923100E+11
                      360    0.000000000000000E+00    0.000000000000000E+00    1.088604965029663E+15    1.347577258703766E+09    7.179167822313334E-13    4.339550630206883E+02    2.142155404178525E+04    2.033382145600744E+04    2.444398479555300E-01    4.183443996014666E+00    0.000000000000000E+00    1.088605717011852E+15    3.133972000000000E-14    0.000000000000000E+00    8.364199000000000E-01    4.051600000000000E-02    1.876786000000000E-03    5.330378000000000E-02    1.764809000000000E-02    9.511724999999999E-05    7.480309000000000E-03    3.454212999999999E-03    1.187680000000000E-03    3.276414000000001E-04    2.776273000000000E-04    0.000000000000000E+00    0.000000000000000E+00    0.000000000000000E+00    0.000000000000000E+00    0.000000000000000E+00    1.172719000000000E-04    0.000000000000000E+00    3.709578000000000E-02    1.541406850790000E+42    4.319428481127000E+11    1.014005203923100E+11
                      361    0.000000000000000E+00    0.000000000000000E+00    1.088606468994040E+15    1.347577258703766E+09    7.179167822313334E-13    4.339550630206883E+02    2.142155404178525E+04    2.033382145600744E+04    2.444398479555300E-01    4.183180853578211E+00    0.000000000000000E+00    1.088607220977268E+15    3.133972000000000E-14    0.000000000000000E+00    8.364199000000000E-01    4.051600000000000E-02    1.876786000000000E-03    5.330378000000000E-02    1.764809000000000E-02    9.511724999999999E-05    7.480309000000000E-03    3.454212999999999E-03    1.187680000000000E-03    3.276414000000001E-04    2.776273000000000E-04    0.000000000000000E+00    0.000000000000000E+00    0.000000000000000E+00    0.000000000000000E+00    0.000000000000000E+00    1.172719000000000E-04    0.000000000000000E+00    3.709578000000000E-02    1.541406850790000E+42    4.319428481127000E+11    1.014005203923100E+11
                      362    0.000000000000000E+00    0.000000000000000E+00    1.088607972960496E+15    1.347577676369725E+09    7.179167822313334E-13    4.339550630206883E+02    2.142155404178525E+04    2.033382145600744E+04    2.444398479555300E-01    4.182917710778228E+00    0.000000000000000E+00    1.088608734374654E+15    3.133972000000000E-14    0.000000000000000E+00    8.364199000000000E-01    4.051600000000000E-02    1.876786000000000E-03    5.330378000000000E-02    1.764809000000000E-02    9.511724999999999E-05    7.480309000000000E-03    3.454212999999999E-03    1.187680000000000E-03    3.276414000000001E-04    2.776273000000000E-04    0.000000000000000E+00    0.000000000000000E+00    0.000000000000000E+00    0.000000000000000E+00    0.000000000000000E+00    1.172719000000000E-04    0.000000000000000E+00    3.709578000000000E-02    1.541406850790000E+42    4.319428481127000E+11    1.014005203923100E+11
                      363    0.000000000000000E+00    0.000000000000000E+00    1.088609495788813E+15    1.347578094035683E+09    7.179167822313334E-13    4.339550630206883E+02    2.142155404178525E+04    2.033382145600744E+04    2.444398479555300E-01    4.182650487872633E+00    0.000000000000000E+00    1.088610257204038E+15    3.133972000000000E-14    0.000000000000000E+00    8.364199000000000E-01    4.051600000000000E-02    1.876786000000000E-03    5.330378000000000E-02    1.764809000000000E-02    9.511724999999999E-05    7.480309000000000E-03    3.454212999999999E-03    1.187680000000000E-03    3.276414000000001E-04    2.776273000000000E-04    0.000000000000000E+00    0.000000000000000E+00    0.000000000000000E+00    0.000000000000000E+00    0.000000000000000E+00    1.172719000000000E-04    0.000000000000000E+00    3.709578000000000E-02    1.541406850790000E+42    4.319428481127000E+11    1.014005203923100E+11
                      364    0.000000000000000E+00    0.000000000000000E+00    1.088611018619264E+15    1.347578094035683E+09    7.179167822313334E-13    4.339550630206883E+02    2.142155404178525E+04    2.033382145600744E+04    2.444398479555300E-01    4.182383264591348E+00    0.000000000000000E+00    1.088611895936799E+15    3.133972000000000E-14    0.000000000000000E+00    8.364199000000000E-01    4.051600000000000E-02    1.876786000000000E-03    5.330378000000000E-02    1.764809000000000E-02    9.511724999999999E-05    7.480309000000000E-03    3.454212999999999E-03    1.187680000000000E-03    3.276414000000001E-04    2.776273000000000E-04    0.000000000000000E+00    0.000000000000000E+00    0.000000000000000E+00    0.000000000000000E+00    0.000000000000000E+00    1.172719000000000E-04    0.000000000000000E+00    3.709578000000000E-02    1.541406850790000E+42    4.319428481127000E+11    1.014005203923100E+11
                      365    0.000000000000000E+00    0.000000000000000E+00    1.088612773254333E+15    1.347578094035683E+09    7.179167822313334E-13    4.339550630206883E+02    2.142155404178525E+04    2.033382145600744E+04    2.444398479555300E-01    4.182076263336601E+00    0.000000000000000E+00    1.088613534671853E+15    3.133972000000000E-14    0.000000000000000E+00    8.364199000000000E-01    4.051600000000000E-02    1.876786000000000E-03    5.330378000000000E-02    1.764809000000000E-02    9.511724999999999E-05    7.480309000000000E-03    3.454212999999999E-03    1.187680000000000E-03    3.276414000000001E-04    2.776273000000000E-04    0.000000000000000E+00    0.000000000000000E+00    0.000000000000000E+00    0.000000000000000E+00    0.000000000000000E+00    1.172719000000000E-04    0.000000000000000E+00    3.709578000000000E-02    1.541406850790000E+42    4.319428481127000E+11    1.014005203923100E+11
                      366    0.000000000000000E+00    0.000000000000000E+00    1.088614296089373E+15    1.347578511701642E+09    7.179167822313334E-13    4.339550630206883E+02    2.142155404178525E+04    2.033382145600744E+04    2.444398479555300E-01    4.181809039248833E+00    0.000000000000000E+00    1.088615173409547E+15    3.133972000000000E-14    0.000000000000000E+00    8.364199000000000E-01    4.051600000000000E-02    1.876786000000000E-03    5.330378000000000E-02    1.764809000000000E-02    9.511724999999999E-05    7.480309000000000E-03    3.454212999999999E-03    1.187680000000000E-03    3.276414000000001E-04    2.776273000000000E-04    0.000000000000000E+00    0.000000000000000E+00    0.000000000000000E+00    0.000000000000000E+00    0.000000000000000E+00    1.172719000000000E-04    0.000000000000000E+00    3.709578000000000E-02    1.541406850790000E+42    4.319428481127000E+11    1.014005203923100E+11
                      367    0.000000000000000E+00    0.000000000000000E+00    1.088616050729721E+15    1.347578929367600E+09    7.180932132169261E-13    4.339550630206883E+02    2.142155404178525E+04    2.033382145600744E+04    2.444398479555300E-01    4.181501971235514E+00    0.000000000000000E+00    1.088616937481279E+15    3.133972000000000E-14    0.000000000000000E+00    8.364199000000000E-01    4.051600000000000E-02    1.876786000000000E-03    5.330378000000000E-02    1.764809000000000E-02    9.511724999999999E-05    7.480309000000000E-03    3.454212999999999E-03    1.187680000000000E-03    3.276414000000001E-04    2.776273000000000E-04    0.000000000000000E+00    0.000000000000000E+00    0.000000000000000E+00    0.000000000000000E+00    0.000000000000000E+00    1.172719000000000E-04    0.000000000000000E+00    3.709578000000000E-02    1.541406850790000E+42    4.319428481127000E+11    1.014005203923100E+11
                      368    0.000000000000000E+00    0.000000000000000E+00    1.088617824232837E+15    1.347578929367600E+09    7.180932132169261E-13    4.339550630206883E+02    2.142155404178525E+04    2.033382145600744E+04    2.444398479555300E-01    4.181190813546499E+00    0.000000000000000E+00    1.088618701555856E+15    3.133972000000000E-14    0.000000000000000E+00    8.364199000000000E-01    4.051600000000000E-02    1.876786000000000E-03    5.330378000000000E-02    1.764809000000000E-02    9.511724999999999E-05    7.480309000000000E-03    3.454212999999999E-03    1.187680000000000E-03    3.276414000000001E-04    2.776273000000000E-04    0.000000000000000E+00    0.000000000000000E+00    0.000000000000000E+00    0.000000000000000E+00    0.000000000000000E+00    1.172719000000000E-04    0.000000000000000E+00    3.709578000000000E-02    1.541406850790000E+42    4.319428481127000E+11    1.014005203923100E+11
                      369    0.000000000000000E+00    0.000000000000000E+00    1.088619578878876E+15    1.347579347033559E+09    7.180932132169261E-13    4.339550630206883E+02    2.142155404178525E+04    2.033382145600744E+04    2.444398479555300E-01    4.180883744535937E+00    0.000000000000000E+00    1.088620465633309E+15    3.133972000000000E-14    0.000000000000000E+00    8.364199000000000E-01    4.051600000000000E-02    1.876786000000000E-03    5.330378000000000E-02    1.764809000000000E-02    9.511724999999999E-05    7.480309000000000E-03    3.454212999999999E-03    1.187680000000000E-03    3.276414000000001E-04    2.776273000000000E-04    0.000000000000000E+00    0.000000000000000E+00    0.000000000000000E+00    0.000000000000000E+00    0.000000000000000E+00    1.172719000000000E-04    0.000000000000000E+00    3.709578000000000E-02    1.541406850790000E+42    4.328593149210000E+11    1.014005203923100E+11
                      370    0.000000000000000E+00    0.000000000000000E+00    1.088621352387743E+15    1.347575182365475E+09    7.180932132169261E-13    4.339550630206883E+02    2.142155404178525E+04    2.033382145600744E+04    2.444398479555300E-01    4.180572585836424E+00    0.000000000000000E+00    1.088622355045986E+15    3.133972000000000E-14    0.000000000000000E+00    8.364199000000000E-01    4.051600000000000E-02    1.876786000000000E-03    5.330378000000000E-02    1.764809000000000E-02    9.511724999999999E-05    7.480309000000000E-03    3.454212999999999E-03    1.187680000000000E-03    3.276414000000001E-04    2.776273000000000E-04    0.000000000000000E+00    0.000000000000000E+00    0.000000000000000E+00    0.000000000000000E+00    0.000000000000000E+00    1.172719000000000E-04    0.000000000000000E+00    3.709578000000000E-02    1.541406850790000E+42    4.329428481127000E+11    1.014005203923100E+11
                      371    0.000000000000000E+00    0.000000000000000E+00    1.088623357704230E+15    1.347570600031434E+09    7.180932132169261E-13    4.339550630206883E+02    2.142155404178525E+04    2.033382145600744E+04    2.444398479555300E-01    4.180221648645456E+00    0.000000000000000E+00    1.088624244461744E+15    3.133972000000000E-14    0.000000000000000E+00    8.364199000000000E-01    4.051600000000000E-02    1.876786000000000E-03    5.330378000000000E-02    1.764809000000000E-02    9.511724999999999E-05    7.480309000000000E-03    3.454212999999999E-03    1.187680000000000E-03    3.276414000000001E-04    2.776273000000000E-04    0.000000000000000E+00    0.000000000000000E+00    0.000000000000000E+00    0.000000000000000E+00    0.000000000000000E+00    1.172719000000000E-04    0.000000000000000E+00    3.709578000000000E-02    1.541406850790000E+42    4.329428481127000E+11    1.014005203923100E+11
                      372    0.000000000000000E+00    0.000000000000000E+00    1.088625131219258E+15    1.347570600031434E+09    7.180932132169261E-13    4.339550630206883E+02    2.142155404178525E+04    2.033382145600744E+04    2.444398479555300E-01    4.179910488863627E+00    0.000000000000000E+00    1.088626133880981E+15    3.133972000000000E-14    0.000000000000000E+00    8.364199000000000E-01    4.051600000000000E-02    1.876786000000000E-03    5.330378000000000E-02    1.764809000000000E-02    9.511724999999999E-05    7.480309000000000E-03    3.454212999999999E-03    1.187680000000000E-03    3.276414000000001E-04    2.776273000000000E-04    0.000000000000000E+00    0.000000000000000E+00    0.000000000000000E+00    0.000000000000000E+00    0.000000000000000E+00    1.172719000000000E-04    0.000000000000000E+00    3.709578000000000E-02    1.541406850790000E+42    4.329428481127000E+11    1.014005203923100E+11
                      373    0.000000000000000E+00    0.000000000000000E+00    1.088627136542705E+15    1.347571017697393E+09    7.180932132169261E-13    4.339550630206883E+02    2.146641127938918E+04    2.033382145600744E+04    2.444398479555300E-01    4.179559550453111E+00    0.000000000000000E+00    1.088628139206276E+15    3.133972000000000E-14    0.000000000000000E+00    8.364199000000000E-01    4.051600000000000E-02    1.876786000000000E-03    5.330378000000000E-02    1.764809000000000E-02    9.511724999999999E-05    7.480309000000000E-03    3.454212999999999E-03    1.187680000000000E-03    3.276414000000001E-04    2.776273000000000E-04    0.000000000000000E+00    0.000000000000000E+00    0.000000000000000E+00    0.000000000000000E+00    0.000000000000000E+00    1.172719000000000E-04    0.000000000000000E+00    3.709578000000000E-02    1.541406850790000E+42    4.329428481127000E+11    1.014921670731400E+11
                      374    0.000000000000000E+00    0.000000000000000E+00    1.088629141869846E+15    1.347571435363351E+09    7.180932132169261E-13    4.339550630206883E+02    2.146641127938918E+04    2.033382145600744E+04    2.444398479555300E-01    4.179208611396068E+00    0.000000000000000E+00    1.088630153965356E+15    3.133972000000000E-14    0.000000000000000E+00    8.364199000000000E-01    4.051600000000000E-02    1.876786000000000E-03    5.330378000000000E-02    1.764809000000000E-02    9.511724999999999E-05    7.480309000000000E-03    3.454212999999999E-03    1.187680000000000E-03    3.276414000000001E-04    2.776273000000000E-04    0.000000000000000E+00    0.000000000000000E+00    0.000000000000000E+00    0.000000000000000E+00    0.000000000000000E+00    1.172719000000000E-04    0.000000000000000E+00    3.709578000000000E-02    1.541323317598300E+42    4.329428481127000E+11    1.014921670731400E+11
                      375    0.000000000000000E+00    0.000000000000000E+00    1.088631166060865E+15    1.347571435363351E+09    7.180932132169261E-13    4.339550630206883E+02    2.146641127938918E+04    2.033382145600744E+04    2.444398479555300E-01    4.178853582459158E+00    0.000000000000000E+00    1.088632178158256E+15    3.133972000000000E-14    0.000000000000000E+00    8.364199000000000E-01    4.051600000000000E-02    1.876786000000000E-03    5.330378000000000E-02    1.764809000000000E-02    9.511724999999999E-05    7.480309000000000E-03    3.454212999999999E-03    1.187680000000000E-03    3.276414000000001E-04    2.776273000000000E-04    0.000000000000000E+00    0.000000000000000E+00    0.000000000000000E+00    0.000000000000000E+00    0.000000000000000E+00    1.172719000000000E-04    0.000000000000000E+00    3.709578000000000E-02    1.541323317598300E+42    4.329428481127000E+11    1.014921670731400E+11
                      376    0.000000000000000E+00    0.000000000000000E+00    1.088633190255647E+15    1.347571853029310E+09    7.180932132169261E-13    4.339550630206883E+02    2.146641127938918E+04    2.033382145600744E+04    2.444314946363600E-01    4.178498568448462E+00    0.000000000000000E+00    1.088634202354924E+15    3.133972000000000E-14    0.000000000000000E+00    8.364199000000000E-01    4.051600000000000E-02    1.876786000000000E-03    5.330378000000000E-02    1.764809000000000E-02    9.511724999999999E-05    7.480309000000000E-03    3.454212999999999E-03    1.187680000000000E-03    3.276414000000001E-04    2.776273000000000E-04    0.000000000000000E+00    0.000000000000000E+00    0.000000000000000E+00    0.000000000000000E+00    0.000000000000000E+00    1.172719000000000E-04    0.000000000000000E+00    3.709578000000000E-02    1.550487985681300E+42    4.329428481127000E+11    1.014921670731400E+11
                      377    0.000000000000000E+00    0.000000000000000E+00    1.088635214454201E+15    1.347572270695268E+09    7.180932132169261E-13    4.339550630206883E+02    2.146641127938918E+04    2.033382145600744E+04    2.444314946363600E-01    4.178143553774630E+00    0.000000000000000E+00    1.088636342459218E+15    3.133972000000000E-14    0.000000000000000E+00    8.364199000000000E-01    4.051600000000000E-02    1.876786000000000E-03    5.330378000000000E-02    1.764809000000000E-02    9.511724999999999E-05    7.480309000000000E-03    3.454212999999999E-03    1.187680000000000E-03    3.276414000000001E-04    2.776273000000000E-04    0.000000000000000E+00    0.000000000000000E+00    0.000000000000000E+00    0.000000000000000E+00    0.000000000000000E+00    1.172719000000000E-04    0.000000000000000E+00    3.709578000000000E-02    1.550487985681300E+42    4.329428481127000E+11    1.014921670731400E+11
                      378    0.000000000000000E+00    0.000000000000000E+00    1.088637470464234E+15    1.347572270695268E+09    7.180932132169261E-13    4.339550630206883E+02    2.146641127938918E+04    2.033382145600744E+04    2.444314946363600E-01    4.177748759943754E+00    0.000000000000000E+00    1.088638482567492E+15    3.133972000000000E-14    0.000000000000000E+00    8.364199000000000E-01    4.051600000000000E-02    1.876786000000000E-03    5.330378000000000E-02    1.764809000000000E-02    9.511724999999999E-05    7.480309000000000E-03    3.454212999999999E-03    1.187680000000000E-03    3.276414000000001E-04    2.776273000000000E-04    0.000000000000000E+00    0.000000000000000E+00    0.000000000000000E+00    0.000000000000000E+00    0.000000000000000E+00    1.172719000000000E-04    0.000000000000000E+00    3.709578000000000E-02    1.550487985681300E+42    4.329428481127000E+11    1.014921670731400E+11
                      379    0.000000000000000E+00    0.000000000000000E+00    1.088639494670751E+15    1.347572688361227E+09    7.180932132169261E-13    4.339550630206883E+02    2.146641127938918E+04    2.033382145600744E+04    2.444314946363600E-01    4.177393743871759E+00    0.000000000000000E+00    1.088640632110393E+15    3.133972000000000E-14    0.000000000000000E+00    8.364199000000000E-01    4.051600000000000E-02    1.876786000000000E-03    5.330378000000000E-02    1.764809000000000E-02    9.511724999999999E-05    7.480309000000000E-03    3.454212999999999E-03    1.187680000000000E-03    3.276414000000001E-04    2.776273000000000E-04    0.000000000000000E+00    0.000000000000000E+00    0.000000000000000E+00    0.000000000000000E+00    0.000000000000000E+00    1.172719000000000E-04    0.000000000000000E+00    3.709578000000000E-02    1.550487985681300E+42    4.329428481127000E+11    1.014921670731400E+11
                      380    0.000000000000000E+00    0.000000000000000E+00    1.088641769550036E+15    1.347573106027185E+09    7.180932132169261E-13    4.339550630206883E+02    2.146641127938918E+04    2.033382145600744E+04    2.444314946363600E-01    4.176994860942401E+00    0.000000000000000E+00    1.088642906992058E+15    3.133972000000000E-14    0.000000000000000E+00    8.364199000000000E-01    4.051600000000000E-02    1.876786000000000E-03    5.330378000000000E-02    1.764809000000000E-02    9.511724999999999E-05    7.480309000000000E-03    3.454212999999999E-03    1.187680000000000E-03    3.276414000000001E-04    2.776273000000000E-04    0.000000000000000E+00    0.000000000000000E+00    0.000000000000000E+00    0.000000000000000E+00    0.000000000000000E+00    1.172719000000000E-04    0.000000000000000E+00    3.709578000000000E-02    1.550487985681300E+42    4.329428481127000E+11    1.014921670731400E+11
                      381    0.000000000000000E+00    0.000000000000000E+00    1.088644044434079E+15    1.347573106027185E+09    7.180932132169261E-13    4.339550630206883E+02    2.146641127938918E+04    2.033382145600744E+04    2.443398479555300E-01    4.176596123183671E+00    0.000000000000000E+00    1.088645297783295E+15    3.133972000000000E-14    0.000000000000000E+00    8.364199000000000E-01    4.051600000000000E-02    1.876786000000000E-03    5.330378000000000E-02    1.764809000000000E-02    9.511724999999999E-05    7.480309000000000E-03    3.454212999999999E-03    1.187680000000000E-03    3.276414000000001E-04    2.776273000000000E-04    0.000000000000000E+00    0.000000000000000E+00    0.000000000000000E+00    0.000000000000000E+00    0.000000000000000E+00    1.172719000000000E-04    0.000000000000000E+00    3.709578000000000E-02    1.550487985681300E+42    4.329428481127000E+11    1.014921670731400E+11
                      382    0.000000000000000E+00    0.000000000000000E+00    1.088646551132512E+15    1.347573523693144E+09    7.195717513344967E-13    4.339550630206883E+02    2.146641127938918E+04    2.033382145600744E+04    2.443398479555300E-01    4.176156705366183E+00    0.000000000000000E+00    1.088647688579533E+15    3.133972000000000E-14    0.000000000000000E+00    8.364199000000000E-01    4.051600000000000E-02    1.876786000000000E-03    5.330378000000000E-02    1.764809000000000E-02    9.511724999999999E-05    7.480309000000000E-03    3.454212999999999E-03    1.187680000000000E-03    3.276414000000001E-04    2.776273000000000E-04    0.000000000000000E+00    0.000000000000000E+00    0.000000000000000E+00    0.000000000000000E+00    0.000000000000000E+00    1.172719000000000E-04    0.000000000000000E+00    3.709578000000000E-02    1.550487985681300E+42    4.329428481127000E+11    1.014921670731400E+11
                      383    0.000000000000000E+00    0.000000000000000E+00    1.088648826026555E+15    1.347573941359102E+09    7.195717513344967E-13    4.339550630206883E+02    2.146641127938918E+04    2.033382145600744E+04    2.443398479555300E-01    4.175757140891547E+00    0.000000000000000E+00    1.088650079381276E+15    3.133972000000000E-14    0.000000000000000E+00    8.364199000000000E-01    4.051600000000000E-02    1.876786000000000E-03    5.330378000000000E-02    1.764809000000000E-02    9.511724999999999E-05    7.480309000000000E-03    3.454212999999999E-03    1.187680000000000E-03    3.276414000000001E-04    2.776273000000000E-04    0.000000000000000E+00    0.000000000000000E+00    0.000000000000000E+00    0.000000000000000E+00    0.000000000000000E+00    1.172719000000000E-04    0.000000000000000E+00    3.709578000000000E-02    1.550487985681300E+42    4.329428481127000E+11    1.014921670731400E+11
                      384    0.000000000000000E+00    0.000000000000000E+00    1.088651332735997E+15    1.347569359025060E+09    7.195717513344967E-13    4.339550630206883E+02    2.146641127938918E+04    2.033382145600744E+04    2.443398479555300E-01    4.175317721142244E+00    0.000000000000000E+00    1.088652595523907E+15    3.133972000000000E-14    0.000000000000000E+00    8.364199000000000E-01    4.051600000000000E-02    1.876786000000000E-03    5.330378000000000E-02    1.764809000000000E-02    9.511724999999999E-05    7.480309000000000E-03    3.454212999999999E-03    1.187680000000000E-03    3.276414000000001E-04    2.776273000000000E-04    0.000000000000000E+00    0.000000000000000E+00    0.000000000000000E+00    0.000000000000000E+00    0.000000000000000E+00    1.172719000000000E-04    0.000000000000000E+00    3.709578000000000E-02    1.550487985681300E+42    4.329428481127000E+11    1.014921670731400E+11
                      385    0.000000000000000E+00    0.000000000000000E+00    1.088653858311817E+15    1.347565194356977E+09    7.195717513344967E-13    4.339550630206883E+02    2.146641127938918E+04    2.033382145600744E+04    2.443398479555300E-01    4.174874212788428E+00    0.000000000000000E+00    1.088655121102660E+15    3.133972000000000E-14    0.000000000000000E+00    8.364199000000000E-01    4.051600000000000E-02    1.876786000000000E-03    5.330378000000000E-02    1.764809000000000E-02    9.511724999999999E-05    7.480309000000000E-03    3.454212999999999E-03    1.187680000000000E-03    3.276414000000001E-04    2.776273000000000E-04    0.000000000000000E+00    0.000000000000000E+00    0.000000000000000E+00    0.000000000000000E+00    0.000000000000000E+00    1.172719000000000E-04    0.000000000000000E+00    3.709578000000000E-02    1.550487985681300E+42    4.329428481127000E+11    1.015838137539700E+11
                      386    0.000000000000000E+00    0.000000000000000E+00    1.088656383893503E+15    1.347565612022936E+09    7.195717513344967E-13    4.339550630206883E+02    2.146641127938918E+04    2.033382145600744E+04    2.443398479555300E-01    4.174430703402408E+00    0.000000000000000E+00    1.088657646687276E+15    3.133972000000000E-14    0.000000000000000E+00    8.364199000000000E-01    4.051600000000000E-02    1.876786000000000E-03    5.330378000000000E-02    1.764809000000000E-02    9.511724999999999E-05    7.480309000000000E-03    3.454212999999999E-03    1.187680000000000E-03    3.276414000000001E-04    2.776273000000000E-04    0.000000000000000E+00    0.000000000000000E+00    0.000000000000000E+00    0.000000000000000E+00    0.000000000000000E+00    1.172719000000000E-04    0.000000000000000E+00    3.709578000000000E-02    1.550487985681300E+42    4.329428481127000E+11    1.015838137539700E+11
                      387    0.000000000000000E+00    0.000000000000000E+00    1.088658909481048E+15    1.347566029688895E+09    7.195717513344967E-13    4.339550630206883E+02    2.146641127938918E+04    2.033382145600744E+04    2.443398479555300E-01    4.173987192985460E+00    0.000000000000000E+00    1.088660288184172E+15    3.133972000000000E-14    0.000000000000000E+00    8.364199000000000E-01    4.051600000000000E-02    1.876786000000000E-03    5.330378000000000E-02    1.764809000000000E-02    9.511724999999999E-05    7.480309000000000E-03    3.454212999999999E-03    1.187680000000000E-03    3.276414000000001E-04    2.776273000000000E-04    0.000000000000000E+00    0.000000000000000E+00    0.000000000000000E+00    0.000000000000000E+00    0.000000000000000E+00    1.172719000000000E-04    0.000000000000000E+00    3.709578000000000E-02    1.550487985681300E+42    4.329428481127000E+11    1.015838137539700E+11
                      388    0.000000000000000E+00    0.000000000000000E+00    1.088661666887296E+15    1.347566447354853E+09    7.195717513344967E-13    4.339550630206883E+02    2.146641127938918E+04    2.033382145600744E+04    2.443398479555300E-01    4.173503826722081E+00    0.000000000000000E+00    1.088663055024311E+15    3.133972000000000E-14    0.000000000000000E+00    8.364199000000000E-01    4.051600000000000E-02    1.876786000000000E-03    5.330378000000000E-02    1.764809000000000E-02    9.511724999999999E-05    7.480309000000000E-03    3.454212999999999E-03    1.187680000000000E-03    3.276414000000001E-04    2.776273000000000E-04    0.000000000000000E+00    0.000000000000000E+00    0.000000000000000E+00    0.000000000000000E+00    0.000000000000000E+00    1.172719000000000E-04    0.000000000000000E+00    3.709578000000000E-02    1.550487985681300E+42    4.329428481127000E+11    1.015838137539700E+11
                      389    0.000000000000000E+00    0.000000000000000E+00    1.088664443161327E+15    1.347566447354853E+09    7.195717513344967E-13    4.339550630206883E+02    2.146641127938918E+04    2.033382145600744E+04    2.443398479555300E-01    4.173016371599367E+00    0.000000000000000E+00    1.088665821871458E+15    3.133972000000000E-14    0.000000000000000E+00    8.364199000000000E-01    4.051600000000000E-02    1.876786000000000E-03    5.330378000000000E-02    1.764809000000000E-02    9.511724999999999E-05    7.480309000000000E-03    3.454212999999999E-03    1.187680000000000E-03    3.276414000000001E-04    2.776273000000000E-04    0.000000000000000E+00    0.000000000000000E+00    0.000000000000000E+00    0.000000000000000E+00    0.000000000000000E+00    1.172719000000000E-04    0.000000000000000E+00    3.709578000000000E-02    1.550487985681300E+42    4.329428481127000E+11    1.015838137539700E+11
                      390    0.000000000000000E+00    0.000000000000000E+00    1.088667200581590E+15    1.347566865020811E+09    7.195717513344967E-13    4.339550630206883E+02    2.146641127938918E+04    2.033382145600744E+04    2.443398479555300E-01    4.172533002877063E+00    0.000000000000000E+00    1.088668588725661E+15    3.133972000000000E-14    0.000000000000000E+00    8.364199000000000E-01    4.051600000000000E-02    1.876786000000000E-03    5.330378000000000E-02    1.764809000000000E-02    9.511724999999999E-05    7.480309000000000E-03    3.454212999999999E-03    1.187680000000000E-03    3.276414000000001E-04    2.776273000000000E-04    0.000000000000000E+00    0.000000000000000E+00    0.000000000000000E+00    0.000000000000000E+00    0.000000000000000E+00    1.172719000000000E-04    0.000000000000000E+00    3.709578000000000E-02    1.550487985681300E+42    4.329428481127000E+11    1.015838137539700E+11
                      391    0.000000000000000E+00    0.000000000000000E+00    1.088669976869733E+15    1.347567282686770E+09    7.195717513344967E-13    4.339550630206883E+02    2.146641127938918E+04    2.033382145600744E+04    2.443398479555300E-01    4.172045545274459E+00    0.000000000000000E+00    1.088671374447826E+15    3.133972000000000E-14    0.000000000000000E+00    8.364199000000000E-01    4.051600000000000E-02    1.876786000000000E-03    5.330378000000000E-02    1.764809000000000E-02    9.511724999999999E-05    7.480309000000000E-03    3.454212999999999E-03    1.187680000000000E-03    3.276414000000001E-04    2.776273000000000E-04    0.000000000000000E+00    0.000000000000000E+00    0.000000000000000E+00    0.000000000000000E+00    0.000000000000000E+00    1.172719000000000E-04    0.000000000000000E+00    3.709578000000000E-02    1.550487985681300E+42    4.330263813044000E+11    1.015838137539700E+11
                      392    0.000000000000000E+00    0.000000000000000E+00    1.088672772025920E+15    1.347567700352728E+09    7.195717513344967E-13    4.339550630206883E+02    2.146641127938918E+04    2.033382145600744E+04    2.443398479555300E-01    4.171553998756276E+00    0.000000000000000E+00    1.088674276085016E+15    3.133972000000000E-14    0.000000000000000E+00    8.364199000000000E-01    4.051600000000000E-02    1.876786000000000E-03    5.330378000000000E-02    1.764809000000000E-02    9.511724999999999E-05    7.480309000000000E-03    3.454212999999999E-03    1.187680000000000E-03    3.276414000000001E-04    2.776273000000000E-04    0.000000000000000E+00    0.000000000000000E+00    0.000000000000000E+00    0.000000000000000E+00    0.000000000000000E+00    1.172719000000000E-04    0.000000000000000E+00    3.709578000000000E-02    1.550487985681300E+42    4.330263813044000E+11    1.015838137539700E+11
                      393    0.000000000000000E+00    0.000000000000000E+00    1.088675780144111E+15    1.347568118018687E+09    7.195717513344967E-13    4.339550630206883E+02    2.146641127938918E+04    2.033382145600744E+04    2.443398479555300E-01    4.171026683321723E+00    0.000000000000000E+00    1.088677293637895E+15    3.133972000000000E-14    0.000000000000000E+00    8.364199000000000E-01    4.051600000000000E-02    1.876786000000000E-03    5.330378000000000E-02    1.764809000000000E-02    9.511724999999999E-05    7.480309000000000E-03    3.454212999999999E-03    1.187680000000000E-03    3.276414000000001E-04    2.776273000000000E-04    0.000000000000000E+00    0.000000000000000E+00    0.000000000000000E+00    0.000000000000000E+00    0.000000000000000E+00    1.172719000000000E-04    0.000000000000000E+00    3.709578000000000E-02    1.550487985681300E+42    4.330263813044000E+11    1.015838137539700E+11
                      394    0.000000000000000E+00    0.000000000000000E+00    1.088678807131679E+15    1.347568535684645E+09    7.197485890355156E-13    4.339550630206883E+02    2.146641127938918E+04    2.033382145600744E+04    2.443398479555300E-01    4.170495156237431E+00    0.000000000000000E+00    1.088680320629672E+15    3.133972000000000E-14    0.000000000000000E+00    8.364199000000000E-01    4.051600000000000E-02    1.876786000000000E-03    5.330378000000000E-02    1.764809000000000E-02    9.511724999999999E-05    7.480309000000000E-03    3.454212999999999E-03    1.187680000000000E-03    3.276414000000001E-04    2.776273000000000E-04    0.000000000000000E+00    0.000000000000000E+00    0.000000000000000E+00    0.000000000000000E+00    0.000000000000000E+00    1.172719000000000E-04    0.000000000000000E+00    3.709578000000000E-02    1.550487985681300E+42    4.330263813044000E+11    1.016754604348000E+11
                      395    0.000000000000000E+00    0.000000000000000E+00    1.088681834127666E+15    1.347564371016562E+09    7.197485890355156E-13    4.339550630206883E+02    2.146641127938918E+04    2.033382145600744E+04    2.443398479555300E-01    4.169963627672276E+00    0.000000000000000E+00    1.088683472969363E+15    3.133972000000000E-14    0.000000000000000E+00    8.364199000000000E-01    4.051600000000000E-02    1.876786000000000E-03    5.330378000000000E-02    1.764809000000000E-02    9.511724999999999E-05    7.480309000000000E-03    3.454212999999999E-03    1.187680000000000E-03    3.276414000000001E-04    2.776273000000000E-04    0.000000000000000E+00    0.000000000000000E+00    0.000000000000000E+00    0.000000000000000E+00    0.000000000000000E+00    1.172719000000000E-04    0.000000000000000E+00    3.709578000000000E-02    1.550487985681300E+42    4.339428481127000E+11    1.016754604348000E+11
                      396    0.000000000000000E+00    0.000000000000000E+00    1.088685111811059E+15    1.347560206348480E+09    7.197485890355156E-13    4.339550630206883E+02    2.146641127938918E+04    2.033382145600744E+04    2.443314946363600E-01    4.169388169121817E+00    0.000000000000000E+00    1.088686741227068E+15    3.133972000000000E-14    0.000000000000000E+00    8.364199000000000E-01    4.051600000000000E-02    1.876786000000000E-03    5.330378000000000E-02    1.764809000000000E-02    9.511724999999999E-05    7.480309000000000E-03    3.454212999999999E-03    1.187680000000000E-03    3.276414000000001E-04    2.776273000000000E-04    0.000000000000000E+00    0.000000000000000E+00    0.000000000000000E+00    0.000000000000000E+00    0.000000000000000E+00    1.172719000000000E-04    0.000000000000000E+00    3.709578000000000E-02    1.550487985681300E+42    4.339428481127000E+11    1.016754604348000E+11
                      397    0.000000000000000E+00    0.000000000000000E+00    1.088688370643077E+15    1.347560624014438E+09    7.197485890355156E-13    4.339550630206883E+02    2.146641127938918E+04    2.033382145600744E+04    2.443314946363600E-01    4.168816804254526E+00    0.000000000000000E+00    1.088690009494615E+15    3.133972000000000E-14    0.000000000000000E+00    8.364199000000000E-01    4.051600000000000E-02    1.876786000000000E-03    5.330378000000000E-02    1.764809000000000E-02    9.511724999999999E-05    7.480309000000000E-03    3.454212999999999E-03    1.187680000000000E-03    3.276414000000001E-04    2.776273000000000E-04    0.000000000000000E+00    0.000000000000000E+00    0.000000000000000E+00    0.000000000000000E+00    0.000000000000000E+00    1.172719000000000E-04    0.000000000000000E+00    3.709578000000000E-02    1.550487985681300E+42    4.339428481127000E+11    1.016754604348000E+11
                      398    0.000000000000000E+00    0.000000000000000E+00    1.088691648346154E+15    1.347561041680397E+09    7.197485890355156E-13    4.339550630206883E+02    2.146641127938918E+04    2.033382145600744E+04    2.443314946363600E-01    4.168241342245745E+00    0.000000000000000E+00    1.088693296633308E+15    3.133972000000000E-14    0.000000000000000E+00    8.364199000000000E-01    4.051600000000000E-02    1.876786000000000E-03    5.330378000000000E-02    1.764809000000000E-02    9.511724999999999E-05    7.480309000000000E-03    3.454212999999999E-03    1.187680000000000E-03    3.276414000000001E-04    2.776273000000000E-04    0.000000000000000E+00    0.000000000000000E+00    0.000000000000000E+00    0.000000000000000E+00    0.000000000000000E+00    1.172719000000000E-04    0.000000000000000E+00    3.709578000000000E-02    1.550487985681300E+42    4.339428481127000E+11    1.016754604348000E+11
                      399    0.000000000000000E+00    0.000000000000000E+00    1.088694944920463E+15    1.347561459346355E+09    7.197485890355156E-13    4.339550630206883E+02    2.146641127938918E+04    2.033382145600744E+04    2.443314946363600E-01    4.167661783057319E+00    0.000000000000000E+00    1.088696583781904E+15    3.133972000000000E-14    0.000000000000000E+00    8.364199000000000E-01    4.051600000000000E-02    1.876786000000000E-03    5.330378000000000E-02    1.764809000000000E-02    9.511724999999999E-05    7.480309000000000E-03    3.454212999999999E-03    1.187680000000000E-03    3.276414000000001E-04    2.776273000000000E-04    0.000000000000000E+00    0.000000000000000E+00    0.000000000000000E+00    0.000000000000000E+00    0.000000000000000E+00    1.172719000000000E-04    0.000000000000000E+00    3.709578000000000E-02    1.550487985681300E+42    4.339428481127000E+11    1.016754604348000E+11
                      400    0.000000000000000E+00    0.000000000000000E+00    1.088698222643344E+15    1.347561877012313E+09    7.197485890355156E-13    4.339550630206883E+02    2.146641127938918E+04    2.033382145600744E+04    2.442398479555300E-01    4.167086528958800E+00    0.000000000000000E+00    1.088699986851125E+15    3.133972000000000E-14    0.000000000000000E+00    8.364199000000000E-01    4.051600000000000E-02    1.876786000000000E-03    5.330378000000000E-02    1.764809000000000E-02    9.511724999999999E-05    7.480309000000000E-03    3.454212999999999E-03    1.187680000000000E-03    3.276414000000001E-04    2.776273000000000E-04    0.000000000000000E+00    0.000000000000000E+00    0.000000000000000E+00    0.000000000000000E+00    0.000000000000000E+00    1.172719000000000E-04    0.000000000000000E+00    3.709578000000000E-02    1.550487985681300E+42    4.339428481127000E+11    1.016754604348000E+11
                      401    0.000000000000000E+00    0.000000000000000E+00    1.088701751058906E+15    1.347562294678272E+09    7.197485890355156E-13    4.339550630206883E+02    2.146641127938918E+04    2.033382145600744E+04    2.442398479555300E-01    4.166467337641865E+00    0.000000000000000E+00    1.088703631183472E+15    3.133972000000000E-14    0.000000000000000E+00    8.364199000000000E-01    4.051600000000000E-02    1.876786000000000E-03    5.330378000000000E-02    1.764809000000000E-02    9.511724999999999E-05    7.480309000000000E-03    3.454212999999999E-03    1.187680000000000E-03    3.276414000000001E-04    2.776273000000000E-04    0.000000000000000E+00    0.000000000000000E+00    0.000000000000000E+00    0.000000000000000E+00    0.000000000000000E+00    1.172719000000000E-04    0.000000000000000E+00    3.709578000000000E-02    1.550487985681300E+42    4.339428481127000E+11    1.016754604348000E+11
                      402    0.000000000000000E+00    0.000000000000000E+00    1.088705511308038E+15    1.347562712344230E+09    7.212305355354546E-13    4.339550630206883E+02    2.146641127938918E+04    2.033382145600744E+04    2.442398479555300E-01    4.165806926550428E+00    0.000000000000000E+00    1.088707284958444E+15    3.133972000000000E-14    0.000000000000000E+00    8.364199000000000E-01    4.051600000000000E-02    1.876786000000000E-03    5.330378000000000E-02    1.764809000000000E-02    9.511724999999999E-05    7.480309000000000E-03    3.454212999999999E-03    1.187680000000000E-03    3.276414000000001E-04    2.776273000000000E-04    0.000000000000000E+00    0.000000000000000E+00    0.000000000000000E+00    0.000000000000000E+00    0.000000000000000E+00    1.172719000000000E-04    0.000000000000000E+00    3.709578000000000E-02    1.550487985681300E+42    4.339428481127000E+11    1.017671071156300E+11
                      403    0.000000000000000E+00    0.000000000000000E+00    1.088709058608851E+15    1.347563130010189E+09    7.212305355354546E-13    4.339550630206883E+02    2.146641127938918E+04    2.033382145600744E+04    2.442398479555300E-01    4.165182349806818E+00    0.000000000000000E+00    1.088710948176882E+15    3.133972000000000E-14    0.000000000000000E+00    8.364199000000000E-01    4.051600000000000E-02    1.876786000000000E-03    5.330378000000000E-02    1.764809000000000E-02    9.511724999999999E-05    7.480309000000000E-03    3.454212999999999E-03    1.187680000000000E-03    3.276414000000001E-04    2.776273000000000E-04    0.000000000000000E+00    0.000000000000000E+00    0.000000000000000E+00    0.000000000000000E+00    0.000000000000000E+00    1.172719000000000E-04    0.000000000000000E+00    3.709578000000000E-02    1.550487985681300E+42    4.339428481127000E+11    1.017671071156300E+11
                      404    0.000000000000000E+00    0.000000000000000E+00    1.088712837744912E+15    1.347558965342106E+09    7.212305355354546E-13    4.339550630206883E+02    2.146641127938918E+04    2.033382145600744E+04    2.442398479555300E-01    4.164517838761648E+00    0.000000000000000E+00    1.088714727319506E+15    3.133972000000000E-14    0.000000000000000E+00    8.364199000000000E-01    4.051600000000000E-02    1.876786000000000E-03    5.330378000000000E-02    1.764809000000000E-02    9.511724999999999E-05    7.480309000000000E-03    3.454212999999999E-03    1.187680000000000E-03    3.276414000000001E-04    2.776273000000000E-04    0.000000000000000E+00    0.000000000000000E+00    0.000000000000000E+00    0.000000000000000E+00    0.000000000000000E+00    1.172719000000000E-04    0.000000000000000E+00    3.709578000000000E-02    1.550487985681300E+42    4.339428481127000E+11    1.017671071156300E+11
                      405    0.000000000000000E+00    0.000000000000000E+00    1.088716616894100E+15    1.347554800674023E+09    7.212305355354546E-13    4.339550630206883E+02    2.146641127938918E+04    2.033382145600744E+04    2.442398479555300E-01    4.163853325405472E+00    0.000000000000000E+00    1.088718515906172E+15    3.133972000000000E-14    0.000000000000000E+00    8.364199000000000E-01    4.051600000000000E-02    1.876786000000000E-03    5.330378000000000E-02    1.764809000000000E-02    9.511724999999999E-05    7.480309000000000E-03    3.454212999999999E-03    1.187680000000000E-03    3.276414000000001E-04    2.776273000000000E-04    0.000000000000000E+00    0.000000000000000E+00    0.000000000000000E+00    0.000000000000000E+00    0.000000000000000E+00    1.172719000000000E-04    0.000000000000000E+00    3.709578000000000E-02    1.550487985681300E+42    4.339428481127000E+11    1.017671071156300E+11
                      406    0.000000000000000E+00    0.000000000000000E+00    1.088720414918244E+15    1.347555218339982E+09    7.212305355354546E-13    4.339550630206883E+02    2.146641127938918E+04    2.033382145600744E+04    2.442398479555300E-01    4.163184714192383E+00    0.000000000000000E+00    1.088722429850012E+15    3.133972000000000E-14    0.000000000000000E+00    8.364199000000000E-01    4.051600000000000E-02    1.876786000000000E-03    5.330378000000000E-02    1.764809000000000E-02    9.511724999999999E-05    7.480309000000000E-03    3.454212999999999E-03    1.187680000000000E-03    3.276414000000001E-04    2.776273000000000E-04    0.000000000000000E+00    0.000000000000000E+00    0.000000000000000E+00    0.000000000000000E+00    0.000000000000000E+00    1.172719000000000E-04    0.000000000000000E+00    3.709578000000000E-02    1.550487985681300E+42    4.340263813044000E+11    1.017671071156300E+11
                      407    0.000000000000000E+00    0.000000000000000E+00    1.088724444781779E+15    1.347556053671899E+09    7.212305355354546E-13    4.339550630206883E+02    2.146641127938918E+04    2.033382145600744E+04    2.442398479555300E-01    4.162476167957731E+00    0.000000000000000E+00    1.088726459721009E+15    3.133972000000000E-14    0.000000000000000E+00    8.364199000000000E-01    4.051600000000000E-02    1.876786000000000E-03    5.330378000000000E-02    1.764809000000000E-02    9.511724999999999E-05    7.480309000000000E-03    3.454212999999999E-03    1.187680000000000E-03    3.276414000000001E-04    2.776273000000000E-04    0.000000000000000E+00    0.000000000000000E+00    0.000000000000000E+00    0.000000000000000E+00    0.000000000000000E+00    1.172719000000000E-04    0.000000000000000E+00    3.709578000000000E-02    1.550487985681300E+42    4.340263813044000E+11    1.017671071156300E+11
                      408    0.000000000000000E+00    0.000000000000000E+00    1.088728474660239E+15    1.347556471337857E+09    7.212305355354546E-13    4.339550630206883E+02    2.146641127938918E+04    2.033382145600744E+04    2.442398479555300E-01    4.161767619095870E+00    0.000000000000000E+00    1.088730605520870E+15    3.133972000000000E-14    0.000000000000000E+00    8.364199000000000E-01    4.051600000000000E-02    1.876786000000000E-03    5.330378000000000E-02    1.764809000000000E-02    9.511724999999999E-05    7.480309000000000E-03    3.454212999999999E-03    1.187680000000000E-03    3.276414000000001E-04    2.776273000000000E-04    0.000000000000000E+00    0.000000000000000E+00    0.000000000000000E+00    0.000000000000000E+00    0.000000000000000E+00    1.172719000000000E-04    0.000000000000000E+00    3.709578000000000E-02    1.550487985681300E+42    4.340263813044000E+11    1.017671071156300E+11
                      409    0.000000000000000E+00    0.000000000000000E+00    1.088732736381502E+15    1.347556889003815E+09    7.212305355354546E-13    4.339550630206883E+02    2.146641127938918E+04    2.033382145600744E+04    2.442398479555300E-01    4.161019134624566E+00    0.000000000000000E+00    1.088734886112617E+15    3.133972000000000E-14    0.000000000000000E+00    8.364199000000000E-01    4.051600000000000E-02    1.876786000000000E-03    5.330378000000000E-02    1.764809000000000E-02    9.511724999999999E-05    7.480309000000000E-03    3.454212999999999E-03    1.187680000000000E-03    3.276414000000001E-04    2.776273000000000E-04    0.000000000000000E+00    0.000000000000000E+00    0.000000000000000E+00    0.000000000000000E+00    0.000000000000000E+00    1.172719000000000E-04    0.000000000000000E+00    3.709578000000000E-02    1.550487985681300E+42    4.340263813044000E+11    1.018587537964600E+11
                      410    0.000000000000000E+00    0.000000000000000E+00    1.088737035843731E+15    1.347557724335732E+09    7.212305355354546E-13    4.339550630206883E+02    2.146641127938918E+04    2.033382145600744E+04    2.442314946363600E-01    4.160262488983877E+00    0.000000000000000E+00    1.088739176152231E+15    3.133972000000000E-14    0.000000000000000E+00    8.364199000000000E-01    4.051600000000000E-02    1.876786000000000E-03    5.330378000000000E-02    1.764809000000000E-02    9.511724999999999E-05    7.480309000000000E-03    3.454212999999999E-03    1.187680000000000E-03    3.276414000000001E-04    2.776273000000000E-04    0.000000000000000E+00    0.000000000000000E+00    0.000000000000000E+00    0.000000000000000E+00    0.000000000000000E+00    1.172719000000000E-04    0.000000000000000E+00    3.709578000000000E-02    1.550487985681300E+42    4.340263813044000E+11    1.018587537964600E+11
                      411    0.000000000000000E+00    0.000000000000000E+00    1.088741316460731E+15    1.347558142001691E+09    7.214077808894754E-13    4.339550630206883E+02    2.146641127938918E+04    2.033382145600744E+04    2.442314946363600E-01    4.159509764367858E+00    0.000000000000000E+00    1.088743466208799E+15    3.133972000000000E-14    0.000000000000000E+00    8.364199000000000E-01    4.051600000000000E-02    1.876786000000000E-03    5.330378000000000E-02    1.764809000000000E-02    9.511724999999999E-05    7.480309000000000E-03    3.454212999999999E-03    1.187680000000000E-03    3.276414000000001E-04    2.776273000000000E-04    0.000000000000000E+00    0.000000000000000E+00    0.000000000000000E+00    0.000000000000000E+00    0.000000000000000E+00    1.172719000000000E-04    0.000000000000000E+00    3.709578000000000E-02    1.550487985681300E+42    4.349428481127000E+11    1.018587537964600E+11
                      412    0.000000000000000E+00    0.000000000000000E+00    1.088745615956867E+15    1.347553977333608E+09    7.214077808894754E-13    4.339550630206883E+02    2.146641127938918E+04    2.033382145600744E+04    2.442314946363600E-01    4.158752933438843E+00    0.000000000000000E+00    1.088747881629218E+15    3.133972000000000E-14    0.000000000000000E+00    8.364199000000000E-01    4.051600000000000E-02    1.876786000000000E-03    5.330378000000000E-02    1.764809000000000E-02    9.511724999999999E-05    7.480309000000000E-03    3.454212999999999E-03    1.187680000000000E-03    3.276414000000001E-04    2.776273000000000E-04    0.000000000000000E+00    0.000000000000000E+00    0.000000000000000E+00    0.000000000000000E+00    0.000000000000000E+00    1.172719000000000E-04    0.000000000000000E+00    3.709578000000000E-02    1.550487985681300E+42    4.349428481127000E+11    1.018587537964600E+11
                      413    0.000000000000000E+00    0.000000000000000E+00    1.088750147301569E+15    1.347550230331484E+09    7.214077808894754E-13    4.339550630206883E+02    2.146641127938918E+04    2.033382145600744E+04    2.441398479555300E-01    4.157956459282381E+00    0.000000000000000E+00    1.088752538330882E+15    3.133972000000000E-14    0.000000000000000E+00    8.364199000000000E-01    4.051600000000000E-02    1.876786000000000E-03    5.330378000000000E-02    1.764809000000000E-02    9.511724999999999E-05    7.480309000000000E-03    3.454212999999999E-03    1.187680000000000E-03    3.276414000000001E-04    2.776273000000000E-04    0.000000000000000E+00    0.000000000000000E+00    0.000000000000000E+00    0.000000000000000E+00    0.000000000000000E+00    1.172719000000000E-04    0.000000000000000E+00    3.709578000000000E-02    1.550404452489600E+42    4.349428481127000E+11    1.018587537964600E+11
                      414    0.000000000000000E+00    0.000000000000000E+00    1.088754929360195E+15    1.347550647997442E+09    7.214077808894754E-13    4.339550630206883E+02    2.146641127938918E+04    2.033382145600744E+04    2.441398479555300E-01    4.157115960926405E+00    0.000000000000000E+00    1.088757204483210E+15    3.133972000000000E-14    0.000000000000000E+00    8.364199000000000E-01    4.051600000000000E-02    1.876786000000000E-03    5.330378000000000E-02    1.764809000000000E-02    9.511724999999999E-05    7.480309000000000E-03    3.454212999999999E-03    1.187680000000000E-03    3.276414000000001E-04    2.776273000000000E-04    0.000000000000000E+00    0.000000000000000E+00    0.000000000000000E+00    0.000000000000000E+00    0.000000000000000E+00    1.172719000000000E-04    0.000000000000000E+00    3.709578000000000E-02    1.550404452489600E+42    4.349428481127000E+11    1.019422869881600E+11
                      415    0.000000000000000E+00    0.000000000000000E+00    1.088759479606226E+15    1.347551065663401E+09    7.214077808894754E-13    4.339550630206883E+02    2.146641127938918E+04    2.033382145600744E+04    2.441398479555300E-01    4.156315376543223E+00    0.000000000000000E+00    1.088761870656038E+15    3.133972000000000E-14    0.000000000000000E+00    8.364199000000000E-01    4.051600000000000E-02    1.876786000000000E-03    5.330378000000000E-02    1.764809000000000E-02    9.511724999999999E-05    7.480309000000000E-03    3.454212999999999E-03    1.187680000000000E-03    3.276414000000001E-04    2.776273000000000E-04    0.000000000000000E+00    0.000000000000000E+00    0.000000000000000E+00    0.000000000000000E+00    0.000000000000000E+00    1.172719000000000E-04    0.000000000000000E+00    3.709578000000000E-02    1.550404452489600E+42    4.349428481127000E+11    1.020339336689900E+11
                      416    0.000000000000000E+00    0.000000000000000E+00    1.088764261705850E+15    1.347551900995317E+09    7.228931436289140E-13    4.339550630206883E+02    2.146641127938918E+04    2.033382145600744E+04    2.441398479555300E-01    4.155473122592078E+00    0.000000000000000E+00    1.088766778115350E+15    3.133972000000000E-14    0.000000000000000E+00    8.364199000000000E-01    4.051600000000000E-02    1.876786000000000E-03    5.330378000000000E-02    1.764809000000000E-02    9.511724999999999E-05    7.480309000000000E-03    3.454212999999999E-03    1.187680000000000E-03    3.276414000000001E-04    2.776273000000000E-04    0.000000000000000E+00    0.000000000000000E+00    0.000000000000000E+00    0.000000000000000E+00    0.000000000000000E+00    1.172719000000000E-04    0.000000000000000E+00    3.709578000000000E-02    1.550404452489600E+42    4.349428481127000E+11    1.020339336689900E+11
                      417    0.000000000000000E+00    0.000000000000000E+00    1.088769294524850E+15    1.347552736327235E+09    7.228931436289140E-13    4.339550630206883E+02    2.146641127938918E+04    2.033382145600744E+04    2.441398479555300E-01    4.154586751454716E+00    0.000000000000000E+00    1.088771810945984E+15    3.133972000000000E-14    0.000000000000000E+00    8.364199000000000E-01    4.051600000000000E-02    1.876786000000000E-03    5.330378000000000E-02    1.764809000000000E-02    9.511724999999999E-05    7.480309000000000E-03    3.454212999999999E-03    1.187680000000000E-03    3.276414000000001E-04    2.776273000000000E-04    0.000000000000000E+00    0.000000000000000E+00    0.000000000000000E+00    0.000000000000000E+00    0.000000000000000E+00    1.172719000000000E-04    0.000000000000000E+00    3.709578000000000E-02    1.550404452489600E+42    4.350263813044000E+11    1.020339336689900E+11
                      418    0.000000000000000E+00    0.000000000000000E+00    1.088774327367119E+15    1.347548571659152E+09    7.228931436289140E-13    4.339550630206883E+02    2.146641127938918E+04    2.033382145600744E+04    2.441398479555300E-01    4.153700376215514E+00    0.000000000000000E+00    1.088776853231350E+15    3.133972000000000E-14    0.000000000000000E+00    8.364199000000000E-01    4.051600000000000E-02    1.876786000000000E-03    5.330378000000000E-02    1.764809000000000E-02    9.511724999999999E-05    7.480309000000000E-03    3.454212999999999E-03    1.187680000000000E-03    3.276414000000001E-04    2.776273000000000E-04    0.000000000000000E+00    0.000000000000000E+00    0.000000000000000E+00    0.000000000000000E+00    0.000000000000000E+00    1.172719000000000E-04    0.000000000000000E+00    3.709578000000000E-02    1.550404452489600E+42    4.350263813044000E+11    1.020339336689900E+11
                      419    0.000000000000000E+00    0.000000000000000E+00    1.088779379095580E+15    1.347544406991069E+09    7.228931436289140E-13    4.339550630206883E+02    2.146641127938918E+04    2.033382145600744E+04    2.441398479555300E-01    4.152809893389996E+00    0.000000000000000E+00    1.088782030322492E+15    3.133972000000000E-14    0.000000000000000E+00    8.364199000000000E-01    4.051600000000000E-02    1.876786000000000E-03    5.330378000000000E-02    1.764809000000000E-02    9.511724999999999E-05    7.480309000000000E-03    3.454212999999999E-03    1.187680000000000E-03    3.276414000000001E-04    2.776273000000000E-04    0.000000000000000E+00    0.000000000000000E+00    0.000000000000000E+00    0.000000000000000E+00    0.000000000000000E+00    1.172719000000000E-04    0.000000000000000E+00    3.709578000000000E-02    1.550404452489600E+42    4.350263813044000E+11    1.020339336689900E+11
                      420    0.000000000000000E+00    0.000000000000000E+00    1.088784681549404E+15    1.347545242322986E+09    7.228931436289140E-13    4.339550630206883E+02    2.146641127938918E+04    2.033382145600744E+04    2.441314946363600E-01    4.151875332341440E+00    0.000000000000000E+00    1.088787323357674E+15    3.133972000000000E-14    0.000000000000000E+00    8.364199000000000E-01    4.051600000000000E-02    1.876786000000000E-03    5.330378000000000E-02    1.764809000000000E-02    9.511724999999999E-05    7.480309000000000E-03    3.454212999999999E-03    1.187680000000000E-03    3.276414000000001E-04    2.776273000000000E-04    0.000000000000000E+00    0.000000000000000E+00    0.000000000000000E+00    0.000000000000000E+00    0.000000000000000E+00    1.172719000000000E-04    0.000000000000000E+00    3.709578000000000E-02    1.550404452489600E+42    4.350263813044000E+11    1.021255803498200E+11
                      421    0.000000000000000E+00    0.000000000000000E+00    1.088789965165944E+15    1.347546077654903E+09    7.228931436289140E-13    4.339550630206883E+02    2.146641127938918E+04    2.033382145600744E+04    2.441314946363600E-01    4.150944868518271E+00    0.000000000000000E+00    1.088792732339236E+15    3.133972000000000E-14    0.000000000000000E+00    8.364199000000000E-01    4.051600000000000E-02    1.876786000000000E-03    5.330378000000000E-02    1.764809000000000E-02    9.511724999999999E-05    7.480309000000000E-03    3.454212999999999E-03    1.187680000000000E-03    3.276414000000001E-04    2.776273000000000E-04    0.000000000000000E+00    0.000000000000000E+00    0.000000000000000E+00    0.000000000000000E+00    0.000000000000000E+00    1.172719000000000E-04    0.000000000000000E+00    3.709578000000000E-02    1.550404452489600E+42    4.350263813044000E+11    1.021255803498200E+11
                      422    0.000000000000000E+00    0.000000000000000E+00    1.088795499512529E+15    1.347546912986820E+09    7.228931436289140E-13    4.339550630206883E+02    2.146641127938918E+04    2.033382145600744E+04    2.441314946363600E-01    4.149970287369924E+00    0.000000000000000E+00    1.088798276131550E+15    3.133972000000000E-14    0.000000000000000E+00    8.364199000000000E-01    4.051600000000000E-02    1.876786000000000E-03    5.330378000000000E-02    1.764809000000000E-02    9.511724999999999E-05    7.480309000000000E-03    3.454212999999999E-03    1.187680000000000E-03    3.276414000000001E-04    2.776273000000000E-04    0.000000000000000E+00    0.000000000000000E+00    0.000000000000000E+00    0.000000000000000E+00    0.000000000000000E+00    1.172719000000000E-04    0.000000000000000E+00    3.709578000000000E-02    1.550404452489600E+42    4.350263813044000E+11    1.021255803498200E+11
                      423    0.000000000000000E+00    0.000000000000000E+00    1.088801052750570E+15    1.347547330652778E+09    7.230707975756742E-13    4.339550630206883E+02    2.147093582385017E+04    2.033382145600744E+04    2.440398479555300E-01    4.148991731926090E+00    0.000000000000000E+00    1.088803829383763E+15    3.133972000000000E-14    0.000000000000000E+00    8.364199000000000E-01    4.051600000000000E-02    1.876786000000000E-03    5.330378000000000E-02    1.764809000000000E-02    9.511724999999999E-05    7.480309000000000E-03    3.454212999999999E-03    1.187680000000000E-03    3.276414000000001E-04    2.776273000000000E-04    0.000000000000000E+00    0.000000000000000E+00    0.000000000000000E+00    0.000000000000000E+00    0.000000000000000E+00    1.172719000000000E-04    0.000000000000000E+00    3.709578000000000E-02    1.550404452489600E+42    4.359428481127000E+11    1.021255803498200E+11
                      424    0.000000000000000E+00    0.000000000000000E+00    1.088806606016955E+15    1.347543165984695E+09    7.230707975756742E-13    4.339550630206883E+02    2.147093582385017E+04    2.033382145600744E+04    2.440398479555300E-01    4.148013171479128E+00    0.000000000000000E+00    1.088809508018463E+15    3.133972000000000E-14    0.000000000000000E+00    8.364199000000000E-01    4.051600000000000E-02    1.876786000000000E-03    5.330378000000000E-02    1.764809000000000E-02    9.511724999999999E-05    7.480309000000000E-03    3.454212999999999E-03    1.187680000000000E-03    3.276414000000001E-04    2.776273000000000E-04    0.000000000000000E+00    0.000000000000000E+00    0.000000000000000E+00    0.000000000000000E+00    0.000000000000000E+00    1.172719000000000E-04    0.000000000000000E+00    3.709578000000000E-02    1.550404452489600E+42    4.359428481127000E+11    1.021255803498200E+11
                      425    0.000000000000000E+00    0.000000000000000E+00    1.088812410019971E+15    1.347539418982570E+09    7.230707975756742E-13    4.339550630206883E+02    2.147093582385017E+04    2.033382145600744E+04    2.440398479555300E-01    4.146990499420970E+00    0.000000000000000E+00    1.088815437391800E+15    3.133972000000000E-14    0.000000000000000E+00    8.364199000000000E-01    4.051600000000000E-02    1.876786000000000E-03    5.330378000000000E-02    1.764809000000000E-02    9.511724999999999E-05    7.480309000000000E-03    3.454212999999999E-03    1.187680000000000E-03    3.276414000000001E-04    2.776273000000000E-04    0.000000000000000E+00    0.000000000000000E+00    0.000000000000000E+00    0.000000000000000E+00    0.000000000000000E+00    1.172719000000000E-04    0.000000000000000E+00    3.709578000000000E-02    1.550404452489600E+42    4.360263813044000E+11    1.022172270306500E+11
                      426    0.000000000000000E+00    0.000000000000000E+00    1.088818464763628E+15    1.347540254314487E+09    7.230707975756742E-13    4.339550630206883E+02    2.147093582385017E+04    2.033382145600744E+04    2.440398479555300E-01    4.145923715045100E+00    0.000000000000000E+00    1.088821482720419E+15    3.133972000000000E-14    0.000000000000000E+00    8.364199000000000E-01    4.051600000000000E-02    1.876786000000000E-03    5.330378000000000E-02    1.764809000000000E-02    9.511724999999999E-05    7.480309000000000E-03    3.454212999999999E-03    1.187680000000000E-03    3.276414000000001E-04    2.776273000000000E-04    0.000000000000000E+00    0.000000000000000E+00    0.000000000000000E+00    0.000000000000000E+00    0.000000000000000E+00    1.172719000000000E-04    0.000000000000000E+00    3.709578000000000E-02    1.550404452489600E+42    4.360263813044000E+11    1.022172270306500E+11
                      427    0.000000000000000E+00    0.000000000000000E+00    1.088824500677210E+15    1.347541089646405E+09    7.245595844298607E-13    4.339550630206883E+02    2.147093582385017E+04    2.033382145600744E+04    2.440398479555300E-01    4.144858823321533E+00    0.000000000000000E+00    1.088827653438934E+15    3.133972000000000E-14    0.000000000000000E+00    8.364199000000000E-01    4.051600000000000E-02    1.876786000000000E-03    5.330378000000000E-02    1.764809000000000E-02    9.511724999999999E-05    7.480309000000000E-03    3.454212999999999E-03    1.187680000000000E-03    3.276414000000001E-04    2.776273000000000E-04    0.000000000000000E+00    0.000000000000000E+00    0.000000000000000E+00    0.000000000000000E+00    0.000000000000000E+00    1.172719000000000E-04    0.000000000000000E+00    3.709578000000000E-02    1.550404452489600E+42    4.360263813044000E+11    1.022172270306500E+11
                      428    0.000000000000000E+00    0.000000000000000E+00    1.088830806200658E+15    1.347541924978321E+09    7.245595844298607E-13    4.339550630206883E+02    2.147093582385017E+04    2.033382145600744E+04    2.440398479555300E-01    4.143745614727552E+00    0.000000000000000E+00    1.088833958980646E+15    3.133972000000000E-14    0.000000000000000E+00    8.364199000000000E-01    4.051600000000000E-02    1.876786000000000E-03    5.330378000000000E-02    1.764809000000000E-02    9.511724999999999E-05    7.480309000000000E-03    3.454212999999999E-03    1.187680000000000E-03    3.276414000000001E-04    2.776273000000000E-04    0.000000000000000E+00    0.000000000000000E+00    0.000000000000000E+00    0.000000000000000E+00    0.000000000000000E+00    1.172719000000000E-04    0.000000000000000E+00    3.709578000000000E-02    1.550404452489600E+42    4.360263813044000E+11    1.022172270306500E+11
                      429    0.000000000000000E+00    0.000000000000000E+00    1.088837111760634E+15    1.347538177976197E+09    7.245595844298607E-13    4.339550630206883E+02    2.147093582385017E+04    2.033382145600744E+04    2.440314946363600E-01    4.142632446772290E+00    0.000000000000000E+00    1.088840264558891E+15    3.133972000000000E-14    0.000000000000000E+00    8.364199000000000E-01    4.051600000000000E-02    1.876786000000000E-03    5.330378000000000E-02    1.764809000000000E-02    9.511724999999999E-05    7.480309000000000E-03    3.454212999999999E-03    1.187680000000000E-03    3.276414000000001E-04    2.776273000000000E-04    0.000000000000000E+00    0.000000000000000E+00    0.000000000000000E+00    0.000000000000000E+00    0.000000000000000E+00    1.172719000000000E-04    0.000000000000000E+00    3.709578000000000E-02    1.550404452489600E+42    4.360263813044000E+11    1.023088737114800E+11
                      430    0.000000000000000E+00    0.000000000000000E+00    1.088843417357147E+15    1.347534430974072E+09    7.245595844298607E-13    4.339550630206883E+02    2.147093582385017E+04    2.033382145600744E+04    2.440314946363600E-01    4.141519272357232E+00    0.000000000000000E+00    1.088846811458523E+15    3.133972000000000E-14    0.000000000000000E+00    8.364199000000000E-01    4.051600000000000E-02    1.876786000000000E-03    5.330378000000000E-02    1.764809000000000E-02    9.511724999999999E-05    7.480309000000000E-03    3.454212999999999E-03    1.187680000000000E-03    3.276414000000001E-04    2.776273000000000E-04    0.000000000000000E+00    0.000000000000000E+00    0.000000000000000E+00    0.000000000000000E+00    0.000000000000000E+00    1.172719000000000E-04    0.000000000000000E+00    3.709578000000000E-02    1.550404452489600E+42    4.360263813044000E+11    1.023088737114800E+11
                      431    0.000000000000000E+00    0.000000000000000E+00    1.088850205559898E+15    1.347535266305990E+09    7.245595844298607E-13    4.339550630206883E+02    2.147093582385017E+04    2.033382145600744E+04    2.439398479555300E-01    4.140322246190118E+00    0.000000000000000E+00    1.088853493187511E+15    3.133972000000000E-14    0.000000000000000E+00    8.364199000000000E-01    4.051600000000000E-02    1.876786000000000E-03    5.330378000000000E-02    1.764809000000000E-02    9.511724999999999E-05    7.480309000000000E-03    3.454212999999999E-03    1.187680000000000E-03    3.276414000000001E-04    2.776273000000000E-04    0.000000000000000E+00    0.000000000000000E+00    0.000000000000000E+00    0.000000000000000E+00    0.000000000000000E+00    1.172719000000000E-04    0.000000000000000E+00    3.709578000000000E-02    1.550404452489600E+42    4.360263813044000E+11    1.023088737114800E+11
                      432    0.000000000000000E+00    0.000000000000000E+00    1.088856780815125E+15    1.347536101637907E+09    7.245595844298607E-13    4.339550630206883E+02    2.147093582385017E+04    2.033382145600744E+04    2.439398479555300E-01    4.139161175518084E+00    0.000000000000000E+00    1.088860300318229E+15    3.133972000000000E-14    0.000000000000000E+00    8.364199000000000E-01    4.051600000000000E-02    1.876786000000000E-03    5.330378000000000E-02    1.764809000000000E-02    9.511724999999999E-05    7.480309000000000E-03    3.454212999999999E-03    1.187680000000000E-03    3.276414000000001E-04    2.776273000000000E-04    0.000000000000000E+00    0.000000000000000E+00    0.000000000000000E+00    0.000000000000000E+00    0.000000000000000E+00    1.172719000000000E-04    0.000000000000000E+00    3.709578000000000E-02    1.550404452489600E+42    4.360263813044000E+11    1.023088737114800E+11
                      433    0.000000000000000E+00    0.000000000000000E+00    1.088863819821333E+15    1.347536936969823E+09    7.247376479112634E-13    4.339550630206883E+02    2.147093582385017E+04    2.033382145600744E+04    2.439398479555300E-01    4.137919677113939E+00    0.000000000000000E+00    1.088867348779500E+15    3.133972000000000E-14    0.000000000000000E+00    8.364199000000000E-01    4.051600000000000E-02    1.876786000000000E-03    5.330378000000000E-02    1.764809000000000E-02    9.511724999999999E-05    7.480309000000000E-03    3.454212999999999E-03    1.187680000000000E-03    3.276414000000001E-04    2.776273000000000E-04    0.000000000000000E+00    0.000000000000000E+00    0.000000000000000E+00    0.000000000000000E+00    0.000000000000000E+00    1.172719000000000E-04    0.000000000000000E+00    3.709578000000000E-02    1.550404452489600E+42    4.370263813044000E+11    1.024005203923100E+11
                      434    0.000000000000000E+00    0.000000000000000E+00    1.088870877737668E+15    1.347533189967699E+09    7.247376479112634E-13    4.339550630206883E+02    2.147093582385017E+04    2.033382145600744E+04    2.439398479555300E-01    4.136674051379468E+00    0.000000000000000E+00    1.088874416151092E+15    3.133972000000000E-14    0.000000000000000E+00    8.364199000000000E-01    4.051600000000000E-02    1.876786000000000E-03    5.330378000000000E-02    1.764809000000000E-02    9.511724999999999E-05    7.480309000000000E-03    3.454212999999999E-03    1.187680000000000E-03    3.276414000000001E-04    2.776273000000000E-04    0.000000000000000E+00    0.000000000000000E+00    0.000000000000000E+00    0.000000000000000E+00    0.000000000000000E+00    1.172719000000000E-04    0.000000000000000E+00    3.709578000000000E-02    1.559485587380900E+42    4.370263813044000E+11    1.024005203923100E+11
                      435    0.000000000000000E+00    0.000000000000000E+00    1.088877954564515E+15    1.347529442965575E+09    7.247376479112634E-13    4.339550630206883E+02    2.147093582385017E+04    2.033382145600744E+04    2.439398479555300E-01    4.135424298229839E+00    0.000000000000000E+00    1.088881608931044E+15    3.133972000000000E-14    0.000000000000000E+00    8.364199000000000E-01    4.051600000000000E-02    1.876786000000000E-03    5.330378000000000E-02    1.764809000000000E-02    9.511724999999999E-05    7.480309000000000E-03    3.454212999999999E-03    1.187680000000000E-03    3.276414000000001E-04    2.776273000000000E-04    0.000000000000000E+00    0.000000000000000E+00    0.000000000000000E+00    0.000000000000000E+00    0.000000000000000E+00    1.172719000000000E-04    0.000000000000000E+00    3.709578000000000E-02    1.559485587380900E+42    4.370263813044000E+11    1.024005203923100E+11
                      436    0.000000000000000E+00    0.000000000000000E+00    1.088885263297574E+15    1.347530695963450E+09    7.262298667735947E-13    4.339550630206883E+02    2.147093582385017E+04    2.033382145600744E+04    2.439314946363600E-01    4.134131838373322E+00    0.000000000000000E+00    1.088889043052047E+15    3.133972000000000E-14    0.000000000000000E+00    8.364199000000000E-01    4.051600000000000E-02    1.876786000000000E-03    5.330378000000000E-02    1.764809000000000E-02    9.511724999999999E-05    7.480309000000000E-03    3.454212999999999E-03    1.187680000000000E-03    3.276414000000001E-04    2.776273000000000E-04    0.000000000000000E+00    0.000000000000000E+00    0.000000000000000E+00    0.000000000000000E+00    0.000000000000000E+00    1.172719000000000E-04    0.000000000000000E+00    3.709578000000000E-02    1.559485587380900E+42    4.370263813044000E+11    1.024921670731400E+11
                      437    0.000000000000000E+00    0.000000000000000E+00    1.088892822806521E+15    1.347531948961325E+09    7.262298667735947E-13    4.339550630206883E+02    2.147093582385017E+04    2.033382145600744E+04    2.439314946363600E-01    4.132795085765744E+00    0.000000000000000E+00    1.088896602587241E+15    3.133972000000000E-14    0.000000000000000E+00    8.364199000000000E-01    4.051600000000000E-02    1.876786000000000E-03    5.330378000000000E-02    1.764809000000000E-02    9.511724999999999E-05    7.480309000000000E-03    3.454212999999999E-03    1.187680000000000E-03    3.276414000000001E-04    2.776273000000000E-04    0.000000000000000E+00    0.000000000000000E+00    0.000000000000000E+00    0.000000000000000E+00    0.000000000000000E+00    1.172719000000000E-04    0.000000000000000E+00    3.709578000000000E-02    1.559485587380900E+42    4.370263813044000E+11    1.024921670731400E+11
                      438    0.000000000000000E+00    0.000000000000000E+00    1.088900382367962E+15    1.347532784293242E+09    7.262298667735947E-13    4.339550630206883E+02    2.147093582385017E+04    2.033382145600744E+04    2.438398479555300E-01    4.131458816302601E+00    0.000000000000000E+00    1.088904296972761E+15    3.133972000000000E-14    0.000000000000000E+00    8.364199000000000E-01    4.051600000000000E-02    1.876786000000000E-03    5.330378000000000E-02    1.764809000000000E-02    9.511724999999999E-05    7.480309000000000E-03    3.454212999999999E-03    1.187680000000000E-03    3.276414000000001E-04    2.776273000000000E-04    0.000000000000000E+00    0.000000000000000E+00    0.000000000000000E+00    0.000000000000000E+00    0.000000000000000E+00    1.172719000000000E-04    0.000000000000000E+00    3.709578000000000E-02    1.559485587380900E+42    4.370263813044000E+11    1.024921670731400E+11
                      439    0.000000000000000E+00    0.000000000000000E+00    1.088908211577560E+15    1.347529037291118E+09    7.262298667735947E-13    4.339550630206883E+02    2.147093582385017E+04    2.033382145600744E+04    2.438398479555300E-01    4.130074151574680E+00    0.000000000000000E+00    1.088912242143899E+15    3.133972000000000E-14    0.000000000000000E+00    8.364199000000000E-01    4.051600000000000E-02    1.876786000000000E-03    5.330378000000000E-02    1.764809000000000E-02    9.511724999999999E-05    7.480309000000000E-03    3.454212999999999E-03    1.187680000000000E-03    3.276414000000001E-04    2.776273000000000E-04    0.000000000000000E+00    0.000000000000000E+00    0.000000000000000E+00    0.000000000000000E+00    0.000000000000000E+00    1.172719000000000E-04    0.000000000000000E+00    3.709578000000000E-02    1.559485587380900E+42    4.371099144961000E+11    1.024921670731400E+11
                      440    0.000000000000000E+00    0.000000000000000E+00    1.088916272710238E+15    1.347525290288994E+09    7.262298667735947E-13    4.339550630206883E+02    2.147093582385017E+04    2.033382145600744E+04    2.438398479555300E-01    4.128649325999101E+00    0.000000000000000E+00    1.088920303306421E+15    3.133972000000000E-14    0.000000000000000E+00    8.364199000000000E-01    4.051600000000000E-02    1.876786000000000E-03    5.330378000000000E-02    1.764809000000000E-02    9.511724999999999E-05    7.480309000000000E-03    3.454212999999999E-03    1.187680000000000E-03    3.276414000000001E-04    2.776273000000000E-04    0.000000000000000E+00    0.000000000000000E+00    0.000000000000000E+00    0.000000000000000E+00    0.000000000000000E+00    1.172719000000000E-04    0.000000000000000E+00    3.709578000000000E-02    1.559485587380900E+42    4.371099144961000E+11    1.025838137539700E+11
                      441    0.000000000000000E+00    0.000000000000000E+00    1.088924333902604E+15    1.347526543286869E+09    7.264083407337152E-13    4.339550630206883E+02    2.147093582385017E+04    2.033382145600744E+04    2.438398479555300E-01    4.127224167119883E+00    0.000000000000000E+00    1.088928499329506E+15    3.133972000000000E-14    0.000000000000000E+00    8.364199000000000E-01    4.051600000000000E-02    1.876786000000000E-03    5.330378000000000E-02    1.764809000000000E-02    9.511724999999999E-05    7.480309000000000E-03    3.454212999999999E-03    1.187680000000000E-03    3.276414000000001E-04    2.776273000000000E-04    0.000000000000000E+00    0.000000000000000E+00    0.000000000000000E+00    0.000000000000000E+00    0.000000000000000E+00    1.172719000000000E-04    0.000000000000000E+00    3.709578000000000E-02    1.559485587380900E+42    4.380263813044000E+11    1.026673469456700E+11
                      442    0.000000000000000E+00    0.000000000000000E+00    1.088932664756408E+15    1.347527796284745E+09    7.264083407337152E-13    4.339550630206883E+02    2.147093582385017E+04    2.033382145600744E+04    2.438314946363600E-01    4.125750654713896E+00    0.000000000000000E+00    1.088936946151213E+15    3.133972000000000E-14    0.000000000000000E+00    8.364199000000000E-01    4.051600000000000E-02    1.876786000000000E-03    5.330378000000000E-02    1.764809000000000E-02    9.511724999999999E-05    7.480309000000000E-03    3.454212999999999E-03    1.187680000000000E-03    3.276414000000001E-04    2.776273000000000E-04    0.000000000000000E+00    0.000000000000000E+00    0.000000000000000E+00    0.000000000000000E+00    0.000000000000000E+00    1.172719000000000E-04    0.000000000000000E+00    3.709578000000000E-02    1.559485587380900E+42    4.380263813044000E+11    1.026673469456700E+11
                      443    0.000000000000000E+00    0.000000000000000E+00    1.088941227546017E+15    1.347524049282620E+09    7.279039995157896E-13    4.339550630206883E+02    2.147093582385017E+04    2.033382145600744E+04    2.438314946363600E-01    4.124233832218843E+00    0.000000000000000E+00    1.088945518407537E+15    3.133972000000000E-14    0.000000000000000E+00    8.364199000000000E-01    4.051600000000000E-02    1.876786000000000E-03    5.330378000000000E-02    1.764809000000000E-02    9.511724999999999E-05    7.480309000000000E-03    3.454212999999999E-03    1.187680000000000E-03    3.276414000000001E-04    2.776273000000000E-04    0.000000000000000E+00    0.000000000000000E+00    0.000000000000000E+00    0.000000000000000E+00    0.000000000000000E+00    1.172719000000000E-04    0.000000000000000E+00    3.709578000000000E-02    1.559485587380900E+42    4.380263813044000E+11    1.027589936265000E+11
                      444    0.000000000000000E+00    0.000000000000000E+00    1.088949809269057E+15    1.347520719946454E+09    7.279039995157896E-13    4.339550630206883E+02    2.147093582385017E+04    2.033382145600744E+04    2.438314946363600E-01    4.122712872170629E+00    0.000000000000000E+00    1.088954216102271E+15    3.133972000000000E-14    0.000000000000000E+00    8.364199000000000E-01    4.051600000000000E-02    1.876786000000000E-03    5.330378000000000E-02    1.764809000000000E-02    9.511724999999999E-05    7.480309000000000E-03    3.454212999999999E-03    1.187680000000000E-03    3.276414000000001E-04    2.776273000000000E-04    0.000000000000000E+00    0.000000000000000E+00    0.000000000000000E+00    0.000000000000000E+00    0.000000000000000E+00    1.172719000000000E-04    0.000000000000000E+00    3.709578000000000E-02    1.559485587380900E+42    4.380263813044000E+11    1.027589936265000E+11
                      445    0.000000000000000E+00    0.000000000000000E+00    1.088958622935484E+15    1.347521972944330E+09    7.279039995157896E-13    4.339550630206883E+02    2.147093582385017E+04    2.033382145600744E+04    2.437398479555300E-01    4.121152230994705E+00    0.000000000000000E+00    1.088963164609601E+15    3.133972000000000E-14    0.000000000000000E+00    8.364199000000000E-01    4.051600000000000E-02    1.876786000000000E-03    5.330378000000000E-02    1.764809000000000E-02    9.511724999999999E-05    7.480309000000000E-03    3.454212999999999E-03    1.187680000000000E-03    3.276414000000001E-04    2.776273000000000E-04    0.000000000000000E+00    0.000000000000000E+00    0.000000000000000E+00    0.000000000000000E+00    0.000000000000000E+00    1.172719000000000E-04    0.000000000000000E+00    3.709578000000000E-02    1.559485587380900E+42    4.381099144961000E+11    1.027589936265000E+11
                      446    0.000000000000000E+00    0.000000000000000E+00    1.088967706283717E+15    1.347518225942205E+09    7.279039995157896E-13    4.339550630206883E+02    2.147093582385017E+04    2.033382145600744E+04    2.437398479555300E-01    4.119543096948133E+00    0.000000000000000E+00    1.088972363935546E+15    3.133972000000000E-14    0.000000000000000E+00    8.364199000000000E-01    4.051600000000000E-02    1.876786000000000E-03    5.330378000000000E-02    1.764809000000000E-02    9.511724999999999E-05    7.480309000000000E-03    3.454212999999999E-03    1.187680000000000E-03    3.276414000000001E-04    2.776273000000000E-04    0.000000000000000E+00    0.000000000000000E+00    0.000000000000000E+00    0.000000000000000E+00    0.000000000000000E+00    1.172719000000000E-04    0.000000000000000E+00    3.709578000000000E-02    1.559485587380900E+42    4.381099144961000E+11    1.028506403073300E+11
                      447    0.000000000000000E+00    0.000000000000000E+00    1.088977021587376E+15    1.347514896606039E+09    7.279039995157896E-13    4.339550630206883E+02    2.147093582385017E+04    2.033382145600744E+04    2.437398479555300E-01    4.117893720247037E+00    0.000000000000000E+00    1.088981688712431E+15    3.133972000000000E-14    0.000000000000000E+00    8.364199000000000E-01    4.051600000000000E-02    1.876786000000000E-03    5.330378000000000E-02    1.764809000000000E-02    9.511724999999999E-05    7.480309000000000E-03    3.454212999999999E-03    1.187680000000000E-03    3.276414000000001E-04    2.776273000000000E-04    0.000000000000000E+00    0.000000000000000E+00    0.000000000000000E+00    0.000000000000000E+00    0.000000000000000E+00    1.172719000000000E-04    0.000000000000000E+00    3.709578000000000E-02    1.559485587380900E+42    4.381099144961000E+11    1.028506403073300E+11
                      448    0.000000000000000E+00    0.000000000000000E+00    1.088986355837486E+15    1.347516149603914E+09    7.280828849008789E-13    4.339550630206883E+02    2.147093582385017E+04    2.033382145600744E+04    2.437314946363600E-01    4.116239893498748E+00    0.000000000000000E+00    1.088991148377840E+15    3.133972000000000E-14    0.000000000000000E+00    8.364199000000000E-01    4.051600000000000E-02    1.876786000000000E-03    5.330378000000000E-02    1.764809000000000E-02    9.511724999999999E-05    7.480309000000000E-03    3.454212999999999E-03    1.187680000000000E-03    3.276414000000001E-04    2.776273000000000E-04    0.000000000000000E+00    0.000000000000000E+00    0.000000000000000E+00    0.000000000000000E+00    0.000000000000000E+00    1.172719000000000E-04    0.000000000000000E+00    3.709578000000000E-02    1.559402054189200E+42    4.390263813044000E+11    1.029422869881600E+11
                      449    0.000000000000000E+00    0.000000000000000E+00    1.088995940918194E+15    1.347517402601790E+09    7.280828849008789E-13    4.339550630206883E+02    2.147093582385017E+04    2.033382145600744E+04    2.437314946363600E-01    4.114541689098006E+00    0.000000000000000E+00    1.089000858877158E+15    3.133972000000000E-14    0.000000000000000E+00    8.364199000000000E-01    4.051600000000000E-02    1.876786000000000E-03    5.330378000000000E-02    1.764809000000000E-02    9.511724999999999E-05    7.480309000000000E-03    3.454212999999999E-03    1.187680000000000E-03    3.276414000000001E-04    2.776273000000000E-04    0.000000000000000E+00    0.000000000000000E+00    0.000000000000000E+00    0.000000000000000E+00    0.000000000000000E+00    1.172719000000000E-04    0.000000000000000E+00    3.709578000000000E-02    1.559402054189200E+42    4.390263813044000E+11    1.029422869881600E+11
                      450    0.000000000000000E+00    0.000000000000000E+00    1.089005776836121E+15    1.347514073265624E+09    7.295819915325295E-13    4.339550630206883E+02    2.147093582385017E+04    2.033382145600744E+04    2.436398479555300E-01    4.112796132200824E+00    0.000000000000000E+00    1.089010820217094E+15    3.133972000000000E-14    0.000000000000000E+00    8.364199000000000E-01    4.051600000000000E-02    1.876786000000000E-03    5.330378000000000E-02    1.764809000000000E-02    9.511724999999999E-05    7.480309000000000E-03    3.454212999999999E-03    1.187680000000000E-03    3.276414000000001E-04    2.776273000000000E-04    0.000000000000000E+00    0.000000000000000E+00    0.000000000000000E+00    0.000000000000000E+00    0.000000000000000E+00    1.172719000000000E-04    0.000000000000000E+00    3.709578000000000E-02    1.559402054189200E+42    4.391099144961000E+11    1.029422869881600E+11
                      451    0.000000000000000E+00    0.000000000000000E+00    1.089015863598066E+15    1.347510743929458E+09    7.295819915325295E-13    4.339550630206883E+02    2.147093582385017E+04    2.033382145600744E+04    2.436398479555300E-01    4.111006118997611E+00    0.000000000000000E+00    1.089021032404530E+15    3.133972000000000E-14    0.000000000000000E+00    8.364199000000000E-01    4.051600000000000E-02    1.876786000000000E-03    5.330378000000000E-02    1.764809000000000E-02    9.511724999999999E-05    7.480309000000000E-03    3.454212999999999E-03    1.187680000000000E-03    3.276414000000001E-04    2.776273000000000E-04    0.000000000000000E+00    0.000000000000000E+00    0.000000000000000E+00    0.000000000000000E+00    0.000000000000000E+00    1.172719000000000E-04    0.000000000000000E+00    3.709578000000000E-02    1.559402054189200E+42    4.391099144961000E+11    1.030339336689900E+11
                      452    0.000000000000000E+00    0.000000000000000E+00    1.089026201210994E+15    1.347511996927333E+09    7.295819915325295E-13    4.339550630206883E+02    2.147093582385017E+04    2.033382145600744E+04    2.436398479555300E-01    4.109171648252507E+00    0.000000000000000E+00    1.089031486012678E+15    3.133972000000000E-14    0.000000000000000E+00    8.364199000000000E-01    4.051600000000000E-02    1.876786000000000E-03    5.330378000000000E-02    1.764809000000000E-02    9.511724999999999E-05    7.480309000000000E-03    3.454212999999999E-03    1.187680000000000E-03    3.276414000000001E-04    2.776273000000000E-04    0.000000000000000E+00    0.000000000000000E+00    0.000000000000000E+00    0.000000000000000E+00    0.000000000000000E+00    1.172719000000000E-04    0.000000000000000E+00    3.709578000000000E-02    1.559402054189200E+42    4.391099144961000E+11    1.030339336689900E+11
                      453    0.000000000000000E+00    0.000000000000000E+00    1.089036770814362E+15    1.347508667591168E+09    7.295819915325295E-13    4.339550630206883E+02    2.147093582385017E+04    2.033382145600744E+04    2.436314946363600E-01    4.107296929711384E+00    0.000000000000000E+00    1.089042074535224E+15    3.133972000000000E-14    0.000000000000000E+00    8.364199000000000E-01    4.051600000000000E-02    1.876786000000000E-03    5.330378000000000E-02    1.764809000000000E-02    9.511724999999999E-05    7.480309000000000E-03    3.454212999999999E-03    1.187680000000000E-03    3.276414000000001E-04    2.776273000000000E-04    0.000000000000000E+00    0.000000000000000E+00    0.000000000000000E+00    0.000000000000000E+00    0.000000000000000E+00    1.172719000000000E-04    0.000000000000000E+00    3.709578000000000E-02    1.559402054189200E+42    4.391099144961000E+11    1.031255803498200E+11
                      454    0.000000000000000E+00    0.000000000000000E+00    1.089047378256086E+15    1.347505755920960E+09    7.297612892910199E-13    4.339550630206883E+02    2.147093582385017E+04    2.033382145600744E+04    2.436314946363600E-01    4.105413490795899E+00    0.000000000000000E+00    1.089052797977047E+15    3.133972000000000E-14    0.000000000000000E+00    8.364199000000000E-01    4.051600000000000E-02    1.876786000000000E-03    5.330378000000000E-02    1.764809000000000E-02    9.511724999999999E-05    7.480309000000000E-03    3.454212999999999E-03    1.187680000000000E-03    3.276414000000001E-04    2.776273000000000E-04    0.000000000000000E+00    0.000000000000000E+00    0.000000000000000E+00    0.000000000000000E+00    0.000000000000000E+00    1.172719000000000E-04    0.000000000000000E+00    3.709578000000000E-02    1.559402054189200E+42    4.401099144961000E+11    1.031255803498200E+11
                      455    0.000000000000000E+00    0.000000000000000E+00    1.089058217698008E+15    1.347507008918835E+09    7.312638517203592E-13    4.339550630206883E+02    2.147093582385017E+04    2.033382145600744E+04    2.435398479555300E-01    4.103486440309082E+00    0.000000000000000E+00    1.089063772290798E+15    3.133972000000000E-14    0.000000000000000E+00    8.364199000000000E-01    4.051600000000000E-02    1.876786000000000E-03    5.330378000000000E-02    1.764809000000000E-02    9.511724999999999E-05    7.480309000000000E-03    3.454212999999999E-03    1.187680000000000E-03    3.276414000000001E-04    2.776273000000000E-04    0.000000000000000E+00    0.000000000000000E+00    0.000000000000000E+00    0.000000000000000E+00    0.000000000000000E+00    1.172719000000000E-04    0.000000000000000E+00    3.709578000000000E-02    1.559402054189200E+42    4.401099144961000E+11    1.031255803498200E+11
                      456    0.000000000000000E+00    0.000000000000000E+00    1.089069326883587E+15    1.347503679582669E+09    7.312638517203592E-13    4.339550630206883E+02    2.147093582385017E+04    2.033382145600744E+04    2.435398479555300E-01    4.101510702141679E+00    0.000000000000000E+00    1.089075113434662E+15    3.133972000000000E-14    0.000000000000000E+00    8.364199000000000E-01    4.051600000000000E-02    1.876786000000000E-03    5.330378000000000E-02    1.764809000000000E-02    9.511724999999999E-05    7.480309000000000E-03    3.454212999999999E-03    1.187680000000000E-03    3.276414000000001E-04    2.776273000000000E-04    0.000000000000000E+00    0.000000000000000E+00    0.000000000000000E+00    0.000000000000000E+00    0.000000000000000E+00    1.172719000000000E-04    0.000000000000000E+00    3.709578000000000E-02    1.559402054189200E+42    4.401099144961000E+11    1.032172270306500E+11
                      457    0.000000000000000E+00    0.000000000000000E+00    1.089080899985737E+15    1.347500767912462E+09    7.312638517203592E-13    4.339550630206883E+02    2.147093582385017E+04    2.033382145600744E+04    2.435314946363600E-01    4.099454256975075E+00    0.000000000000000E+00    1.089086705467023E+15    3.133972000000000E-14    0.000000000000000E+00    8.364199000000000E-01    4.051600000000000E-02    1.876786000000000E-03    5.330378000000000E-02    1.764809000000000E-02    9.511724999999999E-05    7.480309000000000E-03    3.454212999999999E-03    1.187680000000000E-03    3.276414000000001E-04    2.776273000000000E-04    0.000000000000000E+00    0.000000000000000E+00    0.000000000000000E+00    0.000000000000000E+00    0.000000000000000E+00    1.172719000000000E-04    0.000000000000000E+00    3.709578000000000E-02    1.559402054189200E+42    4.401099144961000E+11    1.032172270306500E+11
                      458    0.000000000000000E+00    0.000000000000000E+00    1.089092510948310E+15    1.347502438576296E+09    7.312638517203592E-13    4.339550630206883E+02    2.147093582385017E+04    2.033382145600744E+04    2.435314946363600E-01    4.097389510039011E+00    0.000000000000000E+00    1.089098432444814E+15    3.133972000000000E-14    0.000000000000000E+00    8.364199000000000E-01    4.051600000000000E-02    1.876786000000000E-03    5.330378000000000E-02    1.764809000000000E-02    9.511724999999999E-05    7.480309000000000E-03    3.454212999999999E-03    1.187680000000000E-03    3.276414000000001E-04    2.776273000000000E-04    0.000000000000000E+00    0.000000000000000E+00    0.000000000000000E+00    0.000000000000000E+00    0.000000000000000E+00    1.172719000000000E-04    0.000000000000000E+00    3.709578000000000E-02    1.559402054189200E+42    4.401934476878000E+11    1.033924069031800E+11
                      459    0.000000000000000E+00    0.000000000000000E+00    1.089104353941318E+15    1.347499526906088E+09    7.314435628028700E-13    4.339550630206883E+02    2.147093582385017E+04    2.033382145600744E+04    2.434398479555300E-01    4.095284654308996E+00    0.000000000000000E+00    1.089110410325960E+15    3.133972000000000E-14    0.000000000000000E+00    8.364199000000000E-01    4.051600000000000E-02    1.876786000000000E-03    5.330378000000000E-02    1.764809000000000E-02    9.511724999999999E-05    7.480309000000000E-03    3.454212999999999E-03    1.187680000000000E-03    3.276414000000001E-04    2.776273000000000E-04    0.000000000000000E+00    0.000000000000000E+00    0.000000000000000E+00    0.000000000000000E+00    0.000000000000000E+00    1.172719000000000E-04    0.000000000000000E+00    3.709578000000000E-02    1.568483189080500E+42    4.411099144961000E+11    1.033924069031800E+11
                      460    0.000000000000000E+00    0.000000000000000E+00    1.089116466710602E+15    1.347496197569923E+09    7.329495889963371E-13    4.339550630206883E+02    2.147093582385017E+04    2.033382145600744E+04    2.434398479555300E-01    4.093126639010067E+00    0.000000000000000E+00    1.089122639118517E+15    3.133972000000000E-14    0.000000000000000E+00    8.364199000000000E-01    4.051600000000000E-02    1.876786000000000E-03    5.330378000000000E-02    1.764809000000000E-02    9.511724999999999E-05    7.480309000000000E-03    3.454212999999999E-03    1.187680000000000E-03    3.276414000000001E-04    2.776273000000000E-04    0.000000000000000E+00    0.000000000000000E+00    0.000000000000000E+00    0.000000000000000E+00    0.000000000000000E+00    1.172719000000000E-04    0.000000000000000E+00    3.709578000000000E-02    1.568483189080500E+42    4.411099144961000E+11    1.034840535840100E+11
                      461    0.000000000000000E+00    0.000000000000000E+00    1.089128811526432E+15    1.347497450567798E+09    7.329495889963371E-13    4.339550630206883E+02    2.147093582385017E+04    2.033382145600744E+04    2.434314946363600E-01    4.090928227477475E+00    0.000000000000000E+00    1.089135118831160E+15    3.133972000000000E-14    0.000000000000000E+00    8.364199000000000E-01    4.051600000000000E-02    1.876786000000000E-03    5.330378000000000E-02    1.764809000000000E-02    9.511724999999999E-05    7.480309000000000E-03    3.454212999999999E-03    1.187680000000000E-03    3.276414000000001E-04    2.776273000000000E-04    0.000000000000000E+00    0.000000000000000E+00    0.000000000000000E+00    0.000000000000000E+00    0.000000000000000E+00    1.172719000000000E-04    0.000000000000000E+00    3.709578000000000E-02    1.568483189080500E+42    4.411099144961000E+11    1.034840535840100E+11
                      462    0.000000000000000E+00    0.000000000000000E+00    1.089141426135888E+15    1.347494538897590E+09    7.329495889963371E-13    4.339550630206883E+02    2.147093582385017E+04    2.033382145600744E+04    2.434314946363600E-01    4.088681030710382E+00    0.000000000000000E+00    1.089147858907210E+15    3.133972000000000E-14    0.000000000000000E+00    8.364199000000000E-01    4.051600000000000E-02    1.876786000000000E-03    5.330378000000000E-02    1.764809000000000E-02    9.511724999999999E-05    7.480309000000000E-03    3.454212999999999E-03    1.187680000000000E-03    3.276414000000001E-04    2.776273000000000E-04    0.000000000000000E+00    0.000000000000000E+00    0.000000000000000E+00    0.000000000000000E+00    0.000000000000000E+00    1.172719000000000E-04    0.000000000000000E+00    3.709578000000000E-02    1.568483189080500E+42    4.411934476878000E+11    1.035757002648400E+11
                      463    0.000000000000000E+00    0.000000000000000E+00    1.089154291678532E+15    1.347491627227383E+09    7.329495889963371E-13    4.339550630206883E+02    2.147093582385017E+04    2.033382145600744E+04    2.433398479555300E-01    4.086390040065218E+00    0.000000000000000E+00    1.089160849920889E+15    3.133972000000000E-14    0.000000000000000E+00    8.364199000000000E-01    4.051600000000000E-02    1.876786000000000E-03    5.330378000000000E-02    1.764809000000000E-02    9.511724999999999E-05    7.480309000000000E-03    3.454212999999999E-03    1.187680000000000E-03    3.276414000000001E-04    2.776273000000000E-04    0.000000000000000E+00    0.000000000000000E+00    0.000000000000000E+00    0.000000000000000E+00    0.000000000000000E+00    1.172719000000000E-04    0.000000000000000E+00    3.709578000000000E-02    1.568483189080500E+42    4.411934476878000E+11    1.035757002648400E+11
                      464    0.000000000000000E+00    0.000000000000000E+00    1.089167408163245E+15    1.347493297891217E+09    7.331297143556783E-13    4.339550630206883E+02    2.147093582385017E+04    2.033382145600744E+04    2.433398479555300E-01    4.084053889975396E+00    0.000000000000000E+00    1.089174207842582E+15    3.133972000000000E-14    0.000000000000000E+00    8.364199000000000E-01    4.051600000000000E-02    1.876786000000000E-03    5.330378000000000E-02    1.764809000000000E-02    9.511724999999999E-05    7.480309000000000E-03    3.454212999999999E-03    1.187680000000000E-03    3.276414000000001E-04    2.776273000000000E-04    0.000000000000000E+00    0.000000000000000E+00    0.000000000000000E+00    0.000000000000000E+00    0.000000000000000E+00    1.172719000000000E-04    0.000000000000000E+00    3.709578000000000E-02    1.568483189080500E+42    4.421099144961000E+11    1.036673469456700E+11
                      465    0.000000000000000E+00    0.000000000000000E+00    1.089181007521918E+15    1.347490386221009E+09    7.346392122980730E-13    4.339550630206883E+02    2.147093582385017E+04    2.033382145600744E+04    2.433314946363600E-01    4.081627721040530E+00    0.000000000000000E+00    1.089187826156774E+15    3.133972000000000E-14    0.000000000000000E+00    8.364199000000000E-01    4.051600000000000E-02    1.876786000000000E-03    5.330378000000000E-02    1.764809000000000E-02    9.511724999999999E-05    7.480309000000000E-03    3.454212999999999E-03    1.187680000000000E-03    3.276414000000001E-04    2.776273000000000E-04    0.000000000000000E+00    0.000000000000000E+00    0.000000000000000E+00    0.000000000000000E+00    0.000000000000000E+00    1.172719000000000E-04    0.000000000000000E+00    3.709578000000000E-02    1.568483189080500E+42    4.421099144961000E+11    1.036673469456700E+11
                      466    0.000000000000000E+00    0.000000000000000E+00    1.089194644791629E+15    1.347487892216760E+09    7.346392122980730E-13    4.374716691289987E+02    2.147093582385017E+04    2.037636488836365E+04    2.433314946363600E-01    4.079193209905074E+00    0.000000000000000E+00    1.089201695440575E+15    3.133972000000000E-14    0.000000000000000E+00    8.364199000000000E-01    4.051600000000000E-02    1.876786000000000E-03    5.330378000000000E-02    1.764809000000000E-02    9.511724999999999E-05    7.480309000000000E-03    3.454212999999999E-03    1.187680000000000E-03    3.276414000000001E-04    2.776273000000000E-04    0.000000000000000E+00    0.000000000000000E+00    0.000000000000000E+00    0.000000000000000E+00    0.000000000000000E+00    1.172719000000000E-04    0.000000000000000E+00    3.709578000000000E-02    1.568483189080500E+42    4.421934476878000E+11    1.037589936265000E+11
                      467    0.000000000000000E+00    0.000000000000000E+00    1.089208746089521E+15    1.347485398212512E+09    7.346392122980730E-13    4.374716691289987E+02    2.147093582385017E+04    2.037636488836365E+04    2.432398479555300E-01    4.076678511156554E+00    0.000000000000000E+00    1.089215931666760E+15    3.133972000000000E-14    0.000000000000000E+00    8.364199000000000E-01    4.051600000000000E-02    1.876786000000000E-03    5.330378000000000E-02    1.764809000000000E-02    9.511724999999999E-05    7.480309000000000E-03    3.454212999999999E-03    1.187680000000000E-03    3.276414000000001E-04    2.776273000000000E-04    0.000000000000000E+00    0.000000000000000E+00    0.000000000000000E+00    0.000000000000000E+00    0.000000000000000E+00    1.172719000000000E-04    0.000000000000000E+00    3.709578000000000E-02    1.568483189080500E+42    4.421934476878000E+11    1.037589936265000E+11
                      468    0.000000000000000E+00    0.000000000000000E+00    1.089223117244000E+15    1.347482486542304E+09    7.348197528892511E-13    4.374716691289987E+02    2.147093582385017E+04    2.037636488836365E+04    2.432314946363600E-01    4.074114463950650E+00    0.000000000000000E+00    1.089230312351774E+15    3.133972000000000E-14    0.000000000000000E+00    8.364199000000000E-01    4.051600000000000E-02    1.876786000000000E-03    5.330378000000000E-02    1.764809000000000E-02    9.511724999999999E-05    7.480309000000000E-03    3.454212999999999E-03    1.187680000000000E-03    3.276414000000001E-04    2.776273000000000E-04    0.000000000000000E+00    0.000000000000000E+00    0.000000000000000E+00    0.000000000000000E+00    0.000000000000000E+00    1.172719000000000E-04    0.000000000000000E+00    3.709578000000000E-02    1.568399655888800E+42    4.431099144961000E+11    1.037589936265000E+11
                      469    0.000000000000000E+00    0.000000000000000E+00    1.089237507459548E+15    1.347484157206138E+09    7.363327305837796E-13    4.374716691289987E+02    2.147093582385017E+04    2.037636488836365E+04    2.432314946363600E-01    4.071540893648016E+00    0.000000000000000E+00    1.089245069441000E+15    3.133972000000000E-14    0.000000000000000E+00    8.364199000000000E-01    4.051600000000000E-02    1.876786000000000E-03    5.330378000000000E-02    1.764809000000000E-02    9.511724999999999E-05    7.480309000000000E-03    3.454212999999999E-03    1.187680000000000E-03    3.276414000000001E-04    2.776273000000000E-04    0.000000000000000E+00    0.000000000000000E+00    0.000000000000000E+00    0.000000000000000E+00    0.000000000000000E+00    1.172719000000000E-04    0.000000000000000E+00    3.709578000000000E-02    1.568399655888800E+42    4.431934476878000E+11    1.037589936265000E+11
                      470    0.000000000000000E+00    0.000000000000000E+00    1.089252631422453E+15    1.347481663201889E+09    7.363327305837796E-13    4.374716691289987E+02    2.147093582385017E+04    2.037636488836365E+04    2.432314946363600E-01    4.068837095227905E+00    0.000000000000000E+00    1.089260202944911E+15    3.133972000000000E-14    0.000000000000000E+00    8.364199000000000E-01    4.051600000000000E-02    1.876786000000000E-03    5.330378000000000E-02    1.764809000000000E-02    9.511724999999999E-05    7.480309000000000E-03    3.454212999999999E-03    1.187680000000000E-03    3.276414000000001E-04    2.776273000000000E-04    0.000000000000000E+00    0.000000000000000E+00    0.000000000000000E+00    0.000000000000000E+00    0.000000000000000E+00    1.172719000000000E-04    0.000000000000000E+00    3.709578000000000E-02    1.568399655888800E+42    4.431934476878000E+11    1.038425268182000E+11
                      471    0.000000000000000E+00    0.000000000000000E+00    1.089267774467369E+15    1.347479169197640E+09    7.363327305837796E-13    4.379703997812169E+02    2.147093582385017E+04    2.038069575549702E+04    2.431398479555300E-01    4.066130094076966E+00    0.000000000000000E+00    1.089275587475736E+15    3.133972000000000E-14    0.000000000000000E+00    8.364199000000000E-01    4.051600000000000E-02    1.876786000000000E-03    5.330378000000000E-02    1.764809000000000E-02    9.511724999999999E-05    7.480309000000000E-03    3.454212999999999E-03    1.187680000000000E-03    3.276414000000001E-04    2.776273000000000E-04    0.000000000000000E+00    0.000000000000000E+00    0.000000000000000E+00    0.000000000000000E+00    0.000000000000000E+00    1.172719000000000E-04    0.000000000000000E+00    3.709578000000000E-02    1.568399655888800E+42    4.431934476878000E+11    1.038425268182000E+11
                      472    0.000000000000000E+00    0.000000000000000E+00    1.089283400484104E+15    1.347476257527432E+09    7.365136873640034E-13    4.379703997812169E+02    2.147093582385017E+04    2.038069575549702E+04    2.431314946363600E-01    4.063337161831349E+00    0.000000000000000E+00    1.089291339014781E+15    3.133972000000000E-14    0.000000000000000E+00    8.364199000000000E-01    4.051600000000000E-02    1.876786000000000E-03    5.330378000000000E-02    1.764809000000000E-02    9.511724999999999E-05    7.480309000000000E-03    3.454212999999999E-03    1.187680000000000E-03    3.276414000000001E-04    2.776273000000000E-04    0.000000000000000E+00    0.000000000000000E+00    0.000000000000000E+00    0.000000000000000E+00    0.000000000000000E+00    1.172719000000000E-04    0.000000000000000E+00    3.709578000000000E-02    1.568399655888800E+42    4.441934476878000E+11    1.038425268182000E+11
                      473    0.000000000000000E+00    0.000000000000000E+00    1.089299277545458E+15    1.347473763523184E+09    7.380301528323258E-13    4.379703997812169E+02    2.147093582385017E+04    2.038069575549702E+04    2.431314946363600E-01    4.060493513021477E+00    0.000000000000000E+00    1.089307351040351E+15    3.133972000000000E-14    0.000000000000000E+00    8.364199000000000E-01    4.051600000000000E-02    1.876786000000000E-03    5.330378000000000E-02    1.764809000000000E-02    9.511724999999999E-05    7.480309000000000E-03    3.454212999999999E-03    1.187680000000000E-03    3.276414000000001E-04    2.776273000000000E-04    0.000000000000000E+00    0.000000000000000E+00    0.000000000000000E+00    0.000000000000000E+00    0.000000000000000E+00    1.172719000000000E-04    0.000000000000000E+00    3.709578000000000E-02    1.568399655888800E+42    4.441934476878000E+11    1.038425268182000E+11
                      474    0.000000000000000E+00    0.000000000000000E+00    1.089315424535244E+15    1.347475851852976E+09    7.380301528323258E-13    4.379703997812169E+02    2.147093582385017E+04    2.038069575549702E+04    2.430398479555300E-01    4.057601845267900E+00    0.000000000000000E+00    1.089323633000380E+15    3.133972000000000E-14    0.000000000000000E+00    8.364199000000000E-01    4.051600000000000E-02    1.876786000000000E-03    5.330378000000000E-02    1.764809000000000E-02    9.511724999999999E-05    7.480309000000000E-03    3.454212999999999E-03    1.187680000000000E-03    3.276414000000001E-04    2.776273000000000E-04    0.000000000000000E+00    0.000000000000000E+00    0.000000000000000E+00    0.000000000000000E+00    0.000000000000000E+00    1.172719000000000E-04    0.000000000000000E+00    3.709578000000000E-02    1.568399655888800E+42    4.441934476878000E+11    1.038425268182000E+11
                      475    0.000000000000000E+00    0.000000000000000E+00    1.089331841465516E+15    1.347473357848727E+09    7.380301528323258E-13    4.379703997812169E+02    2.147093582385017E+04    2.038069575549702E+04    2.430314946363600E-01    4.054661231283082E+00    0.000000000000000E+00    1.089340282012741E+15    3.133972000000000E-14    0.000000000000000E+00    8.364199000000000E-01    4.051600000000000E-02    1.876786000000000E-03    5.330378000000000E-02    1.764809000000000E-02    9.511724999999999E-05    7.480309000000000E-03    3.454212999999999E-03    1.187680000000000E-03    3.276414000000001E-04    2.776273000000000E-04    0.000000000000000E+00    0.000000000000000E+00    0.000000000000000E+00    0.000000000000000E+00    0.000000000000000E+00    1.172719000000000E-04    0.000000000000000E+00    3.709578000000000E-02    1.568316122697100E+42    4.442769808795000E+11    1.047589936265000E+11
                      476    0.000000000000000E+00    0.000000000000000E+00    1.089348722559965E+15    1.347471281510437E+09    7.382115267610096E-13    4.379703997812169E+02    2.147093582385017E+04    2.038069575549702E+04    2.430314946363600E-01    4.051638518558296E+00    0.000000000000000E+00    1.089357423510667E+15    3.133972000000000E-14    0.000000000000000E+00    8.364199000000000E-01    4.051600000000000E-02    1.876786000000000E-03    5.330378000000000E-02    1.764809000000000E-02    9.511724999999999E-05    7.480309000000000E-03    3.454212999999999E-03    1.187680000000000E-03    3.276414000000001E-04    2.776273000000000E-04    0.000000000000000E+00    0.000000000000000E+00    0.000000000000000E+00    0.000000000000000E+00    0.000000000000000E+00    1.172719000000000E-04    0.000000000000000E+00    3.709578000000000E-02    1.577480790780100E+42    4.451934476878000E+11    1.047589936265000E+11
                      477    0.000000000000000E+00    0.000000000000000E+00    1.089366124461369E+15    1.347468787506187E+09    7.397314880432722E-13    4.379703997812169E+02    2.147093582385017E+04    2.038069575549702E+04    2.429314946363600E-01    4.048516659988350E+00    0.000000000000000E+00    1.089374834988163E+15    3.133972000000000E-14    0.000000000000000E+00    8.364199000000000E-01    4.051600000000000E-02    1.876786000000000E-03    5.330378000000000E-02    1.764809000000000E-02    9.511724999999999E-05    7.480309000000000E-03    3.454212999999999E-03    1.187680000000000E-03    3.276414000000001E-04    2.776273000000000E-04    0.000000000000000E+00    0.000000000000000E+00    0.000000000000000E+00    0.000000000000000E+00    0.000000000000000E+00    1.172719000000000E-04    0.000000000000000E+00    3.709578000000000E-02    1.577480790780100E+42    4.452769808795000E+11    1.047589936265000E+11
                      478    0.000000000000000E+00    0.000000000000000E+00    1.089383545514956E+15    1.347466293501939E+09    7.397314880432722E-13    4.379703997812169E+02    2.147093582385017E+04    2.038069575549702E+04    2.429314946363600E-01    4.045390573072448E+00    0.000000000000000E+00    1.089392613572581E+15    3.133972000000000E-14    0.000000000000000E+00    8.364199000000000E-01    4.051600000000000E-02    1.876786000000000E-03    5.330378000000000E-02    1.764809000000000E-02    9.511724999999999E-05    7.480309000000000E-03    3.454212999999999E-03    1.187680000000000E-03    3.276414000000001E-04    2.776273000000000E-04    0.000000000000000E+00    0.000000000000000E+00    0.000000000000000E+00    0.000000000000000E+00    0.000000000000000E+00    1.172719000000000E-04    0.000000000000000E+00    3.709578000000000E-02    1.577480790780100E+42    4.452769808795000E+11    1.047589936265000E+11
                      479    0.000000000000000E+00    0.000000000000000E+00    1.089401681630206E+15    1.347464217163648E+09    7.399132800820429E-13    4.379703997812169E+02    2.151589646806625E+04    2.038069575549702E+04    2.429314946363600E-01    4.042137230831422E+00    0.000000000000000E+00    1.089410768713593E+15    3.133972000000000E-14    0.000000000000000E+00    8.364199000000000E-01    4.051600000000000E-02    1.876786000000000E-03    5.330378000000000E-02    1.764809000000000E-02    9.511724999999999E-05    7.480309000000000E-03    3.454212999999999E-03    1.187680000000000E-03    3.276414000000001E-04    2.776273000000000E-04    0.000000000000000E+00    0.000000000000000E+00    0.000000000000000E+00    0.000000000000000E+00    0.000000000000000E+00    1.172719000000000E-04    0.000000000000000E+00    3.709578000000000E-02    1.577480790780100E+42    4.461934476878000E+11    1.048425268182000E+11
                      480    0.000000000000000E+00    0.000000000000000E+00    1.089419855796981E+15    1.347462140825357E+09    7.414367452369314E-13    4.379703997812169E+02    2.151589646806625E+04    2.038069575549702E+04    2.428314946363600E-01    4.038870038391480E+00    0.000000000000000E+00    1.089429309873172E+15    3.133972000000000E-14    0.000000000000000E+00    8.364199000000000E-01    4.051600000000000E-02    1.876786000000000E-03    5.330378000000000E-02    1.764809000000000E-02    9.511724999999999E-05    7.480309000000000E-03    3.454212999999999E-03    1.187680000000000E-03    3.276414000000001E-04    2.776273000000000E-04    0.000000000000000E+00    0.000000000000000E+00    0.000000000000000E+00    0.000000000000000E+00    0.000000000000000E+00    1.172719000000000E-04    0.000000000000000E+00    3.709578000000000E-02    1.577480790780100E+42    4.462769808795000E+11    1.048425268182000E+11
                      481    0.000000000000000E+00    0.000000000000000E+00    1.089438763949362E+15    1.347460064487067E+09    7.414367452369314E-13    4.379703997812169E+02    2.151589646806625E+04    2.038069575549702E+04    2.428314946363600E-01    4.035471887935620E+00    0.000000000000000E+00    1.089448227627425E+15    3.133972000000000E-14    0.000000000000000E+00    8.364199000000000E-01    4.051600000000000E-02    1.876786000000000E-03    5.330378000000000E-02    1.764809000000000E-02    9.511724999999999E-05    7.480309000000000E-03    3.454212999999999E-03    1.187680000000000E-03    3.276414000000001E-04    2.776273000000000E-04    0.000000000000000E+00    0.000000000000000E+00    0.000000000000000E+00    0.000000000000000E+00    0.000000000000000E+00    1.172719000000000E-04    0.000000000000000E+00    3.709578000000000E-02    1.577397257588400E+42    4.462769808795000E+11    1.048425268182000E+11
                      482    0.000000000000000E+00    0.000000000000000E+00    1.089457691305488E+15    1.347457570482818E+09    7.416189563496321E-13    4.379703997812169E+02    2.151589646806625E+04    2.038069575549702E+04    2.427398479555300E-01    4.032069967654502E+00    0.000000000000000E+00    1.089467522002148E+15    3.133972000000000E-14    0.000000000000000E+00    8.364199000000000E-01    4.051600000000000E-02    1.876786000000000E-03    5.330378000000000E-02    1.764809000000000E-02    9.511724999999999E-05    7.480309000000000E-03    3.454212999999999E-03    1.187680000000000E-03    3.276414000000001E-04    2.776273000000000E-04    0.000000000000000E+00    0.000000000000000E+00    0.000000000000000E+00    0.000000000000000E+00    0.000000000000000E+00    1.172719000000000E-04    0.000000000000000E+00    3.709578000000000E-02    1.577397257588400E+42    4.472769808795000E+11    1.048425268182000E+11
                      483    0.000000000000000E+00    0.000000000000000E+00    1.089477352698807E+15    1.347455494144527E+09    7.431459334544061E-13    4.379703997812169E+02    2.151589646806625E+04    2.038069575549702E+04    2.427314946363600E-01    4.028529918517418E+00    0.000000000000000E+00    1.089487318444023E+15    3.133972000000000E-14    0.000000000000000E+00    8.364199000000000E-01    4.051600000000000E-02    1.876786000000000E-03    5.330378000000000E-02    1.764809000000000E-02    9.511724999999999E-05    7.480309000000000E-03    3.454212999999999E-03    1.187680000000000E-03    3.276414000000001E-04    2.776273000000000E-04    0.000000000000000E+00    0.000000000000000E+00    0.000000000000000E+00    0.000000000000000E+00    0.000000000000000E+00    1.172719000000000E-04    0.000000000000000E+00    3.709578000000000E-02    1.577397257588400E+42    4.472769808795000E+11    1.048425268182000E+11
                      484    0.000000000000000E+00    0.000000000000000E+00    1.089497284189238E+15    1.347453835472196E+09    7.431459334544061E-13    4.379703997812169E+02    2.151589646806625E+04    2.038069575549702E+04    2.427314946363600E-01    4.024940493236785E+00    0.000000000000000E+00    1.089507375552164E+15    3.133972000000000E-14    0.000000000000000E+00    8.364199000000000E-01    4.051600000000000E-02    1.876786000000000E-03    5.330378000000000E-02    1.764809000000000E-02    9.511724999999999E-05    7.480309000000000E-03    3.454212999999999E-03    1.187680000000000E-03    3.276414000000001E-04    2.776273000000000E-04    0.000000000000000E+00    0.000000000000000E+00    0.000000000000000E+00    0.000000000000000E+00    0.000000000000000E+00    1.172719000000000E-04    0.000000000000000E+00    3.709578000000000E-02    1.577397257588400E+42    4.473605140712000E+11    1.048425268182000E+11
                      485    0.000000000000000E+00    0.000000000000000E+00    1.089517466915090E+15    1.347451759133905E+09    7.433285646071019E-13    4.379703997812169E+02    2.151589646806625E+04    2.038069575549702E+04    2.426314946363600E-01    4.021306550975598E+00    0.000000000000000E+00    1.089527809340402E+15    3.133972000000000E-14    0.000000000000000E+00    8.364199000000000E-01    4.051600000000000E-02    1.876786000000000E-03    5.330378000000000E-02    1.764809000000000E-02    9.511724999999999E-05    7.480309000000000E-03    3.454212999999999E-03    1.187680000000000E-03    3.276414000000001E-04    2.776273000000000E-04    0.000000000000000E+00    0.000000000000000E+00    0.000000000000000E+00    0.000000000000000E+00    0.000000000000000E+00    1.172719000000000E-04    0.000000000000000E+00    3.709578000000000E-02    1.577397257588400E+42    4.482769808795000E+11    1.048425268182000E+11
                      486    0.000000000000000E+00    0.000000000000000E+00    1.089538151765713E+15    1.347449682795614E+09    7.448590617576404E-13    4.379703997812169E+02    2.151589646806625E+04    2.038069575549702E+04    2.426314946363600E-01    4.017574587857778E+00    0.000000000000000E+00    1.089548745267704E+15    3.133972000000000E-14    0.000000000000000E+00    8.364199000000000E-01    4.051600000000000E-02    1.876786000000000E-03    5.330378000000000E-02    1.764809000000000E-02    9.511724999999999E-05    7.480309000000000E-03    3.454212999999999E-03    1.187680000000000E-03    3.276414000000001E-04    2.776273000000000E-04    0.000000000000000E+00    0.000000000000000E+00    0.000000000000000E+00    0.000000000000000E+00    0.000000000000000E+00    1.172719000000000E-04    0.000000000000000E+00    3.709578000000000E-02    1.577397257588400E+42    4.482769808795000E+11    1.048425268182000E+11
                      487    0.000000000000000E+00    0.000000000000000E+00    1.089559338769695E+15    1.347447606457324E+09    7.448590617576404E-13    4.379703997812169E+02    2.152043144267943E+04    2.038069575549702E+04    2.425314946363600E-01    4.013753719226266E+00    0.000000000000000E+00    1.089570183363002E+15    3.133972000000000E-14    0.000000000000000E+00    8.364199000000000E-01    4.051600000000000E-02    1.876786000000000E-03    5.330378000000000E-02    1.764809000000000E-02    9.511724999999999E-05    7.480309000000000E-03    3.454212999999999E-03    1.187680000000000E-03    3.276414000000001E-04    2.776273000000000E-04    0.000000000000000E+00    0.000000000000000E+00    0.000000000000000E+00    0.000000000000000E+00    0.000000000000000E+00    1.172719000000000E-04    0.000000000000000E+00    3.709578000000000E-02    1.577313724396700E+42    4.483605140712000E+11    1.049260600099000E+11
                      488    0.000000000000000E+00    0.000000000000000E+00    1.089581027956308E+15    1.347445947784992E+09    7.450421139186238E-13    4.379703997812169E+02    2.152043144267943E+04    2.038069575549702E+04    2.425314946363600E-01    4.009841509625262E+00    0.000000000000000E+00    1.089592007649805E+15    3.133972000000000E-14    0.000000000000000E+00    8.364199000000000E-01    4.051600000000000E-02    1.876786000000000E-03    5.330378000000000E-02    1.764809000000000E-02    9.511724999999999E-05    7.480309000000000E-03    3.454212999999999E-03    1.187680000000000E-03    3.276414000000001E-04    2.776273000000000E-04    0.000000000000000E+00    0.000000000000000E+00    0.000000000000000E+00    0.000000000000000E+00    0.000000000000000E+00    1.172719000000000E-04    0.000000000000000E+00    3.709578000000000E-02    1.586478392479700E+42    4.492769808795000E+11    1.058425268182000E+11
                      489    0.000000000000000E+00    0.000000000000000E+00    1.089602987343302E+15    1.347444289112660E+09    7.465761392294734E-13    4.379703997812169E+02    2.152043144267943E+04    2.038069575549702E+04    2.425314946363600E-01    4.005871592628609E+00    0.000000000000000E+00    1.089614218153657E+15    3.133972000000000E-14    0.000000000000000E+00    8.364199000000000E-01    4.051600000000000E-02    1.876786000000000E-03    5.330378000000000E-02    1.764809000000000E-02    9.511724999999999E-05    7.480309000000000E-03    3.454212999999999E-03    1.187680000000000E-03    3.276414000000001E-04    2.776273000000000E-04    0.000000000000000E+00    0.000000000000000E+00    0.000000000000000E+00    0.000000000000000E+00    0.000000000000000E+00    1.172719000000000E-04    0.000000000000000E+00    3.709578000000000E-02    1.586478392479700E+42    4.493605140712000E+11    1.058425268182000E+11
                      490    0.000000000000000E+00    0.000000000000000E+00    1.089625448964012E+15    1.347442630440328E+09    7.465761392294734E-13    4.379703997812169E+02    2.152043144267943E+04    2.038069575549702E+04    2.424314946363600E-01    4.001812683321298E+00    0.000000000000000E+00    1.089636921467244E+15    3.133972000000000E-14    0.000000000000000E+00    8.364199000000000E-01    4.051600000000000E-02    1.876786000000000E-03    5.330378000000000E-02    1.764809000000000E-02    9.511724999999999E-05    7.480309000000000E-03    3.454212999999999E-03    1.187680000000000E-03    3.276414000000001E-04    2.776273000000000E-04    0.000000000000000E+00    0.000000000000000E+00    0.000000000000000E+00    0.000000000000000E+00    0.000000000000000E+00    1.172719000000000E-04    0.000000000000000E+00    3.709578000000000E-02    1.586478392479700E+42    4.502769808795000E+11    1.058425268182000E+11
                      491    0.000000000000000E+00    0.000000000000000E+00    1.089648393970476E+15    1.347440971767996E+09    7.482971749736772E-13    4.379703997812169E+02    2.152043144267943E+04    2.038069575549702E+04    2.424314946363600E-01    3.997657791172013E+00    0.000000000000000E+00    1.089660127061235E+15    3.133972000000000E-14    0.000000000000000E+00    8.364199000000000E-01    4.051600000000000E-02    1.876786000000000E-03    5.330378000000000E-02    1.764809000000000E-02    9.511724999999999E-05    7.480309000000000E-03    3.454212999999999E-03    1.187680000000000E-03    3.276414000000001E-04    2.776273000000000E-04    0.000000000000000E+00    0.000000000000000E+00    0.000000000000000E+00    0.000000000000000E+00    0.000000000000000E+00    1.172719000000000E-04    0.000000000000000E+00    3.709578000000000E-02    1.586478392479700E+42    4.503605140712000E+11    1.058425268182000E+11
                      492    0.000000000000000E+00    0.000000000000000E+00    1.089671860151995E+15    1.347439313095664E+09    7.482971749736772E-13    4.379703997812169E+02    2.152043144267943E+04    2.038069575549702E+04    2.423314946363600E-01    3.993409583905573E+00    0.000000000000000E+00    1.089683844407209E+15    3.133972000000000E-14    0.000000000000000E+00    8.364199000000000E-01    4.051600000000000E-02    1.876786000000000E-03    5.330378000000000E-02    1.764809000000000E-02    9.511724999999999E-05    7.480309000000000E-03    3.454212999999999E-03    1.187680000000000E-03    3.276414000000001E-04    2.776273000000000E-04    0.000000000000000E+00    0.000000000000000E+00    0.000000000000000E+00    0.000000000000000E+00    0.000000000000000E+00    1.172719000000000E-04    0.000000000000000E+00    3.709578000000000E-02    1.586394859288000E+42    4.504440472629000E+11    1.058425268182000E+11
                      493    0.000000000000000E+00    0.000000000000000E+00    1.089695828662424E+15    1.347437654423332E+09    7.484810720650454E-13    4.379703997812169E+02    2.152043144267943E+04    2.038069575549702E+04    2.423314946363600E-01    3.989069565960416E+00    0.000000000000000E+00    1.089708064098658E+15    3.133972000000000E-14    0.000000000000000E+00    8.364199000000000E-01    4.051600000000000E-02    1.876786000000000E-03    5.330378000000000E-02    1.764809000000000E-02    9.511724999999999E-05    7.480309000000000E-03    3.454212999999999E-03    1.187680000000000E-03    3.276414000000001E-04    2.776273000000000E-04    0.000000000000000E+00    0.000000000000000E+00    0.000000000000000E+00    0.000000000000000E+00    0.000000000000000E+00    1.172719000000000E-04    0.000000000000000E+00    3.709578000000000E-02    1.586394859288000E+42    4.513605140712000E+11    1.058425268182000E+11
                      494    0.000000000000000E+00    0.000000000000000E+00    1.089720299534892E+15    1.347435995751000E+09    7.500221781150102E-13    4.379703997812169E+02    2.152043144267943E+04    2.038069575549702E+04    2.422314946363600E-01    3.984631336241230E+00    0.000000000000000E+00    1.089732786169055E+15    3.133972000000000E-14    0.000000000000000E+00    8.364199000000000E-01    4.051600000000000E-02    1.876786000000000E-03    5.330378000000000E-02    1.764809000000000E-02    9.511724999999999E-05    7.480309000000000E-03    3.454212999999999E-03    1.187680000000000E-03    3.276414000000001E-04    2.776273000000000E-04    0.000000000000000E+00    0.000000000000000E+00    0.000000000000000E+00    0.000000000000000E+00    0.000000000000000E+00    1.172719000000000E-04    0.000000000000000E+00    3.709578000000000E-02    1.586394859288000E+42    4.514440472629000E+11    1.059260600099000E+11
                      495    0.000000000000000E+00    0.000000000000000E+00    1.089745272803219E+15    1.347434754744627E+09    7.502064991329561E-13    4.379703997812169E+02    2.152043144267943E+04    2.038069575549702E+04    2.422314946363600E-01    3.980101071052784E+00    0.000000000000000E+00    1.089757894628716E+15    3.133972000000000E-14    0.000000000000000E+00    8.364199000000000E-01    4.051600000000000E-02    1.876786000000000E-03    5.330378000000000E-02    1.764809000000000E-02    9.511724999999999E-05    7.480309000000000E-03    3.454212999999999E-03    1.187680000000000E-03    3.276414000000001E-04    2.776273000000000E-04    0.000000000000000E+00    0.000000000000000E+00    0.000000000000000E+00    0.000000000000000E+00    0.000000000000000E+00    1.172719000000000E-04    0.000000000000000E+00    3.709578000000000E-02    1.586394859288000E+42    4.523605140712000E+11    1.059260600099000E+11
                      496    0.000000000000000E+00    0.000000000000000E+00    1.089770516454213E+15    1.347433513738253E+09    7.517511577992708E-13    4.379703997812169E+02    2.152043144267943E+04    2.038069575549702E+04    2.421314946363600E-01    3.975513396664821E+00    0.000000000000000E+00    1.089783505533604E+15    3.133972000000000E-14    0.000000000000000E+00    8.364199000000000E-01    4.051600000000000E-02    1.876786000000000E-03    5.330378000000000E-02    1.764809000000000E-02    9.511724999999999E-05    7.480309000000000E-03    3.454212999999999E-03    1.187680000000000E-03    3.276414000000001E-04    2.776273000000000E-04    0.000000000000000E+00    0.000000000000000E+00    0.000000000000000E+00    0.000000000000000E+00    0.000000000000000E+00    1.172719000000000E-04    0.000000000000000E+00    3.709578000000000E-02    1.586394859288000E+42    4.524440472629000E+11    1.059260600099000E+11
                      497    0.000000000000000E+00    0.000000000000000E+00    1.089796494612996E+15    1.347432272731879E+09    7.517511577992708E-13    4.379703997812169E+02    2.152043144267943E+04    2.038069575549702E+04    2.421231413171900E-01    3.970793429543535E+00    0.000000000000000E+00    1.089809734943075E+15    3.133972000000000E-14    0.000000000000000E+00    8.364199000000000E-01    4.051600000000000E-02    1.876786000000000E-03    5.330378000000000E-02    1.764809000000000E-02    9.511724999999999E-05    7.480309000000000E-03    3.454212999999999E-03    1.187680000000000E-03    3.276414000000001E-04    2.776273000000000E-04    0.000000000000000E+00    0.000000000000000E+00    0.000000000000000E+00    0.000000000000000E+00    0.000000000000000E+00    1.172719000000000E-04    0.000000000000000E+00    3.709578000000000E-02    1.586311326096300E+42    4.533605140712000E+11    1.059260600099000E+11
                      498    0.000000000000000E+00    0.000000000000000E+00    1.089822975273154E+15    1.347431031725506E+09    7.534841231933339E-13    4.379703997812169E+02    2.152043144267943E+04    2.038069575549702E+04    2.420314946363600E-01    3.965972970620266E+00    0.000000000000000E+00    1.089836476313585E+15    3.133972000000000E-14    0.000000000000000E+00    8.364199000000000E-01    4.051600000000000E-02    1.876786000000000E-03    5.330378000000000E-02    1.764809000000000E-02    9.511724999999999E-05    7.480309000000000E-03    3.454212999999999E-03    1.187680000000000E-03    3.276414000000001E-04    2.776273000000000E-04    0.000000000000000E+00    0.000000000000000E+00    0.000000000000000E+00    0.000000000000000E+00    0.000000000000000E+00    1.172719000000000E-04    0.000000000000000E+00    3.709578000000000E-02    1.595475994179300E+42    4.534440472629000E+11    1.068425268182000E+11
                      499    0.000000000000000E+00    0.000000000000000E+00    1.089849977354017E+15    1.347429790719133E+09    7.534841231933339E-13    4.379703997812169E+02    2.152043144267943E+04    2.038069575549702E+04    2.420231413171900E-01    3.961057105440136E+00    0.000000000000000E+00    1.089863739124207E+15    3.133972000000000E-14    0.000000000000000E+00    8.364199000000000E-01    4.051600000000000E-02    1.876786000000000E-03    5.330378000000000E-02    1.764809000000000E-02    9.511724999999999E-05    7.480309000000000E-03    3.454212999999999E-03    1.187680000000000E-03    3.276414000000001E-04    2.776273000000000E-04    0.000000000000000E+00    0.000000000000000E+00    0.000000000000000E+00    0.000000000000000E+00    0.000000000000000E+00    1.172719000000000E-04    0.000000000000000E+00    3.709578000000000E-02    1.595475994179300E+42    4.535275804546000E+11    1.068425268182000E+11
                      500    0.000000000000000E+00    0.000000000000000E+00    1.089877500894397E+15    1.347428967378717E+09    7.552210834852127E-13    4.379703997812169E+02    2.152043144267943E+04    2.038069575549702E+04    2.419314946363600E-01    3.956035933116013E+00    0.000000000000000E+00    1.089891620568532E+15    3.133972000000000E-14    0.000000000000000E+00    8.364199000000000E-01    4.051600000000000E-02    1.876786000000000E-03    5.330378000000000E-02    1.764809000000000E-02    9.511724999999999E-05    7.480309000000000E-03    3.454212999999999E-03    1.187680000000000E-03    3.276414000000001E-04    2.776273000000000E-04    0.000000000000000E+00    0.000000000000000E+00    0.000000000000000E+00    0.000000000000000E+00    0.000000000000000E+00    1.172719000000000E-04    0.000000000000000E+00    3.709578000000000E-02    1.595475994179300E+42    4.544440472629000E+11    1.069260600099000E+11
                      501    0.000000000000000E+00    0.000000000000000E+00    1.089905740242667E+15    1.347428144038302E+09    7.552210834852127E-13    4.379703997812169E+02    2.152043144267943E+04    2.038069575549702E+04    2.419231413171900E-01    3.950886200067816E+00    0.000000000000000E+00    1.089920004650325E+15    3.133972000000000E-14    0.000000000000000E+00    8.364199000000000E-01    4.051600000000000E-02    1.876786000000000E-03    5.330378000000000E-02    1.764809000000000E-02    9.511724999999999E-05    7.480309000000000E-03    3.454212999999999E-03    1.187680000000000E-03    3.276414000000001E-04    2.776273000000000E-04    0.000000000000000E+00    0.000000000000000E+00    0.000000000000000E+00    0.000000000000000E+00    0.000000000000000E+00    1.172719000000000E-04    0.000000000000000E+00    3.709578000000000E-02    1.595392460987600E+42    4.545275804546000E+11    1.069260600099000E+11
                      502    0.000000000000000E+00    0.000000000000000E+00    1.089934269057983E+15    1.347422320697887E+09    7.569620478840960E-13    4.379703997812169E+02    2.152043144267943E+04    2.038069575549702E+04    2.418314946363600E-01    3.945672059537081E+00    0.000000000000000E+00    1.089948910299128E+15    3.133972000000000E-14    0.000000000000000E+00    8.364199000000000E-01    4.051600000000000E-02    1.876786000000000E-03    5.330378000000000E-02    1.764809000000000E-02    9.511724999999999E-05    7.480309000000000E-03    3.454212999999999E-03    1.187680000000000E-03    3.276414000000001E-04    2.776273000000000E-04    0.000000000000000E+00    0.000000000000000E+00    0.000000000000000E+00    0.000000000000000E+00    0.000000000000000E+00    1.172719000000000E-04    0.000000000000000E+00    3.709578000000000E-02    1.595392460987600E+42    4.555275804546000E+11    1.069260600099000E+11
                      503    0.000000000000000E+00    0.000000000000000E+00    1.089963551540272E+15    1.347421497357473E+09    7.569620478840960E-13    4.379703997812169E+02    2.152043144267943E+04    2.038069575549702E+04    2.417314946363600E-01    3.940322580295626E+00    0.000000000000000E+00    1.089978560202563E+15    3.133972000000000E-14    0.000000000000000E+00    8.364199000000000E-01    4.051600000000000E-02    1.876786000000000E-03    5.330378000000000E-02    1.764809000000000E-02    9.511724999999999E-05    7.480309000000000E-03    3.454212999999999E-03    1.187680000000000E-03    3.276414000000001E-04    2.776273000000000E-04    0.000000000000000E+00    0.000000000000000E+00    0.000000000000000E+00    0.000000000000000E+00    0.000000000000000E+00    1.172719000000000E-04    0.000000000000000E+00    3.709578000000000E-02    1.595392460987600E+42    4.555275804546000E+11    1.069260600099000E+11
                      504    0.000000000000000E+00    0.000000000000000E+00    1.089993568864855E+15    1.347420674017057E+09    7.587070256204023E-13    4.379703997812169E+02    2.152043144267943E+04    2.038069575549702E+04    2.417231413171900E-01    3.934827443153806E+00    0.000000000000000E+00    1.090008712877194E+15    3.133972000000000E-14    0.000000000000000E+00    8.364199000000000E-01    4.051600000000000E-02    1.876786000000000E-03    5.330378000000000E-02    1.764809000000000E-02    9.511724999999999E-05    7.480309000000000E-03    3.454212999999999E-03    1.187680000000000E-03    3.276414000000001E-04    2.776273000000000E-04    0.000000000000000E+00    0.000000000000000E+00    0.000000000000000E+00    0.000000000000000E+00    0.000000000000000E+00    1.172719000000000E-04    0.000000000000000E+00    3.709578000000000E-02    1.595392460987600E+42    4.565275804546000E+11    1.069260600099000E+11
                      505    0.000000000000000E+00    0.000000000000000E+00    1.090023856889534E+15    1.347419850676642E+09    7.587070256204023E-13    4.379703997812169E+02    2.152043144267943E+04    2.038069575549702E+04    2.416314946363600E-01    3.929284057033396E+00    0.000000000000000E+00    1.090039493868307E+15    3.133972000000000E-14    0.000000000000000E+00    8.364199000000000E-01    4.051600000000000E-02    1.876786000000000E-03    5.330378000000000E-02    1.764809000000000E-02    9.511724999999999E-05    7.480309000000000E-03    3.454212999999999E-03    1.187680000000000E-03    3.276414000000001E-04    2.776273000000000E-04    0.000000000000000E+00    0.000000000000000E+00    0.000000000000000E+00    0.000000000000000E+00    0.000000000000000E+00    1.172719000000000E-04    0.000000000000000E+00    3.709578000000000E-02    1.595308927795900E+42    4.575275804546000E+11    1.070095932016000E+11
                      506    0.000000000000000E+00    0.000000000000000E+00    1.090055130847080E+15    1.347419445002186E+09    7.604560259458331E-13    4.379703997812169E+02    2.152043144267943E+04    2.038069575549702E+04    2.416231413171900E-01    3.923548322836752E+00    0.000000000000000E+00    1.090070912662570E+15    3.133972000000000E-14    0.000000000000000E+00    8.364199000000000E-01    4.051600000000000E-02    1.876786000000000E-03    5.330378000000000E-02    1.764809000000000E-02    9.511724999999999E-05    7.480309000000000E-03    3.454212999999999E-03    1.187680000000000E-03    3.276414000000001E-04    2.776273000000000E-04    0.000000000000000E+00    0.000000000000000E+00    0.000000000000000E+00    0.000000000000000E+00    0.000000000000000E+00    1.172719000000000E-04    0.000000000000000E+00    3.709578000000000E-02    1.595308927795900E+42    4.575275804546000E+11    1.079260600099000E+11
                      507    0.000000000000000E+00    0.000000000000000E+00    1.090086694478059E+15    1.347419039327729E+09    7.604560259458331E-13    4.379703997812169E+02    2.152043144267943E+04    2.038069575549702E+04    2.415231413171900E-01    3.917760294357271E+00    0.000000000000000E+00    1.090102969325118E+15    3.133972000000000E-14    0.000000000000000E+00    8.364199000000000E-01    4.051600000000000E-02    1.876786000000000E-03    5.330378000000000E-02    1.764809000000000E-02    9.511724999999999E-05    7.480309000000000E-03    3.454212999999999E-03    1.187680000000000E-03    3.276414000000001E-04    2.776273000000000E-04    0.000000000000000E+00    0.000000000000000E+00    0.000000000000000E+00    0.000000000000000E+00    0.000000000000000E+00    1.172719000000000E-04    0.000000000000000E+00    3.709578000000000E-02    1.604473595878900E+42    4.585275804546000E+11    1.079260600099000E+11
                      508    0.000000000000000E+00    0.000000000000000E+00    1.090119244172177E+15    1.347418633653273E+09    7.622090581334122E-13    4.379703997812169E+02    2.156549573188461E+04    2.038069575549702E+04    2.414314946363600E-01    3.911780978366031E+00    0.000000000000000E+00    1.090135654457894E+15    3.133972000000000E-14    0.000000000000000E+00    8.364199000000000E-01    4.051600000000000E-02    1.876786000000000E-03    5.330378000000000E-02    1.764809000000000E-02    9.511724999999999E-05    7.480309000000000E-03    3.454212999999999E-03    1.187680000000000E-03    3.276414000000001E-04    2.776273000000000E-04    0.000000000000000E+00    0.000000000000000E+00    0.000000000000000E+00    0.000000000000000E+00    0.000000000000000E+00    1.172719000000000E-04    0.000000000000000E+00    3.709578000000000E-02    1.604473595878900E+42    4.586111136463000E+11    1.079260600099000E+11
                      509    0.000000000000000E+00    0.000000000000000E+00    1.090152064743611E+15    1.347418227978817E+09    7.623963741269681E-13    4.379703997812169E+02    2.156549573188461E+04    2.038069575549702E+04    2.414231413171900E-01    3.905750024017883E+00    0.000000000000000E+00    1.090168968128054E+15    3.133972000000000E-14    0.000000000000000E+00    8.364199000000000E-01    4.051600000000000E-02    1.876786000000000E-03    5.330378000000000E-02    1.764809000000000E-02    9.511724999999999E-05    7.480309000000000E-03    3.454212999999999E-03    1.187680000000000E-03    3.276414000000001E-04    2.776273000000000E-04    0.000000000000000E+00    0.000000000000000E+00    0.000000000000000E+00    0.000000000000000E+00    0.000000000000000E+00    1.172719000000000E-04    0.000000000000000E+00    3.709578000000000E-02    1.604390062687200E+42    4.596111136463000E+11    1.079260600099000E+11
                      510    0.000000000000000E+00    0.000000000000000E+00    1.090185871512498E+15    1.347417822304360E+09    7.639661314775404E-13    4.379703997812169E+02    2.156549573188461E+04    2.038069575549702E+04    2.413231413171900E-01    3.899528596139922E+00    0.000000000000000E+00    1.090203035898496E+15    3.133972000000000E-14    0.000000000000000E+00    8.364199000000000E-01    4.051600000000000E-02    1.876786000000000E-03    5.330378000000000E-02    1.764809000000000E-02    9.511724999999999E-05    7.480309000000000E-03    3.454212999999999E-03    1.187680000000000E-03    3.276414000000001E-04    2.776273000000000E-04    0.000000000000000E+00    0.000000000000000E+00    0.000000000000000E+00    0.000000000000000E+00    0.000000000000000E+00    1.172719000000000E-04    0.000000000000000E+00    3.709578000000000E-02    1.604390062687200E+42    4.596111136463000E+11    1.080095932016000E+11
                      511    0.000000000000000E+00    0.000000000000000E+00    1.090220200284494E+15    1.347417416629904E+09    7.657272552940488E-13    4.379703997812169E+02    2.156549573188461E+04    2.038069575549702E+04    2.412314946363600E-01    3.893198193640906E+00    0.000000000000000E+00    1.090237741771886E+15    3.133972000000000E-14    0.000000000000000E+00    8.364199000000000E-01    4.051600000000000E-02    1.876786000000000E-03    5.330378000000000E-02    1.764809000000000E-02    9.511724999999999E-05    7.480309000000000E-03    3.454212999999999E-03    1.187680000000000E-03    3.276414000000001E-04    2.776273000000000E-04    0.000000000000000E+00    0.000000000000000E+00    0.000000000000000E+00    0.000000000000000E+00    0.000000000000000E+00    1.172719000000000E-04    0.000000000000000E+00    3.709578000000000E-02    1.604390062687200E+42    4.606111136463000E+11    1.080095932016000E+11
                      512    0.000000000000000E+00    0.000000000000000E+00    1.090255283259278E+15    1.347417010955447E+09    7.657272552940488E-13    4.379703997812169E+02    2.157004116069394E+04    2.038069575549702E+04    2.412231413171900E-01    3.886729166608252E+00    0.000000000000000E+00    1.090273085805478E+15    3.133972000000000E-14    0.000000000000000E+00    8.364199000000000E-01    4.051600000000000E-02    1.876786000000000E-03    5.330378000000000E-02    1.764809000000000E-02    9.511724999999999E-05    7.480309000000000E-03    3.454212999999999E-03    1.187680000000000E-03    3.276414000000001E-04    2.776273000000000E-04    0.000000000000000E+00    0.000000000000000E+00    0.000000000000000E+00    0.000000000000000E+00    0.000000000000000E+00    1.172719000000000E-04    0.000000000000000E+00    3.709578000000000E-02    1.604390062687200E+42    4.616111136463000E+11    1.080095932016000E+11
                      513    0.000000000000000E+00    0.000000000000000E+00    1.090290888351679E+15    1.347417022946949E+09    7.674924389202373E-13    4.379703997812169E+02    2.157004116069394E+04    2.038069575549702E+04    2.411231413171900E-01    3.880150763365662E+00    0.000000000000000E+00    1.090309184147872E+15    3.133972000000000E-14    0.000000000000000E+00    8.364199000000000E-01    4.051600000000000E-02    1.876786000000000E-03    5.330378000000000E-02    1.764809000000000E-02    9.511724999999999E-05    7.480309000000000E-03    3.454212999999999E-03    1.187680000000000E-03    3.276414000000001E-04    2.776273000000000E-04    0.000000000000000E+00    0.000000000000000E+00    0.000000000000000E+00    0.000000000000000E+00    0.000000000000000E+00    1.172719000000000E-04    0.000000000000000E+00    3.709578000000000E-02    1.604306529495500E+42    4.616946468380000E+11    1.089260600099000E+11
                      514    0.000000000000000E+00    0.000000000000000E+00    1.090327479944065E+15    1.347417034938451E+09    7.676810533262313E-13    4.379703997812169E+02    2.157004116069394E+04    2.038069575549702E+04    2.410231413171900E-01    3.873392429634980E+00    0.000000000000000E+00    1.090346036866274E+15    3.133972000000000E-14    0.000000000000000E+00    8.364199000000000E-01    4.051600000000000E-02    1.876786000000000E-03    5.330378000000000E-02    1.764809000000000E-02    9.511724999999999E-05    7.480309000000000E-03    3.454212999999999E-03    1.187680000000000E-03    3.276414000000001E-04    2.776273000000000E-04    0.000000000000000E+00    0.000000000000000E+00    0.000000000000000E+00    0.000000000000000E+00    0.000000000000000E+00    1.172719000000000E-04    0.000000000000000E+00    3.709578000000000E-02    1.613471197578500E+42    4.626946468380000E+11    1.090095932016000E+11
                      515    0.000000000000000E+00    0.000000000000000E+00    1.090364593788482E+15    1.347417046929953E+09    7.692616917149368E-13    4.379703997812169E+02    2.157004116069394E+04    2.038069575549702E+04    2.409231413171900E-01    3.866525547531082E+00    0.000000000000000E+00    1.090383527954133E+15    3.133972000000000E-14    0.000000000000000E+00    8.364199000000000E-01    4.051600000000000E-02    1.876786000000000E-03    5.330378000000000E-02    1.764809000000000E-02    9.511724999999999E-05    7.480309000000000E-03    3.454212999999999E-03    1.187680000000000E-03    3.276414000000001E-04    2.776273000000000E-04    0.000000000000000E+00    0.000000000000000E+00    0.000000000000000E+00    0.000000000000000E+00    0.000000000000000E+00    1.172719000000000E-04    0.000000000000000E+00    3.709578000000000E-02    1.613471197578500E+42    4.636946468380000E+11    1.090095932016000E+11
                      516    0.000000000000000E+00    0.000000000000000E+00    1.090402462119783E+15    1.347417476587414E+09    7.710350230585483E-13    4.379703997812169E+02    2.157004116069394E+04    2.038069575549702E+04    2.409231413171900E-01    3.859503100100792E+00    0.000000000000000E+00    1.090421783014964E+15    3.133972000000000E-14    0.000000000000000E+00    8.364199000000000E-01    4.051600000000000E-02    1.876786000000000E-03    5.330378000000000E-02    1.764809000000000E-02    9.511724999999999E-05    7.480309000000000E-03    3.454212999999999E-03    1.187680000000000E-03    3.276414000000001E-04    2.776273000000000E-04    0.000000000000000E+00    0.000000000000000E+00    0.000000000000000E+00    0.000000000000000E+00    0.000000000000000E+00    1.172719000000000E-04    0.000000000000000E+00    3.709578000000000E-02    1.613387664386800E+42    4.637781800297000E+11    1.090095932016000E+11
                      517    0.000000000000000E+00    0.000000000000000E+00    1.090441103910145E+15    1.347417488578915E+09    7.712245080690838E-13    4.415195446452271E+02    2.157004116069394E+04    2.042333726059349E+04    2.408231413171900E-01    3.852337916056817E+00    0.000000000000000E+00    1.090460908780640E+15    3.133972000000000E-14    0.000000000000000E+00    8.364199000000000E-01    4.051600000000000E-02    1.876786000000000E-03    5.330378000000000E-02    1.764809000000000E-02    9.511724999999999E-05    7.480309000000000E-03    3.454212999999999E-03    1.187680000000000E-03    3.276414000000001E-04    2.776273000000000E-04    0.000000000000000E+00    0.000000000000000E+00    0.000000000000000E+00    0.000000000000000E+00    0.000000000000000E+00    1.172719000000000E-04    0.000000000000000E+00    3.709578000000000E-02    1.613387664386800E+42    4.646946468380000E+11    1.090095932016000E+11
                      518    0.000000000000000E+00    0.000000000000000E+00    1.090480713651136E+15    1.347417500570418E+09    7.728124423530961E-13    4.420228899953538E+02    2.157004116069394E+04    2.042767811140669E+04    2.407231413171900E-01    3.844982955673786E+00    0.000000000000000E+00    1.090500789237996E+15    3.133972000000000E-14    0.000000000000000E+00    8.364199000000000E-01    4.051600000000000E-02    1.876786000000000E-03    5.330378000000000E-02    1.764809000000000E-02    9.511724999999999E-05    7.480309000000000E-03    3.454212999999999E-03    1.187680000000000E-03    3.276414000000001E-04    2.776273000000000E-04    0.000000000000000E+00    0.000000000000000E+00    0.000000000000000E+00    0.000000000000000E+00    0.000000000000000E+00    1.172719000000000E-04    0.000000000000000E+00    3.709578000000000E-02    1.613387664386800E+42    4.656946468380000E+11    1.090931263933000E+11
                      519    0.000000000000000E+00    0.000000000000000E+00    1.090520864824856E+15    1.347417930227878E+09    7.745939590222836E-13    4.420228899953538E+02    2.157004116069394E+04    2.042767811140669E+04    2.406231413171900E-01    3.837511842568744E+00    0.000000000000000E+00    1.090541327265688E+15    3.133972000000000E-14    0.000000000000000E+00    8.364199000000000E-01    4.051600000000000E-02    1.876786000000000E-03    5.330378000000000E-02    1.764809000000000E-02    9.511724999999999E-05    7.480309000000000E-03    3.454212999999999E-03    1.187680000000000E-03    3.276414000000001E-04    2.776273000000000E-04    0.000000000000000E+00    0.000000000000000E+00    0.000000000000000E+00    0.000000000000000E+00    0.000000000000000E+00    1.172719000000000E-04    0.000000000000000E+00    3.709578000000000E-02    1.613387664386800E+42    4.666946468380000E+11    1.100095932016000E+11
                      520    0.000000000000000E+00    0.000000000000000E+00    1.090561789706521E+15    1.347422942219380E+09    7.763795825115321E-13    4.420228899953538E+02    2.157004116069394E+04    2.042767811140669E+04    2.405231413171900E-01    3.829881746405748E+00    0.000000000000000E+00    1.090582745708615E+15    3.133972000000000E-14    0.000000000000000E+00    8.364199000000000E-01    4.051600000000000E-02    1.876786000000000E-03    5.330378000000000E-02    1.764809000000000E-02    9.511724999999999E-05    7.480309000000000E-03    3.454212999999999E-03    1.187680000000000E-03    3.276414000000001E-04    2.776273000000000E-04    0.000000000000000E+00    0.000000000000000E+00    0.000000000000000E+00    0.000000000000000E+00    0.000000000000000E+00    1.172719000000000E-04    0.000000000000000E+00    3.709578000000000E-02    1.613304131195100E+42    4.667781800297000E+11    1.100095932016000E+11
                      521    0.000000000000000E+00    0.000000000000000E+00    1.090603701710709E+15    1.347423789542799E+09    7.763795825115321E-13    4.420228899953538E+02    2.157004116069394E+04    2.042767811140669E+04    2.405147879980200E-01    3.822069026615576E+00    0.000000000000000E+00    1.090625035214245E+15    3.133972000000000E-14    0.000000000000000E+00    8.364199000000000E-01    4.051600000000000E-02    1.876786000000000E-03    5.330378000000000E-02    1.764809000000000E-02    9.511724999999999E-05    7.480309000000000E-03    3.454212999999999E-03    1.187680000000000E-03    3.276414000000001E-04    2.776273000000000E-04    0.000000000000000E+00    0.000000000000000E+00    0.000000000000000E+00    0.000000000000000E+00    0.000000000000000E+00    1.172719000000000E-04    0.000000000000000E+00    3.709578000000000E-02    1.622468799278100E+42    4.677781800297000E+11    1.100931263933000E+11
                      522    0.000000000000000E+00    0.000000000000000E+00    1.090646368717781E+15    1.347424636866218E+09    7.781693222880419E-13    4.420228899953538E+02    2.157004116069394E+04    2.042767811140669E+04    2.404147879980200E-01    3.814100728433172E+00    0.000000000000000E+00    1.090668089216125E+15    3.133972000000000E-14    0.000000000000000E+00    8.364199000000000E-01    4.051600000000000E-02    1.876786000000000E-03    5.330378000000000E-02    1.764809000000000E-02    9.511724999999999E-05    7.480309000000000E-03    3.454212999999999E-03    1.187680000000000E-03    3.276414000000001E-04    2.776273000000000E-04    0.000000000000000E+00    0.000000000000000E+00    0.000000000000000E+00    0.000000000000000E+00    0.000000000000000E+00    1.172719000000000E-04    0.000000000000000E+00    3.709578000000000E-02    1.622468799278100E+42    4.687781800297000E+11    1.100931263933000E+11
                      523    0.000000000000000E+00    0.000000000000000E+00    1.090689809714469E+15    1.347429648857720E+09    7.799631878408342E-13    4.420228899953538E+02    2.157004116069394E+04    2.042767811140669E+04    2.403231413171900E-01    3.805971570401638E+00    0.000000000000000E+00    1.090712023930216E+15    3.133972000000000E-14    0.000000000000000E+00    8.364199000000000E-01    4.051600000000000E-02    1.876786000000000E-03    5.330378000000000E-02    1.764809000000000E-02    9.511724999999999E-05    7.480309000000000E-03    3.454212999999999E-03    1.187680000000000E-03    3.276414000000001E-04    2.776273000000000E-04    0.000000000000000E+00    0.000000000000000E+00    0.000000000000000E+00    0.000000000000000E+00    0.000000000000000E+00    1.172719000000000E-04    0.000000000000000E+00    3.709578000000000E-02    1.622385266086400E+42    4.697781800297000E+11    1.100931263933000E+11
                      524    0.000000000000000E+00    0.000000000000000E+00    1.090734238145962E+15    1.347430496181139E+09    7.817611886808040E-13    4.420228899953538E+02    2.157004116069394E+04    2.042767811140669E+04    2.402231413171900E-01    3.797643011808121E+00    0.000000000000000E+00    1.090756839458563E+15    3.133972000000000E-14    0.000000000000000E+00    8.364199000000000E-01    4.051600000000000E-02    1.876786000000000E-03    5.330378000000000E-02    1.764809000000000E-02    9.511724999999999E-05    7.480309000000000E-03    3.454212999999999E-03    1.187680000000000E-03    3.276414000000001E-04    2.776273000000000E-04    0.000000000000000E+00    0.000000000000000E+00    0.000000000000000E+00    0.000000000000000E+00    0.000000000000000E+00    1.172719000000000E-04    0.000000000000000E+00    3.709578000000000E-02    1.622385266086400E+42    4.698617132214000E+11    1.100931263933000E+11
                      525    0.000000000000000E+00    0.000000000000000E+00    1.090779440771164E+15    1.347431761170516E+09    7.819533096904125E-13    4.420228899953538E+02    2.157004116069394E+04    2.042767811140669E+04    2.401231413171900E-01    3.789170262659790E+00    0.000000000000000E+00    1.090802545364302E+15    3.133972000000000E-14    0.000000000000000E+00    8.364199000000000E-01    4.051600000000000E-02    1.876786000000000E-03    5.330378000000000E-02    1.764809000000000E-02    9.511724999999999E-05    7.480309000000000E-03    3.454212999999999E-03    1.187680000000000E-03    3.276414000000001E-04    2.776273000000000E-04    0.000000000000000E+00    0.000000000000000E+00    0.000000000000000E+00    0.000000000000000E+00    0.000000000000000E+00    1.172719000000000E-04    0.000000000000000E+00    3.709578000000000E-02    1.622385266086400E+42    4.709452464131000E+11    1.110931263933000E+11
                      526    0.000000000000000E+00    0.000000000000000E+00    1.090825649957439E+15    1.347437190827977E+09    7.835633343407757E-13    4.420228899953538E+02    2.161520933381454E+04    2.042767811140669E+04    2.400231413171900E-01    3.780494715195112E+00    0.000000000000000E+00    1.090849141754446E+15    3.133972000000000E-14    0.000000000000000E+00    8.364199000000000E-01    4.051600000000000E-02    1.876786000000000E-03    5.330378000000000E-02    1.764809000000000E-02    9.511724999999999E-05    7.480309000000000E-03    3.454212999999999E-03    1.187680000000000E-03    3.276414000000001E-04    2.776273000000000E-04    0.000000000000000E+00    0.000000000000000E+00    0.000000000000000E+00    0.000000000000000E+00    0.000000000000000E+00    1.172719000000000E-04    0.000000000000000E+00    3.709578000000000E-02    1.622301732894700E+42    4.719452464131000E+11    1.110931263933000E+11
                      527    0.000000000000000E+00    0.000000000000000E+00    1.090872633551453E+15    1.347442620485438E+09    7.853696343755447E-13    4.420228899953538E+02    2.161520933381454E+04    2.042767811140669E+04    2.399231413171900E-01    3.771656475868182E+00    0.000000000000000E+00    1.090896512602360E+15    3.133972000000000E-14    0.000000000000000E+00    8.364199000000000E-01    4.051600000000000E-02    1.876786000000000E-03    5.330378000000000E-02    1.764809000000000E-02    9.511724999999999E-05    7.480309000000000E-03    3.454212999999999E-03    1.187680000000000E-03    3.276414000000001E-04    2.776273000000000E-04    0.000000000000000E+00    0.000000000000000E+00    0.000000000000000E+00    0.000000000000000E+00    0.000000000000000E+00    1.172719000000000E-04    0.000000000000000E+00    3.709578000000000E-02    1.631466400977700E+42    4.729452464131000E+11    1.110931263933000E+11
                      528    0.000000000000000E+00    0.000000000000000E+00    1.090920391653266E+15    1.347443885474815E+09    7.871800983619325E-13    4.420228899953538E+02    2.161976524091945E+04    2.042767811140669E+04    2.398147879980200E-01    3.762655331550055E+00    0.000000000000000E+00    1.090944880858731E+15    3.133972000000000E-14    0.000000000000000E+00    8.364199000000000E-01    4.051600000000000E-02    1.876786000000000E-03    5.330378000000000E-02    1.764809000000000E-02    9.511724999999999E-05    7.480309000000000E-03    3.454212999999999E-03    1.187680000000000E-03    3.276414000000001E-04    2.776273000000000E-04    0.000000000000000E+00    0.000000000000000E+00    0.000000000000000E+00    0.000000000000000E+00    0.000000000000000E+00    1.172719000000000E-04    0.000000000000000E+00    3.709578000000000E-02    1.631466400977700E+42    4.739452464131000E+11    1.111766595850000E+11
                      529    0.000000000000000E+00    0.000000000000000E+00    1.090969370064196E+15    1.347445150464192E+09    7.889947358988417E-13    4.420228899953538E+02    2.161976524091945E+04    2.042767811140669E+04    2.397147879980200E-01    3.753408759427749E+00    0.000000000000000E+00    1.090994256098336E+15    3.133972000000000E-14    0.000000000000000E+00    8.364199000000000E-01    4.051600000000000E-02    1.876786000000000E-03    5.330378000000000E-02    1.764809000000000E-02    9.511724999999999E-05    7.480309000000000E-03    3.454212999999999E-03    1.187680000000000E-03    3.276414000000001E-04    2.776273000000000E-04    0.000000000000000E+00    0.000000000000000E+00    0.000000000000000E+00    0.000000000000000E+00    0.000000000000000E+00    1.172719000000000E-04    0.000000000000000E+00    3.709578000000000E-02    1.631466400977700E+42    4.749452464131000E+11    1.111766595850000E+11
                      530    0.000000000000000E+00    0.000000000000000E+00    1.091019142132477E+15    1.347450997787611E+09    7.908135566072971E-13    4.420228899953538E+02    2.161976524091945E+04    2.042767811140669E+04    2.396147879980200E-01    3.743993127871536E+00    0.000000000000000E+00    1.091044522305812E+15    3.133972000000000E-14    0.000000000000000E+00    8.364199000000000E-01    4.051600000000000E-02    1.876786000000000E-03    5.330378000000000E-02    1.764809000000000E-02    9.511724999999999E-05    7.480309000000000E-03    3.454212999999999E-03    1.187680000000000E-03    3.276414000000001E-04    2.776273000000000E-04    0.000000000000000E+00    0.000000000000000E+00    0.000000000000000E+00    0.000000000000000E+00    0.000000000000000E+00    1.172719000000000E-04    0.000000000000000E+00    3.709578000000000E-02    1.631382867786000E+42    4.759452464131000E+11    1.120931263933000E+11
                      531    0.000000000000000E+00    0.000000000000000E+00    1.091069902479146E+15    1.347457262776989E+09    7.910079022733487E-13    4.420228899953538E+02    2.161976524091945E+04    2.042767811140669E+04    2.395147879980200E-01    3.734393448892899E+00    0.000000000000000E+00    1.091095795766688E+15    3.133972000000000E-14    0.000000000000000E+00    8.364199000000000E-01    4.051600000000000E-02    1.876786000000000E-03    5.330378000000000E-02    1.764809000000000E-02    9.511724999999999E-05    7.480309000000000E-03    3.454212999999999E-03    1.187680000000000E-03    3.276414000000001E-04    2.776273000000000E-04    0.000000000000000E+00    0.000000000000000E+00    0.000000000000000E+00    0.000000000000000E+00    0.000000000000000E+00    1.172719000000000E-04    0.000000000000000E+00    3.709578000000000E-02    1.631382867786000E+42    4.770287796048000E+11    1.121766595850000E+11
                      532    0.000000000000000E+00    0.000000000000000E+00    1.091121689054230E+15    1.347463527766366E+09    7.928313638095894E-13    4.420228899953538E+02    2.161976524091945E+04    2.042767811140669E+04    2.394147879980200E-01    3.724580608491654E+00    0.000000000000000E+00    1.091148086075415E+15    3.133972000000000E-14    0.000000000000000E+00    8.364199000000000E-01    4.051600000000000E-02    1.876786000000000E-03    5.330378000000000E-02    1.764809000000000E-02    9.511724999999999E-05    7.480309000000000E-03    3.454212999999999E-03    1.187680000000000E-03    3.276414000000001E-04    2.776273000000000E-04    0.000000000000000E+00    0.000000000000000E+00    0.000000000000000E+00    0.000000000000000E+00    0.000000000000000E+00    1.172719000000000E-04    0.000000000000000E+00    3.709578000000000E-02    1.631382867786000E+42    4.780287796048000E+11    1.121766595850000E+11
                      533    0.000000000000000E+00    0.000000000000000E+00    1.091174483096599E+15    1.347469792755744E+09    7.944637861339094E-13    4.420228899953538E+02    2.161976524091945E+04    2.042767811140669E+04    2.393064346788500E-01    3.714560956392430E+00    0.000000000000000E+00    1.091201393378526E+15    3.133972000000000E-14    0.000000000000000E+00    8.364199000000000E-01    4.051600000000000E-02    1.876786000000000E-03    5.330378000000000E-02    1.764809000000000E-02    9.511724999999999E-05    7.480309000000000E-03    3.454212999999999E-03    1.187680000000000E-03    3.276414000000001E-04    2.776273000000000E-04    0.000000000000000E+00    0.000000000000000E+00    0.000000000000000E+00    0.000000000000000E+00    0.000000000000000E+00    1.172719000000000E-04    0.000000000000000E+00    3.709578000000000E-02    1.640464002677300E+42    4.790287796048000E+11    1.122601927767000E+11
                      534    0.000000000000000E+00    0.000000000000000E+00    1.091228303660454E+15    1.347476057745121E+09    7.962952143052166E-13    4.420228899953538E+02    2.161976524091945E+04    2.042767811140669E+04    2.392064346788500E-01    3.704326622795768E+00    0.000000000000000E+00    1.091255592185830E+15    3.133972000000000E-14    0.000000000000000E+00    8.364199000000000E-01    4.051600000000000E-02    1.876786000000000E-03    5.330378000000000E-02    1.764809000000000E-02    9.511724999999999E-05    7.480309000000000E-03    3.454212999999999E-03    1.187680000000000E-03    3.276414000000001E-04    2.776273000000000E-04    0.000000000000000E+00    0.000000000000000E+00    0.000000000000000E+00    0.000000000000000E+00    0.000000000000000E+00    1.172719000000000E-04    0.000000000000000E+00    3.709578000000000E-02    1.640464002677300E+42    4.801123127965000E+11    1.131766595850000E+11
                      535    0.000000000000000E+00    0.000000000000000E+00    1.091282880711206E+15    1.347482322734499E+09    7.981308643544828E-13    4.420228899953538E+02    2.161976524091945E+04    2.042767811140669E+04    2.391064346788500E-01    3.693929053469132E+00    0.000000000000000E+00    1.091310915016519E+15    3.133972000000000E-14    0.000000000000000E+00    8.364199000000000E-01    4.051600000000000E-02    1.876786000000000E-03    5.330378000000000E-02    1.764809000000000E-02    9.511724999999999E-05    7.480309000000000E-03    3.454212999999999E-03    1.187680000000000E-03    3.276414000000001E-04    2.776273000000000E-04    0.000000000000000E+00    0.000000000000000E+00    0.000000000000000E+00    0.000000000000000E+00    0.000000000000000E+00    1.172719000000000E-04    0.000000000000000E+00    3.709578000000000E-02    1.640464002677300E+42    4.811123127965000E+11    1.131766595850000E+11
                      536    0.000000000000000E+00    0.000000000000000E+00    1.091338949321833E+15    1.347493587723876E+09    7.999707460141405E-13    4.420228899953538E+02    2.161976524091945E+04    2.042767811140669E+04    2.390064346788500E-01    3.683228389567564E+00    0.000000000000000E+00    1.091367380933879E+15    3.133972000000000E-14    0.000000000000000E+00    8.364199000000000E-01    4.051600000000000E-02    1.876786000000000E-03    5.330378000000000E-02    1.764809000000000E-02    9.511724999999999E-05    7.480309000000000E-03    3.454212999999999E-03    1.187680000000000E-03    3.276414000000001E-04    2.776273000000000E-04    0.000000000000000E+00    0.000000000000000E+00    0.000000000000000E+00    0.000000000000000E+00    0.000000000000000E+00    1.172719000000000E-04    0.000000000000000E+00    3.709578000000000E-02    1.640464002677300E+42    4.821123127965000E+11    1.132601927767000E+11
                      537    0.000000000000000E+00    0.000000000000000E+00    1.091395812545925E+15    1.347504852713254E+09    8.018148690390570E-13    4.420228899953538E+02    2.161976524091945E+04    2.042767811140669E+04    2.388980813596800E-01    3.672354571459343E+00    0.000000000000000E+00    1.091424748272720E+15    3.133972000000000E-14    0.000000000000000E+00    8.364199000000000E-01    4.051600000000000E-02    1.876786000000000E-03    5.330378000000000E-02    1.764809000000000E-02    9.511724999999999E-05    7.480309000000000E-03    3.454212999999999E-03    1.187680000000000E-03    3.276414000000001E-04    2.776273000000000E-04    0.000000000000000E+00    0.000000000000000E+00    0.000000000000000E+00    0.000000000000000E+00    0.000000000000000E+00    1.172719000000000E-04    0.000000000000000E+00    3.709578000000000E-02    1.640380469485600E+42    4.831958459882000E+11    1.132601927767000E+11
                      538    0.000000000000000E+00    0.000000000000000E+00    1.091453683999516E+15    1.347511535368590E+09    8.036632432065926E-13    4.420228899953538E+02    2.166503753743260E+04    2.042767811140669E+04    2.387064346788500E-01    3.661271509289530E+00    0.000000000000000E+00    1.091483249586138E+15    3.133972000000000E-14    0.000000000000000E+00    8.364199000000000E-01    4.051600000000000E-02    1.876786000000000E-03    5.330378000000000E-02    1.764809000000000E-02    9.511724999999999E-05    7.480309000000000E-03    3.454212999999999E-03    1.187680000000000E-03    3.276414000000001E-04    2.776273000000000E-04    0.000000000000000E+00    0.000000000000000E+00    0.000000000000000E+00    0.000000000000000E+00    0.000000000000000E+00    1.172719000000000E-04    0.000000000000000E+00    3.709578000000000E-02    1.649545137568600E+42    4.841958459882000E+11    1.142601927767000E+11
                      539    0.000000000000000E+00    0.000000000000000E+00    1.091512815172761E+15    1.347522800357967E+09    8.055158783166398E-13    4.420228899953538E+02    2.166503753743260E+04    2.042767811140669E+04    2.385980813596800E-01    3.649926648746972E+00    0.000000000000000E+00    1.091542894506707E+15    3.133972000000000E-14    0.000000000000000E+00    8.364199000000000E-01    4.051600000000000E-02    1.876786000000000E-03    5.330378000000000E-02    1.764809000000000E-02    9.511724999999999E-05    7.480309000000000E-03    3.454212999999999E-03    1.187680000000000E-03    3.276414000000001E-04    2.776273000000000E-04    0.000000000000000E+00    0.000000000000000E+00    0.000000000000000E+00    0.000000000000000E+00    0.000000000000000E+00    1.172719000000000E-04    0.000000000000000E+00    3.709578000000000E-02    1.649545137568600E+42    4.852793791799000E+11    1.142601927767000E+11
                      540    0.000000000000000E+00    0.000000000000000E+00    1.091572973840653E+15    1.347534065347345E+09    8.073727841916886E-13    4.461128774397690E+02    2.166960394698804E+04    2.047476877283220E+04    2.384980813596800E-01    3.638362301729889E+00    0.000000000000000E+00    1.091603673770124E+15    3.133972000000000E-14    0.000000000000000E+00    8.364199000000000E-01    4.051600000000000E-02    1.876786000000000E-03    5.330378000000000E-02    1.764809000000000E-02    9.511724999999999E-05    7.480309000000000E-03    3.454212999999999E-03    1.187680000000000E-03    3.276414000000001E-04    2.776273000000000E-04    0.000000000000000E+00    0.000000000000000E+00    0.000000000000000E+00    0.000000000000000E+00    0.000000000000000E+00    1.172719000000000E-04    0.000000000000000E+00    3.709578000000000E-02    1.649545137568600E+42    4.862793791799000E+11    1.143437259684000E+11
                      541    0.000000000000000E+00    0.000000000000000E+00    1.091634373699596E+15    1.347545748002681E+09    8.094328432350185E-13    4.461128774397690E+02    2.166960394698804E+04    2.047476877283220E+04    2.383897280405100E-01    3.626536095844461E+00    0.000000000000000E+00    1.091665713245888E+15    3.133972000000000E-14    0.000000000000000E+00    8.364199000000000E-01    4.051600000000000E-02    1.876786000000000E-03    5.330378000000000E-02    1.764809000000000E-02    9.511724999999999E-05    7.480309000000000E-03    3.454212999999999E-03    1.187680000000000E-03    3.276414000000001E-04    2.776273000000000E-04    0.000000000000000E+00    0.000000000000000E+00    0.000000000000000E+00    0.000000000000000E+00    0.000000000000000E+00    1.172719000000000E-04    0.000000000000000E+00    3.709578000000000E-02    1.649461604376900E+42    4.873629123716000E+11    1.143437259684000E+11
                      542    0.000000000000000E+00    0.000000000000000E+00    1.091697052792181E+15    1.347557430658017E+09    8.112987786467456E-13    4.461128774397690E+02    2.166960394698804E+04    2.047476877283220E+04    2.382897280405100E-01    3.614440191984573E+00    0.000000000000000E+00    1.091728896912743E+15    3.133972000000000E-14    0.000000000000000E+00    8.364199000000000E-01    4.051600000000000E-02    1.876786000000000E-03    5.330378000000000E-02    1.764809000000000E-02    9.511724999999999E-05    7.480309000000000E-03    3.454212999999999E-03    1.187680000000000E-03    3.276414000000001E-04    2.776273000000000E-04    0.000000000000000E+00    0.000000000000000E+00    0.000000000000000E+00    0.000000000000000E+00    0.000000000000000E+00    1.172719000000000E-04    0.000000000000000E+00    3.709578000000000E-02    1.658626272459900E+42    4.892793791799000E+11    1.152601927767000E+11
                      543    0.000000000000000E+00    0.000000000000000E+00    1.091760741033305E+15    1.347569113313353E+09    8.148433125852308E-13    4.461128774397690E+02    2.166960394698804E+04    2.047476877283220E+04    2.380897280405100E-01    3.602106235217679E+00    0.000000000000000E+00    1.091793099275850E+15    3.133972000000000E-14    0.000000000000000E+00    8.364199000000000E-01    4.051600000000000E-02    1.876786000000000E-03    5.330378000000000E-02    1.764809000000000E-02    9.511724999999999E-05    7.480309000000000E-03    3.454212999999999E-03    1.187680000000000E-03    3.276414000000001E-04    2.776273000000000E-04    0.000000000000000E+00    0.000000000000000E+00    0.000000000000000E+00    0.000000000000000E+00    0.000000000000000E+00    1.172719000000000E-04    0.000000000000000E+00    3.709578000000000E-02    1.658626272459900E+42    4.903629123716000E+11    1.153437259684000E+11
                      544    0.000000000000000E+00    0.000000000000000E+00    1.091825457518395E+15    1.347585378302731E+09    8.167217204169231E-13    4.461128774397690E+02    2.166960394698804E+04    2.047476877283220E+04    2.379897280405100E-01    3.589548929748870E+00    0.000000000000000E+00    1.091858571931309E+15    3.133972000000000E-14    0.000000000000000E+00    8.364199000000000E-01    4.051600000000000E-02    1.876786000000000E-03    5.330378000000000E-02    1.764809000000000E-02    9.511724999999999E-05    7.480309000000000E-03    3.454212999999999E-03    1.187680000000000E-03    3.276414000000001E-04    2.776273000000000E-04    0.000000000000000E+00    0.000000000000000E+00    0.000000000000000E+00    0.000000000000000E+00    0.000000000000000E+00    1.172719000000000E-04    0.000000000000000E+00    3.709578000000000E-02    1.658626272459900E+42    4.914464455633000E+11    1.153437259684000E+11
                      545    0.000000000000000E+00    0.000000000000000E+00    1.091891686344223E+15    1.347601643292108E+09    8.186044584258765E-13    4.461128774397690E+02    2.166960394698804E+04    2.047476877283220E+04    2.378813747213400E-01    3.576674900762508E+00    0.000000000000000E+00    1.091925315092839E+15    3.133972000000000E-14    0.000000000000000E+00    8.364199000000000E-01    4.051600000000000E-02    1.876786000000000E-03    5.330378000000000E-02    1.764809000000000E-02    9.511724999999999E-05    7.480309000000000E-03    3.454212999999999E-03    1.187680000000000E-03    3.276414000000001E-04    2.776273000000000E-04    0.000000000000000E+00    0.000000000000000E+00    0.000000000000000E+00    0.000000000000000E+00    0.000000000000000E+00    1.172719000000000E-04    0.000000000000000E+00    3.709578000000000E-02    1.658626272459900E+42    4.924464455633000E+11    1.163437259684000E+11
                      546    0.000000000000000E+00    0.000000000000000E+00    1.091958943841455E+15    1.347618325947444E+09    8.204915365941773E-13    4.461128774397690E+02    2.166960394698804E+04    2.047476877283220E+04    2.376897280405100E-01    3.563580629069680E+00    0.000000000000000E+00    1.091993203283493E+15    3.133972000000000E-14    0.000000000000000E+00    8.364199000000000E-01    4.051600000000000E-02    1.876786000000000E-03    5.330378000000000E-02    1.764809000000000E-02    9.511724999999999E-05    7.480309000000000E-03    3.454212999999999E-03    1.187680000000000E-03    3.276414000000001E-04    2.776273000000000E-04    0.000000000000000E+00    0.000000000000000E+00    0.000000000000000E+00    0.000000000000000E+00    0.000000000000000E+00    1.172719000000000E-04    0.000000000000000E+00    3.709578000000000E-02    1.658626272459900E+42    4.944464455633000E+11    1.163437259684000E+11
                      547    0.000000000000000E+00    0.000000000000000E+00    1.092027462725530E+15    1.347635008602780E+09    8.223829649269292E-13    4.461128774397690E+02    2.166960394698804E+04    2.047476877283220E+04    2.375813747213400E-01    3.550216554510292E+00    0.000000000000000E+00    1.092062469249667E+15    3.133972000000000E-14    0.000000000000000E+00    8.364199000000000E-01    4.051600000000000E-02    1.876786000000000E-03    5.330378000000000E-02    1.764809000000000E-02    9.511724999999999E-05    7.480309000000000E-03    3.454212999999999E-03    1.187680000000000E-03    3.276414000000001E-04    2.776273000000000E-04    0.000000000000000E+00    0.000000000000000E+00    0.000000000000000E+00    0.000000000000000E+00    0.000000000000000E+00    1.172719000000000E-04    0.000000000000000E+00    3.709578000000000E-02    1.667707407351200E+42    4.955299787550000E+11    1.164272591601000E+11
                      548    0.000000000000000E+00    0.000000000000000E+00    1.092097475773803E+15    1.347651691258116E+09    8.244813233273479E-13    4.461128774397690E+02    2.171498060692303E+04    2.047476877283220E+04    2.373813747213400E-01    3.536539230131111E+00    0.000000000000000E+00    1.092133006430576E+15    3.133972000000000E-14    0.000000000000000E+00    8.364199000000000E-01    4.051600000000000E-02    1.876786000000000E-03    5.330378000000000E-02    1.764809000000000E-02    9.511724999999999E-05    7.480309000000000E-03    3.454212999999999E-03    1.187680000000000E-03    3.276414000000001E-04    2.776273000000000E-04    0.000000000000000E+00    0.000000000000000E+00    0.000000000000000E+00    0.000000000000000E+00    0.000000000000000E+00    1.172719000000000E-04    0.000000000000000E+00    3.709578000000000E-02    1.667707407351200E+42    4.966135119467000E+11    1.174272591601000E+11
                      549    0.000000000000000E+00    0.000000000000000E+00    1.092168537087350E+15    1.347668373913452E+09    8.280834513091677E-13    4.461128774397690E+02    2.171955754313966E+04    2.047476877283220E+04    2.372813747213400E-01    3.522600612345768E+00    0.000000000000000E+00    1.092204815086386E+15    3.133972000000000E-14    0.000000000000000E+00    8.364199000000000E-01    4.051600000000000E-02    1.876786000000000E-03    5.330378000000000E-02    1.764809000000000E-02    9.511724999999999E-05    7.480309000000000E-03    3.454212999999999E-03    1.187680000000000E-03    3.276414000000001E-04    2.776273000000000E-04    0.000000000000000E+00    0.000000000000000E+00    0.000000000000000E+00    0.000000000000000E+00    0.000000000000000E+00    1.172719000000000E-04    0.000000000000000E+00    3.709578000000000E-02    1.667707407351200E+42    4.985299787550000E+11    1.174272591601000E+11
                      550    0.000000000000000E+00    0.000000000000000E+00    1.092241093085421E+15    1.347689638902830E+09    8.299923808128049E-13    4.461128774397690E+02    2.171955754313966E+04    2.047476877283220E+04    2.371730214021700E-01    3.508343875567271E+00    0.000000000000000E+00    1.092277895452866E+15    3.133972000000000E-14    0.000000000000000E+00    8.364199000000000E-01    4.051600000000000E-02    1.876786000000000E-03    5.330378000000000E-02    1.764809000000000E-02    9.511724999999999E-05    7.480309000000000E-03    3.454212999999999E-03    1.187680000000000E-03    3.276414000000001E-04    2.776273000000000E-04    0.000000000000000E+00    0.000000000000000E+00    0.000000000000000E+00    0.000000000000000E+00    0.000000000000000E+00    1.172719000000000E-04    0.000000000000000E+00    3.709578000000000E-02    1.667707407351200E+42    4.996135119467000E+11    1.175107923518000E+11
                      551    0.000000000000000E+00    0.000000000000000E+00    1.092314697820310E+15    1.347711321558165E+09    8.321101550844491E-13    4.461128774397690E+02    2.171955754313966E+04    2.047476877283220E+04    2.369730214021700E-01    3.493855185260525E+00    0.000000000000000E+00    1.092352364100783E+15    3.133972000000000E-14    0.000000000000000E+00    8.364199000000000E-01    4.051600000000000E-02    1.876786000000000E-03    5.330378000000000E-02    1.764809000000000E-02    9.511724999999999E-05    7.480309000000000E-03    3.454212999999999E-03    1.187680000000000E-03    3.276414000000001E-04    2.776273000000000E-04    0.000000000000000E+00    0.000000000000000E+00    0.000000000000000E+00    0.000000000000000E+00    0.000000000000000E+00    1.172719000000000E-04    0.000000000000000E+00    3.709578000000000E-02    1.676872075434200E+42    5.016135119467000E+11    1.184272591601000E+11
                      552    0.000000000000000E+00    0.000000000000000E+00    1.092390030381255E+15    1.347733004213501E+09    8.357456131461184E-13    4.461128774397690E+02    2.171955754313966E+04    2.047476877283220E+04    2.368646680830000E-01    3.478970434584407E+00    0.000000000000000E+00    1.092428230755988E+15    3.133972000000000E-14    0.000000000000000E+00    8.364199000000000E-01    4.051600000000000E-02    1.876786000000000E-03    5.330378000000000E-02    1.764809000000000E-02    9.511724999999999E-05    7.480309000000000E-03    3.454212999999999E-03    1.187680000000000E-03    3.276414000000001E-04    2.776273000000000E-04    0.000000000000000E+00    0.000000000000000E+00    0.000000000000000E+00    0.000000000000000E+00    0.000000000000000E+00    1.172719000000000E-04    0.000000000000000E+00    3.709578000000000E-02    1.676872075434200E+42    5.026970451384000E+11    1.185107923518000E+11
                      553    0.000000000000000E+00    0.000000000000000E+00    1.092466431130721E+15    1.347759269202879E+09    8.376722057569809E-13    4.461128774397690E+02    2.171955754313966E+04    2.047476877283220E+04    2.366730214021700E-01    3.463849606527815E+00    0.000000000000000E+00    1.092505379414325E+15    3.133972000000000E-14    0.000000000000000E+00    8.364199000000000E-01    4.051600000000000E-02    1.876786000000000E-03    5.330378000000000E-02    1.764809000000000E-02    9.511724999999999E-05    7.480309000000000E-03    3.454212999999999E-03    1.187680000000000E-03    3.276414000000001E-04    2.776273000000000E-04    0.000000000000000E+00    0.000000000000000E+00    0.000000000000000E+00    0.000000000000000E+00    0.000000000000000E+00    1.172719000000000E-04    0.000000000000000E+00    3.709578000000000E-02    1.676872075434200E+42    5.046970451384000E+11    1.185943255435000E+11
                      554    0.000000000000000E+00    0.000000000000000E+00    1.092544327697929E+15    1.347785534192256E+09    8.398095755526984E-13    4.461128774397690E+02    2.171955754313966E+04    2.047476877283220E+04    2.364730214021700E-01    3.448408006459359E+00    0.000000000000000E+00    1.092584033516872E+15    3.133972000000000E-14    0.000000000000000E+00    8.364199000000000E-01    4.051600000000000E-02    1.876786000000000E-03    5.330378000000000E-02    1.764809000000000E-02    9.511724999999999E-05    7.480309000000000E-03    3.454212999999999E-03    1.187680000000000E-03    3.276414000000001E-04    2.776273000000000E-04    0.000000000000000E+00    0.000000000000000E+00    0.000000000000000E+00    0.000000000000000E+00    0.000000000000000E+00    1.172719000000000E-04    0.000000000000000E+00    3.709578000000000E-02    1.676872075434200E+42    5.057805783301000E+11    1.195107923518000E+11
                      555    0.000000000000000E+00    0.000000000000000E+00    1.092623739335815E+15    1.347811799181634E+09    8.434786720936489E-13    4.466255806786245E+02    2.171955754313966E+04    2.047912966010238E+04    2.363646680830000E-01    3.432604748604724E+00    0.000000000000000E+00    1.092664095988107E+15    3.133972000000000E-14    0.000000000000000E+00    8.364199000000000E-01    4.051600000000000E-02    1.876786000000000E-03    5.330378000000000E-02    1.764809000000000E-02    9.511724999999999E-05    7.480309000000000E-03    3.454212999999999E-03    1.187680000000000E-03    3.276414000000001E-04    2.776273000000000E-04    0.000000000000000E+00    0.000000000000000E+00    0.000000000000000E+00    0.000000000000000E+00    0.000000000000000E+00    1.172719000000000E-04    0.000000000000000E+00    3.709578000000000E-02    1.676872075434200E+42    5.077805783301000E+11    1.195943255435000E+11
                      556    0.000000000000000E+00    0.000000000000000E+00    1.092704452640399E+15    1.347838064171011E+09    8.456308574290043E-13    4.502407090720587E+02    2.176962629422321E+04    2.052196798944350E+04    2.361646680830000E-01    3.416513965710669E+00    0.000000000000000E+00    1.092745557676312E+15    3.133972000000000E-14    0.000000000000000E+00    8.364199000000000E-01    4.051600000000000E-02    1.876786000000000E-03    5.330378000000000E-02    1.764809000000000E-02    9.511724999999999E-05    7.480309000000000E-03    3.454212999999999E-03    1.187680000000000E-03    3.276414000000001E-04    2.776273000000000E-04    0.000000000000000E+00    0.000000000000000E+00    0.000000000000000E+00    0.000000000000000E+00    0.000000000000000E+00    1.172719000000000E-04    0.000000000000000E+00    3.709578000000000E-02    1.686036743517200E+42    5.089476447135000E+11    1.195943255435000E+11
                      557    0.000000000000000E+00    0.000000000000000E+00    1.092786662712225E+15    1.347868911494431E+09    8.493253869321619E-13    4.502407090720587E+02    2.176962629422321E+04    2.052196798944350E+04    2.360563147638300E-01    3.400061841695991E+00    0.000000000000000E+00    1.092828525769355E+15    3.133972000000000E-14    0.000000000000000E+00    8.364199000000000E-01    4.051600000000000E-02    1.876786000000000E-03    5.330378000000000E-02    1.764809000000000E-02    9.511724999999999E-05    7.480309000000000E-03    3.454212999999999E-03    1.187680000000000E-03    3.276414000000001E-04    2.776273000000000E-04    0.000000000000000E+00    0.000000000000000E+00    0.000000000000000E+00    0.000000000000000E+00    0.000000000000000E+00    1.172719000000000E-04    0.000000000000000E+00    3.709578000000000E-02    1.686120276708900E+42    5.109476447135000E+11    1.205943255435000E+11
                      558    0.000000000000000E+00    0.000000000000000E+00    1.092870388826485E+15    1.347900176483808E+09    8.514924905035680E-13    4.502407090720587E+02    2.176962629422321E+04    2.052196798944350E+04    2.358563147638300E-01    3.383278499558113E+00    0.000000000000000E+00    1.092912903187562E+15    3.133972000000000E-14    0.000000000000000E+00    8.364199000000000E-01    4.051600000000000E-02    1.876786000000000E-03    5.330378000000000E-02    1.764809000000000E-02    9.511724999999999E-05    7.480309000000000E-03    3.454212999999999E-03    1.187680000000000E-03    3.276414000000001E-04    2.776273000000000E-04    0.000000000000000E+00    0.000000000000000E+00    0.000000000000000E+00    0.000000000000000E+00    0.000000000000000E+00    1.172719000000000E-04    0.000000000000000E+00    3.709578000000000E-02    1.686120276708900E+42    5.129476447135000E+11    1.206778587352000E+11
                      559    0.000000000000000E+00    0.000000000000000E+00    1.092955417548639E+15    1.347931023807227E+09    8.552126292618062E-13    4.502407090720587E+02    2.176962629422321E+04    2.052196798944350E+04    2.356563147638300E-01    3.366172339589121E+00    0.000000000000000E+00    1.092998806635098E+15    3.133972000000000E-14    0.000000000000000E+00    8.364199000000000E-01    4.051600000000000E-02    1.876786000000000E-03    5.330378000000000E-02    1.764809000000000E-02    9.511724999999999E-05    7.480309000000000E-03    3.454212999999999E-03    1.187680000000000E-03    3.276414000000001E-04    2.776273000000000E-04    0.000000000000000E+00    0.000000000000000E+00    0.000000000000000E+00    0.000000000000000E+00    0.000000000000000E+00    1.172719000000000E-04    0.000000000000000E+00    3.709578000000000E-02    1.686120276708900E+42    5.140311779052000E+11    1.216778587352000E+11
                      560    0.000000000000000E+00    0.000000000000000E+00    1.093042195721556E+15    1.347966453464687E+09    8.573947544775369E-13    4.502407090720587E+02    2.176962629422321E+04    2.052196798944350E+04    2.354563147638300E-01    3.348686198665408E+00    0.000000000000000E+00    1.093086352833123E+15    3.133972000000000E-14    0.000000000000000E+00    8.364199000000000E-01    4.051600000000000E-02    1.876786000000000E-03    5.330378000000000E-02    1.764809000000000E-02    9.511724999999999E-05    7.480309000000000E-03    3.454212999999999E-03    1.187680000000000E-03    3.276414000000001E-04    2.776273000000000E-04    0.000000000000000E+00    0.000000000000000E+00    0.000000000000000E+00    0.000000000000000E+00    0.000000000000000E+00    1.172719000000000E-04    0.000000000000000E+00    3.709578000000000E-02    1.695284944791900E+42    5.161147110969000E+11    1.216778587352000E+11
                      561    0.000000000000000E+00    0.000000000000000E+00    1.093130509944690E+15    1.348002300788106E+09    8.611406800057301E-13    4.502407090720587E+02    2.176962629422321E+04    2.052196798944350E+04    2.353396081254900E-01    3.330821095722031E+00    0.000000000000000E+00    1.093175425794603E+15    3.133972000000000E-14    0.000000000000000E+00    8.364199000000000E-01    4.051600000000000E-02    1.876786000000000E-03    5.330378000000000E-02    1.764809000000000E-02    9.511724999999999E-05    7.480309000000000E-03    3.454212999999999E-03    1.187680000000000E-03    3.276414000000001E-04    2.776273000000000E-04    0.000000000000000E+00    0.000000000000000E+00    0.000000000000000E+00    0.000000000000000E+00    0.000000000000000E+00    1.172719000000000E-04    0.000000000000000E+00    3.709578000000000E-02    1.695368477983600E+42    5.181147110969000E+11    1.226778587352000E+11
                      562    0.000000000000000E+00    0.000000000000000E+00    1.093220341644515E+15    1.348038148111526E+09    8.633379309908494E-13    4.502407090720587E+02    2.181981046569832E+04    2.052196798944350E+04    2.351396081254900E-01    3.312618869978483E+00    0.000000000000000E+00    1.093266025892594E+15    3.133972000000000E-14    0.000000000000000E+00    8.364199000000000E-01    4.051600000000000E-02    1.876786000000000E-03    5.330378000000000E-02    1.764809000000000E-02    9.511724999999999E-05    7.480309000000000E-03    3.454212999999999E-03    1.187680000000000E-03    3.276414000000001E-04    2.776273000000000E-04    0.000000000000000E+00    0.000000000000000E+00    0.000000000000000E+00    0.000000000000000E+00    0.000000000000000E+00    1.172719000000000E-04    0.000000000000000E+00    3.709578000000000E-02    1.695368477983600E+42    5.201982442886000E+11    1.227613919269000E+11
                      563    0.000000000000000E+00    0.000000000000000E+00    1.093311710140672E+15    1.348078577768986E+09    8.671098220343457E-13    4.502407090720587E+02    2.181981046569832E+04    2.052196798944350E+04    2.349396081254900E-01    3.294039331923133E+00    0.000000000000000E+00    1.093358153504898E+15    3.133972000000000E-14    0.000000000000000E+00    8.364199000000000E-01    4.051600000000000E-02    1.876786000000000E-03    5.330378000000000E-02    1.764809000000000E-02    9.511724999999999E-05    7.480309000000000E-03    3.454212999999999E-03    1.187680000000000E-03    3.276414000000001E-04    2.776273000000000E-04    0.000000000000000E+00    0.000000000000000E+00    0.000000000000000E+00    0.000000000000000E+00    0.000000000000000E+00    1.172719000000000E-04    0.000000000000000E+00    3.709578000000000E-02    1.695452011175300E+42    5.221982442886000E+11    1.228449251186000E+11
                      564    0.000000000000000E+00    0.000000000000000E+00    1.093404596869125E+15    1.348118589760488E+09    8.693223036356798E-13    4.502407090720587E+02    2.181981046569832E+04    2.052196798944350E+04    2.347396081254900E-01    3.275119740204725E+00    0.000000000000000E+00    1.093451934911154E+15    3.133972000000000E-14    0.000000000000000E+00    8.364199000000000E-01    4.051600000000000E-02    1.876786000000000E-03    5.330378000000000E-02    1.764809000000000E-02    9.511724999999999E-05    7.480309000000000E-03    3.454212999999999E-03    1.187680000000000E-03    3.276414000000001E-04    2.776273000000000E-04    0.000000000000000E+00    0.000000000000000E+00    0.000000000000000E+00    0.000000000000000E+00    0.000000000000000E+00    1.172719000000000E-04    0.000000000000000E+00    3.709578000000000E-02    1.704616679258300E+42    5.242817774803000E+11    1.237613919269000E+11
                      565    0.000000000000000E+00    0.000000000000000E+00    1.093499272953182E+15    1.348158601751990E+09    8.733349130735931E-13    4.502407090720587E+02    2.181981046569832E+04    2.052196798944350E+04    2.345312548063200E-01    3.255763591046472E+00    0.000000000000000E+00    1.093547370524069E+15    3.133972000000000E-14    0.000000000000000E+00    8.364199000000000E-01    4.051600000000000E-02    1.876786000000000E-03    5.330378000000000E-02    1.764809000000000E-02    9.511724999999999E-05    7.480309000000000E-03    3.454212999999999E-03    1.187680000000000E-03    3.276414000000001E-04    2.776273000000000E-04    0.000000000000000E+00    0.000000000000000E+00    0.000000000000000E+00    0.000000000000000E+00    0.000000000000000E+00    1.172719000000000E-04    0.000000000000000E+00    3.709578000000000E-02    1.704700212450000E+42    5.262817774803000E+11    1.238449251186000E+11
                      566    0.000000000000000E+00    0.000000000000000E+00    1.093595468094956E+15    1.348203613743492E+09    8.773660438751423E-13    4.507581562955751E+02    2.181981046569832E+04    2.052633892959707E+04    2.343312548063200E-01    3.236023345682986E+00    0.000000000000000E+00    1.093644451310518E+15    3.133972000000000E-14    0.000000000000000E+00    8.364199000000000E-01    4.051600000000000E-02    1.876786000000000E-03    5.330378000000000E-02    1.764809000000000E-02    9.511724999999999E-05    7.480309000000000E-03    3.454212999999999E-03    1.187680000000000E-03    3.276414000000001E-04    2.776273000000000E-04    0.000000000000000E+00    0.000000000000000E+00    0.000000000000000E+00    0.000000000000000E+00    0.000000000000000E+00    1.172719000000000E-04    0.000000000000000E+00    3.709578000000000E-02    1.704783745641700E+42    5.274488438637000E+11    1.248449251186000E+11
                      567    0.000000000000000E+00    0.000000000000000E+00    1.093693434526081E+15    1.348248625734994E+09    8.793885814877386E-13    4.544067350601894E+02    2.182441912772115E+04    2.056927601148622E+04    2.342229014871500E-01    3.215883199809138E+00    0.000000000000000E+00    1.093743303623562E+15    3.133972000000000E-14    0.000000000000000E+00    8.364199000000000E-01    4.051600000000000E-02    1.876786000000000E-03    5.330378000000000E-02    1.764809000000000E-02    9.511724999999999E-05    7.480309000000000E-03    3.454212999999999E-03    1.187680000000000E-03    3.276414000000001E-04    2.776273000000000E-04    0.000000000000000E+00    0.000000000000000E+00    0.000000000000000E+00    0.000000000000000E+00    0.000000000000000E+00    1.172719000000000E-04    0.000000000000000E+00    3.709578000000000E-02    1.704783745641700E+42    5.304488438637000E+11    1.249284583103000E+11
                      568    0.000000000000000E+00    0.000000000000000E+00    1.093793172721044E+15    1.348297802394579E+09    8.834476547531011E-13    4.544067350601894E+02    2.187011032363641E+04    2.056927601148622E+04    2.340145481679800E-01    3.195303107165233E+00    0.000000000000000E+00    1.093843811481468E+15    3.133972000000000E-14    0.000000000000000E+00    8.364199000000000E-01    4.051600000000000E-02    1.876786000000000E-03    5.330378000000000E-02    1.764809000000000E-02    9.511724999999999E-05    7.480309000000000E-03    3.454212999999999E-03    1.187680000000000E-03    3.276414000000001E-04    2.776273000000000E-04    0.000000000000000E+00    0.000000000000000E+00    0.000000000000000E+00    0.000000000000000E+00    0.000000000000000E+00    1.172719000000000E-04    0.000000000000000E+00    3.709578000000000E-02    1.714031946916400E+42    5.325323770554000E+11    1.259284583103000E+11
                      569    0.000000000000000E+00    0.000000000000000E+00    1.093894450241893E+15    1.348346979054164E+09    8.875254638493826E-13    4.544067350601894E+02    2.187011032363641E+04    2.056927601148622E+04    2.338145481679800E-01    3.174326357052719E+00    0.000000000000000E+00    1.093946101300930E+15    3.133972000000000E-14    0.000000000000000E+00    8.364199000000000E-01    4.051600000000000E-02    1.876786000000000E-03    5.330378000000000E-02    1.764809000000000E-02    9.511724999999999E-05    7.480309000000000E-03    3.454212999999999E-03    1.187680000000000E-03    3.276414000000001E-04    2.776273000000000E-04    0.000000000000000E+00    0.000000000000000E+00    0.000000000000000E+00    0.000000000000000E+00    0.000000000000000E+00    1.172719000000000E-04    0.000000000000000E+00    3.709578000000000E-02    1.714115480108100E+42    5.346159102471000E+11    1.260119915020000E+11
                      570    0.000000000000000E+00    0.000000000000000E+00    1.093997752359967E+15    1.348396155713749E+09    8.916220952572464E-13    4.544067350601894E+02    2.187011032363641E+04    2.056927601148622E+04    2.336061948488100E-01    3.152851354862142E+00    0.000000000000000E+00    1.094050173557672E+15    3.133972000000000E-14    0.000000000000000E+00    8.364199000000000E-01    4.051600000000000E-02    1.876786000000000E-03    5.330378000000000E-02    1.764809000000000E-02    9.511724999999999E-05    7.480309000000000E-03    3.454212999999999E-03    1.187680000000000E-03    3.276414000000001E-04    2.776273000000000E-04    0.000000000000000E+00    0.000000000000000E+00    0.000000000000000E+00    0.000000000000000E+00    0.000000000000000E+00    1.172719000000000E-04    0.000000000000000E+00    3.709578000000000E-02    1.714199013299800E+42    5.366994434388000E+11    1.270119915020000E+11
                      571    0.000000000000000E+00    0.000000000000000E+00    1.094102594755377E+15    1.348449914707376E+09    8.938975735651607E-13    4.544067350601894E+02    2.187011032363641E+04    2.056927601148622E+04    2.333061948488100E-01    3.131028510448917E+00    0.000000000000000E+00    1.094155902806250E+15    3.133972000000000E-14    0.000000000000000E+00    8.364199000000000E-01    4.051600000000000E-02    1.876786000000000E-03    5.330378000000000E-02    1.764809000000000E-02    9.511724999999999E-05    7.480309000000000E-03    3.454212999999999E-03    1.187680000000000E-03    3.276414000000001E-04    2.776273000000000E-04    0.000000000000000E+00    0.000000000000000E+00    0.000000000000000E+00    0.000000000000000E+00    0.000000000000000E+00    1.172719000000000E-04    0.000000000000000E+00    3.709578000000000E-02    1.714282546491500E+42    5.387829766305000E+11    1.270955246937000E+11
                      572    0.000000000000000E+00    0.000000000000000E+00    1.094209210857123E+15    1.348503673701002E+09    8.980236172951033E-13    4.544067350601894E+02    2.187472960972244E+04    2.056927601148622E+04    2.331061948488100E-01    3.108753609569748E+00    0.000000000000000E+00    1.094263406019438E+15    3.133972000000000E-14    0.000000000000000E+00    8.364199000000000E-01    4.051600000000000E-02    1.876786000000000E-03    5.330378000000000E-02    1.764809000000000E-02    9.511724999999999E-05    7.480309000000000E-03    3.454212999999999E-03    1.187680000000000E-03    3.276414000000001E-04    2.776273000000000E-04    0.000000000000000E+00    0.000000000000000E+00    0.000000000000000E+00    0.000000000000000E+00    0.000000000000000E+00    1.172719000000000E-04    0.000000000000000E+00    3.709578000000000E-02    1.723614280957900E+42    5.408665098222000E+11    1.280955246937000E+11
                      573    0.000000000000000E+00    0.000000000000000E+00    1.094317601181753E+15    1.348561597362712E+09    9.021687059775829E-13    4.544067350601894E+02    2.192052613472230E+04    2.056927601148622E+04    2.328978415296400E-01    3.086024476072653E+00    0.000000000000000E+00    1.094372819202410E+15    3.133972000000000E-14    0.000000000000000E+00    8.364199000000000E-01    4.051600000000000E-02    1.876786000000000E-03    5.330378000000000E-02    1.764809000000000E-02    9.511724999999999E-05    7.480309000000000E-03    3.454212999999999E-03    1.187680000000000E-03    3.276414000000001E-04    2.776273000000000E-04    0.000000000000000E+00    0.000000000000000E+00    0.000000000000000E+00    0.000000000000000E+00    0.000000000000000E+00    1.172719000000000E-04    0.000000000000000E+00    3.709578000000000E-02    1.723697814149600E+42    5.429500430139000E+11    1.281790578854000E+11
                      574    0.000000000000000E+00    0.000000000000000E+00    1.094428037223066E+15    1.348619521024421E+09    9.063329275201062E-13    4.549289701639151E+02    2.192052613472230E+04    2.057365702769747E+04    2.326894882104700E-01    3.062780069394489E+00    0.000000000000000E+00    1.094484016898939E+15    3.133972000000000E-14    0.000000000000000E+00    8.364199000000000E-01    4.051600000000000E-02    1.876786000000000E-03    5.330378000000000E-02    1.764809000000000E-02    9.511724999999999E-05    7.480309000000000E-03    3.454212999999999E-03    1.187680000000000E-03    3.276414000000001E-04    2.776273000000000E-04    0.000000000000000E+00    0.000000000000000E+00    0.000000000000000E+00    0.000000000000000E+00    0.000000000000000E+00    1.172719000000000E-04    0.000000000000000E+00    3.709578000000000E-02    1.723864880533000E+42    5.459500430139000E+11    1.291790578854000E+11
                      575    0.000000000000000E+00    0.000000000000000E+00    1.094539996574812E+15    1.348677444686131E+09    9.105163702359441E-13    4.549289701639151E+02    2.192515606936250E+04    2.057365702769747E+04    2.324811348913000E-01    3.039128053954220E+00    0.000000000000000E+00    1.094597116218554E+15    3.133972000000000E-14    0.000000000000000E+00    8.364199000000000E-01    4.051600000000000E-02    1.876786000000000E-03    5.330378000000000E-02    1.764809000000000E-02    9.511724999999999E-05    7.480309000000000E-03    3.454212999999999E-03    1.187680000000000E-03    3.276414000000001E-04    2.776273000000000E-04    0.000000000000000E+00    0.000000000000000E+00    0.000000000000000E+00    0.000000000000000E+00    0.000000000000000E+00    1.172719000000000E-04    0.000000000000000E+00    3.709578000000000E-02    1.723948413724700E+42    5.480335762056000E+11    1.301790578854000E+11
                      576    0.000000000000000E+00    0.000000000000000E+00    1.094654235862296E+15    1.348739533015923E+09    9.147191228459983E-13    4.586113088121772E+02    2.192515606936250E+04    2.061669308978270E+04    2.322727815721300E-01    3.014905497950393E+00    0.000000000000000E+00    1.094712127196138E+15    3.133972000000000E-14    0.000000000000000E+00    8.364199000000000E-01    4.051600000000000E-02    1.876786000000000E-03    5.330378000000000E-02    1.764809000000000E-02    9.511724999999999E-05    7.480309000000000E-03    3.454212999999999E-03    1.187680000000000E-03    3.276414000000001E-04    2.776273000000000E-04    0.000000000000000E+00    0.000000000000000E+00    0.000000000000000E+00    0.000000000000000E+00    0.000000000000000E+00    1.172719000000000E-04    0.000000000000000E+00    3.709578000000000E-02    1.733280148191100E+42    5.502006425890000E+11    1.302625910771000E+11
                      577    0.000000000000000E+00    0.000000000000000E+00    1.094770018529980E+15    1.348801621345716E+09    9.189412744806926E-13    4.586113088121772E+02    2.197105816625567E+04    2.061669308978270E+04    2.319727815721300E-01    2.990273704698441E+00    0.000000000000000E+00    1.094829050470652E+15    3.133972000000000E-14    0.000000000000000E+00    8.364199000000000E-01    4.051600000000000E-02    1.876786000000000E-03    5.330378000000000E-02    1.764809000000000E-02    9.511724999999999E-05    7.480309000000000E-03    3.454212999999999E-03    1.187680000000000E-03    3.276414000000001E-04    2.776273000000000E-04    0.000000000000000E+00    0.000000000000000E+00    0.000000000000000E+00    0.000000000000000E+00    0.000000000000000E+00    1.172719000000000E-04    0.000000000000000E+00    3.709578000000000E-02    1.733447214574500E+42    5.532006425890000E+11    1.313461242688000E+11
                      578    0.000000000000000E+00    0.000000000000000E+00    1.094888082411323E+15    1.348863709675508E+09    9.231829146818563E-13    4.586113088121772E+02    2.197569877399750E+04    2.061669308978270E+04    2.317644282529600E-01    2.965064117716603E+00    0.000000000000000E+00    1.094947886613112E+15    3.133972000000000E-14    0.000000000000000E+00    8.364199000000000E-01    4.051600000000000E-02    1.876786000000000E-03    5.330378000000000E-02    1.764809000000000E-02    9.511724999999999E-05    7.480309000000000E-03    3.454212999999999E-03    1.187680000000000E-03    3.276414000000001E-04    2.776273000000000E-04    0.000000000000000E+00    0.000000000000000E+00    0.000000000000000E+00    0.000000000000000E+00    0.000000000000000E+00    1.172719000000000E-04    0.000000000000000E+00    3.709578000000000E-02    1.733614280957900E+42    5.553677089724000E+11    1.314296574605000E+11
                      579    0.000000000000000E+00    0.000000000000000E+00    1.095007690814900E+15    1.348929962673383E+09    9.274441334046265E-13    4.586113088121772E+02    2.197569877399750E+04    2.061669308978270E+04    2.315560749337900E-01    2.939429591503149E+00    0.000000000000000E+00    1.095068626793717E+15    3.133972000000000E-14    0.000000000000000E+00    8.364199000000000E-01    4.051600000000000E-02    1.876786000000000E-03    5.330378000000000E-02    1.764809000000000E-02    9.511724999999999E-05    7.480309000000000E-03    3.454212999999999E-03    1.187680000000000E-03    3.276414000000001E-04    2.776273000000000E-04    0.000000000000000E+00    0.000000000000000E+00    0.000000000000000E+00    0.000000000000000E+00    0.000000000000000E+00    1.172719000000000E-04    0.000000000000000E+00    3.709578000000000E-02    1.742946015424300E+42    5.583677089724000E+11    1.324296574605000E+11
                      580    0.000000000000000E+00    0.000000000000000E+00    1.095129562772534E+15    1.348995798005301E+09    9.319549400184640E-13    4.586113088121772E+02    2.197569877399750E+04    2.061669308978270E+04    2.312477216146200E-01    2.913220144690377E+00    0.000000000000000E+00    1.095191523791367E+15    3.133972000000000E-14    0.000000000000000E+00    8.364199000000000E-01    4.051600000000000E-02    1.876786000000000E-03    5.330378000000000E-02    1.764809000000000E-02    9.511724999999999E-05    7.480309000000000E-03    3.454212999999999E-03    1.187680000000000E-03    3.276414000000001E-04    2.776273000000000E-04    0.000000000000000E+00    0.000000000000000E+00    0.000000000000000E+00    0.000000000000000E+00    0.000000000000000E+00    1.172719000000000E-04    0.000000000000000E+00    3.709578000000000E-02    1.743196614999400E+42    5.614512421641000E+11    1.335131906522000E+11
                      581    0.000000000000000E+00    0.000000000000000E+00    1.095253484810199E+15    1.349060798005301E+09    9.362566485705028E-13    4.591383760978234E+02    2.202635799159979E+04    2.062108420527934E+04    2.310393682954500E-01    2.886470709813294E+00    0.000000000000000E+00    1.095316345105454E+15    3.133972000000000E-14    0.000000000000000E+00    8.364199000000000E-01    4.051600000000000E-02    1.876786000000000E-03    5.330378000000000E-02    1.764809000000000E-02    9.511724999999999E-05    7.480309000000000E-03    3.454212999999999E-03    1.187680000000000E-03    3.276414000000001E-04    2.776273000000000E-04    0.000000000000000E+00    0.000000000000000E+00    0.000000000000000E+00    0.000000000000000E+00    0.000000000000000E+00    1.172719000000000E-04    0.000000000000000E+00    3.709578000000000E-02    1.743363681382800E+42    5.636183085475000E+11    1.335967238439000E+11
                      582    0.000000000000000E+00    0.000000000000000E+00    1.095379205400709E+15    1.349129545007425E+09    9.405782129070571E-13    4.591383760978234E+02    2.202635799159979E+04    2.062108420527934E+04    2.308310149762800E-01    2.859232106507978E+00    0.000000000000000E+00    1.095443217530449E+15    3.133972000000000E-14    0.000000000000000E+00    8.364199000000000E-01    4.051600000000000E-02    1.876786000000000E-03    5.330378000000000E-02    1.764809000000000E-02    9.511724999999999E-05    7.480309000000000E-03    3.454212999999999E-03    1.187680000000000E-03    3.276414000000001E-04    2.776273000000000E-04    0.000000000000000E+00    0.000000000000000E+00    0.000000000000000E+00    0.000000000000000E+00    0.000000000000000E+00    1.172719000000000E-04    0.000000000000000E+00    3.709578000000000E-02    1.743614280957900E+42    5.666183085475000E+11    1.346802570356000E+11
                      583    0.000000000000000E+00    0.000000000000000E+00    1.095507229660189E+15    1.349195368347840E+09    9.446866071872663E-13    4.628547870060968E+02    2.203102001941373E+04    2.066421947573365E+04    2.305393682954500E-01    2.831407270464736E+00    0.000000000000000E+00    1.095572170231285E+15    3.133972000000000E-14    0.000000000000000E+00    8.364199000000000E-01    4.051600000000000E-02    1.876786000000000E-03    5.330378000000000E-02    1.764809000000000E-02    9.511724999999999E-05    7.480309000000000E-03    3.454212999999999E-03    1.187680000000000E-03    3.276414000000001E-04    2.776273000000000E-04    0.000000000000000E+00    0.000000000000000E+00    0.000000000000000E+00    0.000000000000000E+00    0.000000000000000E+00    1.172719000000000E-04    0.000000000000000E+00    3.709578000000000E-02    1.753113081807700E+42    5.695347753557999E+11    1.356802570356000E+11
                      584    0.000000000000000E+00    0.000000000000000E+00    1.095637110802382E+15    1.349253256035043E+09    9.485803100715360E-13    4.628547870060968E+02    2.208180676565742E+04    2.066421947573365E+04    2.303477216146200E-01    2.803081452122307E+00    0.000000000000000E+00    1.095703279934411E+15    3.133972000000000E-14    0.000000000000000E+00    8.364199000000000E-01    4.051600000000000E-02    1.876786000000000E-03    5.330378000000000E-02    1.764809000000000E-02    9.511724999999999E-05    7.480309000000000E-03    3.454212999999999E-03    1.187680000000000E-03    3.276414000000001E-04    2.776273000000000E-04    0.000000000000000E+00    0.000000000000000E+00    0.000000000000000E+00    0.000000000000000E+00    0.000000000000000E+00    1.172719000000000E-04    0.000000000000000E+00    3.709578000000000E-02    1.753614280957900E+42    5.712841757807000E+11    1.357637902273000E+11
                      585    0.000000000000000E+00    0.000000000000000E+00    1.095769449066440E+15    1.349287766420073E+09    9.513344157270392E-13    4.628547870060968E+02    2.208180676565742E+04    2.066421947573365E+04    2.301061948488100E-01    2.774153721917555E+00    0.000000000000000E+00    1.095836980167656E+15    3.133972000000000E-14    0.000000000000000E+00    8.364199000000000E-01    4.051600000000000E-02    1.876786000000000E-03    5.330378000000000E-02    1.764809000000000E-02    9.511724999999999E-05    7.480309000000000E-03    3.454212999999999E-03    1.187680000000000E-03    3.276414000000001E-04    2.776273000000000E-04    0.000000000000000E+00    0.000000000000000E+00    0.000000000000000E+00    0.000000000000000E+00    0.000000000000000E+00    1.172719000000000E-04    0.000000000000000E+00    3.709578000000000E-02    1.754533146066600E+42    5.734488438637000E+11    1.365967238439000E+11
                      586    0.000000000000000E+00    0.000000000000000E+00    1.095904511268872E+15    1.349273421879460E+09    9.520929614129913E-13    4.633867311852919E+02    2.213271058744245E+04    2.066862071379695E+04    2.300398479555300E-01    2.744588985380751E+00    0.000000000000000E+00    1.095973825498380E+15    3.133972000000000E-14    0.000000000000000E+00    8.364199000000000E-01    4.051600000000000E-02    1.876786000000000E-03    5.330378000000000E-02    1.764809000000000E-02    9.511724999999999E-05    7.480309000000000E-03    3.454212999999999E-03    1.187680000000000E-03    3.276414000000001E-04    2.776273000000000E-04    0.000000000000000E+00    0.000000000000000E+00    0.000000000000000E+00    0.000000000000000E+00    0.000000000000000E+00    1.172719000000000E-04    0.000000000000000E+00    3.709578000000000E-02    1.765452011175300E+42    5.732769808795000E+11    1.370955246937000E+11
                      587    0.000000000000000E+00    0.000000000000000E+00    1.096043139727888E+15    1.349148002176890E+09    9.465698188156435E-13    4.633867311852919E+02    2.213740493088937E+04    2.066862071379695E+04    2.302739807223300E-01    2.714353091599261E+00    0.000000000000000E+00    1.096115076538192E+15    3.133972000000000E-14    0.000000000000000E+00    8.364199000000000E-01    4.051600000000000E-02    1.876786000000000E-03    5.330378000000000E-02    1.764809000000000E-02    9.511724999999999E-05    7.480309000000000E-03    3.454212999999999E-03    1.187680000000000E-03    3.276414000000001E-04    2.776273000000000E-04    0.000000000000000E+00    0.000000000000000E+00    0.000000000000000E+00    0.000000000000000E+00    0.000000000000000E+00    1.172719000000000E-04    0.000000000000000E+00    3.709578000000000E-02    1.769461604376900E+42    5.705991221442999E+11    1.360931263933000E+11
                      588    0.000000000000000E+00    0.000000000000000E+00    1.096187013348498E+15    1.348754119195020E+09    9.325793673205423E-13    4.671375296203136E+02    2.218843691968191E+04    2.071185542131921E+04    2.309255396175900E-01    2.683387489560155E+00    0.000000000000000E+00    1.096263656313805E+15    3.133972000000000E-14    0.000000000000000E+00    8.364199000000000E-01    4.051600000000000E-02    1.876786000000000E-03    5.330378000000000E-02    1.764809000000000E-02    9.511724999999999E-05    7.480309000000000E-03    3.454212999999999E-03    1.187680000000000E-03    3.276414000000001E-04    2.776273000000000E-04    0.000000000000000E+00    0.000000000000000E+00    0.000000000000000E+00    0.000000000000000E+00    0.000000000000000E+00    1.172719000000000E-04    0.000000000000000E+00    3.709578000000000E-02    1.778483189080500E+42    5.622458029743000E+11    1.341718629842000E+11
                      589    0.000000000000000E+00    0.000000000000000E+00    1.096340299279113E+15    1.347767796056577E+09    9.087740399524260E-13    4.676743958183974E+02    2.219787981431484E+04    2.071626680528407E+04    2.323198244288600E-01    2.651503313335707E+00    0.000000000000000E+00    1.096425995398703E+15    3.133972000000000E-14    0.000000000000000E+00    8.364199000000000E-01    4.051600000000000E-02    1.876786000000000E-03    5.330378000000000E-02    1.764809000000000E-02    9.511724999999999E-05    7.480309000000000E-03    3.454212999999999E-03    1.187680000000000E-03    3.276414000000001E-04    2.776273000000000E-04    0.000000000000000E+00    0.000000000000000E+00    0.000000000000000E+00    0.000000000000000E+00    0.000000000000000E+00    1.172719000000000E-04    0.000000000000000E+00    3.709578000000000E-02    1.808364088705100E+42    5.475511561363000E+11    1.303317344664000E+11
                      590    0.000000000000000E+00    0.000000000000000E+00    1.096511691518293E+15    1.345554480292191E+09    8.728182525125260E-13    4.639235973833757E+02    2.220736629536902E+04    2.067303209776181E+04    2.347654283053500E-01    2.618588454770483E+00    0.000000000000000E+00    1.096615076521511E+15    3.133972000000000E-14    0.000000000000000E+00    8.364199000000000E-01    4.051600000000000E-02    1.876786000000000E-03    5.330378000000000E-02    1.764809000000000E-02    9.511724999999999E-05    7.480309000000000E-03    3.454212999999999E-03    1.187680000000000E-03    3.276414000000001E-04    2.776273000000000E-04    0.000000000000000E+00    0.000000000000000E+00    0.000000000000000E+00    0.000000000000000E+00    0.000000000000000E+00    1.172719000000000E-04    0.000000000000000E+00    3.709578000000000E-02    1.865727408399000E+42    5.261071088734000E+11    1.252744196501800E+11
                      591    0.000000000000000E+00    0.000000000000000E+00    1.096718461524730E+15    1.341013827993359E+09    8.274902656100398E-13    4.639235973833757E+02    2.222647082241286E+04    2.067303209776181E+04    2.387117516719600E-01    2.584290133093337E+00    0.000000000000000E+00    1.096855460410914E+15    3.133972000000000E-14    0.000000000000000E+00    8.364199000000000E-01    4.051600000000000E-02    1.876786000000000E-03    5.330378000000000E-02    1.764809000000000E-02    9.511724999999999E-05    7.480309000000000E-03    3.454212999999999E-03    1.187680000000000E-03    3.276414000000001E-04    2.776273000000000E-04    0.000000000000000E+00    0.000000000000000E+00    0.000000000000000E+00    0.000000000000000E+00    0.000000000000000E+00    1.172719000000000E-04    0.000000000000000E+00    3.709578000000000E-02    1.990979229941000E+42    4.977561880038000E+11    1.190023168359400E+11
                      592    0.000000000000000E+00    0.000000000000000E+00    1.096992459297098E+15    1.332398414840066E+09    7.559440081229188E-13    4.644654311432293E+02    2.230189318917770E+04    2.067745365101696E+04    2.446081949535900E-01    2.548426543811323E+00    0.000000000000000E+00    1.097192284309080E+15    3.133972000000000E-14    0.000000000000000E+00    8.364199000000000E-01    4.051600000000000E-02    1.876786000000000E-03    5.330378000000000E-02    1.764809000000000E-02    9.511724999999999E-05    7.480309000000000E-03    3.454212999999999E-03    1.187680000000000E-03    3.276414000000001E-04    2.776273000000000E-04    0.000000000000000E+00    0.000000000000000E+00    0.000000000000000E+00    0.000000000000000E+00    0.000000000000000E+00    1.172719000000000E-04    0.000000000000000E+00    3.709578000000000E-02    2.250695507116000E+42    4.557012714879800E+11    1.080834517272400E+11
                      593    0.000000000000000E+00    0.000000000000000E+00    1.097392109321062E+15    1.317232247346091E+09    6.489398755008514E-13    4.650122784291353E+02    2.240263132341181E+04    2.068188539700505E+04    2.542464048310700E-01    2.510202894087323E+00    0.000000000000000E+00    1.097704605388499E+15    3.133972000000000E-14    0.000000000000000E+00    8.364199000000000E-01    4.051600000000000E-02    1.876786000000000E-03    5.330378000000000E-02    1.764809000000000E-02    9.511724999999999E-05    7.480309000000000E-03    3.454212999999999E-03    1.187680000000000E-03    3.276414000000001E-04    2.776273000000000E-04    0.000000000000000E+00    0.000000000000000E+00    0.000000000000000E+00    0.000000000000000E+00    0.000000000000000E+00    1.172719000000000E-04    0.000000000000000E+00    3.709578000000000E-02    2.805164035972000E+42    3.904077468990601E+11    9.322545815313000E+10
                      594    0.000000000000000E+00    0.000000000000000E+00    1.098017101455935E+15    1.292816956127537E+09    4.990337060408586E-13    4.661211995666833E+02    2.253060337721542E+04    2.069077956122086E+04    2.691829358982700E-01    2.469000095631213E+00    0.000000000000000E+00    1.098513891464452E+15    3.133972000000000E-14    0.000000000000000E+00    8.364199000000000E-01    4.051600000000000E-02    1.876786000000000E-03    5.330378000000000E-02    1.764809000000000E-02    9.511724999999999E-05    7.480309000000000E-03    3.454212999999999E-03    1.187680000000000E-03    3.276414000000001E-04    2.776273000000000E-04    0.000000000000000E+00    0.000000000000000E+00    0.000000000000000E+00    0.000000000000000E+00    0.000000000000000E+00    1.172719000000000E-04    0.000000000000000E+00    3.709578000000000E-02    3.828897238149999E+42    3.008481559791300E+11    7.249492283693001E+10
                      595    0.000000000000000E+00    0.000000000000000E+00    1.099010681472969E+15    1.256712445708725E+09    3.402636661269733E-13    4.704341659242023E+02    2.267130088409527E+04    2.073847673412683E+04    2.901168288350300E-01    2.423738392464590E+00    0.000000000000000E+00    1.099791121663971E+15    3.133972000000000E-14    0.000000000000000E+00    8.364199000000000E-01    4.051600000000000E-02    1.876786000000000E-03    5.330378000000000E-02    1.764809000000000E-02    9.511724999999999E-05    7.480309000000000E-03    3.454212999999999E-03    1.187680000000000E-03    3.276414000000001E-04    2.776273000000000E-04    0.000000000000000E+00    0.000000000000000E+00    0.000000000000000E+00    0.000000000000000E+00    0.000000000000000E+00    1.172719000000000E-04    0.000000000000000E+00    3.709578000000000E-02    5.428529802977999E+42    2.047253359564400E+11    5.051379609207600E+10
                      596    0.000000000000000E+00    0.000000000000000E+00    1.100571561854973E+15    1.206337859952178E+09    2.075207482089990E-13    4.698719980017051E+02    2.281794090058326E+04    2.073401426874313E+04    3.173230236838400E-01    2.373380495784697E+00    0.000000000000000E+00    1.101759865339080E+15    3.133972000000000E-14    0.000000000000000E+00    8.364199000000000E-01    4.051600000000000E-02    1.876786000000000E-03    5.330378000000000E-02    1.764809000000000E-02    9.511724999999999E-05    7.480309000000000E-03    3.454212999999999E-03    1.187680000000000E-03    3.276414000000001E-04    2.776273000000000E-04    0.000000000000000E+00    0.000000000000000E+00    0.000000000000000E+00    0.000000000000000E+00    0.000000000000000E+00    1.172719000000000E-04    0.000000000000000E+00    3.709578000000000E-02    7.429785065631997E+42    1.254831711649700E+11    3.226977962340700E+10
                      597    0.000000000000000E+00    0.000000000000000E+00    1.102948168823188E+15    1.135862392951210E+09    1.185633208894110E-13    4.461128774397690E+02    2.270170150263060E+04    2.047476877283220E+04    3.494764604871899E-01    2.317057155290215E+00    0.000000000000000E+00    1.104716352210938E+15    3.133972000000000E-14    0.000000000000000E+00    8.364199000000000E-01    4.051600000000000E-02    1.876786000000000E-03    5.330378000000000E-02    1.764809000000000E-02    9.511724999999999E-05    7.480309000000000E-03    3.454212999999999E-03    1.187680000000000E-03    3.276414000000001E-04    2.776273000000000E-04    0.000000000000000E+00    0.000000000000000E+00    0.000000000000000E+00    0.000000000000000E+00    0.000000000000000E+00    1.172719000000000E-04    0.000000000000000E+00    3.709578000000000E-02    9.689697280061997E+42    7.137857187042700E+10    1.961477985157400E+10
                      598    0.000000000000000E+00    0.000000000000000E+00    1.106484535598689E+15    1.031435923210522E+09    6.650284756070727E-14    4.555488444964262E+02    2.317097232370558E+04    2.059055767069332E+04    3.742561563982501E-01    2.255887673959129E+00    0.000000000000000E+00    1.109118390202537E+15    3.133972000000000E-14    0.000000000000000E+00    8.364199000000000E-01    4.051600000000000E-02    1.876786000000000E-03    5.330378000000000E-02    1.764809000000000E-02    9.511724999999999E-05    7.480309000000000E-03    3.454212999999999E-03    1.187680000000000E-03    3.276414000000001E-04    2.776273000000000E-04    0.000000000000000E+00    0.000000000000000E+00    0.000000000000000E+00    0.000000000000000E+00    0.000000000000000E+00    1.172719000000000E-04    0.000000000000000E+00    3.709578000000000E-02    1.315895788016100E+43    4.002430788160600E+10    1.296944024446200E+10
                      599    0.000000000000000E+00    0.000000000000000E+00    1.111752244806386E+15    8.775688077540619E+08    3.813646826504549E-14    4.615471289283115E+02    2.388839079163841E+04    2.066399471999439E+04    3.907876510346100E-01    2.191182163324275E+00    0.000000000000000E+00    1.115704808725164E+15    3.133972000000000E-14    0.000000000000000E+00    8.364199000000000E-01    4.051600000000000E-02    1.876786000000000E-03    5.330378000000000E-02    1.764809000000000E-02    9.511724999999999E-05    7.480309000000000E-03    3.454212999999999E-03    1.187680000000000E-03    3.276414000000001E-04    2.776273000000000E-04    0.000000000000000E+00    0.000000000000000E+00    0.000000000000000E+00    0.000000000000000E+00    0.000000000000000E+00    1.172719000000000E-04    0.000000000000000E+00    3.709578000000000E-02    1.956878592591000E+43    2.293542331945900E+10    8.972761662348999E+09
                      600    0.000000000000000E+00    0.000000000000000E+00    1.119657372643942E+15    6.765562716992555E+08    2.294975939540293E-14    4.677242714286752E+02    2.448592725342129E+04    2.073791946465489E+04    4.050024390326300E-01    2.123623422263774E+00    0.000000000000000E+00    1.125421179306466E+15    3.133972000000000E-14    0.000000000000000E+00    8.364199000000000E-01    4.051600000000000E-02    1.876786000000000E-03    5.330378000000000E-02    1.764809000000000E-02    9.511724999999999E-05    7.480309000000000E-03    3.454212999999999E-03    1.187680000000000E-03    3.276414000000001E-04    2.776273000000000E-04    0.000000000000000E+00    0.000000000000000E+00    0.000000000000000E+00    0.000000000000000E+00    0.000000000000000E+00    1.172719000000000E-04    0.000000000000000E+00    3.709578000000000E-02    2.987522060476000E+43    1.383901262361300E+10    5.882573871540000E+09
                      601    0.000000000000000E+00    0.000000000000000E+00    1.131184985968990E+15    4.644059081429225E+08    1.495633252926839E-14    4.701902020124328E+02    2.447187658831981E+04    2.076869837861081E+04    4.215914475830200E-01    2.052976223499470E+00    0.000000000000000E+00    1.139028945652280E+15    3.133972000000000E-14    0.000000000000000E+00    8.364199000000000E-01    4.051600000000000E-02    1.876786000000000E-03    5.330378000000000E-02    1.764809000000000E-02    9.511724999999999E-05    7.480309000000000E-03    3.454212999999999E-03    1.187680000000000E-03    3.276414000000001E-04    2.776273000000000E-04    0.000000000000000E+00    0.000000000000000E+00    0.000000000000000E+00    0.000000000000000E+00    0.000000000000000E+00    1.172719000000000E-04    0.000000000000000E+00    3.709578000000000E-02    4.218952894270000E+43    8.999184577864000E+09    3.884652246442000E+09
                      602    0.000000000000000E+00    0.000000000000000E+00    1.146872905335569E+15    3.033707054451150E+08    1.070069428702080E-14    4.573762136547239E+02    2.374592383467629E+04    2.062572766461222E+04    4.385969229417100E-01    1.979806999864273E+00    0.000000000000000E+00    1.156486729436038E+15    3.133972000000000E-14    0.000000000000000E+00    8.364199000000000E-01    4.051600000000000E-02    1.876786000000000E-03    5.330378000000000E-02    1.764809000000000E-02    9.511724999999999E-05    7.480309000000000E-03    3.454212999999999E-03    1.187680000000000E-03    3.276414000000001E-04    2.776273000000000E-04    0.000000000000000E+00    0.000000000000000E+00    0.000000000000000E+00    0.000000000000000E+00    0.000000000000000E+00    1.172719000000000E-04    0.000000000000000E+00    3.709578000000000E-02    5.177114349408000E+43    6.451358884782000E+09    2.729880084980000E+09
                      603    0.000000000000000E+00    0.000000000000000E+00    1.166100553536508E+15    2.268854251279035E+08    8.616628847944036E-15    4.412628632896378E+02    2.294596744262221E+04    2.044080407219687E+04    4.478456038764900E-01    1.905648575250551E+00    0.000000000000000E+00    1.176673384065630E+15    3.133972000000000E-14    0.000000000000000E+00    8.364199000000000E-01    4.051600000000000E-02    1.876786000000000E-03    5.330378000000000E-02    1.764809000000000E-02    9.511724999999999E-05    7.480309000000000E-03    3.454212999999999E-03    1.187680000000000E-03    3.276414000000001E-04    2.776273000000000E-04    0.000000000000000E+00    0.000000000000000E+00    0.000000000000000E+00    0.000000000000000E+00    0.000000000000000E+00    1.172719000000000E-04    0.000000000000000E+00    3.709578000000000E-02    5.657877732313000E+43    5.188257387154000E+09    2.099164668083000E+09
                      604    0.000000000000000E+00    0.000000000000000E+00    1.187246214594751E+15    2.058768043788005E+08    7.725321369215888E-15    4.257206191125589E+02    2.259728951605653E+04    2.025754713437048E+04    4.502790171531700E-01    1.832085186764931E+00    0.000000000000000E+00    1.198208693984949E+15    3.133972000000000E-14    0.000000000000000E+00    8.364199000000000E-01    4.051600000000000E-02    1.876786000000000E-03    5.330378000000000E-02    1.764809000000000E-02    9.511724999999999E-05    7.480309000000000E-03    3.454212999999999E-03    1.187680000000000E-03    3.276414000000001E-04    2.776273000000000E-04    0.000000000000000E+00    0.000000000000000E+00    0.000000000000000E+00    0.000000000000000E+00    0.000000000000000E+00    1.172719000000000E-04    0.000000000000000E+00    3.709578000000000E-02    5.864536404644999E+43    4.649164668083000E+09    1.825871306423000E+09
                      605    0.000000000000000E+00    0.000000000000000E+00    1.209171173375147E+15    2.004610190495030E+08    7.336761210124433E-15    4.141185503463524E+02    2.239465129511240E+04    2.011809516078682E+04    4.504544368557400E-01    1.759616866189302E+00    0.000000000000000E+00    1.220417674940510E+15    3.133972000000000E-14    0.000000000000000E+00    8.364199000000000E-01    4.051600000000000E-02    1.876786000000000E-03    5.330378000000000E-02    1.764809000000000E-02    9.511724999999999E-05    7.480309000000000E-03    3.454212999999999E-03    1.187680000000000E-03    3.276414000000001E-04    2.776273000000000E-04    0.000000000000000E+00    0.000000000000000E+00    0.000000000000000E+00    0.000000000000000E+00    0.000000000000000E+00    1.172719000000000E-04    0.000000000000000E+00    3.709578000000000E-02    6.007877732313000E+43    4.415847323419000E+09    1.699212634091000E+09
                      606    0.000000000000000E+00    0.000000000000000E+00    1.231664176505874E+15    1.970610430325070E+08    7.040266035830242E-15    3.843238875250432E+02    2.204105833646739E+04    1.974685674120436E+04    4.471219828992200E-01    1.688801500845229E+00    0.000000000000000E+00    1.243212789651791E+15    3.133972000000000E-14    0.000000000000000E+00    8.364199000000000E-01    4.051600000000000E-02    1.876786000000000E-03    5.330378000000000E-02    1.764809000000000E-02    9.511724999999999E-05    7.480309000000000E-03    3.454212999999999E-03    1.187680000000000E-03    3.276414000000001E-04    2.776273000000000E-04    0.000000000000000E+00    0.000000000000000E+00    0.000000000000000E+00    0.000000000000000E+00    0.000000000000000E+00    1.172719000000000E-04    0.000000000000000E+00    3.709578000000000E-02    6.141219059981000E+43    4.235847323419000E+09    1.562553961759000E+09
                      607    0.000000000000000E+00    0.000000000000000E+00    1.254761402797709E+15    1.939747900346315E+08    6.753118713914319E-15    3.776806066942298E+02    2.198590284362642E+04    1.966015140585187E+04    4.478472826867700E-01    1.618937399715659E+00    0.000000000000000E+00    1.266622902648390E+15    3.133972000000000E-14    0.000000000000000E+00    8.364199000000000E-01    4.051600000000000E-02    1.876786000000000E-03    5.330378000000000E-02    1.764809000000000E-02    9.511724999999999E-05    7.480309000000000E-03    3.454212999999999E-03    1.187680000000000E-03    3.276414000000001E-04    2.776273000000000E-04    0.000000000000000E+00    0.000000000000000E+00    0.000000000000000E+00    0.000000000000000E+00    0.000000000000000E+00    1.172719000000000E-04    0.000000000000000E+00    3.709578000000000E-02    6.284560387649000E+43    4.065011991502000E+09    1.491718629842000E+09
                      608    0.000000000000000E+00    0.000000000000000E+00    1.278484402499071E+15    1.911189547027145E+08    6.465305788619167E-15    3.704225172686297E+02    2.183898469901692E+04    1.956581647040636E+04    4.475059957510000E-01    1.550289996182485E+00    0.000000000000000E+00    1.290667048314786E+15    3.133972000000000E-14    0.000000000000000E+00    8.364199000000000E-01    4.051600000000000E-02    1.876786000000000E-03    5.330378000000000E-02    1.764809000000000E-02    9.511724999999999E-05    7.480309000000000E-03    3.454212999999999E-03    1.187680000000000E-03    3.276414000000001E-04    2.776273000000000E-04    0.000000000000000E+00    0.000000000000000E+00    0.000000000000000E+00    0.000000000000000E+00    0.000000000000000E+00    1.172719000000000E-04    0.000000000000000E+00    3.709578000000000E-02    6.437066383400000E+43    3.895011991502000E+09    1.402553961759000E+09
                      609    0.000000000000000E+00    0.000000000000000E+00    1.302849694130502E+15    1.884685370367560E+08    6.201609042910785E-15    3.599760232636344E+02    2.173423229489370E+04    1.942715830801159E+04    4.467563554960600E-01    1.482773856229237E+00    0.000000000000000E+00    1.315338611610038E+15    3.133972000000000E-14    0.000000000000000E+00    8.364199000000000E-01    4.051600000000000E-02    1.876786000000000E-03    5.330378000000000E-02    1.764809000000000E-02    9.511724999999999E-05    7.480309000000000E-03    3.454212999999999E-03    1.187680000000000E-03    3.276414000000001E-04    2.776273000000000E-04    0.000000000000000E+00    0.000000000000000E+00    0.000000000000000E+00    0.000000000000000E+00    0.000000000000000E+00    1.172719000000000E-04    0.000000000000000E+00    3.709578000000000E-02    6.589572379151000E+43    3.735011991502000E+09    1.322553961759000E+09
                      610    0.000000000000000E+00    0.000000000000000E+00    1.327827529089575E+15    1.859593723686730E+08    5.949827632183519E-15    3.501656772559747E+02    2.162999155210245E+04    1.929342269090041E+04    4.455900086027800E-01    1.416543708714574E+00    0.000000000000000E+00    1.340620103088726E+15    3.133972000000000E-14    0.000000000000000E+00    8.364199000000000E-01    4.051600000000000E-02    1.876786000000000E-03    5.330378000000000E-02    1.764809000000000E-02    9.511724999999999E-05    7.480309000000000E-03    3.454212999999999E-03    1.187680000000000E-03    3.276414000000001E-04    2.776273000000000E-04    0.000000000000000E+00    0.000000000000000E+00    0.000000000000000E+00    0.000000000000000E+00    0.000000000000000E+00    1.172719000000000E-04    0.000000000000000E+00    3.709578000000000E-02    6.752078374902000E+43    3.584176659585000E+09    1.251718629842000E+09
                      611    0.000000000000000E+00    0.000000000000000E+00    1.353412677087876E+15    1.834277017048390E+08    5.709381591989368E-15    3.374998428162514E+02    2.148109173760216E+04    1.911653952846309E+04    4.440153083903300E-01    1.351673710869620E+00    0.000000000000000E+00    1.366465277864606E+15    3.133972000000000E-14    0.000000000000000E+00    8.364199000000000E-01    4.051600000000000E-02    1.876786000000000E-03    5.330378000000000E-02    1.764809000000000E-02    9.511724999999999E-05    7.480309000000000E-03    3.454212999999999E-03    1.187680000000000E-03    3.276414000000001E-04    2.776273000000000E-04    0.000000000000000E+00    0.000000000000000E+00    0.000000000000000E+00    0.000000000000000E+00    0.000000000000000E+00    1.172719000000000E-04    0.000000000000000E+00    3.709578000000000E-02    6.914584370653000E+43    3.435011991502000E+09    1.180883297925000E+09
                      612    0.000000000000000E+00    0.000000000000000E+00    1.379517878641336E+15    1.807922720473785E+08    5.501794746727293E-15    3.135260095198097E+02    2.118636010975909E+04    1.876762335972886E+04    4.376241413695800E-01    1.288809817910715E+00    0.000000000000000E+00    1.392866625763577E+15    3.133972000000000E-14    0.000000000000000E+00    8.364199000000000E-01    4.051600000000000E-02    1.876786000000000E-03    5.330378000000000E-02    1.764809000000000E-02    9.511724999999999E-05    7.480309000000000E-03    3.454212999999999E-03    1.187680000000000E-03    3.276414000000001E-04    2.776273000000000E-04    0.000000000000000E+00    0.000000000000000E+00    0.000000000000000E+00    0.000000000000000E+00    0.000000000000000E+00    1.172719000000000E-04    0.000000000000000E+00    3.709578000000000E-02    7.076255034486999E+43    3.314176659585000E+09    1.071718629842000E+09
                      613    0.000000000000000E+00    0.000000000000000E+00    1.406215372885818E+15    1.781772600558765E+08    5.290593381599714E-15    3.103510708516169E+02    2.108901762721450E+04    1.872064331819211E+04    4.369909679229400E-01    1.227076793123274E+00    0.000000000000000E+00    1.419895926138912E+15    3.133972000000000E-14    0.000000000000000E+00    8.364199000000000E-01    4.051600000000000E-02    1.876786000000000E-03    5.330378000000000E-02    1.764809000000000E-02    9.511724999999999E-05    7.480309000000000E-03    3.454212999999999E-03    1.187680000000000E-03    3.276414000000001E-04    2.776273000000000E-04    0.000000000000000E+00    0.000000000000000E+00    0.000000000000000E+00    0.000000000000000E+00    0.000000000000000E+00    1.172719000000000E-04    0.000000000000000E+00    3.709578000000000E-02    7.247090366404000E+43    3.183341327668000E+09    1.020883297925000E+09
                      614    0.000000000000000E+00    0.000000000000000E+00    1.433576479392007E+15    1.756839187282085E+08    5.074811045547528E-15    3.018931425671204E+02    2.098788035176589E+04    1.859177131606073E+04    4.353577944763000E-01    1.166617631012180E+00    0.000000000000000E+00    1.447595658658730E+15    3.133972000000000E-14    0.000000000000000E+00    8.364199000000000E-01    4.051600000000000E-02    1.876786000000000E-03    5.330378000000000E-02    1.764809000000000E-02    9.511724999999999E-05    7.480309000000000E-03    3.454212999999999E-03    1.187680000000000E-03    3.276414000000001E-04    2.776273000000000E-04    0.000000000000000E+00    0.000000000000000E+00    0.000000000000000E+00    0.000000000000000E+00    0.000000000000000E+00    1.172719000000000E-04    0.000000000000000E+00    3.709578000000000E-02    7.418761030238000E+43    3.053341327668000E+09    9.664632336661000E+08
                      615    0.000000000000000E+00    0.000000000000000E+00    1.461614837925452E+15    1.733459950664990E+08    4.868776921922324E-15    2.933839649235592E+02    2.084340079967710E+04    1.846003176585828E+04    4.328246210296600E-01    1.107523283988805E+00    0.000000000000000E+00    1.475980870711718E+15    3.133972000000000E-14    0.000000000000000E+00    8.364199000000000E-01    4.051600000000000E-02    1.876786000000000E-03    5.330378000000000E-02    1.764809000000000E-02    9.511724999999999E-05    7.480309000000000E-03    3.454212999999999E-03    1.187680000000000E-03    3.276414000000001E-04    2.776273000000000E-04    0.000000000000000E+00    0.000000000000000E+00    0.000000000000000E+00    0.000000000000000E+00    0.000000000000000E+00    1.172719000000000E-04    0.000000000000000E+00    3.709578000000000E-02    7.599596362155000E+43    2.933341327668000E+09    9.082961672827001E+08
                      616    0.000000000000000E+00    0.000000000000000E+00    1.490346903497985E+15    1.711401597345820E+08    4.661271336402072E-15    2.827719804592022E+02    2.074345023402675E+04    1.829078917734761E+04    4.298830942638500E-01    1.049940848432112E+00    0.000000000000000E+00    1.505061240791565E+15    3.133972000000000E-14    0.000000000000000E+00    8.364199000000000E-01    4.051600000000000E-02    1.876786000000000E-03    5.330378000000000E-02    1.764809000000000E-02    9.511724999999999E-05    7.480309000000000E-03    3.454212999999999E-03    1.187680000000000E-03    3.276414000000001E-04    2.776273000000000E-04    0.000000000000000E+00    0.000000000000000E+00    0.000000000000000E+00    0.000000000000000E+00    0.000000000000000E+00    1.172719000000000E-04    0.000000000000000E+00    3.709578000000000E-02    7.780431694072000E+43    2.812505995751000E+09    8.520431694072000E+08
                      617    0.000000000000000E+00    0.000000000000000E+00    1.519775578085144E+15    1.689093244026650E+08    4.472026663811277E-15    2.725438418342105E+02    2.060065332703294E+04    1.812309821421494E+04    4.263332141788700E-01    9.938241227324449E-01    0.000000000000000E+00    1.534791580204082E+15    3.133972000000000E-14    0.000000000000000E+00    8.364199000000000E-01    4.051600000000000E-02    1.876786000000000E-03    5.330378000000000E-02    1.764809000000000E-02    9.511724999999999E-05    7.480309000000000E-03    3.454212999999999E-03    1.187680000000000E-03    3.276414000000001E-04    2.776273000000000E-04    0.000000000000000E+00    0.000000000000000E+00    0.000000000000000E+00    0.000000000000000E+00    0.000000000000000E+00    1.172719000000000E-04    0.000000000000000E+00    3.709578000000000E-02    7.961267025989000E+43    2.693341327668000E+09    7.976231051482999E+08
                      618    0.000000000000000E+00    0.000000000000000E+00    1.549807582323020E+15    1.665705654090385E+08    4.309430454377583E-15    2.527044442583323E+02    2.027127165973544E+04    1.778510157213348E+04    4.170083940514000E-01    9.398466015605750E-01    0.000000000000000E+00    1.565157015270062E+15    3.133972000000000E-14    0.000000000000000E+00    8.364199000000000E-01    4.051600000000000E-02    1.876786000000000E-03    5.330378000000000E-02    1.764809000000000E-02    9.511724999999999E-05    7.480309000000000E-03    3.454212999999999E-03    1.187680000000000E-03    3.276414000000001E-04    2.776273000000000E-04    0.000000000000000E+00    0.000000000000000E+00    0.000000000000000E+00    0.000000000000000E+00    0.000000000000000E+00    1.172719000000000E-04    0.000000000000000E+00    3.709578000000000E-02    8.138761030238000E+43    2.592505995751000E+09    7.276183085475000E+08
                      619    0.000000000000000E+00    0.000000000000000E+00    1.580506448217104E+15    1.642476417473290E+08    4.134470299403844E-15    2.460497486444797E+02    2.017407317022384E+04    1.766624725468888E+04    4.149083940514000E-01    8.871771206946227E-01    0.000000000000000E+00    1.596227439676865E+15    3.133972000000000E-14    0.000000000000000E+00    8.364199000000000E-01    4.051600000000000E-02    1.876786000000000E-03    5.330378000000000E-02    1.764809000000000E-02    9.511724999999999E-05    7.480309000000000E-03    3.454212999999999E-03    1.187680000000000E-03    3.276414000000001E-04    2.776273000000000E-04    0.000000000000000E+00    0.000000000000000E+00    0.000000000000000E+00    0.000000000000000E+00    0.000000000000000E+00    1.172719000000000E-04    0.000000000000000E+00    3.709578000000000E-02    8.329596362155001E+43    2.492505995751000E+09    6.904488438636999E+08
                      620    0.000000000000000E+00    0.000000000000000E+00    1.611948431136627E+15    1.620609710834950E+08    3.966613416231926E-15    2.391183359995241E+02    2.007734921919143E+04    1.754108083046263E+04    4.112167473705700E-01    8.358834193980070E-01    0.000000000000000E+00    1.628051253836461E+15    3.133972000000000E-14    0.000000000000000E+00    8.364199000000000E-01    4.051600000000000E-02    1.876786000000000E-03    5.330378000000000E-02    1.764809000000000E-02    9.511724999999999E-05    7.480309000000000E-03    3.454212999999999E-03    1.187680000000000E-03    3.276414000000001E-04    2.776273000000000E-04    0.000000000000000E+00    0.000000000000000E+00    0.000000000000000E+00    0.000000000000000E+00    0.000000000000000E+00    1.172719000000000E-04    0.000000000000000E+00    3.709578000000000E-02    8.511267025989000E+43    2.392505995751000E+09    6.510287796048000E+08
                      621    0.000000000000000E+00    0.000000000000000E+00    1.644154076536294E+15    1.600313887494535E+08    3.805571416512477E-15    2.302534844119650E+02    1.989727450941476E+04    1.737675107017664E+04    4.067083940514000E-01    7.860298083951871E-01    0.000000000000000E+00    1.660643974682904E+15    3.133972000000000E-14    0.000000000000000E+00    8.364199000000000E-01    4.051600000000000E-02    1.876786000000000E-03    5.330378000000000E-02    1.764809000000000E-02    9.511724999999999E-05    7.480309000000000E-03    3.454212999999999E-03    1.187680000000000E-03    3.276414000000001E-04    2.776273000000000E-04    0.000000000000000E+00    0.000000000000000E+00    0.000000000000000E+00    0.000000000000000E+00    0.000000000000000E+00    1.172719000000000E-04    0.000000000000000E+00    3.709578000000000E-02    8.702102357906000E+43    2.292505995751000E+09    6.116087153459001E+08
                      622    0.000000000000000E+00    0.000000000000000E+00    1.677133872829513E+15    1.580076417473290E+08    3.651067620281049E-15    2.219249910668005E+02    1.975633460592897E+04    1.721744005878059E+04    4.016833340938900E-01    7.376558706105962E-01    0.000000000000000E+00    1.693968133938494E+15    3.133972000000000E-14    0.000000000000000E+00    8.364199000000000E-01    4.051600000000000E-02    1.876786000000000E-03    5.330378000000000E-02    1.764809000000000E-02    9.511724999999999E-05    7.480309000000000E-03    3.454212999999999E-03    1.187680000000000E-03    3.276414000000001E-04    2.776273000000000E-04    0.000000000000000E+00    0.000000000000000E+00    0.000000000000000E+00    0.000000000000000E+00    0.000000000000000E+00    1.172719000000000E-04    0.000000000000000E+00    3.709578000000000E-02    8.893749038736000E+43    2.192505995751000E+09    5.741886510870000E+08
                      623    0.000000000000000E+00    0.000000000000000E+00    1.710802395047474E+15    1.558722240813705E+08    3.510229781805666E-15    2.022101236455256E+02    1.943655705685473E+04    1.682213034532483E+04    3.894666274555501E-01    6.916213630304678E-01    0.000000000000000E+00    1.728007008508542E+15    3.133972000000000E-14    0.000000000000000E+00    8.364199000000000E-01    4.051600000000000E-02    1.876786000000000E-03    5.330378000000000E-02    1.764809000000000E-02    9.511724999999999E-05    7.480309000000000E-03    3.454212999999999E-03    1.187680000000000E-03    3.276414000000001E-04    2.776273000000000E-04    0.000000000000000E+00    0.000000000000000E+00    0.000000000000000E+00    0.000000000000000E+00    0.000000000000000E+00    1.172719000000000E-04    0.000000000000000E+00    3.709578000000000E-02    9.075419702569999E+43    2.111670663834000E+09    5.307661885276999E+08
                      624    0.000000000000000E+00    0.000000000000000E+00    1.745211621969610E+15    1.537476417473290E+08    3.368370665081231E-15    1.966993363957816E+02    1.934338540169569E+04    1.670632761457087E+04    3.860248608597000E-01    6.468734534854303E-01    0.000000000000000E+00    1.762824027532904E+15    3.133972000000000E-14    0.000000000000000E+00    8.364199000000000E-01    4.051600000000000E-02    1.876786000000000E-03    5.330378000000000E-02    1.764809000000000E-02    9.511724999999999E-05    7.480309000000000E-03    3.454212999999999E-03    1.187680000000000E-03    3.276414000000001E-04    2.776273000000000E-04    0.000000000000000E+00    0.000000000000000E+00    0.000000000000000E+00    0.000000000000000E+00    0.000000000000000E+00    1.172719000000000E-04    0.000000000000000E+00    3.709578000000000E-02    9.266255034486999E+43    2.031670663834000E+09    5.049308566107000E+08
                      625    0.000000000000000E+00    0.000000000000000E+00    1.780436433096197E+15    1.517543124111630E+08    3.230989499418257E-15    1.894100009644358E+02    1.921022647321520E+04    1.654983208061588E+04    3.811663876255100E-01    6.034873239945273E-01    0.000000000000000E+00    1.798463722004094E+15    3.133972000000000E-14    0.000000000000000E+00    8.364199000000000E-01    4.051600000000000E-02    1.876786000000000E-03    5.330378000000000E-02    1.764809000000000E-02    9.511724999999999E-05    7.480309000000000E-03    3.454212999999999E-03    1.187680000000000E-03    3.276414000000001E-04    2.776273000000000E-04    0.000000000000000E+00    0.000000000000000E+00    0.000000000000000E+00    0.000000000000000E+00    0.000000000000000E+00    1.172719000000000E-04    0.000000000000000E+00    3.709578000000000E-02    9.439572379151001E+43    1.941670663834000E+09    4.789284583103000E+08
                      626    0.000000000000000E+00    0.000000000000000E+00    1.816491010911991E+15    1.499164007409555E+08    3.099813366163219E-15    1.808851466393492E+02    1.903410605828633E+04    1.636038771934551E+04    3.750995610721500E-01    5.615604419144075E-01    0.000000000000000E+00    1.834938827236585E+15    3.133972000000000E-14    0.000000000000000E+00    8.364199000000000E-01    4.051600000000000E-02    1.876786000000000E-03    5.330378000000000E-02    1.764809000000000E-02    9.511724999999999E-05    7.480309000000000E-03    3.454212999999999E-03    1.187680000000000E-03    3.276414000000001E-04    2.776273000000000E-04    0.000000000000000E+00    0.000000000000000E+00    0.000000000000000E+00    0.000000000000000E+00    0.000000000000000E+00    1.172719000000000E-04    0.000000000000000E+00    3.709578000000000E-02    9.630407711067999E+43    1.861670663834000E+09    4.539260600099000E+08
                      627    0.000000000000000E+00    0.000000000000000E+00    1.853386643561178E+15    1.481089067367065E+08    2.973962901078530E-15    1.741831824978779E+02    1.885583697286367E+04    1.620713960427048E+04    3.683243811996200E-01    5.211411322257792E-01    0.000000000000000E+00    1.872231718120002E+15    3.133972000000000E-14    0.000000000000000E+00    8.364199000000000E-01    4.051600000000000E-02    1.876786000000000E-03    5.330378000000000E-02    1.764809000000000E-02    9.511724999999999E-05    7.480309000000000E-03    3.454212999999999E-03    1.187680000000000E-03    3.276414000000001E-04    2.776273000000000E-04    0.000000000000000E+00    0.000000000000000E+00    0.000000000000000E+00    0.000000000000000E+00    0.000000000000000E+00    1.172719000000000E-04    0.000000000000000E+00    3.709578000000000E-02    9.812889723815000E+43    1.791670663834000E+09    4.300907280929000E+08
                      628    0.000000000000000E+00    0.000000000000000E+00    1.891076792678825E+15    1.462368303984160E+08    2.853221885399694E-15    1.587131149803162E+02    1.855435298971926E+04    1.583504630083505E+04    3.550241413695800E-01    4.829581329843264E-01    0.000000000000000E+00    1.910342257001154E+15    3.133972000000000E-14    0.000000000000000E+00    8.364199000000000E-01    4.051600000000000E-02    1.876786000000000E-03    5.330378000000000E-02    1.764809000000000E-02    9.511724999999999E-05    7.480309000000000E-03    3.454212999999999E-03    1.187680000000000E-03    3.276414000000001E-04    2.776273000000000E-04    0.000000000000000E+00    0.000000000000000E+00    0.000000000000000E+00    0.000000000000000E+00    0.000000000000000E+00    1.172719000000000E-04    0.000000000000000E+00    3.709578000000000E-02    9.986207068478998E+43    1.720835331917000E+09    4.060047966008000E+08
                      629    0.000000000000000E+00    0.000000000000000E+00    1.929607721323483E+15    1.444251717260840E+08    2.737382878707545E-15    1.529723066477966E+02    1.842295649279474E+04    1.568986972372340E+04    3.501322548587100E-01    4.460242475277783E-01    0.000000000000000E+00    1.949322740700736E+15    3.133972000000000E-14    0.000000000000000E+00    8.364199000000000E-01    4.051600000000000E-02    1.876786000000000E-03    5.330378000000000E-02    1.764809000000000E-02    9.511724999999999E-05    7.480309000000000E-03    3.454212999999999E-03    1.187680000000000E-03    3.276414000000001E-04    2.776273000000000E-04    0.000000000000000E+00    0.000000000000000E+00    0.000000000000000E+00    0.000000000000000E+00    0.000000000000000E+00    1.172719000000000E-04    0.000000000000000E+00    3.709578000000000E-02    1.015871306423000E+44    1.650835331917000E+09    3.885871306423000E+08
                      630    0.000000000000000E+00    0.000000000000000E+00    1.969037760077988E+15    1.427747660516275E+08    2.626246862532927E-15    1.459562391881327E+02    1.825405381243063E+04    1.550716774819290E+04    3.431320150286700E-01    4.104881591988944E-01    0.000000000000000E+00    1.989214695009064E+15    3.133972000000000E-14    0.000000000000000E+00    8.364199000000000E-01    4.051600000000000E-02    1.876786000000000E-03    5.330378000000000E-02    1.764809000000000E-02    9.511724999999999E-05    7.480309000000000E-03    3.454212999999999E-03    1.187680000000000E-03    3.276414000000001E-04    2.776273000000000E-04    0.000000000000000E+00    0.000000000000000E+00    0.000000000000000E+00    0.000000000000000E+00    0.000000000000000E+00    1.172719000000000E-04    0.000000000000000E+00    3.709578000000000E-02    1.035035974506000E+44    1.580835331917000E+09    3.702529978755000E+08
                      631    0.000000000000000E+00    0.000000000000000E+00    2.009391629940141E+15    1.411801957090880E+08    2.519622898430824E-15    1.381092174530052E+02    1.808310566773326E+04    1.529440143028459E+04    3.353150685602900E-01    3.763911003992761E-01    0.000000000000000E+00    2.030003326268938E+15    3.133972000000000E-14    0.000000000000000E+00    8.364199000000000E-01    4.051600000000000E-02    1.876786000000000E-03    5.330378000000000E-02    1.764809000000000E-02    9.511724999999999E-05    7.480309000000000E-03    3.454212999999999E-03    1.187680000000000E-03    3.276414000000001E-04    2.776273000000000E-04    0.000000000000000E+00    0.000000000000000E+00    0.000000000000000E+00    0.000000000000000E+00    0.000000000000000E+00    1.172719000000000E-04    0.000000000000000E+00    3.709578000000000E-02    1.054200642589000E+44    1.520835331917000E+09    3.530023983004000E+08
                      632    0.000000000000000E+00    0.000000000000000E+00    2.050615022597736E+15    1.395556253665485E+08    2.417327799936536E-15    1.258449360850590E+02    1.774953153174269E+04    1.494327588831733E+04    3.209647088152300E-01    3.444036683950277E-01    0.000000000000000E+00    2.071683129265394E+15    3.133972000000000E-14    0.000000000000000E+00    8.364199000000000E-01    4.051600000000000E-02    1.876786000000000E-03    5.330378000000000E-02    1.764809000000000E-02    9.511724999999999E-05    7.480309000000000E-03    3.454212999999999E-03    1.187680000000000E-03    3.276414000000001E-04    2.776273000000000E-04    0.000000000000000E+00    0.000000000000000E+00    0.000000000000000E+00    0.000000000000000E+00    0.000000000000000E+00    1.172719000000000E-04    0.000000000000000E+00    3.709578000000000E-02    1.064200642589000E+44    1.451670663834000E+09    3.366682655336000E+08
                      633    0.000000000000000E+00    0.000000000000000E+00    2.092751235933053E+15    1.380068903559260E+08    2.319185817840138E-15    1.201809809495729E+02    1.758680284853209E+04    1.477222162370852E+04    3.149477623468500E-01    3.136234924822726E-01    0.000000000000000E+00    2.114306579349425E+15    3.133972000000000E-14    0.000000000000000E+00    8.364199000000000E-01    4.051600000000000E-02    1.876786000000000E-03    5.330378000000000E-02    1.764809000000000E-02    9.511724999999999E-05    7.480309000000000E-03    3.454212999999999E-03    1.187680000000000E-03    3.276414000000001E-04    2.776273000000000E-04    0.000000000000000E+00    0.000000000000000E+00    0.000000000000000E+00    0.000000000000000E+00    0.000000000000000E+00    1.172719000000000E-04    0.000000000000000E+00    3.709578000000000E-02    1.083365310672000E+44    1.400835331917000E+09    3.225847323419000E+08
                      634    0.000000000000000E+00    0.000000000000000E+00    2.135861922765798E+15    1.366331553453035E+08    2.224597241377982E-15    1.145701553130129E+02    1.742211801049308E+04    1.459731635068559E+04    3.070141092401300E-01    2.841774998611352E-01    0.000000000000000E+00    2.157916692750597E+15    3.133972000000000E-14    0.000000000000000E+00    8.364199000000000E-01    4.051600000000000E-02    1.876786000000000E-03    5.330378000000000E-02    1.764809000000000E-02    9.511724999999999E-05    7.480309000000000E-03    3.454212999999999E-03    1.187680000000000E-03    3.276414000000001E-04    2.776273000000000E-04    0.000000000000000E+00    0.000000000000000E+00    0.000000000000000E+00    0.000000000000000E+00    0.000000000000000E+00    1.172719000000000E-04    0.000000000000000E+00    3.709578000000000E-02    1.102529978755000E+44    1.340835331917000E+09    3.084176659585000E+08
                      635    0.000000000000000E+00    0.000000000000000E+00    2.179971462735396E+15    1.353502556665980E+08    2.129783933825028E-15    1.074166247490778E+02    1.722268867475133E+04    1.436392140338319E+04    2.980721028142400E-01    2.561731304837608E-01    0.000000000000000E+00    2.202507196424708E+15    3.133972000000000E-14    0.000000000000000E+00    8.364199000000000E-01    4.051600000000000E-02    1.876786000000000E-03    5.330378000000000E-02    1.764809000000000E-02    9.511724999999999E-05    7.480309000000000E-03    3.454212999999999E-03    1.187680000000000E-03    3.276414000000001E-04    2.776273000000000E-04    0.000000000000000E+00    0.000000000000000E+00    0.000000000000000E+00    0.000000000000000E+00    0.000000000000000E+00    1.172719000000000E-04    0.000000000000000E+00    3.709578000000000E-02    1.111694646838000E+44    1.280835331917000E+09    2.944176659585000E+08
                      636    0.000000000000000E+00    0.000000000000000E+00    2.225042930114019E+15    1.340786089857680E+08    2.047629578149652E-15    9.698266895269242E+01    1.686612007698562E+04    1.400189753180476E+04    2.830883297925000E-01    2.300453132969606E-01    0.000000000000000E+00    2.248079875584049E+15    3.133972000000000E-14    0.000000000000000E+00    8.364199000000000E-01    4.051600000000000E-02    1.876786000000000E-03    5.330378000000000E-02    1.764809000000000E-02    9.511724999999999E-05    7.480309000000000E-03    3.454212999999999E-03    1.187680000000000E-03    3.276414000000001E-04    2.776273000000000E-04    0.000000000000000E+00    0.000000000000000E+00    0.000000000000000E+00    0.000000000000000E+00    0.000000000000000E+00    1.172719000000000E-04    0.000000000000000E+00    3.709578000000000E-02    1.130859314921000E+44    1.230835331917000E+09    2.822505995751000E+08
                      637    0.000000000000000E+00    0.000000000000000E+00    2.271116821054080E+15    1.329115446389795E+08    1.960358709816033E-15    9.168956188991731E+01    1.670819768659119E+04    1.380705170310356E+04    2.759546766857800E-01    2.051188032789418E-01    0.000000000000000E+00    2.294683484804794E+15    3.133972000000000E-14    0.000000000000000E+00    8.364199000000000E-01    4.051600000000000E-02    1.876786000000000E-03    5.330378000000000E-02    1.764809000000000E-02    9.511724999999999E-05    7.480309000000000E-03    3.454212999999999E-03    1.187680000000000E-03    3.276414000000001E-04    2.776273000000000E-04    0.000000000000000E+00    0.000000000000000E+00    0.000000000000000E+00    0.000000000000000E+00    0.000000000000000E+00    1.172719000000000E-04    0.000000000000000E+00    3.709578000000000E-02    1.140023983004000E+44    1.180835331917000E+09    2.702505995751000E+08
                      638    0.000000000000000E+00    0.000000000000000E+00    2.318250148555508E+15    1.319386449602740E+08    1.880404987138746E-15    8.596464965966516E+01    1.647895262015573E+04    1.358629221367206E+04    2.668043169407200E-01    1.814706788905304E-01    0.000000000000000E+00    2.342349744514500E+15    3.133972000000000E-14    0.000000000000000E+00    8.364199000000000E-01    4.051600000000000E-02    1.876786000000000E-03    5.330378000000000E-02    1.764809000000000E-02    9.511724999999999E-05    7.480309000000000E-03    3.454212999999999E-03    1.187680000000000E-03    3.276414000000001E-04    2.776273000000000E-04    0.000000000000000E+00    0.000000000000000E+00    0.000000000000000E+00    0.000000000000000E+00    0.000000000000000E+00    1.172719000000000E-04    0.000000000000000E+00    3.709578000000000E-02    1.159188651087000E+44    1.130835331917000E+09    2.582505995751000E+08
                      639    0.000000000000000E+00    0.000000000000000E+00    2.366449340473492E+15    1.311253276156100E+08    1.804061732166627E-15    7.979005715621749E+01    1.625285291394827E+04    1.333568068215128E+04    2.568539571956600E-01    1.591349855835923E-01    0.000000000000000E+00    2.391087405338278E+15    3.133972000000000E-14    0.000000000000000E+00    8.364199000000000E-01    4.051600000000000E-02    1.876786000000000E-03    5.330378000000000E-02    1.764809000000000E-02    9.511724999999999E-05    7.480309000000000E-03    3.454212999999999E-03    1.187680000000000E-03    3.276414000000001E-04    2.776273000000000E-04    0.000000000000000E+00    0.000000000000000E+00    0.000000000000000E+00    0.000000000000000E+00    0.000000000000000E+00    1.172719000000000E-04    0.000000000000000E+00    3.709578000000000E-02    1.168353319170000E+44    1.090000000000000E+09    2.472505995751000E+08
                      640    0.000000000000000E+00    0.000000000000000E+00    2.415725470203066E+15    1.304890866092365E+08    1.727171831974861E-15    7.072626829442935E+01    1.591325342286427E+04    1.293986081839728E+04    2.416618308547500E-01    1.385663244185547E-01    0.000000000000000E+00    2.440927985010895E+15    3.133972000000000E-14    0.000000000000000E+00    8.364199000000000E-01    4.051600000000000E-02    1.876786000000000E-03    5.330378000000000E-02    1.764809000000000E-02    9.511724999999999E-05    7.480309000000000E-03    3.454212999999999E-03    1.187680000000000E-03    3.276414000000001E-04    2.776273000000000E-04    0.000000000000000E+00    0.000000000000000E+00    0.000000000000000E+00    0.000000000000000E+00    0.000000000000000E+00    1.172719000000000E-04    0.000000000000000E+00    3.709578000000000E-02    1.177517987253000E+44    1.040835331917000E+09    2.371670663834000E+08
                      641    0.000000000000000E+00    0.000000000000000E+00    2.466130499818724E+15    1.302299099496515E+08    1.657049746333211E-15    6.625456065090316E+01    1.569491540062169E+04    1.273046309513464E+04    2.382770985128500E-01    1.186638600450375E-01    0.000000000000000E+00    2.491930038663105E+15    3.133972000000000E-14    0.000000000000000E+00    8.364199000000000E-01    4.051600000000000E-02    1.876786000000000E-03    5.330378000000000E-02    1.764809000000000E-02    9.511724999999999E-05    7.480309000000000E-03    3.454212999999999E-03    1.187680000000000E-03    3.276414000000001E-04    2.776273000000000E-04    0.000000000000000E+00    0.000000000000000E+00    0.000000000000000E+00    0.000000000000000E+00    0.000000000000000E+00    1.172719000000000E-04    0.000000000000000E+00    3.709578000000000E-02    1.187517987253000E+44    9.980859314921000E+08    2.271670663834000E+08
                      642    0.000000000000000E+00    0.000000000000000E+00    2.517729577507486E+15    1.303736329687720E+08    1.586118193030775E-15    6.093318170308735E+01    1.544094710642290E+04    1.246691444432275E+04    2.351427259160100E-01    9.941894122657306E-02    0.000000000000000E+00    2.544117631365165E+15    3.133972000000000E-14    0.000000000000000E+00    8.364199000000000E-01    4.051600000000000E-02    1.876786000000000E-03    5.330378000000000E-02    1.764809000000000E-02    9.511724999999999E-05    7.480309000000000E-03    3.454212999999999E-03    1.187680000000000E-03    3.276414000000001E-04    2.776273000000000E-04    0.000000000000000E+00    0.000000000000000E+00    0.000000000000000E+00    0.000000000000000E+00    0.000000000000000E+00    1.172719000000000E-04    0.000000000000000E+00    3.709578000000000E-02    1.196682655336000E+44    9.556682655336001E+08    2.171670663834000E+08
                      643    0.000000000000000E+00    0.000000000000000E+00    2.570505685222844E+15    1.308519263304320E+08    1.521722796052640E-15    5.302674313625387E+01    1.505476342530459E+04    1.204131548858557E+04    2.306176659585000E-01    8.089762972750135E-02    0.000000000000000E+00    2.597510837797158E+15    3.133972000000000E-14    0.000000000000000E+00    8.364199000000000E-01    4.051600000000000E-02    1.876786000000000E-03    5.330378000000000E-02    1.764809000000000E-02    9.511724999999999E-05    7.480309000000000E-03    3.454212999999999E-03    1.187680000000000E-03    3.276414000000001E-04    2.776273000000000E-04    0.000000000000000E+00    0.000000000000000E+00    0.000000000000000E+00    0.000000000000000E+00    0.000000000000000E+00    1.172719000000000E-04    0.000000000000000E+00    3.709578000000000E-02    1.205847323419000E+44    9.156682655336000E+08    2.081670663834000E+08
                      644    0.000000000000000E+00    0.000000000000000E+00    2.624515990371471E+15    1.319272840388805E+08    1.456584038535800E-15    4.836096451600521E+01    1.481115989639987E+04    1.176722168471753E+04    2.272926060009900E-01    6.301617104689571E-02    0.000000000000000E+00    2.652219458560111E+15    3.133972000000000E-14    0.000000000000000E+00    8.364199000000000E-01    4.051600000000000E-02    1.876786000000000E-03    5.330378000000000E-02    1.764809000000000E-02    9.511724999999999E-05    7.480309000000000E-03    3.454212999999999E-03    1.187680000000000E-03    3.276414000000001E-04    2.776273000000000E-04    0.000000000000000E+00    0.000000000000000E+00    0.000000000000000E+00    0.000000000000000E+00    0.000000000000000E+00    1.172719000000000E-04    0.000000000000000E+00    3.709578000000000E-02    1.214176659585000E+44    8.766682655336001E+08    1.991670663834000E+08
                      645    0.000000000000000E+00    0.000000000000000E+00    2.679922926748752E+15    1.339547180856195E+08    1.391026957718852E-15    4.247555375499933E+01    1.444072742156520E+04    1.139171393227341E+04    2.226508394051400E-01    4.585575522988052E-02    0.000000000000000E+00    2.708434908897538E+15    3.133972000000000E-14    0.000000000000000E+00    8.364199000000000E-01    4.051600000000000E-02    1.876786000000000E-03    5.330378000000000E-02    1.764809000000000E-02    9.511724999999999E-05    7.480309000000000E-03    3.454212999999999E-03    1.187680000000000E-03    3.276414000000001E-04    2.776273000000000E-04    0.000000000000000E+00    0.000000000000000E+00    0.000000000000000E+00    0.000000000000000E+00    0.000000000000000E+00    1.172719000000000E-04    0.000000000000000E+00    3.709578000000000E-02    1.223341327668000E+44    8.376682655336001E+08    1.901670663834000E+08
                      646    0.000000000000000E+00    0.000000000000000E+00    2.736946891046324E+15    1.379604215110145E+08    1.322831062230468E-15    3.662571571529968E+01    1.404170602451980E+04    1.097752372283871E+04    2.165090728092900E-01    2.952365914335853E-02    0.000000000000000E+00    2.766541766049644E+15    3.133972000000000E-14    0.000000000000000E+00    8.364199000000000E-01    4.051600000000000E-02    1.876786000000000E-03    5.330378000000000E-02    1.764809000000000E-02    9.511724999999999E-05    7.480309000000000E-03    3.454212999999999E-03    1.187680000000000E-03    3.276414000000001E-04    2.776273000000000E-04    0.000000000000000E+00    0.000000000000000E+00    0.000000000000000E+00    0.000000000000000E+00    0.000000000000000E+00    1.172719000000000E-04    0.000000000000000E+00    3.709578000000000E-02    1.223341327668000E+44    7.968353319170001E+08    1.811670663834000E+08
                      647    0.000000000000000E+00    0.000000000000000E+00    2.796136641052965E+15    1.477126277192155E+08    1.249076594343834E-15    3.016033377042476E+01    1.350267692263210E+04    1.045730744464824E+04    2.083505995751000E-01    1.411976631217453E-02    0.000000000000000E+00    2.827868855838464E+15    3.133972000000000E-14    0.000000000000000E+00    8.364199000000000E-01    4.051600000000000E-02    1.876786000000000E-03    5.330378000000000E-02    1.764809000000000E-02    9.511724999999999E-05    7.480309000000000E-03    3.454212999999999E-03    1.187680000000000E-03    3.276414000000001E-04    2.776273000000000E-04    0.000000000000000E+00    0.000000000000000E+00    0.000000000000000E+00    0.000000000000000E+00    0.000000000000000E+00    1.172719000000000E-04    0.000000000000000E+00    3.709578000000000E-02    1.232505995751000E+44    7.520023983004000E+08    1.702505995751000E+08
                      648    0.000000000000000E+00    0.000000000000000E+00    2.859601070623962E+15    1.547411828573080E+08    1.137667071044542E-15    2.286067748857941E+01    1.274487400974080E+04    9.757432297369003E+03    1.955670663834000E-01    0.000000000000000E+00    0.000000000000000E+00    2.859601070623962E+15    3.133972000000000E-14    0.000000000000000E+00    8.364199000000000E-01    4.051600000000000E-02    1.876786000000000E-03    5.330378000000000E-02    1.764809000000000E-02    9.511724999999999E-05    7.480309000000000E-03    3.454212999999999E-03    1.187680000000000E-03    3.276414000000001E-04    2.776273000000000E-04    0.000000000000000E+00    0.000000000000000E+00    0.000000000000000E+00    0.000000000000000E+00    0.000000000000000E+00    1.172719000000000E-04    0.000000000000000E+00    3.709578000000000E-02    1.231670663834000E+44    6.855871306423000E+08    1.543341327668000E+08
