  days post max Lbol                      0.2
               zones                      400
 inner boundary mass    3.136481938661432E+33    1.577382000000000E+00
          total mass    3.919670853302368E+34    1.971259000000000E+01

                                  mass of cell (g)        cell center m (g)       cell center R (cm)     cell center v (cm/s)              avg density       radiation pressure          avg temperature    radiation temperature              avg opacity                      tau         outer edge m (g)        outer edge r (cm)                       h1                      he3                      he4                      c12                      n14                      o16                     ne20                     na23                     mg24                     si28                      s32                     ar36                     ca40                     ti44                     cr48                     cr60                     fe52                     fe54                     fe56                     co56                     ni56               luminosity                    n_bar                      n_e

                        1    1.865506654272178E+29    3.136481938661432E+33    6.551069657690058E+13    1.931865647125400E+07    1.584094530709994E-13    1.017841617314325E+04    4.481245907843953E+04    4.481245907843953E+04    2.197865647125400E-01    7.284890940935572E+03    3.137672996173980E+33    7.047602988392072E+13    7.561381000000000E-02    0.000000000000000E+00    4.957808000000000E-01    7.485408000000000E-02    3.088363000000000E-03    2.004630000000000E-01    8.457200000000000E-03    1.565210000000000E-04    4.909980999999999E-03    7.633629000000000E-02    4.083688000000000E-02    8.189178000000000E-03    3.016506000000000E-03    0.000000000000000E+00    0.000000000000000E+00    0.000000000000000E+00    0.000000000000000E+00    0.000000000000000E+00    3.421583000000000E-04    0.000000000000000E+00    7.682065000000000E-03   -9.121399461863507E+38    9.545320400257001E+10    4.066889219292500E+10
                        2    2.381916184109195E+30    3.138864053686529E+33    7.544136319094088E+13    2.183437784385850E+07    3.780322419412593E-12    1.018639918235729E+04    4.482021932338800E+04    4.482021932338800E+04    1.836639313697750E-01    7.278001400778076E+03    3.139885102155132E+33    7.736203720641441E+13    7.561381000000000E-02    0.000000000000000E+00    4.957808000000000E-01    7.485408000000000E-02    3.088363000000000E-03    2.004630000000000E-01    8.457200000000000E-03    1.565210000000000E-04    4.909980999999999E-03    7.633629000000000E-02    4.083688000000000E-02    8.189178000000000E-03    3.016506000000000E-03    0.000000000000000E+00    0.000000000000000E+00    0.000000000000000E+00    0.000000000000000E+00    0.000000000000000E+00    3.421583000000000E-04    0.000000000000000E+00    7.682065000000000E-03   -4.400568441414501E+39    2.278854904180000E+12    9.594797460578501E+11
                        3    2.042512514869874E+30    3.140906150623735E+33    7.928271122188792E+13    2.303437784385850E+07    7.004246890275906E-12    1.018639918235729E+04    4.482021932338800E+04    4.482021932338800E+04    1.781639313697750E-01    7.273211030180854E+03    3.142321898451672E+33    8.105625551082723E+13    7.561381000000000E-02    0.000000000000000E+00    4.957808000000000E-01    7.485408000000000E-02    3.088363000000000E-03    2.004630000000000E-01    8.457200000000000E-03    1.565210000000000E-04    4.909980999999999E-03    7.633629000000000E-02    4.083688000000000E-02    8.189178000000000E-03    3.016506000000000E-03    0.000000000000000E+00    0.000000000000000E+00    0.000000000000000E+00    0.000000000000000E+00    0.000000000000000E+00    3.421583000000000E-04    0.000000000000000E+00    7.682065000000000E-03   -5.664373737363001E+39    4.211938827524000E+12    1.772362550739500E+12
                        4    2.832426231693510E+30    3.143737646279609E+33    8.282979979976652E+13    2.388473853016075E+07    9.554209390409319E-12    1.018639918235729E+04    4.482021932338800E+04    4.482021932338800E+04    1.755360686302250E-01    7.267265599534975E+03    3.144775596232114E+33    8.381742871178289E+13    7.561381000000000E-02    0.000000000000000E+00    4.957808000000000E-01    7.485408000000000E-02    3.088363000000000E-03    2.004630000000000E-01    8.457200000000000E-03    1.565210000000000E-04    4.909980999999999E-03    7.633629000000000E-02    4.083688000000000E-02    8.189178000000000E-03    3.016506000000000E-03    0.000000000000000E+00    0.000000000000000E+00    0.000000000000000E+00    0.000000000000000E+00    0.000000000000000E+00    3.421583000000000E-04    0.000000000000000E+00    7.682065000000000E-03   -6.636014915498003E+39    5.749251770032000E+12    2.410297649389000E+12
                        5    2.075750774268462E+30    3.145813546184618E+33    8.480505762379928E+13    2.446509921646300E+07    1.175424544282301E-11    1.018639918235729E+04    4.482021932338800E+04    4.482021932338800E+04    1.752865647125400E-01    7.263198001043087E+03    3.147082151682124E+33    8.579031210584038E+13    7.561381000000000E-02    0.000000000000000E+00    4.957808000000000E-01    7.485408000000000E-02    3.088363000000000E-03    2.004630000000000E-01    8.457200000000000E-03    1.565210000000000E-04    4.909980999999999E-03    7.633629000000000E-02    4.083688000000000E-02    8.189178000000000E-03    3.016506000000000E-03    0.000000000000000E+00    0.000000000000000E+00    0.000000000000000E+00    0.000000000000000E+00    0.000000000000000E+00    3.421583000000000E-04    0.000000000000000E+00    7.682065000000000E-03   -7.108278249774503E+39    7.084400594726501E+12    2.976068630225000E+12
                        6    2.536204859616139E+30    3.148350757179629E+33    8.677556658788148E+13    2.498509921646300E+07    1.377563645828637E-11    1.018639918235729E+04    4.482021932338800E+04    4.482021932338800E+04    1.755793509864950E-01    7.258434279761808E+03    3.149680009178191E+33    8.762644721204169E+13    7.561381000000000E-02    0.000000000000000E+00    4.957808000000000E-01    7.485408000000000E-02    3.088363000000000E-03    2.004630000000000E-01    8.457200000000000E-03    1.565210000000000E-04    4.909980999999999E-03    7.633629000000000E-02    4.083688000000000E-02    8.189178000000000E-03    3.016506000000000E-03    0.000000000000000E+00    0.000000000000000E+00    0.000000000000000E+00    0.000000000000000E+00    0.000000000000000E+00    3.421583000000000E-04    0.000000000000000E+00    7.682065000000000E-03   -7.492705701864502E+39    8.296663929003001E+12    3.472560983665500E+12
                        7    2.658863899309889E+30    3.151009261176752E+33    8.847732783620188E+13    2.539009921646300E+07    1.603351588750148E-11    1.018639918235729E+04    4.482021932338800E+04    4.482021932338800E+04    1.758721372604500E-01    7.253637840662137E+03    3.152158562082015E+33    8.910744072540955E+13    7.561381000000000E-02    0.000000000000000E+00    4.957808000000000E-01    7.485408000000000E-02    3.088363000000000E-03    2.004630000000000E-01    8.457200000000000E-03    1.565210000000000E-04    4.909980999999999E-03    7.633629000000000E-02    4.083688000000000E-02    8.189178000000000E-03    3.016506000000000E-03    0.000000000000000E+00    0.000000000000000E+00    0.000000000000000E+00    0.000000000000000E+00    0.000000000000000E+00    3.421583000000000E-04    0.000000000000000E+00    7.682065000000000E-03   -7.718476682700503E+39    9.652534126302000E+12    4.047610591897000E+12
                        8    2.299588061822812E+30    3.153307862987279E+33    8.973755361461720E+13    2.569009921646300E+07    1.832086753648618E-11    1.019445605744613E+04    4.482799745754863E+04    4.482799745754863E+04    1.760721372604500E-01    7.249574410624872E+03    3.154396517391486E+33    9.025369362436788E+13    7.561381000000000E-02    0.000000000000000E+00    4.957808000000000E-01    7.485408000000000E-02    3.088363000000000E-03    2.004630000000000E-01    8.457200000000000E-03    1.565210000000000E-04    4.909980999999999E-03    7.633629000000000E-02    4.083688000000000E-02    8.189178000000000E-03    3.016506000000000E-03    0.000000000000000E+00    0.000000000000000E+00    0.000000000000000E+00    0.000000000000000E+00    0.000000000000000E+00    3.421583000000000E-04    0.000000000000000E+00    7.682065000000000E-03   -7.807133153954502E+39    1.102263334276500E+13    4.614102945337501E+12
                        9    2.177074176049623E+30    3.155485171795694E+33    9.076983363411856E+13    2.591509921646300E+07    2.050907317832616E-11    1.028065277352323E+04    4.492354059963204E+04    4.492354059963204E+04    1.762721372604500E-01    7.245844106438956E+03    3.156400834541150E+33    9.115619389895586E+13    7.561381000000000E-02    0.000000000000000E+00    4.957808000000000E-01    7.485408000000000E-02    3.088363000000000E-03    2.004630000000000E-01    8.457200000000000E-03    1.565210000000000E-04    4.909980999999999E-03    7.633629000000000E-02    4.083688000000000E-02    8.189178000000000E-03    3.016506000000000E-03    0.000000000000000E+00    0.000000000000000E+00    0.000000000000000E+00    0.000000000000000E+00    0.000000000000000E+00    3.421583000000000E-04    0.000000000000000E+00    7.682065000000000E-03   -7.797854526559003E+39    1.233706079485500E+13    5.169873926173501E+12
                       10    1.830131848467525E+30    3.157316497286606E+33    9.154255416379312E+13    2.609045990276525E+07    2.258725617579796E-11    1.028065277352323E+04    4.492354059963204E+04    4.492354059963204E+04    1.763721372604500E-01    7.242766986761237E+03    3.158246078901158E+33    9.189935189658264E+13    7.561381000000000E-02    0.000000000000000E+00    4.957808000000000E-01    7.485408000000000E-02    3.088363000000000E-03    2.004630000000000E-01    8.457200000000000E-03    1.565210000000000E-04    4.909980999999999E-03    7.633629000000000E-02    4.083688000000000E-02    8.189178000000000E-03    3.016506000000000E-03    0.000000000000000E+00    0.000000000000000E+00    0.000000000000000E+00    0.000000000000000E+00    0.000000000000000E+00    3.421583000000000E-04    0.000000000000000E+00    7.682065000000000E-03   -7.751461389581502E+39    1.364427452090000E+13    5.685644907009500E+12
                       11    1.859294861836117E+30    3.159175660515709E+33    9.225614962937212E+13    2.626082058906750E+07    2.470010989084859E-11    1.028065277352323E+04    4.492354059963204E+04    4.492354059963204E+04    1.765649235344050E-01    7.239655996493961E+03    3.160465144316857E+33    9.268787965975906E+13    7.561381000000000E-02    0.000000000000000E+00    4.957808000000000E-01    7.485408000000000E-02    3.088363000000000E-03    2.004630000000000E-01    8.457200000000000E-03    1.565210000000000E-04    4.909980999999999E-03    7.633629000000000E-02    4.083688000000000E-02    8.189178000000000E-03    3.016506000000000E-03    0.000000000000000E+00    0.000000000000000E+00    0.000000000000000E+00    0.000000000000000E+00    0.000000000000000E+00    3.421583000000000E-04    0.000000000000000E+00    7.682065000000000E-03   -7.642182762186002E+39    1.485870197299000E+13    6.209973142636501E+12
                       12    2.578717062651663E+30    3.161754628118005E+33    9.311960969014597E+13    2.642118127536975E+07    2.732856638942531E-11    1.028065277352323E+04    4.492354059963204E+04    4.492354059963204E+04    1.766649235344050E-01    7.235488590548350E+03    3.162997384287191E+33    9.348950837878850E+13    7.561381000000000E-02    0.000000000000000E+00    4.957808000000000E-01    7.485408000000000E-02    3.088363000000000E-03    2.004630000000000E-01    8.457200000000000E-03    1.565210000000000E-04    4.909980999999999E-03    7.633629000000000E-02    4.083688000000000E-02    8.189178000000000E-03    3.016506000000000E-03    0.000000000000000E+00    0.000000000000000E+00    0.000000000000000E+00    0.000000000000000E+00    0.000000000000000E+00    3.421583000000000E-04    0.000000000000000E+00    7.682065000000000E-03   -7.423625507395002E+39    1.647312942508000E+13    6.875744123472500E+12
                       13    2.486248050024721E+30    3.164240140456377E+33    9.385940706743102E+13    2.655654196167200E+07    3.072226976518780E-11    1.028065277352323E+04    4.492354059963204E+04    4.492354059963204E+04    1.768649235344050E-01    7.231469870477084E+03    3.165724488424853E+33    9.424125988576108E+13    7.561381000000000E-02    0.000000000000000E+00    4.957808000000000E-01    7.485408000000000E-02    3.088363000000000E-03    2.004630000000000E-01    8.457200000000000E-03    1.565210000000000E-04    4.909980999999999E-03    7.633629000000000E-02    4.083688000000000E-02    8.189178000000000E-03    3.016506000000000E-03    0.000000000000000E+00    0.000000000000000E+00    0.000000000000000E+00    0.000000000000000E+00    0.000000000000000E+00    3.421583000000000E-04    0.000000000000000E+00    7.682065000000000E-03   -7.130839233440003E+39    1.848755687717000E+13    7.722236476913001E+12
                       14    2.968922615677449E+30    3.167208836393329E+33    9.462311270409112E+13    2.666654196167200E+07    3.470338045506496E-11    1.028065277352323E+04    4.492354059963204E+04    4.492354059963204E+04    1.770577098083600E-01    7.226778411115100E+03    3.168541071006697E+33    9.492031902137320E+13    7.561381000000000E-02    0.000000000000000E+00    4.957808000000000E-01    7.485408000000000E-02    3.088363000000000E-03    2.004630000000000E-01    8.457200000000000E-03    1.565210000000000E-04    4.909980999999999E-03    7.633629000000000E-02    4.083688000000000E-02    8.189178000000000E-03    3.016506000000000E-03    0.000000000000000E+00    0.000000000000000E+00    0.000000000000000E+00    0.000000000000000E+00    0.000000000000000E+00    3.421583000000000E-04    0.000000000000000E+00    7.682065000000000E-03   -6.708675115626501E+39    2.090919805530500E+13    8.710892948167001E+12
                       15    2.663624152540341E+30    3.169873305620064E+33    9.521752533865525E+13    2.674154196167200E+07    3.945738169873783E-11    1.028878419795939E+04    4.493133666424370E+04    4.493133666424370E+04    1.771649235344050E-01    7.222623970762195E+03    3.171111090764574E+33    9.546243852921922E+13    7.561381000000000E-02    0.000000000000000E+00    4.957808000000000E-01    7.485408000000000E-02    3.088363000000000E-03    2.004630000000000E-01    8.457200000000000E-03    1.565210000000000E-04    4.909980999999999E-03    7.633629000000000E-02    4.083688000000000E-02    8.189178000000000E-03    3.016506000000000E-03    0.000000000000000E+00    0.000000000000000E+00    0.000000000000000E+00    0.000000000000000E+00    0.000000000000000E+00    3.421583000000000E-04    0.000000000000000E+00    7.682065000000000E-03   -6.287953743022003E+39    2.373083923344000E+13    9.891713537234502E+12
                       16    2.476276174523171E+30    3.172348875909083E+33    9.570735171978316E+13    2.681118127536975E+07    4.415366662488334E-11    1.028878419795939E+04    4.493133666424370E+04    4.493133666424370E+04    1.773577098083600E-01    7.218788747080552E+03    3.173810357164047E+33    9.596230925309630E+13    7.561381000000000E-02    0.000000000000000E+00    4.957808000000000E-01    7.485408000000000E-02    3.088363000000000E-03    2.004630000000000E-01    8.457200000000000E-03    1.565210000000000E-04    4.909980999999999E-03    7.633629000000000E-02    4.083688000000000E-02    8.189178000000000E-03    3.016506000000000E-03    0.000000000000000E+00    0.000000000000000E+00    0.000000000000000E+00    0.000000000000000E+00    0.000000000000000E+00    3.421583000000000E-04    0.000000000000000E+00    7.682065000000000E-03   -5.876510997813002E+39    2.654526668553000E+13    1.100820589067500E+13
                       17    2.922851158973374E+30    3.175271838419010E+33    9.621726678640945E+13    2.688545990276525E+07    4.920932786894639E-11    1.028878419795939E+04    4.493133666424370E+04    4.493133666424370E+04    1.774577098083600E-01    7.214336666684962E+03    3.176490733669748E+33    9.641189147160133E+13    7.561381000000000E-02    0.000000000000000E+00    4.957808000000000E-01    7.485408000000000E-02    3.088363000000000E-03    2.004630000000000E-01    8.457200000000000E-03    1.565210000000000E-04    4.909980999999999E-03    7.633629000000000E-02    4.083688000000000E-02    8.189178000000000E-03    3.016506000000000E-03    0.000000000000000E+00    0.000000000000000E+00    0.000000000000000E+00    0.000000000000000E+00    0.000000000000000E+00    3.421583000000000E-04    0.000000000000000E+00    7.682065000000000E-03   -5.470740016977003E+39    2.958133531575500E+13    1.232263334276500E+13
                       18    2.436895717033996E+30    3.177709628920486E+33    9.660651615679319E+13    2.696045990276525E+07    5.373910595236233E-11    1.028878419795939E+04    4.493133666424370E+04    4.493133666424370E+04    1.775577098083600E-01    7.210623460099224E+03    3.179193976888962E+33    9.682492547718111E+13    7.561381000000000E-02    0.000000000000000E+00    4.957808000000000E-01    7.485408000000000E-02    3.088363000000000E-03    2.004630000000000E-01    8.457200000000000E-03    1.565210000000000E-04    4.909980999999999E-03    7.633629000000000E-02    4.083688000000000E-02    8.189178000000000E-03    3.016506000000000E-03    0.000000000000000E+00    0.000000000000000E+00    0.000000000000000E+00    0.000000000000000E+00    0.000000000000000E+00    3.421583000000000E-04    0.000000000000000E+00    7.682065000000000E-03   -5.214969036141002E+39    3.232461767202500E+13    1.343706079485500E+13
                       19    2.970326433046162E+30    3.180678324857438E+33    9.704333479756900E+13    2.701190264797425E+07    5.773687822008404E-11    1.028878419795939E+04    4.493133666424370E+04    4.493133666424370E+04    1.776504960823150E-01    7.206144342571365E+03    3.182223319326970E+33    9.724715331663231E+13    7.666120000000000E-02    0.000000000000000E+00    4.972458000000000E-01    7.477370000000000E-02    3.103176000000000E-03    1.990553000000000E-01    8.451487000000001E-03    1.572718000000000E-04    4.895314000000000E-03    7.573724000000000E-02    4.051691000000000E-02    8.125004999999999E-03    2.993075000000000E-03    0.000000000000000E+00    0.000000000000000E+00    0.000000000000000E+00    0.000000000000000E+00    0.000000000000000E+00    3.399346000000000E-04    0.000000000000000E+00    7.670210000000000E-03   -4.897133153954502E+39    3.475347257620500E+13    1.445870197299000E+13
                       20    3.089460022039164E+30    3.183768313796502E+33    9.745097183569564E+13    2.700906676578775E+07    6.378606623744246E-11    1.028878419795939E+04    4.493133666424370E+04    4.493133666424370E+04    1.777504960823150E-01    7.201522970142262E+03    3.185353076463449E+33    9.763292934154484E+13    7.666120000000000E-02    0.000000000000000E+00    4.972458000000000E-01    7.477370000000000E-02    3.103176000000000E-03    1.990553000000000E-01    8.451487000000001E-03    1.572718000000000E-04    4.895314000000000E-03    7.573724000000000E-02    4.051691000000000E-02    8.125004999999999E-03    2.993075000000000E-03    0.000000000000000E+00    0.000000000000000E+00    0.000000000000000E+00    0.000000000000000E+00    0.000000000000000E+00    3.399346000000000E-04    0.000000000000000E+00    7.670210000000000E-03   -4.307232370417503E+39    3.842461767202500E+13    1.595148824694500E+13
                       21    3.170113903214419E+30    3.186937839130394E+33    9.781488684739406E+13    2.699406676578775E+07    7.275373777975924E-11    1.028878419795939E+04    4.493133666424370E+04    4.493133666424370E+04    1.779432823562700E-01    7.196811308427474E+03    3.188567341019432E+33    9.797719147045253E+13    7.666120000000000E-02    0.000000000000000E+00    4.972458000000000E-01    7.477370000000000E-02    3.103176000000000E-03    1.990553000000000E-01    8.451487000000001E-03    1.572718000000000E-04    4.895314000000000E-03    7.573724000000000E-02    4.051691000000000E-02    8.125004999999999E-03    2.993075000000000E-03    0.000000000000000E+00    0.000000000000000E+00    0.000000000000000E+00    0.000000000000000E+00    0.000000000000000E+00    3.399346000000000E-04    0.000000000000000E+00    7.670210000000000E-03   -3.519396488231002E+39    4.378854904180001E+13    1.822984706881000E+13
                       22    3.258693586134276E+30    3.190196842908469E+33    9.813949609351102E+13    2.703509921646300E+07    8.260609226289151E-11    1.037577848243062E+04    4.502710005601641E+04    4.502710005601641E+04    1.780432823562700E-01    7.192036804885809E+03    3.191817396953087E+33    9.828935071599150E+13    7.666120000000000E-02    0.000000000000000E+00    4.972458000000000E-01    7.477370000000000E-02    3.103176000000000E-03    1.990553000000000E-01    8.451487000000001E-03    1.572718000000000E-04    4.895314000000000E-03    7.573724000000000E-02    4.051691000000000E-02    8.125004999999999E-03    2.993075000000000E-03    0.000000000000000E+00    0.000000000000000E+00    0.000000000000000E+00    0.000000000000000E+00    0.000000000000000E+00    3.399346000000000E-04    0.000000000000000E+00    7.670210000000000E-03   -2.922083545723002E+39    4.983183139807000E+13    2.065148824694500E+13
                       23    3.239742051656653E+30    3.193437950997707E+33    9.843920533847198E+13    2.716504960823150E+07    8.978613235294261E-11    1.037577848243062E+04    4.502710005601641E+04    4.502710005601641E+04    1.781649235344050E-01    7.187243561285119E+03    3.195358754932802E+33    9.860914803732261E+13    7.666120000000000E-02    0.000000000000000E+00    4.972458000000000E-01    7.477370000000000E-02    3.103176000000000E-03    1.990553000000000E-01    8.451487000000001E-03    1.572718000000000E-04    4.895314000000000E-03    7.573724000000000E-02    4.051691000000000E-02    8.125004999999999E-03    2.993075000000000E-03    0.000000000000000E+00    0.000000000000000E+00    0.000000000000000E+00    0.000000000000000E+00    0.000000000000000E+00    3.399346000000000E-04    0.000000000000000E+00    7.670210000000000E-03   -2.760343151125002E+39    5.402660200128501E+13    2.243083923344000E+13
                       24    3.842773078372862E+30    3.197279558867895E+33    9.877909073617320E+13    2.732288549041800E+07    9.224661400029788E-11    1.037577848243062E+04    4.502710005601641E+04    4.502710005601641E+04    1.784164117813500E-01    7.181654377552996E+03    3.198966724643183E+33    9.892842788753372E+13    7.666120000000000E-02    0.000000000000000E+00    4.972458000000000E-01    7.477370000000000E-02    3.103176000000000E-03    1.990553000000000E-01    8.451487000000001E-03    1.572718000000000E-04    4.895314000000000E-03    7.573724000000000E-02    4.051691000000000E-02    8.125004999999999E-03    2.993075000000000E-03    0.000000000000000E+00    0.000000000000000E+00    0.000000000000000E+00    0.000000000000000E+00    0.000000000000000E+00    3.399346000000000E-04    0.000000000000000E+00    7.670210000000000E-03   -2.940144718199002E+39    5.555744123472501E+13    2.303183139807000E+13
                       25    3.374496588593860E+30    3.200653890418471E+33    9.907776503889425E+13    2.746324617672025E+07    9.212478594655710E-11    1.037577848243062E+04    4.502710005601641E+04    4.502710005601641E+04    1.790380529594850E-01    7.176733142856741E+03    3.202292340151925E+33    9.922116956473217E+13    7.666120000000000E-02    0.000000000000000E+00    4.972458000000000E-01    7.477370000000000E-02    3.103176000000000E-03    1.990553000000000E-01    8.451487000000001E-03    1.572718000000000E-04    4.895314000000000E-03    7.573724000000000E-02    4.051691000000000E-02    8.125004999999999E-03    2.993075000000000E-03    0.000000000000000E+00    0.000000000000000E+00    0.000000000000000E+00    0.000000000000000E+00    0.000000000000000E+00    3.399346000000000E-04    0.000000000000000E+00    7.670210000000000E-03   -3.074472953826002E+39    5.550793731704001E+13    2.304625885016000E+13
                       26    3.277311067753621E+30    3.203930789885380E+33    9.936457409057008E+13    2.759860686302251E+07    9.253178091169965E-11    1.038398514601074E+04    4.503491409241308E+04    4.503491409241308E+04    1.790452666855300E-01    7.171986159146630E+03    3.205564268594159E+33    9.950586582587480E+13    7.666120000000000E-02    0.000000000000000E+00    4.972458000000000E-01    7.477370000000000E-02    3.103176000000000E-03    1.990553000000000E-01    8.451487000000001E-03    1.572718000000000E-04    4.895314000000000E-03    7.573724000000000E-02    4.051691000000000E-02    8.125004999999999E-03    2.993075000000000E-03    0.000000000000000E+00    0.000000000000000E+00    0.000000000000000E+00    0.000000000000000E+00    0.000000000000000E+00    3.399346000000000E-04    0.000000000000000E+00    7.670210000000000E-03   -3.198801189453002E+39    5.570072359099501E+13    2.305347257620500E+13
                       27    3.266132227460557E+30    3.207197747302937E+33    9.964715756117953E+13    2.772860686302250E+07    9.315486268596224E-11    1.038398514601074E+04    4.503491409241308E+04    4.503491409241308E+04    1.790524804115750E-01    7.167277121649173E+03    3.208858069544970E+33    9.978932285044338E+13    7.666120000000000E-02    0.000000000000000E+00    4.972458000000000E-01    7.477370000000000E-02    3.103176000000000E-03    1.990553000000000E-01    8.451487000000001E-03    1.572718000000000E-04    4.895314000000000E-03    7.573724000000000E-02    4.051691000000000E-02    8.125004999999999E-03    2.993075000000000E-03    0.000000000000000E+00    0.000000000000000E+00    0.000000000000000E+00    0.000000000000000E+00    0.000000000000000E+00    3.399346000000000E-04    0.000000000000000E+00    7.670210000000000E-03   -3.301686679871002E+39    5.609350986495001E+13    2.324625885016000E+13
                       28    3.320220952763285E+30    3.210518391787003E+33    9.993148813970725E+13    2.786824617672025E+07    9.358484599553331E-11    1.038398514601074E+04    4.503491409241308E+04    4.503491409241308E+04    1.790669078636650E-01    7.162516678202104E+03    3.212302989645955E+33    1.000843810339582E+14    7.666120000000000E-02    0.000000000000000E+00    4.972458000000000E-01    7.477370000000000E-02    3.103176000000000E-03    1.990553000000000E-01    8.451487000000001E-03    1.572718000000000E-04    4.895314000000000E-03    7.573724000000000E-02    4.051691000000000E-02    8.125004999999999E-03    2.993075000000000E-03    0.000000000000000E+00    0.000000000000000E+00    0.000000000000000E+00    0.000000000000000E+00    0.000000000000000E+00    3.399346000000000E-04    0.000000000000000E+00    7.670210000000000E-03   -3.403850797684502E+39    5.640072359099501E+13    2.334625885016000E+13
                       29    3.569867800439297E+30    3.214087587504906E+33    1.002372739282092E+14    2.804324617672025E+07    9.403530140051230E-11    1.038398514601074E+04    4.503491409241308E+04    4.503491409241308E+04    1.790741215897100E-01    7.157372407098421E+03    3.216578070867955E+33    1.004465842883118E+14    7.666120000000000E-02    0.000000000000000E+00    4.972458000000000E-01    7.477370000000000E-02    3.103176000000000E-03    1.990553000000000E-01    8.451487000000001E-03    1.572718000000000E-04    4.895314000000000E-03    7.573724000000000E-02    4.051691000000000E-02    8.125004999999999E-03    2.993075000000000E-03    0.000000000000000E+00    0.000000000000000E+00    0.000000000000000E+00    0.000000000000000E+00    0.000000000000000E+00    3.399346000000000E-04    0.000000000000000E+00    7.670210000000000E-03   -3.553850797684502E+39    5.661515104308501E+13    2.345347257620500E+13
                       30    4.980360261088053E+30    3.219068554231005E+33    1.006558946484143E+14    2.824360686302250E+07    9.405383140095843E-11    1.038398514601074E+04    4.503491409241308E+04    4.503491409241308E+04    1.790813353157550E-01    7.150328478320282E+03    3.221643545013559E+33    1.008707911030810E+14    7.666120000000000E-02    0.000000000000000E+00    4.972458000000000E-01    7.477370000000000E-02    3.103176000000000E-03    1.990553000000000E-01    8.451487000000001E-03    1.572718000000000E-04    4.895314000000000E-03    7.573724000000000E-02    4.051691000000000E-02    8.125004999999999E-03    2.993075000000000E-03    0.000000000000000E+00    0.000000000000000E+00    0.000000000000000E+00    0.000000000000000E+00    0.000000000000000E+00    3.399346000000000E-04    0.000000000000000E+00    7.670210000000000E-03   -3.758179033311502E+39    5.662236476913001E+13    2.345347257620500E+13
                       31    5.150854477041186E+30    3.224218535796113E+33    1.010856875577477E+14    2.845360686302250E+07    9.401681401788455E-11    1.038398514601074E+04    4.503491409241308E+04    4.503491409241308E+04    1.790741215897100E-01    7.143099091548724E+03    3.226908854351168E+33    1.013094241607146E+14    7.666219000000001E-02    0.000000000000000E+00    4.972472000000000E-01    7.477362999999999E-02    3.103190000000000E-03    1.990540000000000E-01    8.451482000000000E-03    1.572725000000000E-04    4.895300000000000E-03    7.573668000000000E-02    4.051661000000000E-02    8.124944000000000E-03    2.993053000000000E-03    0.000000000000000E+00    0.000000000000000E+00    0.000000000000000E+00    0.000000000000000E+00    0.000000000000000E+00    3.399325000000000E-04    0.000000000000000E+00    7.670199000000001E-03   -3.912507268938501E+39    5.670072359099501E+13    2.345347257620500E+13
                       32    5.380539678025260E+30    3.229599172906222E+33    1.015331607636816E+14    2.866860686302250E+07    9.362169329918121E-11    1.038398514601074E+04    4.503491409241308E+04    4.503491409241308E+04    1.790741215897100E-01    7.135604507251471E+03    3.232237792804638E+33    1.017510366782699E+14    7.813821999999999E-02    0.000000000000000E+00    4.993116000000000E-01    7.466035000000001E-02    3.124065000000000E-03    1.970702000000000E-01    8.443432000000001E-03    1.583305000000000E-04    4.874631000000000E-03    7.489247000000000E-02    4.006571000000000E-02    8.034507999999999E-03    2.960033000000000E-03    0.000000000000000E+00    0.000000000000000E+00    0.000000000000000E+00    0.000000000000000E+00    0.000000000000000E+00    3.367988000000000E-04    0.000000000000000E+00    7.653492000000000E-03   -4.136114131961002E+39    5.632236476913001E+13    2.345347257620500E+13
                       33    5.276168043912320E+30    3.234876412703054E+33    1.019689125928582E+14    2.887360686302250E+07    9.340636937976872E-11    1.038398514601074E+04    4.503491409241308E+04    4.503491409241308E+04    1.798741215897100E-01    7.128290354236990E+03    3.237507078961988E+33    1.021843761733439E+14    7.813821999999999E-02    0.000000000000000E+00    4.993116000000000E-01    7.466035000000001E-02    3.124065000000000E-03    1.970702000000000E-01    8.443432000000001E-03    1.583305000000000E-04    4.874631000000000E-03    7.489247000000000E-02    4.006571000000000E-02    8.034507999999999E-03    2.960033000000000E-03    0.000000000000000E+00    0.000000000000000E+00    0.000000000000000E+00    0.000000000000000E+00    0.000000000000000E+00    3.367988000000000E-04    0.000000000000000E+00    7.653492000000000E-03   -4.330442367588002E+39    5.630793731704001E+13    2.345347257620500E+13
                       34    5.262668729300151E+30    3.240137745220921E+33    1.023998397538297E+14    2.907860686302250E+07    9.338796693894842E-11    1.038398514601074E+04    4.503491409241308E+04    4.503491409241308E+04    1.798741215897100E-01    7.121058428309074E+03    3.242869820383261E+33    1.026218312951237E+14    7.813821999999999E-02    0.000000000000000E+00    4.993116000000000E-01    7.466035000000001E-02    3.124065000000000E-03    1.970702000000000E-01    8.443432000000001E-03    1.583305000000000E-04    4.874631000000000E-03    7.489247000000000E-02    4.006571000000000E-02    8.034507999999999E-03    2.960033000000000E-03    0.000000000000000E+00    0.000000000000000E+00    0.000000000000000E+00    0.000000000000000E+00    0.000000000000000E+00    3.367988000000000E-04    0.000000000000000E+00    7.653492000000000E-03   -4.513327858006002E+39    5.630793731704001E+13    2.345347257620500E+13
                       35    5.464168220367079E+30    3.245601895545600E+33    1.028438228364177E+14    2.928860686302250E+07    9.317318057524727E-11    1.039226774491404E+04    4.504274614202399E+04    4.504274614202399E+04    1.798669078636650E-01    7.113624826807723E+03    3.248363796855999E+33    1.030659716445941E+14    7.813821999999999E-02    0.000000000000000E+00    4.993116000000000E-01    7.466035000000001E-02    3.124065000000000E-03    1.970702000000000E-01    8.443432000000001E-03    1.583305000000000E-04    4.874631000000000E-03    7.489247000000000E-02    4.006571000000000E-02    8.034507999999999E-03    2.960033000000000E-03    0.000000000000000E+00    0.000000000000000E+00    0.000000000000000E+00    0.000000000000000E+00    0.000000000000000E+00    3.367988000000000E-04    0.000000000000000E+00    7.653492000000000E-03   -4.697656093633002E+39    5.610793731704001E+13    2.335347257620500E+13
                       36    5.522971465473232E+30    3.251125698166399E+33    1.032881204527706E+14    2.948896754932475E+07    9.319154069162817E-11    1.039226774491404E+04    4.504274614202399E+04    4.504274614202399E+04    1.798669078636650E-01    7.106184749668231E+03    3.253640042447896E+33    1.034886824542219E+14    7.813821999999999E-02    0.000000000000000E+00    4.993116000000000E-01    7.466035000000001E-02    3.124065000000000E-03    1.970702000000000E-01    8.443432000000001E-03    1.583305000000000E-04    4.874631000000000E-03    7.489247000000000E-02    4.006571000000000E-02    8.034507999999999E-03    2.960033000000000E-03    0.000000000000000E+00    0.000000000000000E+00    0.000000000000000E+00    0.000000000000000E+00    0.000000000000000E+00    3.367988000000000E-04    0.000000000000000E+00    7.653492000000000E-03   -4.902705701864502E+39    5.611515104308501E+13    2.335347257620500E+13
                       37    5.027883256997736E+30    3.256154386729394E+33    1.036892444556731E+14    2.968432823562700E+07    9.319154069162817E-11    1.039226774491404E+04    4.504274614202399E+04    4.504274614202399E+04    1.799669078636650E-01    7.099463997198748E+03    3.258745284790914E+33    1.038948634986619E+14    7.813821999999999E-02    0.000000000000000E+00    4.993116000000000E-01    7.466035000000001E-02    3.124065000000000E-03    1.970702000000000E-01    8.443432000000001E-03    1.583305000000000E-04    4.874631000000000E-03    7.489247000000000E-02    4.006571000000000E-02    8.034507999999999E-03    2.960033000000000E-03    0.000000000000000E+00    0.000000000000000E+00    0.000000000000000E+00    0.000000000000000E+00    0.000000000000000E+00    3.367988000000000E-04    0.000000000000000E+00    7.653492000000000E-03   -5.097033937491502E+39    5.612236476913001E+13    2.336068630225000E+13
                       38    5.182651139283520E+30    3.261336182852433E+33    1.041004825416508E+14    2.988932823562700E+07    9.342481424259632E-11    1.048006697758871E+04    4.513873029121380E+04    4.513873029121380E+04    1.799669078636650E-01    7.092556645320809E+03    3.264019541972941E+33    1.043115889114416E+14    7.813821999999999E-02    0.000000000000000E+00    4.993116000000000E-01    7.466035000000001E-02    3.124065000000000E-03    1.970702000000000E-01    8.443432000000001E-03    1.583305000000000E-04    4.874631000000000E-03    7.489247000000000E-02    4.006571000000000E-02    8.034507999999999E-03    2.960033000000000E-03    0.000000000000000E+00    0.000000000000000E+00    0.000000000000000E+00    0.000000000000000E+00    0.000000000000000E+00    3.367988000000000E-04    0.000000000000000E+00    7.653492000000000E-03   -5.301362173118503E+39    5.622957849517501E+13    2.345347257620500E+13
                       39    5.366461736140718E+30    3.266702901093447E+33    1.045226952812324E+14    3.010968892192926E+07    9.364018068180896E-11    1.048006697758871E+04    4.513873029121380E+04    4.513873029121380E+04    1.799741215897100E-01    7.085448293664092E+03    3.269851548123698E+33    1.047660297412343E+14    7.813821999999999E-02    0.000000000000000E+00    4.993116000000000E-01    7.466035000000001E-02    3.124065000000000E-03    1.970702000000000E-01    8.443432000000001E-03    1.583305000000000E-04    4.874631000000000E-03    7.489247000000000E-02    4.006571000000000E-02    8.034507999999999E-03    2.960033000000000E-03    0.000000000000000E+00    0.000000000000000E+00    0.000000000000000E+00    0.000000000000000E+00    0.000000000000000E+00    3.367988000000000E-04    0.000000000000000E+00    7.653492000000000E-03   -5.515690408745502E+39    5.642957849517501E+13    2.346068630225000E+13
                       40    6.298506990521852E+30    3.273000195153948E+33    1.050093642012362E+14    3.035504960823150E+07    9.407240411746717E-11    1.048006697758871E+04    4.513873029121380E+04    4.513873029121380E+04    1.799885490418000E-01    7.077216312801033E+03    3.276473947198058E+33    1.052744420972797E+14    7.813821999999999E-02    0.000000000000000E+00    4.993116000000000E-01    7.466035000000001E-02    3.124065000000000E-03    1.970702000000000E-01    8.443432000000001E-03    1.583305000000000E-04    4.874631000000000E-03    7.489247000000000E-02    4.006571000000000E-02    8.034507999999999E-03    2.960033000000000E-03    0.000000000000000E+00    0.000000000000000E+00    0.000000000000000E+00    0.000000000000000E+00    0.000000000000000E+00    3.367988000000000E-04    0.000000000000000E+00    7.653492000000000E-03   -5.779297271768003E+39    5.663679222122001E+13    2.356790002829500E+13
                       41    6.947527949137436E+30    3.279947699242167E+33    1.055395199933231E+14    3.061504960823150E+07    9.430792184979143E-11    1.048006697758871E+04    4.513873029121380E+04    4.513873029121380E+04    1.799957627678450E-01    7.068225959638171E+03    3.283516894960070E+33    1.058078708629446E+14    7.813821999999999E-02    0.000000000000000E+00    4.993116000000000E-01    7.466035000000001E-02    3.124065000000000E-03    1.970702000000000E-01    8.443432000000001E-03    1.583305000000000E-04    4.874631000000000E-03    7.489247000000000E-02    4.006571000000000E-02    8.034507999999999E-03    2.960033000000000E-03    0.000000000000000E+00    0.000000000000000E+00    0.000000000000000E+00    0.000000000000000E+00    0.000000000000000E+00    3.367988000000000E-04    0.000000000000000E+00    7.653492000000000E-03   -6.054346879999502E+39    5.684400594726501E+13    2.366790002829500E+13
                       42    7.137498639774057E+30    3.287086090677973E+33    1.060762217325661E+14    3.087504960823150E+07    9.474322743864130E-11    1.048842621443607E+04    4.514658039556369E+04    4.514658039556369E+04    1.800101902199350E-01    7.059081735128375E+03    3.290736811200575E+33    1.063467085202412E+14    7.813821999999999E-02    0.000000000000000E+00    4.993116000000000E-01    7.466035000000001E-02    3.124065000000000E-03    1.970702000000000E-01    8.443432000000001E-03    1.583305000000000E-04    4.874631000000000E-03    7.489247000000000E-02    4.006571000000000E-02    8.034507999999999E-03    2.960033000000000E-03    0.000000000000000E+00    0.000000000000000E+00    0.000000000000000E+00    0.000000000000000E+00    0.000000000000000E+00    3.367988000000000E-04    0.000000000000000E+00    7.653492000000000E-03   -6.328675115626502E+39    5.714400594726501E+13    2.376790002829500E+13
                       43    7.300508480973884E+30    3.294387531723176E+33    1.066171953079164E+14    3.113504960823150E+07    9.518054230679651E-11    1.048842621443607E+04    4.514658039556369E+04    4.514658039556369E+04    1.800174039459800E-01    7.049821709636796E+03    3.298031292811231E+33    1.068838231545447E+14    7.818424000000000E-02    0.000000000000000E+00    4.993745000000000E-01    7.465674000000000E-02    3.124707000000000E-03    1.970093000000000E-01    8.443172000000001E-03    1.583630000000000E-04    4.873996000000000E-03    7.486655000000000E-02    4.005186000000000E-02    8.031731000000000E-03    2.959019000000000E-03    0.000000000000000E+00    0.000000000000000E+00    0.000000000000000E+00    0.000000000000000E+00    0.000000000000000E+00    3.367025000000000E-04    0.000000000000000E+00    7.652971000000000E-03   -6.603003351253503E+39    5.735121967331001E+13    2.386790002829500E+13
                       44    7.289359466828880E+30    3.301675053899285E+33    1.071504510011729E+14    3.139504960823150E+07    9.538108161832209E-11    1.048842621443607E+04    4.514658039556369E+04    4.514658039556369E+04    1.800174039459800E-01    7.040674451233182E+03    3.305444084809192E+33    1.074242705849645E+14    7.900491000000000E-02    0.000000000000000E+00    5.004965000000000E-01    7.459238000000000E-02    3.136163000000000E-03    1.959220000000000E-01    8.438535000000000E-03    1.589436000000000E-04    4.862666000000000E-03    7.440413000000001E-02    3.980488000000000E-02    7.982194999999999E-03    2.940932000000000E-03    0.000000000000000E+00    0.000000000000000E+00    0.000000000000000E+00    0.000000000000000E+00    0.000000000000000E+00    3.349860000000000E-04    0.000000000000000E+00    7.643678000000000E-03   -6.866610214276002E+39    5.735121967331001E+13    2.396790002829500E+13
                       45    7.536659990857467E+30    3.309213115719101E+33    1.076980901687560E+14    3.165541029453375E+07    9.560095771957998E-11    1.048842621443607E+04    4.514658039556369E+04    4.514658039556369E+04    1.800246176720250E-01    7.031258269020606E+03    3.313133265779182E+33    1.079758543227176E+14    7.900491000000000E-02    0.000000000000000E+00    5.004965000000000E-01    7.459238000000000E-02    3.136163000000000E-03    1.959220000000000E-01    8.438535000000000E-03    1.589436000000000E-04    4.862666000000000E-03    7.440413000000001E-02    3.980488000000000E-02    7.982194999999999E-03    2.940932000000000E-03    0.000000000000000E+00    0.000000000000000E+00    0.000000000000000E+00    0.000000000000000E+00    0.000000000000000E+00    3.349860000000000E-04    0.000000000000000E+00    7.643678000000000E-03   -7.119495704694002E+39    5.755843339935501E+13    2.406790002829500E+13
                       46    7.840099290765471E+30    3.317053415839263E+33    1.082536184766792E+14    3.192077098083600E+07    9.584030230720220E-11    1.058547442732199E+04    4.525065401177854E+04    4.525065401177854E+04    1.800318313980700E-01    7.021682166110080E+03    3.321018305121435E+33    1.085359146409156E+14    7.900491000000000E-02    0.000000000000000E+00    5.004965000000000E-01    7.459238000000000E-02    3.136163000000000E-03    1.959220000000000E-01    8.438535000000000E-03    1.589436000000000E-04    4.862666000000000E-03    7.440413000000001E-02    3.980488000000000E-02    7.982194999999999E-03    2.940932000000000E-03    0.000000000000000E+00    0.000000000000000E+00    0.000000000000000E+00    0.000000000000000E+00    0.000000000000000E+00    3.349860000000000E-04    0.000000000000000E+00    7.643678000000000E-03   -7.373102567716503E+39    5.775843339935501E+13    2.407511375434000E+13
                       47    7.930593812390812E+30    3.324983194403608E+33    1.088182108051521E+14    3.217577098083600E+07    9.606123702147823E-11    1.058547442732199E+04    4.525065401177854E+04    4.525065401177854E+04    1.800390451241150E-01    7.011926983032028E+03    3.328638885950886E+33    1.090700981952726E+14    7.900491000000000E-02    0.000000000000000E+00    5.004965000000000E-01    7.459238000000000E-02    3.136163000000000E-03    1.959220000000000E-01    8.438535000000000E-03    1.589436000000000E-04    4.862666000000000E-03    7.440413000000001E-02    3.980488000000000E-02    7.982194999999999E-03    2.940932000000000E-03    0.000000000000000E+00    0.000000000000000E+00    0.000000000000000E+00    0.000000000000000E+00    0.000000000000000E+00    3.349860000000000E-04    0.000000000000000E+00    7.643678000000000E-03   -7.626709430739002E+39    5.786564712540001E+13    2.417511375434000E+13
                       48    7.311321453850740E+30    3.332294577498164E+33    1.093219855853930E+14    3.238077098083600E+07    9.584030230720220E-11    1.058547442732199E+04    4.525065401177854E+04    4.525065401177854E+04    1.800318313980700E-01    7.003243051870395E+03    3.334870562485653E+33    1.094997259437385E+14    8.055697000000001E-02    0.000000000000000E+00    5.025493000000000E-01    7.446701000000000E-02    3.157423000000000E-03    1.939076000000000E-01    8.429337000000000E-03    1.600211000000000E-04    4.841672000000000E-03    7.354818000000000E-02    3.934769000000000E-02    7.890500000000000E-03    2.907453000000000E-03    0.000000000000000E+00    0.000000000000000E+00    0.000000000000000E+00    0.000000000000000E+00    0.000000000000000E+00    3.318085000000000E-04    0.000000000000000E+00    7.626092000000000E-03   -7.871037666366003E+39    5.775843339935501E+13    2.418232748038500E+13
                       49    5.152928388536325E+30    3.337446547473143E+33    1.096774663020840E+14    3.258577098083600E+07    9.606123702147823E-11    1.058547442732199E+04    4.525065401177854E+04    4.525065401177854E+04    1.814390451241150E-01    6.997053226431312E+03    3.341033638879882E+33    1.099247676238209E+14    8.058820000000000E-02    0.000000000000000E+00    5.025906000000000E-01    7.446448000000000E-02    3.157851000000000E-03    1.938670000000000E-01    8.429152000000001E-03    1.600428000000000E-04    4.841250000000000E-03    7.353095000000000E-02    3.933849000000000E-02    7.888655000000000E-03    2.906779000000000E-03    0.000000000000000E+00    0.000000000000000E+00    0.000000000000000E+00    0.000000000000000E+00    0.000000000000000E+00    3.317446000000000E-04    0.000000000000000E+00    7.625738000000000E-03   -8.033923156784003E+39    5.786564712540001E+13    2.427511375434000E+13
                       50    7.173904436096668E+30    3.344620730286621E+33    1.101720689455578E+14    3.283577098083600E+07    9.628268104287036E-11    1.058547442732199E+04    4.525065401177854E+04    4.525065401177854E+04    1.814462588501600E-01    6.988420685507108E+03    3.348698958931423E+33    1.104474264190794E+14    8.058820000000000E-02    0.000000000000000E+00    5.025906000000000E-01    7.446448000000000E-02    3.157851000000000E-03    1.938670000000000E-01    8.429152000000001E-03    1.600428000000000E-04    4.841250000000000E-03    7.353095000000000E-02    3.933849000000000E-02    7.888655000000000E-03    2.906779000000000E-03    0.000000000000000E+00    0.000000000000000E+00    0.000000000000000E+00    0.000000000000000E+00    0.000000000000000E+00    3.317446000000000E-04    0.000000000000000E+00    7.625738000000000E-03   -8.268972765015503E+39    5.796564712540001E+13    2.437511375434000E+13
                       51    8.156640223311507E+30    3.352777187576225E+33    1.107227838926010E+14    3.310577098083600E+07    9.670796463669631E-11    1.059398907398542E+04    4.525854035056378E+04    4.525854035056378E+04    1.814534725762050E-01    6.978765761643938E+03    3.357198416923722E+33    1.110191247589235E+14    8.058820000000000E-02    0.000000000000000E+00    5.025906000000000E-01    7.446448000000000E-02    3.157851000000000E-03    1.938670000000000E-01    8.429152000000001E-03    1.600428000000000E-04    4.841250000000000E-03    7.353095000000000E-02    3.933849000000000E-02    7.888655000000000E-03    2.906779000000000E-03    0.000000000000000E+00    0.000000000000000E+00    0.000000000000000E+00    0.000000000000000E+00    0.000000000000000E+00    3.317446000000000E-04    0.000000000000000E+00    7.625738000000000E-03   -8.506087274597503E+39    5.817286085144501E+13    2.438232748038500E+13
                       52    8.840623392683575E+30    3.361619646271219E+33    1.113154656252460E+14    3.338077098083600E+07    9.695008070402345E-11    1.059398907398542E+04    4.525854035056378E+04    4.525854035056378E+04    1.814606863022500E-01    6.968348697104960E+03    3.365950402969599E+33    1.115987616753278E+14    8.058820000000000E-02    0.000000000000000E+00    5.025906000000000E-01    7.446448000000000E-02    3.157851000000000E-03    1.938670000000000E-01    8.429152000000001E-03    1.600428000000000E-04    4.841250000000000E-03    7.353095000000000E-02    3.933849000000000E-02    7.888655000000000E-03    2.906779000000000E-03    0.000000000000000E+00    0.000000000000000E+00    0.000000000000000E+00    0.000000000000000E+00    0.000000000000000E+00    3.317446000000000E-04    0.000000000000000E+00    7.625738000000000E-03   -8.768972765015504E+39    5.836564712540001E+13    2.448232748038500E+13
                       53    8.661833530749890E+30    3.370281159667980E+33    1.118820577254095E+14    3.361113166713825E+07    9.717357372171770E-11    1.068342061626568E+04    4.535496754245639E+04    4.535496754245639E+04    1.814679000282950E-01    6.958366841599045E+03    3.373387055886009E+33    1.120836884445943E+14    8.058820000000000E-02    0.000000000000000E+00    5.025906000000000E-01    7.446448000000000E-02    3.157851000000000E-03    1.938670000000000E-01    8.429152000000001E-03    1.600428000000000E-04    4.841250000000000E-03    7.353095000000000E-02    3.933849000000000E-02    7.888655000000000E-03    2.906779000000000E-03    0.000000000000000E+00    0.000000000000000E+00    0.000000000000000E+00    0.000000000000000E+00    0.000000000000000E+00    3.317446000000000E-04    0.000000000000000E+00    7.625738000000000E-03   -9.022579628038002E+39    5.848007457749001E+13    2.458232748038500E+13
                       54    6.213327488480889E+30    3.376492952104040E+33    1.122853191637791E+14    3.380613166713825E+07    9.741689608645833E-11    1.068342061626568E+04    4.535496754245639E+04    4.535496754245639E+04    1.814751137543400E-01    6.951244449765499E+03    3.379674407897157E+33    1.124906612630591E+14    8.058820000000000E-02    0.000000000000000E+00    5.025906000000000E-01    7.446448000000000E-02    3.157851000000000E-03    1.938670000000000E-01    8.429152000000001E-03    1.600428000000000E-04    4.841250000000000E-03    7.353095000000000E-02    3.933849000000000E-02    7.888655000000000E-03    2.906779000000000E-03    0.000000000000000E+00    0.000000000000000E+00    0.000000000000000E+00    0.000000000000000E+00    0.000000000000000E+00    3.317446000000000E-04    0.000000000000000E+00    7.625738000000000E-03   -9.204022373247002E+39    5.868728830353501E+13    2.468232748038500E+13
                       55    6.361247287171987E+30    3.382855863690274E+33    1.126960033623390E+14    3.405613166713825E+07    9.786655204836559E-11    1.069201404798468E+04    4.536287206113010E+04    4.536287206113010E+04    1.815823274803850E-01    6.943953202696805E+03    3.387795073809088E+33    1.130105680730199E+14    8.058820000000000E-02    0.000000000000000E+00    5.025906000000000E-01    7.446448000000000E-02    3.157851000000000E-03    1.938670000000000E-01    8.429152000000001E-03    1.600428000000000E-04    4.841250000000000E-03    7.353095000000000E-02    3.933849000000000E-02    7.888655000000000E-03    2.906779000000000E-03    0.000000000000000E+00    0.000000000000000E+00    0.000000000000000E+00    0.000000000000000E+00    0.000000000000000E+00    3.317446000000000E-04    0.000000000000000E+00    7.625738000000000E-03   -9.401957471896504E+39    5.888728830353501E+13    2.468954120643000E+13
                       56    9.879839962275593E+30    3.392734283927902E+33    1.133251327837008E+14    3.434149235344051E+07    9.831828352789045E-11    1.069201404798468E+04    4.536287206113010E+04    4.536287206113010E+04    1.815895412064300E-01    6.932731726450879E+03    3.397063052216412E+33    1.135997066306429E+14    8.058822000000000E-02    0.000000000000000E+00    5.025906000000000E-01    7.446448000000000E-02    3.157851000000000E-03    1.938670000000000E-01    8.429152000000001E-03    1.600428000000000E-04    4.841249000000000E-03    7.353095000000000E-02    3.933849000000000E-02    7.888654000000000E-03    2.906779000000000E-03    0.000000000000000E+00    0.000000000000000E+00    0.000000000000000E+00    0.000000000000000E+00    0.000000000000000E+00    3.317446000000000E-04    0.000000000000000E+00    7.625738000000000E-03   -9.692678844501003E+39    5.919450202958001E+13    2.479675493247500E+13
                       57    8.657568391577242E+30    3.401391820504921E+33    1.138742804775851E+14    3.457149235344050E+07    9.809215775070029E-11    1.069201404798468E+04    4.536287206113010E+04    4.536287206113010E+04    1.826967549324750E-01    6.922899823871231E+03    3.404578247322715E+33    1.140721508050530E+14    8.264584000000000E-02    0.000000000000000E+00    5.052212000000000E-01    7.429350000000000E-02    3.185501000000000E-03    1.912516000000000E-01    8.416399000000000E-03    1.614441000000000E-04    4.813988000000000E-03    7.242062000000000E-02    3.874545000000000E-02    7.769709000000000E-03    2.863351000000000E-03    0.000000000000000E+00    0.000000000000000E+00    0.000000000000000E+00    0.000000000000000E+00    0.000000000000000E+00    3.276227000000000E-04    0.000000000000000E+00    7.602407000000000E-03   -9.964842962314502E+39    5.909450202958001E+13    2.489675493247500E+13
                       58    6.372686609158113E+30    3.407764674140508E+33    1.142700211325210E+14    3.476613166713825E+07    9.854493057883273E-11    1.078227309013725E+04    4.545952154065711E+04    4.545952154065711E+04    1.827039686585200E-01    6.915781511686919E+03    3.410998822795199E+33    1.144686196664457E+14    8.264584000000000E-02    0.000000000000000E+00    5.052212000000000E-01    7.429350000000000E-02    3.185501000000000E-03    1.912516000000000E-01    8.416399000000000E-03    1.614441000000000E-04    4.813988000000000E-03    7.242062000000000E-02    3.874545000000000E-02    7.769709000000000E-03    2.863351000000000E-03    0.000000000000000E+00    0.000000000000000E+00    0.000000000000000E+00    0.000000000000000E+00    0.000000000000000E+00    3.276227000000000E-04    0.000000000000000E+00    7.602407000000000E-03   -1.016484296231450E+40    5.930892948167001E+13    2.509675493247500E+13
                       59    6.468323158709077E+30    3.414232971449889E+33    1.146672182003705E+14    3.496113166713825E+07    9.899979331138360E-11    1.079094603590095E+04    4.546744428112825E+04    4.546744428112825E+04    1.827183961106100E-01    6.908603404424009E+03    3.417514841941476E+33    1.148667049049822E+14    8.264584000000000E-02    0.000000000000000E+00    5.052212000000000E-01    7.429350000000000E-02    3.185501000000000E-03    1.912516000000000E-01    8.416399000000000E-03    1.614441000000000E-04    4.813988000000000E-03    7.242062000000000E-02    3.874545000000000E-02    7.769709000000000E-03    2.863351000000000E-03    0.000000000000000E+00    0.000000000000000E+00    0.000000000000000E+00    0.000000000000000E+00    0.000000000000000E+00    3.276227000000000E-04    0.000000000000000E+00    7.602407000000000E-03   -1.037412158971000E+40    5.960892948167001E+13    2.519675493247500E+13
                       60    6.564081001262153E+30    3.420796712433063E+33    1.150661916095940E+14    3.515149235344050E+07    9.924772997523171E-11    1.079094603590095E+04    4.546744428112825E+04    4.546744428112825E+04    1.828183961106100E-01    6.901371271772528E+03    3.424027878472948E+33    1.152599675179718E+14    8.264584000000000E-02    0.000000000000000E+00    5.052212000000000E-01    7.429350000000000E-02    3.185501000000000E-03    1.912516000000000E-01    8.416399000000000E-03    1.614441000000000E-04    4.813988000000000E-03    7.242062000000000E-02    3.874545000000000E-02    7.769709000000000E-03    2.863351000000000E-03    0.000000000000000E+00    0.000000000000000E+00    0.000000000000000E+00    0.000000000000000E+00    0.000000000000000E+00    3.276227000000000E-04    0.000000000000000E+00    7.602407000000000E-03   -1.058133531575500E+40    5.981614320771501E+13    2.529675493247500E+13
                       61    6.461117161337668E+30    3.427259044512832E+33    1.154537434263495E+14    3.534149235344050E+07    9.970583668240412E-11    1.079094603590095E+04    4.546744428112825E+04    4.546744428112825E+04    1.828256098366550E-01    6.894313447369979E+03    3.430515065676101E+33    1.156485712256316E+14    8.264584000000000E-02    0.000000000000000E+00    5.052212000000000E-01    7.429350000000000E-02    3.185501000000000E-03    1.912516000000000E-01    8.416399000000000E-03    1.614441000000000E-04    4.813988000000000E-03    7.242062000000000E-02    3.874545000000000E-02    7.769709000000000E-03    2.863351000000000E-03    0.000000000000000E+00    0.000000000000000E+00    0.000000000000000E+00    0.000000000000000E+00    0.000000000000000E+00    3.276227000000000E-04    0.000000000000000E+00    7.602407000000000E-03   -1.078133531575500E+40    6.002335693376001E+13    2.540396865852000E+13
                       62    6.512274970490986E+30    3.433771086839368E+33    1.158433990249136E+14    3.553149235344050E+07    1.001660579140620E-10    1.079094603590095E+04    4.546744428112825E+04    4.546744428112825E+04    1.828400372887450E-01    6.887183947099911E+03    3.437066876200050E+33    1.160371359895078E+14    8.264584000000000E-02    0.000000000000000E+00    5.052212000000000E-01    7.429350000000000E-02    3.185501000000000E-03    1.912516000000000E-01    8.416399000000000E-03    1.614441000000000E-04    4.813988000000000E-03    7.242062000000000E-02    3.874545000000000E-02    7.769709000000000E-03    2.863351000000000E-03    0.000000000000000E+00    0.000000000000000E+00    0.000000000000000E+00    0.000000000000000E+00    0.000000000000000E+00    3.276227000000000E-04    0.000000000000000E+00    7.602407000000000E-03   -1.098133531575500E+40    6.032335693376001E+13    2.550396865852000E+13
                       63    6.590898685188258E+30    3.440362665560732E+33    1.162308729541021E+14    3.572649235344050E+07    1.006284034304070E-10    1.079969923144374E+04    4.547538528540239E+04    4.547538528540239E+04    1.828472510147900E-01    6.880061337360506E+03    3.443872208982514E+33    1.164355070030006E+14    8.264584000000000E-02    0.000000000000000E+00    5.052212000000000E-01    7.429350000000000E-02    3.185501000000000E-03    1.912516000000000E-01    8.416399000000000E-03    1.614441000000000E-04    4.813988000000000E-03    7.242062000000000E-02    3.874545000000000E-02    7.769709000000000E-03    2.863351000000000E-03    0.000000000000000E+00    0.000000000000000E+00    0.000000000000000E+00    0.000000000000000E+00    0.000000000000000E+00    3.276227000000000E-04    0.000000000000000E+00    7.602407000000000E-03   -1.108854904180000E+40    6.053778438585001E+13    2.561118238456500E+13
                       64    7.019138542220756E+30    3.447381752404297E+33    1.166401410518992E+14    3.593649235344050E+07    1.010928830366915E-10    1.079969923144374E+04    4.547538528540239E+04    4.547538528540239E+04    1.828616784668800E-01    6.872502730641632E+03    3.451246226987998E+33    1.168621559974421E+14    8.264584000000000E-02    0.000000000000000E+00    5.052212000000000E-01    7.429350000000000E-02    3.185501000000000E-03    1.912516000000000E-01    8.416399000000000E-03    1.614441000000000E-04    4.813988000000000E-03    7.242062000000000E-02    3.874545000000000E-02    7.769709000000000E-03    2.863351000000000E-03    0.000000000000000E+00    0.000000000000000E+00    0.000000000000000E+00    0.000000000000000E+00    0.000000000000000E+00    3.276227000000000E-04    0.000000000000000E+00    7.602407000000000E-03   -1.128854904180000E+40    6.083778438585001E+13    2.571118238456500E+13
                       65    7.728951155813193E+30    3.455110701571700E+33    1.170841709429851E+14    3.615185303974275E+07    1.015595065834271E-10    1.089079343023081E+04    4.557225756498992E+04    4.557225756498992E+04    1.828688921929250E-01    6.864263936011379E+03    3.459035822656458E+33    1.173072891423096E+14    8.264584000000000E-02    0.000000000000000E+00    5.052212000000000E-01    7.429350000000000E-02    3.185501000000000E-03    1.912516000000000E-01    8.416399000000000E-03    1.614441000000000E-04    4.813988000000000E-03    7.242062000000000E-02    3.874545000000000E-02    7.769709000000000E-03    2.863351000000000E-03    0.000000000000000E+00    0.000000000000000E+00    0.000000000000000E+00    0.000000000000000E+00    0.000000000000000E+00    3.276227000000000E-04    0.000000000000000E+00    7.602407000000000E-03   -1.158133531575500E+40    6.114499811189502E+13    2.581839611061000E+13
                       66    7.849999583511678E+30    3.462960943741216E+33    1.175304073416342E+14    3.636721372604500E+07    1.020486017080572E-10    1.089079343023081E+04    4.557225756498992E+04    4.557225756498992E+04    1.829761059189700E-01    6.855939497029352E+03    3.466946711327030E+33    1.177531563163115E+14    8.264584000000000E-02    0.000000000000000E+00    5.052212000000000E-01    7.429350000000000E-02    3.185501000000000E-03    1.912516000000000E-01    8.416399000000000E-03    1.614441000000000E-04    4.813988000000000E-03    7.242062000000000E-02    3.874545000000000E-02    7.769709000000000E-03    2.863351000000000E-03    0.000000000000000E+00    0.000000000000000E+00    0.000000000000000E+00    0.000000000000000E+00    0.000000000000000E+00    3.276227000000000E-04    0.000000000000000E+00    7.602407000000000E-03   -1.178854904180000E+40    6.145221183794002E+13    2.591839611061000E+13
                       67    7.972133682999564E+30    3.470932478912844E+33    1.179759052909887E+14    3.659185303974275E+07    1.025196366517451E-10    1.089962761809478E+04    4.558021687516951E+04    4.558021687516951E+04    1.831761059189700E-01    6.847581366635850E+03    3.475037551090900E+33    1.182040286552505E+14    8.264584000000000E-02    0.000000000000000E+00    5.052212000000000E-01    7.429350000000000E-02    3.185501000000000E-03    1.912516000000000E-01    8.416399000000000E-03    1.614441000000000E-04    4.813988000000000E-03    7.242062000000000E-02    3.874545000000000E-02    7.769709000000000E-03    2.863351000000000E-03    0.000000000000000E+00    0.000000000000000E+00    0.000000000000000E+00    0.000000000000000E+00    0.000000000000000E+00    3.276227000000000E-04    0.000000000000000E+00    7.602407000000000E-03   -1.198854904180000E+40    6.175942556398502E+13    2.611839611061000E+13
                       68    8.210243776605786E+30    3.479142623268956E+33    1.184321520195123E+14    3.681685303974275E+07    1.027559688218871E-10    1.089962761809478E+04    4.558021687516951E+04    4.558021687516951E+04    1.832761059189700E-01    6.838997177674131E+03    3.483315301382617E+33    1.186607762850392E+14    8.370200000000000E-02    0.000000000000000E+00    5.065714000000000E-01    7.420573000000000E-02    3.199693000000000E-03    1.899092000000000E-01    8.409853000000000E-03    1.621634000000000E-04    4.799994000000000E-03    7.185070000000000E-02    3.844104000000000E-02    7.708656000000000E-03    2.841060000000000E-03    0.000000000000000E+00    0.000000000000000E+00    0.000000000000000E+00    0.000000000000000E+00    0.000000000000000E+00    3.255070000000001E-04    0.000000000000000E+00    7.590431000000000E-03   -1.218854904180000E+40    6.195942556398502E+13    2.622560983665501E+13
                       69    8.345835434098556E+30    3.487487979496276E+33    1.188894005505662E+14    3.704221372604500E+07    1.034682391703067E-10    1.089962761809478E+04    4.558021687516951E+04    4.558021687516951E+04    1.834761059189700E-01    6.830325064547522E+03    3.491727269340604E+33    1.191176216184550E+14    8.370200000000000E-02    0.000000000000000E+00    5.065714000000000E-01    7.420573000000000E-02    3.199693000000000E-03    1.899092000000000E-01    8.409853000000000E-03    1.621634000000000E-04    4.799994000000000E-03    7.185070000000000E-02    3.844104000000000E-02    7.708656000000000E-03    2.841060000000000E-03    0.000000000000000E+00    0.000000000000000E+00    0.000000000000000E+00    0.000000000000000E+00    0.000000000000000E+00    3.255070000000001E-04    0.000000000000000E+00    7.590430000000000E-03   -1.239576276784500E+40    6.227385301607502E+13    2.642560983665501E+13
                       70    8.478005038203855E+30    3.495966559184932E+33    1.193458426863438E+14    3.726221372604500E+07    1.039665700472717E-10    1.099156470112548E+04    4.567731246842462E+04    4.567731246842462E+04    1.836688921929250E-01    6.821617526487706E+03    3.500015955886609E+33    1.195603129651952E+14    8.370200000000000E-02    0.000000000000000E+00    5.065714000000000E-01    7.420573000000000E-02    3.199693000000000E-03    1.899092000000000E-01    8.409853000000000E-03    1.621634000000000E-04    4.799994000000000E-03    7.185070000000000E-02    3.844104000000000E-02    7.708656000000000E-03    2.841060000000000E-03    0.000000000000000E+00    0.000000000000000E+00    0.000000000000000E+00    0.000000000000000E+00    0.000000000000000E+00    3.255070000000001E-04    0.000000000000000E+00    7.590430000000000E-03   -1.259576276784500E+40    6.267385301607502E+13    2.653282356270001E+13
                       71    8.098186938342597E+30    3.504065352588286E+33    1.197747832440465E+14    3.746221372604500E+07    1.046663449131315E-10    1.100048063072333E+04    4.568529012670911E+04    4.568529012670911E+04    1.838688921929250E-01    6.813370525954975E+03    3.507737945619465E+33    1.199683916671971E+14    8.370200000000000E-02    0.000000000000000E+00    5.065714000000000E-01    7.420573000000000E-02    3.199693000000000E-03    1.899092000000000E-01    8.409853000000000E-03    1.621634000000000E-04    4.799994000000000E-03    7.185070000000000E-02    3.844104000000000E-02    7.708656000000000E-03    2.841060000000000E-03    0.000000000000000E+00    0.000000000000000E+00    0.000000000000000E+00    0.000000000000000E+00    0.000000000000000E+00    3.255070000000001E-04    0.000000000000000E+00    7.590430000000000E-03   -1.279576276784500E+40    6.298828046816502E+13    2.673282356270001E+13
                       72    7.346019206094421E+30    3.511410538650644E+33    1.201620000903476E+14    3.765221372604500E+07    1.051704461896927E-10    1.100048063072333E+04    4.568529012670911E+04    4.568529012670911E+04    1.840688921929250E-01    6.805881811769629E+03    3.515118923059496E+33    1.203562899837767E+14    8.370200000000000E-02    0.000000000000000E+00    5.065714000000000E-01    7.420573000000000E-02    3.199693000000000E-03    1.899092000000000E-01    8.409853000000000E-03    1.621634000000000E-04    4.799994000000000E-03    7.185070000000000E-02    3.844104000000000E-02    7.708656000000000E-03    2.841060000000000E-03    0.000000000000000E+00    0.000000000000000E+00    0.000000000000000E+00    0.000000000000000E+00    0.000000000000000E+00    3.255070000000001E-04    0.000000000000000E+00    7.590430000000000E-03   -1.299576276784500E+40    6.338828046816502E+13    2.684003728874501E+13
                       73    7.417474703207826E+30    3.518827307468348E+33    1.205505798772058E+14    3.784221372604500E+07    1.049285608757028E-10    1.100048063072333E+04    4.568529012670911E+04    4.568529012670911E+04    1.856761059189700E-01    6.798318553036622E+03    3.522573471664743E+33    1.207446117619338E+14    8.565551000000000E-02    0.000000000000000E+00    5.090118000000000E-01    7.404041000000000E-02    3.225608000000000E-03    1.874607000000000E-01    8.397394000000001E-03    1.634768000000000E-04    4.774470000000000E-03    7.081187999999999E-02    3.788619000000000E-02    7.597371000000000E-03    2.800428000000000E-03    0.000000000000000E+00    0.000000000000000E+00    0.000000000000000E+00    0.000000000000000E+00    0.000000000000000E+00    3.216505000000000E-04    0.000000000000000E+00    7.568268000000000E-03   -1.309576276784500E+40    6.318828046816502E+13    2.694003728874501E+13
                       74    7.492143470672279E+30    3.526319635861138E+33    1.209386436466617E+14    3.804221372604500E+07    1.054128891069189E-10    1.100048063072333E+04    4.568529012670911E+04    4.568529012670911E+04    1.858688921929250E-01    6.790722616050175E+03    3.530379968817103E+33    1.211468642440108E+14    8.565597000000000E-02    0.000000000000000E+00    5.090124000000000E-01    7.404036999999999E-02    3.225614999999999E-03    1.874602000000000E-01    8.397391000000001E-03    1.634771000000000E-04    4.774463000000000E-03    7.081163000000000E-02    3.788606000000000E-02    7.597345000000000E-03    2.800419000000000E-03    0.000000000000000E+00    0.000000000000000E+00    0.000000000000000E+00    0.000000000000000E+00    0.000000000000000E+00    3.216496000000000E-04    0.000000000000000E+00    7.568263000000000E-03   -1.329576276784501E+40    6.349549419421002E+13    2.704003728874501E+13
                       75    8.120538653699112E+30    3.534440301773069E+33    1.213550848413599E+14    3.824757441234725E+07    1.058783240666039E-10    1.100947905840201E+04    4.569328617539523E+04    4.569328617539523E+04    1.859761059189700E-01    6.782530395438445E+03    3.538586136353474E+33    1.215658842343126E+14    8.565597000000000E-02    0.000000000000000E+00    5.090124000000000E-01    7.404036999999999E-02    3.225614999999999E-03    1.874602000000000E-01    8.397391000000001E-03    1.634771000000000E-04    4.774463000000000E-03    7.081163000000000E-02    3.788606000000000E-02    7.597345000000000E-03    2.800419000000000E-03    0.000000000000000E+00    0.000000000000000E+00    0.000000000000000E+00    0.000000000000000E+00    0.000000000000000E+00    3.216496000000000E-04    0.000000000000000E+00    7.568263000000000E-03   -1.349576276784500E+40    6.370270792025502E+13    2.714725101479001E+13
                       76    8.290917541879748E+30    3.542731970933880E+33    1.217766836272653E+14    3.845257441234725E+07    1.063670362055233E-10    1.110226682478812E+04    4.579060559710902E+04    4.579060559710902E+04    1.861688921929250E-01    6.774189835629053E+03    3.546920556326505E+33    1.219866455049297E+14    8.565597000000000E-02    0.000000000000000E+00    5.090124000000000E-01    7.404036999999999E-02    3.225614999999999E-03    1.874602000000000E-01    8.397391000000001E-03    1.634771000000000E-04    4.774463000000000E-03    7.081163000000000E-02    3.788606000000000E-02    7.597345000000000E-03    2.800419000000000E-03    0.000000000000000E+00    0.000000000000000E+00    0.000000000000000E+00    0.000000000000000E+00    0.000000000000000E+00    3.216496000000000E-04    0.000000000000000E+00    7.568263000000000E-03   -1.360297649389000E+40    6.400992164630002E+13    2.724725101479001E+13
                       77    8.377986033297872E+30    3.551109141719131E+33    1.221966073825941E+14    3.867721372604501E+07    1.066335128347362E-10    1.110226682478812E+04    4.579060559710902E+04    4.579060559710902E+04    1.862761059189700E-01    6.765856844315236E+03    3.555995658976372E+33    1.224383048306955E+14    8.565597000000000E-02    0.000000000000000E+00    5.090124000000000E-01    7.404036999999999E-02    3.225614999999999E-03    1.874602000000000E-01    8.397391000000001E-03    1.634771000000000E-04    4.774463000000000E-03    7.081163000000000E-02    3.788606000000000E-02    7.597345000000000E-03    2.800419000000000E-03    0.000000000000000E+00    0.000000000000000E+00    0.000000000000000E+00    0.000000000000000E+00    0.000000000000000E+00    3.216496000000000E-04    0.000000000000000E+00    7.568263000000000E-03   -1.379576276784501E+40    6.430992164630002E+13    2.735446474083501E+13
                       78    9.772706426852252E+30    3.560882176233612E+33    1.226800022787969E+14    3.894221372604500E+07    1.073726610342112E-10    1.110226682478812E+04    4.579060559710902E+04    4.579060559710902E+04    1.864688921929250E-01    6.756187895107631E+03    3.566938872699758E+33    1.229770994806843E+14    8.565597000000000E-02    0.000000000000000E+00    5.090124000000000E-01    7.404036999999999E-02    3.225614999999999E-03    1.874602000000000E-01    8.397391000000001E-03    1.634771000000000E-04    4.774463000000000E-03    7.081163000000000E-02    3.788606000000000E-02    7.597345000000000E-03    2.800419000000000E-03    0.000000000000000E+00    0.000000000000000E+00    0.000000000000000E+00    0.000000000000000E+00    0.000000000000000E+00    3.216496000000000E-04    0.000000000000000E+00    7.568263000000000E-03   -1.399576276784501E+40    6.461713537234502E+13    2.754725101479000E+13
                       79    1.211366534444481E+31    3.572995569165904E+33    1.232741966825717E+14    3.923257441234726E+07    1.078682707191783E-10    1.111134851389299E+04    4.579862007859107E+04    4.579862007859107E+04    1.866688921929250E-01    6.744235047996685E+03    3.579141744076232E+33    1.235694312757239E+14    8.565597000000000E-02    0.000000000000000E+00    5.090124000000000E-01    7.404036999999999E-02    3.225614999999999E-03    1.874602000000000E-01    8.397391000000001E-03    1.634771000000000E-04    4.774463000000000E-03    7.081163000000000E-02    3.788606000000000E-02    7.597345000000000E-03    2.800419000000000E-03    0.000000000000000E+00    0.000000000000000E+00    0.000000000000000E+00    0.000000000000000E+00    0.000000000000000E+00    3.216496000000000E-04    0.000000000000000E+00    7.568263000000000E-03   -1.420297649389000E+40    6.492434909839001E+13    2.765446474083500E+13
                       80    1.229223648129272E+31    3.585287918986560E+33    1.238646658688761E+14    3.952757441234725E+07    1.083878388587486E-10    1.120499483491087E+04    4.589616384474160E+04    4.589616384474160E+04    1.868688921929250E-01    6.732287290964576E+03    3.591533514390422E+33    1.241617579066313E+14    8.565597000000000E-02    0.000000000000000E+00    5.090124000000000E-01    7.404036999999999E-02    3.225614999999999E-03    1.874602000000000E-01    8.397391000000001E-03    1.634771000000000E-04    4.774463000000000E-03    7.081163000000000E-02    3.788606000000000E-02    7.597345000000000E-03    2.800419000000000E-03    0.000000000000000E+00    0.000000000000000E+00    0.000000000000000E+00    0.000000000000000E+00    0.000000000000000E+00    3.216496000000000E-04    0.000000000000000E+00    7.568263000000000E-03   -1.440297649389000E+40    6.533156282443501E+13    2.786167846688000E+13
                       81    1.249068972843774E+31    3.597779109794285E+33    1.244588499443865E+14    3.977721372604500E+07    1.083878388587486E-10    1.120499483491087E+04    4.589616384474160E+04    4.589616384474160E+04    1.878688921929250E-01    6.720200074858598E+03    3.602090976598893E+33    1.246612180185607E+14    8.745426000000001E-02    0.000000000000000E+00    5.112106000000000E-01    7.388567000000000E-02    3.249186000000000E-03    1.852355000000000E-01    8.385627000000000E-03    1.646717000000000E-04    4.751269000000000E-03    6.986831000000000E-02    3.738221000000000E-02    7.496290000000000E-03    2.763523000000000E-03    0.000000000000000E+00    0.000000000000000E+00    0.000000000000000E+00    0.000000000000000E+00    0.000000000000000E+00    3.181476000000000E-04    0.000000000000000E+00    7.547852000000000E-03   -1.460297649389000E+40    6.523877655048001E+13    2.796167846688000E+13
                       82    8.623266332897831E+30    3.606402843403502E+33    1.248635860927348E+14    3.996757441234725E+07    1.088881343916490E-10    1.121416055585040E+04    4.590419680151152E+04    4.590419680151152E+04    1.879761059189700E-01    6.711923959910623E+03    3.610470135794015E+33    1.250523386900627E+14    8.745426000000001E-02    0.000000000000000E+00    5.112106000000000E-01    7.388567000000000E-02    3.249186000000000E-03    1.852355000000000E-01    8.385627000000000E-03    1.646717000000000E-04    4.751269000000000E-03    6.986831000000000E-02    3.738221000000000E-02    7.496290000000000E-03    2.763523000000000E-03    0.000000000000000E+00    0.000000000000000E+00    0.000000000000000E+00    0.000000000000000E+00    0.000000000000000E+00    3.181476000000000E-04    0.000000000000000E+00    7.547852000000000E-03   -1.480297649389000E+40    6.554599027652501E+13    2.806889219292500E+13
                       83    8.135197211265899E+30    3.614537428184528E+33    1.252410912873906E+14    4.015293509864950E+07    1.091391474652802E-10    1.121416055585040E+04    4.590419680151152E+04    4.590419680151152E+04    1.880761059189700E-01    6.704182767127062E+03    3.618640511952714E+33    1.254296944328672E+14    8.745426000000001E-02    0.000000000000000E+00    5.112106000000000E-01    7.388567000000000E-02    3.249186000000000E-03    1.852355000000000E-01    8.385627000000000E-03    1.646717000000000E-04    4.751269000000000E-03    6.986831000000000E-02    3.738221000000000E-02    7.496290000000000E-03    2.763523000000000E-03    0.000000000000000E+00    0.000000000000000E+00    0.000000000000000E+00    0.000000000000000E+00    0.000000000000000E+00    3.181476000000000E-04    0.000000000000000E+00    7.547852000000000E-03   -1.490297649389000E+40    6.575320400257001E+13    2.816889219292500E+13
                       84    8.205485511785204E+30    3.622743595720899E+33    1.256182975783438E+14    4.034257441234725E+07    1.096429108811427E-10    1.121416055585040E+04    4.590419680151152E+04    4.590419680151152E+04    1.881761059189700E-01    6.696407867792482E+03    3.626889430301305E+33    1.258073517636625E+14    8.745426000000001E-02    0.000000000000000E+00    5.112106000000000E-01    7.388567000000000E-02    3.249186000000000E-03    1.852355000000000E-01    8.385627000000000E-03    1.646717000000000E-04    4.751269000000000E-03    6.986831000000000E-02    3.738221000000000E-02    7.496290000000000E-03    2.763523000000000E-03    0.000000000000000E+00    0.000000000000000E+00    0.000000000000000E+00    0.000000000000000E+00    0.000000000000000E+00    3.181476000000000E-04    0.000000000000000E+00    7.547852000000000E-03   -1.509576276784501E+40    6.595320400257001E+13    2.826889219292500E+13
                       85    8.292052923915915E+30    3.631035264881710E+33    1.259964059489811E+14    4.053221372604500E+07    1.098956638942776E-10    1.131792390591929E+04    4.601001690391372E+04    4.601001690391372E+04    1.882761059189700E-01    6.688592283938485E+03    3.635234786528625E+33    1.261861611616095E+14    8.745426000000001E-02    0.000000000000000E+00    5.112106000000000E-01    7.388567000000000E-02    3.249186000000000E-03    1.852355000000000E-01    8.385627000000000E-03    1.646717000000000E-04    4.751269000000000E-03    6.986831000000000E-02    3.738221000000000E-02    7.496290000000000E-03    2.763523000000000E-03    0.000000000000000E+00    0.000000000000000E+00    0.000000000000000E+00    0.000000000000000E+00    0.000000000000000E+00    3.181476000000000E-04    0.000000000000000E+00    7.547852000000000E-03   -1.519576276784500E+40    6.625320400257001E+13    2.836889219292500E+13
                       86    8.398603855247141E+30    3.639434308175538E+33    1.263759163742379E+14    4.071757441234725E+07    1.104029192313186E-10    1.131792390591929E+04    4.601001690391372E+04    4.601001690391372E+04    1.883761059189700E-01    6.680707325108793E+03    3.643656696535966E+33    1.265648170374334E+14    8.745426000000001E-02    0.000000000000000E+00    5.112106000000000E-01    7.388567000000000E-02    3.249186000000000E-03    1.852355000000000E-01    8.385627000000000E-03    1.646717000000000E-04    4.751269000000000E-03    6.986831000000000E-02    3.738221000000000E-02    7.496290000000000E-03    2.763523000000000E-03    0.000000000000000E+00    0.000000000000000E+00    0.000000000000000E+00    0.000000000000000E+00    0.000000000000000E+00    3.181476000000000E-04    0.000000000000000E+00    7.547852000000000E-03   -1.530297649389000E+40    6.646041772861501E+13    2.847610591897000E+13
                       87    8.446089071369282E+30    3.647879084896393E+33    1.267537177006289E+14    4.090293509864950E+07    1.106574242446419E-10    1.131792390591929E+04    4.601001690391372E+04    4.601001690391372E+04    1.885688921929250E-01    6.672831767679398E+03    3.652115392125915E+33    1.269407857514508E+14    8.745426000000001E-02    0.000000000000000E+00    5.112106000000000E-01    7.388567000000000E-02    3.249186000000000E-03    1.852355000000000E-01    8.385627000000000E-03    1.646717000000000E-04    4.751269000000000E-03    6.986831000000000E-02    3.738221000000000E-02    7.496290000000000E-03    2.763523000000000E-03    0.000000000000000E+00    0.000000000000000E+00    0.000000000000000E+00    0.000000000000000E+00    0.000000000000000E+00    3.181476000000000E-04    0.000000000000000E+00    7.547852000000000E-03   -1.540297649389000E+40    6.666041772861501E+13    2.857610591897000E+13
                       88    8.471302108529731E+30    3.656351699355437E+33    1.271278538022727E+14    4.111293509864950E+07    1.109347426752355E-10    1.131792390591929E+04    4.601001690391372E+04    4.601001690391372E+04    1.886688921929250E-01    6.665009036059278E+03    3.661692568268133E+33    1.273625851193550E+14    8.746851000000000E-02    0.000000000000000E+00    5.112277000000000E-01    7.388443000000000E-02    3.249370000000000E-03    1.852181000000000E-01    8.385531999999999E-03    1.646811000000000E-04    4.751088000000000E-03    6.986093000000000E-02    3.737827000000000E-02    7.495500000000000E-03    2.763234000000000E-03    0.000000000000000E+00    0.000000000000000E+00    0.000000000000000E+00    0.000000000000000E+00    0.000000000000000E+00    3.181202000000000E-04    0.000000000000000E+00    7.547689999999999E-03   -1.550297649389000E+40    6.686763145466001E+13    2.867610591897000E+13
                       89    1.068248745591118E+31    3.667033437180827E+33    1.275973164364373E+14    4.134793509864949E+07    1.109125159526130E-10    1.132726003033361E+04    4.601808693912741E+04    4.601808693912741E+04    1.892761059189700E-01    6.655163387065111E+03    3.672545309342402E+33    1.278382275115268E+14    8.874339000000001E-02    0.000000000000000E+00    5.127556000000000E-01    7.377317000000000E-02    3.265901000000000E-03    1.836595000000000E-01    8.377005999999999E-03    1.655188000000000E-04    4.734836000000000E-03    6.920036000000000E-02    3.702545000000000E-02    7.424735000000000E-03    2.737398000000000E-03    0.000000000000000E+00    0.000000000000000E+00    0.000000000000000E+00    0.000000000000000E+00    0.000000000000000E+00    3.156678000000000E-04    0.000000000000000E+00    7.533213000000000E-03   -1.569576276784500E+40    6.676763145466001E+13    2.868331964501500E+13
                       90    1.102449793049099E+31    3.678057181503977E+33    1.280791385866162E+14    4.158793509864950E+07    1.111904736682125E-10    1.142264736644538E+04    4.611608094684546E+04    4.611608094684546E+04    1.894688921929250E-01    6.645023041343824E+03    3.683610810272837E+33    1.283180793042730E+14    8.874339000000001E-02    0.000000000000000E+00    5.127556000000000E-01    7.377317000000000E-02    3.265901000000000E-03    1.836595000000000E-01    8.377005999999999E-03    1.655188000000000E-04    4.734836000000000E-03    6.920036000000000E-02    3.702545000000000E-02    7.424735000000000E-03    2.737398000000000E-03    0.000000000000000E+00    0.000000000000000E+00    0.000000000000000E+00    0.000000000000000E+00    0.000000000000000E+00    3.156678000000000E-04    0.000000000000000E+00    7.533213000000000E-03   -1.580297649389000E+40    6.697484518070501E+13    2.878331964501500E+13
                       91    1.110734105093388E+31    3.689164439041697E+33    1.285570200219297E+14    4.181757441234725E+07    1.116813247847169E-10    1.142264736644538E+04    4.611608094684546E+04    4.611608094684546E+04    1.895688921929250E-01    6.634915823081556E+03    3.694294536508098E+33    1.287733935319615E+14    8.874339000000001E-02    0.000000000000000E+00    5.127556000000000E-01    7.377317000000000E-02    3.265901000000000E-03    1.836595000000000E-01    8.377005999999999E-03    1.655188000000000E-04    4.734836000000000E-03    6.920036000000000E-02    3.702545000000000E-02    7.424735000000000E-03    2.737398000000000E-03    0.000000000000000E+00    0.000000000000000E+00    0.000000000000000E+00    0.000000000000000E+00    0.000000000000000E+00    3.156678000000000E-04    0.000000000000000E+00    7.533213000000000E-03   -1.599576276784500E+40    6.718205890675001E+13    2.888331964501500E+13
                       92    1.026008159343931E+31    3.699424633974499E+33    1.289897670419933E+14    4.202221372604501E+07    1.119612092111557E-10    1.142264736644538E+04    4.611608094684546E+04    4.611608094684546E+04    1.896688921929250E-01    6.625735500428526E+03    3.703880660494733E+33    1.291800510809239E+14    8.874342000000000E-02    0.000000000000000E+00    5.127557000000000E-01    7.377317000000000E-02    3.265901000000000E-03    1.836595000000000E-01    8.377005999999999E-03    1.655188000000000E-04    4.734835000000000E-03    6.920034999999999E-02    3.702544000000000E-02    7.424734000000000E-03    2.737397000000000E-03    0.000000000000000E+00    0.000000000000000E+00    0.000000000000000E+00    0.000000000000000E+00    0.000000000000000E+00    3.156678000000000E-04    0.000000000000000E+00    7.533213000000000E-03   -1.609576276784500E+40    6.738927263279501E+13    2.899053337106000E+13
                       93    8.910579628754474E+30    3.708336687014967E+33    1.293703351198545E+14    4.221221372604500E+07    1.117037055756203E-10    1.143206987695529E+04    4.612416958541161E+04    4.612416958541161E+04    1.895688921929250E-01    6.617684938696440E+03    3.712819557068456E+33    1.295592895998620E+14    9.012296000000000E-02    0.000000000000000E+00    5.143626000000000E-01    7.365039000000000E-02    3.283513000000000E-03    1.820011000000000E-01    8.367497999999999E-03    1.664114000000000E-04    4.717540000000000E-03    6.849801000000000E-02    3.665030999999999E-02    7.349495000000000E-03    2.709927000000000E-03    0.000000000000000E+00    0.000000000000000E+00    0.000000000000000E+00    0.000000000000000E+00    0.000000000000000E+00    3.130603000000000E-04    0.000000000000000E+00    7.517537000000000E-03   -1.620297649389000E+40    6.728927263279501E+13    2.908331964501500E+13
                       94    8.967016666114498E+30    3.717302427121945E+33    1.297482440798695E+14    4.239757441234725E+07    1.119612092111557E-10    1.152833982122126E+04    4.622238949264766E+04    4.622238949264766E+04    1.896688921929250E-01    6.609667964308930E+03    3.721793250814916E+33    1.299361216952209E+14    9.012297000000000E-02    0.000000000000000E+00    5.143626000000000E-01    7.365039000000000E-02    3.283513000000000E-03    1.820010000000000E-01    8.367497999999999E-03    1.664114000000000E-04    4.717540000000000E-03    6.849800000000000E-02    3.665030999999999E-02    7.349494000000000E-03    2.709927000000000E-03    0.000000000000000E+00    0.000000000000000E+00    0.000000000000000E+00    0.000000000000000E+00    0.000000000000000E+00    3.130602000000000E-04    0.000000000000000E+00    7.517537000000000E-03   -1.630297649389000E+40    6.748927263279501E+13    2.909053337106000E+13
                       95    8.981993369260594E+30    3.726284074507888E+33    1.301239993105723E+14    4.258293509864950E+07    1.122418423810116E-10    1.152833982122126E+04    4.622238949264766E+04    4.622238949264766E+04    1.897688921929250E-01    6.601672572468793E+03    3.730808701168661E+33    1.303115667246792E+14    9.012297000000000E-02    0.000000000000000E+00    5.143626000000000E-01    7.365039000000000E-02    3.283513000000000E-03    1.820010000000000E-01    8.367497999999999E-03    1.664114000000000E-04    4.717540000000000E-03    6.849800000000000E-02    3.665030999999999E-02    7.349494000000000E-03    2.709927000000000E-03    0.000000000000000E+00    0.000000000000000E+00    0.000000000000000E+00    0.000000000000000E+00    0.000000000000000E+00    3.130602000000000E-04    0.000000000000000E+00    7.517537000000000E-03   -1.639576276784501E+40    6.768927263279501E+13    2.919053337106000E+13
                       96    9.049438243664802E+30    3.735333327829435E+33    1.304991341387862E+14    4.277257441234725E+07    1.127372872376550E-10    1.152833982122126E+04    4.622238949264766E+04    4.622238949264766E+04    1.898688921929250E-01    6.593650853200189E+03    3.739867896539561E+33    1.306859828391233E+14    9.012297000000000E-02    0.000000000000000E+00    5.143626000000000E-01    7.365039000000000E-02    3.283513000000000E-03    1.820010000000000E-01    8.367497999999999E-03    1.664114000000000E-04    4.717540000000000E-03    6.849800000000000E-02    3.665030999999999E-02    7.349494000000000E-03    2.709927000000000E-03    0.000000000000000E+00    0.000000000000000E+00    0.000000000000000E+00    0.000000000000000E+00    0.000000000000000E+00    3.130602000000000E-04    0.000000000000000E+00    7.517537000000000E-03   -1.649576276784500E+40    6.780370008488501E+13    2.929053337106000E+13
                       97    9.067510900979578E+30    3.744402465249688E+33    1.308728315394605E+14    4.295757441234726E+07    1.129971735249944E-10    1.153784951714749E+04    4.623049677745144E+04    4.623049677745144E+04    1.907688921929250E-01    6.585603470010758E+03    3.748964871698005E+33    1.310600491180773E+14    9.012297000000000E-02    0.000000000000000E+00    5.143626000000000E-01    7.365039000000000E-02    3.283513000000000E-03    1.820010000000000E-01    8.367497999999999E-03    1.664114000000000E-04    4.717540000000000E-03    6.849800000000000E-02    3.665030999999999E-02    7.349494000000000E-03    2.709927000000000E-03    0.000000000000000E+00    0.000000000000000E+00    0.000000000000000E+00    0.000000000000000E+00    0.000000000000000E+00    3.130602000000000E-04    0.000000000000000E+00    7.517537000000000E-03   -1.659576276784500E+40    6.800370008488501E+13    2.939053337106000E+13
                       98    9.125325906379993E+30    3.753527278146322E+33    1.312472666966942E+14    4.316257441234725E+07    1.124779986721900E-10    1.153784951714749E+04    4.623049677745144E+04    4.623049677745144E+04    1.905688921929250E-01    6.577585674619004E+03    3.759070964865828E+33    1.314725501822208E+14    9.189483000000000E-02    0.000000000000000E+00    5.164265000000000E-01    7.349269000000000E-02    3.306133000000000E-03    1.798710000000000E-01    8.355286000000000E-03    1.675578000000000E-04    4.695326000000000E-03    6.759593000000000E-02    3.616850000000000E-02    7.252858000000000E-03    2.674644000000000E-03    0.000000000000000E+00    0.000000000000000E+00    0.000000000000000E+00    0.000000000000000E+00    0.000000000000000E+00    3.097112000000000E-04    0.000000000000000E+00    7.497402000000000E-03   -1.669576276784500E+40    6.770370008488501E+13    2.939774709710500E+13
                       99    1.108700956000599E+31    3.764614651585334E+33    1.316978336677475E+14    4.341757441234726E+07    1.127372872376550E-10    1.153784951714749E+04    4.623049677745144E+04    4.623049677745144E+04    1.906688921929250E-01    6.567910336066506E+03    3.771720234258274E+33    1.319821294610910E+14    9.189972000000000E-02    0.000000000000000E+00    5.164320999999999E-01    7.349226000000000E-02    3.306195000000000E-03    1.798651000000000E-01    8.355252000000001E-03    1.675610000000000E-04    4.695265000000000E-03    6.759344000000000E-02    3.616717000000000E-02    7.252592000000000E-03    2.674547000000000E-03    0.000000000000000E+00    0.000000000000000E+00    0.000000000000000E+00    0.000000000000000E+00    0.000000000000000E+00    3.097019000000000E-04    0.000000000000000E+00    7.497347000000000E-03   -1.679576276784500E+40    6.790370008488501E+13    2.949774709710500E+13
                      100    1.421134827958707E+31    3.778825816931213E+33    1.322664252544345E+14    4.369793509864949E+07    1.130198656637131E-10    1.164460792429953E+04    4.633706907898299E+04    4.633706907898299E+04    1.907688921929250E-01    6.555663652979447E+03    3.785968185186760E+33    1.325471448483029E+14    9.189972000000000E-02    0.000000000000000E+00    5.164320999999999E-01    7.349226000000000E-02    3.306195000000000E-03    1.798651000000000E-01    8.355252000000001E-03    1.675610000000000E-04    4.695265000000000E-03    6.759344000000000E-02    3.616717000000000E-02    7.252592000000000E-03    2.674547000000000E-03    0.000000000000000E+00    0.000000000000000E+00    0.000000000000000E+00    0.000000000000000E+00    0.000000000000000E+00    3.097019000000000E-04    0.000000000000000E+00    7.497347000000000E-03   -1.698854904180000E+40    6.810370008488501E+13    2.959774709710500E+13
                      101    1.428509641328139E+31    3.793110553442308E+33    1.328278644421714E+14    4.397293509864950E+07    1.135187447800372E-10    1.164460792429953E+04    4.633706907898299E+04    4.633706907898299E+04    1.908688921929250E-01    6.543511146641748E+03    3.799998405234406E+33    1.330989134389212E+14    9.189972000000000E-02    0.000000000000000E+00    5.164320999999999E-01    7.349226000000000E-02    3.306195000000000E-03    1.798651000000000E-01    8.355252000000001E-03    1.675610000000000E-04    4.695265000000000E-03    6.759344000000000E-02    3.616717000000000E-02    7.252592000000000E-03    2.674547000000000E-03    0.000000000000000E+00    0.000000000000000E+00    0.000000000000000E+00    0.000000000000000E+00    0.000000000000000E+00    3.097019000000000E-04    0.000000000000000E+00    7.497347000000000E-03   -1.708854904180000E+40    6.831091381093001E+13    2.969774709710500E+13
                      102    1.377623647804144E+31    3.806886257026504E+33    1.333699624356710E+14    4.424257441234725E+07    1.138032819461694E-10    1.164460792429953E+04    4.633706907898299E+04    4.633706907898299E+04    1.909688921929250E-01    6.531741827627884E+03    3.813739311645865E+33    1.336379050383284E+14    9.189990000000001E-02    0.000000000000000E+00    5.164323000000000E-01    7.349224000000001E-02    3.306198000000000E-03    1.798649000000000E-01    8.355250999999999E-03    1.675611000000000E-04    4.695262000000000E-03    6.759335000000000E-02    3.616712000000000E-02    7.252582000000000E-03    2.674544000000000E-03    0.000000000000000E+00    0.000000000000000E+00    0.000000000000000E+00    0.000000000000000E+00    0.000000000000000E+00    3.097016000000000E-04    0.000000000000000E+00    7.497344999999999E-03   -1.718854904180000E+40    6.851812753697502E+13    2.970496082315000E+13
                      103    1.370617684465726E+31    3.820592366265225E+33    1.339058476409857E+14    4.450221372604499E+07    1.135187447800372E-10    1.175235415483077E+04    4.644388705504216E+04    4.644388705504216E+04    1.908688921929250E-01    6.520142433787943E+03    3.827143182584241E+33    1.341585574968193E+14    9.377950000000000E-02    0.000000000000000E+00    5.185547000000000E-01    7.332153000000000E-02    3.329794000000000E-03    1.776460000000000E-01    8.341893000000000E-03    1.687570000000000E-04    4.672118000000000E-03    6.665440000000000E-02    3.566561000000000E-02    7.151996000000000E-03    2.637819000000000E-03    0.000000000000000E+00    0.000000000000000E+00    0.000000000000000E+00    0.000000000000000E+00    0.000000000000000E+00    3.062155000000000E-04    0.000000000000000E+00    7.475969000000000E-03   -1.728854904180000E+40    6.831091381093001E+13    2.980496082315000E+13
                      104    1.310088499591807E+31    3.833693998903255E+33    1.344112673526529E+14    4.475221372604500E+07    1.138032819461694E-10    1.175235415483077E+04    4.644388705504216E+04    4.644388705504216E+04    1.909688921929250E-01    6.509169437132233E+03    3.840265693525913E+33    1.346627649914803E+14    9.377950000000000E-02    0.000000000000000E+00    5.185547000000000E-01    7.332153000000000E-02    3.329794000000000E-03    1.776460000000000E-01    8.341893000000000E-03    1.687570000000000E-04    4.672118000000000E-03    6.665440000000000E-02    3.566561000000000E-02    7.151996000000000E-03    2.637819000000000E-03    0.000000000000000E+00    0.000000000000000E+00    0.000000000000000E+00    0.000000000000000E+00    0.000000000000000E+00    3.062155000000000E-04    0.000000000000000E+00    7.475969000000000E-03   -1.728854904180000E+40    6.851812753697502E+13    2.990496082315000E+13
                      105    1.314291003853527E+31    3.846837388148569E+33    1.349142626303077E+14    4.500221372604499E+07    1.140656256051016E-10    1.175235415483077E+04    4.644388705504216E+04    4.644388705504216E+04    1.930761059189700E-01    6.498103088984945E+03    3.853441891534093E+33    1.351646676441451E+14    9.377950000000000E-02    0.000000000000000E+00    5.185547000000000E-01    7.332153000000000E-02    3.329794000000000E-03    1.776460000000000E-01    8.341893000000000E-03    1.687570000000000E-04    4.672118000000000E-03    6.665440000000000E-02    3.566561000000000E-02    7.151996000000000E-03    2.637819000000000E-03    0.000000000000000E+00    0.000000000000000E+00    0.000000000000000E+00    0.000000000000000E+00    0.000000000000000E+00    3.062155000000000E-04    0.000000000000000E+00    7.475969000000000E-03   -1.738854904180000E+40    6.861812753697502E+13    2.991217454919500E+13
                      106    1.320957147945043E+31    3.860046394919616E+33    1.354150726579826E+14    4.525221372604500E+07    1.140656256051016E-10    1.176213027723315E+04    4.645205053685947E+04    4.645205053685947E+04    1.931688921929250E-01    6.487079544653973E+03    3.866685695477877E+33    1.356646913140105E+14    9.377950000000000E-02    0.000000000000000E+00    5.185547000000000E-01    7.332153000000000E-02    3.329794000000000E-03    1.776460000000000E-01    8.341893000000000E-03    1.687570000000000E-04    4.672118000000000E-03    6.665440000000000E-02    3.566561000000000E-02    7.151996000000000E-03    2.637819000000000E-03    0.000000000000000E+00    0.000000000000000E+00    0.000000000000000E+00    0.000000000000000E+00    0.000000000000000E+00    3.062155000000000E-04    0.000000000000000E+00    7.475969000000000E-03   -1.748133531575500E+40    6.871812753697502E+13    3.000496082315000E+13
                      107    1.327832870436930E+31    3.873324996036138E+33    1.359143099700385E+14    4.549757441234725E+07    1.140885805064027E-10    1.186109734895830E+04    4.655095127196714E+04    4.655095127196714E+04    1.931688921929250E-01    6.476088516376342E+03    3.879992134332588E+33    1.361649778107879E+14    9.377985000000000E-02    0.000000000000000E+00    5.185551000000000E-01    7.332150000000000E-02    3.329799000000000E-03    1.776456000000000E-01    8.341889999999999E-03    1.687572000000000E-04    4.672113000000000E-03    6.665422999999999E-02    3.566552000000000E-02    7.151977000000000E-03    2.637812000000000E-03    0.000000000000000E+00    0.000000000000000E+00    0.000000000000000E+00    0.000000000000000E+00    0.000000000000000E+00    3.062148000000000E-04    0.000000000000000E+00    7.475965000000000E-03   -1.758133531575500E+40    6.872534126302002E+13    3.001217454919501E+13
                      108    1.333479357946751E+31    3.886659272629039E+33    1.364156456515372E+14    4.574257441234725E+07    1.133032002424723E-10    1.186109734895830E+04    4.655095127196714E+04    4.655095127196714E+04    1.929688921929250E-01    6.465138598245290E+03    3.893366179122903E+33    1.366665173533558E+14    9.619952000000000E-02    0.000000000000000E+00    5.211952000000000E-01    7.309704000000000E-02    3.359627000000000E-03    1.748450000000000E-01    8.324138000000000E-03    1.702690000000000E-04    4.642895000000000E-03    6.547016999999999E-02    3.503310000000000E-02    7.025132000000000E-03    2.591501000000000E-03    0.000000000000000E+00    0.000000000000000E+00    0.000000000000000E+00    0.000000000000000E+00    0.000000000000000E+00    3.018185000000000E-04    0.000000000000000E+00    7.448425000000000E-03   -1.758133531575500E+40    6.831812753697501E+13    3.001217454919501E+13
                      109    1.341453478051211E+31    3.900073085616768E+33    1.369173890551744E+14    4.600721372604500E+07    1.135415416609092E-10    1.187096392870754E+04    4.655913357255360E+04    4.655913357255360E+04    1.929688921929250E-01    6.454156600640751E+03    3.907529622631886E+33    1.371930650196831E+14    9.619952000000000E-02    0.000000000000000E+00    5.211952000000000E-01    7.309704000000000E-02    3.359627000000000E-03    1.748450000000000E-01    8.324138000000000E-03    1.702690000000000E-04    4.642895000000000E-03    6.547016000000000E-02    3.503310000000000E-02    7.025132000000000E-03    2.591501000000000E-03    0.000000000000000E+00    0.000000000000000E+00    0.000000000000000E+00    0.000000000000000E+00    0.000000000000000E+00    3.018185000000000E-04    0.000000000000000E+00    7.448425000000000E-03   -1.768133531575500E+40    6.832534126302001E+13    3.001217454919501E+13
                      110    1.491236019109180E+31    3.914986159647004E+33    1.374687409841918E+14    4.628221372604500E+07    1.135643910940191E-10    1.187096392870754E+04    4.655913357255360E+04    4.655913357255360E+04    1.930616784668800E-01    6.442080717734533E+03    3.922546093975398E+33    1.377455939412220E+14    9.619952000000000E-02    0.000000000000000E+00    5.211952000000000E-01    7.309704000000000E-02    3.359627000000000E-03    1.748450000000000E-01    8.324138000000000E-03    1.702690000000000E-04    4.642895000000000E-03    6.547016000000000E-02    3.503310000000000E-02    7.025132000000000E-03    2.591501000000000E-03    0.000000000000000E+00    0.000000000000000E+00    0.000000000000000E+00    0.000000000000000E+00    0.000000000000000E+00    3.018185000000000E-04    0.000000000000000E+00    7.448425000000000E-03   -1.768133531575500E+40    6.842534126302002E+13    3.011217454919501E+13
                      111    1.511971952604767E+31    3.930106028303792E+33    1.380224468982522E+14    4.653721372604501E+07    1.138032819461694E-10    1.197084673147261E+04    4.665826229740168E+04    4.665826229740168E+04    1.930688921929250E-01    6.429927123671818E+03    3.936674740311643E+33    1.382605571872872E+14    9.619952000000000E-02    0.000000000000000E+00    5.211952000000000E-01    7.309704000000000E-02    3.359627000000000E-03    1.748450000000000E-01    8.324138000000000E-03    1.702690000000000E-04    4.642895000000000E-03    6.547016000000000E-02    3.503310000000000E-02    7.025132000000000E-03    2.591501000000000E-03    0.000000000000000E+00    0.000000000000000E+00    0.000000000000000E+00    0.000000000000000E+00    0.000000000000000E+00    3.018185000000000E-04    0.000000000000000E+00    7.448425000000000E-03   -1.777412158971000E+40    6.852534126302002E+13    3.011217454919501E+13
                      112    1.313756718121271E+31    3.943243452319493E+33    1.384986674763224E+14    4.672221372604501E+07    1.140656256051016E-10    1.198080460556025E+04    4.666646346013901E+04    4.666646346013901E+04    1.930688921929250E-01    6.419450196232890E+03    3.947042309377462E+33    1.386365110712113E+14    9.619952000000000E-02    0.000000000000000E+00    5.211952000000000E-01    7.309704000000000E-02    3.359627000000000E-03    1.748450000000000E-01    8.324138000000000E-03    1.702690000000000E-04    4.642895000000000E-03    6.547016000000000E-02    3.503310000000000E-02    7.025132000000000E-03    2.591501000000000E-03    0.000000000000000E+00    0.000000000000000E+00    0.000000000000000E+00    0.000000000000000E+00    0.000000000000000E+00    3.018185000000000E-04    0.000000000000000E+00    7.448425000000000E-03   -1.777412158971000E+40    6.863255498906502E+13    3.021217454919501E+13
                      113    7.597254793257119E+30    3.950841166435430E+33    1.387743546661002E+14    4.685721372604500E+07    1.140885805064027E-10    1.198080460556025E+04    4.666646346013901E+04    4.666646346013901E+04    1.944688921929250E-01    6.413339886263833E+03    3.954679791690813E+33    1.389137202630403E+14    9.620599000000001E-02    0.000000000000000E+00    5.212020000000001E-01    7.309643000000000E-02    3.359705000000000E-03    1.748376000000000E-01    8.324089000000000E-03    1.702729000000000E-04    4.642818000000000E-03    6.546705999999999E-02    3.503144000000000E-02    7.024800000000000E-03    2.591380000000000E-03    0.000000000000000E+00    0.000000000000000E+00    0.000000000000000E+00    0.000000000000000E+00    0.000000000000000E+00    3.018070000000000E-04    0.000000000000000E+00    7.448351000000000E-03   -1.777412158971000E+40    6.872534126302002E+13    3.021217454919501E+13
                      114    7.677188870059182E+30    3.958518416946197E+33    1.390530858599805E+14    4.699721372604500E+07    1.130426101132141E-10    1.198080460556025E+04    4.666646346013901E+04    4.666646346013901E+04    1.941688921929250E-01    6.407228178722473E+03    3.962373943685480E+33    1.391926683194693E+14    9.921436000000000E-02    0.000000000000000E+00    5.243723000000000E-01    7.281169999999999E-02    3.396121000000000E-03    1.714236000000000E-01    8.301347000000001E-03    1.721185000000000E-04    4.607193000000000E-03    6.402497000000000E-02    3.426119000000000E-02    6.870313000000000E-03    2.534976000000000E-03    0.000000000000000E+00    0.000000000000000E+00    0.000000000000000E+00    0.000000000000000E+00    0.000000000000000E+00    2.964523000000000E-04    0.000000000000000E+00    7.414079000000000E-03   -1.777412158971000E+40    6.811812753697501E+13    3.011938827524001E+13
                      115    7.712025810993811E+30    3.966229470424763E+33    1.393322507789581E+14    4.713221372604500E+07    1.130426101132141E-10    1.198080460556025E+04    4.666646346013901E+04    4.666646346013901E+04    1.941688921929250E-01    6.401106956046656E+03    3.970093945008465E+33    1.394713912766405E+14    9.921523000000000E-02    0.000000000000000E+00    5.243732000000000E-01    7.281161999999999E-02    3.396131000000000E-03    1.714226000000000E-01    8.301341000000000E-03    1.721190000000000E-04    4.607183000000001E-03    6.402455000000000E-02    3.426097000000000E-02    6.870268000000000E-03    2.534960000000000E-03    0.000000000000000E+00    0.000000000000000E+00    0.000000000000000E+00    0.000000000000000E+00    0.000000000000000E+00    2.964507000000000E-04    0.000000000000000E+00    7.414069000000000E-03   -1.777412158971000E+40    6.811812753697501E+13    3.021217454919501E+13
                      116    7.728448088115906E+30    3.973958419592167E+33    1.396105317743228E+14    4.726721372604501E+07    1.132804033616003E-10    1.198080460556025E+04    4.666646346013901E+04    4.666646346013901E+04    1.941688921929250E-01    6.394992227413483E+03    3.977823888380803E+33    1.397489088369496E+14    9.921523000000000E-02    0.000000000000000E+00    5.243732000000000E-01    7.281161999999999E-02    3.396131000000000E-03    1.714226000000000E-01    8.301341000000000E-03    1.721190000000000E-04    4.607183000000001E-03    6.402455000000000E-02    3.426097000000000E-02    6.870268000000000E-03    2.534960000000000E-03    0.000000000000000E+00    0.000000000000000E+00    0.000000000000000E+00    0.000000000000000E+00    0.000000000000000E+00    2.964507000000000E-04    0.000000000000000E+00    7.414069000000000E-03   -1.777412158971000E+40    6.812534126302001E+13    3.021217454919501E+13
                      117    7.730012966684145E+30    3.981689357169440E+33    1.398872858995765E+14    4.740721372604501E+07    1.133032002424723E-10    1.208161161252042E+04    4.676582070029832E+04    4.676582070029832E+04    1.942688921929250E-01    6.388906721567811E+03    3.985566756417302E+33    1.400256779917818E+14    9.921523000000000E-02    0.000000000000000E+00    5.243732000000000E-01    7.281161999999999E-02    3.396131000000000E-03    1.714226000000000E-01    8.301341000000000E-03    1.721190000000000E-04    4.607183000000001E-03    6.402455000000000E-02    3.426097000000000E-02    6.870268000000000E-03    2.534960000000000E-03    0.000000000000000E+00    0.000000000000000E+00    0.000000000000000E+00    0.000000000000000E+00    0.000000000000000E+00    2.964507000000000E-04    0.000000000000000E+00    7.414069000000000E-03   -1.786690786366500E+40    6.822534126302001E+13    3.021217454919501E+13
                      118    7.755402972323089E+30    3.989444155665163E+33    1.401640700839871E+14    4.754221372604500E+07    1.133032002424723E-10    1.209166162568255E+04    4.677404076866827E+04    4.677404076866827E+04    1.942688921929250E-01    6.382820577984076E+03    3.993330502757442E+33    1.403017217930089E+14    9.921523000000000E-02    0.000000000000000E+00    5.243732000000000E-01    7.281161999999999E-02    3.396131000000000E-03    1.714226000000000E-01    8.301341000000000E-03    1.721190000000000E-04    4.607183000000001E-03    6.402455000000000E-02    3.426097000000000E-02    6.870268000000000E-03    2.534960000000000E-03    0.000000000000000E+00    0.000000000000000E+00    0.000000000000000E+00    0.000000000000000E+00    0.000000000000000E+00    2.964507000000000E-04    0.000000000000000E+00    7.414069000000000E-03   -1.786690786366500E+40    6.831812753697501E+13    3.021938827524001E+13
                      119    7.772336270781955E+30    3.997216849849721E+33    1.404393735020306E+14    4.767721372604500E+07    1.135415416609092E-10    1.209166162568255E+04    4.677404076866827E+04    4.677404076866827E+04    1.942688921929250E-01    6.376754178512494E+03    4.001118110016031E+33    1.405760201900239E+14    9.921523000000000E-02    0.000000000000000E+00    5.243732000000000E-01    7.281161999999999E-02    3.396131000000000E-03    1.714226000000000E-01    8.301341000000000E-03    1.721190000000000E-04    4.607183000000001E-03    6.402455000000000E-02    3.426097000000000E-02    6.870268000000000E-03    2.534960000000000E-03    0.000000000000000E+00    0.000000000000000E+00    0.000000000000000E+00    0.000000000000000E+00    0.000000000000000E+00    2.964507000000000E-04    0.000000000000000E+00    7.414069000000000E-03   -1.786690786366500E+40    6.832534126302001E+13    3.031217454919501E+13
                      120    7.802804675230659E+30    4.005019370182340E+33    1.407126668780172E+14    4.784221372604500E+07    1.135643910940191E-10    1.209166162568255E+04    4.677404076866827E+04    4.677404076866827E+04    1.943616784668800E-01    6.370728052725344E+03    4.010583935205489E+33    1.409096954544027E+14    9.921523000000000E-02    0.000000000000000E+00    5.243732000000000E-01    7.281161999999999E-02    3.396131000000000E-03    1.714226000000000E-01    8.301341000000000E-03    1.721190000000000E-04    4.607183000000001E-03    6.402455000000000E-02    3.426097000000000E-02    6.870268000000000E-03    2.534960000000000E-03    0.000000000000000E+00    0.000000000000000E+00    0.000000000000000E+00    0.000000000000000E+00    0.000000000000000E+00    2.964507000000000E-04    0.000000000000000E+00    7.414069000000000E-03   -1.786690786366500E+40    6.842534126302002E+13    3.031938827524001E+13
                      121    1.112867867725634E+31    4.016148500228638E+33    1.411067240307881E+14    4.805721372604501E+07    1.138032819461694E-10    1.209166162568255E+04    4.677404076866827E+04    4.677404076866827E+04    1.960688921929250E-01    6.361944226224406E+03    4.023242152442353E+33    1.413534966178788E+14    9.921523000000000E-02    0.000000000000000E+00    5.243732000000000E-01    7.281161999999999E-02    3.396131000000000E-03    1.714226000000000E-01    8.301341000000000E-03    1.721190000000000E-04    4.607183000000001E-03    6.402455000000000E-02    3.426097000000000E-02    6.870268000000000E-03    2.534960000000000E-03    0.000000000000000E+00    0.000000000000000E+00    0.000000000000000E+00    0.000000000000000E+00    0.000000000000000E+00    2.964507000000000E-04    0.000000000000000E+00    7.414069000000000E-03   -1.776690786366500E+40    6.852534126302002E+13    3.031938827524001E+13
                      122    1.418755297866443E+31    4.030335804656069E+33    1.416002692049694E+14    4.829721372604500E+07    1.138261840526625E-10    1.209166162568255E+04    4.677404076866827E+04    4.677404076866827E+04    1.960688921929250E-01    6.350940608917072E+03    4.037458288812909E+33    1.418448067933776E+14    9.921523000000000E-02    0.000000000000000E+00    5.243732000000000E-01    7.281161999999999E-02    3.396131000000000E-03    1.714226000000000E-01    8.301341000000000E-03    1.721190000000000E-04    4.607183000000001E-03    6.402455000000000E-02    3.426097000000000E-02    6.870268000000000E-03    2.534960000000000E-03    0.000000000000000E+00    0.000000000000000E+00    0.000000000000000E+00    0.000000000000000E+00    0.000000000000000E+00    2.964507000000000E-04    0.000000000000000E+00    7.414069000000000E-03   -1.776690786366500E+40    6.853255498906502E+13    3.041217454919501E+13
                      123    1.424538190293394E+31    4.044580772969749E+33    1.420893443817858E+14    4.853721372604500E+07    1.140656256051016E-10    1.220354439318274E+04    4.688186606850538E+04    4.688186606850538E+04    1.960688921929250E-01    6.340013574506957E+03    4.051693315077236E+33    1.423303375720870E+14    9.931632000000000E-02    0.000000000000000E+00    5.244797000000000E-01    7.280204999999999E-02    3.397355000000000E-03    1.713079000000000E-01    8.300577000000000E-03    1.721810000000000E-04    4.605985000000000E-03    6.397609000000000E-02    3.423509000000000E-02    6.865077000000000E-03    2.533065000000000E-03    0.000000000000000E+00    0.000000000000000E+00    0.000000000000000E+00    0.000000000000000E+00    0.000000000000000E+00    2.962708000000000E-04    0.000000000000000E+00    7.412917000000000E-03   -1.775969413762000E+40    6.863255498906502E+13    3.041938827524001E+13
                      124    1.422566284224622E+31    4.058805857184723E+33    1.425713307623882E+14    4.876221372604500E+07    1.132804033616003E-10    1.220354439318274E+04    4.688186606850538E+04    4.688186606850538E+04    1.958688921929250E-01    6.329329951283606E+03    4.065073325097163E+33    1.427863205483184E+14    1.021052000000000E-01    0.000000000000000E+00    5.274187000000000E-01    7.253808000000000E-02    3.431113000000000E-03    1.681429000000000E-01    8.279494000000000E-03    1.738920000000000E-04    4.572959000000000E-03    6.263920000000001E-02    3.352103000000000E-02    6.721859000000000E-03    2.480776000000000E-03    0.000000000000000E+00    0.000000000000000E+00    0.000000000000000E+00    0.000000000000000E+00    0.000000000000000E+00    2.913067000000000E-04    0.000000000000000E+00    7.381145000000000E-03   -1.775969413762000E+40    6.812534126302001E+13    3.041938827524001E+13
                      125    1.253348229726503E+31    4.071340793009603E+33    1.430013103342486E+14    4.897185303974275E+07    1.133032002424723E-10    1.220354439318274E+04    4.688186606850538E+04    4.688186606850538E+04    1.959616784668800E-01    6.319792781144289E+03    4.077641069684911E+33    1.432153017288527E+14    1.021052000000000E-01    0.000000000000000E+00    5.274187000000000E-01    7.253808000000000E-02    3.431113000000000E-03    1.681429000000000E-01    8.279494000000000E-03    1.738920000000000E-04    4.572959000000000E-03    6.263920000000001E-02    3.352103000000000E-02    6.721859000000000E-03    2.480776000000000E-03    0.000000000000000E+00    0.000000000000000E+00    0.000000000000000E+00    0.000000000000000E+00    0.000000000000000E+00    2.913067000000000E-04    0.000000000000000E+00    7.381145000000000E-03   -1.765969413762000E+40    6.832534126302001E+13    3.051938827524001E+13
                      126    1.260237871087485E+31    4.083941346360216E+33    1.434292931234569E+14    4.918149235344050E+07    1.135643910940191E-10    1.220354439318274E+04    4.688186606850538E+04    4.688186606850538E+04    1.959688921929250E-01    6.310277621522268E+03    4.090249576675006E+33    1.436419751810225E+14    1.021052000000000E-01    0.000000000000000E+00    5.274187000000000E-01    7.253808000000000E-02    3.431113000000000E-03    1.681429000000000E-01    8.279494000000000E-03    1.738920000000000E-04    4.572959000000000E-03    6.263920000000001E-02    3.352103000000000E-02    6.721859000000000E-03    2.480776000000000E-03    0.000000000000000E+00    0.000000000000000E+00    0.000000000000000E+00    0.000000000000000E+00    0.000000000000000E+00    2.913067000000000E-04    0.000000000000000E+00    7.381145000000000E-03   -1.765248041157500E+40    6.843255498906502E+13    3.052660200128501E+13
                      127    1.261621406675516E+31    4.096557806989795E+33    1.438546572385882E+14    4.939149235344050E+07    1.140656256051016E-10    1.221378125003953E+04    4.689012407898701E+04    4.689012407898701E+04    1.960688921929250E-01    6.300774004236397E+03    4.103041017373207E+33    1.440714716780342E+14    1.021052000000000E-01    0.000000000000000E+00    5.274187000000000E-01    7.253808000000000E-02    3.431113000000000E-03    1.681429000000000E-01    8.279494000000000E-03    1.738920000000000E-04    4.572959000000000E-03    6.263920000000001E-02    3.352103000000000E-02    6.721859000000000E-03    2.480776000000000E-03    0.000000000000000E+00    0.000000000000000E+00    0.000000000000000E+00    0.000000000000000E+00    0.000000000000000E+00    2.913067000000000E-04    0.000000000000000E+00    7.381145000000000E-03   -1.765248041157500E+40    6.863255498906502E+13    3.062660200128501E+13
                      128    1.296650030321681E+31    4.109524227756618E+33    1.442882861174803E+14    4.960185303974275E+07    1.143515818464396E-10    1.231646239918467E+04    4.698993993132953E+04    4.698993993132953E+04    1.961688921929250E-01    6.291056568526657E+03    4.116143644216172E+33    1.445077179982087E+14    1.021052000000000E-01    0.000000000000000E+00    5.274187000000000E-01    7.253808000000000E-02    3.431113000000000E-03    1.681429000000000E-01    8.279494000000000E-03    1.738920000000000E-04    4.572959000000000E-03    6.263920000000001E-02    3.352103000000000E-02    6.721859000000000E-03    2.480776000000000E-03    0.000000000000000E+00    0.000000000000000E+00    0.000000000000000E+00    0.000000000000000E+00    0.000000000000000E+00    2.913067000000000E-04    0.000000000000000E+00    7.381145000000000E-03   -1.755248041157500E+40    6.883255498906502E+13    3.072660200128501E+13
                      129    1.323788245918943E+31    4.122763060675725E+33    1.447271498789372E+14    4.989685303974275E+07    1.146151894671801E-10    1.231646239918467E+04    4.698993993132953E+04    4.698993993132953E+04    1.978688921929250E-01    6.281113748776309E+03    4.129420256922822E+33    1.451085085580206E+14    1.021052000000000E-01    0.000000000000000E+00    5.274187000000000E-01    7.253808000000000E-02    3.431113000000000E-03    1.681429000000000E-01    8.279494000000000E-03    1.738920000000000E-04    4.572959000000000E-03    6.263920000000001E-02    3.352103000000000E-02    6.721859000000000E-03    2.480776000000000E-03    0.000000000000000E+00    0.000000000000000E+00    0.000000000000000E+00    0.000000000000000E+00    0.000000000000000E+00    2.913067000000000E-04    0.000000000000000E+00    7.381145000000000E-03   -1.745248041157500E+40    6.893976871511002E+13    3.082660200128501E+13
                      130    1.331450981037652E+31    4.136077453169920E+33    1.454898672371040E+14    5.031649235344050E+07    1.148794047662455E-10    1.231646239918467E+04    4.698993993132953E+04    4.698993993132953E+04    1.979688921929250E-01    6.263785146227309E+03    4.145417014332588E+33    1.459612346613640E+14    1.021120000000000E-01    0.000000000000000E+00    5.274256000000000E-01    7.253743000000000E-02    3.431194000000000E-03    1.681354000000000E-01    8.279441000000000E-03    1.738960000000000E-04    4.572880000000000E-03    6.263602000000000E-02    3.351934000000000E-02    6.721519000000000E-03    2.480652000000000E-03    0.000000000000000E+00    0.000000000000000E+00    0.000000000000000E+00    0.000000000000000E+00    0.000000000000000E+00    2.912949000000000E-04    0.000000000000000E+00    7.381068000000000E-03   -1.734526668553000E+40    6.923976871511002E+13    3.092660200128501E+13
                      131    1.867917203558425E+31    4.154756575495257E+33    1.464326020856241E+14    5.108649235344049E+07    1.143746427027510E-10    1.232679397651173E+04    4.699821697849137E+04    4.699821697849137E+04    1.978616784668800E-01    6.242472596917572E+03    4.188473047467749E+33    1.475447057008438E+14    1.050831000000000E-01    0.000000000000000E+00    5.304524000000000E-01    7.225101000000000E-02    3.466532000000000E-03    1.648268000000000E-01    8.256362000000000E-03    1.756870000000000E-04    4.538348000000000E-03    6.123968000000000E-02    3.277353000000000E-02    6.571933000000000E-03    2.426038000000000E-03    0.000000000000000E+00    0.000000000000000E+00    0.000000000000000E+00    0.000000000000000E+00    0.000000000000000E+00    2.861099000000000E-04    0.000000000000000E+00    7.347190000000000E-03   -1.723805295948500E+40    6.893976871511002E+13    3.102660200128501E+13
                      132    6.743328197466100E+31    4.222189519440241E+33    1.486568093160635E+14    5.217149235344049E+07    1.159423708111049E-10    1.244085239686718E+04    4.710655905786360E+04    4.710655905786360E+04    1.982616784668800E-01    6.191396856791541E+03    4.257792992380024E+33    1.497692371661106E+14    1.051068000000000E-01    0.000000000000000E+00    5.304763000000000E-01    7.224872000000000E-02    3.466812000000000E-03    1.648005000000000E-01    8.256177000000000E-03    1.757012000000000E-04    4.538074000000000E-03    6.122861000000000E-02    3.276762000000000E-02    6.570747000000000E-03    2.425605000000000E-03    0.000000000000000E+00    0.000000000000000E+00    0.000000000000000E+00    0.000000000000000E+00    0.000000000000000E+00    2.860688000000000E-04    0.000000000000000E+00    7.346920000000000E-03   -1.673083923344000E+40    6.976140989324502E+13    3.143381572733001E+13
                      133    7.120656808169245E+31    4.293396465319808E+33    1.508816650161576E+14    5.316613166713826E+07    1.175789967908201E-10    1.255596618679218E+04    4.721515089152257E+04    4.721515089152257E+04    1.987616784668800E-01    6.139455342353834E+03    4.324286412661102E+33    1.517914668135012E+14    1.082249000000000E-01    0.000000000000000E+00    5.335393000000000E-01    7.194250000000001E-02    3.503214000000000E-03    1.613970000000000E-01    8.231288000000000E-03    1.775461000000000E-04    4.502542999999999E-03    5.979353000000000E-02    3.200112000000000E-02    6.417011000000000E-03    2.369477000000000E-03    0.000000000000000E+00    0.000000000000000E+00    0.000000000000000E+00    0.000000000000000E+00    0.000000000000000E+00    2.807396000000000E-04    0.000000000000000E+00    7.311328000000000E-03   -1.612362550739500E+40    7.078305107138002E+13    3.205545690546501E+13
                      134    6.177979526209489E+31    4.355176360002397E+33    1.527012686108448E+14    5.438077098083600E+07    1.200410402784869E-10    1.267214511150130E+04    4.732399305521152E+04    4.732399305521152E+04    1.994544647408350E-01    6.095934597576612E+03    4.409643877385493E+33    1.542541658997647E+14    1.098068000000000E-01    0.000000000000000E+00    5.350313000000000E-01    7.178410000000000E-02    3.521307000000000E-03    1.597078000000000E-01    8.218298000000001E-03    1.784630000000000E-04    4.484905000000000E-03    5.908204000000000E-02    3.162111000000000E-02    6.340791000000000E-03    2.341648999999999E-03    0.000000000000000E+00    0.000000000000000E+00    0.000000000000000E+00    0.000000000000000E+00    0.000000000000000E+00    2.780973000000000E-04    0.000000000000000E+00    7.293250000000000E-03   -1.561641178135000E+40    7.231190597556002E+13    3.287709808360000E+13
                      135    1.089358698983384E+32    4.464111394768589E+33    1.558070631886847E+14    5.592504960823149E+07    1.225794048011691E-10    1.278939902656528E+04    4.743308612600068E+04    4.743308612600068E+04    2.002400372887450E-01    6.019783390903187E+03    4.523633450043000E+33    1.573789705708373E+14    1.138002000000000E-01    0.000000000000000E+00    5.386272000000000E-01    7.137594000000000E-02    3.565943000000000E-03    1.555470000000000E-01    8.184515000000000E-03    1.807252000000000E-04    4.441444000000000E-03    5.733150000000000E-02    3.068612000000000E-02    6.153260000000000E-03    2.273182000000000E-03    0.000000000000000E+00    0.000000000000000E+00    0.000000000000000E+00    0.000000000000000E+00    0.000000000000000E+00    2.715956000000000E-04    0.000000000000000E+00    7.247551000000000E-03   -1.450919805530500E+40    7.384797460578502E+13    3.389152553569001E+13
                      136    1.190444088103022E+32    4.583155505317410E+33    1.589508779529899E+14    5.739932823562700E+07    1.260136259502443E-10    1.290773787874728E+04    4.754243068229059E+04    4.754243068229059E+04    2.011400372887450E-01    5.940184599116683E+03    4.639490139569092E+33    1.603536492467789E+14    1.184914000000000E-01    0.000000000000000E+00    5.426754000000000E-01    7.088799000000000E-02    3.617302000000000E-03    1.507657000000000E-01    8.143815000000000E-03    1.833282000000000E-04    4.391487000000000E-03    5.532202999999999E-02    2.961284000000000E-02    5.937990000000000E-03    2.194589000000000E-03    0.000000000000000E+00    0.000000000000000E+00    0.000000000000000E+00    0.000000000000000E+00    0.000000000000000E+00    2.641316000000000E-04    0.000000000000000E+00    7.193796000000001E-03   -1.320198432926000E+40    7.579125696205502E+13    3.522038043987001E+13
                      137    1.126685725599089E+32    4.695824773820774E+33    1.617564205405678E+14    5.884396754932475E+07    1.274986101642392E-10    1.302717170684707E+04    4.765202730381533E+04    4.765202730381533E+04    2.128472510147900E-01    5.864131879302393E+03    4.759286863253973E+33    1.632792752654968E+14    1.226626000000000E-01    0.000000000000000E+00    5.460810000000000E-01    7.044493000000000E-02    3.661776000000000E-03    1.466317000000000E-01    8.106522999999999E-03    1.855822000000000E-04    4.348278000000000E-03    5.358702000000000E-02    2.868615000000000E-02    5.752122000000000E-03    2.126730000000000E-03    0.000000000000000E+00    0.000000000000000E+00    0.000000000000000E+00    0.000000000000000E+00    0.000000000000000E+00    2.576864000000000E-04    0.000000000000000E+00    7.145917000000000E-03   -1.179477060321500E+40    7.671289814019002E+13    3.602759416591501E+13
                      138    1.269231250091665E+32    4.822748952687172E+33    1.648021299904258E+14    6.029324617672025E+07    1.272053714981483E-10    1.303819132715031E+04    4.766043884217439E+04    4.766043884217439E+04    2.127400372887450E-01    5.781800176869868E+03    4.884112275501849E+33    1.662201692325772E+14    1.273273000000000E-01    0.000000000000000E+00    5.496453000000000E-01    6.993798000000000E-02    3.710004000000000E-03    1.421563000000000E-01    8.063437999999999E-03    1.880264000000000E-04    4.301481000000000E-03    5.171180000000000E-02    2.768458000000000E-02    5.551234000000000E-03    2.053387000000000E-03    0.000000000000000E+00    0.000000000000000E+00    0.000000000000000E+00    0.000000000000000E+00    0.000000000000000E+00    2.507195000000000E-04    0.000000000000000E+00    7.092263000000000E-03   -1.016899962237900E+40    7.661289814019002E+13    3.633480789196001E+13
                      139    1.227278187911781E+32    4.945475598316527E+33    1.676382084747285E+14    6.157752480411575E+07    1.269128072622742E-10    1.315883222614639E+04    4.777030750060272E+04    4.777030750060272E+04    2.125472510147900E-01    5.705380396023663E+03    4.998353382008000E+33    1.688233736925008E+14    1.320792000000000E-01    0.000000000000000E+00    5.530832000000000E-01    6.941261000000000E-02    3.757938000000000E-03    1.377142000000000E-01    8.018469000000000E-03    1.904557000000000E-04    4.255012000000000E-03    4.985285000000000E-02    2.669169000000000E-02    5.352089000000000E-03    1.980681000000000E-03    0.000000000000000E+00    0.000000000000000E+00    0.000000000000000E+00    0.000000000000000E+00    0.000000000000000E+00    2.438122000000000E-04    0.000000000000000E+00    7.037514000000000E-03   -8.515392759356503E+39    7.641289814019002E+13    3.654923534405001E+13
                      140    1.057556668034400E+32    5.051231165699474E+33    1.700085389102732E+14    6.283180343151125E+07    1.263296958801579E-10    1.317005671648688E+04    4.777875786485874E+04    4.777875786485874E+04    2.123472510147900E-01    5.641863536064178E+03    5.113354061084758E+33    1.713683357088631E+14    1.361583000000000E-01    0.000000000000000E+00    5.559074000000001E-01    6.895577999999999E-02    3.798293000000000E-03    1.339779000000000E-01    7.979160000000001E-03    1.925010000000000E-04    4.215913000000000E-03    4.829088000000000E-02    2.585743000000000E-02    5.184758000000000E-03    1.919590000000000E-03    0.000000000000000E+00    0.000000000000000E+00    0.000000000000000E+00    0.000000000000000E+00    0.000000000000000E+00    2.380078000000000E-04    0.000000000000000E+00    6.990452000000000E-03   -7.053950014147502E+39    7.601289814019002E+13    3.674923534405001E+13
                      141    1.242462481048379E+32    5.175476956470041E+33    1.727281325074530E+14    6.417144274520899E+07    1.251969007063873E-10    1.328058940163715E+04    4.788042943244611E+04    4.788042943244611E+04    2.120472510147900E-01    5.569743572038829E+03    5.239499777486776E+33    1.740975608308748E+14    1.408685000000000E-01    0.000000000000000E+00    5.590121000000000E-01    6.842117000000000E-02    3.843911000000000E-03    1.297579000000000E-01    7.932910000000000E-03    1.948129000000000E-04    4.171740000000000E-03    4.652887000000000E-02    2.491632000000000E-02    4.995997000000000E-03    1.850675000000000E-03    0.000000000000000E+00    0.000000000000000E+00    0.000000000000000E+00    0.000000000000000E+00    0.000000000000000E+00    2.314594000000000E-04    0.000000000000000E+00    6.936025000000000E-03   -5.283950014147502E+39    7.540568441414502E+13    3.675644907009501E+13
                      142    1.280453040037936E+32    5.303522598503513E+33    1.754669891542967E+14    6.550644274520899E+07    1.240490886214565E-10    1.329191775090804E+04    4.788889927680360E+04    4.788889927680360E+04    2.116472510147900E-01    5.497913974404865E+03    5.369034738513402E+33    1.768363344965632E+14    1.457938000000000E-01    0.000000000000000E+00    5.620783000000000E-01    6.785405000000000E-02    3.890476000000000E-03    1.254542000000000E-01    7.883562000000000E-03    1.971729000000000E-04    4.126674000000000E-03    4.473431000000000E-02    2.395783000000000E-02    4.803749000000000E-03    1.780487000000000E-03    0.000000000000000E+00    0.000000000000000E+00    0.000000000000000E+00    0.000000000000000E+00    0.000000000000000E+00    2.247893000000000E-04    0.000000000000000E+00    6.879010000000000E-03   -3.374671386752002E+39    7.469847068810002E+13    3.675644907009501E+13
                      143    1.310229279010653E+32    5.434546878523290E+33    1.782056798388298E+14    6.690072137260450E+07    1.229117997409730E-10    1.329191775090804E+04    4.788889927680360E+04    4.788889927680360E+04    2.112472510147900E-01    5.426881257496218E+03    5.507281917388490E+33    1.796930022938354E+14    1.508491000000000E-01    0.000000000000000E+00    5.650564000000000E-01    6.726448000000000E-02    3.937199000000000E-03    1.211391000000000E-01    7.832001000000000E-03    1.995408000000000E-04    4.081470000000000E-03    4.293728000000000E-02    2.299802000000000E-02    4.611236000000000E-03    1.710202000000000E-03    0.000000000000000E+00    0.000000000000000E+00    0.000000000000000E+00    0.000000000000000E+00    0.000000000000000E+00    2.181091000000000E-04    0.000000000000000E+00    6.820391000000000E-03   -1.355392759356502E+39    7.398404323601002E+13    3.675644907009501E+13
                      144    1.454706344851625E+32    5.580016956253689E+33    1.811803247488410E+14    6.815463931369776E+07    1.215048400037928E-10    1.340347318240176E+04    4.788889927680360E+04    4.799080522156001E+04    2.108544647408350E-01    5.350753318408022E+03    5.633625480572643E+33    1.822586115590808E+14    1.563220000000000E-01    0.000000000000000E+00    5.680693999999999E-01    6.661702000000000E-02    3.986437000000000E-03    1.165950000000000E-01    7.775057000000000E-03    2.020363000000000E-04    4.033845000000000E-03    4.104773000000000E-02    2.198880000000000E-02    4.408812000000000E-03    1.636298000000000E-03    0.000000000000000E+00    0.000000000000000E+00    0.000000000000000E+00    0.000000000000000E+00    0.000000000000000E+00    2.110840000000000E-04    0.000000000000000E+00    6.756794000000000E-03    6.589327905341479E+38    7.317682950996502E+13    3.675644907009501E+13
                      145    1.072166310718367E+32    5.687234004891598E+33    1.833368983693207E+14    6.920427862739550E+07    1.198621022173706E-10    1.340347318240176E+04    4.788889927680360E+04    4.799080522156001E+04    2.290905333710600E-01    5.291599687491120E+03    5.741599119166354E+33    1.844222047382539E+14    1.603219000000000E-01    0.000000000000000E+00    5.701095000000000E-01    6.613687000000000E-02    4.021385000000000E-03    1.133717000000000E-01    7.732586000000000E-03    2.038074000000000E-04    4.000044000000000E-03    3.970963000000000E-02    2.127411000000000E-02    4.265463000000000E-03    1.583962000000000E-03    0.000000000000000E+00    0.000000000000000E+00    0.000000000000000E+00    0.000000000000000E+00    0.000000000000000E+00    2.061082000000000E-04    0.000000000000000E+00    6.710206000000000E-03    2.013838701323047E+39    7.216240205787502E+13    3.654923534405001E+13
                      146    1.087300694767211E+32    5.795964233441110E+33    1.855075111071871E+14    7.025427862739550E+07    1.179456397417689E-10    1.329191775090804E+04    4.788889927680360E+04    4.788889927680360E+04    2.283905333710600E-01    5.233191441822869E+03    5.850874172020436E+33    1.865952740441076E+14    1.644855000000000E-01    0.000000000000000E+00    5.720833000000000E-01    6.563072000000000E-02    4.056796000000000E-03    1.101069000000000E-01    7.687596000000000E-03    2.056021000000000E-04    3.965793000000000E-03    3.835648000000000E-02    2.055138000000000E-02    4.120502000000000E-03    1.531038000000000E-03    0.000000000000000E+00    0.000000000000000E+00    0.000000000000000E+00    0.000000000000000E+00    0.000000000000000E+00    2.010757000000000E-04    0.000000000000000E+00    6.661607000000000E-03    3.936870574919998E+39    7.103354715369502E+13    3.624202161800501E+13
                      147    1.098211497409706E+32    5.905784110599762E+33    1.876830369810281E+14    7.132391794109325E+07    1.160598193820023E-10    1.329191775090804E+04    4.788889927680360E+04    4.788889927680360E+04    2.276049608231500E-01    5.175784406984551E+03    5.963207399255651E+33    1.888111145431182E+14    1.688751000000000E-01    0.000000000000000E+00    5.740149000000000E-01    6.509081999999999E-02    4.093164000000000E-03    1.067550000000000E-01    7.639391000000000E-03    2.074453000000000E-04    3.930608000000000E-03    3.696935000000000E-02    1.981051000000000E-02    3.971901000000000E-03    1.476784000000000E-03    0.000000000000000E+00    0.000000000000000E+00    0.000000000000000E+00    0.000000000000000E+00    0.000000000000000E+00    1.959159000000000E-04    0.000000000000000E+00    6.610260000000000E-03    5.730378221479499E+39    6.982633342765002E+13    3.594202161800501E+13
                      148    1.148452251930659E+32    6.020630687911540E+33    1.899391921052083E+14    7.241819656848875E+07    1.142041512045215E-10    1.329191775090804E+04    4.788889927680360E+04    4.788889927680360E+04    2.269121745491950E-01    5.117379587689451E+03    6.078938818959890E+33    1.910744033211591E+14    1.736457000000000E-01    0.000000000000000E+00    5.759599000000000E-01    6.449770000000001E-02    4.131684000000000E-03    1.032052000000000E-01    7.586214000000000E-03    2.093975000000000E-04    3.893329000000000E-03    3.550264000000000E-02    1.902713000000000E-02    3.814774999999999E-03    1.419418000000000E-03    0.000000000000000E+00    0.000000000000000E+00    0.000000000000000E+00    0.000000000000000E+00    0.000000000000000E+00    1.904593000000000E-04    0.000000000000000E+00    6.554342000000000E-03    7.500378221479499E+39    6.880469224951502E+13    3.564202161800501E+13
                      149    1.166179522450894E+32    6.137246950008240E+33    1.922096145371098E+14    7.353283588218650E+07    1.126372115069445E-10    1.329191775090804E+04    4.788889927680360E+04    4.788889927680360E+04    2.263121745491950E-01    5.059564957704099E+03    6.197979946893906E+33    1.933813980399422E+14    1.785965000000000E-01    0.000000000000000E+00    5.778212000000000E-01    6.387576000000000E-02    4.170631000000000E-03    9.961609000000000E-02    7.530234000000000E-03    2.113714000000000E-04    3.855616000000000E-03    3.402204000000000E-02    1.823633000000000E-02    3.656160000000000E-03    1.361508000000000E-03    0.000000000000000E+00    0.000000000000000E+00    0.000000000000000E+00    0.000000000000000E+00    0.000000000000000E+00    1.849500000000000E-04    0.000000000000000E+00    6.496186000000000E-03    9.226149202315498E+39    6.779026479742502E+13    3.543480789196001E+13
                      150    1.214657949303447E+32    6.258712943779572E+33    1.945531815427745E+14    7.476283588218650E+07    1.108362670447991E-10    1.317005671648688E+04    4.777875786485874E+04    4.777875786485874E+04    2.256193882752400E-01    5.001021215643936E+03    6.331339614306818E+33    1.959419113231232E+14    1.837620000000000E-01    0.000000000000000E+00    5.796014000000000E-01    6.322034999999999E-02    4.210202000000000E-03    9.596879000000000E-02    7.471016000000000E-03    2.133769000000000E-04    3.817272000000000E-03    3.251993000000000E-02    1.743405000000000E-02    3.495241000000000E-03    1.302757000000000E-03    0.000000000000000E+00    0.000000000000000E+00    0.000000000000000E+00    0.000000000000000E+00    0.000000000000000E+00    1.793597000000000E-04    0.000000000000000E+00    6.435376000000000E-03    1.094129802701000E+40    6.676862361929001E+13    3.522759416591501E+13
                      151    1.452523468495572E+32    6.403966284834063E+33    1.973306411034719E+14    7.623247519588424E+07    1.088354527858243E-10    1.317005671648688E+04    4.777875786485874E+04    4.777875786485874E+04    2.248338157273300E-01    4.933128077948667E+03    6.492371981890235E+33    1.990042559830723E+14    1.898177000000000E-01    0.000000000000000E+00    5.814840000000000E-01    6.244390000000000E-02    4.255240000000000E-03    9.181613000000000E-02    7.400584000000000E-03    2.156594000000000E-04    3.773588000000000E-03    3.081289000000000E-02    1.652232000000000E-02    3.312369000000000E-03    1.235990000000000E-03    0.000000000000000E+00    0.000000000000000E+00    0.000000000000000E+00    0.000000000000000E+00    0.000000000000000E+00    1.730054000000000E-04    0.000000000000000E+00    6.363910000000000E-03    1.305572547910000E+40    6.556140989324501E+13    3.502038043987001E+13
                      152    1.768125672741650E+32    6.580777678946405E+33    2.006778708626727E+14    7.784175382327975E+07    1.066032360611362E-10    1.317005671648688E+04    4.767732013538798E+04    4.777875786485874E+04    2.239410294533750E-01    4.853303420878950E+03    6.669881307867191E+33    2.023481529395133E+14    1.968661000000000E-01    0.000000000000000E+00    5.833958000000000E-01    6.152941000000000E-02    4.305794000000000E-03    8.715098000000000E-02    7.317254000000000E-03    2.182216000000000E-04    3.724473000000000E-03    2.889963000000000E-02    1.550044000000000E-02    3.107404000000000E-03    1.161157000000000E-03    0.000000000000000E+00    0.000000000000000E+00    0.000000000000000E+00    0.000000000000000E+00    0.000000000000000E+00    1.658815000000000E-04    0.000000000000000E+00    6.280474000000000E-03    1.519179410932500E+40    6.423255498906502E+13    3.462038043987001E+13
                      153    1.782070192323869E+32    6.758984936787976E+33    2.040184350163539E+14    7.931139313697751E+07    1.041766501532809E-10    1.304931291074481E+04    4.766886977113195E+04    4.766886977113195E+04    2.418915255356900E-01    4.769209864567308E+03    6.834240285164286E+33    2.054158381347343E+14    2.036070000000000E-01    0.000000000000000E+00    5.849168000000000E-01    6.064329000000000E-02    4.352069000000000E-03    8.287430000000000E-02    7.236102000000000E-03    2.205669000000000E-04    3.679404000000000E-03    2.715069000000000E-02    1.456633000000000E-02    2.920043000000000E-03    1.092750000000000E-03    0.000000000000000E+00    0.000000000000000E+00    0.000000000000000E+00    0.000000000000000E+00    0.000000000000000E+00    1.593673000000000E-04    0.000000000000000E+00    6.200378000000000E-03    1.730522939678500E+40    6.271091381093002E+13    3.421316671382501E+13
                      154    1.505092849816100E+32    6.909495633540595E+33    2.068132412531148E+14    8.068103245067525E+07    1.020191945361055E-10    1.294079767446205E+04    4.755923441300730E+04    4.756766534196486E+04    2.408059529877800E-01    4.700619144461481E+03    6.989621591895179E+33    2.082921623727976E+14    2.091441000000000E-01    0.000000000000000E+00    5.859297000000000E-01    5.990681000000000E-02    4.388471000000000E-03    7.950354000000000E-02    7.168347000000000E-03    2.224117000000000E-04    3.643846000000000E-03    2.577618000000000E-02    1.383220000000000E-02    2.772794000000000E-03    1.038988000000000E-03    0.000000000000000E+00    0.000000000000000E+00    0.000000000000000E+00    0.000000000000000E+00    0.000000000000000E+00    1.542461000000000E-04    0.000000000000000E+00    6.134341000000000E-03    1.912587841029000E+40    6.138927263279502E+13    3.379873926173501E+13
                      155    1.602526723049188E+32    7.069747550249762E+33    2.097710834924804E+14    8.193067176437300E+07    9.971727189407763E-11    1.282215572825110E+04    4.745826274756825E+04    4.745826274756825E+04    2.405554569054650E-01    4.629741734276243E+03    7.132396380045846E+33    2.109181958120219E+14    2.150518000000000E-01    0.000000000000000E+00    5.867751000000000E-01    5.911270000000000E-02    4.425692000000000E-03    7.604853000000000E-02    7.094990000000000E-03    2.242981000000000E-04    3.607362000000000E-03    2.437141000000000E-02    1.308191000000000E-02    2.622303000000000E-03    9.840414999999999E-04    0.000000000000000E+00    0.000000000000000E+00    0.000000000000000E+00    0.000000000000000E+00    0.000000000000000E+00    1.490102000000000E-04    0.000000000000000E+00    6.063628000000000E-03    2.108358821865000E+40    6.006763145466002E+13    3.329873926173500E+13
                      156    1.252972221419954E+32    7.195045209841930E+33    2.120653081315634E+14    8.326531107807074E+07    9.812290297997501E-11    1.281113610794786E+04    4.734911177215631E+04    4.744985120920920E+04    2.404977470971050E-01    4.575659822690953E+03    7.286049758599103E+33    2.137236459369758E+14    2.197530000000000E-01    0.000000000000000E+00    5.872915000000000E-01    5.847536000000000E-02    4.454228000000000E-03    7.339300999999999E-02    7.035917000000000E-03    2.257443000000000E-04    3.579295000000000E-03    2.329452000000000E-02    1.250675000000000E-02    2.506938000000000E-03    9.419197000000000E-04    0.000000000000000E+00    0.000000000000000E+00    0.000000000000000E+00    0.000000000000000E+00    0.000000000000000E+00    1.449952000000000E-04    0.000000000000000E+00    6.007178000000000E-03    2.271244312282999E+40    5.904599027652501E+13    3.299152553569000E+13
                      157    1.820105092853542E+32    7.377054307356276E+33    2.153819837423881E+14    8.462995039176850E+07    9.590893584918467E-11    1.270460149794093E+04    4.734911177215631E+04    4.734911177215631E+04    2.403400372887450E-01    4.499293069386567E+03    7.444225775403262E+33    2.165953934065155E+14    2.267289000000000E-01    0.000000000000000E+00    5.878338000000000E-01    5.752213000000000E-02    4.495006000000000E-03    6.958698999999999E-02    6.947287000000000E-03    2.278110000000000E-04    3.539031000000000E-03    2.175522000000000E-02    1.168461000000000E-02    2.342035000000000E-03    8.817100000000000E-04    0.000000000000000E+00    0.000000000000000E+00    0.000000000000000E+00    0.000000000000000E+00    0.000000000000000E+00    1.392542000000000E-04    0.000000000000000E+00    5.923146000000000E-03    2.545572547910000E+40    5.782434909839001E+13    3.259152553569000E+13
                      158    1.343416436275564E+32    7.511397243450248E+33    2.178088030706429E+14    8.570495039176850E+07    9.415840048717270E-11    1.258812501129235E+04    4.724021183702154E+04    4.724021183702154E+04    2.402823274803850E-01    4.444450057536737E+03    7.570214407425496E+33    2.188653877386889E+14    2.319437000000000E-01    0.000000000000000E+00    5.880769000000000E-01    5.680426000000001E-02    4.524345000000000E-03    6.683908000000000E-02    6.880341000000000E-03    2.292980000000000E-04    3.509930000000000E-03    2.064688000000000E-02    1.109265000000000E-02    2.223301000000000E-03    8.383570000000000E-04    0.000000000000000E+00    0.000000000000000E+00    0.000000000000000E+00    0.000000000000000E+00    0.000000000000000E+00    1.351191000000000E-04    0.000000000000000E+00    5.860123000000000E-03    2.757736665723500E+40    5.670992164630001E+13    3.227709808360001E+13
                      159    1.176343478345954E+32    7.629031571400744E+33    2.199219724067348E+14    8.671958970546624E+07    9.284753718074266E-11    1.247271638749215E+04    4.713156236478737E+04    4.713156236478737E+04    2.401462588501600E-01    4.397387071726166E+03    7.688947331829554E+33    2.209962509478644E+14    2.365022000000000E-01    0.000000000000000E+00    5.881814000000000E-01    5.617334000000000E-02    4.549222000000000E-03    6.450177000000000E-02    6.821372000000000E-03    2.305587000000000E-04    3.485159000000000E-03    1.970627000000000E-02    1.059027000000000E-02    2.122535000000000E-03    8.015644000000000E-04    0.000000000000000E+00    0.000000000000000E+00    0.000000000000000E+00    0.000000000000000E+00    0.000000000000000E+00    1.316088000000000E-04    0.000000000000000E+00    5.804888000000000E-03    2.938458038328000E+40    5.589549419421001E+13    3.197709808360001E+13
                      160    1.198328729763301E+32    7.748863092258363E+33    2.220705294889940E+14    8.774422901916400E+07    9.117149417270768E-11    1.247271638749215E+04    4.712320873105110E+04    4.713156236478737E+04    2.400957627678450E-01    4.350411823942630E+03    7.809061206888811E+33    2.231457263041233E+14    2.410991000000000E-01    0.000000000000000E+00    5.881829000000000E-01    5.553393000000000E-02    4.573561000000000E-03    6.220706000000000E-02    6.761485000000001E-03    2.317922000000000E-04    3.460819000000000E-03    1.878485000000000E-02    1.009815000000000E-02    2.023825000000000E-03    7.655223000000000E-04    0.000000000000000E+00    0.000000000000000E+00    0.000000000000000E+00    0.000000000000000E+00    0.000000000000000E+00    1.281692000000000E-04    0.000000000000000E+00    5.749044000000000E-03    3.079900783537000E+40    5.488106674212002E+13    3.157709808360001E+13
                      161    1.203955532015402E+32    7.869259321519259E+33    2.242209231192526E+14    8.876422901916400E+07    8.971376279478092E-11    1.235836583631471E+04    4.702316277940499E+04    4.702316277940499E+04    2.567452666855300E-01    4.300941808041319E+03    7.929754703425376E+33    2.252945539341281E+14    2.456519000000000E-01    0.000000000000000E+00    5.880767000000000E-01    5.489745000000000E-02    4.596888000000000E-03    5.999873000000000E-02    6.701743000000000E-03    2.329745000000000E-04    3.437375000000000E-03    1.790029000000000E-02    9.625707000000001E-03    1.929064000000000E-03    7.309212999999999E-04    0.000000000000000E+00    0.000000000000000E+00    0.000000000000000E+00    0.000000000000000E+00    0.000000000000000E+00    1.248661000000000E-04    0.000000000000000E+00    5.693581000000000E-03    3.249179410932500E+40    5.406663929003002E+13    3.126988435755501E+13
                      162    1.209909228850246E+32    7.990250085331494E+33    2.263681847490036E+14    8.980386833286175E+07    8.866870963795894E-11    1.224506365729200E+04    4.691501250615064E+04    4.691501250615064E+04    2.567019843292600E-01    4.252127532801086E+03    8.053686325436373E+33    2.274894881221884E+14    2.501643000000000E-01    0.000000000000000E+00    5.878611000000000E-01    5.426345000000000E-02    4.619203000000000E-03    5.787600000000000E-02    6.642103000000000E-03    2.341054000000000E-04    3.414817000000000E-03    1.705228000000000E-02    9.172793000000002E-03    1.838219000000000E-03    6.977500000000000E-04    0.000000000000000E+00    0.000000000000000E+00    0.000000000000000E+00    0.000000000000000E+00    0.000000000000000E+00    1.216984000000000E-04    0.000000000000000E+00    5.638446000000000E-03    3.438458038328000E+40    5.335221183794002E+13    3.106267063151001E+13
                      163    1.268729375440301E+32    8.117122565541254E+33    2.286107914953732E+14    9.090350764655949E+07    8.726881369320822E-11    1.224506365729200E+04    4.680711097162243E+04    4.691501250615064E+04    2.565587019729900E-01    4.201980252873316E+03    8.185795283040617E+33    2.298203442265486E+14    2.548463000000000E-01    0.000000000000000E+00    5.875192000000000E-01    5.360231000000000E-02    4.641487999999999E-03    5.574417000000000E-02    6.579771000000000E-03    2.352349000000000E-04    3.392138000000000E-03    1.620314000000000E-02    8.719273000000000E-03    1.747252000000000E-03    6.645338000000000E-04    0.000000000000000E+00    0.000000000000000E+00    0.000000000000000E+00    0.000000000000000E+00    0.000000000000000E+00    1.185252000000000E-04    0.000000000000000E+00    5.581058000000000E-03    3.637736665723500E+40    5.253778438585002E+13    3.076267063151001E+13
                      164    1.373440629959156E+32    8.254468000539981E+33    2.310298969577240E+14    9.201850764655949E+07    8.585594808569400E-11    1.213280023889044E+04    4.670775373146313E+04    4.680711097162243E+04    2.565009921646300E-01    4.148774772215807E+03    8.320816266900496E+33    2.321938746158698E+14    2.598798000000000E-01    0.000000000000000E+00    5.870194000000000E-01    5.288798000000000E-02    4.664467000000000E-03    5.353124000000000E-02    6.512270000000000E-03    2.363995000000000E-04    3.368568000000000E-03    1.532457000000000E-02    8.250034999999999E-03    1.653133000000000E-03    6.301659000000000E-04    0.000000000000000E+00    0.000000000000000E+00    0.000000000000000E+00    0.000000000000000E+00    0.000000000000000E+00    1.152407000000000E-04    0.000000000000000E+00    5.519152000000000E-03    3.837736665723500E+40    5.163057065980502E+13    3.045545690546501E+13
                      165    1.326969502871072E+32    8.387164533261015E+33    2.333578522740155E+14    9.314814696025725E+07    8.430611417672213E-11    1.202156605769521E+04    4.669945760373701E+04    4.669945760373701E+04    2.563504960823150E-01    4.098529784587942E+03    8.458163690309094E+33    2.345992047063017E+14    2.647159000000000E-01    0.000000000000000E+00    5.864162000000001E-01    5.219845000000000E-02    4.685627999999999E-03    5.147852000000000E-02    6.446971000000000E-03    2.374719000000000E-04    3.346677000000000E-03    1.451233000000000E-02    7.816228999999999E-03    1.566121000000000E-03    5.983926000000000E-04    0.000000000000000E+00    0.000000000000000E+00    0.000000000000000E+00    0.000000000000000E+00    0.000000000000000E+00    1.122028000000000E-04    0.000000000000000E+00    5.459473000000000E-03    4.028458038328000E+40    5.080892948167001E+13    3.014824317942001E+13
                      166    1.419990498078120E+32    8.529162847357174E+33    2.358405571385878E+14    9.461778627395500E+07    8.295815263346064E-11    1.191135167760308E+04    4.659205183172708E+04    4.659205183172708E+04    2.562927862739550E-01    4.045815037766583E+03    8.637319419658988E+33    2.377268385080838E+14    2.698455000000000E-01    0.000000000000000E+00    5.856538000000000E-01    5.146404000000000E-02    4.707148000000000E-03    4.937436000000000E-02    6.377281000000000E-03    2.385626000000000E-04    3.324209000000000E-03    1.368256000000000E-02    7.373054000000000E-03    1.477229000000000E-03    5.659324000000000E-04    0.000000000000000E+00    0.000000000000000E+00    0.000000000000000E+00    0.000000000000000E+00    0.000000000000000E+00    1.090979000000000E-04    0.000000000000000E+00    5.395963000000000E-03    4.228458038327999E+40    4.999450202958001E+13    2.984102945337501E+13
                      167    2.163129457626417E+32    8.745475991960803E+33    2.396131198775798E+14    9.602778627395500E+07    8.106979453515107E-11    1.180214774902116E+04    4.638621981640877E+04    4.648489308613779E+04    2.561278627395500E-01    3.967589472620645E+03    8.809670810431355E+33    2.407298326432529E+14    2.774938000000000E-01    0.000000000000000E+00    5.842872000000000E-01    5.036363000000000E-02    4.737482000000000E-03    4.637399000000000E-02    6.272598000000000E-03    2.400999000000000E-04    3.292117000000000E-03    1.250474000000000E-02    6.743996000000000E-03    1.351053000000000E-03    5.198562000000000E-04    0.000000000000000E+00    0.000000000000000E+00    0.000000000000000E+00    0.000000000000000E+00    0.000000000000000E+00    1.046880000000000E-04    0.000000000000000E+00    5.300857000000000E-03    4.508458038327999E+40    4.877286085144501E+13    2.942660200128500E+13
                      168    1.283899352025830E+32    8.873865628901905E+33    2.418465454089261E+14    9.714742558765276E+07    7.922442071498963E-11    1.169394500807440E+04    4.627131440294812E+04    4.637798079882421E+04    2.560278627395500E-01    3.922350574933281E+03    8.946429664518226E+33    2.431055238986815E+14    2.819051000000000E-01    0.000000000000000E+00    5.833756000000000E-01    4.972624000000000E-02    4.754024000000000E-03    4.471697000000000E-02    6.211824000000000E-03    2.409383000000000E-04    3.274362000000000E-03    1.185726000000000E-02    6.398187000000000E-03    1.281691000000000E-03    4.945263000000000E-04    0.000000000000000E+00    0.000000000000000E+00    0.000000000000000E+00    0.000000000000000E+00    0.000000000000000E+00    1.022622000000000E-04    0.000000000000000E+00    5.245770000000000E-03    4.656293920514499E+40    4.765843339935501E+13    2.891938827524000E+13
                      169    1.451274150573813E+32    9.018993700134544E+33    2.443645023884368E+14    9.841206490135050E+07    7.779432959482765E-11    1.158673427581948E+04    4.617309449571207E+04    4.627131440294812E+04    2.711990078353700E-01    3.869302886359278E+03    9.101966067219033E+33    2.457947323935595E+14    2.867665000000000E-01    0.000000000000000E+00    5.822625000000000E-01    4.902162000000000E-02    4.771405000000001E-03    4.295534000000000E-02    6.144518000000000E-03    2.418192000000000E-04    3.255458000000000E-03    1.117163000000000E-02    6.032002000000000E-03    1.208242000000000E-03    4.677033000000000E-04    0.000000000000000E+00    0.000000000000000E+00    0.000000000000000E+00    0.000000000000000E+00    0.000000000000000E+00    9.969201999999999E-05    0.000000000000000E+00    5.184850000000000E-03    4.799900783537001E+40    4.684400594726501E+13    2.851938827524000E+13
                      170    1.659453903442338E+32    9.184938434303521E+33    2.472249623986821E+14    9.969670421504825E+07    7.671125225344943E-11    1.138511912135411E+04    4.605871702467023E+04    4.606689932525669E+04    2.711062215614150E-01    3.809897022270052E+03    9.261817319339254E+33    2.485448645090264E+14    2.921882000000000E-01    0.000000000000000E+00    5.808826000000000E-01    4.823313000000000E-02    4.789694000000000E-03    4.107300000000000E-02    6.069047000000000E-03    2.427461000000000E-04    3.235221000000000E-03    1.044260000000000E-02    5.642636000000000E-03    1.130143000000000E-03    4.391815000000000E-04    0.000000000000000E+00    0.000000000000000E+00    0.000000000000000E+00    0.000000000000000E+00    0.000000000000000E+00    9.695728999999999E-05    0.000000000000000E+00    5.116623000000000E-03    5.002064901350500E+40    4.612957849517501E+13    2.831217454919500E+13
                      171    1.537577700714681E+32    9.338696204374988E+33    2.498647666193708E+14    1.009017042150483E+08    7.531111410631112E-11    1.128073972184718E+04    4.595278491509846E+04    4.596094839691578E+04    2.711062215614150E-01    3.756074121095800E+03    9.413044837850258E+33    2.511375950461705E+14    2.971204000000000E-01    0.000000000000000E+00    5.795007000000000E-01    4.751358000000000E-02    4.805320000000000E-03    3.943569000000000E-02    6.000036000000000E-03    2.435380000000000E-04    3.217583000000000E-03    9.811850000000000E-03    5.305766000000000E-03    1.062574000000000E-03    4.145043000000000E-04    0.000000000000000E+00    0.000000000000000E+00    0.000000000000000E+00    0.000000000000000E+00    0.000000000000000E+00    9.458947000000000E-05    0.000000000000000E+00    5.054285000000000E-03    5.203507646559500E+40    4.531515104308501E+13    2.791217454919500E+13
                      172    1.486973663710351E+32    9.487393471325530E+33    2.524104234729703E+14    1.023317042150483E+08    7.393653136041425E-11    1.116763078405345E+04    4.584709644261777E+04    4.584709644261777E+04    2.710134352874600E-01    3.705135226871540E+03    9.593256412841493E+33    2.542195788228145E+14    3.018347000000000E-01    0.000000000000000E+00    5.780716000000000E-01    4.682406000000000E-02    4.819380000000000E-03    3.793489000000000E-02    5.933786000000000E-03    2.442506000000000E-04    3.201383000000000E-03    9.236694000000000E-03    4.998586000000000E-03    1.000960000000000E-03    3.920014000000000E-04    0.000000000000000E+00    0.000000000000000E+00    0.000000000000000E+00    0.000000000000000E+00    0.000000000000000E+00    9.242873000000000E-05    0.000000000000000E+00    4.994460000000000E-03    5.384229019164000E+40    4.450072359099502E+13    2.759774709710500E+13
                      173    2.117256841909414E+32    9.699119354357459E+33    2.560287341726587E+14    1.039917042150483E+08    7.225353043376342E-11    1.106524532960807E+04    4.564455545362345E+04    4.574165104687856E+04    2.710134352874600E-01    3.634380259816638E+03    9.803860832706349E+33    2.578121401173941E+14    3.084688000000000E-01    0.000000000000000E+00    5.758922000000000E-01    4.585129000000000E-02    4.837785000000000E-03    3.592265000000000E-02    5.840138000000000E-03    2.451833000000000E-04    3.179611000000001E-03    8.470360000000000E-03    4.589304000000000E-03    9.188662999999999E-04    3.620178000000000E-04    0.000000000000000E+00    0.000000000000000E+00    0.000000000000000E+00    0.000000000000000E+00    0.000000000000000E+00    8.954719000000000E-05    0.000000000000000E+00    4.909881000000000E-03    5.644950391768499E+40    4.348629613890501E+13    2.719053337106001E+13
                      174    2.094829566977810E+32    9.908602311055240E+33    2.595955460621294E+14    1.054967042150483E+08    7.046086047905505E-11    1.087270435186407E+04    4.553148725066600E+04    4.553957588923215E+04    2.709134352874600E-01    3.566388719813768E+03    9.995242300146230E+33    2.610671707690445E+14    3.149190000000000E-01    0.000000000000000E+00    5.735930000000000E-01    4.490322000000000E-02    4.854178000000000E-03    3.407271000000000E-02    5.748672000000000E-03    2.460142000000000E-04    3.159536000000000E-03    7.771200000000000E-03    4.215899000000000E-03    8.439689000000000E-04    3.346612000000000E-04    0.000000000000000E+00    0.000000000000000E+00    0.000000000000000E+00    0.000000000000000E+00    0.000000000000000E+00    8.691530000000000E-05    0.000000000000000E+00    4.827203000000000E-03    5.886393136977500E+40    4.246465496077001E+13    2.668331964501501E+13
                      175    1.732792225862307E+32    1.008188228923722E+34    2.625387954759595E+14    1.069963435287460E+08    6.885697548070690E-11    1.076368667478726E+04    4.533034054403268E+04    4.542676773592529E+04    2.708206490135049E-01    3.511579451917663E+03    1.018524281693091E+34    2.642980352697522E+14    3.201413000000000E-01    0.000000000000000E+00    5.716053000000000E-01    4.413434000000000E-02    4.866382000000000E-03    3.264944000000000E-02    5.674359000000000E-03    2.466327000000000E-04    3.144048000000000E-03    7.237224000000000E-03    3.930717000000000E-03    7.867673000000000E-04    3.137671000000000E-04    0.000000000000000E+00    0.000000000000000E+00    0.000000000000000E+00    0.000000000000000E+00    0.000000000000000E+00    8.490305000000000E-05    0.000000000000000E+00    4.759939000000000E-03    6.057114509582000E+40    4.154301378263501E+13    2.627610591897001E+13
                      176    2.067206577054073E+32    1.028860334462460E+34    2.660572750635449E+14    1.085509828424437E+08    6.713483757824939E-11    1.057639297322348E+04    4.522608365387945E+04    4.522608365387945E+04    2.707278627395500E-01    3.447718869562907E+03    1.038257062408912E+34    2.676531510934853E+14    3.262281000000000E-01    0.000000000000000E+00    5.691463000000000E-01    4.323704000000000E-02    4.879379000000000E-03    3.107443000000000E-02    5.587482000000000E-03    2.472914000000000E-04    3.126857000000000E-03    6.650924000000000E-03    3.617591000000000E-03    7.239608000000000E-04    2.908245000000000E-04    0.000000000000000E+00    0.000000000000000E+00    0.000000000000000E+00    0.000000000000000E+00    0.000000000000000E+00    8.269105000000000E-05    0.000000000000000E+00    4.681155000000000E-03    6.207835882186500E+40    4.042858633054501E+13    2.566889219292501E+13
                      177    1.879350759155926E+32    1.047653790355363E+34    2.692490271234257E+14    1.100759828424437E+08    6.560666210428820E-11    1.047034633050442E+04    4.511405206643768E+04    4.511405206643768E+04    2.859062215614150E-01    3.387933484317783E+03    1.057817447988942E+34    2.709635745956963E+14    3.316466000000000E-01    0.000000000000000E+00    5.668267000000000E-01    4.243751000000000E-02    4.889805000000000E-03    2.974924000000000E-02    5.509932000000000E-03    2.478198000000000E-04    3.112343000000000E-03    6.162031000000000E-03    3.356489000000000E-03    6.715891000000000E-04    2.716926000000000E-04    0.000000000000000E+00    0.000000000000000E+00    0.000000000000000E+00    0.000000000000000E+00    0.000000000000000E+00    8.084404000000000E-05    0.000000000000000E+00    4.610647000000001E-03    6.337114509582000E+40    3.951415887845501E+13    2.526167846688000E+13
                      178    2.032741468765263E+32    1.067981105622522E+34    2.726781220679669E+14    1.114459828424437E+08    6.440920556929209E-11    1.028815690227742E+04    4.491474948389543E+04    4.491474948389543E+04    2.859062215614150E-01    3.324874129714499E+03    1.075541139371410E+34    2.739489516993372E+14    3.374159000000000E-01    0.000000000000000E+00    5.642277999999999E-01    4.158578000000000E-02    4.899754000000000E-03    2.841406000000000E-02    5.427183000000000E-03    2.483240000000000E-04    3.097668000000000E-03    5.674011000000000E-03    3.095855000000000E-03    6.193113000000000E-04    2.525939000000000E-04    0.000000000000000E+00    0.000000000000000E+00    0.000000000000000E+00    0.000000000000000E+00    0.000000000000000E+00    7.899772000000000E-05    0.000000000000000E+00    4.535186000000000E-03    6.488557254791000E+40    3.879973142636501E+13    2.495446474083500E+13
                      179    1.511991637862487E+32    1.083101173120297E+34    2.752197813307075E+14    1.127906221561415E+08    6.323360507920384E-11    1.019383451284546E+04    4.480348911647684E+04    4.481144842665643E+04    2.859062215614150E-01    3.278987121635991E+03    1.093006635732166E+34    2.768832080043835E+14    3.416601000000000E-01    0.000000000000000E+00    5.622336000000001E-01    4.095910999999999E-02    4.906328000000000E-03    2.748003000000000E-02    5.366213000000000E-03    2.486572000000000E-04    3.087367000000000E-03    5.335655000000000E-03    2.915152000000000E-03    5.830660000000000E-04    2.393515000000000E-04    0.000000000000000E+00    0.000000000000000E+00    0.000000000000000E+00    0.000000000000000E+00    0.000000000000000E+00    7.771584000000000E-05    0.000000000000000E+00    4.479415000000000E-03    6.617835882186500E+40    3.808530397427501E+13    2.464725101479000E+13
                      180    1.981105049356067E+32    1.102912098344036E+34    2.785466346780594E+14    1.144709828424437E+08    6.193668291636874E-11    1.009162368073486E+04    4.460555852326239E+04    4.470044395098199E+04    2.858134352874600E-01    3.220174927934369E+03    1.115004215290712E+34    2.805739171615759E+14    3.471615000000000E-01    0.000000000000000E+00    5.595512000000000E-01    4.014697000000000E-02    4.913947000000000E-03    2.632647000000000E-02    5.287096000000000E-03    2.490433000000000E-04    3.074601000000000E-03    4.921523000000000E-03    2.693981000000000E-03    5.387038000000000E-04    2.231426000000000E-04    0.000000000000000E+00    0.000000000000000E+00    0.000000000000000E+00    0.000000000000000E+00    0.000000000000000E+00    7.614467000000000E-05    0.000000000000000E+00    4.406801000000000E-03    6.777835882186500E+40    3.727809024823001E+13    2.424003728874500E+13
                      181    2.418415435695728E+32    1.127096332237388E+34    2.826011996450924E+14    1.160263435287460E+08    6.038762403804702E-11    9.916024222012222E+03    4.449506406682578E+04    4.450296858549950E+04    2.857134352874600E-01    3.150315037105735E+03    1.135464754019208E+34    2.839997757652937E+14    3.537778000000000E-01    0.000000000000000E+00    5.561844000000000E-01    3.917085000000000E-02    4.921785000000000E-03    2.502133000000000E-02    5.191856000000000E-03    2.494406000000000E-04    3.060092000000000E-03    4.458594000000000E-03    2.446752000000000E-03    4.891148000000000E-04    2.050224000000000E-04    0.000000000000000E+00    0.000000000000000E+00    0.000000000000000E+00    0.000000000000000E+00    0.000000000000000E+00    7.438501000000000E-05    0.000000000000000E+00    4.318983000000000E-03    6.967114509582000E+40    3.635644907009501E+13    2.383282356270000E+13
                      182    1.673693900731342E+32    1.143833175801028E+34    2.853983518854949E+14    1.175313435287460E+08    5.914907298789274E-11    9.816598918836702E+03    4.429849601823104E+04    4.439272825926066E+04    2.856206490135050E-01    3.103123764026786E+03    1.155275878083934E+34    2.873114234531731E+14    3.582873000000000E-01    0.000000000000000E+00    5.538050000000000E-01    3.850618000000000E-02    4.926314000000000E-03    2.418116000000000E-02    5.126916000000000E-03    2.496701000000000E-04    3.050710000000000E-03    4.164138000000000E-03    2.289498000000000E-03    4.575730000000000E-04    1.934959000000000E-04    0.000000000000000E+00    0.000000000000000E+00    0.000000000000000E+00    0.000000000000000E+00    0.000000000000000E+00    7.326358000000002E-05    0.000000000000000E+00    4.258818000000000E-03    7.096393136977499E+40    3.564202161800501E+13    2.342560983665500E+13
                      183    2.288534491351602E+32    1.166718580366840E+34    2.892244950208513E+14    1.191463435287460E+08    5.780267570880063E-11    9.645785032867518E+03    4.418876220028230E+04    4.419661230463220E+04    2.855278627395501E-01    3.040061901534470E+03    1.176443097680475E+34    2.908539044400467E+14    3.643578000000000E-01    0.000000000000000E+00    5.504982000000000E-01    3.761253000000000E-02    4.931390000000000E-03    2.311051000000000E-02    5.039496000000000E-03    2.499273000000000E-04    3.038700000000000E-03    3.793456000000000E-03    2.091536000000000E-03    4.178663000000000E-04    1.789843000000000E-04    0.000000000000000E+00    0.000000000000000E+00    0.000000000000000E+00    0.000000000000000E+00    0.000000000000000E+00    7.184903000000000E-05    0.000000000000000E+00    4.177427000000000E-03    7.234229019163999E+40    3.482759416591501E+13    2.301839611061000E+13
                      184    1.944906047660009E+32    1.186167614994112E+34    2.924833138592421E+14    1.207963435287460E+08    5.622739232261607E-11    9.549069345230420E+03    4.399354731661606E+04    4.408713086746133E+04    2.853350764655950E-01    2.987849562123265E+03    1.198108811631602E+34    2.944801544913544E+14    3.694318000000000E-01    0.000000000000000E+00    5.476446000000000E-01    3.686681000000000E-02    4.934735000000000E-03    2.226758000000000E-02    4.966455000000000E-03    2.500969000000000E-04    3.029194000000000E-03    3.505716000000000E-03    1.937872000000000E-03    3.870445000000001E-04    1.677187000000000E-04    0.000000000000000E+00    0.000000000000000E+00    0.000000000000000E+00    0.000000000000000E+00    0.000000000000000E+00    7.074842000000000E-05    0.000000000000000E+00    4.109036000000000E-03    7.330622156141500E+40    3.391316671382501E+13    2.251118238456501E+13
                      185    2.388229385448661E+32    1.210050008269092E+34    2.964769951234666E+14    1.224363435287460E+08    5.494750061494545E-11    9.382910611871268E+03    4.388456890095667E+04    4.389236496556833E+04    2.991206490135050E-01    2.922298861075712E+03    1.219865097652338E+34    2.981072019549438E+14    3.755535000000000E-01    0.000000000000000E+00    5.440976000000000E-01    3.596893000000000E-02    4.937702000000000E-03    2.131086000000000E-02    4.878401000000000E-03    2.502473000000000E-04    3.018344000000000E-03    3.184131000000000E-03    1.766134000000000E-03    3.525978000000000E-04    1.551266000000000E-04    0.000000000000000E+00    0.000000000000000E+00    0.000000000000000E+00    0.000000000000000E+00    0.000000000000000E+00    6.951515000000000E-05    0.000000000000000E+00    4.026078000000000E-03    7.455572547910000E+40    3.309873926173500E+13    2.210396865852001E+13
                      186    1.963021654627991E+32    1.229680187035584E+34    2.997374087864209E+14    1.238509828424437E+08    5.405788777479623E-11    9.288830695226603E+03    4.369069786709711E+04    4.378363719330976E+04    2.990278627395500E-01    2.869665001704742E+03    1.238807982547024E+34    3.012489891928899E+14    3.804928000000000E-01    0.000000000000000E+00    5.411551999999999E-01    3.524615000000000E-02    4.939252000000000E-03    2.058535000000000E-02    4.807435000000000E-03    2.503258000000000E-04    3.010066000000000E-03    2.944322000000000E-03    1.638069000000000E-03    3.269108000000000E-04    1.457356000000000E-04    0.000000000000000E+00    0.000000000000000E+00    0.000000000000000E+00    0.000000000000000E+00    0.000000000000000E+00    6.859284000000000E-05    0.000000000000000E+00    3.958782000000000E-03    7.600522939678501E+40    3.258431180964500E+13    2.179675493247501E+13
                      187    1.825557909241958E+32    1.247935778058463E+34    3.027605695993589E+14    1.253159828424437E+08    5.307122012691136E-11    9.127200248645191E+03    4.359021205045465E+04    4.359021205045465E+04    2.989278627395500E-01    2.821767728074641E+03    1.258600415558965E+34    3.045232627013254E+14    3.850047000000000E-01    0.000000000000000E+00    5.384080999999999E-01    3.458738000000000E-02    4.940031000000000E-03    1.995680000000000E-02    4.742692000000000E-03    2.503653000000000E-04    3.002855000000000E-03    2.739711000000000E-03    1.528801000000000E-03    3.049944000000000E-04    1.377220000000000E-04    0.000000000000000E+00    0.000000000000000E+00    0.000000000000000E+00    0.000000000000000E+00    0.000000000000000E+00    6.780381000000000E-05    0.000000000000000E+00    3.897029000000000E-03    7.766194704051499E+40    3.197709808360001E+13    2.148954120643000E+13
                      188    2.132929488510256E+32    1.269265053059467E+34    3.062859558032919E+14    1.269013435287460E+08    5.199336700603115E-11    9.043521573790917E+03    4.348223275491560E+04    4.348995734477729E+04    2.988350764655950E-01    2.767065234443331E+03    1.280154977398319E+34    3.080812988950090E+14    3.901684000000000E-01    0.000000000000000E+00    5.351963000000000E-01    3.383538000000000E-02    4.940178000000000E-03    1.927632000000000E-02    4.668716000000000E-03    2.503727000000000E-04    2.995001000000000E-03    2.521932000000000E-03    1.412503000000000E-03    2.816678000000000E-04    1.291917000000000E-04    0.000000000000000E+00    0.000000000000000E+00    0.000000000000000E+00    0.000000000000000E+00    0.000000000000000E+00    6.696146000000000E-05    0.000000000000000E+00    3.826020000000000E-03    7.980423723215500E+40    3.136267063151001E+13    2.118232748038500E+13
                      189    2.177992821409885E+32    1.291044901737171E+34    3.098766419867260E+14    1.284413435287460E+08    5.092698229008654E-11    8.878458702726097E+03    4.329013914137816E+04    4.329013914137816E+04    2.987350764655950E-01    2.712510298410020E+03    1.301146918664759E+34    3.115374536543865E+14    3.953237000000000E-01    0.000000000000000E+00    5.319199000000000E-01    3.308688000000000E-02    4.939540000000000E-03    1.863692000000000E-02    4.595012000000000E-03    2.503404000000000E-04    2.987569000000000E-03    2.321330000000000E-03    1.305380000000000E-03    2.601814000000000E-04    1.213331000000000E-04    0.000000000000000E+00    0.000000000000000E+00    0.000000000000000E+00    0.000000000000000E+00    0.000000000000000E+00    6.618276000000000E-05    0.000000000000000E+00    3.754764000000000E-03    8.244652742379499E+40    3.065545690546501E+13    2.087511375434000E+13
                      190    2.020391455058358E+32    1.311248935592346E+34    3.131982653220471E+14    1.298809828424438E+08    4.998723011231145E-11    8.797060504072195E+03    4.319057458424018E+04    4.319057458424018E+04    2.986422901916400E-01    2.662988984116519E+03    1.320785150491227E+34    3.147654296589613E+14    4.000124000000000E-01    0.000000000000000E+00    5.288816000000000E-01    3.240829000000000E-02    4.938286000000000E-03    1.808871000000000E-02    4.528130000000000E-03    2.502769000000000E-04    2.981152000000000E-03    2.152868000000000E-03    1.215421000000000E-03    2.421378000000000E-04    1.147325000000000E-04    0.000000000000000E+00    0.000000000000000E+00    0.000000000000000E+00    0.000000000000000E+00    0.000000000000000E+00    6.552632000000000E-05    0.000000000000000E+00    3.689636000000000E-03    8.510324506752500E+40    3.014102945337501E+13    2.047511375434000E+13
                      191    1.907250734574652E+32    1.330321365390108E+34    3.163325939958756E+14    1.311906221561415E+08    4.897201147117470E-11    8.644049874473079E+03    4.299213191967787E+04    4.299978569007402E+04    2.985422901916400E-01    2.617225193171372E+03    1.338593349293199E+34    3.176927677598201E+14    4.043715000000000E-01    0.000000000000000E+00    5.260091000000000E-01    3.177937000000000E-02    4.936557000000000E-03    1.760615000000000E-02    4.466095000000000E-03    2.501892000000000E-04    2.975464000000000E-03    2.007602000000000E-03    1.137850000000000E-03    2.265791000000000E-04    1.090399000000000E-04    0.000000000000000E+00    0.000000000000000E+00    0.000000000000000E+00    0.000000000000000E+00    0.000000000000000E+00    6.495807000000000E-05    0.000000000000000E+00    3.628812000000000E-03    8.768160388939000E+40    2.952660200128500E+13    2.016790002829500E+13
                      192    1.654394195685360E+32    1.346865333196290E+34    3.190529415237648E+14    1.326906221561415E+08    4.807817152737685E-11    8.557316182734208E+03    4.289325276013021E+04    4.289325276013021E+04    2.984495039176850E-01    2.578242936379115E+03    1.359018394905503E+34    3.210446043197658E+14    4.081099000000000E-01    0.000000000000000E+00    5.235108000000001E-01    3.124161000000000E-02    4.934652000000000E-03    1.721207000000000E-02    4.413014000000000E-03    2.500926000000000E-04    2.970789000000000E-03    1.891276000000000E-03    1.075733000000000E-03    2.141201000000000E-04    1.044807000000000E-04    0.000000000000000E+00    0.000000000000000E+00    0.000000000000000E+00    0.000000000000000E+00    0.000000000000000E+00    6.450131000000001E-05    0.000000000000000E+00    3.576440000000000E-03    8.969603134148000E+40    2.892660200128500E+13    1.986068630225000E+13
                      193    2.430616318662331E+32    1.371171456614716E+34    3.230362671157668E+14    1.342902614698392E+08    4.720064600116420E-11    8.478862236400861E+03    4.270377724747331E+04    4.279460101633878E+04    3.095495039176850E-01    2.520119911067483E+03    1.380919934267294E+34    3.246211164395857E+14    4.135395000000000E-01    0.000000000000000E+00    5.198285000000000E-01    3.046328000000000E-02    4.931218000000000E-03    1.667004000000000E-02    4.336131000000000E-03    2.499187000000000E-04    2.964309000000000E-03    1.734961000000000E-03    9.922647000000001E-04    1.973787000000000E-04    9.835300000000000E-05    0.000000000000000E+00    0.000000000000000E+00    0.000000000000000E+00    0.000000000000000E+00    0.000000000000000E+00    6.388474000000000E-05    0.000000000000000E+00    3.500037000000000E-03    9.400946662894000E+40    2.841217454919500E+13    1.956068630225000E+13
                      194    1.949696723561482E+32    1.390668411919871E+34    3.262059657634046E+14    1.356499007835370E+08    4.655302885948906E-11    8.331386150670267E+03    4.259797768506081E+04    4.260556128526820E+04    3.095495039176850E-01    2.474503369189676E+03    1.399740830216412E+34    3.276738289100929E+14    4.178398000000000E-01    0.000000000000000E+00    5.168695000000000E-01    2.984919000000000E-02    4.927958000000000E-03    1.626470000000000E-02    4.275425000000000E-03    2.497534000000000E-04    2.959423000000000E-03    1.621112000000000E-03    9.314731000000000E-04    1.851856000000000E-04    9.388903000000000E-05    0.000000000000000E+00    0.000000000000000E+00    0.000000000000000E+00    0.000000000000000E+00    0.000000000000000E+00    6.343329999999999E-05    0.000000000000000E+00    3.439242000000000E-03    9.788782545080499E+40    2.800496082315000E+13    1.935347257620500E+13
                      195    1.814477694078480E+32    1.408813248512952E+34    3.291416920567812E+14    1.372799007835370E+08    4.591429735811174E-11    8.247789701246347E+03    4.240980651265846E+04    4.250000505509693E+04    3.095495039176850E-01    2.432833638447511E+03    1.422491321172497E+34    3.313445290582507E+14    4.217881000000000E-01    0.000000000000000E+00    5.141216000000000E-01    2.928725000000000E-02    4.924557000000000E-03    1.590997000000000E-02    4.219843000000000E-03    2.495811000000000E-04    2.955115000000000E-03    1.523799000000000E-03    8.795121000000000E-04    1.747638000000000E-04    9.007265000000001E-05    0.000000000000000E+00    0.000000000000000E+00    0.000000000000000E+00    0.000000000000000E+00    0.000000000000000E+00    6.304556000000000E-05    0.000000000000000E+00    3.383210000000000E-03    1.015094666289400E+41    2.760496082315000E+13    1.915347257620500E+13
                      196    2.735608566679351E+32    1.436169393832042E+34    3.335473660597201E+14    1.392645400972348E+08    4.507626698653411E-11    8.104332748278347E+03    4.230473526931070E+04    4.231226666438145E+04    3.094567176437300E-01    2.371458968852431E+03    1.450255388776561E+34    3.358011556059821E+14    4.276205000000000E-01    0.000000000000000E+00    5.100105000000000E-01    2.846060000000000E-02    4.918838000000000E-03    1.541486000000000E-02    4.138021000000000E-03    2.492912000000000E-04    2.949048000000000E-03    1.391974000000000E-03    8.091253000000001E-04    1.606463000000000E-04    8.490145000000000E-05    0.000000000000000E+00    0.000000000000000E+00    0.000000000000000E+00    0.000000000000000E+00    0.000000000000000E+00    6.251700000000000E-05    0.000000000000000E+00    3.300059000000000E-03    1.084950391768500E+41    2.719053337106001E+13    1.894625885016000E+13
                      197    2.817200977313575E+32    1.464341383721079E+34    3.380549451522440E+14    1.409838187246302E+08    4.415175209291887E-11    7.956412005171783E+03    4.211036266669410E+04    4.211785945814774E+04    3.093639313697750E-01    2.309970941317983E+03    1.474328271717154E+34    3.396436424360401E+14    4.334628000000000E-01    0.000000000000000E+00    5.058322000000000E-01    2.763697000000000E-02    4.912273000000000E-03    1.495233000000000E-02    4.056434000000000E-03    2.489585000000000E-04    2.943313000000000E-03    1.273662000000000E-03    7.459557000000000E-04    1.479765000000000E-04    8.025863000000001E-05    0.000000000000000E+00    0.000000000000000E+00    0.000000000000000E+00    0.000000000000000E+00    0.000000000000000E+00    6.203850000000000E-05    0.000000000000000E+00    3.216303000000000E-03    1.155671764373000E+41    2.658331964501501E+13    1.863904512411500E+13
                      198    1.997379587624769E+32    1.484315159713228E+34    3.412323397198364E+14    1.427334580383280E+08    4.344581439824458E-11    7.811191119896918E+03    4.192434547189053E+04    4.192434547189053E+04    3.093639313697750E-01    2.267321200233398E+03    1.498867735033906E+34    3.435410214102976E+14    4.375111000000000E-01    0.000000000000000E+00    5.029033000000001E-01    2.706895000000000E-02    4.907242000000000E-03    1.465032000000000E-02    4.000131000000000E-03    2.487035000000000E-04    2.939528000000000E-03    1.199247000000000E-03    7.062249000000000E-04    1.400079000000000E-04    7.733737999999999E-05    0.000000000000000E+00    0.000000000000000E+00    0.000000000000000E+00    0.000000000000000E+00    0.000000000000000E+00    6.173500000000000E-05    0.000000000000000E+00    3.157990000000000E-03    1.205671764373000E+41    2.617610591897001E+13    1.843183139807000E+13
                      199    2.910513075725694E+32    1.513420310354584E+34    3.458497031007588E+14    1.445430973520257E+08    4.255474011100567E-11    7.668620814494783E+03    4.173172060163681E+04    4.173172060163681E+04    3.092711450958200E-01    2.206632348386937E+03    1.524228908729724E+34    3.475617296363472E+14    4.432925000000000E-01    0.000000000000000E+00    4.986749000000000E-01    2.626186000000000E-02    4.899375000000000E-03    1.424409000000000E-02    3.920079000000000E-03    2.483048000000000E-04    2.934380000000000E-03    1.103180000000000E-03    6.549360000000000E-04    1.297212000000000E-04    7.356459000000000E-05    0.000000000000000E+00    0.000000000000000E+00    0.000000000000000E+00    0.000000000000000E+00    0.000000000000000E+00    6.133945999999999E-05    0.000000000000000E+00    3.074316000000000E-03    1.286393136977500E+41    2.566167846688000E+13    1.813183139807000E+13
                      200    2.161719675028092E+32    1.535037507104865E+34    3.492737561719357E+14    1.459927366657235E+08    4.168194177039989E-11    7.528652710430450E+03    4.145183538932280E+04    4.153998076226955E+04    3.091783588218650E-01    2.162564583534181E+03    1.544428568083184E+34    3.507568910188942E+14    4.475128000000000E-01    0.000000000000000E+00    4.955567000000001E-01    2.567575000000000E-02    4.893146000000000E-03    1.396474000000000E-02    3.861912000000000E-03    2.479891000000000E-04    2.930798000000000E-03    1.040013000000000E-03    6.212134000000000E-04    1.229577000000000E-04    7.108271000000000E-05    0.000000000000000E+00    0.000000000000000E+00    0.000000000000000E+00    0.000000000000000E+00    0.000000000000000E+00    6.107655999999999E-05    0.000000000000000E+00    3.012946000000000E-03    1.337114509582000E+41    2.506167846688000E+13    1.782461767202500E+13
                      201    1.878213587550874E+32    1.553819629061504E+34    3.522400258658527E+14    1.474623759794212E+08    4.102390515012146E-11    7.391239312176937E+03    4.134912188744135E+04    4.134912188744135E+04    3.197783588218649E-01    2.123703812482266E+03    1.564939015899435E+34    3.539842891890429E+14    4.511309000000000E-01    0.000000000000000E+00    4.928638000000000E-01    2.517536000000000E-02    4.887492000000000E-03    1.373588000000000E-02    3.812229000000000E-03    2.477025000000000E-04    2.927836000000000E-03    9.901474000000000E-04    5.945929000000000E-04    1.176187000000000E-04    6.912266000000000E-05    0.000000000000000E+00    0.000000000000000E+00    0.000000000000000E+00    0.000000000000000E+00    0.000000000000000E+00    6.086711000000000E-05    0.000000000000000E+00    2.960143000000000E-03    1.387114509582000E+41    2.474725101479000E+13    1.752461767202500E+13
                      202    2.223867425536760E+32    1.576058402737365E+34    3.557285525122329E+14    1.493570152931190E+08    4.055430839106524E-11    7.256333991098163E+03    4.115913992948772E+04    4.115913992948772E+04    3.197855725479100E-01    2.078522891676288E+03    1.591531214146202E+34    3.581494237280361E+14    4.553513000000000E-01    0.000000000000000E+00    4.897009000000000E-01    2.459409000000000E-02    4.880541000000000E-03    1.348054000000000E-02    3.754491000000000E-03    2.473503000000000E-04    2.924499000000000E-03    9.366360000000000E-04    5.660273000000000E-04    1.118897000000000E-04    6.701837000000000E-05    0.000000000000000E+00    0.000000000000000E+00    0.000000000000000E+00    0.000000000000000E+00    0.000000000000000E+00    6.064009000000000E-05    0.000000000000000E+00    2.898327000000000E-03    1.447835882186500E+41    2.444725101479000E+13    1.741740394598000E+13
                      203    3.094568246996988E+32    1.607004025555039E+34    3.605702949438392E+14    1.511366546068167E+08    3.972253893422440E-11    7.123890969626632E+03    4.088309488625088E+04    4.097003085934165E+04    3.196927862739550E-01    2.017120056523007E+03    1.616460306377118E+34    3.620487350299293E+14    4.610971000000000E-01    0.000000000000000E+00    4.853593000000000E-01    2.380707000000000E-02    4.870472000000000E-03    1.315187000000000E-02    3.676277000000000E-03    2.468400000000000E-04    2.920151000000000E-03    8.713409000000001E-04    5.311734000000000E-04    1.048996000000000E-04    6.444905000000000E-05    0.000000000000000E+00    0.000000000000000E+00    0.000000000000000E+00    0.000000000000000E+00    0.000000000000000E+00    6.035912000000000E-05    0.000000000000000E+00    2.813789000000000E-03    1.528557254791000E+41    2.393282356270000E+13    1.711740394598000E+13
                      204    1.891250199186132E+32    1.625916587199197E+34    3.635271751160193E+14    1.524559332342122E+08    3.890782908107991E-11    6.935856927961296E+03    4.068799515071308E+04    4.069525412787066E+04    3.196000000000000E-01    1.980400885954927E+03    1.634813130642674E+34    3.649195929279722E+14    4.645324000000000E-01    0.000000000000000E+00    4.827446000000000E-01    2.333903000000000E-02    4.864118000000000E-03    1.296541000000000E-02    3.629740000000000E-03    2.465179000000000E-04    2.917654000000000E-03    8.362828000000000E-04    5.124608000000000E-04    1.011468000000000E-04    6.306858000000000E-05    0.000000000000000E+00    0.000000000000000E+00    0.000000000000000E+00    0.000000000000000E+00    0.000000000000000E+00    6.020595000000000E-05    0.000000000000000E+00    2.763029000000000E-03    1.570000000000000E+41    2.343282356270000E+13    1.681019021993500E+13
                      205    1.779321215677629E+32    1.643709674086151E+34    3.663120107399250E+14    1.539855725479100E+08    3.828573591683866E-11    6.866212877658832E+03    4.050827641937956E+04    4.059441535867815E+04    3.195072137260450E-01    1.946381123087608E+03    1.655994169687817E+34    3.682385293122513E+14    4.677139000000000E-01    0.000000000000000E+00    4.803112000000000E-01    2.290723000000000E-02    4.858016000000000E-03    1.279895000000000E-02    3.586793000000000E-03    2.462087000000000E-04    2.915406000000000E-03    8.062631999999999E-04    4.964385000000000E-04    9.793349999999999E-05    6.188585000000000E-05    0.000000000000000E+00    0.000000000000000E+00    0.000000000000000E+00    0.000000000000000E+00    0.000000000000000E+00    6.007320000000000E-05    0.000000000000000E+00    2.715879000000000E-03    1.619278627395500E+41    2.302560983665500E+13    1.660297649389000E+13
                      206    2.456899120333218E+32    1.668278665289483E+34    3.701650478845778E+14    1.559455725479100E+08    3.750049491454558E-11    6.740890368978895E+03    4.032215779542347E+04    4.040790096224628E+04    3.194144274520900E-01    1.900291015259295E+03    1.682912069471405E+34    3.724728752578256E+14    4.720350000000000E-01    0.000000000000000E+00    4.769884000000000E-01    2.232340000000000E-02    4.849396000000000E-03    1.258214000000000E-02    3.528704000000000E-03    2.457718000000000E-04    2.912446000000000E-03    7.691179000000000E-04    4.766141000000000E-04    9.395784000000000E-05    6.042133000000000E-05    0.000000000000000E+00    0.000000000000000E+00    0.000000000000000E+00    0.000000000000000E+00    0.000000000000000E+00    5.990642000000000E-05    0.000000000000000E+00    2.651617000000000E-03    1.680000000000000E+41    2.261118238456500E+13    1.630297649389000E+13
                      207    2.926670894334986E+32    1.697545473653327E+34    3.747807026310735E+14    1.578605725479100E+08    3.640208364051706E-11    6.557182392209096E+03    4.012973492861047E+04    4.012973492861047E+04    3.191288549041800E-01    1.846744309494258E+03    1.708938664530452E+34    3.765960482782042E+14    4.771012000000000E-01    0.000000000000000E+00    4.730678000000000E-01    2.164288000000000E-02    4.838804000000000E-03    1.234082000000000E-02    3.460965000000000E-03    2.452350000000000E-04    2.909108000000000E-03    7.305685000000000E-04    4.560424000000000E-04    8.983241000000000E-05    5.889986000000000E-05    0.000000000000000E+00    0.000000000000000E+00    0.000000000000000E+00    0.000000000000000E+00    0.000000000000000E+00    5.972951000000000E-05    0.000000000000000E+00    2.575948000000000E-03    1.740721372604500E+41    2.191118238456501E+13    1.589576276784500E+13
                      208    2.278646129064621E+32    1.720331855407578E+34    3.784113939253349E+14    1.597455725479100E+08    3.525459048804010E-11    6.384106539083222E+03    3.985348377648114E+04    3.986059387191130E+04    3.209701529311900E-01    1.805720815539242E+03    1.734151005747449E+34    3.806293739596259E+14    4.810090000000000E-01    0.000000000000000E+00    4.700270000000000E-01    2.112084000000000E-02    4.830295000000000E-03    1.216322000000000E-02    3.408981000000000E-03    2.448038000000000E-04    2.906621000000000E-03    7.041237000000000E-04    4.419316000000000E-04    8.700273000000000E-05    5.785496000000000E-05    0.000000000000000E+00    0.000000000000000E+00    0.000000000000000E+00    0.000000000000000E+00    0.000000000000000E+00    5.960533000000000E-05    0.000000000000000E+00    2.517351000000000E-03    1.771442745209000E+41    2.119675493247500E+13    1.548854904180000E+13
                      209    2.763818137514945E+32    1.747970156087320E+34    3.828473539939168E+14    1.617302118616078E+08    3.428674387275735E-11    6.262060569749995E+03    3.958619547378422E+04    3.967037365144053E+04    3.328753823279750E-01    1.755169993299391E+03    1.760541181551353E+34    3.848702930973632E+14    4.857279000000000E-01    0.000000000000000E+00    4.663374000000000E-01    2.049367000000000E-02    4.819650000000000E-03    1.195764000000000E-02    3.346507000000000E-03    2.442643000000000E-04    2.903707000000000E-03    6.755706000000000E-04    4.266976000000000E-04    8.394789000000000E-05    5.672541000000000E-05    0.000000000000000E+00    0.000000000000000E+00    0.000000000000000E+00    0.000000000000000E+00    0.000000000000000E+00    5.946799000000000E-05    0.000000000000000E+00    2.446330000000000E-03    1.812164117813500E+41    2.068232748038500E+13    1.508133531575500E+13
                      210    2.514219011675831E+32    1.773112207015387E+34    3.868932322008098E+14    1.634598511753055E+08    3.342921998700851E-11    6.091402034347507E+03    3.939728472010054E+04    3.939728472010054E+04    3.351878254508050E-01    1.709908708198605E+03    1.783521333847504E+34    3.885773680358826E+14    4.900133000000000E-01    0.000000000000000E+00    4.629718000000000E-01    1.992715000000000E-02    4.809649000000000E-03    1.177852000000000E-02    3.290055000000000E-03    2.437574000000000E-04    2.901139000000000E-03    6.524925999999999E-04    4.143861000000000E-04    8.147919000000000E-05    5.581118000000000E-05    0.000000000000000E+00    0.000000000000000E+00    0.000000000000000E+00    0.000000000000000E+00    0.000000000000000E+00    5.935393000000000E-05    0.000000000000000E+00    2.381599000000000E-03    1.852885490418000E+41    2.017511375434000E+13    1.477412158971000E+13
                      211    2.081815424374091E+32    1.793930460679621E+34    3.902615038709554E+14    1.650048511753055E+08    3.259985544723053E-11    5.930620384430305E+03    3.913305604130391E+04    3.913305604130391E+04    3.370363372038600E-01    1.672963113090419E+03    1.804009213211722E+34    3.919010425341981E+14    4.935546000000000E-01    0.000000000000000E+00    4.601807000000000E-01    1.946105000000000E-02    4.801161000000000E-03    1.163530000000000E-02    3.243597000000000E-03    2.433273000000000E-04    2.899066000000000E-03    6.352143000000000E-04    4.051698000000000E-04    7.963119000000000E-05    5.512580000000000E-05    0.000000000000000E+00    0.000000000000000E+00    0.000000000000000E+00    0.000000000000000E+00    0.000000000000000E+00    5.926637000000000E-05    0.000000000000000E+00    2.327946000000000E-03    1.883606863022500E+41    1.966790002829500E+13    1.437412158971000E+13
                      212    2.015754483239890E+32    1.814087965743823E+34    3.935405811974406E+14    1.664348511753055E+08    3.192465724407276E-11    5.822374363246850E+03    3.894630773113593E+04    3.895325598103482E+04    3.384209175871400E-01    1.637597070449110E+03    1.822908750771227E+34    3.949819170744269E+14    4.969693000000000E-01    0.000000000000000E+00    4.574818000000000E-01    1.901335000000000E-02    4.792795000000000E-03    1.150096000000000E-02    3.198964000000000E-03    2.429032000000000E-04    2.897105000000000E-03    6.199386000000000E-04    3.970225000000000E-04    7.799760999999999E-05    5.451909999999999E-05    0.000000000000000E+00    0.000000000000000E+00    0.000000000000000E+00    0.000000000000000E+00    0.000000000000000E+00    5.918714000000000E-05    0.000000000000000E+00    2.276080000000000E-03    1.923606863022500E+41    1.925347257620500E+13    1.415969413762000E+13
                      213    1.764150244887164E+32    1.831729535798630E+34    3.964232529514132E+14    1.677848511753055E+08    3.126988205817452E-11    5.716104054609898E+03    3.876736570141237E+04    3.877428202700285E+04    3.397127116964650E-01    1.607029190616108E+03    1.840604007892543E+34    3.978783984365839E+14    4.999367000000000E-01    0.000000000000000E+00    4.551306000000000E-01    1.862566000000000E-02    4.785383000000000E-03    1.138702000000000E-02    3.160305000000000E-03    2.425276000000000E-04    2.895430000000000E-03    6.076870000000000E-04    3.904889000000000E-04    7.668762000000000E-05    5.403190000000000E-05    0.000000000000000E+00    0.000000000000000E+00    0.000000000000000E+00    0.000000000000000E+00    0.000000000000000E+00    5.912211000000000E-05    0.000000000000000E+00    2.230903000000000E-03    1.954328235627000E+41    1.884625885016000E+13    1.385969413762000E+13
                      214    1.774906150400731E+32    1.849478479986455E+34    3.993335439217545E+14    1.694944904890033E+08    3.070546469389493E-11    5.611773397701430E+03    3.859613038359454E+04    3.859613038359454E+04    3.407261469839250E-01    1.576636909289479E+03    1.862915955051646E+34    4.015501522830704E+14    5.028913000000000E-01    0.000000000000000E+00    4.527844000000000E-01    1.824091000000000E-02    4.777875000000000E-03    1.127602000000000E-02    3.121933000000000E-03    2.421471000000000E-04    2.893787000000000E-03    5.963736000000000E-04    3.844562000000000E-04    7.547811000000001E-05    5.358143000000000E-05    0.000000000000000E+00    0.000000000000000E+00    0.000000000000000E+00    0.000000000000000E+00    0.000000000000000E+00    5.906069000000000E-05    0.000000000000000E+00    2.185826000000000E-03    1.985049608231500E+41    1.844625885016000E+13    1.365969413762000E+13
                      215    2.687500978267683E+32    1.876353430116836E+34    4.037667606443863E+14    1.714744904890033E+08    2.993750989784462E-11    5.504492242569076E+03    3.841194435629957E+04    3.841194435629957E+04    3.418251548192949E-01    1.531354789979366E+03    1.888615158425482E+34    4.058132339266073E+14    5.072849000000000E-01    0.000000000000000E+00    4.492868000000000E-01    1.767108000000000E-02    4.766479000000000E-03    1.111518000000000E-02    3.065089000000000E-03    2.415695000000000E-04    2.891387000000000E-03    5.810621000000000E-04    3.762930000000000E-04    7.384150999999999E-05    5.297072000000000E-05    0.000000000000000E+00    0.000000000000000E+00    0.000000000000000E+00    0.000000000000000E+00    0.000000000000000E+00    5.897504000000000E-05    0.000000000000000E+00    2.118624000000000E-03    2.036492353440500E+41    1.803904512411500E+13    1.335248041157500E+13
                      216    2.452339696499707E+32    1.900876886734129E+34    4.078597072088282E+14    1.731548511753055E+08    2.898782790568490E-11    5.359201989237196E+03    3.814751839129301E+04    3.815432413248510E+04    3.429169489286200E-01    1.490747177808847E+03    1.910188013635647E+34    4.094246515110487E+14    5.111925000000000E-01    0.000000000000000E+00    4.461671000000000E-01    1.716668000000000E-02    4.756105000000000E-03    1.097629000000000E-02    3.014762000000000E-03    2.410438000000000E-04    2.889294000000000E-03    5.689132000000000E-04    3.698172000000000E-04    7.254328000000001E-05    5.248502000000000E-05    0.000000000000000E+00    0.000000000000000E+00    0.000000000000000E+00    0.000000000000000E+00    0.000000000000000E+00    5.890438000000000E-05    0.000000000000000E+00    2.058673000000000E-03    2.077935098649500E+41    1.743183139807000E+13    1.294526668553000E+13
                      217    1.862227169872436E+32    1.919499140537164E+34    4.109895958132692E+14    1.746344904890033E+08    2.826283182797767E-11    5.256749281465979E+03    3.789167161262506E+04    3.797224646521008E+04    3.522726744077200E-01    1.459646524813114E+03    1.929070550290757E+34    4.126004847867144E+14    5.140941999999999E-01    0.000000000000000E+00    4.438454000000000E-01    1.679360000000000E-02    4.748260000000000E-03    1.087553000000000E-02    2.977529000000000E-03    2.406461000000000E-04    2.887765000000000E-03    5.607180000000000E-04    3.654496000000000E-04    7.166776000000000E-05    5.215668000000000E-05    0.000000000000000E+00    0.000000000000000E+00    0.000000000000000E+00    0.000000000000000E+00    0.000000000000000E+00    5.885502000000000E-05    0.000000000000000E+00    2.014047000000000E-03    2.117935098649500E+41    1.701740394598000E+13    1.264526668553000E+13
                      218    1.914270219100190E+32    1.938641960044349E+34    4.142113737601596E+14    1.761491298027010E+08    2.781094039898929E-11    5.117998166712853E+03    3.771757519571206E+04    3.771757519571206E+04    3.531005371472700E-01    1.428071402827507E+03    1.948442434615046E+34    4.158681136123644E+14    5.170220000000000E-01    0.000000000000000E+00    4.414984000000000E-01    1.641847000000000E-02    4.740220000000000E-03    1.077585000000000E-02    2.940086000000000E-03    2.402387000000000E-04    2.886240999999999E-03    5.531337000000001E-04    3.614085000000000E-04    7.085770000000000E-05    5.185218000000000E-05    0.000000000000000E+00    0.000000000000000E+00    0.000000000000000E+00    0.000000000000000E+00    0.000000000000000E+00    5.880780000000000E-05    0.000000000000000E+00    1.968925000000000E-03    2.158656471254000E+41    1.671740394598000E+13    1.253083923344000E+13
                      219    1.960097101390168E+32    1.958242909185742E+34    4.175248534645692E+14    1.776891298027010E+08    2.724053760560820E-11    5.024584172550407E+03    3.753758175425945E+04    3.754427867917539E+04    3.537428273389100E-01    1.396206415473068E+03    1.968104030257495E+34    4.192008193741748E+14    5.199705999999999E-01    0.000000000000000E+00    4.391305000000000E-01    1.604200000000000E-02    4.731997000000000E-03    1.067739000000000E-02    2.902502000000000E-03    2.398220000000000E-04    2.884727000000000E-03    5.461491000000000E-04    3.576876000000000E-04    7.011190000000000E-05    5.157108000000000E-05    0.000000000000000E+00    0.000000000000000E+00    0.000000000000000E+00    0.000000000000000E+00    0.000000000000000E+00    5.876271000000000E-05    0.000000000000000E+00    1.923384000000000E-03    2.198656471254000E+41    1.641019021993500E+13    1.223083923344000E+13
                      220    1.972222822463659E+32    1.977965151329247E+34    4.208767852837802E+14    1.792441298027010E+08    2.668183378184232E-11    4.928528406237433E+03    3.728582568267696E+04    3.736511223246569E+04    3.541923312565950E-01    1.364593280193418E+03    1.987818517602505E+34    4.225624807965231E+14    5.228969000000000E-01    0.000000000000000E+00    4.367765000000000E-01    1.566967000000000E-02    4.723716000000000E-03    1.058146000000000E-02    2.865326000000000E-03    2.394023000000000E-04    2.883242000000000E-03    5.398169000000000E-04    3.543150000000000E-04    6.943596000000000E-05    5.131558000000000E-05    0.000000000000000E+00    0.000000000000000E+00    0.000000000000000E+00    0.000000000000000E+00    0.000000000000000E+00    5.872023000000000E-05    0.000000000000000E+00    1.878094000000000E-03    2.248656471254000E+41    1.609576276784500E+13    1.202362550739500E+13
                      221    1.970586361140074E+32    1.997671883875762E+34    4.242481763092658E+14    1.808441298027010E+08    2.607448109497247E-11    4.798440632626292E+03    3.711451287496137E+04    3.711451287496137E+04    3.545490489003250E-01    1.333489725303167E+03    2.007894299021021E+34    4.260162980012684E+14    5.257877000000000E-01    0.000000000000000E+00    4.344474000000000E-01    1.530311000000000E-02    4.715421000000000E-03    1.048832000000000E-02    2.828720000000000E-03    2.389819000000000E-04    2.881792000000000E-03    5.340965000000001E-04    3.512691000000000E-04    6.882554000000000E-05    5.108410999999999E-05    0.000000000000000E+00    0.000000000000000E+00    0.000000000000000E+00    0.000000000000000E+00    0.000000000000000E+00    5.868029000000000E-05    0.000000000000000E+00    1.833263000000000E-03    2.288656471254000E+41    1.569576276784500E+13    1.181641178135000E+13
                      222    2.044610287283460E+32    2.018116714166279E+34    4.277844196932710E+14    1.825287691163988E+08    2.536387909655940E-11    4.710859220784387E+03    3.693739732960782E+04    3.694398717809956E+04    3.548500410649550E-01    1.301726041116011E+03    2.028794475171928E+34    4.296460389390769E+14    5.287557000000001E-01    0.000000000000000E+00    4.320526000000000E-01    1.492801000000000E-02    4.706791000000000E-03    1.039424000000000E-02    2.791257000000000E-03    2.385445000000000E-04    2.880319000000000E-03    5.287250000000001E-04    3.484098000000000E-04    6.825253000000001E-05    5.086608000000000E-05    0.000000000000000E+00    0.000000000000000E+00    0.000000000000000E+00    0.000000000000000E+00    0.000000000000000E+00    5.864118000000000E-05    0.000000000000000E+00    1.787145000000000E-03    2.337213726045000E+41    1.528854904180000E+13    1.151641178135000E+13
                      223    2.135599922966603E+32    2.039472236177576E+34    4.315076581848828E+14    1.842787691163988E+08    2.472951929146205E-11    4.582475228622125E+03    3.668966655922787E+04    3.668966655922787E+04    3.551231704900349E-01    1.269091746924545E+03    2.050273278595208E+34    4.334110082292236E+14    5.318195000000000E-01    0.000000000000000E+00    4.295768000000000E-01    1.454210000000000E-02    4.697764000000000E-03    1.029865000000000E-02    2.752709000000000E-03    2.380870000000000E-04    2.878814000000000E-03    5.236645000000000E-04    3.457168000000000E-04    6.771293000000000E-05    5.065998000000000E-05    0.000000000000000E+00    0.000000000000000E+00    0.000000000000000E+00    0.000000000000000E+00    0.000000000000000E+00    5.860266000000000E-05    0.000000000000000E+00    1.739444000000000E-03    2.376492353440500E+41    1.488133531575500E+13    1.121641178135000E+13
                      224    2.160069294835413E+32    2.061074321012840E+34    4.353143582735646E+14    1.860637691163987E+08    2.405557123610863E-11    4.498835629639778E+03    3.643709667118205E+04    3.652109285387653E+04    3.551962999151150E-01    1.236626241550957E+03    2.071922091062433E+34    4.372396735904555E+14    5.348737000000000E-01    0.000000000000000E+00    4.271054000000000E-01    1.415870000000000E-02    4.688650000000000E-03    1.020479000000000E-02    2.714406000000000E-03    2.376251000000000E-04    2.877328000000000E-03    5.190686000000000E-04    3.432718000000000E-04    6.722308000000000E-05    5.047209000000000E-05    0.000000000000000E+00    0.000000000000000E+00    0.000000000000000E+00    0.000000000000000E+00    0.000000000000000E+00    5.856596000000000E-05    0.000000000000000E+00    1.691800000000000E-03    2.425049608231500E+41    1.447412158971000E+13    1.090919805530500E+13
                      225    2.169691210199721E+32    2.082769861112027E+34    4.391649889073464E+14    1.878884084300965E+08    2.345877301968458E-11    4.376229868961016E+03    3.626968341905592E+04    3.626968341905592E+04    3.628900783537000E-01    1.203906205782695E+03    2.093980515963022E+34    4.411606073606408E+14    5.378870000000000E-01    0.000000000000000E+00    4.246638000000000E-01    1.378172000000000E-02    4.679546000000000E-03    1.011353000000000E-02    2.676738000000000E-03    2.371637000000000E-04    2.875875000000000E-03    5.149426000000000E-04    3.410777000000000E-04    6.678352000000000E-05    5.030270000000000E-05    0.000000000000000E+00    0.000000000000000E+00    0.000000000000000E+00    0.000000000000000E+00    0.000000000000000E+00    5.853132000000000E-05    0.000000000000000E+00    1.644703000000000E-03    2.473606863022500E+41    1.416690786366500E+13    1.070198432926000E+13
                      226    2.242047456984552E+32    2.105191170814018E+34    4.431562258139351E+14    1.898634084300965E+08    2.297289218299423E-11    4.256965455641658E+03    3.602000467461107E+04    3.602000467461107E+04    3.630487803266900E-01    1.170676295584925E+03    2.117900092502584E+34    4.454360874790723E+14    5.409366000000000E-01    0.000000000000000E+00    4.221898000000000E-01    1.340151000000000E-02    4.670218000000000E-03    1.002247000000000E-02    2.638744000000000E-03    2.366909000000000E-04    2.874418000000000E-03    5.111554000000000E-04    3.390646000000000E-04    6.638029000000000E-05    5.014648000000000E-05    0.000000000000000E+00    0.000000000000000E+00    0.000000000000000E+00    0.000000000000000E+00    0.000000000000000E+00    5.849774000000000E-05    0.000000000000000E+00    1.596946000000000E-03    2.522885490418000E+41    1.385969413762000E+13    1.050198432926000E+13
                      227    2.541855920468663E+32    2.130609014191151E+34    4.477159491442095E+14    1.919830477437943E+08    2.239833182681813E-11    4.140951328689859E+03    3.577204470655329E+04    3.577204470655329E+04    3.629219097517700E-01    1.133672921480284E+03    2.143365657716614E+34    4.500254313271236E+14    5.443158000000000E-01    0.000000000000000E+00    4.194445000000000E-01    1.298179000000000E-02    4.659745000000000E-03    9.923065999999999E-03    2.596794000000000E-03    2.361601000000000E-04    2.872819000000000E-03    5.073952000000000E-04    3.370669000000000E-04    6.598020000000000E-05    4.999045999999999E-05    0.000000000000000E+00    0.000000000000000E+00    0.000000000000000E+00    0.000000000000000E+00    0.000000000000000E+00    5.846221000000000E-05    0.000000000000000E+00    1.543915000000000E-03    2.582164117813500E+41    1.345248041157500E+13    1.019477060321500E+13
                      228    2.551231273009004E+32    2.156122301242077E+34    4.523349135100378E+14    1.942076870574920E+08    2.173780428759888E-11    4.028098908778591E+03    3.545042150860755E+04    3.552579168290918E+04    3.625950391768499E-01    1.097324324476775E+03    2.169813497406769E+34    4.548373934913778E+14    5.476415000000000E-01    0.000000000000000E+00    4.167391000000000E-01    1.257035000000000E-02    4.649297000000000E-03    9.826699000000000E-03    2.555666000000000E-03    2.356306000000000E-04    2.871260000000000E-03    5.041105000000000E-04    3.353229000000000E-04    6.563100000000000E-05    4.985319000000000E-05    0.000000000000000E+00    0.000000000000000E+00    0.000000000000000E+00    0.000000000000000E+00    0.000000000000000E+00    5.842885000000000E-05    0.000000000000000E+00    1.491608000000000E-03    2.650721372604500E+41    1.304526668553000E+13    9.941163740192502E+12
                      229    2.738312804103501E+32    2.183504693571460E+34    4.573398734727177E+14    1.965026870574920E+08    2.104823453542286E-11    3.882398638308839E+03    3.520008926703218E+04    3.520008926703218E+04    3.620681686019300E-01    1.059240201314231E+03    2.196907570304900E+34    4.598145141964907E+14    5.511714000000000E-01    0.000000000000000E+00    4.138636000000000E-01    1.213544000000000E-02    4.638056000000000E-03    9.725924000000000E-03    2.512185000000000E-03    2.350609000000000E-04    2.869621000000000E-03    5.010410000000000E-04    3.336945000000000E-04    6.530501000000000E-05    4.972383000000000E-05    0.000000000000000E+00    0.000000000000000E+00    0.000000000000000E+00    0.000000000000000E+00    0.000000000000000E+00    5.839504000000000E-05    0.000000000000000E+00    1.435964000000000E-03    2.720000000000000E+41    1.263805295948500E+13    9.652507268938502E+12
                      230    2.680497798703085E+32    2.210310447038341E+34    4.622891549202636E+14    1.986830477437942E+08    2.038053941404322E-11    3.745296361009546E+03    3.487737290885256E+04    3.488360846838322E+04    3.612485117530550E-01    1.022854218687212E+03    2.222421851560763E+34    4.645498966547848E+14    5.546246000000000E-01    0.000000000000000E+00    4.110471000000000E-01    1.171165000000000E-02    4.626918000000000E-03    9.628675000000000E-03    2.469809000000000E-03    2.344964000000000E-04    2.868031000000000E-03    4.983953000000000E-04    3.322921000000000E-04    6.502434000000000E-05    4.961126000000000E-05    0.000000000000000E+00    0.000000000000000E+00    0.000000000000000E+00    0.000000000000000E+00    0.000000000000000E+00    5.836335999999999E-05    0.000000000000000E+00    1.381411000000000E-03    2.798557254791000E+41    1.223083923344000E+13    9.371064523729502E+12
                      231    2.422290846533718E+32    2.234533256083184E+34    4.668106383893059E+14    2.007734084300965E+08    1.977951663916851E-11    3.639989459019147E+03    3.463727876254297E+04    3.463727876254297E+04    3.603927862739550E-01    9.906680723439832E+02    2.246502489299851E+34    4.690788572543881E+14    5.577653000000000E-01    0.000000000000000E+00    4.084827000000000E-01    1.132757000000000E-02    4.616676000000000E-03    9.541245000000000E-03    2.431399000000000E-03    2.339774000000000E-04    2.866595000000000E-03    4.962511000000000E-04    3.311565000000000E-04    6.479714000000001E-05    4.951914000000000E-05    0.000000000000000E+00    0.000000000000000E+00    0.000000000000000E+00    0.000000000000000E+00    0.000000000000000E+00    5.833557000000000E-05    0.000000000000000E+00    1.331702000000000E-03    2.867835882186500E+41    1.192362550739500E+13    9.091686679871002E+12
                      232    2.393922202908469E+32    2.258471722516518E+34    4.713470761194704E+14    2.028880477437942E+08    1.910801943526235E-11    3.540789640838290E+03    3.432585814191223E+04    3.439883741271100E+04    3.591370607948550E-01    9.595787702851985E+02    2.270485694955276E+34    4.736475476150358E+14    5.608930000000000E-01    0.000000000000000E+00    4.059267000000000E-01    1.094625000000000E-02    4.606379000000000E-03    9.455013999999999E-03    2.393261000000000E-03    2.334555000000000E-04    2.865173000000000E-03    4.943237000000000E-04    3.301367000000000E-04    6.459314999999999E-05    4.943556000000000E-05    0.000000000000000E+00    0.000000000000000E+00    0.000000000000000E+00    0.000000000000000E+00    0.000000000000000E+00    5.830870000000000E-05    0.000000000000000E+00    1.282116000000000E-03    2.936393136977500E+41    1.151641178135000E+13    8.800965307266502E+12
                      233    2.402724893406050E+32    2.282499667394034E+34    4.759480191106012E+14    2.050176870574920E+08    1.854452331624265E-11    3.415750877840957E+03    3.408346697568657E+04    3.408956059655341E+04    3.667091980553050E-01    9.283311163279224E+02    2.294523581882145E+34    4.782615517583338E+14    5.640493000000000E-01    0.000000000000000E+00    4.033452000000000E-01    1.056257000000000E-02    4.595895000000000E-03    9.368757000000000E-03    2.354883000000000E-03    2.329241000000000E-04    2.863746000000000E-03    4.925605999999999E-04    3.292046000000000E-04    6.440676000000001E-05    4.935833000000000E-05    0.000000000000000E+00    0.000000000000000E+00    0.000000000000000E+00    0.000000000000000E+00    0.000000000000000E+00    5.828231000000000E-05    0.000000000000000E+00    1.231999000000000E-03    3.005671764373000E+41    1.111641178135000E+13    8.547358444244002E+12
                      234    2.404868399246662E+32    2.306547496370255E+34    4.805750844060665E+14    2.070676870574920E+08    1.808071806974505E-11    3.319709841766723E+03    3.377702562642284E+04    3.384883803937923E+04    3.657318313980700E-01    8.977719325829714E+02    2.317565275463794E+34    4.827142055545168E+14    5.672112000000000E-01    0.000000000000000E+00    4.007571000000000E-01    1.017929000000000E-02    4.585302000000000E-03    9.283051000000000E-03    2.316541000000000E-03    2.323873000000000E-04    2.862324000000000E-03    4.909557000000000E-04    3.283571000000000E-04    6.423733000000000E-05    4.928730000000000E-05    0.000000000000000E+00    0.000000000000000E+00    0.000000000000000E+00    0.000000000000000E+00    0.000000000000000E+00    5.825651000000000E-05    0.000000000000000E+00    1.181716000000000E-03    3.084229019163999E+41    1.090198432926000E+13    8.349423345594502E+12
                      235    2.203446456164691E+32    2.328583054557331E+34    4.848533267029671E+14    2.090926870574920E+08    1.758796830623852E-11    3.202478248187388E+03    3.354450621752565E+04    3.354450621752565E+04    3.644472510147900E-01    8.703816962198035E+02    2.340149634775182E+34    4.871213126116962E+14    5.700962000000001E-01    0.000000000000000E+00    3.983940000000000E-01    9.830527000000000E-03    4.575562000000000E-03    9.205431000000000E-03    2.281650000000000E-03    2.318936000000000E-04    2.861031000000000E-03    4.896179000000000E-04    3.276513000000000E-04    6.409629000000000E-05    4.922745000000000E-05    0.000000000000000E+00    0.000000000000000E+00    0.000000000000000E+00    0.000000000000000E+00    0.000000000000000E+00    5.823347000000000E-05    0.000000000000000E+00    1.135773000000000E-03    3.153507646559500E+41    1.060198432926000E+13    8.140144718199002E+12
                      236    2.313320020389853E+32    2.351716214993033E+34    4.893892985204254E+14    2.112223263711897E+08    1.710864734177075E-11    3.115201825130397E+03    3.323696833597852E+04    3.331358746098052E+04    3.630554569054650E-01    8.422394025769584E+02    2.363647668422156E+34    4.917553911964270E+14    5.730979000000000E-01    0.000000000000000E+00    3.959336000000000E-01    9.468585000000000E-03    4.565351000000000E-03    9.125223000000000E-03    2.245436000000000E-03    2.313761000000000E-04    2.859693000000000E-03    4.883430999999999E-04    3.269794000000000E-04    6.396207000000000E-05    4.916977000000000E-05    0.000000000000000E+00    0.000000000000000E+00    0.000000000000000E+00    0.000000000000000E+00    0.000000000000000E+00    5.820997000000000E-05    0.000000000000000E+00    1.087906000000000E-03    3.242786273955000E+41    1.029477060321500E+13    7.915095109967502E+12
                      237    2.386296651054342E+32    2.375579121851280E+34    4.941214838724286E+14    2.133969656848875E+08    1.660411277127658E-11    3.002521933507054E+03    3.300816665531867E+04    3.300816665531867E+04    3.614564490700950E-01    8.138698079069353E+02    2.387369398179584E+34    4.964880254826485E+14    5.761523000000000E-01    0.000000000000000E+00    3.934284000000000E-01    9.101281999999999E-03    4.554881000000000E-03    9.044168000000000E-03    2.208682000000000E-03    2.308455000000000E-04    2.858336000000000E-03    4.871591000000000E-04    3.263563000000000E-04    6.383763000000000E-05    4.911552000000000E-05    0.000000000000000E+00    0.000000000000000E+00    0.000000000000000E+00    0.000000000000000E+00    0.000000000000000E+00    5.818652000000000E-05    0.000000000000000E+00    1.039130000000000E-03    3.332064901350500E+41    9.996835504565502E+12    7.681488246945002E+12
                      238    2.358075149759525E+32    2.399159674507888E+34    4.988545670928684E+14    2.156619656848875E+08    1.607739471929173E-11    2.893917783581649E+03    3.270554596443397E+04    3.270554596443397E+04    3.597502275086800E-01    7.865234910982840E+02    2.411805961285528E+34    5.014277038955169E+14    5.791179000000000E-01    0.000000000000000E+00    3.909944000000000E-01    8.745612999999999E-03    4.544638000000000E-03    8.965994000000000E-03    2.173090000000000E-03    2.303264000000000E-04    2.857024000000000E-03    4.861109000000000E-04    3.258053000000000E-04    6.372764000000000E-05    4.906682000000000E-05    0.000000000000000E+00    0.000000000000000E+00    0.000000000000000E+00    0.000000000000000E+00    0.000000000000000E+00    5.816415000000000E-05    0.000000000000000E+00    9.917050000000001E-04    3.421343528746000E+41    9.680343151125002E+12    7.447881383922502E+12
                      239    2.529281216446368E+32    2.424452248063167E+34    5.040008406981656E+14    2.179819656848875E+08    1.553478665022874E-11    2.815050489817854E+03    3.240569971671994E+04    3.248040256964793E+04    3.577440059472650E-01    7.579527027455737E+02    2.436401597181127E+34    5.064790282054853E+14    5.822292999999999E-01    0.000000000000000E+00    3.884391000000000E-01    8.373482000000000E-03    4.533811000000000E-03    8.884515000000001E-03    2.135847000000001E-03    2.297777000000000E-04    2.855653000000000E-03    4.851104000000000E-04    3.252802000000000E-04    6.362288000000000E-05    4.901962000000000E-05    0.000000000000000E+00    0.000000000000000E+00    0.000000000000000E+00    0.000000000000000E+00    0.000000000000000E+00    5.814110000000000E-05    0.000000000000000E+00    9.418790000000000E-04    3.520622156141500E+41    9.363850797684502E+12    7.203553148295501E+12
                      240    2.389875788821599E+32    2.448350946299087E+34    5.089572157128051E+14    2.201919656848875E+08    1.493844158493061E-11    2.713227365053314E+03    3.210860247592860E+04    3.218262044898428E+04    3.554305706598050E-01    7.316626911384084E+02    2.459415453024586E+34    5.112843615810900E+14    5.850899000000001E-01    0.000000000000000E+00    3.860883000000000E-01    8.032265000000000E-03    4.523782000000000E-03    8.810073000000000E-03    2.101694000000000E-03    2.292694000000000E-04    2.854397000000000E-03    4.842738000000000E-04    3.248418000000000E-04    6.353547000000000E-05    4.897950000000000E-05    0.000000000000000E+00    0.000000000000000E+00    0.000000000000000E+00    0.000000000000000E+00    0.000000000000000E+00    5.812025000000000E-05    0.000000000000000E+00    8.960048000000000E-04    3.619900783537000E+41    9.000965307266502E+12    6.929224912668501E+12
                      241    2.212821808705032E+32    2.470479959750086E+34    5.136115074493750E+14    2.224019656848875E+08    1.446456219374051E-11    2.615087282129182E+03    3.181992904654804E+04    3.188756841121287E+04    3.612810667421201E-01    7.073642682351597E+02    2.482218537421752E+34    5.160957089101974E+14    5.876573000000000E-01    0.000000000000000E+00    3.839772000000000E-01    7.726775000000000E-03    4.514721999999999E-03    8.743634000000000E-03    2.071115000000000E-03    2.288102000000000E-04    2.853274000000000E-03    4.835856000000000E-04    3.244819000000000E-04    6.346373000000000E-05    4.894595000000000E-05    0.000000000000000E+00    0.000000000000000E+00    0.000000000000000E+00    0.000000000000000E+00    0.000000000000000E+00    5.810179999999999E-05    0.000000000000000E+00    8.547818000000000E-04    3.709179410932500E+41    8.712308836012502E+12    6.696339422250502E+12
                      242    2.347870630303103E+32    2.493957115093418E+34    5.185799103710199E+14    2.247919656848875E+08    1.410279825301566E-11    2.520497021826023E+03    3.152820218354110E+04    3.159522142678320E+04    3.594532040025700E-01    6.822017555535620E+02    2.506721712258364E+34    5.213142185205954E+14    5.902882000000000E-01    0.000000000000000E+00    3.818128000000000E-01    7.414454000000000E-03    4.505379000000000E-03    8.675904000000000E-03    2.039850000000000E-03    2.283367000000000E-04    2.852126000000000E-03    4.829379000000000E-04    3.241437000000000E-04    6.339636000000000E-05    4.891383000000000E-05    0.000000000000000E+00    0.000000000000000E+00    0.000000000000000E+00    0.000000000000000E+00    0.000000000000000E+00    5.808313000000000E-05    0.000000000000000E+00    8.124872000000000E-04    3.817736665723500E+41    8.503030208617002E+12    6.524175304437002E+12
                      243    2.552790186347632E+32    2.519486309423310E+34    5.240485266701709E+14    2.273169656848875E+08    1.365542725971489E-11    2.409214541386468E+03    3.123355391781776E+04    3.123914988849039E+04    3.571253412630200E-01    6.555570945356872E+02    2.532322489343601E+34    5.268417452227671E+14    5.930521000000000E-01    0.000000000000000E+00    3.795377000000000E-01    7.087156000000000E-03    4.495501000000000E-03    8.605130000000001E-03    2.007083000000000E-03    2.278361000000000E-04    2.850925000000000E-03    4.823163000000000E-04    3.238198000000000E-04    6.333189000000000E-05    4.888240000000000E-05    0.000000000000000E+00    0.000000000000000E+00    0.000000000000000E+00    0.000000000000000E+00    0.000000000000000E+00    5.806377000000000E-05    0.000000000000000E+00    7.679998000000000E-04    3.937015293119000E+41    8.223652364758501E+12    6.300568441414502E+12
                      244    2.567347335011012E+32    2.545158669263892E+34    5.296349637753632E+14    2.298816049985853E+08    1.315878146268448E-11    2.319990404344917E+03    3.094720297430452E+04    3.094720297430452E+04    3.544902647974250E-01    6.295208002230985E+02    2.557900399715325E+34    5.324533613832277E+14    5.957756000000000E-01    0.000000000000000E+00    3.772947000000000E-01    6.765439000000000E-03    4.485704000000000E-03    8.535754000000000E-03    1.974872000000000E-03    2.273396000000000E-04    2.849744000000000E-03    4.817576000000000E-04    3.235294000000000E-04    6.327413000000000E-05    4.885354000000000E-05    0.000000000000000E+00    0.000000000000000E+00    0.000000000000000E+00    0.000000000000000E+00    0.000000000000000E+00    5.804492000000000E-05    0.000000000000000E+00    7.241093000000000E-04    4.056293920514500E+41    7.929324129131502E+12    6.057682950996501E+12
                      245    2.548185029087095E+32    2.570642130166759E+34    5.352717589910921E+14    2.324612443122830E+08    1.268281548926038E-11    2.217560492880682E+03    3.059295327122511E+04    3.059843446845759E+04    3.516551883318300E-01    6.044017154208591E+02    2.583206892139700E+34    5.380990025327104E+14    5.984863000000000E-01    0.000000000000000E+00    3.750612000000000E-01    6.445931000000000E-03    4.475898000000000E-03    8.467020000000000E-03    1.942880000000000E-03    2.268426000000000E-04    2.848572000000000E-03    4.812467000000000E-04    3.232644000000000E-04    6.322147000000000E-05    4.882660000000000E-05    0.000000000000000E+00    0.000000000000000E+00    0.000000000000000E+00    0.000000000000000E+00    0.000000000000000E+00    5.802635000000000E-05    0.000000000000000E+00    6.803751000000000E-04    4.176293920514500E+41    7.633553148295502E+12    5.823354715369501E+12
                      246    2.513137316706171E+32    2.595771654112641E+34    5.409262460743288E+14    2.350612443122830E+08    1.219595109894732E-11    2.117753829755095E+03    3.024817708545131E+04    3.024817708545131E+04    3.488056844141450E-01    5.803667673443415E+02    2.608305595732586E+34    5.437985235904814E+14    6.012128000000000E-01    0.000000000000000E+00    3.728137000000000E-01    6.125160000000000E-03    4.465987000000000E-03    8.398149000000001E-03    1.910759000000000E-03    2.263403000000000E-04    2.847396000000000E-03    4.807688000000000E-04    3.230171000000000E-04    6.317233999999999E-05    4.880091000000000E-05    0.000000000000000E+00    0.000000000000000E+00    0.000000000000000E+00    0.000000000000000E+00    0.000000000000000E+00    5.800783000000000E-05    0.000000000000000E+00    6.363452000000000E-04    4.304851175305500E+41    7.348503540064001E+12    5.580469224951502E+12
                      247    2.506710776004075E+32    2.620839537352531E+34    5.466708011066341E+14    2.377762443122830E+08    1.172777632331449E-11    2.039323804250767E+03    2.990192906555400E+04    2.996549135324132E+04    3.457561804964600E-01    5.570909814279006E+02    2.633928245326401E+34    5.497429781470937E+14    6.039838000000000E-01    0.000000000000000E+00    3.705289000000000E-01    5.799667000000000E-03    4.455876000000000E-03    8.328373000000000E-03    1.878164000000000E-03    2.258278000000000E-04    2.846203000000000E-03    4.803117000000000E-04    3.227810000000000E-04    6.312548000000000E-05    4.877594000000000E-05    0.000000000000000E+00    0.000000000000000E+00    0.000000000000000E+00    0.000000000000000E+00    0.000000000000000E+00    5.798914000000000E-05    0.000000000000000E+00    5.915631000000000E-04    4.434851175305500E+41    7.062732559228001E+12    5.347583734533502E+12
                      248    2.617679954067992E+32    2.647016953300271E+34    5.528151551875534E+14    2.406812443122830E+08    1.119993943928308E-11    1.931414447824139E+03    2.955964451396568E+04    2.955964451396568E+04    3.423994628527300E-01    5.335461547100908E+02    2.660710137874833E+34    5.560960459131736E+14    6.068780000000000E-01    0.000000000000000E+00    3.681417000000000E-01    5.460159000000000E-03    4.445277000000000E-03    8.255693999999999E-03    1.844164000000000E-03    2.252907000000000E-04    2.844959000000000E-03    4.798599000000000E-04    3.225481000000000E-04    6.307928000000000E-05    4.875086000000000E-05    0.000000000000000E+00    0.000000000000000E+00    0.000000000000000E+00    0.000000000000000E+00    0.000000000000000E+00    5.796972000000000E-05    0.000000000000000E+00    5.447550000000000E-04    4.564129802700999E+41    6.737682950996502E+12    5.092534126302001E+12
                      249    2.738678671519709E+32    2.674403322449395E+34    5.593769366387938E+14    2.437412443122829E+08    1.072051563014307E-11    1.844486478206740E+03    2.921604355852024E+04    2.922127806123978E+04    3.461355314829550E-01    5.092152300157299E+02    2.688480270129002E+34    5.628036752634650E+14    6.098125999999999E-01    0.000000000000000E+00    3.657206000000000E-01    5.116389000000000E-03    4.434494000000000E-03    8.182198000000000E-03    1.809736000000000E-03    2.247442000000000E-04    2.843699000000000E-03    4.794258000000001E-04    3.223247000000000E-04    6.303500000000000E-05    4.872638000000000E-05    0.000000000000000E+00    0.000000000000000E+00    0.000000000000000E+00    0.000000000000000E+00    0.000000000000000E+00    5.795015000000001E-05    0.000000000000000E+00    4.972639000000000E-04    4.704129802701000E+41    6.451911970160502E+12    4.848927263279501E+12
                      250    2.815427315708913E+32    2.702557217808609E+34    5.662304138881361E+14    2.467812443122830E+08    1.028739210126728E-11    1.745321649315932E+03    2.882034709572614E+04    2.882034709572614E+04    3.426643863871350E-01    4.850733816859777E+02    2.715609140199871E+34    5.694785221605645E+14    6.126327999999999E-01    0.000000000000000E+00    3.633932000000000E-01    4.786450000000001E-03    4.424097000000000E-03    8.111747000000001E-03    1.776691000000000E-03    2.242173000000000E-04    2.842490000000000E-03    4.790304999999999E-04    3.221217000000000E-04    6.299478000000000E-05    4.870371000000000E-05    0.000000000000000E+00    0.000000000000000E+00    0.000000000000000E+00    0.000000000000000E+00    0.000000000000000E+00    5.793143000000000E-05    0.000000000000000E+00    4.515933000000000E-04    4.844851175305500E+41    6.196862361929001E+12    4.626041772861501E+12
                      251    2.610406350760978E+32    2.728661062591133E+34    5.727266304329929E+14    2.497662443122830E+08    9.824383186205737E-12    1.651488203118968E+03    2.842491710928571E+04    2.842491710928571E+04    3.403778216745951E-01    4.633664586387338E+02    2.741676199399787E+34    5.760419640754952E+14    6.150354000000000E-01    0.000000000000000E+00    3.614100000000000E-01    4.505708000000000E-03    4.415214000000000E-03    8.051868000000000E-03    1.748573000000000E-03    2.237671000000000E-04    2.841462000000000E-03    4.787100000000000E-04    3.219574000000000E-04    6.296226000000000E-05    4.868504000000000E-05    0.000000000000000E+00    0.000000000000000E+00    0.000000000000000E+00    0.000000000000000E+00    0.000000000000000E+00    5.791556000000000E-05    0.000000000000000E+00    4.126629000000000E-04    4.967015293119000E+41    5.921812753697501E+12    4.400992164630001E+12
                      252    2.602906068728705E+32    2.754691336208441E+34    5.793572977179978E+14    2.527862443122830E+08    9.382213105060142E-12    1.562699509348395E+03    2.803491262565615E+04    2.803491262565615E+04    3.383624020578750E-01    4.423337578452968E+02    2.767488742136253E+34    5.826969398479730E+14    6.172543000000001E-01    0.000000000000000E+00    3.595780000000000E-01    4.246699000000000E-03    4.406988000000000E-03    7.996678000000000E-03    1.722630000000000E-03    2.233502000000000E-04    2.840513000000000E-03    4.784266000000000E-04    3.218125000000000E-04    6.293358000000000E-05    4.866829000000000E-05    0.000000000000000E+00    0.000000000000000E+00    0.000000000000000E+00    0.000000000000000E+00    0.000000000000000E+00    5.790096000000000E-05    0.000000000000000E+00    3.766904000000000E-04    5.098458038328000E+41    5.646763145466001E+12    4.176663929003001E+12
                      253    2.559467266693436E+32    2.780286148064066E+34    5.860365819779482E+14    2.557762443122830E+08    8.939336656553726E-12    1.491029337165824E+03    2.765025920414806E+04    2.770903513550386E+04    3.363397687151100E-01    4.222686533921458E+02    2.792428372939484E+34    5.892869759415304E+14    6.193199000000000E-01    0.000000000000000E+00    3.578722000000000E-01    4.005791000000000E-03    4.399314000000000E-03    7.945386000000000E-03    1.698500000000000E-03    2.229612000000000E-04    2.839631000000000E-03    4.781728000000000E-04    3.216829000000000E-04    6.290794000000000E-05    4.865310000000000E-05    0.000000000000000E+00    0.000000000000000E+00    0.000000000000000E+00    0.000000000000000E+00    0.000000000000000E+00    5.788741000000000E-05    0.000000000000000E+00    3.431868000000000E-04    5.220622156141499E+41    5.391713537234501E+12    3.970892948167001E+12
                      254    2.428552349216547E+32    2.804570597814901E+34    5.925373699051125E+14    2.584616049985853E+08    8.517365675280410E-12    1.412132589208774E+03    2.727088342543678E+04    2.733374930432707E+04    3.342099216463000E-01    4.037804660617775E+02    2.814329713460288E+34    5.952132096196261E+14    6.212015000000000E-01    0.000000000000000E+00    3.563182000000000E-01    3.786523000000000E-03    4.392311000000001E-03    7.898733999999999E-03    1.676536000000000E-03    2.226063000000000E-04    2.838828000000000E-03    4.779490000000000E-04    3.215687000000000E-04    6.288538000000000E-05    4.863955000000000E-05    0.000000000000000E+00    0.000000000000000E+00    0.000000000000000E+00    0.000000000000000E+00    0.000000000000000E+00    5.787511000000000E-05    0.000000000000000E+00    3.126583000000000E-04    5.323507646559501E+41    5.136663929003001E+12    3.765843339935501E+12
                      255    1.951831480398663E+32    2.824088829105673E+34    5.978890493341398E+14    2.610466049985853E+08    8.169879938381377E-12    1.336212332685036E+03    2.695871620424415E+04    2.695871620424415E+04    3.323872883035350E-01    3.892615559443492E+02    2.834836184456797E+34    6.009000419007545E+14    6.226474000000000E-01    0.000000000000000E+00    3.551239000000000E-01    3.618123000000000E-03    4.386921000000000E-03    7.862923000000001E-03    1.659668000000000E-03    2.223332000000000E-04    2.838212000000000E-03    4.777813000000000E-04    3.214833000000000E-04    6.286850000000000E-05    4.862931000000000E-05    0.000000000000000E+00    0.000000000000000E+00    0.000000000000000E+00    0.000000000000000E+00    0.000000000000000E+00    5.786567000000000E-05    0.000000000000000E+00    2.891909000000000E-04    5.405671764373000E+41    4.922335693376001E+12    3.591515104308501E+12
                      256    2.149429313617308E+32    2.845583539807919E+34    6.039110344673692E+14    2.640216049985853E+08    7.839805588277018E-12    1.276072871064618E+03    2.665012233168372E+04    2.665012233168372E+04    3.306584333993550E-01    3.736661263182918E+02    2.857889808497669E+34    6.074439294339346E+14    6.241484000000000E-01    0.000000000000000E+00    3.538840000000000E-01    3.443409000000001E-03    4.381319000000000E-03    7.825787000000001E-03    1.642167000000000E-03    2.220492000000000E-04    2.837572000000000E-03    4.776113000000000E-04    3.213968000000000E-04    6.285142000000000E-05    4.861884000000000E-05    0.000000000000000E+00    0.000000000000000E+00    0.000000000000000E+00    0.000000000000000E+00    0.000000000000000E+00    5.785589000000000E-05    0.000000000000000E+00    2.648243000000000E-04    5.516393136977500E+41    4.719450202958001E+12    3.446465496077001E+12
                      257    2.461204027703279E+32    2.870196077187420E+34    6.109768244005000E+14    2.673019656848875E+08    7.469736691201534E-12    1.217548271908097E+03    2.628446894530185E+04    2.634034162740029E+04    3.332728608514450E-01    3.560932801549147E+02    2.882830433505835E+34    6.146902740938842E+14    6.256995000000000E-01    0.000000000000000E+00    3.526025000000000E-01    3.262955000000000E-03    4.375521000000000E-03    7.787450000000000E-03    1.624090000000000E-03    2.217554000000000E-04    2.836911000000000E-03    4.774397000000000E-04    3.213096000000000E-04    6.283420000000000E-05    4.860818000000000E-05    0.000000000000000E+00    0.000000000000000E+00    0.000000000000000E+00    0.000000000000000E+00    0.000000000000000E+00    5.784581000000000E-05    0.000000000000000E+00    2.396364000000000E-04    5.627835882186500E+41    4.505121967331001E+12    3.272137260450001E+12
                      258    2.526966707356876E+32    2.895464789824251E+34    6.184037237872685E+14    2.707169656848875E+08    7.133543159629751E-12    1.142550687024964E+03    2.592383251146182E+04    2.592383251146182E+04    3.310800745774900E-01    3.385695113824805E+02    2.908147862184498E+34    6.222352484314011E+14    6.270443999999999E-01    0.000000000000000E+00    3.514912000000000E-01    3.106564000000000E-03    4.370488000000000E-03    7.754240000000000E-03    1.608424000000000E-03    2.215003000000000E-04    2.836339000000000E-03    4.772944000000000E-04    3.212358000000000E-04    6.281964000000000E-05    4.859907000000000E-05    0.000000000000000E+00    0.000000000000000E+00    0.000000000000000E+00    0.000000000000000E+00    0.000000000000000E+00    5.783708000000000E-05    0.000000000000000E+00    2.177897000000000E-04    5.730721372604500E+41    4.300793731704001E+12    3.117087652218501E+12
                      259    2.536523005195451E+32    2.920830934544746E+34    6.260667730755338E+14    2.738173263711897E+08    6.796812558392388E-12    1.071212115141673E+03    2.550933909516999E+04    2.550933909516999E+04    3.287800745774900E-01    3.214616597362546E+02    2.930603969059227E+34    6.290904886315026E+14    6.282840000000000E-01    0.000000000000000E+00    3.504669000000000E-01    2.962505000000000E-03    4.365844000000000E-03    7.723661000000000E-03    1.593993000000000E-03    2.212650000000000E-04    2.835811000000000E-03    4.771632000000000E-04    3.211693000000000E-04    6.280651000000000E-05    4.859078000000000E-05    0.000000000000000E+00    0.000000000000000E+00    0.000000000000000E+00    0.000000000000000E+00    0.000000000000000E+00    5.782905000000000E-05    0.000000000000000E+00    1.976519000000000E-04    5.805049608231499E+41    4.097186868681500E+12    2.972038043987000E+12
                      260    1.954587615320438E+32    2.940377003573707E+34    6.321142041874716E+14    2.766026870574920E+08    6.519520786445565E-12    1.013620711052301E+03    2.515483096743905E+04    2.515933784157638E+04    3.282646549607700E-01    3.085324014560426E+02    2.950349873280193E+34    6.352527155090026E+14    6.293942000000000E-01    0.000000000000000E+00    3.495494000000000E-01    2.833530000000000E-03    4.361680000000000E-03    7.696294000000000E-03    1.581073000000000E-03    2.210539000000000E-04    2.835339000000000E-03    4.770477000000000E-04    3.211108000000000E-04    6.279498000000000E-05    4.858344000000000E-05    0.000000000000000E+00    0.000000000000000E+00    0.000000000000000E+00    0.000000000000000E+00    0.000000000000000E+00    5.782187000000000E-05    0.000000000000000E+00    1.796111000000000E-04    5.848656471254000E+41    3.924301378263501E+12    2.838431180964500E+12
                      261    1.994683303840103E+32    2.960322742986680E+34    6.383912268305338E+14    2.796676870574920E+08    6.256123208658857E-12    9.671329695163549E+02    2.481413878521183E+04    2.486688599843408E+04    3.299833196450150E-01    2.955889144149647E+02    2.971624864691727E+34    6.420306349958614E+14    6.303365000000000E-01    0.000000000000000E+00    3.487706000000000E-01    2.724082000000000E-03    4.358144000000000E-03    7.673075000000000E-03    1.570109000000000E-03    2.208747000000000E-04    2.834938000000000E-03    4.769509000000000E-04    3.210618000000000E-04    6.278531000000000E-05    4.857726000000000E-05    0.000000000000000E+00    0.000000000000000E+00    0.000000000000000E+00    0.000000000000000E+00    0.000000000000000E+00    5.781577000000000E-05    0.000000000000000E+00    1.642959000000000E-04    5.882984706881000E+41    3.761415887845501E+12    2.724824317942001E+12
                      262    2.260422352599673E+32    2.982926986396775E+34    6.456700431611891E+14    2.826630477437943E+08    5.945873624644521E-12    9.151371557384238E+02    2.446929198815519E+04    2.452569953178550E+04    3.314019843292600E-01    2.812643245283752E+02    2.991934483111037E+34    6.486738208578311E+14    6.312093000000000E-01    0.000000000000000E+00    3.480492000000000E-01    2.622780000000000E-03    4.354864000000000E-03    7.651595000000000E-03    1.559960000000000E-03    2.207085000000000E-04    2.834567000000000E-03    4.768635000000000E-04    3.210175000000000E-04    6.277660000000000E-05    4.857162000000000E-05    0.000000000000000E+00    0.000000000000000E+00    0.000000000000000E+00    0.000000000000000E+00    0.000000000000000E+00    5.781014000000000E-05    0.000000000000000E+00    1.501080000000000E-04    5.925870197299000E+41    3.577809024823000E+12    2.591217454919500E+12
                      263    1.801482043686559E+32    3.000941979825299E+34    6.516775985544730E+14    2.856184084300965E+08    5.640340118233595E-12    8.659367845062970E+02    2.413356071583759E+04    2.418919431895506E+04    3.324639313697750E-01    2.700145125250255E+02    3.011318496735537E+34    6.552309739733765E+14    6.319901999999999E-01    0.000000000000000E+00    3.474037000000000E-01    2.532152000000000E-03    4.351927000000000E-03    7.632382000000000E-03    1.550881000000000E-03    2.205596000000000E-04    2.834236000000000E-03    4.767860000000000E-04    3.209784000000000E-04    6.276888000000000E-05    4.856661000000000E-05    0.000000000000000E+00    0.000000000000000E+00    0.000000000000000E+00    0.000000000000000E+00    0.000000000000000E+00    5.780511000000000E-05    0.000000000000000E+00    1.374109000000000E-04    5.957312942508001E+41    3.394202161800501E+12    2.458331964501500E+12
                      264    2.075279521129107E+32    3.021695013645775E+34    6.587843493922799E+14    2.890434084300965E+08    5.385371582661288E-12    8.193815648934593E+02    2.385304155894204E+04    2.385730613073238E+04    3.331547333144700E-01    2.572825894149363E+02    3.033106497893711E+34    6.628281472519515E+14    6.327063000000001E-01    0.000000000000000E+00    3.468118000000000E-01    2.449069000000000E-03    4.349233000000000E-03    7.614771000000000E-03    1.542558000000000E-03    2.204231000000000E-04    2.833932000000000E-03    4.767156000000000E-04    3.209428000000000E-04    6.276187000000000E-05    4.856203000000000E-05    0.000000000000000E+00    0.000000000000000E+00    0.000000000000000E+00    0.000000000000000E+00    0.000000000000000E+00    5.780049000000000E-05    0.000000000000000E+00    1.257672000000000E-04    5.989477060321500E+41    3.241316671382501E+12    2.345446474083500E+12
                      265    2.282296849587222E+32    3.044517982141647E+34    6.668719451116231E+14    2.927034084300965E+08    5.061803632880579E-12    7.682210244195817E+02    2.347585418618386E+04    2.347585418618386E+04    3.348671764373000E-01    2.435953550873601E+02    3.055621262859625E+34    6.709691643200298E+14    6.333196000000000E-01    0.000000000000000E+00    3.463048000000000E-01    2.377928000000000E-03    4.346924000000000E-03    7.599695000000000E-03    1.535431000000000E-03    2.203061000000000E-04    2.833671000000000E-03    4.766559000000001E-04    3.209127000000000E-04    6.275594000000000E-05    4.855814000000000E-05    0.000000000000000E+00    0.000000000000000E+00    0.000000000000000E+00    0.000000000000000E+00    0.000000000000000E+00    5.779654000000000E-05    0.000000000000000E+00    1.157933000000000E-04    6.010919805530499E+41    3.047709808360000E+12    2.203282356270000E+12
                      266    2.220701877022609E+32    3.066724543577603E+34    6.750663835284364E+14    2.964287691163988E+08    4.756694867318647E-12    7.202548454174755E+02    2.309637194600288E+04    2.310050123643389E+04    3.352104587935700E-01    2.305495709986549E+02    3.077648867407218E+34    6.792657155973626E+14    6.338926000000000E-01    0.000000000000000E+00    3.458311000000000E-01    2.311491000000000E-03    4.344766000000000E-03    7.585619000000000E-03    1.528775000000000E-03    2.201967000000000E-04    2.833428000000000E-03    4.766009000000000E-04    3.208850000000000E-04    6.275048000000000E-05    4.855454000000000E-05    0.000000000000000E+00    0.000000000000000E+00    0.000000000000000E+00    0.000000000000000E+00    0.000000000000000E+00    5.779286000000000E-05    0.000000000000000E+00    1.064748000000000E-04    6.022362550739500E+41    2.864102945337500E+12    2.069675493247500E+12
                      267    2.184852835463794E+32    3.088573191236833E+34    6.834650476662889E+14    3.004144904890032E+08    4.459696386137308E-12    6.752835783676999E+02    2.272708649765674E+04    2.273114976529977E+04    3.354619470405150E-01    2.180032222117724E+02    3.100303815269016E+34    6.881528728813622E+14    6.344022000000000E-01    0.000000000000000E+00    3.454098000000000E-01    2.252405000000000E-03    4.342846000000000E-03    7.573101000000000E-03    1.522856000000000E-03    2.200994000000000E-04    2.833212000000000E-03    4.765522000000000E-04    3.208604000000000E-04    6.274564000000000E-05    4.855134000000000E-05    0.000000000000000E+00    0.000000000000000E+00    0.000000000000000E+00    0.000000000000000E+00    0.000000000000000E+00    5.778958000000000E-05    0.000000000000000E+00    9.818612000000001E-05    6.023083923344000E+41    2.690496082315000E+12    1.946790002829500E+12
                      268    2.346156620994561E+32    3.112034439301199E+34    6.928406980964359E+14    3.045452118616078E+08    4.161172065448491E-12    6.325576698522494E+02    2.236370551528815E+04    2.236370551528815E+04    3.353990078353700E-01    2.049363324491278E+02    3.122848406382991E+34    6.973743327811710E+14    6.348784000000000E-01    0.000000000000000E+00    3.450160000000000E-01    2.197198000000000E-03    4.341050000000000E-03    7.561409000000000E-03    1.517325000000000E-03    2.200084000000000E-04    2.833010000000000E-03    4.765073000000000E-04    3.208378000000000E-04    6.274119000000000E-05    4.854837000000000E-05    0.000000000000000E+00    0.000000000000000E+00    0.000000000000000E+00    0.000000000000000E+00    0.000000000000000E+00    5.778652000000000E-05    0.000000000000000E+00    9.043819000000000E-05    5.994526668553000E+41    2.506889219292500E+12    1.814625885016000E+12
                      269    2.162817277276718E+32    3.133662373464782E+34    7.019079674659061E+14    3.086955725479100E+08    3.865588978409290E-12    5.925394417820887E+02    2.195552188793883E+04    2.200220926973691E+04    3.351927862739550E-01    1.932035852094625E+02    3.144405751996163E+34    7.066414415144490E+14    6.356690000000000E-01    0.000000000000000E+00    3.443624000000000E-01    2.105583000000000E-03    4.338067000000000E-03    7.542008000000000E-03    1.508146000000000E-03    2.198572000000000E-04    2.832674000000000E-03    4.764334000000000E-04    3.208005000000000E-04    6.273385000000000E-05    4.854347000000000E-05    0.000000000000000E+00    0.000000000000000E+00    0.000000000000000E+00    0.000000000000000E+00    0.000000000000000E+00    5.778145000000000E-05    0.000000000000000E+00    7.757694000000000E-05    5.954526668553000E+41    2.324003728874500E+12    1.682461767202500E+12
                      270    2.148584239422261E+32    3.155149130527545E+34    7.113749155629919E+14    3.131259332342122E+08    3.591002226049223E-12    5.555424682199571E+02    2.160062369245945E+04    2.165041827270170E+04    3.347793509864950E-01    1.818374048977530E+02    3.166274283754101E+34    7.165344470115054E+14    6.360036999999999E-01    0.000000000000000E+00    3.440856000000000E-01    2.066802000000000E-03    4.336804000000000E-03    7.533796000000000E-03    1.504261000000000E-03    2.197932000000000E-04    2.832532000000000E-03    4.764023000000000E-04    3.207849000000000E-04    6.273078000000000E-05    4.854141000000000E-05    0.000000000000000E+00    0.000000000000000E+00    0.000000000000000E+00    0.000000000000000E+00    0.000000000000000E+00    5.777930000000000E-05    0.000000000000000E+00    7.213112000000000E-05    5.885969413762001E+41    2.161118238456500E+12    1.569576276784500E+12
                      271    2.225122112165170E+32    3.177399436980657E+34    7.216939784600190E+14    3.177666546068168E+08    3.313639764108774E-12    5.204003487729447E+02    2.125525360474718E+04    2.130045996270908E+04    3.343298470688100E-01    1.704203198762478E+02    3.188065267527081E+34    7.269069323925431E+14    6.363249000000000E-01    0.000000000000000E+00    3.438201000000000E-01    2.029594000000000E-03    4.335591000000000E-03    7.525919000000001E-03    1.500533000000000E-03    2.197317000000000E-04    2.832396000000000E-03    4.763727000000000E-04    3.207700000000000E-04    6.272785000000000E-05    4.853943000000000E-05    0.000000000000000E+00    0.000000000000000E+00    0.000000000000000E+00    0.000000000000000E+00    0.000000000000000E+00    5.777724000000000E-05    0.000000000000000E+00    6.690515999999998E-05    5.785969413762000E+41    1.997511375434000E+12    1.447412158971000E+12
                      272    2.132993117626118E+32    3.198731098073505E+34    7.321198863250671E+14    3.223673759794213E+08    3.035398214602920E-12    4.879075954004915E+02    2.091168275376917E+04    2.095988916112614E+04    3.337731294250800E-01    1.598708334609413E+02    3.208517057252146E+34    7.372154916407536E+14    6.366094000000000E-01    0.000000000000000E+00    3.435848000000000E-01    1.996639000000000E-03    4.334517000000001E-03    7.518943000000000E-03    1.497232000000000E-03    2.196773000000000E-04    2.832275000000000E-03    4.763466000000000E-04    3.207569000000000E-04    6.272526000000000E-05    4.853769000000000E-05    0.000000000000000E+00    0.000000000000000E+00    0.000000000000000E+00    0.000000000000000E+00    0.000000000000000E+00    5.777541000000000E-05    0.000000000000000E+00    6.227566000000000E-05    5.656690786366500E+41    1.824625885016000E+12    1.325248041157500E+12
                      273    1.957285688673988E+32    3.218303016430786E+34    7.423110969564399E+14    3.270780973520257E+08    2.781094039898930E-12    4.574436243380665E+02    2.062110038523922E+04    2.062476371007054E+04    3.328164117813500E-01    1.504496169678014E+02    3.228291793416238E+34    7.477999706139584E+14    6.370639000000000E-01    0.000000000000000E+00    3.432090000000000E-01    1.943994000000000E-03    4.332799000000000E-03    7.507800000000000E-03    1.491957000000000E-03    2.195902000000000E-04    2.832083000000000E-03    4.763052000000000E-04    3.207360000000000E-04    6.272117000000000E-05    4.853492000000000E-05    0.000000000000000E+00    0.000000000000000E+00    0.000000000000000E+00    0.000000000000000E+00    0.000000000000000E+00    5.777250000000000E-05    0.000000000000000E+00    5.487866000000000E-05    5.505969413762000E+41    1.671740394598000E+12    1.213083923344000E+12
                      274    1.997673872285633E+32    3.238280570401689E+34    7.532888442714769E+14    3.319041794109325E+08    2.554496389381296E-12    4.324750396786697E+02    2.033816828110328E+04    2.033816828110328E+04    3.322308392334400E-01    1.411445864016802E+02    3.247503809586922E+34    7.586666300679400E+14    6.372650000000000E-01    0.000000000000000E+00    3.430427000000000E-01    1.920711000000000E-03    4.332040000000000E-03    7.502872000000000E-03    1.489625000000000E-03    2.195517000000000E-04    2.831998000000001E-03    4.762870000000000E-04    3.207269000000000E-04    6.271937000000001E-05    4.853369000000000E-05    0.000000000000000E+00    0.000000000000000E+00    0.000000000000000E+00    0.000000000000000E+00    0.000000000000000E+00    5.777121000000000E-05    0.000000000000000E+00    5.160670000000000E-05    5.315969413762000E+41    1.538854904180000E+12    1.120919805530500E+12
                      275    1.844755211179599E+32    3.256727048772156E+34    7.640444158644031E+14    3.368049007835370E+08    2.345877301968459E-12    4.126555069819513E+02    2.005556285770548E+04    2.010179570487878E+04    3.315452666855300E-01    1.327896131974996E+02    3.265908531350104E+34    7.697072042506045E+14    6.376007000000000E-01    0.000000000000000E+00    3.427651000000000E-01    1.881830000000000E-03    4.330771000000000E-03    7.494643000000000E-03    1.485729000000000E-03    2.194874000000000E-04    2.831855000000000E-03    4.762566000000000E-04    3.207116000000000E-04    6.271636000000000E-05    4.853165000000000E-05    0.000000000000000E+00    0.000000000000000E+00    0.000000000000000E+00    0.000000000000000E+00    0.000000000000000E+00    5.776906000000000E-05    0.000000000000000E+00    4.614263000000000E-05    5.104526668553000E+41    1.416690786366500E+12    1.028755687717000E+12
                      276    1.836191527548477E+32    3.275090013928052E+34    7.753699926368060E+14    3.420402614698392E+08    2.158816229544782E-12    3.937470832935825E+02    1.982598872807151E+04    1.986817775606287E+04    3.309524804115750E-01    1.247077299667987E+02    3.284472325902940E+34    7.815238796514211E+14    6.377325000000000E-01    0.000000000000000E+00    3.426561000000000E-01    1.866573000000000E-03    4.330273000000000E-03    7.491414000000000E-03    1.484201000000000E-03    2.194622000000000E-04    2.831799000000000E-03    4.762446000000000E-04    3.207056000000000E-04    6.271518000000000E-05    4.853085000000000E-05    0.000000000000000E+00    0.000000000000000E+00    0.000000000000000E+00    0.000000000000000E+00    0.000000000000000E+00    5.776822000000001E-05    0.000000000000000E+00    4.399852000000000E-05    4.862362550739500E+41    1.304526668553000E+12    9.436014915498003E+11
                      277    1.876593033506255E+32    3.293854637877830E+34    7.876777666660364E+14    3.475113435287460E+08    1.946326403952892E-12    3.757077359918662E+02    1.963728223186055E+04    1.963728223186055E+04    3.303596941376200E-01    1.168035459348806E+02    3.302645397916185E+34    7.939315057767664E+14    6.379652000000000E-01    0.000000000000000E+00    3.424637000000000E-01    1.839619000000000E-03    4.329393000000000E-03    7.485710000000000E-03    1.481500000000000E-03    2.194176000000000E-04    2.831701000000000E-03    4.762235000000000E-04    3.206950000000000E-04    6.271309000000000E-05    4.852943000000000E-05    0.000000000000000E+00    0.000000000000000E+00    0.000000000000000E+00    0.000000000000000E+00    0.000000000000000E+00    5.776673000000000E-05    0.000000000000000E+00    4.021074000000000E-05    4.570198432926000E+41    1.172362550739500E+12    8.512308836012502E+11
                      278    1.758032504237987E+32    3.311436157954542E+34    8.001852448874962E+14    3.531774255876527E+08    1.738664049786025E-12    3.621180203490115E+02    1.941249612095743E+04    1.945724654620256E+04    3.297596941376200E-01    1.096411171925813E+02    3.320033048030504E+34    8.068209823124222E+14    6.380551000000000E-01    0.000000000000000E+00    3.423893000000000E-01    1.829206000000000E-03    4.329053000000000E-03    7.483506000000000E-03    1.480457000000000E-03    2.194004000000000E-04    2.831663000000000E-03    4.762154000000000E-04    3.206909000000000E-04    6.271228000000000E-05    4.852889000000000E-05    0.000000000000000E+00    0.000000000000000E+00    0.000000000000000E+00    0.000000000000000E+00    0.000000000000000E+00    5.776615000000000E-05    0.000000000000000E+00    3.874730000000000E-05    4.247312942508000E+41    1.049477060321500E+12    7.592831775691001E+11
                      279    1.719432895305035E+32    3.328629938106467E+34    8.134567197373482E+14    3.590031469602572E+08    1.563924107875746E-12    3.487273305361558E+02    1.923452128675158E+04    1.927546615892558E+04    3.291669078636650E-01    1.028172437386150E+02    3.336610421122514E+34    8.200915131724155E+14    6.382142000000000E-01    0.000000000000000E+00    3.422578000000000E-01    1.810785000000000E-03    4.328452000000000E-03    7.479607000000000E-03    1.478612000000000E-03    2.193699000000000E-04    2.831595000000000E-03    4.762010000000000E-04    3.206836000000000E-04    6.271085999999999E-05    4.852792000000000E-05    0.000000000000000E+00    0.000000000000000E+00    0.000000000000000E+00    0.000000000000000E+00    0.000000000000000E+00    5.776513000000000E-05    0.000000000000000E+00    3.615861000000000E-05    3.892263334276500E+41    9.408179033311503E+11    6.828404323601002E+11
                      280    1.596178724536985E+32    3.344590904138561E+34    8.267263066074825E+14    3.651142290191640E+08    1.403510526821590E-12    3.392235426341977E+02    1.910211177356706E+04    1.914277478322361E+04    3.286669078636650E-01    9.670345439783054E+01    3.352737419378811E+34    8.340545285544478E+14    6.383701000000001E-01    0.000000000000000E+00    3.421288000000000E-01    1.792726000000000E-03    4.327863000000000E-03    7.475785000000000E-03    1.476802000000000E-03    2.193400000000000E-04    2.831529000000000E-03    4.761868000000000E-04    3.206765000000000E-04    6.270946000000000E-05    4.852697000000000E-05    0.000000000000000E+00    0.000000000000000E+00    0.000000000000000E+00    0.000000000000000E+00    0.000000000000000E+00    5.776413000000000E-05    0.000000000000000E+00    3.362078000000000E-05    3.517213726045000E+41    8.449423345594502E+11    6.134698244115500E+11
                      281    1.629309410961569E+32    3.360883934619061E+34    8.413827505014130E+14    3.714603110780708E+08    1.250880073710330E-12    3.299787593372022E+02    1.901099684852692E+04    1.901099684852692E+04    3.271813353157550E-01    9.071217454774138E+01    3.368267894673898E+34    8.486095341915106E+14    6.384533000000000E-01    0.000000000000000E+00    3.420600000000000E-01    1.783090000000000E-03    4.327548000000000E-03    7.473746000000000E-03    1.475837000000000E-03    2.193241000000000E-04    2.831494000000000E-03    4.761793000000000E-04    3.206727000000000E-04    6.270872000000001E-05    4.852647000000000E-05    0.000000000000000E+00    0.000000000000000E+00    0.000000000000000E+00    0.000000000000000E+00    0.000000000000000E+00    5.776360000000000E-05    0.000000000000000E+00    3.226661000000000E-05    3.080721372604500E+41    7.530667657877502E+11    5.472434909839001E+11
                      282    1.476793601695339E+32    3.375651854728735E+34    8.558363178816084E+14    3.777760324506752E+08    1.106945510458637E-12    3.239559682195852E+02    1.888012606675188E+04    1.892364925227651E+04    3.265885490418000E-01    8.549304196220702E+01    3.382545671750446E+34    8.631447600482665E+14    6.385525000000000E-01    0.000000000000000E+00    3.419780000000000E-01    1.771609000000000E-03    4.327174000000000E-03    7.471315000000000E-03    1.474687000000000E-03    2.193051000000000E-04    2.831452000000000E-03    4.761703000000000E-04    3.206682000000000E-04    6.270783000000000E-05    4.852585999999999E-05    0.000000000000000E+00    0.000000000000000E+00    0.000000000000000E+00    0.000000000000000E+00    0.000000000000000E+00    5.776295999999999E-05    0.000000000000000E+00    3.065304000000000E-05    2.634950391768500E+41    6.664076087974001E+11    4.840171575562501E+11
                      283    1.378693014632605E+32    3.389439488772155E+34    8.704532022149244E+14    3.843017538232797E+08    9.979901231319999E-13    3.180431054286236E+02    1.883670298177619E+04    1.883670298177619E+04    3.262741215897100E-01    8.073904867011890E+01    3.396202070742400E+34    8.782169262572658E+14    6.385876000000000E-01    0.000000000000000E+00    3.419490000000000E-01    1.767539000000000E-03    4.327041000000000E-03    7.470454000000000E-03    1.474279000000000E-03    2.192984000000000E-04    2.831437000000000E-03    4.761671000000000E-04    3.206666000000000E-04    6.270751000000000E-05    4.852565000000000E-05    0.000000000000000E+00    0.000000000000000E+00    0.000000000000000E+00    0.000000000000000E+00    0.000000000000000E+00    5.776274000000000E-05    0.000000000000000E+00    3.008117000000000E-05    2.167736665723500E+41    6.002534126302001E+11    4.361515104308501E+11
                      284    1.352595532761668E+32    3.402964652712644E+34    8.859806502996071E+14    3.913278358821865E+08    8.853729376910593E-13    3.151272687115803E+02    1.879007701918900E+04    1.879337976712460E+04    3.270731294250800E-01    7.624799776858843E+01    3.409710333198987E+34    8.945193499624678E+14    6.385876000000000E-01    0.000000000000000E+00    3.419490000000000E-01    1.767539000000000E-03    4.327041000000000E-03    7.470454000000000E-03    1.474279000000000E-03    2.192984000000000E-04    2.831437000000000E-03    4.761671000000000E-04    3.206666000000000E-04    6.270751000000000E-05    4.852565000000000E-05    0.000000000000000E+00    0.000000000000000E+00    0.000000000000000E+00    0.000000000000000E+00    0.000000000000000E+00    5.776274000000000E-05    0.000000000000000E+00    3.008117000000000E-05    1.669801567074000E+41    5.328828046816501E+11    3.872137260450001E+11
                      285    1.349053777099980E+32    3.416456013685330E+34    9.030580496253281E+14    3.988289179410933E+08    7.675845828062030E-13    3.122381645462399E+02    1.875015619310169E+04    1.875015619310169E+04    3.280937784385851E-01    7.195254516603553E+01    3.422740383081671E+34    9.120045143638905E+14    6.385876000000000E-01    0.000000000000000E+00    3.419490000000000E-01    1.767539000000000E-03    4.327041000000000E-03    7.470454000000000E-03    1.474279000000000E-03    2.192984000000000E-04    2.831437000000000E-03    4.761671000000000E-04    3.206666000000000E-04    6.270751000000000E-05    4.852565000000000E-05    0.000000000000000E+00    0.000000000000000E+00    0.000000000000000E+00    0.000000000000000E+00    0.000000000000000E+00    5.776274000000000E-05    0.000000000000000E+00    3.008117000000000E-05    1.102082880205850E+41    4.615843339935501E+11    3.352759416591501E+11
                      286    1.256896149458789E+32    3.429024752478012E+34    9.209509791024530E+14    4.065996393136978E+08    6.548264951101157E-13    3.122381645462399E+02    1.870703203054038E+04    1.875015619310169E+04    3.293082058906750E-01    6.809883801911847E+01    3.434814007816549E+34    9.302024258293180E+14    6.385876000000000E-01    0.000000000000000E+00    3.419490000000000E-01    1.767539000000000E-03    4.327041000000000E-03    7.470454000000000E-03    1.474279000000000E-03    2.192984000000000E-04    2.831437000000000E-03    4.761671000000000E-04    3.206666000000000E-04    6.270751000000000E-05    4.852565000000000E-05    0.000000000000000E+00    0.000000000000000E+00    0.000000000000000E+00    0.000000000000000E+00    0.000000000000000E+00    5.776274000000000E-05    0.000000000000000E+00    3.008117000000000E-05    5.026067521029746E+40    3.942858633054501E+11    2.863381572733000E+11
                      287    1.157858027142022E+32    3.440603263155087E+34    9.394538725561830E+14    4.153907213726045E+08    5.625048135395765E-13    3.093755478470979E+02    1.870703203054038E+04    1.870703203054038E+04    3.305154196167200E-01    6.466302085401395E+01    3.446884649936622E+34    9.509136301864862E+14    6.385876000000000E-01    0.000000000000000E+00    3.419490000000000E-01    1.767539000000000E-03    4.327041000000000E-03    7.470454000000000E-03    1.474279000000000E-03    2.192984000000000E-04    2.831437000000000E-03    4.761671000000000E-04    3.206666000000000E-04    6.270751000000000E-05    4.852565000000000E-05    0.000000000000000E+00    0.000000000000000E+00    0.000000000000000E+00    0.000000000000000E+00    0.000000000000000E+00    5.776274000000000E-05    0.000000000000000E+00    3.008117000000000E-05   -1.323748739703205E+40    3.382759416591501E+11    2.455446474083500E+11
                      288    1.256179128859416E+32    3.453166036718157E+34    9.623733878167896E+14    4.202144058104174E+08    4.678711249730829E-13    3.096350653361373E+02    1.870703203054038E+04    1.871032718236652E+04    3.319226333427650E-01    6.110796604603503E+01    3.458027698852014E+34    9.723932293946378E+14    6.385876000000000E-01    0.000000000000000E+00    3.419490000000000E-01    1.767539000000000E-03    4.327041000000000E-03    7.470454000000000E-03    1.474279000000000E-03    2.192984000000000E-04    2.831437000000000E-03    4.761671000000000E-04    3.206666000000000E-04    6.270751000000000E-05    4.852565000000000E-05    0.000000000000000E+00    0.000000000000000E+00    0.000000000000000E+00    0.000000000000000E+00    0.000000000000000E+00    5.776274000000000E-05    0.000000000000000E+00    3.008117000000000E-05   -9.328666902635506E+40    2.821938827524001E+11    2.048232748038500E+11
                      289    9.724334379927780E+31    3.462889360985871E+34    9.824130709724861E+14    4.064235337250133E+08    3.991671440457139E-13    3.122381645462399E+02    1.875015619310169E+04    1.875015619310169E+04    3.329514882469450E-01    5.844643680735332E+01    3.467343399096234E+34    9.893772454522340E+14    6.385876000000000E-01    0.000000000000000E+00    3.419490000000000E-01    1.767539000000000E-03    4.327041000000000E-03    7.470454000000000E-03    1.474279000000000E-03    2.192984000000000E-04    2.831437000000000E-03    4.761671000000000E-04    3.206666000000000E-04    6.270751000000000E-05    4.852565000000000E-05    0.000000000000000E+00    0.000000000000000E+00    0.000000000000000E+00    0.000000000000000E+00    0.000000000000000E+00    5.776274000000000E-05    0.000000000000000E+00    3.008117000000000E-05   -3.897344236652517E+40    2.408954120643000E+11    1.748133531575500E+11
                      290    8.906911012543037E+31    3.471797437206598E+34    9.963414199319819E+14    3.812653020861700E+08    5.090666170818951E-13    3.125000833210403E+02    1.875345894103729E+04    1.875345894103729E+04    3.311246176720249E-01    5.610296209006033E+01    3.475934323942585E+34    9.995518360646914E+14    6.385876000000000E-01    0.000000000000000E+00    3.419490000000000E-01    1.767539000000000E-03    4.327041000000000E-03    7.470454000000000E-03    1.474279000000000E-03    2.192984000000000E-04    2.831437000000000E-03    4.761671000000000E-04    3.206666000000000E-04    6.270751000000000E-05    4.852565000000000E-05    0.000000000000000E+00    0.000000000000000E+00    0.000000000000000E+00    0.000000000000000E+00    0.000000000000000E+00    5.776274000000000E-05    0.000000000000000E+00    3.008117000000000E-05    5.002415599949346E+41    3.066916076656000E+11    2.223408430096500E+11
                      291    8.273612410775060E+31    3.480071210678573E+34    1.002762252197401E+15    3.648011391012195E+08    1.015040324196428E-12    3.098969841109376E+02    1.875676930259319E+04    1.871362993030212E+04    3.261544647408350E-01    5.400987841743597E+01    3.483989372328783E+34    1.003690642925221E+15    6.385876000000000E-01    0.000000000000000E+00    3.419490000000000E-01    1.767539000000000E-03    4.327041000000000E-03    7.470454000000000E-03    1.474279000000000E-03    2.192984000000000E-04    2.831437000000000E-03    4.761671000000000E-04    3.206666000000000E-04    6.270751000000000E-05    4.852565000000000E-05    0.000000000000000E+00    0.000000000000000E+00    0.000000000000000E+00    0.000000000000000E+00    0.000000000000000E+00    5.776274000000000E-05    0.000000000000000E+00    3.008117000000000E-05    1.035545468707450E+42    6.110675870868499E+11    4.441072736720499E+11
                      292    7.836591735753560E+31    3.487907533978993E+34    1.004619033653041E+15    3.588356057301595E+08    3.389236070412249E-12    3.045002441880496E+02    1.863094376276055E+04    1.863094376276055E+04    3.288298470688100E-01    5.203859920579865E+01    3.491634808281617E+34    1.004779597905354E+15    6.385876000000000E-01    0.000000000000000E+00    3.419490000000000E-01    1.767539000000000E-03    4.327041000000000E-03    7.470454000000000E-03    1.474279000000000E-03    2.192984000000000E-04    2.831437000000000E-03    4.761671000000000E-04    3.206666000000000E-04    6.270751000000000E-05    4.852565000000000E-05    0.000000000000000E+00    0.000000000000000E+00    0.000000000000000E+00    0.000000000000000E+00    0.000000000000000E+00    5.776274000000000E-05    0.000000000000000E+00    3.008117000000000E-05    1.267114509582000E+42    2.039206268295999E+12    1.481352407254149E+12
                      293    7.454817040579535E+31    3.495362082584240E+34    1.004940162157668E+15    3.578102625790345E+08    1.906430578548872E-11    2.989424883807012E+02    1.854534235182350E+04    1.854534235182350E+04    3.670876390070800E-01    4.996064354945435E+01    3.499486044656068E+34    1.005007201117423E+15    6.385876000000000E-01    0.000000000000000E+00    3.419490000000000E-01    1.767539000000000E-03    4.327041000000000E-03    7.470454000000000E-03    1.474279000000000E-03    2.192984000000000E-04    2.831437000000000E-03    4.761671000000000E-04    3.206666000000000E-04    6.270751000000000E-05    4.852565000000000E-05    0.000000000000000E+00    0.000000000000000E+00    0.000000000000000E+00    0.000000000000000E+00    0.000000000000000E+00    5.776274000000000E-05    0.000000000000000E+00    3.008117000000000E-05    1.294328235627000E+42    1.146618427266999E+13    8.322622911383496E+12
                      294    8.248319837219783E+31    3.503610006727896E+34    1.005074240077179E+15    3.576838828707388E+08    4.628432723718796E-11    2.907954756413046E+02    1.841767711305634E+04    1.841767711305634E+04    4.229607684321600E-01    4.737789274507093E+01    3.507539104632395E+34    1.005124569124820E+15    6.385876000000000E-01    0.000000000000000E+00    3.419490000000000E-01    1.767539000000000E-03    4.327041000000000E-03    7.470454000000000E-03    1.474279000000000E-03    2.192984000000000E-04    2.831437000000000E-03    4.761671000000000E-04    3.206666000000000E-04    6.270751000000000E-05    4.852565000000000E-05    0.000000000000000E+00    0.000000000000000E+00    0.000000000000000E+00    0.000000000000000E+00    0.000000000000000E+00    5.776274000000000E-05    0.000000000000000E+00    3.008117000000000E-05    1.295770980836000E+42    2.790748229967999E+13    2.020225290289500E+13
                      295    7.859102523899734E+31    3.511468202536895E+34    1.005174898172460E+15    3.577017187529252E+08    6.226564342136704E-11    2.828704916169808E+02    1.824882283433664E+04    1.829089071561118E+04    4.447559940527350E-01    4.459043154020276E+01    3.516266235554889E+34    1.005224943397545E+15    6.385876000000000E-01    0.000000000000000E+00    3.419490000000000E-01    1.767539000000000E-03    4.327041000000000E-03    7.470454000000000E-03    1.474279000000000E-03    2.192984000000000E-04    2.831437000000000E-03    4.761671000000000E-04    3.206666000000000E-04    6.270751000000000E-05    4.852565000000000E-05    0.000000000000000E+00    0.000000000000000E+00    0.000000000000000E+00    0.000000000000000E+00    0.000000000000000E+00    5.776274000000000E-05    0.000000000000000E+00    3.008117000000000E-05    1.296492353440500E+42    3.757412158971000E+13    2.720198432926000E+13
                      296    9.595157332677882E+31    3.521064268572884E+34    1.005274988622629E+15    3.577256366940185E+08    6.649379107565379E-11    2.726387897472280E+02    1.811999347177931E+04    1.812319882157011E+04    4.516714136694550E-01    4.158546840264666E+01    3.523683998577528E+34    1.005299627680949E+15    6.385876000000000E-01    0.000000000000000E+00    3.419490000000000E-01    1.767539000000000E-03    4.327041000000000E-03    7.470454000000000E-03    1.474279000000000E-03    2.192984000000000E-04    2.831437000000000E-03    4.761671000000000E-04    3.206666000000000E-04    6.270751000000000E-05    4.852565000000000E-05    0.000000000000000E+00    0.000000000000000E+00    0.000000000000000E+00    0.000000000000000E+00    0.000000000000000E+00    5.776274000000000E-05    0.000000000000000E+00    3.008117000000000E-05    1.296492353440500E+42    4.004003728874501E+13    2.902461767202500E+13
                      297    5.240082381578891E+31    3.526303728582173E+34    1.005324266739269E+15    3.577395546351117E+08    6.536899099640131E-11    2.652086258205276E+02    1.799525631410658E+04    1.799843959842462E+04    4.527064901350500E-01    4.012755639357755E+01    3.526873408010128E+34    1.005328564960112E+15    6.385876000000000E-01    0.000000000000000E+00    3.419490000000000E-01    1.767539000000000E-03    4.327041000000000E-03    7.470454000000000E-03    1.474279000000000E-03    2.192984000000000E-04    2.831437000000000E-03    4.761671000000000E-04    3.206666000000000E-04    6.270751000000000E-05    4.852565000000000E-05    0.000000000000000E+00    0.000000000000000E+00    0.000000000000000E+00    0.000000000000000E+00    0.000000000000000E+00    5.776274000000000E-05    0.000000000000000E+00    3.008117000000000E-05    1.296492353440500E+42    3.938954120643000E+13    2.858133531575500E+13
                      298    1.137820820874998E+31    3.527443087438083E+34    1.005332863180956E+15    3.577488332625073E+08    6.333107354216250E-11    2.627771785240909E+02    1.795386837308733E+04    1.795704433605461E+04    4.509714136694550E-01    3.988211336805759E+01    3.527809949059227E+34    1.005336574847785E+15    6.385876000000000E-01    0.000000000000000E+00    3.419490000000000E-01    1.767539000000000E-03    4.327041000000000E-03    7.470454000000000E-03    1.474279000000000E-03    2.192984000000000E-04    2.831437000000000E-03    4.761671000000000E-04    3.206666000000000E-04    6.270751000000000E-05    4.852565000000000E-05    0.000000000000000E+00    0.000000000000000E+00    0.000000000000000E+00    0.000000000000000E+00    0.000000000000000E+00    5.776274000000000E-05    0.000000000000000E+00    3.008117000000000E-05    1.296492353440500E+42    3.811118238456500E+13    2.769576276784500E+13
                      299    7.346562041989120E+30    3.528176810680371E+34    1.005340286514614E+15    3.577531118899028E+08    6.347706674440618E-11    2.627771785240909E+02    1.791574428014612E+04    1.795704433605461E+04    4.512786273955000E-01    3.966956797452193E+01    3.528527765022548E+34    1.005344469058904E+15    6.385876000000000E-01    0.000000000000000E+00    3.419490000000000E-01    1.767539000000000E-03    4.327041000000000E-03    7.470454000000000E-03    1.474279000000000E-03    2.192984000000000E-04    2.831437000000000E-03    4.761671000000000E-04    3.206666000000000E-04    6.270751000000000E-05    4.852565000000000E-05    0.000000000000000E+00    0.000000000000000E+00    0.000000000000000E+00    0.000000000000000E+00    0.000000000000000E+00    5.776274000000000E-05    0.000000000000000E+00    3.008117000000000E-05    1.296492353440500E+42    3.821118238456500E+13    2.769576276784500E+13
                      300    7.028505941121614E+30    3.528878719364727E+34    1.005348651603193E+15    3.577573905172982E+08    6.363541569208186E-11    2.603680228704600E+02    1.791574428014612E+04    1.791574428014612E+04    4.517714136694550E-01    3.942915547584549E+01    3.529221720067422E+34    1.005352834182293E+15    6.385876000000000E-01    0.000000000000000E+00    3.419490000000000E-01    1.767539000000000E-03    4.327041000000000E-03    7.470454000000000E-03    1.474279000000000E-03    2.192984000000000E-04    2.831437000000000E-03    4.761671000000000E-04    3.206666000000000E-04    6.270751000000000E-05    4.852565000000000E-05    0.000000000000000E+00    0.000000000000000E+00    0.000000000000000E+00    0.000000000000000E+00    0.000000000000000E+00    5.776274000000000E-05    0.000000000000000E+00    3.008117000000000E-05    1.296492353440500E+42    3.840396865852000E+13    2.780297649389000E+13
                      301    6.846190628487181E+30    3.529564720770117E+34    1.005357016761393E+15    3.577666691446937E+08    6.391706875076229E-11    2.603680228704600E+02    1.791574428014612E+04    1.791574428014612E+04    4.522641999434101E-01    3.918741259439329E+01    3.529883860554365E+34    1.005360852134519E+15    6.385876000000000E-01    0.000000000000000E+00    3.419490000000000E-01    1.767539000000000E-03    4.327041000000000E-03    7.470454000000000E-03    1.474279000000000E-03    2.192984000000000E-04    2.831437000000000E-03    4.761671000000000E-04    3.206666000000000E-04    6.270751000000000E-05    4.852565000000000E-05    0.000000000000000E+00    0.000000000000000E+00    0.000000000000000E+00    0.000000000000000E+00    0.000000000000000E+00    5.776274000000000E-05    0.000000000000000E+00    3.008117000000000E-05    1.296492353440500E+42    3.851118238456500E+13    2.790297649389000E+13
                      302    6.393731939229581E+30    3.530203000338612E+34    1.005364687507644E+15    3.577755870857870E+08    6.394124593462689E-11    2.603680228704600E+02    1.787453921173032E+04    1.791574428014612E+04    4.525641999434100E-01    3.896549994156204E+01    3.530499273409345E+34    1.005368291414554E+15    6.385876000000000E-01    0.000000000000000E+00    3.419490000000000E-01    1.767539000000000E-03    4.327041000000000E-03    7.470454000000000E-03    1.474279000000000E-03    2.192984000000000E-04    2.831437000000000E-03    4.761671000000000E-04    3.206666000000000E-04    6.270751000000000E-05    4.852565000000000E-05    0.000000000000000E+00    0.000000000000000E+00    0.000000000000000E+00    0.000000000000000E+00    0.000000000000000E+00    5.776274000000000E-05    0.000000000000000E+00    3.008117000000000E-05    1.296492353440500E+42    3.851839611061000E+13    2.791019021993500E+13
                      303    5.914175200254108E+30    3.530795546480079E+34    1.005371895321463E+15    3.577845050268803E+08    6.408864572950367E-11    2.601461181041712E+02    1.787453921173032E+04    1.791257562169097E+04    4.528714136694550E-01    3.875635024600989E+01    3.531301596792172E+34    1.005377929979574E+15    6.385876000000000E-01    0.000000000000000E+00    3.419490000000000E-01    1.767539000000000E-03    4.327041000000000E-03    7.470454000000000E-03    1.474279000000000E-03    2.192984000000000E-04    2.831437000000000E-03    4.761671000000000E-04    3.206666000000000E-04    6.270751000000000E-05    4.852565000000000E-05    0.000000000000000E+00    0.000000000000000E+00    0.000000000000000E+00    0.000000000000000E+00    0.000000000000000E+00    5.776274000000000E-05    0.000000000000000E+00    3.008117000000000E-05    1.296492353440500E+42    3.861839611061000E+13    2.800297649389000E+13
                      304    1.012849061660638E+31    3.531807647104265E+34    1.005383964637686E+15    3.577937836542757E+08    6.479402925673909E-11    2.579809544886219E+02    1.787453921173032E+04    1.787453921173032E+04    4.539353450392300E-01    3.840151532254524E+01    3.532115850634223E+34    1.005387568613711E+15    6.385876000000000E-01    0.000000000000000E+00    3.419490000000000E-01    1.767539000000000E-03    4.327041000000000E-03    7.470454000000000E-03    1.474279000000000E-03    2.192984000000000E-04    2.831437000000000E-03    4.761671000000000E-04    3.206666000000000E-04    6.270751000000000E-05    4.852565000000000E-05    0.000000000000000E+00    0.000000000000000E+00    0.000000000000000E+00    0.000000000000000E+00    0.000000000000000E+00    5.776274000000000E-05    0.000000000000000E+00    3.008117000000000E-05    1.296492353440500E+42    3.901118238456500E+13    2.829576276784500E+13
                      305    6.161105880046746E+30    3.532424054164182E+34    1.005391172589736E+15    3.578027015953690E+08    6.453288699886121E-11    2.579809544886219E+02    1.783342891234206E+04    1.787453921173032E+04    4.538641999434100E-01    3.819045050932488E+01    3.532688512676984E+34    1.005394421468914E+15    6.385876000000000E-01    0.000000000000000E+00    3.419490000000000E-01    1.767539000000000E-03    4.327041000000000E-03    7.470454000000000E-03    1.474279000000000E-03    2.192984000000000E-04    2.831437000000000E-03    4.761671000000000E-04    3.206666000000000E-04    6.270751000000000E-05    4.852565000000000E-05    0.000000000000000E+00    0.000000000000000E+00    0.000000000000000E+00    0.000000000000000E+00    0.000000000000000E+00    5.776274000000000E-05    0.000000000000000E+00    3.008117000000000E-05    1.296492353440500E+42    3.883282356270000E+13    2.821019021993500E+13
                      306    5.287334953746160E+30    3.532952971189787E+34    1.005397670348092E+15    3.578116195364622E+08    6.454512964874756E-11    2.577610841574588E+02    1.783342891234206E+04    1.787137784098738E+04    4.541641999434100E-01    3.800006513238960E+01    3.533208481858171E+34    1.005400687745455E+15    6.385876000000000E-01    0.000000000000000E+00    3.419490000000000E-01    1.767539000000000E-03    4.327041000000000E-03    7.470454000000000E-03    1.474279000000000E-03    2.192984000000000E-04    2.831437000000000E-03    4.761671000000000E-04    3.206666000000000E-04    6.270751000000000E-05    4.852565000000000E-05    0.000000000000000E+00    0.000000000000000E+00    0.000000000000000E+00    0.000000000000000E+00    0.000000000000000E+00    5.776274000000000E-05    0.000000000000000E+00    3.008117000000000E-05    1.296492353440500E+42    3.893282356270000E+13    2.821740394598000E+13
                      307    5.105914425553540E+30    3.533463992526556E+34    1.005403705142818E+15    3.578208981638578E+08    6.469392153935684E-11    2.556157708812531E+02    1.783342891234206E+04    1.783342891234206E+04    4.544641999434100E-01    3.782271599749526E+01    3.533750323547937E+34    1.005407193437425E+15    6.385876000000000E-01    0.000000000000000E+00    3.419490000000000E-01    1.767539000000000E-03    4.327041000000000E-03    7.470454000000000E-03    1.474279000000000E-03    2.192984000000000E-04    2.831437000000000E-03    4.761671000000000E-04    3.206666000000000E-04    6.270751000000000E-05    4.852565000000000E-05    0.000000000000000E+00    0.000000000000000E+00    0.000000000000000E+00    0.000000000000000E+00    0.000000000000000E+00    5.776274000000000E-05    0.000000000000000E+00    3.008117000000000E-05    1.296492353440500E+42    3.894003728874501E+13    2.821740394598000E+13
                      308    5.740211209076606E+30    3.534036654569317E+34    1.005410681732032E+15    3.578301767912533E+08    6.484305643069808E-11    2.556157708812531E+02    1.783027481255006E+04    1.783342891234206E+04    4.548641999434100E-01    3.761698898134775E+01    3.534372695837465E+34    1.005414509439244E+15    6.385876000000000E-01    0.000000000000000E+00    3.419490000000000E-01    1.767539000000000E-03    4.327041000000000E-03    7.470454000000000E-03    1.474279000000000E-03    2.192984000000000E-04    2.831437000000000E-03    4.761671000000000E-04    3.206666000000000E-04    6.270751000000000E-05    4.852565000000000E-05    0.000000000000000E+00    0.000000000000000E+00    0.000000000000000E+00    0.000000000000000E+00    0.000000000000000E+00    5.776274000000000E-05    0.000000000000000E+00    3.008117000000000E-05    1.296492353440500E+42    3.913282356270001E+13    2.831740394598000E+13
                      309    6.710698391487945E+30    3.534708737105614E+34    1.005418337146456E+15    3.578390947323465E+08    6.514235838019228E-11    2.553979163334026E+02    1.779241316401866E+04    1.783027481255006E+04    4.553497724913200E-01    3.739002834141366E+01    3.535031853709602E+34    1.005422056999625E+15    6.385876000000000E-01    0.000000000000000E+00    3.419490000000000E-01    1.767539000000000E-03    4.327041000000000E-03    7.470454000000000E-03    1.474279000000000E-03    2.192984000000000E-04    2.831437000000000E-03    4.761671000000000E-04    3.206666000000000E-04    6.270751000000000E-05    4.852565000000000E-05    0.000000000000000E+00    0.000000000000000E+00    0.000000000000000E+00    0.000000000000000E+00    0.000000000000000E+00    5.776274000000000E-05    0.000000000000000E+00    3.008117000000000E-05    1.296492353440500E+42    3.923282356270001E+13    2.841740394598000E+13
                      310    6.464549156774493E+30    3.535354970313591E+34    1.005425776852795E+15    3.578433733597420E+08    6.529252702521444E-11    2.532722714075371E+02    1.779241316401866E+04    1.779241316401866E+04    4.556569862173649E-01    3.716874700349091E+01    3.535423570454129E+34    1.005426587130889E+15    6.385876000000000E-01    0.000000000000000E+00    3.419490000000000E-01    1.767539000000000E-03    4.327041000000000E-03    7.470454000000000E-03    1.474279000000000E-03    2.192984000000000E-04    2.831437000000000E-03    4.761671000000000E-04    3.206666000000000E-04    6.270751000000000E-05    4.852565000000000E-05    0.000000000000000E+00    0.000000000000000E+00    0.000000000000000E+00    0.000000000000000E+00    0.000000000000000E+00    5.776274000000000E-05    0.000000000000000E+00    3.008117000000000E-05    1.296492353440500E+42    3.934003728874501E+13    2.851740394598000E+13
                      311    1.368182478897083E+30    3.535492170594668E+34    1.005427397408984E+15    3.578433733597420E+08    6.460676753495020E-11    2.532722714075371E+02    1.779241316401866E+04    1.779241316401866E+04    4.550146960257250E-01    3.712114694525700E+01    3.535559776530272E+34    1.005428207688386E+15    6.385876000000000E-01    0.000000000000000E+00    3.419490000000000E-01    1.767539000000000E-03    4.327041000000000E-03    7.470454000000000E-03    1.474279000000000E-03    2.192984000000000E-04    2.831437000000000E-03    4.761671000000000E-04    3.206666000000000E-04    6.270751000000000E-05    4.852565000000000E-05    0.000000000000000E+00    0.000000000000000E+00    0.000000000000000E+00    0.000000000000000E+00    0.000000000000000E+00    5.776274000000000E-05    0.000000000000000E+00    3.008117000000000E-05    1.296492353440500E+42    3.886889219292501E+13    2.814625885016000E+13
                      312    1.364736166909189E+30    3.535627382465876E+34    1.005429017967788E+15    3.578480126734397E+08    6.460676753495020E-11    2.532722714075371E+02    1.779241316401866E+04    1.779241316401866E+04    4.551146960257250E-01    3.707353634755518E+01    3.535695982606416E+34    1.005429836119276E+15    6.385876000000000E-01    0.000000000000000E+00    3.419490000000000E-01    1.767539000000000E-03    4.327041000000000E-03    7.470454000000000E-03    1.474279000000000E-03    2.192984000000000E-04    2.831437000000000E-03    4.761671000000000E-04    3.206666000000000E-04    6.270751000000000E-05    4.852565000000000E-05    0.000000000000000E+00    0.000000000000000E+00    0.000000000000000E+00    0.000000000000000E+00    0.000000000000000E+00    5.776274000000000E-05    0.000000000000000E+00    3.008117000000000E-05    1.296492353440500E+42    3.887610591897001E+13    2.823904512411500E+13
                      313    1.369019798293634E+30    3.535764582746954E+34    1.005430654270765E+15    3.578526519871375E+08    6.461918049706153E-11    2.532722714075371E+02    1.779241316401866E+04    1.779241316401866E+04    4.552146960257251E-01    3.702538100509425E+01    3.535833182887493E+34    1.005431464552792E+15    6.385876000000000E-01    0.000000000000000E+00    3.419490000000000E-01    1.767539000000000E-03    4.327041000000000E-03    7.470454000000000E-03    1.474279000000000E-03    2.192984000000000E-04    2.831437000000000E-03    4.761671000000000E-04    3.206666000000000E-04    6.270751000000000E-05    4.852565000000000E-05    0.000000000000000E+00    0.000000000000000E+00    0.000000000000000E+00    0.000000000000000E+00    0.000000000000000E+00    5.776274000000000E-05    0.000000000000000E+00    3.008117000000000E-05    1.296492353440500E+42    3.896889219292501E+13    2.824625885016000E+13
                      314    1.366096835783707E+30    3.535901783028032E+34    1.005432274834819E+15    3.578526519871375E+08    6.461918049706153E-11    2.532722714075371E+02    1.778926631845488E+04    1.779241316401866E+04    4.553146960257251E-01    3.697774086160751E+01    3.535972371578443E+34    1.005433208743829E+15    6.385876000000000E-01    0.000000000000000E+00    3.419490000000000E-01    1.767539000000000E-03    4.327041000000000E-03    7.470454000000000E-03    1.474279000000000E-03    2.192984000000000E-04    2.831437000000000E-03    4.761671000000000E-04    3.206666000000000E-04    6.270751000000000E-05    4.852565000000000E-05    0.000000000000000E+00    0.000000000000000E+00    0.000000000000000E+00    0.000000000000000E+00    0.000000000000000E+00    5.776274000000000E-05    0.000000000000000E+00    3.008117000000000E-05    1.296492353440500E+42    3.896889219292501E+13    2.824625885016000E+13
                      315    1.404823504107397E+30    3.536042960128852E+34    1.005434142652838E+15    3.578572913008353E+08    6.475570151556180E-11    2.532722714075371E+02    1.778926631845488E+04    1.779241316401866E+04    4.554146960257250E-01    3.692264111271756E+01    3.536117525499003E+34    1.005435176577042E+15    6.385876000000000E-01    0.000000000000000E+00    3.419490000000000E-01    1.767539000000000E-03    4.327041000000000E-03    7.470454000000000E-03    1.474279000000000E-03    2.192984000000000E-04    2.831437000000000E-03    4.761671000000000E-04    3.206666000000000E-04    6.270751000000000E-05    4.852565000000000E-05    0.000000000000000E+00    0.000000000000000E+00    0.000000000000000E+00    0.000000000000000E+00    0.000000000000000E+00    5.776274000000000E-05    0.000000000000000E+00    3.008117000000000E-05    1.296492353440500E+42    3.897610591897001E+13    2.824625885016000E+13
                      316    1.508042258177307E+30    3.536192090869154E+34    1.005436210501244E+15    3.578619306145330E+08    6.475570151556180E-11    2.532722714075371E+02    1.778926631845488E+04    1.779241316401866E+04    4.555146960257250E-01    3.686175811451865E+01    3.536270633059047E+34    1.005437144413912E+15    6.385876000000000E-01    0.000000000000000E+00    3.419490000000000E-01    1.767539000000000E-03    4.327041000000000E-03    7.470454000000000E-03    1.474279000000000E-03    2.192984000000000E-04    2.831437000000000E-03    4.761671000000000E-04    3.206666000000000E-04    6.270751000000000E-05    4.852565000000000E-05    0.000000000000000E+00    0.000000000000000E+00    0.000000000000000E+00    0.000000000000000E+00    0.000000000000000E+00    5.776274000000000E-05    0.000000000000000E+00    3.008117000000000E-05    1.296492353440500E+42    3.897610591897001E+13    2.824625885016000E+13
                      317    1.563417882348351E+30    3.536349175248939E+34    1.005438078326579E+15    3.578619306145330E+08    6.476814309250607E-11    2.532722714075371E+02    1.778926631845488E+04    1.779241316401866E+04    4.556146960257250E-01    3.680662302685064E+01    3.536426723233897E+34    1.005439004370125E+15    6.385876000000000E-01    0.000000000000000E+00    3.419490000000000E-01    1.767539000000000E-03    4.327041000000000E-03    7.470454000000000E-03    1.474279000000000E-03    2.192984000000000E-04    2.831437000000000E-03    4.761671000000000E-04    3.206666000000000E-04    6.270751000000000E-05    4.852565000000000E-05    0.000000000000000E+00    0.000000000000000E+00    0.000000000000000E+00    0.000000000000000E+00    0.000000000000000E+00    5.776274000000000E-05    0.000000000000000E+00    3.008117000000000E-05    1.296492353440500E+42    3.897610591897001E+13    2.824625885016000E+13
                      318    1.552959442951440E+30    3.536504271218853E+34    1.005439930413671E+15    3.578665699282308E+08    6.476814309250607E-11    2.530564141621868E+02    1.775149174929864E+04    1.778926631845488E+04    4.557146960257250E-01    3.675200327985969E+01    3.536584801818617E+34    1.005440864329795E+15    6.385876000000000E-01    0.000000000000000E+00    3.419490000000000E-01    1.767539000000000E-03    4.327041000000000E-03    7.470454000000000E-03    1.474279000000000E-03    2.192984000000000E-04    2.831437000000000E-03    4.761671000000000E-04    3.206666000000000E-04    6.270751000000000E-05    4.852565000000000E-05    0.000000000000000E+00    0.000000000000000E+00    0.000000000000000E+00    0.000000000000000E+00    0.000000000000000E+00    5.776274000000000E-05    0.000000000000000E+00    3.008117000000000E-05    1.296492353440500E+42    3.907610591897001E+13    2.825347257620500E+13
                      319    1.606057940138561E+30    3.536665332418381E+34    1.005441798245920E+15    3.578712092419285E+08    6.490497882445664E-11    2.530564141621868E+02    1.775149174929864E+04    1.778926631845488E+04    4.558146960257250E-01    3.669672756928860E+01    3.536750834042821E+34    1.005442832177994E+15    6.385876000000000E-01    0.000000000000000E+00    3.419490000000000E-01    1.767539000000000E-03    4.327041000000000E-03    7.470454000000000E-03    1.474279000000000E-03    2.192984000000000E-04    2.831437000000000E-03    4.761671000000000E-04    3.206666000000000E-04    6.270751000000000E-05    4.852565000000000E-05    0.000000000000000E+00    0.000000000000000E+00    0.000000000000000E+00    0.000000000000000E+00    0.000000000000000E+00    5.776274000000000E-05    0.000000000000000E+00    3.008117000000000E-05    1.296492353440500E+42    3.907610591897001E+13    2.834625885016000E+13
                      320    1.710803991830154E+30    3.536836335667260E+34    1.005443866110067E+15    3.578801271830218E+08    6.491744908219783E-11    2.530564141621868E+02    1.775149174929864E+04    1.778926631845488E+04    4.559146960257250E-01    3.663564043838690E+01    3.538141726747373E+34    1.005458977584718E+15    6.385876000000000E-01    0.000000000000000E+00    3.419490000000000E-01    1.767539000000000E-03    4.327041000000000E-03    7.470454000000000E-03    1.474279000000000E-03    2.192984000000000E-04    2.831437000000000E-03    4.761671000000000E-04    3.206666000000000E-04    6.270751000000000E-05    4.852565000000000E-05    0.000000000000000E+00    0.000000000000000E+00    0.000000000000000E+00    0.000000000000000E+00    0.000000000000000E+00    5.776274000000000E-05    0.000000000000000E+00    3.008117000000000E-05    1.296492353440500E+42    3.907610591897001E+13    2.834625885016000E+13
                      321    2.611207679938870E+31    3.539447117827487E+34    1.005474089059368E+15    3.579029630652083E+08    6.799129268441447E-11    2.509502572661382E+02    1.774835214127882E+04    1.775149174929864E+04    4.600415666006450E-01    3.569056112489994E+01    3.541137266217580E+34    1.005493268451276E+15    6.385876000000000E-01    0.000000000000000E+00    3.419490000000000E-01    1.767539000000000E-03    4.327041000000000E-03    7.470454000000000E-03    1.474279000000000E-03    2.192984000000000E-04    2.831437000000000E-03    4.761671000000000E-04    3.206666000000000E-04    6.270751000000000E-05    4.852565000000000E-05    0.000000000000000E+00    0.000000000000000E+00    0.000000000000000E+00    0.000000000000000E+00    0.000000000000000E+00    5.776274000000000E-05    0.000000000000000E+00    3.008117000000000E-05    1.296492353440500E+42    4.101118238456501E+13    2.970297649389000E+13
                      322    3.379083850165560E+31    3.542827414607673E+34    1.005512447843183E+15    3.579307989473948E+08    6.941499524984377E-11    2.484376140717406E+02    1.766993105332281E+04    1.770753206409905E+04    4.625271391485550E-01    3.445935044521892E+01    3.544719386599643E+34    1.005533480263403E+15    6.385876000000000E-01    0.000000000000000E+00    3.419490000000000E-01    1.767539000000000E-03    4.327041000000000E-03    7.470454000000000E-03    1.474279000000000E-03    2.192984000000000E-04    2.831437000000000E-03    4.761671000000000E-04    3.206666000000000E-04    6.270751000000000E-05    4.852565000000000E-05    0.000000000000000E+00    0.000000000000000E+00    0.000000000000000E+00    0.000000000000000E+00    0.000000000000000E+00    5.776274000000000E-05    0.000000000000000E+00    3.008117000000000E-05    1.296492353440500E+42    4.182560983665501E+13    3.031019021993500E+13
                      323    3.784112998777399E+31    3.546611358591612E+34    1.005554512683622E+15    3.579632741432790E+08    7.056946905452758E-11    2.441111660617509E+02    1.762617334453003E+04    1.762929133964027E+04    4.652127116964650E-01    3.307883320159434E+01    3.548626611995565E+34    1.005576695848903E+15    6.385876000000000E-01    0.000000000000000E+00    3.419490000000000E-01    1.767539000000000E-03    4.327041000000000E-03    7.470454000000000E-03    1.474279000000000E-03    2.192984000000000E-04    2.831437000000000E-03    4.761671000000000E-04    3.206666000000000E-04    6.270751000000000E-05    4.852565000000000E-05    0.000000000000000E+00    0.000000000000000E+00    0.000000000000000E+00    0.000000000000000E+00    0.000000000000000E+00    5.776274000000000E-05    0.000000000000000E+00    3.008117000000000E-05    1.296492353440500E+42    4.254725101479001E+13    3.082461767202500E+13
                      324    4.031198774539951E+31    3.550641865399517E+34    1.005598879014184E+15    3.580003886528610E+08    7.174325792971176E-11    2.396556351493343E+02    1.754518843432229E+04    1.754829210354629E+04    4.679127116964650E-01    3.159008348322664E+01    3.552740632018039E+34    1.005621642053471E+15    6.385876000000000E-01    0.000000000000000E+00    3.419490000000000E-01    1.767539000000000E-03    4.327041000000000E-03    7.470454000000000E-03    1.474279000000000E-03    2.192984000000000E-04    2.831437000000000E-03    4.761671000000000E-04    3.206666000000000E-04    6.270751000000000E-05    4.852565000000000E-05    0.000000000000000E+00    0.000000000000000E+00    0.000000000000000E+00    0.000000000000000E+00    0.000000000000000E+00    5.776274000000000E-05    0.000000000000000E+00    3.008117000000000E-05    1.296492353440500E+42    4.317610591897001E+13    3.124625885016000E+13
                      325    4.197123624610220E+31    3.554839398636560E+34    1.005644405092757E+15    3.580421424761408E+08    7.276893764441317E-11    2.352814268410070E+02    1.746457561597777E+04    1.746766502513700E+04    4.707054979704200E-01    3.003136803509107E+01    3.556996823346268E+34    1.005667392858531E+15    6.385876000000000E-01    0.000000000000000E+00    3.419490000000000E-01    1.767539000000000E-03    4.327041000000000E-03    7.470454000000000E-03    1.474279000000000E-03    2.192984000000000E-04    2.831437000000000E-03    4.761671000000000E-04    3.206666000000000E-04    6.270751000000000E-05    4.852565000000000E-05    0.000000000000000E+00    0.000000000000000E+00    0.000000000000000E+00    0.000000000000000E+00    0.000000000000000E+00    5.776274000000000E-05    0.000000000000000E+00    3.008117000000000E-05    1.296492353440500E+42    4.379774709710501E+13    3.176068630225000E+13
                      326    4.316094163993827E+31    3.559154248055975E+34    1.005690380624305E+15    3.580888962994205E+08    7.380939969468764E-11    2.307901926844531E+02    1.738433317988966E+04    1.738433317988966E+04    4.737054979704201E-01    2.842467800838446E+01    3.561357406192708E+34    1.005713593147252E+15    6.385876000000000E-01    0.000000000000000E+00    3.419490000000000E-01    1.767539000000000E-03    4.327041000000000E-03    7.470454000000000E-03    1.474279000000000E-03    2.192984000000000E-04    2.831437000000000E-03    4.761671000000000E-04    3.206666000000000E-04    6.270751000000000E-05    4.852565000000000E-05    0.000000000000000E+00    0.000000000000000E+00    0.000000000000000E+00    0.000000000000000E+00    0.000000000000000E+00    5.776274000000000E-05    0.000000000000000E+00    3.008117000000000E-05    1.296492353440500E+42    4.441938827524001E+13    3.218232748038501E+13
                      327    4.405522897928471E+31    3.563560564329442E+34    1.005736805670198E+15    3.581402894363980E+08    7.469267487561506E-11    2.265777969371464E+02    1.726466027204494E+04    1.730445942430604E+04    4.767127116964650E-01    2.677254157627889E+01    3.565798519638913E+34    1.005760119312541E+15    6.385876000000000E-01    0.000000000000000E+00    3.419490000000000E-01    1.767539000000000E-03    4.327041000000000E-03    7.470454000000000E-03    1.474279000000000E-03    2.192984000000000E-04    2.831437000000000E-03    4.761671000000000E-04    3.206666000000000E-04    6.270751000000000E-05    4.852565000000000E-05    0.000000000000000E+00    0.000000000000000E+00    0.000000000000000E+00    0.000000000000000E+00    0.000000000000000E+00    5.776274000000000E-05    0.000000000000000E+00    3.008117000000000E-05    1.296492353440500E+42    4.504102945337500E+13    3.259675493247500E+13
                      328    4.475174907289153E+31    3.568036474948383E+34    1.005783432954884E+15    3.581959612007710E+08    7.560122661501049E-11    2.204029229401098E+02    1.718533636352720E+04    1.718533636352720E+04    4.799199254225100E-01    2.508192485332409E+01    3.570301273791108E+34    1.005806755552153E+15    6.385876000000000E-01    0.000000000000000E+00    3.419490000000000E-01    1.767539000000000E-03    4.327041000000000E-03    7.470454000000000E-03    1.474279000000000E-03    2.192984000000000E-04    2.831437000000000E-03    4.761671000000000E-04    3.206666000000000E-04    6.270751000000000E-05    4.852565000000000E-05    0.000000000000000E+00    0.000000000000000E+00    0.000000000000000E+00    0.000000000000000E+00    0.000000000000000E+00    5.776274000000000E-05    0.000000000000000E+00    3.008117000000000E-05    1.296492353440500E+42    4.556988435755500E+13    3.292560983665500E+13
                      329    4.530949804162233E+31    3.572566072633834E+34    1.005830078149422E+15    3.582451406117035E+08    7.649143440250230E-11    2.143963314023217E+02    1.706703334013074E+04    1.706703334013074E+04    4.833271391485550E-01    2.335852785236897E+01    3.574854732395007E+34    1.005853932669079E+15    6.385876000000000E-01    0.000000000000000E+00    3.419490000000000E-01    1.767539000000000E-03    4.327041000000000E-03    7.470454000000000E-03    1.474279000000000E-03    2.192984000000000E-04    2.831437000000000E-03    4.761671000000000E-04    3.206666000000000E-04    6.270751000000000E-05    4.852565000000000E-05    0.000000000000000E+00    0.000000000000000E+00    0.000000000000000E+00    0.000000000000000E+00    0.000000000000000E+00    5.776274000000000E-05    0.000000000000000E+00    3.008117000000000E-05    1.296492353440500E+42    4.599873926173500E+13    3.333282356270000E+13
                      330    4.576613636842814E+31    3.577143392156180E+34    1.005877787188736E+15    3.578714293165272E+08    7.547172568631242E-11    2.103052611619642E+02    1.694655330254114E+04    1.698561914250330E+04    4.854037822147950E-01    2.161165169609000E+01    3.579450941811125E+34    1.005926397694453E+15    6.385876000000000E-01    0.000000000000000E+00    3.419490000000000E-01    1.767539000000000E-03    4.327041000000000E-03    7.470454000000000E-03    1.474279000000000E-03    2.192984000000000E-04    2.831437000000000E-03    4.761671000000000E-04    3.206666000000000E-04    6.270751000000000E-05    4.852565000000000E-05    0.000000000000000E+00    0.000000000000000E+00    0.000000000000000E+00    0.000000000000000E+00    0.000000000000000E+00    5.776274000000000E-05    0.000000000000000E+00    3.008117000000000E-05    1.296492353440500E+42    4.547114509582000E+13    3.288557254791000E+13
                      331    4.614685720637070E+31    3.581758491466070E+34    1.005975008200170E+15    3.512165737044407E+08    5.032013888505523E-11    2.049215561714315E+02    1.683286486395486E+04    1.687465315143321E+04    4.506005149633649E-01    1.998234604990198E+01    3.584081948399981E+34    1.006510170596100E+15    6.385876000000000E-01    0.000000000000000E+00    3.419490000000000E-01    1.767539000000000E-03    4.327041000000000E-03    7.470454000000000E-03    1.474279000000000E-03    2.192984000000000E-04    2.831437000000000E-03    4.761671000000000E-04    3.206666000000000E-04    6.270751000000000E-05    4.852565000000000E-05    0.000000000000000E+00    0.000000000000000E+00    0.000000000000000E+00    0.000000000000000E+00    0.000000000000000E+00    5.776274000000000E-05    0.000000000000000E+00    3.008117000000000E-05    1.308755687717000E+42    3.033498102534198E+13    2.188394557736648E+13
                      332    4.646911879411473E+31    3.586405405333892E+34    1.007045332992031E+15    3.179617054425822E+08    4.548839482524463E-12    2.041152606008784E+02    1.687997431519584E+04    1.685385320318284E+04    3.279154196167200E-01    1.878474211079012E+01    3.588742781136898E+34    1.010661191606682E+15    6.385876000000000E-01    0.000000000000000E+00    3.419490000000000E-01    1.767539000000000E-03    4.327041000000000E-03    7.470454000000000E-03    1.474279000000000E-03    2.192984000000000E-04    2.831437000000000E-03    4.761671000000000E-04    3.206666000000000E-04    6.270751000000000E-05    4.852565000000000E-05    0.000000000000000E+00    0.000000000000000E+00    0.000000000000000E+00    0.000000000000000E+00    0.000000000000000E+00    5.776274000000000E-05    0.000000000000000E+00    3.008117000000000E-05    1.650045501736002E+42    2.743335849157948E+12    1.991739950919899E+12
                      333    4.674540834564822E+31    3.591080156939903E+34    1.014277050221332E+15    2.428461004913324E+08    5.455350103107148E-13    2.108439031019436E+02    1.798595949703240E+04    1.699463480098493E+04    3.289161432077151E-01    1.758642785908233E+01    3.593429463202132E+34    1.025191073173070E+15    6.385876000000000E-01    0.000000000000000E+00    3.419490000000000E-01    1.767539000000000E-03    4.327041000000000E-03    7.470454000000000E-03    1.474279000000000E-03    2.192984000000000E-04    2.831437000000000E-03    4.761671000000000E-04    3.206666000000000E-04    6.270751000000000E-05    4.852565000000000E-05    0.000000000000000E+00    0.000000000000000E+00    0.000000000000000E+00    0.000000000000000E+00    0.000000000000000E+00    5.776274000000000E-05    0.000000000000000E+00    3.008117000000000E-05    3.889369630867504E+42    3.284183517427998E+11    2.386528089312149E+11
                      334    4.698493219867251E+31    3.595778769464363E+34    1.036105096124808E+15    1.455687505903649E+08    1.668969205189491E-13    2.071877424103188E+02    1.835705046340130E+04    1.692580521484561E+04    3.381833196450150E-01    1.638405134670309E+01    3.598138017775946E+34    1.056615891670630E+15    6.385876000000000E-01    0.000000000000000E+00    3.419490000000000E-01    1.767539000000000E-03    4.327041000000000E-03    7.470454000000000E-03    1.474279000000000E-03    2.192984000000000E-04    2.831437000000000E-03    4.761671000000000E-04    3.206666000000000E-04    6.270751000000000E-05    4.852565000000000E-05    0.000000000000000E+00    0.000000000000000E+00    0.000000000000000E+00    0.000000000000000E+00    0.000000000000000E+00    5.776274000000000E-05    0.000000000000000E+00    3.008117000000000E-05    7.733923156784002E+42    1.007898919099750E+11    7.307718021350998E+10
                      335    4.719453048314279E+31    3.600497266087529E+34    1.077126687216451E+15    7.236100004733548E+07    8.251587450636527E-14    1.849301759554932E+02    1.755345535952849E+04    1.645314231083314E+04    3.408328235627000E-01    1.523680489115020E+01    3.602866456448466E+34    1.104906395818709E+15    6.385876000000000E-01    0.000000000000000E+00    3.419490000000000E-01    1.767539000000000E-03    4.327041000000000E-03    7.470454000000000E-03    1.474279000000000E-03    2.192984000000000E-04    2.831437000000000E-03    4.761671000000000E-04    3.206666000000000E-04    6.270751000000000E-05    4.852565000000000E-05    0.000000000000000E+00    0.000000000000000E+00    0.000000000000000E+00    0.000000000000000E+00    0.000000000000000E+00    5.776274000000000E-05    0.000000000000000E+00    3.008117000000000E-05    1.043706079485500E+43    4.964156660064500E+10    3.607240583408499E+10
                      336    4.737949236931513E+31    3.605235646809403E+34    1.132686104420968E+15    4.451355203910025E+07    5.559547859112577E-14    1.609443758521946E+02    1.659967439061357E+04    1.589183810725286E+04    3.401183961106100E-01    1.418658178281284E+01    3.607612790809822E+34    1.162768283845408E+15    6.385876000000000E-01    0.000000000000000E+00    3.419490000000000E-01    1.767539000000000E-03    4.327041000000000E-03    7.470454000000000E-03    1.474279000000000E-03    2.192984000000000E-04    2.831437000000000E-03    4.761671000000000E-04    3.206666000000000E-04    6.270751000000000E-05    4.852565000000000E-05    0.000000000000000E+00    0.000000000000000E+00    0.000000000000000E+00    0.000000000000000E+00    0.000000000000000E+00    5.776274000000000E-05    0.000000000000000E+00    3.008117000000000E-05    1.121541961672000E+43    3.345572547910000E+10    2.429179410932500E+10
                      337    4.754393386562185E+31    3.609989934810241E+34    1.192850463269848E+15    3.938673107241174E+07    4.645152752227492E-14    1.374105909015915E+02    1.599924796038090E+04    1.527654575194913E+04    3.378039686585200E-01    1.324249862761161E+01    3.612374038245208E+34    1.223386754538760E+15    6.385876000000000E-01    0.000000000000000E+00    3.419490000000000E-01    1.767539000000000E-03    4.327041000000000E-03    7.470454000000000E-03    1.474279000000000E-03    2.192984000000000E-04    2.831437000000000E-03    4.761671000000000E-04    3.206666000000000E-04    6.270751000000000E-05    4.852565000000000E-05    0.000000000000000E+00    0.000000000000000E+00    0.000000000000000E+00    0.000000000000000E+00    0.000000000000000E+00    5.776274000000000E-05    0.000000000000000E+00    3.008117000000000E-05    1.160820589067500E+43    2.800000000000000E+10    2.030000000000000E+10
                      338    4.769107619605351E+31    3.614758141680175E+34    1.253923045807671E+15    3.699894479845674E+07    4.150922100750982E-14    1.242643693962367E+02    1.563774518849479E+04    1.489702577747326E+04    3.370462588501600E-01    1.238804928412149E+01    3.617150198754625E+34    1.284747173940174E+15    6.385876000000000E-01    0.000000000000000E+00    3.419490000000000E-01    1.767539000000000E-03    4.327041000000000E-03    7.470454000000000E-03    1.474279000000000E-03    2.192984000000000E-04    2.831437000000000E-03    4.761671000000000E-04    3.206666000000000E-04    6.270751000000000E-05    4.852565000000000E-05    0.000000000000000E+00    0.000000000000000E+00    0.000000000000000E+00    0.000000000000000E+00    0.000000000000000E+00    5.776274000000000E-05    0.000000000000000E+00    3.008117000000000E-05    1.191541961672000E+43    2.500721372604500E+10    1.820000000000000E+10
                      339    4.782350429344200E+31    3.619542255829075E+34    1.315571302072678E+15    3.506827303408375E+07    3.741728004534707E-14    1.112619379706299E+02    1.524663951604737E+04    1.449104046757102E+04    3.363741215897100E-01    1.161212621809343E+01    3.621939283928201E+34    1.346606186856744E+15    6.385876000000000E-01    0.000000000000000E+00    3.419490000000000E-01    1.767539000000000E-03    4.327041000000000E-03    7.470454000000000E-03    1.474279000000000E-03    2.192984000000000E-04    2.831437000000000E-03    4.761671000000000E-04    3.206666000000000E-04    6.270751000000000E-05    4.852565000000000E-05    0.000000000000000E+00    0.000000000000000E+00    0.000000000000000E+00    0.000000000000000E+00    0.000000000000000E+00    5.776274000000000E-05    0.000000000000000E+00    3.008117000000000E-05    1.222263334276500E+43    2.250721372604500E+10    1.630721372604500E+10
                      340    4.794334575634897E+31    3.624336312027328E+34    1.377641071640810E+15    3.347187989710625E+07    3.389569812356027E-14    9.962001900566617E+01    1.489958362957716E+04    1.409611938446935E+04    3.356957627678450E-01    1.090585001052876E+01    3.626738311151131E+34    1.408851704536454E+15    6.385876000000000E-01    0.000000000000000E+00    3.419490000000000E-01    1.767539000000000E-03    4.327041000000000E-03    7.470454000000000E-03    1.474279000000000E-03    2.192984000000000E-04    2.831437000000000E-03    4.761671000000000E-04    3.206666000000000E-04    6.270751000000000E-05    4.852565000000000E-05    0.000000000000000E+00    0.000000000000000E+00    0.000000000000000E+00    0.000000000000000E+00    0.000000000000000E+00    5.776274000000000E-05    0.000000000000000E+00    3.008117000000000E-05    1.252984706881000E+43    2.040721372604500E+10    1.480721372604500E+10
                      341    4.805227084906581E+31    3.629140310274935E+34    1.440062337432099E+15    3.212584744643100E+07    3.084214560776357E-14    9.002157774667583E+01    1.459399295193023E+04    1.374357033188480E+04    3.349029764938900E-01    1.026108744755626E+01    3.631548274628350E+34    1.471386733395312E+15    6.385876000000000E-01    0.000000000000000E+00    3.419490000000000E-01    1.767539000000000E-03    4.327041000000000E-03    7.470454000000000E-03    1.474279000000000E-03    2.192984000000000E-04    2.831437000000000E-03    4.761671000000000E-04    3.206666000000000E-04    6.270751000000000E-05    4.852565000000000E-05    0.000000000000000E+00    0.000000000000000E+00    0.000000000000000E+00    0.000000000000000E+00    0.000000000000000E+00    5.776274000000000E-05    0.000000000000000E+00    3.008117000000000E-05    1.292263334276500E+43    1.860721372604500E+10    1.350000000000000E+10
                      342    4.815175099489683E+31    3.633956238981765E+34    1.502711129358526E+15    3.096945430945350E+07    2.825820576515920E-14    7.762832353111638E+01    1.419382901613799E+04    1.324418276021605E+04    3.335174039459800E-01    9.670642628775733E+00    3.636368180154922E+34    1.534140465192784E+15    6.385876000000000E-01    0.000000000000000E+00    3.419490000000000E-01    1.767539000000000E-03    4.327041000000000E-03    7.470454000000000E-03    1.474279000000000E-03    2.192984000000000E-04    2.831437000000000E-03    4.761671000000000E-04    3.206666000000000E-04    6.270751000000000E-05    4.852565000000000E-05    0.000000000000000E+00    0.000000000000000E+00    0.000000000000000E+00    0.000000000000000E+00    0.000000000000000E+00    5.776274000000000E-05    0.000000000000000E+00    3.008117000000000E-05    1.313706079485500E+43    1.700721372604500E+10    1.230721372604500E+10
                      343    4.824293947156705E+31    3.638780121328078E+34    1.565569801027041E+15    2.999233979987150E+07    2.595043147228595E-14    7.340008191139000E+01    1.399668423622197E+04    1.306023282870035E+04    3.330174039459800E-01    9.127417337182608E+00    3.641197033525912E+34    1.597089472221256E+15    6.385876000000000E-01    0.000000000000000E+00    3.419490000000000E-01    1.767539000000000E-03    4.327041000000000E-03    7.470454000000000E-03    1.474279000000000E-03    2.192984000000000E-04    2.831437000000000E-03    4.761671000000000E-04    3.206666000000000E-04    6.270751000000000E-05    4.852565000000000E-05    0.000000000000000E+00    0.000000000000000E+00    0.000000000000000E+00    0.000000000000000E+00    0.000000000000000E+00    5.776274000000000E-05    0.000000000000000E+00    3.008117000000000E-05    1.343706079485500E+43    1.560721372604500E+10    1.130721372604500E+10
                      344    4.832683048401180E+31    3.643613945723746E+34    1.628609143415472E+15    2.916450391768500E+07    2.393713749401824E-14    6.699157790646731E+01    1.374357033188480E+04    1.276512773847645E+04    3.322246176720250E-01    8.626094245439679E+00    3.646033840536385E+34    1.660189431249919E+15    6.385876000000000E-01    0.000000000000000E+00    3.419490000000000E-01    1.767539000000000E-03    4.327041000000000E-03    7.470454000000000E-03    1.474279000000000E-03    2.192984000000000E-04    2.831437000000000E-03    4.761671000000000E-04    3.206666000000000E-04    6.270751000000000E-05    4.852565000000000E-05    0.000000000000000E+00    0.000000000000000E+00    0.000000000000000E+00    0.000000000000000E+00    0.000000000000000E+00    5.776274000000000E-05    0.000000000000000E+00    3.008117000000000E-05    1.373706079485500E+43    1.440721372604500E+10    1.050000000000000E+10
                      345    4.840427904847549E+31    3.648453735349025E+34    1.691769719084367E+15    2.844166803549850E+07    2.213462733002683E-14    6.161643177185804E+01    1.349272190307839E+04    1.250117743336227E+04    3.313246176720250E-01    8.162888564847812E+00    3.650877606981406E+34    1.723403954906218E+15    6.385876000000000E-01    0.000000000000000E+00    3.419490000000000E-01    1.767539000000000E-03    4.327041000000000E-03    7.470454000000000E-03    1.474279000000000E-03    2.192984000000000E-04    2.831437000000000E-03    4.761671000000000E-04    3.206666000000000E-04    6.270751000000000E-05    4.852565000000000E-05    0.000000000000000E+00    0.000000000000000E+00    0.000000000000000E+00    0.000000000000000E+00    0.000000000000000E+00    5.776274000000000E-05    0.000000000000000E+00    3.008117000000000E-05    1.403706079485500E+43    1.330721372604500E+10    9.672885490417999E+09
                      346    4.847598110841287E+31    3.653301478613786E+34    1.755038190728069E+15    2.779419283961425E+07    2.051845155251056E-14    5.671481823736507E+01    1.327471375462554E+04    1.224477810179556E+04    3.305174039459800E-01    7.733817738211435E+00    3.655728332860974E+34    1.786708504695388E+15    6.385876000000000E-01    0.000000000000000E+00    3.419490000000000E-01    1.767539000000000E-03    4.327041000000000E-03    7.470454000000000E-03    1.474279000000000E-03    2.192984000000000E-04    2.831437000000000E-03    4.761671000000000E-04    3.206666000000000E-04    6.270751000000000E-05    4.852565000000000E-05    0.000000000000000E+00    0.000000000000000E+00    0.000000000000000E+00    0.000000000000000E+00    0.000000000000000E+00    5.776274000000000E-05    0.000000000000000E+00    3.008117000000000E-05    1.424427452090000E+43    1.240000000000000E+10    8.972164117813499E+09
                      347    4.854257295498253E+31    3.658155187108161E+34    1.818378818662707E+15    2.720135695742774E+07    1.910489183294769E-14    4.890751662381516E+01    1.294270835442437E+04    1.179985937561675E+04    3.289174039459800E-01    7.335787138565284E+00    3.660585023970154E+34    1.850077130082644E+15    6.385876000000000E-01    0.000000000000000E+00    3.419490000000000E-01    1.767539000000000E-03    4.327041000000000E-03    7.470454000000000E-03    1.474279000000000E-03    2.192984000000000E-04    2.831437000000000E-03    4.761671000000000E-04    3.206666000000000E-04    6.270751000000000E-05    4.852565000000000E-05    0.000000000000000E+00    0.000000000000000E+00    0.000000000000000E+00    0.000000000000000E+00    0.000000000000000E+00    5.776274000000000E-05    0.000000000000000E+00    3.008117000000000E-05    1.453706079485500E+43    1.150000000000000E+10    8.342885490418000E+09
                      348    4.860455169065219E+31    3.663014860832147E+34    1.881775441502581E+15    2.666816038893900E+07    1.782675165557929E-14    4.713848399540502E+01    1.279455439700843E+04    1.169167761460352E+04    3.285174039459800E-01    6.964509912912346E+00    3.665448674513881E+34    1.913507653950712E+15    6.385876000000000E-01    0.000000000000000E+00    3.419490000000000E-01    1.767539000000000E-03    4.327041000000000E-03    7.470454000000000E-03    1.474279000000000E-03    2.192984000000000E-04    2.831437000000000E-03    4.761671000000000E-04    3.206666000000000E-04    6.270751000000000E-05    4.852565000000000E-05    0.000000000000000E+00    0.000000000000000E+00    0.000000000000000E+00    0.000000000000000E+00    0.000000000000000E+00    5.776274000000000E-05    0.000000000000000E+00    3.008117000000000E-05    1.473706079485500E+43    1.070721372604500E+10    7.791442745209000E+09
                      349    4.866241441788951E+31    3.667882488195616E+34    1.945239866398844E+15    2.619960313414799E+07    1.667524465024814E-14    4.379006715549527E+01    1.261684940397758E+04    1.147828044858980E+04    3.278174039459800E-01    6.617584528248510E+00    3.670318290287220E+34    1.976997589695585E+15    6.385876000000000E-01    0.000000000000000E+00    3.419490000000000E-01    1.767539000000000E-03    4.327041000000000E-03    7.470454000000000E-03    1.474279000000000E-03    2.192984000000000E-04    2.831437000000000E-03    4.761671000000000E-04    3.206666000000000E-04    6.270751000000000E-05    4.852565000000000E-05    0.000000000000000E+00    0.000000000000000E+00    0.000000000000000E+00    0.000000000000000E+00    0.000000000000000E+00    5.776274000000000E-05    0.000000000000000E+00    3.008117000000000E-05    1.494427452090000E+43    1.000721372604500E+10    7.282164117813499E+09
                      350    4.871655881866861E+31    3.672754092378826E+34    2.008755312992327E+15    2.578104587935700E+07    1.560071787749783E-14    4.102583094674253E+01    1.244373974044147E+04    1.129283289625244E+04    3.270101902199350E-01    6.293552752036671E+00    3.675191882880301E+34    2.040536382703544E+15    6.385876000000000E-01    0.000000000000000E+00    3.419490000000000E-01    1.767539000000000E-03    4.327041000000000E-03    7.470454000000000E-03    1.474279000000000E-03    2.192984000000000E-04    2.831437000000000E-03    4.761671000000000E-04    3.206666000000000E-04    6.270751000000000E-05    4.852565000000000E-05    0.000000000000000E+00    0.000000000000000E+00    0.000000000000000E+00    0.000000000000000E+00    0.000000000000000E+00    5.776274000000000E-05    0.000000000000000E+00    3.008117000000000E-05    1.523706079485500E+43    9.402164117813499E+09    6.821442745209000E+09
                      351    4.876730303856883E+31    3.677629673381777E+34    2.072317452414761E+15    2.539784931086824E+07    1.466035825102721E-14    3.811161793923989E+01    1.224477810179556E+04    1.108671546676425E+04    3.262101902199350E-01    5.989574208510460E+00    3.680070446498059E+34    2.104116240855152E+15    6.385876000000000E-01    0.000000000000000E+00    3.419490000000000E-01    1.767539000000000E-03    4.327041000000000E-03    7.470454000000000E-03    1.474279000000000E-03    2.192984000000000E-04    2.831437000000000E-03    4.761671000000000E-04    3.206666000000000E-04    6.270751000000000E-05    4.852565000000000E-05    0.000000000000000E+00    0.000000000000000E+00    0.000000000000000E+00    0.000000000000000E+00    0.000000000000000E+00    5.776274000000000E-05    0.000000000000000E+00    3.008117000000000E-05    1.543706079485500E+43    8.832164117813499E+09    6.402164117813500E+09
                      352    4.881496522316946E+31    3.682511219614341E+34    2.135915029295543E+15    2.503965274237950E+07    1.380613813615895E-14    3.319383157939503E+01    1.196605292341926E+04    1.071033122177757E+04    3.246029764938900E-01    5.704559953087288E+00    3.684954975345429E+34    2.167725181685985E+15    6.385876000000000E-01    0.000000000000000E+00    3.419490000000000E-01    1.767539000000000E-03    4.327041000000000E-03    7.470454000000000E-03    1.474279000000000E-03    2.192984000000000E-04    2.831437000000000E-03    4.761671000000000E-04    3.206666000000000E-04    6.270751000000000E-05    4.852565000000000E-05    0.000000000000000E+00    0.000000000000000E+00    0.000000000000000E+00    0.000000000000000E+00    0.000000000000000E+00    5.776274000000000E-05    0.000000000000000E+00    3.008117000000000E-05    1.563706079485500E+43    8.311442745209001E+09    6.021442745209000E+09
                      353    4.885984363395111E+31    3.687398731076517E+34    2.199535334076427E+15    2.471073480128625E+07    1.300385787860537E-14    3.226575623113744E+01    1.188165209330639E+04    1.063479516440890E+04    3.242957627678450E-01    5.436266248028693E+00    3.689843481012540E+34    2.231361524372600E+15    6.385876000000000E-01    0.000000000000000E+00    3.419490000000000E-01    1.767539000000000E-03    4.327041000000000E-03    7.470454000000000E-03    1.474279000000000E-03    2.192984000000000E-04    2.831437000000000E-03    4.761671000000000E-04    3.206666000000000E-04    6.270751000000000E-05    4.852565000000000E-05    0.000000000000000E+00    0.000000000000000E+00    0.000000000000000E+00    0.000000000000000E+00    0.000000000000000E+00    5.776274000000000E-05    0.000000000000000E+00    3.008117000000000E-05    1.583706079485500E+43    7.831442745209000E+09    5.671442745209000E+09
                      354    4.890215699599957E+31    3.692288230948564E+34    2.263187714668772E+15    2.441217754649525E+07    1.227643346397381E-14    3.025114716704652E+01    1.171862971503522E+04    1.046475654927317E+04    3.235957627678450E-01    5.183399979818580E+00    3.694734969294458E+34    2.295026723541331E+15    6.385876000000000E-01    0.000000000000000E+00    3.419490000000000E-01    1.767539000000000E-03    4.327041000000000E-03    7.470454000000000E-03    1.474279000000000E-03    2.192984000000000E-04    2.831437000000000E-03    4.761671000000000E-04    3.206666000000000E-04    6.270751000000000E-05    4.852565000000000E-05    0.000000000000000E+00    0.000000000000000E+00    0.000000000000000E+00    0.000000000000000E+00    0.000000000000000E+00    5.776274000000000E-05    0.000000000000000E+00    3.008117000000000E-05    1.603706079485500E+43    7.391442745209000E+09    5.351442745209001E+09
                      355    4.894210415030190E+31    3.697181707640351E+34    2.326865732413890E+15    2.414362029170425E+07    1.161641755264660E-14    2.860414541651003E+01    1.158448766993683E+04    1.031942536182710E+04    3.228885490418000E-01    4.944555313041154E+00    3.699631428601052E+34    2.358719528787613E+15    6.385876000000000E-01    0.000000000000000E+00    3.419490000000000E-01    1.767539000000000E-03    4.327041000000000E-03    7.470454000000000E-03    1.474279000000000E-03    2.192984000000000E-04    2.831437000000000E-03    4.761671000000000E-04    3.206666000000000E-04    6.270751000000000E-05    4.852565000000000E-05    0.000000000000000E+00    0.000000000000000E+00    0.000000000000000E+00    0.000000000000000E+00    0.000000000000000E+00    5.776274000000000E-05    0.000000000000000E+00    3.008117000000000E-05    1.622984706881000E+43    6.991442745209000E+09    5.061442745209001E+09
                      356    4.897990382194386E+31    3.702081149561751E+34    2.390573325161336E+15    2.389934166430875E+07    1.099188597025609E-14    2.681815998310293E+01    1.142554254040641E+04    1.015442916111098E+04    3.221813353157550E-01    4.718941921211323E+00    3.704531864727387E+34    2.422433681119259E+15    6.385876000000000E-01    0.000000000000000E+00    3.419490000000000E-01    1.767539000000000E-03    4.327041000000000E-03    7.470454000000000E-03    1.474279000000000E-03    2.192984000000000E-04    2.831437000000000E-03    4.761671000000000E-04    3.206666000000000E-04    6.270751000000000E-05    4.852565000000000E-05    0.000000000000000E+00    0.000000000000000E+00    0.000000000000000E+00    0.000000000000000E+00    0.000000000000000E+00    5.776274000000000E-05    0.000000000000000E+00    3.008117000000000E-05    1.642984706881000E+43    6.621442745209000E+09    4.791442745209000E+09
                      357    4.901571508371514E+31    3.706982579893022E+34    2.454294037077182E+15    2.366542372321550E+07    1.042490760068896E-14    2.357376648512041E+01    1.118929958194284E+04    9.832308899677249E+03    3.206813353157550E-01    4.505918379333274E+00    3.709434289263592E+34    2.486163094913443E+15    6.385876000000000E-01    0.000000000000000E+00    3.419490000000000E-01    1.767539000000000E-03    4.327041000000000E-03    7.470454000000000E-03    1.474279000000000E-03    2.192984000000000E-04    2.831437000000000E-03    4.761671000000000E-04    3.206666000000000E-04    6.270751000000000E-05    4.852565000000000E-05    0.000000000000000E+00    0.000000000000000E+00    0.000000000000000E+00    0.000000000000000E+00    0.000000000000000E+00    5.776274000000000E-05    0.000000000000000E+00    3.008117000000000E-05    1.652984706881000E+43    6.281442745209000E+09    4.532164117813499E+09
                      358    4.904967712430666E+31    3.711885998634163E+34    2.518032152749705E+15    2.345686646842450E+07    9.909967138638746E-15    2.293131590236731E+01    1.111227298541708E+04    9.764623761301445E+03    3.206669078636650E-01    4.303371020077797E+00    3.714340690619540E+34    2.549913409408976E+15    6.385876000000000E-01    0.000000000000000E+00    3.419490000000000E-01    1.767539000000000E-03    4.327041000000000E-03    7.470454000000000E-03    1.474279000000000E-03    2.192984000000000E-04    2.831437000000000E-03    4.761671000000000E-04    3.206666000000000E-04    6.270751000000000E-05    4.852565000000000E-05    0.000000000000000E+00    0.000000000000000E+00    0.000000000000000E+00    0.000000000000000E+00    0.000000000000000E+00    5.776274000000000E-05    0.000000000000000E+00    3.008117000000000E-05    1.672984706881000E+43    5.970721372604500E+09    4.302164117813500E+09
                      359    4.908194901650809E+31    3.716795382604916E+34    2.581794666068247E+15    2.327758784102900E+07    9.420462266966208E-15    2.188359919939881E+01    1.100852490867725E+04    9.651216453794234E+03    3.211669078636650E-01    4.110454506686392E+00    3.719251068795229E+34    2.613682543814927E+15    6.385876000000000E-01    0.000000000000000E+00    3.419490000000000E-01    1.767539000000000E-03    4.327041000000000E-03    7.470454000000000E-03    1.474279000000000E-03    2.192984000000000E-04    2.831437000000000E-03    4.761671000000000E-04    3.206666000000000E-04    6.270751000000000E-05    4.852565000000000E-05    0.000000000000000E+00    0.000000000000000E+00    0.000000000000000E+00    0.000000000000000E+00    0.000000000000000E+00    5.776274000000000E-05    0.000000000000000E+00    3.008117000000000E-05    1.692263334276500E+43    5.671442745209000E+09    4.082164117813500E+09
                      360    4.911265006491167E+31    3.721706754985541E+34    2.645570421561608E+15    2.311330921363350E+07    8.975780311294944E-15    2.070707478690591E+01    1.090759814566514E+04    9.518796799763657E+03    3.216669078636650E-01    3.926320005633689E+00    3.724163435380788E+34    2.677466866363086E+15    6.385876000000000E-01    0.000000000000000E+00    3.419490000000000E-01    1.767539000000000E-03    4.327041000000000E-03    7.470454000000000E-03    1.474279000000000E-03    2.192984000000000E-04    2.831437000000000E-03    4.761671000000000E-04    3.206666000000000E-04    6.270751000000000E-05    4.852565000000000E-05    0.000000000000000E+00    0.000000000000000E+00    0.000000000000000E+00    0.000000000000000E+00    0.000000000000000E+00    5.776274000000000E-05    0.000000000000000E+00    3.008117000000000E-05    1.702263334276500E+43    5.401442745209001E+09    3.882164117813500E+09
                      361    4.914187969001093E+31    3.726620115776037E+34    2.709363311164565E+15    2.295939127254025E+07    8.552089049720861E-15    1.957993078652293E+01    1.078273990217157E+04    9.386609572841786E+03    3.219669078636650E-01    3.750666563911019E+00    3.729078784581154E+34    2.741263414613122E+15    6.385876000000000E-01    0.000000000000000E+00    3.419490000000000E-01    1.767539000000000E-03    4.327041000000000E-03    7.470454000000000E-03    1.474279000000000E-03    2.192984000000000E-04    2.831437000000000E-03    4.761671000000000E-04    3.206666000000000E-04    6.270751000000000E-05    4.852565000000000E-05    0.000000000000000E+00    0.000000000000000E+00    0.000000000000000E+00    0.000000000000000E+00    0.000000000000000E+00    5.776274000000000E-05    0.000000000000000E+00    3.008117000000000E-05    1.721541961672000E+43    5.150721372604500E+09    3.692164117813500E+09
                      362    4.916975719639811E+31    3.731537453386272E+34    2.773163518061680E+15    2.281011264514475E+07    8.167181637478538E-15    1.753118013815237E+01    1.058413850016560E+04    9.130798402660128E+03    3.215596941376200E-01    3.583111788013890E+00    3.733997116396325E+34    2.805065788761816E+15    6.385876000000000E-01    0.000000000000000E+00    3.419490000000000E-01    1.767539000000000E-03    4.327041000000000E-03    7.470454000000000E-03    1.474279000000000E-03    2.192984000000000E-04    2.831437000000000E-03    4.761671000000000E-04    3.206666000000000E-04    6.270751000000000E-05    4.852565000000000E-05    0.000000000000000E+00    0.000000000000000E+00    0.000000000000000E+00    0.000000000000000E+00    0.000000000000000E+00    5.776274000000000E-05    0.000000000000000E+00    3.008117000000000E-05    1.731541961672000E+43    4.911442745209001E+09    3.502885490418000E+09
                      363    4.919636212046805E+31    3.736456779406379E+34    2.836968059461952E+15    2.267083401774925E+07    7.799597912482393E-15    1.705340680892157E+01    1.051127780322432E+04    9.067942428578001E+03    3.221596941376200E-01    3.422788759301257E+00    3.738918430826304E+34    2.868875173790714E+15    6.385876000000000E-01    0.000000000000000E+00    3.419490000000000E-01    1.767539000000000E-03    4.327041000000000E-03    7.470454000000000E-03    1.474279000000000E-03    2.192984000000000E-04    2.831437000000000E-03    4.761671000000000E-04    3.206666000000000E-04    6.270751000000000E-05    4.852565000000000E-05    0.000000000000000E+00    0.000000000000000E+00    0.000000000000000E+00    0.000000000000000E+00    0.000000000000000E+00    5.776274000000000E-05    0.000000000000000E+00    3.008117000000000E-05    1.741541961672000E+43    4.700721372604500E+09    3.342164117813500E+09
                      364    4.922179388271428E+31    3.741380082246228E+34    2.900782288119476E+15    2.254191607665600E+07    7.465728880311790E-15    1.627444389973146E+01    1.043715314445837E+04    8.962632902867104E+03    3.225524804115750E-01    3.269118089374604E+00    3.743841733666151E+34    2.932693719910822E+15    6.385876000000000E-01    0.000000000000000E+00    3.419490000000000E-01    1.767539000000000E-03    4.327041000000000E-03    7.470454000000000E-03    1.474279000000000E-03    2.192984000000000E-04    2.831437000000000E-03    4.761671000000000E-04    3.206666000000000E-04    6.270751000000000E-05    4.852565000000000E-05    0.000000000000000E+00    0.000000000000000E+00    0.000000000000000E+00    0.000000000000000E+00    0.000000000000000E+00    5.776274000000000E-05    0.000000000000000E+00    3.008117000000000E-05    1.760820589067500E+43    4.490721372604500E+09    3.182885490418000E+09
                      365    4.924611213543292E+31    3.746303385086076E+34    2.964605151702168E+15    2.242763744926050E+07    7.146151422129140E-15    1.541030208805434E+01    1.034146474926736E+04    8.841149903281392E+03    3.227524804115750E-01    3.121914316647492E+00    3.748767024915871E+34    2.996522705363567E+15    6.385876000000000E-01    0.000000000000000E+00    3.419490000000000E-01    1.767539000000000E-03    4.327041000000000E-03    7.470454000000000E-03    1.474279000000000E-03    2.192984000000000E-04    2.831437000000000E-03    4.761671000000000E-04    3.206666000000000E-04    6.270751000000000E-05    4.852565000000000E-05    0.000000000000000E+00    0.000000000000000E+00    0.000000000000000E+00    0.000000000000000E+00    0.000000000000000E+00    5.776274000000000E-05    0.000000000000000E+00    3.008117000000000E-05    1.770820589067500E+43    4.300721372604500E+09    3.032885490418000E+09
                      366    4.926939641501879E+31    3.751230664745666E+34    3.028440259024966E+15    2.232299813556275E+07    6.840253773837258E-15    1.470639266511544E+01    1.024665363055656E+04    8.738474206960327E+03    3.229452666855300E-01    2.980900539903679E+00    3.753695298780396E+34    3.060360437405050E+15    6.385876000000000E-01    0.000000000000000E+00    3.419490000000000E-01    1.767539000000000E-03    4.327041000000000E-03    7.470454000000000E-03    1.474279000000000E-03    2.192984000000000E-04    2.831437000000000E-03    4.761671000000000E-04    3.206666000000000E-04    6.270751000000000E-05    4.852565000000000E-05    0.000000000000000E+00    0.000000000000000E+00    0.000000000000000E+00    0.000000000000000E+00    0.000000000000000E+00    5.776274000000000E-05    0.000000000000000E+00    3.008117000000000E-05    1.780099216463000E+43    4.120721372604500E+09    2.892885490418000E+09
                      367    4.929172625786673E+31    3.756159932815126E+34    3.092280615785135E+15    2.221871950816725E+07    6.562543790348701E-15    1.328017346187393E+01    1.005963112463716E+04    8.518490024088333E+03    3.222380529594850E-01    2.845897009949304E+00    3.758625561054792E+34    3.124200122776565E+15    6.385876000000000E-01    0.000000000000000E+00    3.419490000000000E-01    1.767539000000000E-03    4.327041000000000E-03    7.470454000000000E-03    1.474279000000000E-03    2.192984000000000E-04    2.831437000000000E-03    4.761671000000000E-04    3.206666000000000E-04    6.270751000000000E-05    4.852565000000000E-05    0.000000000000000E+00    0.000000000000000E+00    0.000000000000000E+00    0.000000000000000E+00    0.000000000000000E+00    5.776274000000000E-05    0.000000000000000E+00    3.008117000000000E-05    1.790099216463000E+43    3.950721372604500E+09    2.742885490418000E+09
                      368    4.931312154807544E+31    3.761091189294457E+34    3.156119629767994E+15    2.212408019446949E+07    6.296108656811501E-15    1.291825186631437E+01    1.001172136189585E+04    8.459849151235747E+03    3.227380529594850E-01    2.716176291736081E+00    3.763557811739058E+34    3.188043449320556E+15    6.385876000000000E-01    0.000000000000000E+00    3.419490000000000E-01    1.767539000000000E-03    4.327041000000000E-03    7.470454000000000E-03    1.474279000000000E-03    2.192984000000000E-04    2.831437000000000E-03    4.761671000000000E-04    3.206666000000000E-04    6.270751000000000E-05    4.852565000000000E-05    0.000000000000000E+00    0.000000000000000E+00    0.000000000000000E+00    0.000000000000000E+00    0.000000000000000E+00    5.776274000000000E-05    0.000000000000000E+00    3.008117000000000E-05    1.799377843858500E+43    3.790721372604500E+09    2.622885490418000E+09
                      369    4.933368170613846E+31    3.766024434183659E+34    3.219967268873118E+15    2.203944088077175E+07    6.054415390427627E-15    1.233683475668781E+01    9.942801156817457E+03    8.363010058784977E+03    3.258072137260450E-01    2.590232201926619E+00    3.768492050833195E+34    3.251894982595652E+15    6.385876000000000E-01    0.000000000000000E+00    3.419490000000000E-01    1.767539000000000E-03    4.327041000000000E-03    7.470454000000000E-03    1.474279000000000E-03    2.192984000000000E-04    2.831437000000000E-03    4.761671000000000E-04    3.206666000000000E-04    6.270751000000000E-05    4.852565000000000E-05    0.000000000000000E+00    0.000000000000000E+00    0.000000000000000E+00    0.000000000000000E+00    0.000000000000000E+00    5.776274000000000E-05    0.000000000000000E+00    3.008117000000000E-05    1.809377843858500E+43    3.640721372604500E+09    2.512164117813500E+09
                      370    4.935342661615450E+31    3.770959667482732E+34    3.283822696318186E+15    2.197480156707400E+07    5.821032177708721E-15    1.178158572760840E+01    9.872692459497403E+03    8.267279474258992E+03    3.293475195884250E-01    2.467812265363444E+00    3.773428278337203E+34    3.315756487800104E+15    6.385876000000000E-01    0.000000000000000E+00    3.419490000000000E-01    1.767539000000000E-03    4.327041000000000E-03    7.470454000000000E-03    1.474279000000000E-03    2.192984000000000E-04    2.831437000000000E-03    4.761671000000000E-04    3.206666000000000E-04    6.270751000000000E-05    4.852565000000000E-05    0.000000000000000E+00    0.000000000000000E+00    0.000000000000000E+00    0.000000000000000E+00    0.000000000000000E+00    5.776274000000000E-05    0.000000000000000E+00    3.008117000000000E-05    1.818656471254000E+43    3.500721372604500E+09    2.402164117813500E+09
                      371    4.937239604632095E+31    3.775896889191675E+34    3.347690279282020E+15    2.192016225337625E+07    5.598506855791889E-15    1.125132702144199E+01    9.782179070971972E+03    8.172644708672517E+03    3.330763744926050E-01    2.348716622716321E+00    3.778366494251082E+34    3.379624353114730E+15    6.385876000000000E-01    0.000000000000000E+00    3.419490000000000E-01    1.767539000000000E-03    4.327041000000000E-03    7.470454000000000E-03    1.474279000000000E-03    2.192984000000000E-04    2.831437000000000E-03    4.761671000000000E-04    3.206666000000000E-04    6.270751000000000E-05    4.852565000000000E-05    0.000000000000000E+00    0.000000000000000E+00    0.000000000000000E+00    0.000000000000000E+00    0.000000000000000E+00    5.776274000000000E-05    0.000000000000000E+00    3.008117000000000E-05    1.828656471254000E+43    3.370721372604500E+09    2.292164117813500E+09
                      372    4.939066953303266E+31    3.780836099310489E+34    3.411558426947441E+15    2.186052293967850E+07    5.383592933144611E-15    1.025425002607478E+01    9.646341197496093E+03    7.985273310484026E+03    3.389340843009650E-01    2.232177617259572E+00    3.783306698574831E+34    3.443489052309189E+15    6.385876000000000E-01    0.000000000000000E+00    3.419490000000000E-01    1.767539000000000E-03    4.327041000000000E-03    7.470454000000000E-03    1.474279000000000E-03    2.192984000000000E-04    2.831437000000000E-03    4.761671000000000E-04    3.206666000000000E-04    6.270751000000000E-05    4.852565000000000E-05    0.000000000000000E+00    0.000000000000000E+00    0.000000000000000E+00    0.000000000000000E+00    0.000000000000000E+00    5.776274000000000E-05    0.000000000000000E+00    3.008117000000000E-05    1.837935098649500E+43    3.240721372604500E+09    2.182164117813500E+09
                      373    4.940826696038835E+31    3.785777297839174E+34    3.475419677670937E+15    2.180052293967850E+07    5.188863120341678E-15    9.974793244779100E+00    9.602020285608833E+03    7.930303075669042E+03    3.412557254791000E-01    2.119096740003850E+00    3.788248891308452E+34    3.507352824895520E+15    6.385876000000000E-01    0.000000000000000E+00    3.419490000000000E-01    1.767539000000000E-03    4.327041000000000E-03    7.470454000000000E-03    1.474279000000000E-03    2.192984000000000E-04    2.831437000000000E-03    4.761671000000000E-04    3.206666000000000E-04    6.270751000000000E-05    4.852565000000000E-05    0.000000000000000E+00    0.000000000000000E+00    0.000000000000000E+00    0.000000000000000E+00    0.000000000000000E+00    5.776274000000000E-05    0.000000000000000E+00    3.008117000000000E-05    1.847213726045000E+43    3.130000000000000E+09    2.092164117813500E+09
                      374    4.942520821248670E+31    3.790720484777729E+34    3.539285972120104E+15    2.174088362598075E+07    5.001176874997348E-15    9.525853595860749E+00    9.535920442901484E+03    7.839525647020074E+03    3.442845803832800E-01    2.009130042284606E+00    3.793192078247007E+34    3.571220788293122E+15    6.385876000000000E-01    0.000000000000000E+00    3.419490000000000E-01    1.767539000000000E-03    4.327041000000000E-03    7.470454000000000E-03    1.474279000000000E-03    2.192984000000000E-04    2.831437000000000E-03    4.761671000000000E-04    3.206666000000000E-04    6.270751000000000E-05    4.852565000000000E-05    0.000000000000000E+00    0.000000000000000E+00    0.000000000000000E+00    0.000000000000000E+00    0.000000000000000E+00    5.776274000000000E-05    0.000000000000000E+00    3.008117000000000E-05    1.847935098649500E+43    3.010721372604500E+09    2.011442745209000E+09
                      375    4.944155294162384E+31    3.795663671716284E+34    3.603155604466141E+15    2.169088362598075E+07    4.831391316074712E-15    9.097119559572624E+00    9.448494598782781E+03    7.749787339004128E+03    3.472206490135050E-01    1.901985029888925E+00    3.798136259390497E+34    3.635093600413301E+15    6.385876000000000E-01    0.000000000000000E+00    3.419490000000000E-01    1.767539000000000E-03    4.327041000000000E-03    7.470454000000000E-03    1.474279000000000E-03    2.192984000000000E-04    2.831437000000000E-03    4.761671000000000E-04    3.206666000000000E-04    6.270751000000000E-05    4.852565000000000E-05    0.000000000000000E+00    0.000000000000000E+00    0.000000000000000E+00    0.000000000000000E+00    0.000000000000000E+00    5.776274000000000E-05    0.000000000000000E+00    3.008117000000000E-05    1.857213726045000E+43    2.910000000000000E+09    1.931442745209000E+09
                      376    4.945734091599717E+31    3.800608847064711E+34    3.667031596360461E+15    2.164588362598075E+07    4.666593803142891E-15    8.314021672672355E+00    9.321992607050741E+03    7.577200062466973E+03    3.516845803832800E-01    1.797153730817979E+00    3.803082428943859E+34    3.698969474468928E+15    6.385876000000000E-01    0.000000000000000E+00    3.419490000000000E-01    1.767539000000000E-03    4.327041000000000E-03    7.470454000000000E-03    1.474279000000000E-03    2.192984000000000E-04    2.831437000000000E-03    4.761671000000000E-04    3.206666000000000E-04    6.270751000000000E-05    4.852565000000000E-05    0.000000000000000E+00    0.000000000000000E+00    0.000000000000000E+00    0.000000000000000E+00    0.000000000000000E+00    5.776274000000000E-05    0.000000000000000E+00    3.008117000000000E-05    1.867213726045000E+43    2.810000000000000E+09    1.842164117813500E+09
                      377    4.947255225150802E+31    3.805556010823007E+34    3.730907352577397E+15    2.159124431228300E+07    4.508167045414600E-15    7.991100672339128E+00    9.253153894898773E+03    7.502691801347658E+03    3.540000000000000E-01    1.695214977788922E+00    3.808030586907090E+34    3.762843095153773E+15    6.385876000000000E-01    0.000000000000000E+00    3.419490000000000E-01    1.767539000000000E-03    4.327041000000000E-03    7.470454000000000E-03    1.474279000000000E-03    2.192984000000000E-04    2.831437000000000E-03    4.761671000000000E-04    3.206666000000000E-04    6.270751000000000E-05    4.852565000000000E-05    0.000000000000000E+00    0.000000000000000E+00    0.000000000000000E+00    0.000000000000000E+00    0.000000000000000E+00    5.776274000000000E-05    0.000000000000000E+00    3.008117000000000E-05    1.876492353440500E+43    2.710721372604500E+09    1.771442745209000E+09
                      378    4.948726648455118E+31    3.810505162991174E+34    3.794778837730149E+15    2.153624431228300E+07    4.355842965053019E-15    7.702054758701474E+00    9.210639514569613E+03    7.433906709460322E+03    3.561072137260450E-01    1.596140901828331E+00    3.812980733280193E+34    3.826716902303211E+15    6.385876000000000E-01    0.000000000000000E+00    3.419490000000000E-01    1.767539000000000E-03    4.327041000000000E-03    7.470454000000000E-03    1.474279000000000E-03    2.192984000000000E-04    2.831437000000000E-03    4.761671000000000E-04    3.206666000000000E-04    6.270751000000000E-05    4.852565000000000E-05    0.000000000000000E+00    0.000000000000000E+00    0.000000000000000E+00    0.000000000000000E+00    0.000000000000000E+00    5.776274000000000E-05    0.000000000000000E+00    3.008117000000000E-05    1.876492353440500E+43    2.620721372604500E+09    1.710721372604500E+09
                      379    4.950150349922538E+31    3.815456303569212E+34    3.858654966876272E+15    2.149124431228300E+07    4.207965925131075E-15    7.355405191691037E+00    9.126195863927187E+03    7.348811483027984E+03    3.584288549041800E-01    1.499799301177209E+00    3.817931873858231E+34    3.890594834109210E+15    6.385876000000000E-01    0.000000000000000E+00    3.419490000000000E-01    1.767539000000000E-03    4.327041000000000E-03    7.470454000000000E-03    1.474279000000000E-03    2.192984000000000E-04    2.831437000000000E-03    4.761671000000000E-04    3.206666000000000E-04    6.270751000000000E-05    4.852565000000000E-05    0.000000000000000E+00    0.000000000000000E+00    0.000000000000000E+00    0.000000000000000E+00    0.000000000000000E+00    5.776274000000000E-05    0.000000000000000E+00    3.008117000000000E-05    1.885770980836000E+43    2.540000000000000E+09    1.650721372604500E+09
                      380    4.951524341143190E+31    3.820407444147251E+34    3.922534701342148E+15    2.145160499858525E+07    4.074480225206293E-15    6.959957729280926E+00    9.042526397327309E+03    7.247982009481568E+03    3.605577098083600E-01    1.405954489570703E+00    3.822884008641206E+34    3.954475824378502E+15    6.385876000000000E-01    0.000000000000000E+00    3.419490000000000E-01    1.767539000000000E-03    4.327041000000000E-03    7.470454000000000E-03    1.474279000000000E-03    2.192984000000000E-04    2.831437000000000E-03    4.761671000000000E-04    3.206666000000000E-04    6.270751000000000E-05    4.852565000000000E-05    0.000000000000000E+00    0.000000000000000E+00    0.000000000000000E+00    0.000000000000000E+00    0.000000000000000E+00    5.776274000000000E-05    0.000000000000000E+00    3.008117000000000E-05    1.895049608231500E+43    2.450721372604500E+09    1.590721372604500E+09
                      381    4.952856575756558E+31    3.825360573135159E+34    3.986416947414856E+15    2.140696568488750E+07    3.945228977841605E-15    6.347556890563165E+00    8.916965917675150E+03    7.082997796483484E+03    3.633009921646300E-01    1.314391649960098E+00    3.827837137629114E+34    4.018357728699861E+15    6.385876000000000E-01    0.000000000000000E+00    3.419490000000000E-01    1.767539000000000E-03    4.327041000000000E-03    7.470454000000000E-03    1.474279000000000E-03    2.192984000000000E-04    2.831437000000000E-03    4.761671000000000E-04    3.206666000000000E-04    6.270751000000000E-05    4.852565000000000E-05    0.000000000000000E+00    0.000000000000000E+00    0.000000000000000E+00    0.000000000000000E+00    0.000000000000000E+00    5.776274000000000E-05    0.000000000000000E+00    3.008117000000000E-05    1.895049608231500E+43    2.380000000000000E+09    1.530721372604500E+09
                      382    4.954145065352771E+31    3.830313702123069E+34    4.050298509984866E+15    2.135732637118975E+07    3.820077857124234E-15    6.113808427397512E+00    8.855581956065689E+03    7.016888623172103E+03    3.647082058906750E-01    1.225390918442527E+00    3.832791260821958E+34    4.082238569688166E+15    6.385876000000000E-01    0.000000000000000E+00    3.419490000000000E-01    1.767539000000000E-03    4.327041000000000E-03    7.470454000000000E-03    1.474279000000000E-03    2.192984000000000E-04    2.831437000000000E-03    4.761671000000000E-04    3.206666000000000E-04    6.270751000000000E-05    4.852565000000000E-05    0.000000000000000E+00    0.000000000000000E+00    0.000000000000000E+00    0.000000000000000E+00    0.000000000000000E+00    5.776274000000000E-05    0.000000000000000E+00    3.008117000000000E-05    1.904328235627000E+43    2.300721372604500E+09    1.480721372604500E+09
                      383    4.955393786751569E+31    3.835268819520848E+34    4.114178629391465E+15    2.131232637118975E+07    3.706807217825767E-15    5.838641720520005E+00    8.794620558675677E+03    6.936566963299851E+03    3.661226333427650E-01    1.138696264776609E+00    3.837747372424673E+34    4.146120503786671E+15    6.385876000000000E-01    0.000000000000000E+00    3.419490000000000E-01    1.767539000000000E-03    4.327041000000000E-03    7.470454000000000E-03    1.474279000000000E-03    2.192984000000000E-04    2.831437000000000E-03    4.761671000000000E-04    3.206666000000000E-04    6.270751000000000E-05    4.852565000000000E-05    0.000000000000000E+00    0.000000000000000E+00    0.000000000000000E+00    0.000000000000000E+00    0.000000000000000E+00    5.776274000000000E-05    0.000000000000000E+00    3.008117000000000E-05    1.904328235627000E+43    2.230000000000000E+09    1.440000000000000E+09
                      384    4.956604728362823E+31    3.840225925328498E+34    4.178062378181878E+15    2.127696568488750E+07    3.589816210511444E-15    5.524739767856730E+00    8.713990992746541E+03    6.841393696609822E+03    3.675298470688100E-01    1.054410240141664E+00    3.842704478232324E+34    4.210006364012722E+15    6.385876000000000E-01    0.000000000000000E+00    3.419490000000000E-01    1.767539000000000E-03    4.327041000000000E-03    7.470454000000000E-03    1.474279000000000E-03    2.192984000000000E-04    2.831437000000000E-03    4.761671000000000E-04    3.206666000000000E-04    6.270751000000000E-05    4.852565000000000E-05    0.000000000000000E+00    0.000000000000000E+00    0.000000000000000E+00    0.000000000000000E+00    0.000000000000000E+00    5.776274000000000E-05    0.000000000000000E+00    3.008117000000000E-05    1.913606863022500E+43    2.160721372604500E+09    1.390000000000000E+09
                      385    4.957777890186536E+31    3.845183031136148E+34    4.241950349843566E+15    2.124696568488750E+07    3.483952412880790E-15    5.227714075221471E+00    8.634100643121114E+03    6.747526256092944E+03    3.686442745209000E-01    9.723563465453822E-01    3.847662578244909E+34    4.273894841609024E+15    6.385876000000000E-01    0.000000000000000E+00    3.419490000000000E-01    1.767539000000000E-03    4.327041000000000E-03    7.470454000000000E-03    1.474279000000000E-03    2.192984000000000E-04    2.831437000000000E-03    4.761671000000000E-04    3.206666000000000E-04    6.270751000000000E-05    4.852565000000000E-05    0.000000000000000E+00    0.000000000000000E+00    0.000000000000000E+00    0.000000000000000E+00    0.000000000000000E+00    5.776274000000000E-05    0.000000000000000E+00    3.008117000000000E-05    1.922164117813500E+43    2.100000000000000E+09    1.350000000000000E+09
                      386    4.958917249042446E+31    3.850142125353669E+34    4.305839333374482E+15    2.120732637118975E+07    3.381210542109781E-15    4.724021072844543E+00    8.494632270543758E+03    6.578768179916613E+03    3.693659156990350E-01    8.925650635950201E-01    3.852622666667365E+34    4.337781971535259E+15    6.385876000000000E-01    0.000000000000000E+00    3.419490000000000E-01    1.767539000000000E-03    4.327041000000000E-03    7.470454000000000E-03    1.474279000000000E-03    2.192984000000000E-04    2.831437000000000E-03    4.761671000000000E-04    3.206666000000000E-04    6.270751000000000E-05    4.852565000000000E-05    0.000000000000000E+00    0.000000000000000E+00    0.000000000000000E+00    0.000000000000000E+00    0.000000000000000E+00    5.776274000000000E-05    0.000000000000000E+00    3.008117000000000E-05    1.922164117813500E+43    2.040000000000000E+09    1.310000000000000E+09
                      387    4.960020816520683E+31    3.855103207981061E+34    4.369724609696036E+15    2.116268705749200E+07    3.281498532473069E-15    4.550085479742562E+00    8.436155633311366E+03    6.517367556660436E+03    3.700659156990350E-01    8.149845720537515E-01    3.857583749294757E+34    4.401668824219486E+15    6.385876000000000E-01    0.000000000000000E+00    3.419490000000000E-01    1.767539000000000E-03    4.327041000000000E-03    7.470454000000000E-03    1.474279000000000E-03    2.192984000000000E-04    2.831437000000000E-03    4.761671000000000E-04    3.206666000000000E-04    6.270751000000000E-05    4.852565000000000E-05    0.000000000000000E+00    0.000000000000000E+00    0.000000000000000E+00    0.000000000000000E+00    0.000000000000000E+00    5.776274000000000E-05    0.000000000000000E+00    3.008117000000000E-05    1.922164117813500E+43    1.980000000000000E+09    1.270000000000000E+09
                      388    4.961094557850860E+31    3.860064290608453E+34    4.433613038742937E+15    2.112768705749200E+07    3.191537855100758E-15    4.268859156329031E+00    8.358812493571979E+03    6.414230804363570E+03    3.704659156990350E-01    7.394457021373463E-01    3.862544831922148E+34    4.465558680103734E+15    6.385876000000000E-01    0.000000000000000E+00    3.419490000000000E-01    1.767539000000000E-03    4.327041000000000E-03    7.470454000000000E-03    1.474279000000000E-03    2.192984000000000E-04    2.831437000000000E-03    4.761671000000000E-04    3.206666000000000E-04    6.270751000000000E-05    4.852565000000000E-05    0.000000000000000E+00    0.000000000000000E+00    0.000000000000000E+00    0.000000000000000E+00    0.000000000000000E+00    5.776274000000000E-05    0.000000000000000E+00    3.008117000000000E-05    1.931442745209000E+43    1.920000000000000E+09    1.230000000000000E+09
                      389    4.962136484623106E+31    3.865025373235844E+34    4.497504321464532E+15    2.110232637118975E+07    3.097934380097495E-15    4.002320157891763E+00    8.263129958177658E+03    6.311674346408922E+03    3.704731294250800E-01    6.661175076563673E-01    3.867506908754476E+34    4.529451217242611E+15    6.385876000000000E-01    0.000000000000000E+00    3.419490000000000E-01    1.767539000000000E-03    4.327041000000000E-03    7.470454000000000E-03    1.474279000000000E-03    2.192984000000000E-04    2.831437000000000E-03    4.761671000000000E-04    3.206666000000000E-04    6.270751000000000E-05    4.852565000000000E-05    0.000000000000000E+00    0.000000000000000E+00    0.000000000000000E+00    0.000000000000000E+00    0.000000000000000E+00    5.776274000000000E-05    0.000000000000000E+00    3.008117000000000E-05    1.931442745209000E+43    1.870000000000000E+09    1.190721372604500E+09
                      390    4.963150573657162E+31    3.869988444273107E+34    4.561398113020689E+15    2.107696568488750E+07    3.013507067683049E-15    3.749898870423073E+00    8.168542691708987E+03    6.209722807518267E+03    3.701803431511250E-01    5.948412807077355E-01    3.872470973996673E+34    4.593345578118145E+15    6.385876000000000E-01    0.000000000000000E+00    3.419490000000000E-01    1.767539000000000E-03    4.327041000000000E-03    7.470454000000000E-03    1.474279000000000E-03    2.192984000000000E-04    2.831437000000000E-03    4.761671000000000E-04    3.206666000000000E-04    6.270751000000000E-05    4.852565000000000E-05    0.000000000000000E+00    0.000000000000000E+00    0.000000000000000E+00    0.000000000000000E+00    0.000000000000000E+00    5.776274000000000E-05    0.000000000000000E+00    3.008117000000000E-05    1.940000000000000E+43    1.810721372604500E+09    1.160000000000000E+09
                      391    4.964134836543156E+31    3.874953503720240E+34    4.625293043215601E+15    2.104696568488750E+07    2.931380633920956E-15    3.357527322951039E+00    8.019449985056224E+03    6.040490621437894E+03    3.687803431511250E-01    5.257685141037226E-01    3.877436033443806E+34    4.657239351860426E+15    6.385876000000000E-01    0.000000000000000E+00    3.419490000000000E-01    1.767539000000000E-03    4.327041000000000E-03    7.470454000000000E-03    1.474279000000000E-03    2.192984000000000E-04    2.831437000000000E-03    4.761671000000000E-04    3.206666000000000E-04    6.270751000000000E-05    4.852565000000000E-05    0.000000000000000E+00    0.000000000000000E+00    0.000000000000000E+00    0.000000000000000E+00    0.000000000000000E+00    5.776274000000000E-05    0.000000000000000E+00    3.008117000000000E-05    1.940000000000000E+43    1.760721372604500E+09    1.130000000000000E+09
                      392    4.965093250100833E+31    3.879918563167373E+34    4.689185660505252E+15    2.101696568488750E+07    2.851492373480167E-15    3.174897949211188E+00    7.945927225663535E+03    5.956621435290103E+03    3.682731294250799E-01    4.586730152117226E-01    3.882401092890938E+34    4.721133691674686E+15    6.385876000000000E-01    0.000000000000000E+00    3.419490000000000E-01    1.767539000000000E-03    4.327041000000000E-03    7.470454000000000E-03    1.474279000000000E-03    2.192984000000000E-04    2.831437000000000E-03    4.761671000000000E-04    3.206666000000000E-04    6.270751000000000E-05    4.852565000000000E-05    0.000000000000000E+00    0.000000000000000E+00    0.000000000000000E+00    0.000000000000000E+00    0.000000000000000E+00    5.776274000000000E-05    0.000000000000000E+00    3.008117000000000E-05    1.940000000000000E+43    1.720000000000000E+09    1.100000000000000E+09
                      393    4.966023825920320E+31    3.884883622614506E+34    4.753081722844120E+15    2.099196568488750E+07    2.773781289924020E-15    2.922333457711464E+00    7.835599220702231E+03    5.834451042737448E+03    3.668659156990350E-01    3.936519453586232E-01    3.887367146543007E+34    4.785031249239356E+15    6.385876000000000E-01    0.000000000000000E+00    3.419490000000000E-01    1.767539000000000E-03    4.327041000000000E-03    7.470454000000000E-03    1.474279000000000E-03    2.192984000000000E-04    2.831437000000000E-03    4.761671000000000E-04    3.206666000000000E-04    6.270751000000000E-05    4.852565000000000E-05    0.000000000000000E+00    0.000000000000000E+00    0.000000000000000E+00    0.000000000000000E+00    0.000000000000000E+00    5.776274000000000E-05    0.000000000000000E+00    3.008117000000000E-05    1.940000000000000E+43    1.670000000000000E+09    1.070000000000000E+09
                      394    4.966930540821358E+31    3.889850670471509E+34    4.816980775634594E+15    2.097660499858525E+07    2.703958364108846E-15    2.666978751478233E+00    7.728090769006506E+03    5.702590869271556E+03    3.648659156990350E-01    3.306102734316547E-01    3.892335188604947E+34    4.848930508842584E+15    6.385876000000000E-01    0.000000000000000E+00    3.419490000000000E-01    1.767539000000000E-03    4.327041000000000E-03    7.470454000000000E-03    1.474279000000000E-03    2.192984000000000E-04    2.831437000000000E-03    4.761671000000000E-04    3.206666000000000E-04    6.270751000000000E-05    4.852565000000000E-05    0.000000000000000E+00    0.000000000000000E+00    0.000000000000000E+00    0.000000000000000E+00    0.000000000000000E+00    5.776274000000000E-05    0.000000000000000E+00    3.008117000000000E-05    1.948557254791000E+43    1.630000000000000E+09    1.040000000000000E+09
                      395    4.967815383213820E+31    3.894819706738384E+34    4.880880242050575E+15    2.096588362598075E+07    2.630705388522520E-15    2.430691097205593E+00    7.587037215943867E+03    5.571857489319298E+03    3.622514882469450E-01    2.697154983365233E-01    3.897304224871821E+34    4.912831759708316E+15    6.385876000000000E-01    0.000000000000000E+00    3.419490000000000E-01    1.767539000000000E-03    4.327041000000000E-03    7.470454000000000E-03    1.474279000000000E-03    2.192984000000000E-04    2.831437000000000E-03    4.761671000000000E-04    3.206666000000000E-04    6.270751000000000E-05    4.852565000000000E-05    0.000000000000000E+00    0.000000000000000E+00    0.000000000000000E+00    0.000000000000000E+00    0.000000000000000E+00    5.776274000000000E-05    0.000000000000000E+00    3.008117000000000E-05    1.948557254791000E+43    1.580721372604500E+09    1.010000000000000E+09
                      396    4.968674376277961E+31    3.899788743005258E+34    4.944783277366056E+15    2.096516225337625E+07    2.564484036517721E-15    2.195040061899209E+00    7.448558180368961E+03    5.431602002350484E+03    3.588442745209000E-01    2.109087030696749E-01    3.902273261138696E+34    4.976737199368672E+15    6.385876000000000E-01    0.000000000000000E+00    3.419490000000000E-01    1.767539000000000E-03    4.327041000000000E-03    7.470454000000000E-03    1.474279000000000E-03    2.192984000000000E-04    2.831437000000000E-03    4.761671000000000E-04    3.206666000000000E-04    6.270751000000000E-05    4.852565000000000E-05    0.000000000000000E+00    0.000000000000000E+00    0.000000000000000E+00    0.000000000000000E+00    0.000000000000000E+00    5.776274000000000E-05    0.000000000000000E+00    3.008117000000000E-05    1.948557254791000E+43    1.540721372604500E+09    9.870721372604500E+08
                      397    4.969513485243396E+31    3.904757779272133E+34    5.008691121371289E+15    2.098444088077175E+07    2.500345361696429E-15    1.947342987578063E+00    7.279008296311436E+03    5.271423881391705E+03    3.544298470688100E-01    1.542737620377458E-01    3.907243291610505E+34    5.040651898075764E+15    6.385876000000000E-01    0.000000000000000E+00    3.419490000000000E-01    1.767539000000000E-03    4.327041000000000E-03    7.470454000000000E-03    1.474279000000000E-03    2.192984000000000E-04    2.831437000000000E-03    4.761671000000000E-04    3.206666000000000E-04    6.270751000000000E-05    4.852565000000000E-05    0.000000000000000E+00    0.000000000000000E+00    0.000000000000000E+00    0.000000000000000E+00    0.000000000000000E+00    5.776274000000000E-05    0.000000000000000E+00    3.008117000000000E-05    1.947835882186500E+43    1.500721372604500E+09    9.610721372604500E+08
                      398    4.970330721700252E+31    3.909728803948879E+34    5.072612674780240E+15    2.106727676295825E+07    2.437810818368755E-15    1.680515223424309E+00    7.095777679633888E+03    5.080751332709849E+03    3.484226333427650E-01    9.997953334192058E-02    3.912214316287251E+34    5.104607643716798E+15    6.385876000000000E-01    0.000000000000000E+00    3.419490000000000E-01    1.767539000000000E-03    4.327041000000000E-03    7.470454000000000E-03    1.474279000000000E-03    2.192984000000000E-04    2.831437000000000E-03    4.761671000000000E-04    3.206666000000000E-04    6.270751000000000E-05    4.852565000000000E-05    0.000000000000000E+00    0.000000000000000E+00    0.000000000000000E+00    0.000000000000000E+00    0.000000000000000E+00    5.776274000000000E-05    0.000000000000000E+00    3.008117000000000E-05    1.947835882186500E+43    1.470000000000000E+09    9.351442745209000E+08
                      399    4.971126085648532E+31    3.914699828625623E+34    5.136602612653358E+15    2.133294852733125E+07    2.371768049836370E-15    1.422844954724255E+00    6.839116472814293E+03    4.873669033655880E+03    3.400937784385850E-01    4.836371764359381E-02    3.917185340963996E+34    5.168765374626106E+15    6.385876000000000E-01    0.000000000000000E+00    3.419490000000000E-01    1.767539000000000E-03    4.327041000000000E-03    7.470454000000000E-03    1.474279000000000E-03    2.192984000000000E-04    2.831437000000000E-03    4.761671000000000E-04    3.206666000000000E-04    6.270751000000000E-05    4.852565000000000E-05    0.000000000000000E+00    0.000000000000000E+00    0.000000000000000E+00    0.000000000000000E+00    0.000000000000000E+00    5.776274000000000E-05    0.000000000000000E+00    3.008117000000000E-05    1.947835882186500E+43    1.430000000000000E+09    9.080721372604500E+08
                      400    4.971903553907974E+31    3.919670853302368E+34    5.200928136598856E+15    2.153042372321550E+07    2.301824532360594E-15    1.139921993081752E+00    6.470352476085503E+03    4.610884891391359E+03    3.266360686302250E-01    0.000000000000000E+00    3.919670853302368E+34    5.200928136598856E+15    6.385876000000000E-01    0.000000000000000E+00    3.419490000000000E-01    1.767539000000000E-03    4.327041000000000E-03    7.470454000000000E-03    1.474279000000000E-03    2.192984000000000E-04    2.831437000000000E-03    4.761671000000000E-04    3.206666000000000E-04    6.270751000000000E-05    4.852565000000000E-05    0.000000000000000E+00    0.000000000000000E+00    0.000000000000000E+00    0.000000000000000E+00    0.000000000000000E+00    5.776274000000000E-05    0.000000000000000E+00    3.008117000000000E-05    1.947114509582000E+43    1.390000000000000E+09    8.640000000000000E+08
