  days post max Lbol                      5.0
               zones                      400
 inner boundary mass    3.432132637105913E+33    1.726069000000000E+00
          total mass    2.687005864209879E+34    1.351334000000000E+01

                                  mass of cell (g)        cell center m (g)       cell center R (cm)     cell center v (cm/s)              avg density       radiation pressure          avg temperature    radiation temperature              avg opacity                      tau         outer edge m (g)        outer edge r (cm)                       h1                      he3                      he4                      c12                      n14                      o16                     ne20                     na23                     mg24                     si28                      s32                     ar36                     ca40                     ti44                     cr48                     cr60                     fe52                     fe54                     fe56                     co56                     ni56               luminosity                    n_bar                      n_e

                        1    9.438070964482865E+29    3.432132637105913E+33    3.859927873791242E+13    6.507589049337501E+06    3.949699589997253E-12    3.172083254141170E+04    5.952781836756862E+04    5.952781836756862E+04    1.984043724060000E-01    7.105449378321779E+03    3.436459416984552E+33    4.094474693872210E+13    1.138555000000000E-01    0.000000000000000E+00    5.796062000000000E-01    4.780425000000000E-02    2.152641000000000E-03    1.072979000000000E-01    1.150260000000000E-02    1.090978000000000E-04    2.808946000000000E-03    4.375057000000000E-02    4.485506000000000E-02    1.231708000000000E-02    1.714721000000000E-02    0.000000000000000E+00    0.000000000000000E+00    0.000000000000000E+00    0.000000000000000E+00    0.000000000000000E+00    2.077055000000000E-03    0.000000000000000E+00    1.452154000000000E-02    7.398838109974999E+39    2.374016208650000E+12    1.137008104325000E+12
                        2    8.653494139752182E+30    3.440786196863191E+33    4.329021513953179E+13    7.797916979787501E+06    8.846343948656351E-11    3.085635179055225E+04    5.911803174831884E+04    5.911803174831884E+04    1.987532793045000E-01    7.023079832189901E+03    3.445324742393059E+33    4.457428026032365E+13    1.148116000000000E-01    0.000000000000000E+00    5.799449000000000E-01    4.770258000000000E-02    2.160418000000000E-03    1.067929000000000E-01    1.148580000000000E-02    1.094920000000000E-04    2.809674000000000E-03    4.351377000000000E-02    4.461132000000000E-02    1.225000000000000E-02    1.705362000000000E-02    0.000000000000000E+00    0.000000000000000E+00    0.000000000000000E+00    0.000000000000000E+00    0.000000000000000E+00    2.066001000000000E-03    0.000000000000000E+00    1.449285000000000E-02    8.486064834600001E+39    5.326720695500000E+13    2.525915002825000E+13
                        3    9.077979878948803E+30    3.449863287922927E+33    4.585834538111551E+13    8.604303617474999E+06    1.448206054873342E-10    3.001543054014507E+04    5.871106608031370E+04    5.871106608031370E+04    2.058744534492500E-01    6.946626835852232E+03    3.454004151478656E+33    4.671160529119919E+13    1.148117000000000E-01    0.000000000000000E+00    5.799449000000000E-01    4.770258000000000E-02    2.160419000000000E-03    1.067929000000000E-01    1.148580000000000E-02    1.094920000000000E-04    2.809674000000000E-03    4.351376000000000E-02    4.461132000000000E-02    1.225000000000000E-02    1.705362000000000E-02    0.000000000000000E+00    0.000000000000000E+00    0.000000000000000E+00    0.000000000000000E+00    0.000000000000000E+00    2.066000000000000E-03    0.000000000000000E+00    1.449285000000000E-02    8.931611385350000E+39    8.719206562050000E+13    4.129712591175000E+13
                        4    8.281504409551863E+30    3.458145015034385E+33    4.756486520128288E+13    9.169412927625000E+06    1.759406108866096E-10    2.919742672839642E+04    5.830690194426145E+04    5.830690194426145E+04    2.102277327537500E-01    6.883607215533237E+03    3.462059199864854E+33    4.825678385477099E+13    1.148117000000000E-01    0.000000000000000E+00    5.799449000000000E-01    4.770258000000000E-02    2.160419000000000E-03    1.067929000000000E-01    1.148580000000000E-02    1.094920000000000E-04    2.809674000000000E-03    4.351376000000000E-02    4.461132000000000E-02    1.225000000000000E-02    1.705362000000000E-02    0.000000000000000E+00    0.000000000000000E+00    0.000000000000000E+00    0.000000000000000E+00    0.000000000000000E+00    2.066000000000000E-03    0.000000000000000E+00    1.449285000000000E-02    9.291830005649999E+39    1.057300415040000E+14    5.016502075200000E+13
                        5    7.828677864468183E+30    3.465973384695323E+33    4.894870250825909E+13    9.623244910237500E+06    1.912484931479114E-10    2.866451363207995E+04    5.803900606430216E+04    5.803900606430216E+04    2.124043724060000E-01    6.827475590490646E+03    3.469901488394888E+33    4.958581019148908E+13    1.148133000000000E-01    0.000000000000000E+00    5.799455000000000E-01    4.770241000000000E-02    2.160432000000000E-03    1.067920000000000E-01    1.148577000000000E-02    1.094927000000000E-04    2.809675000000000E-03    4.351337000000000E-02    4.461091000000000E-02    1.224989000000000E-02    1.705346000000000E-02    0.000000000000000E+00    0.000000000000000E+00    0.000000000000000E+00    0.000000000000000E+00    0.000000000000000E+00    2.065982000000000E-03    0.000000000000000E+00    1.449280000000000E-02    9.716939315799999E+39    1.154234828950000E+14    5.436283454900000E+13
                        6    7.856541451986274E+30    3.473829592094451E+33    5.022291787471907E+13    1.002952223777500E+07    1.967117757763395E-10    2.814132729596280E+04    5.777234105410449E+04    5.777234105410449E+04    2.136043724060000E-01    6.774008024211354E+03    3.477801440811170E+33    5.082846716535602E+13    1.158824000000000E-01    0.000000000000000E+00    5.803107000000000E-01    4.758888000000000E-02    2.169082000000000E-03    1.062331000000000E-01    1.146691000000000E-02    1.099311000000000E-04    2.810475000000000E-03    4.325140000000000E-02    4.434127000000000E-02    1.217569000000000E-02    1.694992000000000E-02    0.000000000000000E+00    0.000000000000000E+00    0.000000000000000E+00    0.000000000000000E+00    0.000000000000000E+00    2.053753000000000E-03    0.000000000000000E+00    1.446075000000000E-02    1.016971259117500E+40    1.184234828950000E+14    5.603728799825000E+13
                        7    7.942367187235215E+30    3.481773289527890E+33    5.143401645599297E+13    1.041579956531250E+07    1.989895907863250E-10    2.743185451232504E+04    5.740745221561926E+04    5.740745221561926E+04    2.143788258552500E-01    6.722411960605453E+03    3.485955909690903E+33    5.204351822303373E+13    1.159060000000000E-01    0.000000000000000E+00    5.803187000000000E-01    4.758638000000000E-02    2.169273000000000E-03    1.062208000000000E-01    1.146650000000000E-02    1.099407000000000E-04    2.810493000000000E-03    4.324564000000000E-02    4.433534000000000E-02    1.217406000000000E-02    1.694764000000000E-02    0.000000000000000E+00    0.000000000000000E+00    0.000000000000000E+00    0.000000000000000E+00    0.000000000000000E+00    2.053484000000000E-03    0.000000000000000E+00    1.446005000000000E-02    1.067226724625000E+40    1.194234828950000E+14    5.663728799825000E+13
                        8    8.366318044176616E+30    3.490138529853917E+33    5.265301999007449E+13    1.078335422038750E+07    1.981814979694772E-10    2.687475892844716E+04    5.711102653461113E+04    5.711102653461113E+04    2.148277327537500E-01    6.670577776633603E+03    3.494360918214344E+33    5.324873948603841E+13    1.159060000000000E-01    0.000000000000000E+00    5.803187000000000E-01    4.758638000000000E-02    2.169273000000000E-03    1.062208000000000E-01    1.146650000000000E-02    1.099407000000000E-04    2.810493000000000E-03    4.324564000000000E-02    4.433534000000000E-02    1.217406000000000E-02    1.694764000000000E-02    0.000000000000000E+00    0.000000000000000E+00    0.000000000000000E+00    0.000000000000000E+00    0.000000000000000E+00    2.053484000000000E-03    0.000000000000000E+00    1.446005000000000E-02    1.117226724625000E+40    1.194234828950000E+14    5.646283454900000E+13
                        9    8.443812342067332E+30    3.498583306574771E+33    5.384445898200234E+13    1.113463154792500E+07    1.959129331214745E-10    2.638423929716101E+04    5.684862520305875E+04    5.684862520305875E+04    2.160021862030000E-01    6.620219571285306E+03    3.502819613804293E+33    5.442830927478070E+13    1.159072000000000E-01    0.000000000000000E+00    5.803191000000000E-01    4.758625000000000E-02    2.169282000000000E-03    1.062202000000000E-01    1.146648000000000E-02    1.099412000000000E-04    2.810494000000000E-03    4.324535000000000E-02    4.433504000000000E-02    1.217397000000000E-02    1.694753000000000E-02    0.000000000000000E+00    0.000000000000000E+00    0.000000000000000E+00    0.000000000000000E+00    0.000000000000000E+00    2.053470000000000E-03    0.000000000000000E+00    1.446001000000000E-02    1.177226724625000E+40    1.184234828950000E+14    5.578838109975000E+13
                       10    8.473710072883146E+30    3.507055921033816E+33    5.501215956755907E+13    1.147963154792500E+07    1.923371191030194E-10    2.590267265813476E+04    5.658742949611117E+04    5.658742949611117E+04    2.160255465507500E-01    6.571758260162760E+03    3.511330008050882E+33    5.558785287547406E+13    1.173224000000000E-01    0.000000000000000E+00    5.807852999999999E-01    4.743618000000000E-02    2.180674000000000E-03    1.054876000000000E-01    1.144143000000000E-02    1.105186000000000E-04    2.811537000000000E-03    4.290219000000000E-02    4.398182000000000E-02    1.207678000000000E-02    1.681189000000000E-02    0.000000000000000E+00    0.000000000000000E+00    0.000000000000000E+00    0.000000000000000E+00    0.000000000000000E+00    2.037452000000000E-03    0.000000000000000E+00    1.441762000000000E-02    1.229781379700000E+40    1.156789484025000E+14    5.483947420125000E+13
                       11    8.547054559373715E+30    3.515604095067947E+33    5.616354618338905E+13    1.181463154792500E+07    1.888265710457790E-10    2.524963873826486E+04    5.623002453302747E+04    5.623002453302747E+04    2.160000000000000E-01    6.524850822369252E+03    3.519914967667620E+33    5.673282055667976E+13    1.173801000000000E-01    0.000000000000000E+00    5.808043000000001E-01    4.743005000000000E-02    2.181139000000000E-03    1.054577000000000E-01    1.144041000000000E-02    1.105421000000000E-04    2.811580000000000E-03    4.288818000000000E-02    4.396741000000000E-02    1.207281000000000E-02    1.680636000000000E-02    0.000000000000000E+00    0.000000000000000E+00    0.000000000000000E+00    0.000000000000000E+00    0.000000000000000E+00    2.036798000000000E-03    0.000000000000000E+00    1.441589000000000E-02    1.279781379700000E+40    1.136789484025000E+14    5.383947420125000E+13
                       12    8.621775025494806E+30    3.524225840267294E+33    5.730209492997046E+13    1.214463154792500E+07    1.849537353184046E-10    2.478878089328924E+04    5.597167103798481E+04    5.597167103798481E+04    2.159233603477500E-01    6.479432773419694E+03    3.528547649121256E+33    5.786199119167523E+13    1.173801000000000E-01    0.000000000000000E+00    5.808043000000001E-01    4.743005000000000E-02    2.181139000000000E-03    1.054577000000000E-01    1.144041000000000E-02    1.105421000000000E-04    2.811580000000000E-03    4.288818000000000E-02    4.396741000000000E-02    1.207281000000000E-02    1.680636000000000E-02    0.000000000000000E+00    0.000000000000000E+00    0.000000000000000E+00    0.000000000000000E+00    0.000000000000000E+00    2.036798000000000E-03    0.000000000000000E+00    1.441589000000000E-02    1.332336034775000E+40    1.116789484025000E+14    5.269056730275000E+13
                       13    8.645019536883269E+30    3.532869457975218E+33    5.842188745338002E+13    1.246963154792500E+07    1.811603315083085E-10    2.433633465195986E+04    5.571450456942768E+04    5.571450456942768E+04    2.157722672462500E-01    6.435709247092907E+03    3.537214133542693E+33    5.897337002482745E+13    1.173801000000000E-01    0.000000000000000E+00    5.808043000000001E-01    4.743005000000000E-02    2.181139000000000E-03    1.054577000000000E-01    1.144041000000000E-02    1.105421000000000E-04    2.811580000000000E-03    4.288818000000000E-02    4.396741000000000E-02    1.207281000000000E-02    1.680636000000000E-02    0.000000000000000E+00    0.000000000000000E+00    0.000000000000000E+00    0.000000000000000E+00    0.000000000000000E+00    2.036798000000000E-03    0.000000000000000E+00    1.441589000000000E-02    1.382336034775000E+40    1.087811346055000E+14    5.161611385350000E+13
                       14    8.688593550789744E+30    3.541558809110169E+33    5.952485259627488E+13    1.279463154792500E+07    1.773496594671623E-10    2.389214648520760E+04    5.545851967346474E+04    5.545851967346474E+04    2.156211741447500E-01    6.393578774047284E+03    3.545924362981286E+33    6.007038850749820E+13    1.173804000000000E-01    0.000000000000000E+00    5.808044000000000E-01    4.743003000000000E-02    2.181141000000000E-03    1.054575000000000E-01    1.144041000000000E-02    1.105422000000000E-04    2.811580000000000E-03    4.288813000000000E-02    4.396735000000000E-02    1.207279000000000E-02    1.680634000000000E-02    0.000000000000000E+00    0.000000000000000E+00    0.000000000000000E+00    0.000000000000000E+00    0.000000000000000E+00    2.036795000000000E-03    0.000000000000000E+00    1.441589000000000E-02    1.432336034775000E+40    1.067555880547500E+14    5.054166040425000E+13
                       15    8.730819422803888E+30    3.550289916852403E+33    6.061592441872153E+13    1.311963154792500E+07    1.733126883551490E-10    2.345606566618476E+04    5.520371092126307E+04    5.520371092126307E+04    2.153700810432500E-01    6.352898606282584E+03    3.554684302666646E+33    6.115729373301013E+13    1.185320000000000E-01    0.000000000000000E+00    5.811688000000000E-01    4.730809000000000E-02    2.190359000000000E-03    1.048676000000000E-01    1.141996000000000E-02    1.110094000000000E-04    2.812415000000000E-03    4.261199000000000E-02    4.368313000000000E-02    1.199458000000000E-02    1.669720000000000E-02    0.000000000000000E+00    0.000000000000000E+00    0.000000000000000E+00    0.000000000000000E+00    0.000000000000000E+00    2.023906000000000E-03    0.000000000000000E+00    1.438143000000000E-02    1.474890689850000E+40    1.046789484025000E+14    4.954166040425000E+13
                       16    8.789201125017454E+30    3.559078688480889E+33    6.169866304729873E+13    1.344335422038750E+07    1.697580425881273E-10    2.302794421911842E+04    5.495007290893282E+04    5.495007290893282E+04    2.151934413910000E-01    6.313389243378659E+03    3.563465120655649E+33    6.223111539389188E+13    1.188635000000000E-01    0.000000000000000E+00    5.812737000000000E-01    4.727299000000000E-02    2.193012000000000E-03    1.046979000000000E-01    1.141407000000000E-02    1.111439000000000E-04    2.812655000000000E-03    4.253251000000000E-02    4.360132000000000E-02    1.197207000000000E-02    1.666578000000000E-02    0.000000000000000E+00    0.000000000000000E+00    0.000000000000000E+00    0.000000000000000E+00    0.000000000000000E+00    2.020196000000000E-03    0.000000000000000E+00    1.437151000000000E-02    1.507445344925000E+40    1.019344139100000E+14    4.846720695500000E+13
                       17    8.772603867826735E+30    3.567851552830408E+33    6.276356774048502E+13    1.376707689285000E+07    1.666596091219929E-10    2.260763686909850E+04    5.469760025741313E+04    5.469760025741313E+04    2.162678948402500E-01    6.275049566562129E+03    3.572272782177906E+33    6.329101729325955E+13    1.188635000000000E-01    0.000000000000000E+00    5.812737000000000E-01    4.727299000000000E-02    2.193013000000000E-03    1.046978000000000E-01    1.141407000000000E-02    1.111439000000000E-04    2.812655000000000E-03    4.253251000000000E-02    4.360131000000000E-02    1.197207000000000E-02    1.666578000000000E-02    0.000000000000000E+00    0.000000000000000E+00    0.000000000000000E+00    0.000000000000000E+00    0.000000000000000E+00    2.020195000000000E-03    0.000000000000000E+00    1.437151000000000E-02    1.547445344925000E+40    1.007555880547500E+14    4.759275350575000E+13
                       18    8.842122653726082E+30    3.576694011525402E+33    6.381846684603409E+13    1.408707689285000E+07    1.639071964710411E-10    2.219500099278026E+04    5.444628761235734E+04    5.444628761235734E+04    2.161168017387500E-01    6.237723949257450E+03    3.581169922144344E+33    6.434289403995233E+13    1.188635000000000E-01    0.000000000000000E+00    5.812737000000000E-01    4.727299000000000E-02    2.193013000000000E-03    1.046978000000000E-01    1.141407000000000E-02    1.111439000000000E-04    2.812655000000000E-03    4.253251000000000E-02    4.360131000000000E-02    1.197207000000000E-02    1.666578000000000E-02    0.000000000000000E+00    0.000000000000000E+00    0.000000000000000E+00    0.000000000000000E+00    0.000000000000000E+00    2.020195000000000E-03    0.000000000000000E+00    1.437151000000000E-02    1.580000000000000E+40    9.888332080850000E+13    4.681830005650000E+13
                       19    8.953083878150515E+30    3.585645832763285E+33    6.486732123387055E+13    1.440579956531250E+07    1.612865016416765E-10    2.178989656998858E+04    5.419612964401986E+04    5.419612964401986E+04    2.159401620865000E-01    6.201234970907140E+03    3.590129697021709E+33    6.538570709416527E+13    1.188638000000000E-01    0.000000000000000E+00    5.812738000000000E-01    4.727295000000000E-02    2.193015000000000E-03    1.046977000000000E-01    1.141407000000000E-02    1.111440000000000E-04    2.812655000000000E-03    4.253243000000000E-02    4.360123000000000E-02    1.197204000000000E-02    1.666575000000000E-02    0.000000000000000E+00    0.000000000000000E+00    0.000000000000000E+00    0.000000000000000E+00    0.000000000000000E+00    2.020192000000000E-03    0.000000000000000E+00    1.437150000000000E-02    1.612554655075000E+40    9.701105356225000E+13    4.604384660725000E+13
                       20    8.967452127876181E+30    3.594613561280134E+33    6.590409295445998E+13    1.472452223777500E+07    1.583426912236053E-10    2.139218613620436E+04    5.394712104714297E+04    5.394712104714297E+04    2.156146155357500E-01    6.165878103125952E+03    3.599101402358299E+33    6.641570541246492E+13    1.198223000000000E-01    0.000000000000000E+00    5.815771000000000E-01    4.717146000000000E-02    2.200688000000000E-03    1.042067000000000E-01    1.139705000000000E-02    1.115329000000000E-04    2.813350000000000E-03    4.230260000000000E-02    4.336467000000000E-02    1.190695000000000E-02    1.657491000000000E-02    0.000000000000000E+00    0.000000000000000E+00    0.000000000000000E+00    0.000000000000000E+00    0.000000000000000E+00    2.009464000000000E-03    0.000000000000000E+00    1.434282000000000E-02    1.645109310150000E+40    9.538550701150000E+13    4.524384660725000E+13
                       21    8.974294246241252E+30    3.603589243436465E+33    6.692731787046988E+13    1.501824491023750E+07    1.557277810989112E-10    2.115166586370514E+04    5.379228173969019E+04    5.379228173969019E+04    2.153635224342500E-01    6.131599991055436E+03    3.607423891872106E+33    6.735844640532795E+13    1.200411000000000E-01    0.000000000000000E+00    5.816464000000000E-01    4.714830000000000E-02    2.202439000000000E-03    1.040947000000000E-01    1.139316000000000E-02    1.116216000000000E-04    2.813508000000000E-03    4.225015000000000E-02    4.331069000000000E-02    1.189209000000000E-02    1.655418000000000E-02    0.000000000000000E+00    0.000000000000000E+00    0.000000000000000E+00    0.000000000000000E+00    0.000000000000000E+00    2.007015000000000E-03    0.000000000000000E+00    1.433627000000000E-02    1.675109310150000E+40    9.381105356225000E+13    4.454384660725000E+13
                       22    7.669366465627855E+30    3.611258540307747E+33    6.778957494018603E+13    1.527196758270000E+07    1.535092603049620E-10    2.080918967451285E+04    5.357575167802439E+04    5.357575167802439E+04    2.151379758835000E-01    6.103156278726361E+03    3.614588132636232E+33    6.816151547202931E+13    1.200411000000000E-01    0.000000000000000E+00    5.816464000000000E-01    4.714829000000000E-02    2.202439000000000E-03    1.040947000000000E-01    1.139316000000000E-02    1.116216000000000E-04    2.813508000000000E-03    4.225015000000000E-02    4.331068000000000E-02    1.189209000000000E-02    1.655418000000000E-02    0.000000000000000E+00    0.000000000000000E+00    0.000000000000000E+00    0.000000000000000E+00    0.000000000000000E+00    2.007015000000000E-03    0.000000000000000E+00    1.433627000000000E-02    1.697663965225000E+40    9.241105356225000E+13    4.386939315800000E+13
                       23    6.660409517448121E+30    3.617917724964715E+33    6.853345600387259E+13    1.551069025516250E+07    1.514030342932054E-10    2.057522424717716E+04    5.342197827686666E+04    5.342197827686666E+04    2.148868827820000E-01    6.078982337293513E+03    3.621254276727747E+33    6.890248113092002E+13    1.200411000000000E-01    0.000000000000000E+00    5.816464000000000E-01    4.714829000000000E-02    2.202439000000000E-03    1.040947000000000E-01    1.139316000000000E-02    1.116216000000000E-04    2.813508000000000E-03    4.225015000000000E-02    4.331068000000000E-02    1.189209000000000E-02    1.655418000000000E-02    0.000000000000000E+00    0.000000000000000E+00    0.000000000000000E+00    0.000000000000000E+00    0.000000000000000E+00    2.007015000000000E-03    0.000000000000000E+00    1.433627000000000E-02    1.710218620300000E+40    9.123660011300000E+13    4.326939315800000E+13
                       24    6.673022001257959E+30    3.624590828490777E+33    6.927150625796744E+13    1.574441292762500E+07    1.496699380909989E-10    2.024208148493082E+04    5.320693879766090E+04    5.320693879766090E+04    2.146613362312500E-01    6.055297422219890E+03    3.627941299122903E+33    6.963927613550398E+13    1.200623000000000E-01    0.000000000000000E+00    5.816528000000000E-01    4.714604999999999E-02    2.202607000000000E-03    1.040839000000000E-01    1.139278000000000E-02    1.116302000000000E-04    2.813523000000000E-03    4.224513000000000E-02    4.330551000000000E-02    1.189067000000000E-02    1.655219000000000E-02    0.000000000000000E+00    0.000000000000000E+00    0.000000000000000E+00    0.000000000000000E+00    0.000000000000000E+00    2.006781000000000E-03    0.000000000000000E+00    1.433564000000000E-02    1.722773275375000E+40    9.016214666375000E+13    4.279493970875000E+13
                       25    6.700990974499197E+30    3.631291769755029E+33    7.000704601304055E+13    1.597813560008750E+07    1.476163895548455E-10    2.005650096639182E+04    5.308456623422892E+04    5.308456623422892E+04    2.154357896805000E-01    6.031933001763133E+03    3.634644228797026E+33    7.037136958039581E+13    1.212178000000000E-01    0.000000000000000E+00    5.820031000000000E-01    4.702389000000000E-02    2.211804000000000E-03    1.034985000000000E-01    1.137219000000000E-02    1.120962000000000E-04    2.814346000000001E-03    4.197126000000000E-02    4.302362000000000E-02    1.181310000000000E-02    1.644395000000000E-02    0.000000000000000E+00    0.000000000000000E+00    0.000000000000000E+00    0.000000000000000E+00    0.000000000000000E+00    1.993997000000000E-03    0.000000000000000E+00    1.430110000000000E-02    1.742773275375000E+40    8.888769321450000E+13    4.229493970875000E+13
                       26    6.705087098832835E+30    3.637996687839023E+33    7.073569314775106E+13    1.621185827255000E+07    1.461852220959933E-10    1.987262186027361E+04    5.296247511988271E+04    5.296247511988271E+04    2.152846965790000E-01    6.009028243511540E+03    3.641362071545180E+33    7.109819268836781E+13    1.212938000000000E-01    0.000000000000000E+00    5.820261000000000E-01    4.701585000000000E-02    2.212409000000000E-03    1.034600000000000E-01    1.137084000000000E-02    1.121269000000000E-04    2.814400000000000E-03    4.195324000000000E-02    4.300508000000000E-02    1.180799000000000E-02    1.643683000000000E-02    0.000000000000000E+00    0.000000000000000E+00    0.000000000000000E+00    0.000000000000000E+00    0.000000000000000E+00    1.993156000000000E-03    0.000000000000000E+00    1.429883000000000E-02    1.752773275375000E+40    8.801323976525000E+13    4.182048625950000E+13
                       27    6.730572548145572E+30    3.644727455251336E+33    7.146069222898456E+13    1.644558094501250E+07    1.445118536961061E-10    1.969042856793354E+04    5.284066480730745E+04    5.284066480730745E+04    2.150846965790000E-01    5.986520127092213E+03    3.648098804187105E+33    7.182091436455123E+13    1.212938000000000E-01    0.000000000000000E+00    5.820261000000000E-01    4.701585000000000E-02    2.212409000000000E-03    1.034600000000000E-01    1.137084000000000E-02    1.121269000000000E-04    2.814400000000000E-03    4.195324000000000E-02    4.300507000000001E-02    1.180799000000000E-02    1.643683000000000E-02    0.000000000000000E+00    0.000000000000000E+00    0.000000000000000E+00    0.000000000000000E+00    0.000000000000000E+00    1.993156000000000E-03    0.000000000000000E+00    1.429882000000000E-02    1.765327930450000E+40    8.711323976525000E+13    4.142048625950000E+13
                       28    6.742240537266828E+30    3.651470153122874E+33    7.218113650011791E+13    1.667430361747500E+07    1.431869610577719E-10    1.946904178611351E+04    5.268900125630972E+04    5.268900125630972E+04    2.148591500282500E-01    5.964381705726520E+03    3.654661550965345E+33    7.251731866498347E+13    1.212938000000000E-01    0.000000000000000E+00    5.820261000000000E-01    4.701585000000000E-02    2.212409000000000E-03    1.034600000000000E-01    1.137084000000000E-02    1.121269000000000E-04    2.814400000000000E-03    4.195324000000000E-02    4.300507000000001E-02    1.180799000000000E-02    1.643683000000000E-02    0.000000000000000E+00    0.000000000000000E+00    0.000000000000000E+00    0.000000000000000E+00    0.000000000000000E+00    1.993156000000000E-03    0.000000000000000E+00    1.429882000000000E-02    1.777882585525000E+40    8.623878631600000E+13    4.102048625950000E+13
                       29    6.383046224584451E+30    3.657852948807815E+33    7.285350082984903E+13    1.687930361747500E+07    1.418742151081571E-10    1.929054853813339E+04    5.256781991616679E+04    5.256781991616679E+04    2.146336034775000E-01    5.943931622908642E+03    3.660686432873560E+33    7.314969034658672E+13    1.212939000000000E-01    0.000000000000000E+00    5.820262000000000E-01    4.701584000000000E-02    2.212409000000000E-03    1.034599000000000E-01    1.137084000000000E-02    1.121269000000000E-04    2.814401000000000E-03    4.195322000000000E-02    4.300506000000000E-02    1.180799000000000E-02    1.643682000000000E-02    0.000000000000000E+00    0.000000000000000E+00    0.000000000000000E+00    0.000000000000000E+00    0.000000000000000E+00    1.993155000000000E-03    0.000000000000000E+00    1.429882000000000E-02    1.787882585525000E+40    8.536433286675000E+13    4.062048625950000E+13
                       30    5.667031760605306E+30    3.663519916939304E+33    7.344587986332442E+13    1.707302628993750E+07    1.404988513498740E-10    1.911369172608710E+04    5.244691728537213E+04    5.244691728537213E+04    2.145080569267500E-01    5.926099725873059E+03    3.666359366234661E+33    7.374242573662441E+13    1.213941000000000E-01    0.000000000000000E+00    5.820552000000000E-01    4.700527000000000E-02    2.213202000000000E-03    1.034097000000000E-01    1.136905000000000E-02    1.121671000000000E-04    2.814471000000000E-03    4.192976000000000E-02    4.298091000000000E-02    1.180134000000000E-02    1.642755000000000E-02    0.000000000000000E+00    0.000000000000000E+00    0.000000000000000E+00    0.000000000000000E+00    0.000000000000000E+00    1.992060000000000E-03    0.000000000000000E+00    1.429583000000000E-02    1.790437240600000E+40    8.466433286675000E+13    4.024603281025000E+13
                       31    5.678357743228802E+30    3.669198815530018E+33    7.403897160992441E+13    1.727174896240000E+07    1.388905742976632E-10    1.893845634703965E+04    5.232629272291193E+04    5.232629272291193E+04    2.141825103760000E-01    5.908477530348724E+03    3.672045224259922E+33    7.433478459970544E+13    1.225783000000000E-01    0.000000000000000E+00    5.823988000000000E-01    4.688026000000000E-02    2.222572000000000E-03    1.028163000000000E-01    1.134787000000000E-02    1.126420000000000E-04    2.815299000000000E-03    4.165233000000000E-02    4.269535000000000E-02    1.172276000000000E-02    1.631789000000000E-02    0.000000000000000E+00    0.000000000000000E+00    0.000000000000000E+00    0.000000000000000E+00    0.000000000000000E+00    1.979111000000000E-03    0.000000000000000E+00    1.426047000000000E-02    1.800437240600000E+40    8.368987941750000E+13    3.984603281025000E+13
                       32    5.693944888205204E+30    3.674891632989826E+33    7.463059758948647E+13    1.746674896240000E+07    1.378613363104392E-10    1.876482753560414E+04    5.220594558924688E+04    5.220594558924688E+04    2.139825103760000E-01    5.891045885390769E+03    3.677708215571669E+33    7.491978195789125E+13    1.226460000000000E-01    0.000000000000000E+00    5.824184000000000E-01    4.687311000000000E-02    2.223108000000000E-03    1.027823000000000E-01    1.134666000000000E-02    1.126691000000000E-04    2.815346000000000E-03    4.163645000000000E-02    4.267901000000000E-02    1.171826000000000E-02    1.631162000000000E-02    0.000000000000000E+00    0.000000000000000E+00    0.000000000000000E+00    0.000000000000000E+00    0.000000000000000E+00    1.978370000000000E-03    0.000000000000000E+00    1.425844000000000E-02    1.810437240600000E+40    8.301542596825000E+13    3.954603281025000E+13
                       33    5.633006090897920E+30    3.680524798153513E+33    7.520896632629603E+13    1.765547163486250E+07    1.366698675944425E-10    1.863181523419730E+04    5.211566370656237E+04    5.211566370656237E+04    2.144569638252500E-01    5.874114392331944E+03    3.683339392325487E+33    7.549528901357388E+13    1.226461000000000E-01    0.000000000000000E+00    5.824184000000000E-01    4.687310000000000E-02    2.223108000000000E-03    1.027823000000000E-01    1.134666000000000E-02    1.126692000000000E-04    2.815347000000000E-03    4.163644000000000E-02    4.267900000000000E-02    1.171826000000000E-02    1.631162000000000E-02    0.000000000000000E+00    0.000000000000000E+00    0.000000000000000E+00    0.000000000000000E+00    0.000000000000000E+00    1.978369000000000E-03    0.000000000000000E+00    1.425844000000000E-02    1.812991895675000E+40    8.231542596825000E+13    3.924603281025000E+13
                       34    5.627854120922942E+30    3.686153986497460E+33    7.578161170085173E+13    1.784791697978750E+07    1.357290388436049E-10    1.846099772538235E+04    5.199580100619195E+04    5.199580100619195E+04    2.143314172745000E-01    5.857475577012792E+03    3.688973551694109E+33    7.606633412598869E+13    1.226461000000000E-01    0.000000000000000E+00    5.824184000000000E-01    4.687310000000000E-02    2.223108000000000E-03    1.027823000000000E-01    1.134666000000000E-02    1.126692000000000E-04    2.815347000000000E-03    4.163644000000000E-02    4.267900000000000E-02    1.171826000000000E-02    1.631162000000000E-02    0.000000000000000E+00    0.000000000000000E+00    0.000000000000000E+00    0.000000000000000E+00    0.000000000000000E+00    1.978369000000000E-03    0.000000000000000E+00    1.425844000000000E-02    1.815546550750000E+40    8.174097251900000E+13    3.894603281025000E+13
                       35    5.639500237535621E+30    3.691793116890760E+33    7.635105655112566E+13    1.804163965225000E+07    1.347232291732681E-10    1.829174628090165E+04    5.187621398238256E+04    5.187621398238256E+04    2.141058707237500E-01    5.841069910623170E+03    3.694591803783767E+33    7.663080622403080E+13    1.226461000000000E-01    0.000000000000000E+00    5.824184000000000E-01    4.687310000000000E-02    2.223108000000000E-03    1.027823000000000E-01    1.134666000000000E-02    1.126692000000000E-04    2.815347000000000E-03    4.163644000000000E-02    4.267900000000000E-02    1.171826000000000E-02    1.631162000000000E-02    0.000000000000000E+00    0.000000000000000E+00    0.000000000000000E+00    0.000000000000000E+00    0.000000000000000E+00    1.978369000000000E-03    0.000000000000000E+00    1.425844000000000E-02    1.825546550750000E+40    8.114097251900000E+13    3.867157936100000E+13
                       36    5.596942301073070E+30    3.697390490676775E+33    7.691055589693592E+13    1.822163965225000E+07    1.337958009870639E-10    1.825343388991246E+04    5.184656238767113E+04    5.184656238767113E+04    2.139803241730000E-01    5.825071085161606E+03    3.699977411918553E+33    7.716897518866203E+13    1.226471000000000E-01    0.000000000000000E+00    5.824187000000000E-01    4.687300000000000E-02    2.223116000000000E-03    1.027818000000000E-01    1.134664000000000E-02    1.126696000000000E-04    2.815347000000000E-03    4.163621000000000E-02    4.267876000000000E-02    1.171820000000000E-02    1.631152000000000E-02    0.000000000000000E+00    0.000000000000000E+00    0.000000000000000E+00    0.000000000000000E+00    0.000000000000000E+00    1.978358000000000E-03    0.000000000000000E+00    1.425841000000000E-02    1.828101205825000E+40    8.064097251900000E+13    3.837157936100000E+13
                       37    5.174667673652667E+30    3.702564333160331E+33    7.742739448038812E+13    1.839536232471250E+07    1.328747571715865E-10    1.808608540211346E+04    5.172731860315944E+04    5.172731860315944E+04    2.137803241730000E-01    5.810407666315372E+03    3.705157219631720E+33    7.768482242406925E+13    1.229564000000000E-01    0.000000000000000E+00    5.825051999999999E-01    4.684038000000000E-02    2.225553000000000E-03    1.026281000000000E-01    1.134109000000000E-02    1.127930000000000E-04    2.815561000000000E-03    4.156440000000000E-02    4.260484000000000E-02    1.169786000000000E-02    1.628314000000000E-02    0.000000000000000E+00    0.000000000000000E+00    0.000000000000000E+00    0.000000000000000E+00    0.000000000000000E+00    1.975007000000000E-03    0.000000000000000E+00    1.424918000000000E-02    1.828101205825000E+40    8.006651906975000E+13    3.809712591175000E+13
                       38    5.186631935844657E+30    3.707750106103112E+33    7.794225036775036E+13    1.856908499717500E+07    1.316565540754773E-10    1.795788428551854E+04    5.163786442975055E+04    5.163786442975055E+04    2.135547776222500E-01    5.795949703982799E+03    3.710348957804113E+33    7.819804521685738E+13    1.238990000000000E-01    0.000000000000000E+00    5.827689000000000E-01    4.674099999999999E-02    2.232977000000000E-03    1.021599000000000E-01    1.132419000000000E-02    1.131693000000000E-04    2.816211000000000E-03    4.134561000000000E-02    4.237965000000000E-02    1.163589000000000E-02    1.619667000000000E-02    0.000000000000000E+00    0.000000000000000E+00    0.000000000000000E+00    0.000000000000000E+00    0.000000000000000E+00    1.964795000000000E-03    0.000000000000000E+00    1.422105000000000E-02    1.830655860900000E+40    7.936651906975000E+13    3.787157936100000E+13
                       39    5.196343329653146E+30    3.712947809505116E+33    7.845384006596441E+13    1.874280766963750E+07    1.309822969026677E-10    1.779324541277969E+04    5.151910063722255E+04    5.151910063722255E+04    2.133547776222500E-01    5.781670719499967E+03    3.715534730746894E+33    7.870754543193114E+13    1.239232000000000E-01    0.000000000000000E+00    5.827755999999999E-01    4.673845000000000E-02    2.233167000000000E-03    1.021479000000000E-01    1.132376000000000E-02    1.131789000000000E-04    2.816227000000000E-03    4.134000000000000E-02    4.237387000000000E-02    1.163430000000000E-02    1.619445000000000E-02    0.000000000000000E+00    0.000000000000000E+00    0.000000000000000E+00    0.000000000000000E+00    0.000000000000000E+00    1.964533000000000E-03    0.000000000000000E+00    1.422033000000000E-02    1.838101205825000E+40    7.879206562050000E+13    3.759712591175000E+13
                       40    5.174019452034820E+30    3.718121651988672E+33    7.896125079789788E+13    1.891653034210000E+07    1.300806211130748E-10    1.775597714080869E+04    5.148965316265335E+04    5.148965316265335E+04    2.132292310715000E-01    5.767614160322982E+03    3.720702608000838E+33    7.921211553818328E+13    1.239232000000000E-01    0.000000000000000E+00    5.827755999999999E-01    4.673845000000000E-02    2.233167000000000E-03    1.021479000000000E-01    1.132376000000000E-02    1.131789000000000E-04    2.816227000000000E-03    4.134000000000000E-02    4.237387000000000E-02    1.163430000000000E-02    1.619445000000000E-02    0.000000000000000E+00    0.000000000000000E+00    0.000000000000000E+00    0.000000000000000E+00    0.000000000000000E+00    1.964533000000000E-03    0.000000000000000E+00    1.422033000000000E-02    1.840655860900000E+40    7.831761217125000E+13    3.739712591175000E+13
                       41    5.161643588999595E+30    3.723283564013005E+33    7.946298027846869E+13    1.908653034210000E+07    1.292535511486991E-10    1.759318936389897E+04    5.137123024658037E+04    5.137123024658037E+04    2.136292310715000E-01    5.753777294246699E+03    3.725867502639977E+33    7.971270678774481E+13    1.239232000000000E-01    0.000000000000000E+00    5.827755999999999E-01    4.673845000000000E-02    2.233167000000000E-03    1.021479000000000E-01    1.132376000000000E-02    1.131789000000000E-04    2.816227000000000E-03    4.134000000000000E-02    4.237387000000000E-02    1.163430000000000E-02    1.619445000000000E-02    0.000000000000000E+00    0.000000000000000E+00    0.000000000000000E+00    0.000000000000000E+00    0.000000000000000E+00    1.964533000000000E-03    0.000000000000000E+00    1.422033000000000E-02    1.840655860900000E+40    7.789206562050000E+13    3.717157936100000E+13
                       42    5.168334588214494E+30    3.728451441266948E+33    7.996243329702097E+13    1.925653034210000E+07    1.285916005562269E-10    1.746848208364627E+04    5.128239187136985E+04    5.128239187136985E+04    2.135036845207500E-01    5.740082006491108E+03    3.731044327738339E+33    8.021054919566594E+13    1.239232000000000E-01    0.000000000000000E+00    5.827755999999999E-01    4.673845000000000E-02    2.233167000000000E-03    1.021479000000000E-01    1.132376000000000E-02    1.131789000000000E-04    2.816227000000000E-03    4.134000000000000E-02    4.237387000000000E-02    1.163430000000000E-02    1.619445000000000E-02    0.000000000000000E+00    0.000000000000000E+00    0.000000000000000E+00    0.000000000000000E+00    0.000000000000000E+00    1.964533000000000E-03    0.000000000000000E+00    1.422033000000000E-02    1.843210515975000E+40    7.741761217125000E+13    3.692267246250000E+13
                       43    5.185140628441633E+30    3.733637214209729E+33    8.045866509431091E+13    1.944525301456250E+07    1.280007758195718E-10    1.743189403429884E+04    5.125307969565636E+04    5.125307969565636E+04    2.133781379700000E-01    5.726545487327753E+03    3.736751064067242E+33    8.075417116121064E+13    1.239253000000000E-01    0.000000000000000E+00    5.827762000000000E-01    4.673823000000000E-02    2.233183000000000E-03    1.021468000000000E-01    1.132372000000000E-02    1.131798000000000E-04    2.816229000000000E-03    4.133952000000000E-02    4.237338000000000E-02    1.163416000000000E-02    1.619426000000000E-02    0.000000000000000E+00    0.000000000000000E+00    0.000000000000000E+00    0.000000000000000E+00    0.000000000000000E+00    1.964510000000000E-03    0.000000000000000E+00    1.422027000000000E-02    1.843210515975000E+40    7.701761217125000E+13    3.672267246250000E+13
                       44    6.227421337644396E+30    3.739864913924756E+33    8.104967722811038E+13    1.961897568702500E+07    1.270524743615727E-10    1.727207746916890E+04    5.113520088345873E+04    5.113520088345873E+04    2.131781379700000E-01    5.710558306606508E+03    3.741977599412372E+33    8.125045315773338E+13    1.245229000000000E-01    0.000000000000000E+00    5.829434000000000E-01    4.667522000000000E-02    2.237890000000000E-03    1.018500000000000E-01    1.131300000000000E-02    1.134183000000000E-04    2.816641000000000E-03    4.120081000000000E-02    4.223061000000000E-02    1.159487000000000E-02    1.613944000000000E-02    0.000000000000000E+00    0.000000000000000E+00    0.000000000000000E+00    0.000000000000000E+00    0.000000000000000E+00    1.958036000000000E-03    0.000000000000000E+00    1.420243000000000E-02    1.845765171050000E+40    7.651761217125000E+13    3.649712591175000E+13
                       45    4.226653499599957E+30    3.744090284899989E+33    8.145122908735636E+13    1.975897568702500E+07    1.261778512800671E-10    1.714964635330107E+04    5.104677068350539E+04    5.104677068350539E+04    2.129525914192500E-01    5.699782272476787E+03    3.746207941412282E+33    8.165131047625830E+13    1.251623000000000E-01    0.000000000000000E+00    5.831222000000000E-01    4.660781000000000E-02    2.242926000000000E-03    1.015323000000000E-01    1.130154000000000E-02    1.136735000000000E-04    2.817082000000000E-03    4.105241000000000E-02    4.207785000000000E-02    1.155284000000000E-02    1.608078000000000E-02    0.000000000000000E+00    0.000000000000000E+00    0.000000000000000E+00    0.000000000000000E+00    0.000000000000000E+00    1.951109000000000E-03    0.000000000000000E+00    1.418335000000000E-02    1.845765171050000E+40    7.594315872200000E+13    3.629712591175000E+13
                       46    4.235215592503183E+30    3.748325597924576E+33    8.185139186516022E+13    1.989769835948750E+07    1.255981167139540E-10    1.711372611111515E+04    5.101759318500584E+04    5.101759318500584E+04    2.128525914192500E-01    5.689097934180749E+03    3.750435300797386E+33    8.204970963846161E+13    1.251804000000000E-01    0.000000000000000E+00    5.831273000000000E-01    4.660589000000000E-02    2.243069000000000E-03    1.015233000000000E-01    1.130121000000000E-02    1.136808000000000E-04    2.817094000000000E-03    4.104819000000000E-02    4.207351000000000E-02    1.155164000000000E-02    1.607911000000000E-02    0.000000000000000E+00    0.000000000000000E+00    0.000000000000000E+00    0.000000000000000E+00    0.000000000000000E+00    1.950912000000000E-03    0.000000000000000E+00    1.418281000000000E-02    1.838319826125000E+40    7.564315872200000E+13    3.612267246250000E+13
                       47    4.219954546745576E+30    3.752545003670197E+33    8.224802741176300E+13    2.003642103195000E+07    1.250210457862192E-10    1.699241745046455E+04    5.092936636886864E+04    5.092936636886864E+04    2.127270448685000E-01    5.678562612857488E+03    3.754658683362749E+33    8.244568621924689E+13    1.251805000000000E-01    0.000000000000000E+00    5.831273000000000E-01    4.660588000000000E-02    2.243070000000000E-03    1.015233000000000E-01    1.130121000000000E-02    1.136808000000000E-04    2.817094000000000E-03    4.104817000000000E-02    4.207349000000000E-02    1.155164000000000E-02    1.607910000000000E-02    0.000000000000000E+00    0.000000000000000E+00    0.000000000000000E+00    0.000000000000000E+00    0.000000000000000E+00    1.950911000000000E-03    0.000000000000000E+00    1.418281000000000E-02    1.838319826125000E+40    7.534315872200000E+13    3.602267246250000E+13
                       48    4.227202300724269E+30    3.756772363055300E+33    8.264334502673078E+13    2.017642103195000E+07    1.244466262585559E-10    1.695682652703842E+04    5.090025597675343E+04    5.090025597675343E+04    2.126270448685000E-01    5.668115511931790E+03    3.758889025362659E+33    8.284011584602686E+13    1.251805000000000E-01    0.000000000000000E+00    5.831273000000000E-01    4.660588000000000E-02    2.243070000000000E-03    1.015233000000000E-01    1.130121000000000E-02    1.136808000000000E-04    2.817094000000000E-03    4.104817000000000E-02    4.207349000000000E-02    1.155164000000000E-02    1.607910000000000E-02    0.000000000000000E+00    0.000000000000000E+00    0.000000000000000E+00    0.000000000000000E+00    0.000000000000000E+00    1.950911000000000E-03    0.000000000000000E+00    1.418281000000000E-02    1.838319826125000E+40    7.496870527275000E+13    3.582267246250000E+13
                       49    4.232590891473862E+30    3.761005687670017E+33    8.303688666532291E+13    2.031142103195000E+07    1.240949360991983E-10    1.683663003087353E+04    5.081223207666239E+04    5.081223207666239E+04    2.130270448685000E-01    5.657725465479367E+03    3.763128315206987E+33    8.323313402091628E+13    1.251805000000000E-01    0.000000000000000E+00    5.831273000000000E-01    4.660588000000000E-02    2.243070000000000E-03    1.015233000000000E-01    1.130121000000000E-02    1.136808000000000E-04    2.817094000000000E-03    4.104817000000000E-02    4.207349000000000E-02    1.155164000000000E-02    1.607910000000000E-02    0.000000000000000E+00    0.000000000000000E+00    0.000000000000000E+00    0.000000000000000E+00    0.000000000000000E+00    1.950911000000000E-03    0.000000000000000E+00    1.418281000000000E-02    1.840874481200000E+40    7.466870527275000E+13    3.572267246250000E+13
                       50    4.246112078594608E+30    3.765250942743958E+33    8.342938137650966E+13    2.044642103195000E+07    1.235899417092139E-10    1.680136540699469E+04    5.078318863659115E+04    5.078318863659115E+04    2.130014983177500E-01    5.647406228765114E+03    3.767391465969764E+33    8.362611502109509E+13    1.251805000000000E-01    0.000000000000000E+00    5.831273000000000E-01    4.660588000000000E-02    2.243070000000000E-03    1.015233000000000E-01    1.130121000000000E-02    1.136808000000000E-04    2.817094000000000E-03    4.104816000000000E-02    4.207349000000000E-02    1.155164000000000E-02    1.607910000000000E-02    0.000000000000000E+00    0.000000000000000E+00    0.000000000000000E+00    0.000000000000000E+00    0.000000000000000E+00    1.950911000000000E-03    0.000000000000000E+00    1.418281000000000E-02    1.840874481200000E+40    7.446870527275000E+13    3.552267246250000E+13
                       51    4.280778016280358E+30    3.769531989195570E+33    8.382284866568053E+13    2.058642103195000E+07    1.232406725678841E-10    1.680136540699469E+04    5.078318863659115E+04    5.078318863659115E+04    2.129014983177500E-01    5.637095719166049E+03    3.771673506626313E+33    8.401876954281116E+13    1.251872000000000E-01    0.000000000000000E+00    5.831291000000000E-01    4.660518000000000E-02    2.243122000000000E-03    1.015200000000000E-01    1.130109000000000E-02    1.136835000000000E-04    2.817099000000000E-03    4.104663000000000E-02    4.207190000000000E-02    1.155120000000000E-02    1.607850000000000E-02    0.000000000000000E+00    0.000000000000000E+00    0.000000000000000E+00    0.000000000000000E+00    0.000000000000000E+00    1.950839000000000E-03    0.000000000000000E+00    1.418261000000000E-02    1.840874481200000E+40    7.416870527275000E+13    3.542267246250000E+13
                       52    4.282478106719805E+30    3.773815024057054E+33    8.421469041994175E+13    2.072514370441250E+07    1.224568623129242E-10    1.664732956306660E+04    5.066639054383973E+04    5.066639054383973E+04    2.127014983177500E-01    5.626902570021042E+03    3.775958529897666E+33    8.441012658638911E+13    1.256740000000000E-01    0.000000000000000E+00    5.832599000000001E-01    4.655392000000000E-02    2.246937000000000E-03    1.012804000000000E-01    1.129234000000000E-02    1.138768000000000E-04    2.817430000000000E-03    4.093476000000000E-02    4.195676000000000E-02    1.151952000000000E-02    1.603428000000000E-02    0.000000000000000E+00    0.000000000000000E+00    0.000000000000000E+00    0.000000000000000E+00    0.000000000000000E+00    1.945618000000000E-03    0.000000000000000E+00    1.416810000000000E-02    1.833429136275000E+40    7.379425182350000E+13    3.532267246250000E+13
                       53    4.287950210683966E+30    3.778102035738279E+33    8.460556275283648E+13    2.086386637687500E+07    1.218299482545843E-10    1.664732956306660E+04    5.066639054383973E+04    5.066639054383973E+04    2.125759517670000E-01    5.616792770630625E+03    3.780241564759150E+33    8.479952561050892E+13    1.264949000000000E-01    0.000000000000000E+00    5.834804000000000E-01    4.646749000000000E-02    2.253370000000000E-03    1.008765000000000E-01    1.127758000000000E-02    1.142029000000000E-04    2.817987000000000E-03    4.074613000000000E-02    4.176260000000000E-02    1.146609000000000E-02    1.595973000000000E-02    0.000000000000000E+00    0.000000000000000E+00    0.000000000000000E+00    0.000000000000000E+00    0.000000000000000E+00    1.936814000000000E-03    0.000000000000000E+00    1.414362000000000E-02    1.833429136275000E+40    7.339425182350000E+13    3.512267246250000E+13
                       54    4.278976516937507E+30    3.782381093780021E+33    8.499348846818134E+13    2.100258904933750E+07    1.213341710509805E-10    1.649470592824419E+04    5.054986107924736E+04    5.054986107924736E+04    2.124759517670000E-01    5.606804630868072E+03    3.784521617005828E+33    8.518648233889005E+13    1.265256000000000E-01    0.000000000000000E+00    5.834886000000000E-01    4.646425000000000E-02    2.253611000000000E-03    1.008614000000000E-01    1.127702000000000E-02    1.142150000000000E-04    2.818008000000000E-03    4.073907000000000E-02    4.175534000000000E-02    1.146409000000000E-02    1.595694000000000E-02    0.000000000000000E+00    0.000000000000000E+00    0.000000000000000E+00    0.000000000000000E+00    0.000000000000000E+00    1.936484000000000E-03    0.000000000000000E+00    1.414270000000000E-02    1.833429136275000E+40    7.309425182350000E+13    3.502267246250000E+13
                       55    4.280978845677299E+30    3.786662140231634E+33    8.537947620959875E+13    2.114131172180000E+07    1.209912767899196E-10    1.649470592824419E+04    5.054986107924736E+04    5.054986107924736E+04    2.123504052162500E-01    5.596900431405922E+03    3.788803657662376E+33    8.557145803833877E+13    1.265256000000000E-01    0.000000000000000E+00    5.834886000000000E-01    4.646425000000000E-02    2.253611000000000E-03    1.008613000000000E-01    1.127702000000000E-02    1.142151000000000E-04    2.818008000000000E-03    4.073906000000000E-02    4.175533000000000E-02    1.146408000000000E-02    1.595693000000000E-02    0.000000000000000E+00    0.000000000000000E+00    0.000000000000000E+00    0.000000000000000E+00    0.000000000000000E+00    1.936484000000000E-03    0.000000000000000E+00    1.414270000000000E-02    1.833429136275000E+40    7.289425182350000E+13    3.492267246250000E+13
                       56    4.282130134992433E+30    3.790945175093117E+33    8.576343986707878E+13    2.127631172180000E+07    1.204353723689641E-10    1.634348155531644E+04    5.043359962498629E+04    5.043359962498629E+04    2.122504052162500E-01    5.587098115495113E+03    3.793089675138666E+33    8.595465070841366E+13    1.265256000000000E-01    0.000000000000000E+00    5.834886000000000E-01    4.646425000000000E-02    2.253611000000000E-03    1.008613000000000E-01    1.127702000000000E-02    1.142151000000000E-04    2.818008000000000E-03    4.073906000000000E-02    4.175533000000000E-02    1.146408000000000E-02    1.595693000000000E-02    0.000000000000000E+00    0.000000000000000E+00    0.000000000000000E+00    0.000000000000000E+00    0.000000000000000E+00    1.936484000000000E-03    0.000000000000000E+00    1.414270000000000E-02    1.833429136275000E+40    7.259425182350000E+13    3.474821901325000E+13
                       57    4.288926519930479E+30    3.795234175184213E+33    8.614586154974852E+13    2.141131172180000E+07    1.201583786990085E-10    1.634348155531644E+04    5.043359962498629E+04    5.043359962498629E+04    2.127504052162500E-01    5.577334705636404E+03    3.797449263780171E+33    8.634222266784241E+13    1.265256000000000E-01    0.000000000000000E+00    5.834886000000000E-01    4.646425000000000E-02    2.253611000000000E-03    1.008613000000000E-01    1.127702000000000E-02    1.142151000000000E-04    2.818008000000000E-03    4.073906000000000E-02    4.175533000000000E-02    1.146408000000000E-02    1.595693000000000E-02    0.000000000000000E+00    0.000000000000000E+00    0.000000000000000E+00    0.000000000000000E+00    0.000000000000000E+00    1.936484000000000E-03    0.000000000000000E+00    1.414270000000000E-02    1.825983791350000E+40    7.239425182350000E+13    3.464821901325000E+13
                       58    4.430811494664009E+30    3.799664352376128E+33    8.653858378593633E+13    2.155131172180000E+07    1.198189193803342E-10    1.622763268377493E+04    5.034638273286213E+04    5.034638273286213E+04    2.126248586655000E-01    5.567342671084316E+03    3.801888388816504E+33    8.673450374033781E+13    1.265256000000000E-01    0.000000000000000E+00    5.834886000000000E-01    4.646425000000000E-02    2.253611000000000E-03    1.008613000000000E-01    1.127702000000000E-02    1.142151000000000E-04    2.818008000000000E-03    4.073906000000000E-02    4.175533000000000E-02    1.146408000000000E-02    1.595693000000000E-02    0.000000000000000E+00    0.000000000000000E+00    0.000000000000000E+00    0.000000000000000E+00    0.000000000000000E+00    1.936484000000000E-03    0.000000000000000E+00    1.414270000000000E-02    1.825983791350000E+40    7.211979837425000E+13    3.454821901325000E+13
                       59    4.448546122300764E+30    3.804112425256880E+33    8.693042369473931E+13    2.169131172180000E+07    1.193312142382254E-10    1.619364361577332E+04    5.031760556464996E+04    5.031760556464996E+04    2.125248586655000E-01    5.557418207344597E+03    3.806339444312062E+33    8.712537304972192E+13    1.265257000000000E-01    0.000000000000000E+00    5.834886000000000E-01    4.646424000000000E-02    2.253612000000000E-03    1.008613000000000E-01    1.127702000000000E-02    1.142151000000000E-04    2.818008000000000E-03    4.073904000000000E-02    4.175530000000000E-02    1.146408000000000E-02    1.595692000000000E-02    0.000000000000000E+00    0.000000000000000E+00    0.000000000000000E+00    0.000000000000000E+00    0.000000000000000E+00    1.936483000000000E-03    0.000000000000000E+00    1.414270000000000E-02    1.825983791350000E+40    7.191979837425000E+13    3.444821901325000E+13
                       60    4.452250529889875E+30    3.808566463367244E+33    8.732032240470453E+13    2.183503439426250E+07    1.190567600615003E-10    1.619364361577332E+04    5.031760556464996E+04    5.031760556464996E+04    2.124993121147500E-01    5.547566764823037E+03    3.810791494012555E+33    8.751451242874944E+13    1.265800000000000E-01    0.000000000000000E+00    5.835026000000000E-01    4.645853000000000E-02    2.254035000000000E-03    1.008348000000000E-01    1.127604000000000E-02    1.142366000000000E-04    2.818044000000000E-03    4.072669000000000E-02    4.174260000000000E-02    1.146058000000000E-02    1.595205000000000E-02    0.000000000000000E+00    0.000000000000000E+00    0.000000000000000E+00    0.000000000000000E+00    0.000000000000000E+00    1.935907000000000E-03    0.000000000000000E+00    1.414108000000000E-02    1.818538446425000E+40    7.171979837425000E+13    3.434821901325000E+13
                       61    4.451005785310819E+30    3.813016524657866E+33    8.770870245279434E+13    2.197375706672500E+07    1.184473635518796E-10    1.604517939871697E+04    5.020187828324929E+04    5.020187828324929E+04    2.122993121147500E-01    5.537813286721837E+03    3.815237578483436E+33    8.790159321627033E+13    1.275838000000000E-01    0.000000000000000E+00    5.837608000000000E-01    4.635298000000000E-02    2.261861000000000E-03    1.003456000000000E-01    1.125794000000000E-02    1.146332000000000E-04    2.818715000000000E-03    4.049839000000000E-02    4.150761000000000E-02    1.139592000000000E-02    1.586181000000000E-02    0.000000000000000E+00    0.000000000000000E+00    0.000000000000000E+00    0.000000000000000E+00    0.000000000000000E+00    1.925251000000000E-03    0.000000000000000E+00    1.411118000000000E-02    1.818538446425000E+40    7.131979837425000E+13    3.422267246250000E+13
                       62    4.442586857918283E+30    3.817458632309006E+33    8.809448397974631E+13    2.210875706672500E+07    1.179031473505469E-10    1.604517939871697E+04    5.020187828324929E+04    5.020187828324929E+04    2.121993121147500E-01    5.528174191011781E+03    3.819681674544446E+33    8.828652148475322E+13    1.279128000000000E-01    0.000000000000000E+00    5.838455000000000E-01    4.631838000000000E-02    2.264426000000000E-03    1.001853000000000E-01    1.125200000000000E-02    1.147632000000000E-04    2.818935000000000E-03    4.042357000000000E-02    4.143060000000000E-02    1.137472000000000E-02    1.583224000000000E-02    0.000000000000000E+00    0.000000000000000E+00    0.000000000000000E+00    0.000000000000000E+00    0.000000000000000E+00    1.921759000000000E-03    0.000000000000000E+00    1.410137000000000E-02    1.818538446425000E+40    7.104534492500000E+13    3.404821901325000E+13
                       63    4.446144123176961E+30    3.821904716779886E+33    8.847855898976014E+13    2.224875706672500E+07    1.176319776365204E-10    1.589807630978409E+04    5.008641716720986E+04    5.008641716720986E+04    2.120993121147500E-01    5.518604325284132E+03    3.824131735835068E+33    8.866996810585595E+13    1.279150000000000E-01    0.000000000000000E+00    5.838460000000000E-01    4.631816000000000E-02    2.264443000000000E-03    1.001843000000000E-01    1.125197000000000E-02    1.147640000000000E-04    2.818936000000000E-03    4.042308000000000E-02    4.143009000000000E-02    1.137459000000000E-02    1.583204000000000E-02    0.000000000000000E+00    0.000000000000000E+00    0.000000000000000E+00    0.000000000000000E+00    0.000000000000000E+00    1.921736000000000E-03    0.000000000000000E+00    1.410131000000000E-02    1.808538446425000E+40    7.084534492500000E+13    3.394821901325000E+13
                       64    4.452783423735222E+30    3.826358754890250E+33    8.886137722195180E+13    2.238747973918750E+07    1.173614315955296E-10    1.589807630978409E+04    5.008641716720986E+04    5.008641716720986E+04    2.119993121147500E-01    5.509092247768836E+03    3.828541034723341E+33    8.904804482851653E+13    1.279150000000000E-01    0.000000000000000E+00    5.838460000000000E-01    4.631816000000000E-02    2.264443000000000E-03    1.001843000000000E-01    1.125197000000000E-02    1.147640000000000E-04    2.818936000000000E-03    4.042308000000000E-02    4.143009000000000E-02    1.137459000000000E-02    1.583204000000000E-02    0.000000000000000E+00    0.000000000000000E+00    0.000000000000000E+00    0.000000000000000E+00    0.000000000000000E+00    1.921736000000000E-03    0.000000000000000E+00    1.410131000000000E-02    1.808538446425000E+40    7.064534492500000E+13    3.384821901325000E+13
                       65    4.365464392673388E+30    3.830723314556432E+33    8.923471243508125E+13    2.252120241165000E+07    1.170299832984853E-10    1.589807630978409E+04    5.008641716720986E+04    5.008641716720986E+04    2.125737655640000E-01    5.499817074430949E+03    3.832890681315493E+33    8.941893420054072E+13    1.279150000000000E-01    0.000000000000000E+00    5.838460000000000E-01    4.631816000000000E-02    2.264443000000000E-03    1.001843000000000E-01    1.125197000000000E-02    1.147640000000000E-04    2.818936000000000E-03    4.042308000000000E-02    4.143009000000000E-02    1.137459000000000E-02    1.583204000000000E-02    0.000000000000000E+00    0.000000000000000E+00    0.000000000000000E+00    0.000000000000000E+00    0.000000000000000E+00    1.921736000000000E-03    0.000000000000000E+00    1.410131000000000E-02    1.808538446425000E+40    7.044534492500000E+13    3.377376556400000E+13
                       66    4.334445198690499E+30    3.835058048074554E+33    8.960315596600017E+13    2.265492508411250E+07    1.167608218060512E-10    1.575232187007706E+04    4.997122160436834E+04    4.997122160436834E+04    2.124737655640000E-01    5.490688764442993E+03    3.837224420628680E+33    8.978593699838139E+13    1.279150000000000E-01    0.000000000000000E+00    5.838460000000000E-01    4.631816000000000E-02    2.264443000000000E-03    1.001843000000000E-01    1.125197000000000E-02    1.147640000000000E-04    2.818936000000000E-03    4.042308000000000E-02    4.143009000000000E-02    1.137459000000000E-02    1.583204000000000E-02    0.000000000000000E+00    0.000000000000000E+00    0.000000000000000E+00    0.000000000000000E+00    0.000000000000000E+00    1.921736000000000E-03    0.000000000000000E+00    1.410131000000000E-02    1.801093101500000E+40    7.024534492500000E+13    3.374821901325000E+13
                       67    4.333192500471959E+30    3.839390793182805E+33    8.996871803076258E+13    2.278864775657500E+07    1.164922793678710E-10    1.575232187007706E+04    4.997122160436834E+04    4.997122160436834E+04    2.124482190132500E-01    5.481653743914316E+03    3.841562136761607E+33    9.015056491832288E+13    1.279150000000000E-01    0.000000000000000E+00    5.838460000000000E-01    4.631816000000000E-02    2.264443000000000E-03    1.001843000000000E-01    1.125197000000000E-02    1.147640000000000E-04    2.818936000000000E-03    4.042308000000000E-02    4.143009000000000E-02    1.137459000000000E-02    1.583204000000000E-02    0.000000000000000E+00    0.000000000000000E+00    0.000000000000000E+00    0.000000000000000E+00    0.000000000000000E+00    1.921736000000000E-03    0.000000000000000E+00    1.410131000000000E-02    1.801093101500000E+40    7.014534492500000E+13    3.364821901325000E+13
                       68    4.342253684252730E+30    3.843733480340409E+33    9.033241180588317E+13    2.291864775657500E+07    1.162243545601596E-10    1.571956221985117E+04    4.994270826682018E+04    4.994270826682018E+04    2.123482190132500E-01    5.472689830587715E+03    3.845896870279729E+33    9.051286316531438E+13    1.279172000000000E-01    0.000000000000000E+00    5.838466000000000E-01    4.631792000000000E-02    2.264461000000000E-03    1.001832000000000E-01    1.125192000000000E-02    1.147649000000000E-04    2.818938000000000E-03    4.042257000000000E-02    4.142956000000000E-02    1.137444000000000E-02    1.583184000000000E-02    0.000000000000000E+00    0.000000000000000E+00    0.000000000000000E+00    0.000000000000000E+00    0.000000000000000E+00    1.921712000000000E-03    0.000000000000000E+00    1.410124000000000E-02    1.793647756575000E+40    6.994534492500000E+13    3.354821901325000E+13
                       69    4.327022464643183E+30    3.848060260219048E+33    9.069331452474561E+13    2.304864775657500E+07    1.157511723869815E-10    1.560790371510528E+04    4.985629098396921E+04    4.985629098396921E+04    2.122482190132500E-01    5.463834970429023E+03    3.850227626978110E+33    9.087377126929525E+13    1.282360000000000E-01    0.000000000000000E+00    5.839249000000000E-01    4.628445000000000E-02    2.266932000000000E-03    1.000294000000000E-01    1.124616000000000E-02    1.148902000000000E-04    2.819147000000000E-03    4.035085000000000E-02    4.135574000000000E-02    1.135413000000000E-02    1.580350000000000E-02    0.000000000000000E+00    0.000000000000000E+00    0.000000000000000E+00    0.000000000000000E+00    0.000000000000000E+00    1.918364000000000E-03    0.000000000000000E+00    1.409175000000000E-02    1.791093101500000E+40    6.974534492500000E+13    3.344821901325000E+13
                       70    4.334546607593905E+30    3.852394993737170E+33    9.105422801384491E+13    2.318237042903750E+07    1.152193440587918E-10    1.560790371510528E+04    4.985629098396921E+04    4.985629098396921E+04    2.121226724625000E-01    5.455025702673166E+03    3.854562360496231E+33    9.123368188185491E+13    1.292562000000000E-01    0.000000000000000E+00    5.841754000000000E-01    4.617733000000000E-02    2.274844000000000E-03    9.953723000000000E-02    1.122770000000000E-02    1.152912000000000E-04    2.819818000000000E-03    4.012130000000000E-02    4.111947000000000E-02    1.128911000000000E-02    1.571277000000000E-02    0.000000000000000E+00    0.000000000000000E+00    0.000000000000000E+00    0.000000000000000E+00    0.000000000000000E+00    1.907651000000000E-03    0.000000000000000E+00    1.406139000000000E-02    1.791093101500000E+40    6.944534492500000E+13    3.337376556400000E+13
                       71    4.333826803220711E+30    3.856729727255292E+33    9.141313574986491E+13    2.331737042903750E+07    1.149543469210493E-10    1.546480959373679E+04    4.974162469666186E+04    4.974162469666186E+04    2.120226724625000E-01    5.446289696283443E+03    3.858983589843729E+33    9.159868486674367E+13    1.293217000000000E-01    0.000000000000000E+00    5.841915000000000E-01    4.617044000000000E-02    2.275352000000000E-03    9.950560999999999E-02    1.122652000000000E-02    1.153169000000000E-04    2.819861000000000E-03    4.010655000000000E-02    4.110429000000000E-02    1.128493000000000E-02    1.570694000000000E-02    0.000000000000000E+00    0.000000000000000E+00    0.000000000000000E+00    0.000000000000000E+00    0.000000000000000E+00    1.906962000000000E-03    0.000000000000000E+00    1.405944000000000E-02    1.783647756575000E+40    6.927089147574999E+13    3.334821901325000E+13
                       72    4.508926176434381E+30    3.861237452432165E+33    9.178423398362245E+13    2.345737042903750E+07    1.148939453749511E-10    1.546480959373679E+04    4.974162469666186E+04    4.974162469666186E+04    2.119971259117500E-01    5.437262919878280E+03    3.863594712333877E+33    9.197689396650569E+13    1.293219000000000E-01    0.000000000000000E+00    5.841916000000000E-01    4.617043000000000E-02    2.275353000000000E-03    9.950552999999999E-02    1.122652000000000E-02    1.153170000000000E-04    2.819861000000000E-03    4.010652000000000E-02    4.110426000000000E-02    1.128492000000000E-02    1.570693000000000E-02    0.000000000000000E+00    0.000000000000000E+00    0.000000000000000E+00    0.000000000000000E+00    0.000000000000000E+00    1.906961000000000E-03    0.000000000000000E+00    1.405943000000000E-02    1.783647756575000E+40    6.914534492499999E+13    3.324821901325000E+13
                       73    4.714032643006756E+30    3.865951972235590E+33    9.216955394938892E+13    2.360109310150000E+07    1.146296966334137E-10    1.543264787451348E+04    4.971324236599963E+04    4.971324236599963E+04    2.125226724625000E-01    5.427888699510399E+03    3.868310226342237E+33    9.236128812562597E+13    1.293219000000000E-01    0.000000000000000E+00    5.841916000000000E-01    4.617043000000000E-02    2.275353000000000E-03    9.950552999999999E-02    1.122652000000000E-02    1.153170000000000E-04    2.819861000000000E-03    4.010652000000000E-02    4.110426000000000E-02    1.128492000000000E-02    1.570693000000000E-02    0.000000000000000E+00    0.000000000000000E+00    0.000000000000000E+00    0.000000000000000E+00    0.000000000000000E+00    1.906961000000000E-03    0.000000000000000E+00    1.405943000000000E-02    1.776202411650000E+40    6.897089147574999E+13    3.314821901325000E+13
                       74    4.716822382055346E+30    3.870668480448885E+33    9.255302230186303E+13    2.374109310150000E+07    1.143660556471167E-10    1.532302736715861E+04    4.962722213449707E+04    4.962722213449707E+04    2.124971259117500E-01    5.418582054363963E+03    3.873031705580210E+33    9.274387378834020E+13    1.293219000000000E-01    0.000000000000000E+00    5.841916000000000E-01    4.617043000000000E-02    2.275353000000000E-03    9.950552999999999E-02    1.122652000000000E-02    1.153170000000000E-04    2.819861000000000E-03    4.010652000000000E-02    4.110426000000000E-02    1.128492000000000E-02    1.570693000000000E-02    0.000000000000000E+00    0.000000000000000E+00    0.000000000000000E+00    0.000000000000000E+00    0.000000000000000E+00    1.906961000000000E-03    0.000000000000000E+00    1.405943000000000E-02    1.773647756575000E+40    6.884534492499999E+13    3.307376556400000E+13
                       75    4.725495825911331E+30    3.875394930711535E+33    9.293472527481738E+13    2.388109310150000E+07    1.141030210182620E-10    1.532302736715861E+04    4.962722213449707E+04    4.962722213449707E+04    2.123971259117500E-01    5.409343913968080E+03    3.877746225383635E+33    9.312317256796489E+13    1.293219000000000E-01    0.000000000000000E+00    5.841916000000000E-01    4.617043000000000E-02    2.275353000000000E-03    9.950552999999999E-02    1.122652000000000E-02    1.153170000000000E-04    2.819861000000000E-03    4.010652000000000E-02    4.110426000000000E-02    1.128492000000000E-02    1.570693000000000E-02    0.000000000000000E+00    0.000000000000000E+00    0.000000000000000E+00    0.000000000000000E+00    0.000000000000000E+00    1.906961000000000E-03    0.000000000000000E+00    1.405943000000000E-02    1.773647756575000E+40    6.874534492499999E+13    3.304821901325000E+13
                       76    4.704257620082404E+30    3.880097520055735E+33    9.331161986111239E+13    2.401981577396250E+07    1.138405913522662E-10    1.529116050834951E+04    4.959890508138396E+04    4.959890508138396E+04    2.123971259117500E-01    5.400243176425073E+03    3.882453785752513E+33    9.349903523769616E+13    1.293227000000000E-01    0.000000000000000E+00    5.841918000000000E-01    4.617033999999999E-02    2.275360000000000E-03    9.950514000000002E-02    1.122650000000000E-02    1.153173000000000E-04    2.819862000000000E-03    4.010633000000000E-02    4.110407000000000E-02    1.128487000000000E-02    1.570685000000000E-02    0.000000000000000E+00    0.000000000000000E+00    0.000000000000000E+00    0.000000000000000E+00    0.000000000000000E+00    1.906952000000000E-03    0.000000000000000E+00    1.405941000000000E-02    1.766202411650000E+40    6.857089147574999E+13    3.297376556400000E+13
                       77    4.711358231730668E+30    3.884810051449290E+33    9.368645061427992E+13    2.415853844642500E+07    1.135787652577532E-10    1.518254500784685E+04    4.951308269092374E+04    4.951308269092374E+04    2.122971259117500E-01    5.391217381117387E+03    3.887164328736197E+33    9.387348978621245E+13    1.295872000000000E-01    0.000000000000000E+00    5.842538000000000E-01    4.614260000000000E-02    2.277400000000000E-03    9.937875000000002E-02    1.122170000000000E-02    1.154207000000000E-04    2.820033000000000E-03    4.004742000000000E-02    4.104343000000000E-02    1.126818000000000E-02    1.568357000000000E-02    0.000000000000000E+00    0.000000000000000E+00    0.000000000000000E+00    0.000000000000000E+00    0.000000000000000E+00    1.904203000000000E-03    0.000000000000000E+00    1.405154000000000E-02    1.763647756575000E+40    6.844534492499999E+13    3.294821901325000E+13
                       78    4.708453164909577E+30    3.889518606023103E+33    9.406052895814497E+13    2.429853844642500E+07    1.129976191400277E-10    1.518254500784685E+04    4.951308269092374E+04    4.951308269092374E+04    2.120715793610000E-01    5.382265420406038E+03    3.891969321188738E+33    9.425488418978855E+13    1.312156000000000E-01    0.000000000000000E+00    5.846360000000000E-01    4.597185000000001E-02    2.289964000000000E-03    9.860066000000001E-02    1.119216000000000E-02    1.160575000000000E-04    2.821086000000000E-03    3.968474000000000E-02    4.067012000000000E-02    1.116546000000000E-02    1.554022000000000E-02    0.000000000000000E+00    0.000000000000000E+00    0.000000000000000E+00    0.000000000000000E+00    0.000000000000000E+00    1.887275000000000E-03    0.000000000000000E+00    1.400311000000000E-02    1.756202411650000E+40    6.807089147574999E+13    3.284821901325000E+13
                       79    4.902158089283370E+30    3.894420036354374E+33    9.444923942143209E+13    2.445353844642500E+07    1.127377318278022E-10    1.515097030615537E+04    4.948483076522550E+04    4.948483076522550E+04    2.120460328102500E-01    5.372985775656751E+03    3.897223694272058E+33    9.467031975288153E+13    1.313543000000000E-01    0.000000000000000E+00    5.846685000000000E-01    4.595731000000000E-02    2.291034000000000E-03    9.853441000000000E-02    1.118965000000000E-02    1.161117000000000E-04    2.821176000000000E-03    3.965386000000000E-02    4.063834000000000E-02    1.115671000000000E-02    1.552802000000000E-02    0.000000000000000E+00    0.000000000000000E+00    0.000000000000000E+00    0.000000000000000E+00    0.000000000000000E+00    1.885834000000000E-03    0.000000000000000E+00    1.399898000000000E-02    1.756202411650000E+40    6.787089147574999E+13    3.274821901325000E+13
                       80    5.608039616561437E+30    3.900027352189742E+33    9.489140008433095E+13    2.461853844642500E+07    1.124784422398082E-10    1.504335059854692E+04    4.939920576078601E+04    4.939920576078601E+04    2.119715793610000E-01    5.362458240142298E+03    3.902830015902491E+33    9.511051852166747E+13    1.313545000000000E-01    0.000000000000000E+00    5.846685000000000E-01    4.595729000000000E-02    2.291035000000000E-03    9.853431000000000E-02    1.118964000000000E-02    1.161118000000000E-04    2.821176000000000E-03    3.965381000000000E-02    4.063829000000000E-02    1.115670000000000E-02    1.552800000000000E-02    0.000000000000000E+00    0.000000000000000E+00    0.000000000000000E+00    0.000000000000000E+00    0.000000000000000E+00    1.885832000000000E-03    0.000000000000000E+00    1.399898000000000E-02    1.746202411650000E+40    6.777089147574999E+13    3.267376556400000E+13
                       81    5.604925766703923E+30    3.905632679615240E+33    9.532963695900398E+13    2.477853844642500E+07    1.124195513582603E-10    1.501206537546054E+04    4.937101881271377E+04    4.937101881271377E+04    2.127460328102500E-01    5.351991637996342E+03    3.908439320147730E+33    9.554707073455888E+13    1.313545000000000E-01    0.000000000000000E+00    5.846685000000000E-01    4.595729000000000E-02    2.291035000000000E-03    9.853431000000000E-02    1.118964000000000E-02    1.161118000000000E-04    2.821176000000000E-03    3.965381000000000E-02    4.063829000000000E-02    1.115670000000000E-02    1.552800000000000E-02    0.000000000000000E+00    0.000000000000000E+00    0.000000000000000E+00    0.000000000000000E+00    0.000000000000000E+00    1.885832000000000E-03    0.000000000000000E+00    1.399898000000000E-02    1.738757066725000E+40    6.767089147574999E+13    3.264821901325000E+13
                       82    5.613513708935468E+30    3.911245960680220E+33    9.576450451011375E+13    2.494226111888750E+07    1.122197490013180E-10    1.501206537546054E+04    4.937101881271377E+04    4.937101881271377E+04    2.127460328102500E-01    5.341623810797467E+03    3.914036693933745E+33    9.597835268150394E+13    1.313545000000000E-01    0.000000000000000E+00    5.846685000000000E-01    4.595729000000000E-02    2.291035000000000E-03    9.853431000000000E-02    1.118964000000000E-02    1.161118000000000E-04    2.821176000000000E-03    3.965381000000000E-02    4.063829000000000E-02    1.115670000000000E-02    1.552800000000000E-02    0.000000000000000E+00    0.000000000000000E+00    0.000000000000000E+00    0.000000000000000E+00    0.000000000000000E+00    1.885832000000000E-03    0.000000000000000E+00    1.399898000000000E-02    1.736202411650000E+40    6.757089147574999E+13    3.257376556400000E+13
                       83    5.581569904362703E+30    3.916827427187270E+33    9.619220085289409E+13    2.510098379135000E+07    1.119616507407659E-10    1.490543233126197E+04    4.928559074031960E+04    4.928559074031960E+04    2.127460328102500E-01    5.331450485652720E+03    3.919616172030924E+33    9.640439472097112E+13    1.313545000000000E-01    0.000000000000000E+00    5.846685000000000E-01    4.595729000000000E-02    2.291035000000000E-03    9.853431000000000E-02    1.118964000000000E-02    1.161118000000000E-04    2.821176000000000E-03    3.965381000000000E-02    4.063829000000000E-02    1.115670000000000E-02    1.552800000000000E-02    0.000000000000000E+00    0.000000000000000E+00    0.000000000000000E+00    0.000000000000000E+00    0.000000000000000E+00    1.885832000000000E-03    0.000000000000000E+00    1.399898000000000E-02    1.728757066725000E+40    6.747089147574999E+13    3.254821901325000E+13
                       84    5.577249089713677E+30    3.922404916874578E+33    9.661658858904819E+13    2.525598379135000E+07    1.119030304382405E-10    1.487443393282493E+04    4.925746862042899E+04    4.925746862042899E+04    2.126715793610000E-01    5.321364916018629E+03    3.925193661718232E+33    9.682778821854562E+13    1.313545000000000E-01    0.000000000000000E+00    5.846685000000000E-01    4.595729000000000E-02    2.291035000000000E-03    9.853431000000000E-02    1.118964000000000E-02    1.161118000000000E-04    2.821176000000000E-03    3.965381000000000E-02    4.063829000000000E-02    1.115670000000000E-02    1.552800000000000E-02    0.000000000000000E+00    0.000000000000000E+00    0.000000000000000E+00    0.000000000000000E+00    0.000000000000000E+00    1.885832000000000E-03    0.000000000000000E+00    1.399898000000000E-02    1.726202411650000E+40    6.737089147574999E+13    3.247376556400000E+13
                       85    5.576730114737425E+30    3.927982406561886E+33    9.703898784804306E+13    2.541598379135000E+07    1.117041460897406E-10    1.487443393282493E+04    4.925746862042899E+04    4.925746862042899E+04    2.126715793610000E-01    5.311344316642671E+03    3.930770157200604E+33    9.724826320304481E+13    1.313545000000000E-01    0.000000000000000E+00    5.846685000000000E-01    4.595729000000000E-02    2.291036000000000E-03    9.853431000000000E-02    1.118964000000000E-02    1.161118000000000E-04    2.821176000000000E-03    3.965381000000000E-02    4.063829000000000E-02    1.115670000000000E-02    1.552800000000000E-02    0.000000000000000E+00    0.000000000000000E+00    0.000000000000000E+00    0.000000000000000E+00    0.000000000000000E+00    1.885832000000000E-03    0.000000000000000E+00    1.399897000000000E-02    1.718757066725000E+40    6.727089147574999E+13    3.244821901325000E+13
                       86    5.576578995587252E+30    3.933557907839323E+33    9.745753855804656E+13    2.557470646381250E+07    1.116456606101697E-10    1.473806430283986E+04    4.914417958633939E+04    4.914417958633939E+04    2.126715793610000E-01    5.301420434456995E+03    3.936266122083213E+33    9.765937071128447E+13    1.313604000000000E-01    0.000000000000000E+00    5.846699000000000E-01    4.595666999999999E-02    2.291081000000000E-03    9.853152000000000E-02    1.118954000000000E-02    1.161141000000000E-04    2.821180000000000E-03    3.965251000000000E-02    4.063695000000000E-02    1.115633000000000E-02    1.552748000000000E-02    0.000000000000000E+00    0.000000000000000E+00    0.000000000000000E+00    0.000000000000000E+00    0.000000000000000E+00    1.885771000000000E-03    0.000000000000000E+00    1.399880000000000E-02    1.716202411650000E+40    6.717089147574999E+13    3.237376556400000E+13
                       87    5.416265438172092E+30    3.938974336327105E+33    9.786120286452239E+13    2.572842913627500E+07    1.111326953951529E-10    1.473806430283986E+04    4.914417958633939E+04    4.914417958633939E+04    2.125971259117500E-01    5.291896923876812E+03    3.941685533185802E+33    9.806288680493219E+13    1.320565000000000E-01    0.000000000000000E+00    5.848250000000000E-01    4.588378000000000E-02    2.296422000000000E-03    9.820237000000000E-02    1.117687000000000E-02    1.163848000000000E-04    2.821622000000000E-03    3.949918000000000E-02    4.047914000000000E-02    1.111290000000000E-02    1.546688000000000E-02    0.000000000000000E+00    0.000000000000000E+00    0.000000000000000E+00    0.000000000000000E+00    0.000000000000000E+00    1.878616000000000E-03    0.000000000000000E+00    1.397811000000000E-02    1.708757066725000E+40    6.697089147574999E+13    3.234821901325000E+13
                       88    5.421057505960474E+30    3.944396730044498E+33    9.826457074534202E+13    2.587842913627500E+07    1.108770972885164E-10    1.473806430283986E+04    4.914417958633939E+04    4.914417958633939E+04    2.125226724625000E-01    5.282405747487792E+03    3.947108921108131E+33    9.846559494830652E+13    1.324931000000000E-01    0.000000000000000E+00    5.849223000000000E-01    4.583806000000000E-02    2.299772000000000E-03    9.799591000000001E-02    1.116893000000000E-02    1.165545000000000E-04    2.821900000000000E-03    3.940301000000000E-02    4.038015000000000E-02    1.108566000000000E-02    1.542887000000000E-02    0.000000000000000E+00    0.000000000000000E+00    0.000000000000000E+00    0.000000000000000E+00    0.000000000000000E+00    1.874127000000000E-03    0.000000000000000E+00    1.396514000000000E-02    1.698757066725000E+40    6.677089147574999E+13    3.227376556400000E+13
                       89    5.424197205146306E+30    3.949821112171763E+33    9.866661915127103E+13    2.602842913627500E+07    1.108770972885164E-10    1.460294491713754E+04    4.903115110979787E+04    4.903115110979787E+04    2.130226724625000E-01    5.272923422452792E+03    3.952526343800847E+33    9.886567627295875E+13    1.324947000000000E-01    0.000000000000000E+00    5.849226000000000E-01    4.583789000000000E-02    2.299784000000000E-03    9.799513999999998E-02    1.116890000000000E-02    1.165552000000000E-04    2.821901000000000E-03    3.940265000000000E-02    4.037978000000000E-02    1.108556000000000E-02    1.542873000000000E-02    0.000000000000000E+00    0.000000000000000E+00    0.000000000000000E+00    0.000000000000000E+00    0.000000000000000E+00    1.874110000000000E-03    0.000000000000000E+00    1.396509000000000E-02    1.698757066725000E+40    6.667089147574999E+13    3.224821901325000E+13
                       90    5.410777426928965E+30    3.955231575429932E+33    9.906473339464647E+13    2.617842913627500E+07    1.106220870412123E-10    1.460294491713754E+04    4.903115110979787E+04    4.903115110979787E+04    2.130226724625000E-01    5.263555482421234E+03    3.957929847624469E+33    9.926180210430744E+13    1.324947000000000E-01    0.000000000000000E+00    5.849226000000000E-01    4.583789000000000E-02    2.299784000000000E-03    9.799513999999998E-02    1.116890000000000E-02    1.165552000000000E-04    2.821901000000000E-03    3.940265000000000E-02    4.037978000000000E-02    1.108556000000000E-02    1.542873000000000E-02    0.000000000000000E+00    0.000000000000000E+00    0.000000000000000E+00    0.000000000000000E+00    0.000000000000000E+00    1.874110000000000E-03    0.000000000000000E+00    1.396509000000000E-02    1.688757066725000E+40    6.667089147574999E+13    3.217376556400000E+13
                       91    5.397496837402573E+30    3.960628119819007E+33    9.945887081396839E+13    2.632842913627500E+07    1.105642710393900E-10    1.460294491713754E+04    4.903115110979787E+04    4.903115110979787E+04    2.129482190132500E-01    5.254289489642450E+03    3.963326392013544E+33    9.965439777220150E+13    1.324951000000000E-01    0.000000000000000E+00    5.849227000000000E-01    4.583785999999999E-02    2.299787000000000E-03    9.799496999999999E-02    1.116889000000000E-02    1.165553000000000E-04    2.821901000000000E-03    3.940257000000000E-02    4.037969000000000E-02    1.108554000000000E-02    1.542870000000000E-02    0.000000000000000E+00    0.000000000000000E+00    0.000000000000000E+00    0.000000000000000E+00    0.000000000000000E+00    1.874107000000000E-03    0.000000000000000E+00    1.396508000000000E-02    1.688757066725000E+40    6.657089147574999E+13    3.214821901325000E+13
                       92    5.395788793323643E+30    3.966024664208081E+33    9.984992473043461E+13    2.647715180873749E+07    1.103676633012016E-10    1.446906431340932E+04    4.891838259153858E+04    4.891838259153858E+04    2.129482190132500E-01    5.245112185911041E+03    3.968727907427295E+33    1.000445671580975E+14    1.326781000000000E-01    0.000000000000000E+00    5.849635000000000E-01    4.581869000000000E-02    2.301191000000000E-03    9.790842000000000E-02    1.116556000000000E-02    1.166265000000000E-04    2.822017000000000E-03    3.936226000000000E-02    4.033820000000000E-02    1.107412000000000E-02    1.541276000000000E-02    0.000000000000000E+00    0.000000000000000E+00    0.000000000000000E+00    0.000000000000000E+00    0.000000000000000E+00    1.872225000000000E-03    0.000000000000000E+00    1.395964000000000E-02    1.678757066725000E+40    6.647089147574999E+13    3.214821901325000E+13
                       93    5.405941614123427E+30    3.971431150646509E+33    1.002392095857604E+14    2.662587448120000E+07    1.100562743581313E-10    1.446906431340932E+04    4.891838259153858E+04    4.891838259153858E+04    2.128737655640000E-01    5.236005640517368E+03    3.974148312734818E+33    1.004334261581545E+14    1.335868000000000E-01    0.000000000000000E+00    5.851660000000000E-01    4.572355000000000E-02    2.308163000000000E-03    9.747876000000000E-02    1.114903000000000E-02    1.169798000000000E-04    2.822595000000000E-03    3.916212000000000E-02    4.013219000000000E-02    1.101743000000000E-02    1.533366000000000E-02    0.000000000000000E+00    0.000000000000000E+00    0.000000000000000E+00    0.000000000000000E+00    0.000000000000000E+00    1.862884000000000E-03    0.000000000000000E+00    1.393264000000000E-02    1.678757066725000E+40    6.627089147574999E+13    3.204821901325000E+13
                       94    5.434566762621997E+30    3.976865474823127E+33    1.006276427305485E+14    2.677587448120000E+07    1.098605699504453E-10    1.446906431340932E+04    4.891838259153858E+04    4.891838259153858E+04    2.128737655640000E-01    5.226935061818062E+03    3.979583631116371E+33    1.008205008142424E+14    1.336184000000000E-01    0.000000000000000E+00    5.851731000000000E-01    4.572023000000000E-02    2.308406000000000E-03    9.746378999999999E-02    1.114846000000000E-02    1.169921000000000E-04    2.822615000000000E-03    3.915514000000000E-02    4.012502000000000E-02    1.101545000000000E-02    1.533091000000000E-02    0.000000000000000E+00    0.000000000000000E+00    0.000000000000000E+00    0.000000000000000E+00    0.000000000000000E+00    1.862559000000000E-03    0.000000000000000E+00    1.393170000000000E-02    1.668757066725000E+40    6.617089147574999E+13    3.204821901325000E+13
                       95    5.436656581396101E+30    3.982301787409615E+33    1.010133588979363E+14    2.692459715366250E+07    1.098031519511801E-10    1.433641113443385E+04    4.880587343367407E+04    4.880587343367407E+04    2.127993121147500E-01    5.217936061970142E+03    3.985021932112731E+33    1.012048979205572E+14    1.336184000000000E-01    0.000000000000000E+00    5.851731000000000E-01    4.572023000000000E-02    2.308406000000000E-03    9.746378000000000E-02    1.114846000000000E-02    1.169921000000000E-04    2.822615000000000E-03    3.915514000000000E-02    4.012501000000000E-02    1.101545000000000E-02    1.533090000000000E-02    0.000000000000000E+00    0.000000000000000E+00    0.000000000000000E+00    0.000000000000000E+00    0.000000000000000E+00    1.862559000000000E-03    0.000000000000000E+00    1.393170000000000E-02    1.668757066725000E+40    6.607089147574999E+13    3.197376556400000E+13
                       96    5.439736628285812E+30    3.987742076815845E+33    1.013964369431781E+14    2.706959715366250E+07    1.095506117096099E-10    1.433641113443385E+04    4.880587343367407E+04    4.880587343367407E+04    2.127993121147500E-01    5.209019161228425E+03    3.990460233109090E+33    1.015872462993934E+14    1.336189000000000E-01    0.000000000000000E+00    5.851731999999999E-01    4.572018000000000E-02    2.308410000000000E-03    9.746355000000000E-02    1.114845000000000E-02    1.169923000000000E-04    2.822615000000000E-03    3.915503000000000E-02    4.012490000000000E-02    1.101542000000000E-02    1.533086000000000E-02    0.000000000000000E+00    0.000000000000000E+00    0.000000000000000E+00    0.000000000000000E+00    0.000000000000000E+00    1.862553000000000E-03    0.000000000000000E+00    1.393168000000000E-02    1.658757066725000E+40    6.597089147574999E+13    3.194821901325000E+13
                       97    5.436233050093642E+30    3.993178389402333E+33    1.017780556556087E+14    2.721459715366250E+07    1.095506117096099E-10    1.433641113443385E+04    4.880587343367407E+04    4.880587343367407E+04    2.133248586655000E-01    5.200114418483244E+03    3.995883621031419E+33    1.019680950286267E+14    1.338919000000000E-01    0.000000000000000E+00    5.852307000000000E-01    4.569164000000000E-02    2.310492000000000E-03    9.733588000000000E-02    1.114347000000000E-02    1.170979000000000E-04    2.822786000000000E-03    3.909560000000000E-02    4.006373000000000E-02    1.099859000000000E-02    1.530737000000000E-02    0.000000000000000E+00    0.000000000000000E+00    0.000000000000000E+00    0.000000000000000E+00    0.000000000000000E+00    1.859780000000000E-03    0.000000000000000E+00    1.392358000000000E-02    1.651311721800000E+40    6.587089147574999E+13    3.194821901325000E+13
                       98    5.412117615181816E+30    3.998588852660503E+33    1.021581344016447E+14    2.735959715366250E+07    1.090472723699193E-10    1.430680789374793E+04    4.877807322502790E+04    4.877807322502790E+04    2.132504052162500E-01    5.191289538656446E+03    4.001296072699458E+33    1.023471419178946E+14    1.350751000000000E-01    0.000000000000000E+00    5.854800000000000E-01    4.556794000000000E-02    2.319519000000000E-03    9.678240000000000E-02    1.112187000000000E-02    1.175553000000000E-04    2.823524000000000E-03    3.883795000000000E-02    3.979854000000000E-02    1.092561000000000E-02    1.520554000000000E-02    0.000000000000000E+00    0.000000000000000E+00    0.000000000000000E+00    0.000000000000000E+00    0.000000000000000E+00    1.847756000000000E-03    0.000000000000000E+00    1.388844000000000E-02    1.648757066725000E+40    6.567089147574999E+13    3.184821901325000E+13
                       99    5.412751917930568E+30    4.004003292738414E+33    1.025361494341445E+14    2.750459715366250E+07    1.089903807820355E-10    1.420497412711349E+04    4.869362303969215E+04    4.869362303969215E+04    2.132504052162500E-01    5.182517350307180E+03    4.006713495392175E+33    1.027238533361479E+14    1.351074000000000E-01    0.000000000000000E+00    5.854868000000000E-01    4.556456000000000E-02    2.319765000000000E-03    9.676730000000000E-02    1.112128000000000E-02    1.175678000000000E-04    2.823544000000000E-03    3.883093000000000E-02    3.979130000000000E-02    1.092362000000000E-02    1.520276000000000E-02    0.000000000000000E+00    0.000000000000000E+00    0.000000000000000E+00    0.000000000000000E+00    0.000000000000000E+00    1.847428000000000E-03    0.000000000000000E+00    1.388749000000000E-02    1.641311721800000E+40    6.557089147574999E+13    3.184821901325000E+13
                      100    5.420335713177411E+30    4.009423698045937E+33    1.029115572381513E+14    2.764831982612500E+07    1.087964706031439E-10    1.420497412711349E+04    4.869362303969215E+04    4.869362303969215E+04    2.132504052162500E-01    5.173821016438493E+03    4.012067288969031E+33    1.030928714134535E+14    1.351074000000000E-01    0.000000000000000E+00    5.854868000000000E-01    4.556456000000000E-02    2.319765000000000E-03    9.676729000000001E-02    1.112128000000000E-02    1.175678000000000E-04    2.823544000000000E-03    3.883092000000000E-02    3.979130000000000E-02    1.092362000000000E-02    1.520276000000000E-02    0.000000000000000E+00    0.000000000000000E+00    0.000000000000000E+00    0.000000000000000E+00    0.000000000000000E+00    1.847427000000000E-03    0.000000000000000E+00    1.388749000000000E-02    1.638757066725000E+40    6.557089147574999E+13    3.177376556400000E+13
                      101    5.288643327441078E+30    4.014710879892123E+33    1.032741855887556E+14    2.778704249858750E+07    1.087397098622812E-10    1.420497412711349E+04    4.869362303969215E+04    4.869362303969215E+04    2.131759517670000E-01    5.165428266167148E+03    4.017309731593125E+33    1.034511500979008E+14    1.351074000000000E-01    0.000000000000000E+00    5.854868000000000E-01    4.556456000000000E-02    2.319765000000000E-03    9.676729000000001E-02    1.112128000000000E-02    1.175678000000000E-04    2.823544000000000E-03    3.883092000000000E-02    3.979130000000000E-02    1.092362000000000E-02    1.520276000000000E-02    0.000000000000000E+00    0.000000000000000E+00    0.000000000000000E+00    0.000000000000000E+00    0.000000000000000E+00    1.847427000000000E-03    0.000000000000000E+00    1.388749000000000E-02    1.631311721800000E+40    6.547089147574999E+13    3.174821901325000E+13
                      102    5.196508367672414E+30    4.019908583294127E+33    1.036281146070460E+14    2.792204249858750E+07    1.085462456644252E-10    1.407474214151926E+04    4.858163081445218E+04    4.858163081445218E+04    2.131759517670000E-01    5.157251301914255E+03    4.022504452380324E+33    1.038043177344967E+14    1.351074000000000E-01    0.000000000000000E+00    5.854868000000000E-01    4.556456000000000E-02    2.319765000000000E-03    9.676729000000001E-02    1.112128000000000E-02    1.175678000000000E-04    2.823544000000000E-03    3.883092000000000E-02    3.979130000000000E-02    1.092362000000000E-02    1.520276000000000E-02    0.000000000000000E+00    0.000000000000000E+00    0.000000000000000E+00    0.000000000000000E+00    0.000000000000000E+00    1.847427000000000E-03    0.000000000000000E+00    1.388749000000000E-02    1.621311721800000E+40    6.537089147574999E+13    3.174821901325000E+13
                      103    5.192919287855804E+30    4.025100321466520E+33    1.039805208619475E+14    2.805831982612500E+07    1.084896154696439E-10    1.407474214151926E+04    4.858163081445218E+04    4.858163081445218E+04    2.131759517670000E-01    5.149113956751428E+03    4.027704144192199E+33    1.041566594196242E+14    1.351077000000000E-01    0.000000000000000E+00    5.854869000000000E-01    4.556454000000000E-02    2.319767000000000E-03    9.676719000000000E-02    1.112128000000000E-02    1.175679000000000E-04    2.823544000000000E-03    3.883087000000000E-02    3.979125000000000E-02    1.092361000000000E-02    1.520274000000000E-02    0.000000000000000E+00    0.000000000000000E+00    0.000000000000000E+00    0.000000000000000E+00    0.000000000000000E+00    1.847425000000000E-03    0.000000000000000E+00    1.388748000000000E-02    1.618757066725000E+40    6.527089147574999E+13    3.164821901325000E+13
                      104    5.206426556107455E+30    4.030307966917878E+33    1.043327979773010E+14    2.819704249858750E+07    1.082965962270955E-10    1.407474214151926E+04    4.858163081445218E+04    4.858163081445218E+04    2.131014983177500E-01    5.140996835679493E+03    4.032894888159656E+33    1.045075801698074E+14    1.352635000000000E-01    0.000000000000000E+00    5.855179000000000E-01    4.554826000000000E-02    2.320949000000000E-03    9.669505000000000E-02    1.111843000000000E-02    1.176278000000000E-04    2.823640000000000E-03    3.879732000000000E-02    3.975671000000000E-02    1.091410000000000E-02    1.518948000000000E-02    0.000000000000000E+00    0.000000000000000E+00    0.000000000000000E+00    0.000000000000000E+00    0.000000000000000E+00    1.845859000000000E-03    0.000000000000000E+00    1.388285000000000E-02    1.611311721800000E+40    6.517089147574999E+13    3.164821901325000E+13
                      105    5.174804873933745E+30    4.035481809401434E+33    1.046823623623139E+14    2.833076517105000E+07    1.077427782099193E-10    1.404567922086911E+04    4.855395833616224E+04    4.855395833616224E+04    2.143270448685000E-01    5.132937560389615E+03    4.038075690077760E+33    1.048564146510230E+14    1.369546000000000E-01    0.000000000000000E+00    5.858540000000000E-01    4.537173000000000E-02    2.333776000000000E-03    9.591255000000000E-02    1.108748000000000E-02    1.182779000000000E-04    2.824676000000000E-03    3.843332000000000E-02    3.938205000000000E-02    1.081100000000000E-02    1.504561000000000E-02    0.000000000000000E+00    0.000000000000000E+00    0.000000000000000E+00    0.000000000000000E+00    0.000000000000000E+00    1.828871000000000E-03    0.000000000000000E+00    1.383269000000000E-02    1.608757066725000E+40    6.489643802649999E+13    3.154821901325000E+13
                      106    5.187204597887419E+30    4.040669570754086E+33    1.050304669397322E+14    2.846576517105000E+07    1.077427782099193E-10    1.404567922086911E+04    4.855395833616224E+04    4.855395833616224E+04    2.142525914192500E-01    5.124914794775717E+03    4.043259474610670E+33    1.052029531932071E+14    1.371449000000000E-01    0.000000000000000E+00    5.858918000000000E-01    4.535187000000000E-02    2.335219000000000E-03    9.582451000000000E-02    1.108400000000000E-02    1.183510000000000E-04    2.824793000000000E-03    3.839236000000000E-02    3.933990000000000E-02    1.079940000000000E-02    1.502943000000000E-02    0.000000000000000E+00    0.000000000000000E+00    0.000000000000000E+00    0.000000000000000E+00    0.000000000000000E+00    1.826960000000000E-03    0.000000000000000E+00    1.382704000000000E-02    1.601311721800000E+40    6.479643802649999E+13    3.154821901325000E+13
                      107    5.179203236567730E+30    4.045849378467254E+33    1.053754394466819E+14    2.860576517105000E+07    1.074949766964557E-10    1.394570412994577E+04    4.846989616418270E+04    4.846989616418270E+04    2.142525914192500E-01    5.116982525718821E+03    4.048584436244399E+33    1.055568569566408E+14    1.371452000000000E-01    0.000000000000000E+00    5.858919000000000E-01    4.535183999999999E-02    2.335221000000000E-03    9.582435000000000E-02    1.108399000000000E-02    1.183512000000000E-04    2.824793000000000E-03    3.839229000000000E-02    3.933982000000000E-02    1.079938000000000E-02    1.502940000000000E-02    0.000000000000000E+00    0.000000000000000E+00    0.000000000000000E+00    0.000000000000000E+00    0.000000000000000E+00    1.826957000000000E-03    0.000000000000000E+00    1.382703000000000E-02    1.598757066725000E+40    6.477089147574999E+13    3.154821901325000E+13
                      108    5.470262696620769E+30    4.051319494021544E+33    1.057382744665996E+14    2.875448784351250E+07    1.074949766964557E-10    1.394570412994577E+04    4.846989616418270E+04    4.846989616418270E+04    2.142525914192500E-01    5.108639517908968E+03    4.054353807484230E+33    1.059415847598156E+14    1.371452000000000E-01    0.000000000000000E+00    5.858919000000000E-01    4.535183999999999E-02    2.335221000000000E-03    9.582435000000000E-02    1.108399000000000E-02    1.183512000000000E-04    2.824793000000000E-03    3.839229000000000E-02    3.933982000000000E-02    1.079938000000000E-02    1.502940000000000E-02    0.000000000000000E+00    0.000000000000000E+00    0.000000000000000E+00    0.000000000000000E+00    0.000000000000000E+00    1.826957000000000E-03    0.000000000000000E+00    1.382703000000000E-02    1.591311721800000E+40    6.469643802649999E+13    3.154821901325000E+13
                      109    6.068688566076442E+30    4.057388120946915E+33    1.061448950530316E+14    2.892948784351250E+07    1.073037270649598E-10    1.391690765975374E+04    4.844228733082673E+04    4.844228733082673E+04    2.142525914192500E-01    5.099306166771139E+03    4.060421440204665E+33    1.064004756408305E+14    1.371452000000000E-01    0.000000000000000E+00    5.858919000000000E-01    4.535183999999999E-02    2.335221000000000E-03    9.582435000000000E-02    1.108399000000000E-02    1.183512000000000E-04    2.824793000000000E-03    3.839229000000000E-02    3.933982000000000E-02    1.079938000000000E-02    1.502940000000000E-02    0.000000000000000E+00    0.000000000000000E+00    0.000000000000000E+00    0.000000000000000E+00    0.000000000000000E+00    1.826957000000000E-03    0.000000000000000E+00    1.382703000000000E-02    1.581311721800000E+40    6.467089147574999E+13    3.144821901325000E+13
                      110    6.067437856267772E+30    4.063454759462414E+33    1.066560562286294E+14    2.912576517105000E+07    1.072477451106578E-10    1.381784914597326E+04    4.835841849647759E+04    4.835841849647759E+04    2.141781379700000E-01    5.087583759525574E+03    4.066532817942256E+33    1.069125436452428E+14    1.371895000000000E-01    0.000000000000000E+00    5.859002000000000E-01    4.534722000000000E-02    2.335556000000000E-03    9.580405000000000E-02    1.108318000000000E-02    1.183681000000000E-04    2.824820000000000E-03    3.838285000000000E-02    3.933010000000000E-02    1.079671000000000E-02    1.502567000000000E-02    0.000000000000000E+00    0.000000000000000E+00    0.000000000000000E+00    0.000000000000000E+00    0.000000000000000E+00    1.826516000000000E-03    0.000000000000000E+00    1.382572000000000E-02    1.578757066725000E+40    6.457089147574999E+13    3.144821901325000E+13
                      111    6.155112812696461E+30    4.069610876422096E+33    1.071690310618561E+14    2.945948784351250E+07    1.070010821417282E-10    1.381784914597326E+04    4.835841849647759E+04    4.835841849647759E+04    2.141781379700000E-01    5.075846843677684E+03    4.076986882837451E+33    1.077697132717415E+14    1.375681000000000E-01    0.000000000000000E+00    5.859712000000000E-01    4.530775000000000E-02    2.338412000000000E-03    9.563064000000002E-02    1.107623000000000E-02    1.185128000000000E-04    2.825048000000000E-03    3.830224000000000E-02    3.924713000000000E-02    1.077387000000000E-02    1.499381000000000E-02    0.000000000000000E+00    0.000000000000000E+00    0.000000000000000E+00    0.000000000000000E+00    0.000000000000000E+00    1.822754000000000E-03    0.000000000000000E+00    1.381450000000000E-02    1.571311721800000E+40    6.447089147574999E+13    3.134821901325000E+13
                      112    1.475374871252596E+31    4.084362889252805E+33    1.083703954816270E+14    3.004193318843750E+07    1.065094568263519E-10    1.378931668340682E+04    4.833087316167625E+04    4.833087316167625E+04    2.140292310715000E-01    5.048505346735274E+03    4.096867004724689E+33    1.092650115516188E+14    1.385995000000000E-01    0.000000000000000E+00    5.861645000000000E-01    4.520024000000000E-02    2.346191000000000E-03    9.515835000000000E-02    1.105730000000000E-02    1.189071000000000E-04    2.825668000000000E-03    3.808268000000000E-02    3.902115000000000E-02    1.071169000000000E-02    1.490703000000000E-02    0.000000000000000E+00    0.000000000000000E+00    0.000000000000000E+00    0.000000000000000E+00    0.000000000000000E+00    1.812508000000000E-03    0.000000000000000E+00    1.378393000000000E-02    1.551311721800000E+40    6.409643802649999E+13    3.127376556400000E+13
                      113    2.500695836145213E+31    4.109371120196574E+33    1.101596276216107E+14    3.075065586090000E+07    1.059648764710256E-10    1.366289546816221E+04    4.821971523800409E+04    4.821971523800409E+04    2.149803241730000E-01    5.007814540829757E+03    4.123614100100384E+33    1.110873547549841E+14    1.394399000000000E-01    0.000000000000000E+00    5.863201000000000E-01    4.511267000000000E-02    2.352524000000000E-03    9.477426000000000E-02    1.104187000000000E-02    1.192281000000000E-04    2.826173000000000E-03    3.790415000000000E-02    3.883739000000000E-02    1.066112000000000E-02    1.483647000000000E-02    0.000000000000000E+00    0.000000000000000E+00    0.000000000000000E+00    0.000000000000000E+00    0.000000000000000E+00    1.804176000000000E-03    0.000000000000000E+00    1.375902000000000E-02    1.521311721800000E+40    6.379643802649999E+13    3.114821901325000E+13
                      114    2.848671540337113E+31    4.137857080004195E+33    1.120150818883575E+14    3.165937853336250E+07    1.054780120882443E-10    1.353763328958582E+04    4.810881297046209E+04    4.810881297046209E+04    2.149058707237500E-01    4.965826486770427E+03    4.160675077475390E+33    1.134204450660659E+14    1.401266000000000E-01    0.000000000000000E+00    5.864422000000000E-01    4.504118000000000E-02    2.357679000000000E-03    9.446258000000000E-02    1.102924000000000E-02    1.194893000000000E-04    2.826580000000000E-03    3.775935000000000E-02    3.868834000000000E-02    1.062011000000000E-02    1.477924000000000E-02    0.000000000000000E+00    0.000000000000000E+00    0.000000000000000E+00    0.000000000000000E+00    0.000000000000000E+00    1.797419000000000E-03    0.000000000000000E+00    1.373868000000000E-02    1.501311721800000E+40    6.349643802649999E+13    3.104821901325000E+13
                      115    4.563655169715475E+31    4.183493074946586E+33    1.148258082437743E+14    3.275182387828750E+07    1.049388028187644E-10    1.329054363540968E+04    4.788777305314931E+04    4.788777305314931E+04    2.147569638252500E-01    4.902592772904170E+03    4.207296329508712E+33    1.162072576535782E+14    1.417070000000000E-01    0.000000000000000E+00    5.867161000000000E-01    4.487675000000001E-02    2.369517000000000E-03    9.374821000000000E-02    1.100013000000000E-02    1.200893000000000E-04    2.827510000000000E-03    3.742754000000000E-02    3.834682000000000E-02    1.052613000000000E-02    1.464809000000000E-02    0.000000000000000E+00    0.000000000000000E+00    0.000000000000000E+00    0.000000000000000E+00    0.000000000000000E+00    1.781934000000000E-03    0.000000000000000E+00    1.369189000000000E-02    1.463866376875000E+40    6.317089147574999E+13    3.094821901325000E+13
                      116    4.760495816455357E+31    4.231099584070838E+33    1.175887070633820E+14    3.378926922321250E+07    1.046974502697437E-10    1.316869519895521E+04    4.777763423144707E+04    4.777763423144707E+04    2.147569638252500E-01    4.840578895540757E+03    4.253612360626882E+33    1.188306075593142E+14    1.436355000000000E-01    0.000000000000000E+00    5.870370000000000E-01    4.467628000000000E-02    2.383914000000000E-03    9.288210000000000E-02    1.096456000000000E-02    1.208189000000000E-04    2.828633000000000E-03    3.702542000000000E-02    3.793293000000000E-02    1.041223000000000E-02    1.448916000000000E-02    0.000000000000000E+00    0.000000000000000E+00    0.000000000000000E+00    0.000000000000000E+00    0.000000000000000E+00    1.763168000000000E-03    0.000000000000000E+00    1.363481000000000E-02    1.458757066725000E+40    6.307089147574999E+13    3.102267246250000E+13
                      117    4.502628882373882E+31    4.276125137182925E+33    1.200725080552464E+14    3.481799189567500E+07    1.049388028187644E-10    1.302121292281450E+04    4.764064380664891E+04    4.764064380664891E+04    2.149314172745000E-01    4.784656079737818E+03    4.301637430028916E+33    1.214186845410055E+14    1.456338000000000E-01    0.000000000000000E+00    5.873544000000001E-01    4.446875000000000E-02    2.398775000000000E-03    9.199093999999999E-02    1.092764000000000E-02    1.215721000000000E-04    2.829782000000000E-03    3.661186000000000E-02    3.750726000000000E-02    1.029509000000000E-02    1.432571000000000E-02    0.000000000000000E+00    0.000000000000000E+00    0.000000000000000E+00    0.000000000000000E+00    0.000000000000000E+00    1.743869000000000E-03    0.000000000000000E+00    1.357570000000000E-02    1.448757066725000E+40    6.324534492499999E+13    3.122267246250000E+13
                      118    5.102369090754086E+31    4.327149722874908E+33    1.227648610267647E+14    3.604799189567500E+07    1.053684706751959E-10    1.290183372517517E+04    4.744873531083543E+04    4.753107336644118E+04    2.151803241730000E-01    4.723720274120855E+03    4.361645651516713E+33    1.244985253358478E+14    1.480551000000000E-01    0.000000000000000E+00    5.877115000000001E-01    4.421769000000000E-02    2.416678000000000E-03    9.092283000000000E-02    1.088278000000000E-02    1.224794000000000E-04    2.831148000000000E-03    3.611654000000000E-02    3.699743000000000E-02    1.015480000000000E-02    1.412994000000000E-02    0.000000000000000E+00    0.000000000000000E+00    0.000000000000000E+00    0.000000000000000E+00    0.000000000000000E+00    1.720755000000000E-03    0.000000000000000E+00    1.350414000000000E-02    1.438757066725000E+40    6.351979837424999E+13    3.149712591175000E+13
                      119    6.899350766380294E+31    4.396141580158518E+33    1.262321896449309E+14    3.728171456813750E+07    1.062883462656725E-10    1.266634872087653E+04    4.731268792148838E+04    4.731268792148838E+04    2.154781379700000E-01    4.644450234834333E+03    4.424210968098227E+33    1.275581704677725E+14    1.509583000000000E-01    0.000000000000000E+00    5.880938999999999E-01    4.391731000000000E-02    2.437970000000000E-03    8.966130000000000E-02    1.082879000000000E-02    1.235586000000000E-04    2.832743000000000E-03    3.553211000000000E-02    3.639589000000000E-02    9.989265000000001E-03    1.389896000000000E-02    0.000000000000000E+00    0.000000000000000E+00    0.000000000000000E+00    0.000000000000000E+00    0.000000000000000E+00    1.693483000000000E-03    0.000000000000000E+00    1.341844000000000E-02    1.438757066725000E+40    6.396870527274999E+13    3.187157936100000E+13
                      120    5.613817935645684E+31    4.452280356037937E+33    1.288841512906141E+14    3.831043724060000E+07    1.067789509810723E-10    1.255022293779616E+04    4.712210051446769E+04    4.720387175888554E+04    2.157270448685000E-01    4.583471438152686E+03    4.478927036715161E+33    1.300830942874647E+14    1.539817000000000E-01    0.000000000000000E+00    5.884421000000000E-01    4.360519000000000E-02    2.459953000000000E-03    8.836858000000000E-02    1.077236000000000E-02    1.246727000000000E-04    2.834358000000000E-03    3.493387000000000E-02    3.578014000000000E-02    9.819822000000001E-03    1.366251000000000E-02    0.000000000000000E+00    0.000000000000000E+00    0.000000000000000E+00    0.000000000000000E+00    0.000000000000000E+00    1.665567000000000E-03    0.000000000000000E+00    1.332929000000000E-02    1.438757066725000E+40    6.434315872199999E+13    3.214603281025000E+13
                      121    5.329224784492156E+31    4.505573717392385E+33    1.312820372843153E+14    3.926043724060000E+07    1.072163515162880E-10    1.243516180229437E+04    4.698698966876137E+04    4.709530586651171E+04    2.230759517670000E-01    4.526224212739089E+03    4.532015591852927E+33    1.324235187863530E+14    1.564978000000000E-01    0.000000000000000E+00    5.887045000000000E-01    4.334585000000000E-02    2.478142000000000E-03    8.730431000000000E-02    1.072528000000000E-02    1.255945000000000E-04    2.835675000000000E-03    3.444172000000000E-02    3.527358000000000E-02    9.680427000000000E-03    1.346800000000000E-02    0.000000000000000E+00    0.000000000000000E+00    0.000000000000000E+00    0.000000000000000E+00    0.000000000000000E+00    1.642602000000000E-03    0.000000000000000E+00    1.325516000000000E-02    1.436202411650000E+40    6.451761217124999E+13    3.242048625950000E+13
                      122    5.288500161930388E+31    4.558457466313470E+33    1.335650002883906E+14    4.032043724060000E+07    1.072163515162880E-10    1.220819452052319E+04    4.687892259135290E+04    4.687892259135290E+04    2.232248586655000E-01    4.471682910632769E+03    4.594039066744678E+33    1.350470543943585E+14    1.588894000000000E-01    0.000000000000000E+00    5.889259000000000E-01    4.309976000000000E-02    2.495321000000000E-03    8.630446999999999E-02    1.068042000000000E-02    1.264651000000000E-04    2.836901000000000E-03    3.397973000000000E-02    3.479807000000000E-02    9.549574999999999E-03    1.328541000000000E-02    0.000000000000000E+00    0.000000000000000E+00    0.000000000000000E+00    0.000000000000000E+00    0.000000000000000E+00    1.621045000000000E-03    0.000000000000000E+00    1.318476000000000E-02    1.446202411650000E+40    6.459206562049999E+13    3.252048625950000E+13
                      123    7.116284294863580E+31    4.629620667175883E+33    1.365291085003264E+14    4.131043724060000E+07    1.069145468975282E-10    1.209626912039920E+04    4.677110406132531E+04    4.677110406132531E+04    2.231504052162500E-01    4.401093407732380E+03    4.653620774315208E+33    1.374906767325783E+14    1.622505000000000E-01    0.000000000000000E+00    5.891920000000000E-01    4.275457000000000E-02    2.519288000000000E-03    8.491828000000000E-02    1.061719000000000E-02    1.276798000000000E-04    2.838582000000000E-03    3.333983000000000E-02    3.413943000000000E-02    9.368329999999999E-03    1.303250000000000E-02    0.000000000000000E+00    0.000000000000000E+00    0.000000000000000E+00    0.000000000000000E+00    0.000000000000000E+00    1.591186000000000E-03    0.000000000000000E+00    1.308591000000000E-02    1.471093101500000E+40    6.439206562049999E+13    3.262048625950000E+13
                      124    4.799965752388714E+31    4.677620881454534E+33    1.384522449648301E+14    4.210043724060000E+07    1.064233191754834E-10    1.198536985851151E+04    4.666353350703558E+04    4.666353350703558E+04    2.231014983177500E-01    4.355515286035989E+03    4.703164988858457E+33    1.394518638339516E+14    1.645181000000000E-01    0.000000000000000E+00    5.893426000000000E-01    4.252211000000000E-02    2.535343000000000E-03    8.399522000000001E-02    1.057441000000000E-02    1.284935000000000E-04    2.839689000000000E-03    3.291410000000000E-02    3.370124000000000E-02    9.247748000000000E-03    1.286424000000000E-02    0.000000000000000E+00    0.000000000000000E+00    0.000000000000000E+00    0.000000000000000E+00    0.000000000000000E+00    1.571321000000000E-03    0.000000000000000E+00    1.301929000000000E-02    1.495983791350000E+40    6.411761217124999E+13    3.259493970875000E+13
                      125    5.108829434423984E+31    4.728709096262379E+33    1.404514827030731E+14    4.292543724060000E+07    1.057452880247395E-10    1.187548732716807E+04    4.655621035815522E+04    4.655621035815522E+04    2.228781379700000E-01    4.308482493867880E+03    4.756333080391052E+33    1.415088835610859E+14    1.669103000000000E-01    0.000000000000000E+00    5.894769000000000E-01    4.227725000000000E-02    2.552184000000000E-03    8.303175000000000E-02    1.052918000000000E-02    1.293470000000000E-04    2.840834000000000E-03    3.247007000000000E-02    3.324421000000000E-02    9.121984000000000E-03    1.268875000000000E-02    0.000000000000000E+00    0.000000000000000E+00    0.000000000000000E+00    0.000000000000000E+00    0.000000000000000E+00    1.550603000000000E-03    0.000000000000000E+00    1.294905000000000E-02    1.505983791350000E+40    6.371761217124999E+13    3.252048625950000E+13
                      126    5.524912153507034E+31    4.783957064519725E+33    1.425662844190988E+14    4.384543724060000E+07    1.049631364955619E-10    1.176661220492734E+04    4.644913404566767E+04    4.644913404566767E+04    2.226547776222500E-01    4.259150377668079E+03    4.817032274308915E+33    1.438056537635417E+14    1.694985000000000E-01    0.000000000000000E+00    5.895942000000000E-01    4.201276000000001E-02    2.570291000000000E-03    8.200118000000001E-02    1.048014000000000E-02    1.302647000000000E-04    2.842046000000000E-03    3.199550000000000E-02    3.275576000000000E-02    8.987570000000000E-03    1.250119000000000E-02    0.000000000000000E+00    0.000000000000000E+00    0.000000000000000E+00    0.000000000000000E+00    0.000000000000000E+00    1.528460000000000E-03    0.000000000000000E+00    1.287312000000000E-02    1.515983791350000E+40    6.314315872199999E+13    3.239493970875000E+13
                      127    6.615010143280343E+31    4.850107484098107E+33    1.450450231079846E+14    4.480043724060000E+07    1.037616334075863E-10    1.174266034428595E+04    4.634230400186501E+04    4.642276781450400E+04    2.222825103760000E-01    4.202088037084285E+03    4.881447806275114E+33    1.461968137144767E+14    1.726736000000000E-01    0.000000000000000E+00    5.896987000000000E-01    4.168891000000000E-02    2.592346000000000E-03    8.075346000000000E-02    1.041982000000000E-02    1.313825000000000E-04    2.843497000000000E-03    3.142148000000000E-02    3.216493000000000E-02    8.824988000000001E-03    1.227432000000000E-02    0.000000000000000E+00    0.000000000000000E+00    0.000000000000000E+00    0.000000000000000E+00    0.000000000000000E+00    1.501677000000000E-03    0.000000000000000E+00    1.278005000000000E-02    1.535983791350000E+40    6.246870527275000E+13    3.212048625950000E+13
                      128    6.268082331090300E+31    4.912788128452121E+33    1.473486043209687E+14    4.582915991306250E+07    1.021025996249805E-10    1.163500298714408E+04    4.623571966034488E+04    4.631599841135027E+04    2.218102431297500E-01    4.150018543629691E+03    4.952753178443281E+33    1.487895791648786E+14    1.758058000000000E-01    0.000000000000000E+00    5.897600000000000E-01    4.137009000000000E-02    2.613933000000000E-03    7.954019000000000E-02    1.036015000000000E-02    1.324765000000000E-04    2.844889000000000E-03    3.086388000000000E-02    3.159102000000000E-02    8.667058000000000E-03    1.205395000000000E-02    0.000000000000000E+00    0.000000000000000E+00    0.000000000000000E+00    0.000000000000000E+00    0.000000000000000E+00    1.475661000000000E-03    0.000000000000000E+00    1.268834000000000E-02    1.553429136275000E+40    6.149425182350000E+13    3.184603281025000E+13
                      129    7.992948357526032E+31    4.992718228434442E+33    1.502305540087884E+14    4.696288258552500E+07    1.004700919580634E-10    1.152833263858510E+04    4.610319572870270E+04    4.620947457100941E+04    2.307890689850000E-01    4.083325756906124E+03    5.033845503995025E+33    1.516816673404101E+14    1.799725000000000E-01    0.000000000000000E+00    5.897793000000000E-01    4.094695000000000E-02    2.642395000000000E-03    7.795233000000000E-02    1.028054000000000E-02    1.339190000000000E-04    2.846682000000000E-03    3.013500000000000E-02    3.084081000000000E-02    8.460616000000001E-03    1.176588000000000E-02    0.000000000000000E+00    0.000000000000000E+00    0.000000000000000E+00    0.000000000000000E+00    0.000000000000000E+00    1.441654000000000E-03    0.000000000000000E+00    1.256645000000000E-02    1.575983791350000E+40    6.044534492500000E+13    3.147157936100000E+13
                      130    8.225484938264685E+31    5.074972779555608E+33    1.531327806720319E+14    4.814788258552501E+07    9.863630611485740E-11    1.134100235283704E+04    4.599716132095042E+04    4.602328582505380E+04    2.301189879417500E-01    4.017584081875324E+03    5.121414080495631E+33    1.547406370780908E+14    1.843754000000000E-01    0.000000000000000E+00    5.897278000000000E-01    4.050097000000000E-02    2.672173000000000E-03    7.630465000000000E-02    1.019614000000000E-02    1.354282000000000E-04    2.848511000000000E-03    2.937969000000000E-02    3.006340000000000E-02    8.246687000000001E-03    1.146737000000000E-02    0.000000000000000E+00    0.000000000000000E+00    0.000000000000000E+00    0.000000000000000E+00    0.000000000000000E+00    1.406414000000000E-03    0.000000000000000E+00    1.243781000000000E-02    1.613429136275000E+40    5.939643802650000E+13    3.117157936100000E+13
                      131    9.288150825461845E+31    5.167855381435655E+33    1.563484934841497E+14    4.930288258552500E+07    9.639106967302981E-11    1.121415356896101E+04    4.589137078556848E+04    4.589137078556848E+04    2.293489068985000E-01    3.946641220614859E+03    5.209124828301993E+33    1.577538625015882E+14    1.892851000000000E-01    0.000000000000000E+00    5.895859000000000E-01    4.000505000000000E-02    2.705024000000000E-03    7.450290000000000E-02    1.010172000000000E-02    1.370931000000000E-04    2.850472000000000E-03    2.855496000000000E-02    2.921454000000000E-02    8.013098999999999E-03    1.114142000000000E-02    0.000000000000000E+00    0.000000000000000E+00    0.000000000000000E+00    0.000000000000000E+00    0.000000000000000E+00    1.367937000000000E-03    0.000000000000000E+00    1.229453000000000E-02    1.663429136275000E+40    5.807307767875000E+13    3.069712591175000E+13
                      132    8.253937095104503E+31    5.250394275168331E+33    1.591592315190267E+14    5.034788258552500E+07    9.424558715527226E-11    1.111134159105985E+04    4.578582356166616E+04    4.578582356166616E+04    2.291255465507500E-01    3.886070237622984E+03    5.290943917661477E+33    1.605215782389910E+14    1.935651000000000E-01    0.000000000000000E+00    5.893850000000000E-01    3.957403000000000E-02    2.733334000000000E-03    7.296471000000000E-02    1.001913000000000E-02    1.385279000000000E-04    2.852108999999999E-03    2.785199000000000E-02    2.849101000000000E-02    7.813998000000001E-03    1.086360000000000E-02    0.000000000000000E+00    0.000000000000000E+00    0.000000000000000E+00    0.000000000000000E+00    0.000000000000000E+00    1.335140000000000E-03    0.000000000000000E+00    1.216980000000000E-02    1.715983791350000E+40    5.672417078025000E+13    3.019712591175000E+13
                      133    8.109894695661266E+31    5.331493560154622E+33    1.618839249589554E+14    5.135415991306250E+07    9.226496041679242E-11    1.100947219903772E+04    4.568051908964248E+04    4.568051908964248E+04    2.290255465507500E-01    3.828612791919575E+03    5.371700201945071E+33    1.632196249348691E+14    1.977827000000000E-01    0.000000000000000E+00    5.891177000000000E-01    3.915045000000000E-02    2.760935000000000E-03    7.147800999999999E-02    9.937503000000000E-03    1.399267000000000E-04    2.853659000000000E-03    2.717358000000000E-02    2.779276000000000E-02    7.621855000000000E-03    1.059548000000000E-02    0.000000000000000E+00    0.000000000000000E+00    0.000000000000000E+00    0.000000000000000E+00    0.000000000000000E+00    1.303490000000000E-03    0.000000000000000E+00    1.204702000000000E-02    1.768538446425000E+40    5.557526388175000E+13    2.972267246250000E+13
                      134    8.041493396109253E+31    5.411906843735522E+33    1.645553249107828E+14    5.231915991306249E+07    9.021131727072811E-11    1.090853675121536E+04    4.557545681118363E+04    4.557545681118363E+04    2.290000000000000E-01    3.773536235953994E+03    5.450216542509325E+33    1.658179839604292E+14    2.020385000000000E-01    0.000000000000000E+00    5.887837000000000E-01    3.872416000000000E-02    2.788507000000000E-03    7.000492000000000E-02    9.854910000000000E-03    1.413241000000000E-04    2.855163000000000E-03    2.650235000000000E-02    2.710189000000000E-02    7.431743000000000E-03    1.033020000000000E-02    0.000000000000000E+00    0.000000000000000E+00    0.000000000000000E+00    0.000000000000000E+00    0.000000000000000E+00    1.272175000000000E-03    0.000000000000000E+00    1.192326000000000E-02    1.823647756575000E+40    5.432635698325000E+13    2.924821901325000E+13
                      135    7.661790624020494E+31    5.488526241283129E+33    1.670806430100756E+14    5.314288258552500E+07    8.795509954379544E-11    1.080852668514101E+04    4.547063616926000E+04    4.547063616926000E+04    2.289000000000000E-01    3.722794977308747E+03    5.518224136906940E+33    1.680553629597319E+14    2.061488000000000E-01    0.000000000000000E+00    5.884046000000001E-01    3.831342000000000E-02    2.814889000000000E-03    6.860594000000000E-02    9.774948000000000E-03    1.426612000000000E-04    2.856564000000000E-03    2.586574000000000E-02    2.644667000000000E-02    7.251438000000000E-03    1.007861000000000E-02    0.000000000000000E+00    0.000000000000000E+00    0.000000000000000E+00    0.000000000000000E+00    0.000000000000000E+00    1.242476000000000E-03    0.000000000000000E+00    1.180385000000000E-02    1.881311721800000E+40    5.300299663550000E+13    2.869931211475000E+13
                      136    5.939573159532535E+31    5.547922032530752E+33    1.690300829093882E+14    5.391915991306250E+07    8.615113916877292E-11    1.070943351686361E+04    4.536605660812276E+04    4.536605660812276E+04    2.288000000000000E-01    3.684444272096885E+03    5.583730311687217E+33    1.701969857858809E+14    2.093388000000000E-01    0.000000000000000E+00    5.880742000000000E-01    3.799529000000000E-02    2.835204000000000E-03    6.753539000000000E-02    9.712770000000001E-03    1.436907000000000E-04    2.857618000000000E-03    2.537914000000000E-02    2.594584000000000E-02    7.113622000000000E-03    9.886303000000001E-03    0.000000000000000E+00    0.000000000000000E+00    0.000000000000000E+00    0.000000000000000E+00    0.000000000000000E+00    1.219776000000000E-03    0.000000000000000E+00    1.171125000000000E-02    1.926421031950000E+40    5.185408973700000E+13    2.819931211475000E+13
                      137    7.161769170655798E+31    5.619538590843683E+33    1.713638886623737E+14    5.481543724060000E+07    8.457870366777126E-11    1.068778943060035E+04    4.526171757330160E+04    4.534034980595252E+04    2.416255465507500E-01    3.636842979914280E+03    5.660401407891463E+33    1.726778415635078E+14    2.131511000000000E-01    0.000000000000000E+00    5.876382000000000E-01    3.761582000000000E-02    2.859299000000000E-03    6.627328000000000E-02    9.638324000000000E-03    1.449119000000000E-04    2.858840000000000E-03    2.480611000000000E-02    2.535606000000000E-02    6.951327000000000E-03    9.659839999999999E-03    0.000000000000000E+00    0.000000000000000E+00    0.000000000000000E+00    0.000000000000000E+00    0.000000000000000E+00    1.193043000000000E-03    0.000000000000000E+00    1.160067000000000E-02    2.018975687025000E+40    5.087963628775000E+13    2.782485866550000E+13
                      138    8.172420244045368E+31    5.701264224939244E+33    1.739917944646419E+14    5.563543724060000E+07    8.322638371996674E-11    1.058980318812609E+04    4.515761851160146E+04    4.523606989513570E+04    2.415510931015000E-01    3.584115743096924E+03    5.731863864439416E+33    1.749656145047721E+14    2.174441000000000E-01    0.000000000000000E+00    5.870910000000000E-01    3.718954000000000E-02    2.886179000000000E-03    6.487569000000000E-02    9.554312000000001E-03    1.462742000000000E-04    2.860164000000000E-03    2.417245000000000E-02    2.470388000000000E-02    6.771861000000001E-03    9.409417000000000E-03    0.000000000000000E+00    0.000000000000000E+00    0.000000000000000E+00    0.000000000000000E+00    0.000000000000000E+00    1.163483000000000E-03    0.000000000000000E+00    1.147626000000000E-02    2.138975687025000E+40    5.010518283850000E+13    2.755040521625000E+13
                      139    6.119967668231874E+31    5.762463503939588E+33    1.759394345449024E+14    5.645043724060000E+07    8.193805485732830E-11    1.049271528892264E+04    4.513202982145842E+04    4.513202982145842E+04    2.415255465507500E-01    3.545644428642372E+03    5.805144721814122E+33    1.772868179287595E+14    2.206304000000000E-01    0.000000000000000E+00    5.866454000000000E-01    3.687388000000000E-02    2.905950000000000E-03    6.385496000000000E-02    9.491833999999999E-03    1.472762000000000E-04    2.861111000000000E-03    2.371029000000000E-02    2.422820000000000E-02    6.640966000000000E-03    9.226768999999999E-03    0.000000000000000E+00    0.000000000000000E+00    0.000000000000000E+00    0.000000000000000E+00    0.000000000000000E+00    1.141923000000000E-03    0.000000000000000E+00    1.138401000000000E-02    2.238975687025000E+40    4.935627594000000E+13    2.725040521625000E+13
                      140    8.536372821548326E+31    5.847825939688655E+33    1.786342013126165E+14    5.737543724060000E+07    8.040092114781743E-11    1.039651749692927E+04    4.502822903331040E+04    4.502822903331040E+04    2.414510931015000E-01    3.493430577799896E+03    5.889621320965793E+33    1.799417102727096E+14    2.250648000000000E-01    0.000000000000000E+00    5.859685000000000E-01    3.643563000000000E-02    2.933204000000000E-03    6.245827000000000E-02    9.404706000000001E-03    1.486574000000000E-04    2.862377000000000E-03    2.307881000000000E-02    2.357827000000000E-02    6.462118000000000E-03    8.977209999999999E-03    0.000000000000000E+00    0.000000000000000E+00    0.000000000000000E+00    0.000000000000000E+00    0.000000000000000E+00    1.112465000000000E-03    0.000000000000000E+00    1.125573000000000E-02    2.394084997175000E+40    4.840736904150000E+13    2.687595176700000E+13
                      141    8.358992742212964E+31    5.931416702242930E+33    1.812492192328028E+14    5.820671456813750E+07    7.879263961768113E-11    1.030120165159417E+04    4.492466698035040E+04    4.492466698035040E+04    2.414255465507500E-01    3.443778218106162E+03    5.966556875682841E+33    1.823397073216819E+14    2.294317000000000E-01    0.000000000000000E+00    5.852381000000000E-01    3.600525000000000E-02    2.959748000000000E-03    6.110958000000000E-02    9.318709999999999E-03    1.500027000000000E-04    2.863565000000000E-03    2.247008000000000E-02    2.295174000000000E-02    6.289713000000000E-03    8.736641000000000E-03    0.000000000000000E+00    0.000000000000000E+00    0.000000000000000E+00    0.000000000000000E+00    0.000000000000000E+00    1.084068000000000E-03    0.000000000000000E+00    1.112953000000000E-02    2.566639652250000E+40    4.743291559225000E+13    2.650149831775000E+13
                      142    7.028126154836311E+31    6.001697049122753E+33    1.834301954105611E+14    5.903926922321250E+07    7.735451186977338E-11    1.020675966718160E+04    4.482134311350250E+04    4.482134311350250E+04    2.413255465507500E-01    3.403139352105079E+03    6.044988708827591E+33    1.847645146027644E+14    2.331277000000000E-01    0.000000000000000E+00    5.845731000000000E-01    3.564189000000000E-02    2.981994000000000E-03    5.998781000000000E-02    9.245789000000001E-03    1.511302000000000E-04    2.864528000000000E-03    2.196454000000000E-02    2.243143000000000E-02    6.146535000000000E-03    8.536853000000000E-03    0.000000000000000E+00    0.000000000000000E+00    0.000000000000000E+00    0.000000000000000E+00    0.000000000000000E+00    1.060485000000000E-03    0.000000000000000E+00    1.102281000000000E-02    2.721748962400000E+40    4.658400869375000E+13    2.612704486850000E+13
                      143    8.658154972489099E+31    6.088280368532429E+33    1.860988337949677E+14    5.996054655075000E+07    7.576796970262143E-11    1.011318353208659E+04    4.471825688495400E+04    4.471825688495400E+04    2.413000000000000E-01    3.354437861616957E+03    6.132738230626432E+33    1.874604058960636E+14    2.377002000000000E-01    0.000000000000000E+00    5.836931000000000E-01    3.519349000000000E-02    3.009245000000000E-03    5.862408000000000E-02    9.155412000000000E-03    1.525113000000000E-04    2.865667000000000E-03    2.135091000000000E-02    2.179987000000000E-02    5.972745999999999E-03    8.294354000000000E-03    0.000000000000000E+00    0.000000000000000E+00    0.000000000000000E+00    0.000000000000000E+00    0.000000000000000E+00    1.031860000000000E-03    0.000000000000000E+00    1.089090000000000E-02    2.931748962400000E+40    4.563510179525000E+13    2.582704486850000E+13
                      144    8.891572418800471E+31    6.177196092720434E+33    1.888219779971596E+14    6.078682387828749E+07    7.404328014965375E-11    1.002046530815490E+04    4.459017014799971E+04    4.461540774815198E+04    2.412000000000000E-01    3.305892578330951E+03    6.212292521143189E+33    1.898864071385589E+14    2.424134000000000E-01    0.000000000000000E+00    5.827206000000000E-01    3.473257000000000E-02    3.037021000000000E-03    5.724583999999999E-02    9.062069000000001E-03    1.539190000000000E-04    2.866782000000000E-03    2.073187000000000E-02    2.116274000000000E-02    5.797423000000001E-03    8.049713999999999E-03    0.000000000000000E+00    0.000000000000000E+00    0.000000000000000E+00    0.000000000000000E+00    0.000000000000000E+00    1.002983000000000E-03    0.000000000000000E+00    1.075506000000000E-02    3.156858272550000E+40    4.458619489675000E+13    2.535259141925000E+13
                      145    7.019357267306533E+31    6.247388949565946E+33    1.909508362799582E+14    6.150437853336249E+07    7.289717137146428E-11    9.908674840077607E+03    4.441041856985772E+04    4.448761560251781E+04    2.534510931015000E-01    3.266630817085368E+03    6.282654392827710E+33    1.920083447400627E+14    2.461468000000000E-01    0.000000000000000E+00    5.819044000000000E-01    3.436840000000000E-02    3.058801000000000E-03    5.617339000000000E-02    8.988006999999999E-03    1.550228000000000E-04    2.867623000000000E-03    2.025096000000000E-02    2.066779000000000E-02    5.661225000000000E-03    7.859668000000000E-03    0.000000000000000E+00    0.000000000000000E+00    0.000000000000000E+00    0.000000000000000E+00    0.000000000000000E+00    9.805500000000000E-04    0.000000000000000E+00    1.064755000000000E-02    3.354303617475000E+40    4.391174144750000E+13    2.507813797000000E+13
                      146    7.053036953696417E+31    6.317919836089476E+33    1.930658532001672E+14    6.221937853336249E+07    7.219143088851798E-11    9.817831563104097E+03    4.430827744153339E+04    4.438529692594521E+04    2.534510931015000E-01    3.228002325179896E+03    6.353731097860747E+33    1.941286717541114E+14    2.499113000000000E-01    0.000000000000000E+00    5.810408000000000E-01    3.400201000000000E-02    3.080564000000000E-03    5.510904000000000E-02    8.913219000000000E-03    1.561258000000000E-04    2.868435000000000E-03    1.977440000000000E-02    2.017731000000000E-02    5.526255000000000E-03    7.671337000000000E-03    0.000000000000000E+00    0.000000000000000E+00    0.000000000000000E+00    0.000000000000000E+00    0.000000000000000E+00    9.583194000000001E-04    0.000000000000000E+00    1.053922000000000E-02    3.564303617475000E+40    4.343728799825000E+13    2.495259141925000E+13
                      147    7.162268261533343E+31    6.389542359632020E+33    1.951914903080556E+14    6.293937853336251E+07    7.136506241255699E-11    9.727821142300068E+03    4.420637123128523E+04    4.428321357579855E+04    2.534510931015000E-01    3.189624045322775E+03    6.426257353689525E+33    1.962706984963980E+14    2.537499000000000E-01    0.000000000000000E+00    5.801190000000001E-01    3.362926000000000E-02    3.102551000000000E-03    5.404105000000000E-02    8.836853000000000E-03    1.572401000000000E-04    2.869225000000000E-03    1.929693000000000E-02    1.968590000000000E-02    5.391032000000000E-03    7.482652000000000E-03    0.000000000000000E+00    0.000000000000000E+00    0.000000000000000E+00    0.000000000000000E+00    0.000000000000000E+00    9.360470000000000E-04    0.000000000000000E+00    1.042884000000000E-02    3.796858272550000E+40    4.293728799825000E+13    2.477813797000000E+13
                      148    7.343076359485787E+31    6.462972347747029E+33    1.973499066847405E+14    6.378065586089999E+07    7.042237647927416E-11    9.638635941994144E+03    4.410469939881681E+04    4.418136501084196E+04    2.534255465507500E-01    3.151171135523301E+03    6.512142741234585E+33    1.987802537551531E+14    2.577014000000000E-01    0.000000000000000E+00    5.791273000000000E-01    3.324645000000000E-02    3.124972000000000E-03    5.295962999999999E-02    8.758135000000000E-03    1.583764000000000E-04    2.870000000000000E-03    1.881423000000000E-02    1.918909000000000E-02    5.254324000000000E-03    7.291895999999999E-03    0.000000000000000E+00    0.000000000000000E+00    0.000000000000000E+00    0.000000000000000E+00    0.000000000000000E+00    9.135302000000000E-04    0.000000000000000E+00    1.031530000000000E-02    4.044303617475000E+40    4.246283454900000E+13    2.457813797000000E+13
                      149    9.834048871363287E+31    6.561313134722142E+33    2.002106008255658E+14    6.475821051597500E+07    6.929640054969734E-11    9.462711009571260E+03    4.397837007777731E+04    4.397837007777731E+04    2.534255465507500E-01    3.101021632613573E+03    6.613124136517986E+33    2.016989705914022E+14    2.630094000000000E-01    0.000000000000000E+00    5.777288000000000E-01    3.273362000000000E-02    3.154755000000000E-03    5.153482000000000E-02    8.652231999999999E-03    1.598859000000000E-04    2.870981000000000E-03    1.817945000000000E-02    1.853579000000000E-02    5.074551000000000E-03    7.041048000000001E-03    0.000000000000000E+00    0.000000000000000E+00    0.000000000000000E+00    0.000000000000000E+00    0.000000000000000E+00    8.839201999999999E-04    0.000000000000000E+00    1.016291000000000E-02    4.394303617475000E+40    4.178838109975000E+13    2.437813797000000E+13
                      150    1.036211684595418E+32    6.664935138313830E+33    2.031873403572386E+14    6.578576517105000E+07    6.818842773017417E-11    9.308675451170357E+03    4.377630782170983E+04    4.380108478374607E+04    2.534255465507500E-01    3.049672238310281E+03    6.720466454977750E+33    2.047614913905356E+14    2.686073000000000E-01    0.000000000000000E+00    5.761728000000000E-01    3.219453000000000E-02    3.185751000000000E-03    5.006621000000000E-02    8.540356000000001E-03    1.614567000000000E-04    2.871943000000000E-03    1.752665000000000E-02    1.786393000000000E-02    4.889672000000000E-03    6.783077000000000E-03    0.000000000000000E+00    0.000000000000000E+00    0.000000000000000E+00    0.000000000000000E+00    0.000000000000000E+00    8.534692000000000E-04    0.000000000000000E+00    1.000236000000000E-02    4.771748962400000E+40    4.111392765050000E+13    2.410368452075000E+13
                      151    1.110641644034400E+32    6.775997771641669E+33    2.063356424238326E+14    6.684204249858750E+07    6.706341270898004E-11    9.204825863964159E+03    4.357517395737794E+04    4.367562510763563E+04    2.534255465507500E-01    2.996261033949351E+03    6.830857005769293E+33    2.078729600927015E+14    2.745848000000000E-01    0.000000000000000E+00    5.744223000000001E-01    3.162085000000000E-02    3.218386000000000E-03    4.853541000000000E-02    8.420696000000000E-03    1.631108000000000E-04    2.872891000000000E-03    1.684786000000000E-02    1.716533000000000E-02    4.697438000000000E-03    6.514843000000000E-03    0.000000000000000E+00    0.000000000000000E+00    0.000000000000000E+00    0.000000000000000E+00    0.000000000000000E+00    8.218065000000000E-04    0.000000000000000E+00    9.831091000000000E-03    5.176639652250000E+40    4.043947420125000E+13    2.390368452075000E+13
                      152    1.097183489506555E+32    6.885716239896917E+33    2.094102777615704E+14    6.784959715366249E+07    6.583936747894143E-11    9.036818857803981E+03    4.337496421920921E+04    4.347495383835489E+04    2.534000000000000E-01    2.945058273782108E+03    6.935381747442277E+33    2.107862243717600E+14    2.804425000000000E-01    0.000000000000000E+00    5.726190000000000E-01    3.106063000000000E-02    3.249905999999999E-03    4.707214000000000E-02    8.303249000000000E-03    1.647082000000000E-04    2.873741000000000E-03    1.620070000000000E-02    1.649929000000000E-02    4.514160000000000E-03    6.259107000000000E-03    0.000000000000000E+00    0.000000000000000E+00    0.000000000000000E+00    0.000000000000000E+00    0.000000000000000E+00    7.916190000000001E-04    0.000000000000000E+00    9.663420000000001E-03    5.551530342100000E+40    3.966502075200000E+13    2.362923107150000E+13
                      153    9.933065717694438E+31    6.985047254987638E+33    2.121621709819496E+14    6.881215180873750E+07    6.478666879556673E-11    8.854204145806538E+03    4.317567436122951E+04    4.325076756043344E+04    2.676255465507500E-01    2.897432889180975E+03    7.036071840679620E+33    2.135561351585669E+14    2.856890000000000E-01    0.000000000000000E+00    5.709311000000000E-01    3.056052000000000E-02    3.277749000000000E-03    4.579207000000000E-02    8.197909999999999E-03    1.661193000000000E-04    2.874437000000000E-03    1.563598000000000E-02    1.591808000000000E-02    4.354229000000000E-03    6.035949000000000E-03    0.000000000000000E+00    0.000000000000000E+00    0.000000000000000E+00    0.000000000000000E+00    0.000000000000000E+00    7.652768000000000E-04    0.000000000000000E+00    9.513381000000000E-03    5.873866376875000E+40    3.899056730275000E+13    2.340368452075000E+13
                      154    1.020494696454459E+32    7.087096426371604E+33    2.149500993351843E+14    6.980842913627499E+07    6.401194515400035E-11    8.692596707224531E+03    4.297730015697328E+04    4.305204833426706E+04    2.677255465507500E-01    2.849743703620030E+03    7.141522187147414E+33    2.164224667984729E+14    2.910201000000000E-01    0.000000000000000E+00    5.691452000000000E-01    3.005400000000000E-02    3.305658000000000E-03    4.452105000000000E-02    8.090742999999999E-03    1.675337000000000E-04    2.875082000000000E-03    1.507664000000000E-02    1.534243000000000E-02    4.195826000000000E-03    5.814923000000000E-03    0.000000000000000E+00    0.000000000000000E+00    0.000000000000000E+00    0.000000000000000E+00    0.000000000000000E+00    7.391860000000000E-04    0.000000000000000E+00    9.361059999999999E-03    6.218757066724999E+40    3.851611385350000E+13    2.322923107150000E+13
                      155    1.088515414357221E+32    7.195947947923227E+33    2.178948342617614E+14    7.087342913627499E+07    6.298846493290898E-11    8.472578024548297E+03    4.277983739939379E+04    4.277983739939379E+04    2.677255465507500E-01    2.800178448861533E+03    7.253927991342912E+33    2.194504693417162E+14    2.966691000000000E-01    0.000000000000000E+00    5.671740000000000E-01    2.951914000000000E-02    3.334797000000000E-03    4.320731000000000E-02    7.977044000000001E-03    1.690106000000000E-04    2.875695000000000E-03    1.450009000000000E-02    1.474907000000000E-02    4.032549000000000E-03    5.587098000000000E-03    0.000000000000000E+00    0.000000000000000E+00    0.000000000000000E+00    0.000000000000000E+00    0.000000000000000E+00    7.122924000000000E-04    0.000000000000000E+00    9.199799999999999E-03    6.566202411650000E+40    3.791611385350000E+13    2.302923107150000E+13
                      156    1.159589932139400E+32    7.311908034762597E+33    2.210061044216711E+14    7.196842913627499E+07    6.169657059805131E-11    8.317936047676629E+03    4.255923561215982E+04    4.258328190077406E+04    2.677744534492500E-01    2.748875084886358E+03    7.368942589288763E+33    2.225267802745954E+14    3.027104000000000E-01    0.000000000000000E+00    5.649764000000000E-01    2.894931000000000E-02    3.365460000000000E-03    4.183988000000000E-02    7.855305000000000E-03    1.705646000000000E-04    2.876272000000000E-03    1.390181000000000E-02    1.413334000000000E-02    3.863121000000000E-03    5.350688000000000E-03    0.000000000000000E+00    0.000000000000000E+00    0.000000000000000E+00    0.000000000000000E+00    0.000000000000000E+00    6.843850999999998E-04    0.000000000000000E+00    9.027511000000000E-03    6.911093101500001E+40    3.714166040425000E+13    2.272923107150000E+13
                      157    1.140699243003820E+32    7.425977143814930E+33    2.240474561275197E+14    7.288470646381250E+07    6.039998068771763E-11    8.149848414222757E+03    4.229014065009139E+04    4.236369368668394E+04    2.677744534492500E-01    2.699780824719785E+03    7.465122968939362E+33    2.250865310426253E+14    3.087299000000000E-01    0.000000000000000E+00    5.626986000000000E-01    2.838370000000000E-02    3.395515000000000E-03    4.051426000000000E-02    7.733870000000000E-03    1.720878000000000E-04    2.876769000000000E-03    1.332367000000000E-02    1.353835000000000E-02    3.699397000000000E-03    5.122241000000000E-03    0.000000000000000E+00    0.000000000000000E+00    0.000000000000000E+00    0.000000000000000E+00    0.000000000000000E+00    6.574172000000001E-04    0.000000000000000E+00    8.856002999999999E-03    7.221093101500000E+40    3.636720695500000E+13    2.235477762225000E+13
                      158    7.829220700362883E+31    7.504268794063795E+33    2.261256059577310E+14    7.377098379135001E+07    5.932817982125078E-11    7.943567256531637E+03    4.209583510365902E+04    4.209583510365902E+04    2.677489068985000E-01    2.666832748742826E+03    7.557096867508501E+33    2.275270514429815E+14    3.129010000000000E-01    0.000000000000000E+00    5.610727000000000E-01    2.799297000000000E-02    3.416067000000000E-03    3.961568000000000E-02    7.649659000000000E-03    1.731294000000000E-04    2.877071000000000E-03    1.293279000000000E-02    1.313609000000000E-02    3.588706000000000E-03    4.967791000000000E-03    0.000000000000000E+00    0.000000000000000E+00    0.000000000000000E+00    0.000000000000000E+00    0.000000000000000E+00    6.391844000000000E-04    0.000000000000000E+00    8.737249000000001E-03    7.413647756575000E+40    3.571830005650000E+13    2.205477762225000E+13
                      159    1.056547947706995E+32    7.609924940953207E+33    2.289284969282320E+14    7.476726111888750E+07    5.808136304344545E-11    7.798580814340849E+03    4.190242231011878E+04    4.190242231011878E+04    2.676489068985000E-01    2.623346835879932E+03    7.657988784347721E+33    2.302139074662778E+14    3.185400000000000E-01    0.000000000000000E+00    5.588139000000000E-01    2.746629000000000E-02    3.443498000000000E-03    3.842629000000000E-02    7.535734000000001E-03    1.745196000000000E-04    2.877427000000000E-03    1.241674000000000E-02    1.260500000000000E-02    3.442568000000000E-03    4.763881000000000E-03    0.000000000000000E+00    0.000000000000000E+00    0.000000000000000E+00    0.000000000000000E+00    0.000000000000000E+00    6.151125000000000E-04    0.000000000000000E+00    8.576813000000001E-03    7.661093101500001E+40    3.501830005650000E+13    2.175477762225000E+13
                      160    9.612792539821103E+31    7.706052627742234E+33    2.314993180043236E+14    7.581853844642501E+07    5.633949830479640E-11    7.656240672954245E+03    4.168634506875985E+04    4.170989816764373E+04    2.675233603477500E-01    2.584678180167205E+03    7.762545340578636E+33    2.330116606018852E+14    3.236405000000000E-01    0.000000000000000E+00    5.567124000000000E-01    2.699142000000000E-02    3.467964000000000E-03    3.737495000000000E-02    7.432621000000000E-03    1.757596000000000E-04    2.877698000000000E-03    1.196187000000000E-02    1.213689000000000E-02    3.313758000000000E-03    4.584151000000000E-03    0.000000000000000E+00    0.000000000000000E+00    0.000000000000000E+00    0.000000000000000E+00    0.000000000000000E+00    5.938948000000000E-04    0.000000000000000E+00    8.431802000000000E-03    7.831093101500000E+40    3.394384660725000E+13    2.118032417300000E+13
                      161    1.129858034706801E+32    7.819038053415039E+33    2.345240031994469E+14    7.678353844642499E+07    5.493042704137279E-11    7.501524482724572E+03    4.142276924828987E+04    4.149481371102860E+04    2.827489068985000E-01    2.537796950933320E+03    7.858875845174474E+33    2.355834911651841E+14    3.295720000000000E-01    0.000000000000000E+00    5.541957000000000E-01    2.644113000000000E-02    3.495978000000000E-03    3.618286000000000E-02    7.312636000000000E-03    1.771794000000000E-04    2.877949000000000E-03    1.144775000000000E-02    1.160780000000000E-02    3.168170000000000E-03    4.381010000000000E-03    0.000000000000000E+00    0.000000000000000E+00    0.000000000000000E+00    0.000000000000000E+00    0.000000000000000E+00    5.699127999999999E-04    0.000000000000000E+00    8.263299000000000E-03    8.005983791350000E+40    3.306939315800000E+13    2.080587072375000E+13
                      162    7.967578235985794E+31    7.898713636933909E+33    2.366429791309214E+14    7.767353844642499E+07    5.405215025291254E-11    7.364606230428919E+03    4.123244891145000E+04    4.130416235995031E+04    2.833109310150000E-01    2.505419249099110E+03    7.948602840589724E+33    2.379706470827596E+14    3.337174000000000E-01    0.000000000000000E+00    5.523901000000000E-01    2.605780000000000E-02    3.515272000000000E-03    3.536930000000000E-02    7.228740000000000E-03    1.781572000000000E-04    2.878084000000000E-03    1.109796000000000E-02    1.124782000000000E-02    3.069116000000000E-03    4.242800000000000E-03    0.000000000000000E+00    0.000000000000000E+00    0.000000000000000E+00    0.000000000000000E+00    0.000000000000000E+00    5.535959999999999E-04    0.000000000000000E+00    8.145619000000000E-03    8.148319826125000E+40    3.259493970875000E+13    2.060587072375000E+13
                      163    9.977789032506179E+31    7.998492044245537E+33    2.392983150345978E+14    7.850353844642502E+07    5.294353986253408E-11    7.178200370842513E+03    4.104300301712736E+04    4.104300301712736E+04    2.837707689285000E-01    2.465618518253334E+03    8.032625088085942E+33    2.402079235092210E+14    3.388723000000000E-01    0.000000000000000E+00    5.500912999999999E-01    2.558259000000000E-02    3.538934000000000E-03    3.438002000000000E-02    7.124370000000000E-03    1.793564000000000E-04    2.878206000000000E-03    1.067387000000000E-02    1.081139000000000E-02    2.949025000000000E-03    4.075236000000000E-03    0.000000000000000E+00    0.000000000000000E+00    0.000000000000000E+00    0.000000000000000E+00    0.000000000000000E+00    5.338132999999999E-04    0.000000000000000E+00    7.999371999999999E-03    8.333210515975000E+40    3.184603281025000E+13    2.023141727450000E+13
                      164    6.826672397196409E+31    8.066758131926343E+33    2.411175319838442E+14    7.927853844642499E+07    5.197721135623938E-11    7.098221232449344E+03    4.085442754762366E+04    4.092548352327626E+04    2.841050602912500E-01    2.438819828137113E+03    8.111129498190970E+33    2.423028539021402E+14    3.423799000000001E-01    0.000000000000000E+00    5.484932000000000E-01    2.526018000000000E-02    3.554824000000000E-03    3.372104000000000E-02    7.053330000000000E-03    1.801617000000000E-04    2.878259000000000E-03    1.039218000000000E-02    1.052150000000000E-02    2.869258000000000E-03    3.963938000000000E-03    0.000000000000000E+00    0.000000000000000E+00    0.000000000000000E+00    0.000000000000000E+00    0.000000000000000E+00    5.206733000000000E-04    0.000000000000000E+00    7.899920000000000E-03    8.475546550750000E+40    3.127157936100000E+13    1.993141727450000E+13
                      165    8.874330916811650E+31    8.155500864455597E+33    2.434881758204361E+14    8.031853844642499E+07    5.091115799290773E-11    6.968664094057879E+03    4.066671850370005E+04    4.073744800679978E+04    2.843371654510000E-01    2.404589651296607E+03    8.215521016402618E+33    2.450976729216665E+14    3.469094000000000E-01    0.000000000000000E+00    5.463903000000000E-01    2.484496000000000E-02    3.575094000000000E-03    3.288654000000000E-02    6.961572000000000E-03    1.811890000000000E-04    2.878294000000000E-03    1.003641000000000E-02    1.015539000000000E-02    2.768517000000000E-03    3.823374000000000E-03    0.000000000000000E+00    0.000000000000000E+00    0.000000000000000E+00    0.000000000000000E+00    0.000000000000000E+00    5.040776000000000E-04    0.000000000000000E+00    7.771562000000001E-03    8.577882585525000E+40    3.067157936100000E+13    1.965696382525000E+13
                      166    1.200389716594279E+32    8.275541168349640E+33    2.467071700228968E+14    8.142353844642501E+07    4.952368759687147E-11    6.778748650929069E+03    4.045701338726631E+04    4.045701338726631E+04    2.846459102630000E-01    2.359333043879270E+03    8.325323992077370E+33    2.480514146435251E+14    3.529717000000000E-01    0.000000000000000E+00    5.435063999999999E-01    2.429122000000000E-02    3.601780000000000E-03    3.179867000000000E-02    6.838733000000000E-03    1.825415000000000E-04    2.878281000000000E-03    9.574345000000000E-03    9.679884000000000E-03    2.637675000000000E-03    3.640812000000000E-03    0.000000000000000E+00    0.000000000000000E+00    0.000000000000000E+00    0.000000000000000E+00    0.000000000000000E+00    4.825227999999999E-04    0.000000000000000E+00    7.599889000000000E-03    8.720000000000000E+40    2.982267246250000E+13    1.925696382525000E+13
                      167    9.956521000529193E+31    8.375106815805101E+33    2.493956592641533E+14    8.260353844642501E+07    4.806323242751561E-11    6.655022544299064E+03    4.020121042637529E+04    4.027113029554808E+04    2.848291085242500E-01    2.322630300858158E+03    8.440362450941671E+33    2.511820637632518E+14    3.579402000000000E-01    0.000000000000000E+00    5.410847000000000E-01    2.383910000000000E-02    3.623272000000000E-03    3.093141000000000E-02    6.738041000000000E-03    1.836308000000000E-04    2.878221000000000E-03    9.207442999999999E-03    9.302316000000000E-03    2.533783000000000E-03    3.495852000000000E-03    0.000000000000000E+00    0.000000000000000E+00    0.000000000000000E+00    0.000000000000000E+00    0.000000000000000E+00    4.654072000000000E-04    0.000000000000000E+00    7.459289000000000E-03    8.834672069549999E+40    2.894821901325000E+13    1.870805692675000E+13
                      168    1.305115088823217E+32    8.505618086078239E+33    2.529684682623502E+14    8.386353844642499E+07    4.619442340808228E-11    6.473654704140024E+03    3.999390578455925E+04    3.999390578455925E+04    2.849356671332500E-01    2.275740657463590E+03    8.562051146618521E+33    2.545199675109833E+14    3.643749000000000E-01    0.000000000000000E+00    5.378702000000000E-01    2.325588000000000E-02    3.650592000000000E-03    2.984087000000000E-02    6.607621999999999E-03    1.850153000000000E-04    2.878077000000001E-03    8.748092000000001E-03    8.829617000000000E-03    2.403714000000000E-03    3.314370000000000E-03    0.000000000000000E+00    0.000000000000000E+00    0.000000000000000E+00    0.000000000000000E+00    0.000000000000000E+00    4.439786000000000E-04    0.000000000000000E+00    7.277330000000000E-03    8.956789484025001E+40    2.779931211475000E+13    1.810805692675000E+13
                      169    1.128673141264852E+32    8.618484207158802E+33    2.560714667596164E+14    8.485226111888750E+07    4.483214834870222E-11    6.297229641142943E+03    3.971858967368068E+04    3.971858967368068E+04    2.988509705542500E-01    2.234294133063792E+03    8.657791093482762E+33    2.571460097653749E+14    3.698877000000000E-01    0.000000000000000E+00    5.350475000000000E-01    2.275832000000000E-02    3.673536000000000E-03    2.893534000000000E-02    6.495891000000000E-03    1.861782000000000E-04    2.877894000000000E-03    8.368482000000000E-03    8.438981000000000E-03    2.296227000000000E-03    3.164396000000000E-03    0.000000000000000E+00    0.000000000000000E+00    0.000000000000000E+00    0.000000000000000E+00    0.000000000000000E+00    4.262696000000000E-04    0.000000000000000E+00    7.121557000000000E-03    9.058906898500000E+40    2.702485866550000E+13    1.770805692675000E+13
                      170    7.861399137300390E+31    8.697097979806720E+33    2.582205527711334E+14    8.563726111888750E+07    4.421702821310013E-11    6.182292246916521E+03    3.953609933074409E+04    3.953609933074409E+04    2.991064360617500E-01    2.205960185479521E+03    8.734679920567849E+33    2.592470282138482E+14    3.737059000000000E-01    0.000000000000000E+00    5.330570000000000E-01    2.241482000000000E-02    3.689185000000000E-03    2.832304000000000E-02    6.418513000000000E-03    1.869712000000000E-04    2.877737000000000E-03    8.112761000000000E-03    8.175836000000001E-03    2.223820000000000E-03    3.063369000000000E-03    0.000000000000000E+00    0.000000000000000E+00    0.000000000000000E+00    0.000000000000000E+00    0.000000000000000E+00    4.143400000000000E-04    0.000000000000000E+00    7.013728000000000E-03    9.141242933275000E+40    2.665040521625000E+13    1.753360347750000E+13
                      171    7.516368268126993E+31    8.772261861328978E+33    2.602735036565630E+14    8.638726111888750E+07    4.351004682544393E-11    6.069452696558705E+03    3.935444745477077E+04    3.935444745477077E+04    2.992597153662500E-01    2.179313762210381E+03    8.808347523662406E+33    2.612599868617466E+14    3.773386000000000E-01    0.000000000000000E+00    5.311366000000000E-01    2.208884000000000E-02    3.703890000000000E-03    2.775158000000000E-02    6.344900000000000E-03    1.877165000000000E-04    2.877566000000000E-03    7.874826000000000E-03    7.930994000000000E-03    2.156450000000000E-03    2.969370000000000E-03    0.000000000000000E+00    0.000000000000000E+00    0.000000000000000E+00    0.000000000000000E+00    0.000000000000000E+00    4.032399000000000E-04    0.000000000000000E+00    6.911180000000000E-03    9.213797588349999E+40    2.617595176700000E+13    1.725915002825000E+13
                      172    7.217142408734997E+31    8.844433185995834E+33    2.622464700669302E+14    8.727598379135001E+07    4.281436928842382E-11    6.013807619765897E+03    3.917363019335486E+04    3.926393473732610E+04    2.997597153662500E-01    2.154072659248601E+03    8.895456777482881E+33    2.636451426975298E+14    3.808062000000000E-01    0.000000000000000E+00    5.292795000000000E-01    2.177844000000000E-02    3.717758000000000E-03    2.721613000000000E-02    6.274642000000000E-03    1.884194000000000E-04    2.877382000000000E-03    7.652565000000000E-03    7.702283000000000E-03    2.093518000000000E-03    2.881564000000001E-03    0.000000000000000E+00    0.000000000000000E+00    0.000000000000000E+00    0.000000000000000E+00    0.000000000000000E+00    3.928708000000000E-04    0.000000000000000E+00    6.813330000000000E-03    9.278906898500000E+40    2.577595176700000E+13    1.705915002825000E+13
                      173    1.020474414673778E+32    8.946480368969928E+33    2.650438153281293E+14    8.835098379134998E+07    4.193624594960086E-11    5.904043260423090E+03    3.899364371179079E+04    3.908353334407122E+04    3.012509705542500E-01    2.118840495635563E+03    9.000834546990394E+33    2.665370984951241E+14    3.856622000000001E-01    0.000000000000000E+00    5.266404000000000E-01    2.134501000000000E-02    3.736909000000000E-03    2.648230000000000E-02    6.176275000000000E-03    1.893900000000000E-04    2.877093000000000E-03    7.349041000000000E-03    7.389954000000000E-03    2.007578000000000E-03    2.761657000000000E-03    0.000000000000000E+00    0.000000000000000E+00    0.000000000000000E+00    0.000000000000000E+00    0.000000000000000E+00    3.787105000000000E-04    0.000000000000000E+00    6.676365000000000E-03    9.349125518800000E+40    2.522704486850000E+13    1.675915002825000E+13
                      174    1.087064869356547E+32    9.055188725010861E+33    2.680303816621189E+14    8.942098379135001E+07    4.088740524562857E-11    5.743141690635656E+03    3.881448419299180E+04    3.881448419299180E+04    3.029166791915000E-01    2.081958585416434E+03    9.104884058704285E+33    2.694010754914868E+14    3.907539000000000E-01    0.000000000000000E+00    5.238252000000000E-01    2.089215000000000E-02    3.756642000000000E-03    2.573300000000000E-02    6.073172000000000E-03    1.903900000000000E-04    2.876748000000000E-03    7.040511000000000E-03    7.072478000000000E-03    1.920223000000000E-03    2.639775000000000E-03    0.000000000000000E+00    0.000000000000000E+00    0.000000000000000E+00    0.000000000000000E+00    0.000000000000000E+00    3.643164000000000E-04    0.000000000000000E+00    6.532834000000000E-03    9.424453449250001E+40    2.462704486850000E+13    1.648469657900000E+13
                      175    9.939243707162696E+31    9.154579392397704E+33    2.707717693208547E+14    9.035226111888750E+07    3.986479642763938E-11    5.638317541253883E+03    3.861436832988075E+04    3.863614783740927E+04    3.043079343795000E-01    2.048795922651219E+03    9.194646845497205E+33    2.718846616849682E+14    3.953247999999999E-01    0.000000000000000E+00    5.212546000000000E-01    2.048706000000000E-02    3.774041000000001E-03    2.507838000000000E-02    5.980649000000000E-03    1.912719000000000E-04    2.876404000000000E-03    6.772245000000000E-03    6.796436000000000E-03    1.844269000000000E-03    2.533801000000000E-03    0.000000000000000E+00    0.000000000000000E+00    0.000000000000000E+00    0.000000000000000E+00    0.000000000000000E+00    3.518004000000000E-04    0.000000000000000E+00    6.404048000000000E-03    9.484672069550000E+40    2.405259141925000E+13    1.608469657900000E+13
                      176    8.013401141456030E+31    9.234714298596706E+33    2.729975540490818E+14    9.140226111888751E+07    3.886776342666148E-11    5.535406648219505E+03    3.843695142317055E+04    3.845863086295169E+04    3.052758292197500E-01    2.022458248021989E+03    9.295468173786014E+33    2.746863568213260E+14    3.989605000000000E-01    0.000000000000000E+00    5.191801000000000E-01    2.016588000000000E-02    3.787659000000000E-03    2.457019000000000E-02    5.907087000000000E-03    1.919620000000000E-04    2.876104000000000E-03    6.564889000000000E-03    6.583073000000000E-03    1.785561000000000E-03    2.451890000000000E-03    0.000000000000000E+00    0.000000000000000E+00    0.000000000000000E+00    0.000000000000000E+00    0.000000000000000E+00    3.421260000000000E-04    0.000000000000000E+00    6.301659000000000E-03    9.527445344925000E+40    2.340368452075000E+13    1.578469657900000E+13
                      177    1.215080287559984E+32    9.356222048975323E+33    2.763751595935702E+14    9.255598379135001E+07    3.807058503164947E-11    5.423625803625513E+03    3.826034967310147E+04    3.826034967310147E+04    3.186247361182500E-01    1.981597322909971E+03    9.406565604286590E+33    2.777643219411517E+14    4.044278000000000E-01    0.000000000000000E+00    5.160099000000000E-01    1.968466000000000E-02    3.807757000000000E-03    2.382707000000000E-02    5.796526999999999E-03    1.929806000000000E-04    2.875612000000000E-03    6.263234999999999E-03    6.272683000000001E-03    1.700157000000000E-03    2.332732000000000E-03    0.000000000000000E+00    0.000000000000000E+00    0.000000000000000E+00    0.000000000000000E+00    0.000000000000000E+00    3.280517000000000E-04    0.000000000000000E+00    6.147768000000000E-03    9.597663965225000E+40    2.290368452075000E+13    1.551024312975000E+13
                      178    1.006875083045113E+32    9.456909159597858E+33    2.791534842887332E+14    9.352598379135001E+07    3.754823702269447E-11    5.286272309663399E+03    3.801839855583975E+04    3.801839855583975E+04    3.199670844077500E-01    1.948304188522988E+03    9.501297427346387E+33    2.803754336107346E+14    4.089592000000000E-01    0.000000000000000E+00    5.133380000000000E-01    1.928740000000000E-02    3.824077000000000E-03    2.322970000000000E-02    5.704953000000000E-03    1.938077000000000E-04    2.875168000000000E-03    6.022147000000000E-03    6.024618000000000E-03    1.631901000000000E-03    2.237501000000000E-03    0.000000000000000E+00    0.000000000000000E+00    0.000000000000000E+00    0.000000000000000E+00    0.000000000000000E+00    3.168029000000000E-04    0.000000000000000E+00    6.020290000000001E-03    9.677882585525001E+40    2.260368452075000E+13    1.533578968050000E+13
                      179    8.877534245113343E+31    9.545685695094914E+33    2.815973829327361E+14    9.455598379135001E+07    3.694788223208277E-11    5.189786966255512E+03    3.782238707200101E+04    3.784371988151231E+04    3.209349792480000E-01    1.919396811631197E+03    9.602621823332483E+33    2.831651119995609E+14    4.129616000000000E-01    0.000000000000000E+00    5.109472000000000E-01    1.893762000000000E-02    3.838253000000000E-03    2.271491000000000E-02    5.624114000000000E-03    1.945262000000000E-04    2.874751000000000E-03    5.815384000000000E-03    5.811873000000000E-03    1.573365000000000E-03    2.155830000000000E-03    0.000000000000000E+00    0.000000000000000E+00    0.000000000000000E+00    0.000000000000000E+00    0.000000000000000E+00    3.071553000000000E-04    0.000000000000000E+00    5.907738000000000E-03    9.765546550750000E+40    2.222923107150000E+13    1.513578968050000E+13
                      180    1.138725348525178E+32    9.659557951570050E+33    2.847328410663858E+14    9.554098379135001E+07    3.619008062838505E-11    5.084985493262108E+03    3.764860898863618E+04    3.764860898863618E+04    3.217773275375000E-01    1.882971134835886E+03    9.699188948702935E+33    2.858242608842971E+14    4.180823000000000E-01    0.000000000000000E+00    5.078480000000000E-01    1.849162000000000E-02    3.856072000000000E-03    2.207315000000000E-02    5.520759000000000E-03    1.954292000000000E-04    2.874183000000000E-03    5.558960000000000E-03    5.548035000000000E-03    1.500770000000000E-03    2.054546000000000E-03    0.000000000000000E+00    0.000000000000000E+00    0.000000000000000E+00    0.000000000000000E+00    0.000000000000000E+00    2.951903000000000E-04    0.000000000000000E+00    5.763801000000000E-03    9.893210515975001E+40    2.175477762225000E+13    1.493578968050000E+13
                      181    7.926203403396309E+31    9.738819945835817E+33    2.869156807022085E+14    9.636098379135001E+07    3.552953721464440E-11    4.992174048296536E+03    3.747562934303785E+04    3.747562934303785E+04    3.223963154792500E-01    1.858025490485695E+03    9.779371576738832E+33    2.880344106546293E+14    4.216262000000000E-01    0.000000000000000E+00    5.056773000000000E-01    1.818392000000000E-02    3.868197000000000E-03    2.163978000000000E-02    5.449278000000000E-03    1.960438000000000E-04    2.873769000000000E-03    5.386673000000000E-03    5.370768000000000E-03    1.451996000000000E-03    1.986497000000000E-03    0.000000000000000E+00    0.000000000000000E+00    0.000000000000000E+00    0.000000000000000E+00    0.000000000000000E+00    2.871509000000000E-04    0.000000000000000E+00    5.664225000000000E-03    9.980874481199999E+40    2.138032417300000E+13    1.466133623125000E+13
                      182    8.110435543146095E+31    9.819923207641848E+33    2.891531406070501E+14    9.722598379135001E+07    3.488105007692913E-11    4.901056603112884E+03    3.730344446671774E+04    3.730344446671774E+04    3.228408499717500E-01    1.832886127045412E+03    9.863937654334685E+33    2.903712940502166E+14    4.252309000000001E-01    0.000000000000000E+00    5.034480000000000E-01    1.787175000000000E-02    3.880359000000000E-03    2.120789000000000E-02    5.376612000000000E-03    1.966601000000000E-04    2.873331000000000E-03    5.215707000000000E-03    5.194865000000000E-03    1.403597000000000E-03    1.918971000000000E-03    0.000000000000000E+00    0.000000000000000E+00    0.000000000000000E+00    0.000000000000000E+00    0.000000000000000E+00    2.791731000000000E-04    0.000000000000000E+00    5.562971000000000E-03    1.005109310150000E+41    2.100587072375000E+13    1.446133623125000E+13
                      183    8.802787929663933E+31    9.907952101027522E+33    2.915894474933831E+14    9.820098379134998E+07    3.424439916340224E-11    4.811602238730566E+03    3.713205070804264E+04    3.713205070804264E+04    3.231853844642500E-01    1.805981923925865E+03    9.958472624817284E+33    2.929974193009209E+14    4.291213000000000E-01    0.000000000000000E+00    5.010183000000000E-01    1.753575000000000E-02    3.893290000000001E-03    2.075164000000000E-02    5.298237000000000E-03    1.973155000000000E-04    2.872839000000000E-03    5.035931000000000E-03    5.009897000000000E-03    1.352704000000000E-03    1.847967000000000E-03    0.000000000000000E+00    0.000000000000000E+00    0.000000000000000E+00    0.000000000000000E+00    0.000000000000000E+00    2.707838000000000E-04    0.000000000000000E+00    5.453724000000000E-03    1.015109310150000E+41    2.060587072375000E+13    1.426133623125000E+13
                      184    1.010404908247576E+32    1.000899314860704E+34    2.944053911084585E+14    9.937598379135001E+07    3.338793433417513E-11    4.723780600504094E+03    3.696144443215727E+04    3.696144443215727E+04    3.233299189567500E-01    1.775647819895220E+03    1.007149185345789E+34    2.961483731390171E+14    4.335574000000000E-01    0.000000000000000E+00    4.982190000000001E-01    1.715376000000000E-02    3.907797000000000E-03    2.024336000000000E-02    5.208936000000000E-03    1.980507000000000E-04    2.872254000000000E-03    4.836683000000000E-03    4.804899000000000E-03    1.296300000000000E-03    1.769274000000000E-03    0.000000000000000E+00    0.000000000000000E+00    0.000000000000000E+00    0.000000000000000E+00    0.000000000000000E+00    2.614857000000000E-04    0.000000000000000E+00    5.329197000000000E-03    1.025109310150000E+41    2.013141727450000E+13    1.396133623125000E+13
                      185    1.249989805454894E+32    1.013399055830873E+34    2.978913551695758E+14    1.005359837913500E+08    3.262793216218441E-11    4.637561887822602E+03    3.672770734265400E+04    3.679162202090678E+04    3.362788258552500E-01    1.737480551183401E+03    1.018399608394199E+34    2.992759973024932E+14    4.389775000000000E-01    0.000000000000000E+00    4.947584000000000E-01    1.668864000000000E-02    3.925183000000000E-03    1.963920000000000E-02    5.099925000000000E-03    1.989319000000000E-04    2.871508000000000E-03    4.601312000000000E-03    4.562740000000000E-03    1.229673000000000E-03    1.676317000000000E-03    0.000000000000000E+00    0.000000000000000E+00    0.000000000000000E+00    0.000000000000000E+00    0.000000000000000E+00    2.505014000000000E-04    0.000000000000000E+00    5.177104000000000E-03    1.037663965225000E+41    1.965696382525000E+13    1.368688278200000E+13
                      186    1.000096991477878E+32    1.023400160957523E+34    3.006606394354107E+14    1.015797064638125E+08    3.218026015012926E-11    4.511175451473293E+03    3.653835027639953E+04    3.653835027639953E+04    3.367978137970000E-01    1.707527506661108E+03    1.028644393150503E+34    3.021092443201444E+14    4.432437000000000E-01    0.000000000000000E+00    4.920026000000000E-01    1.632384000000000E-02    3.938594000000000E-03    1.917696000000000E-02    5.014207000000000E-03    1.996116000000000E-04    2.870895000000000E-03    4.422420000000000E-03    4.378692000000000E-03    1.179034000000000E-03    1.605669000000000E-03    0.000000000000000E+00    0.000000000000000E+00    0.000000000000000E+00    0.000000000000000E+00    0.000000000000000E+00    2.421525000000000E-04    0.000000000000000E+00    5.057435000000000E-03    1.055109310150000E+41    1.935696382525000E+13    1.351242933275000E+13
                      187    1.048857971373058E+32    1.033888625343482E+34    3.035578492048782E+14    1.025947064638125E+08    3.166573337400966E-11    4.428837220086161E+03    3.637047180621578E+04    3.637047180621578E+04    3.369678948402500E-01    1.676674195319682E+03    1.038659715407728E+34    3.048748088812885E+14    4.476611000000000E-01    0.000000000000000E+00    4.891186000000000E-01    1.594738000000000E-02    3.952216000000000E-03    1.871108000000000E-02    4.925541000000000E-03    2.003019000000000E-04    2.870236000000000E-03    4.243287000000000E-03    4.194400000000000E-03    1.128328000000000E-03    1.534927000000000E-03    0.000000000000000E+00    0.000000000000000E+00    0.000000000000000E+00    0.000000000000000E+00    0.000000000000000E+00    2.337920000000000E-04    0.000000000000000E+00    4.933569000000000E-03    1.065109310150000E+41    1.908251037600000E+13    1.338688278200000E+13
                      188    9.542118487786883E+31    1.043430805471974E+34    3.061917685576989E+14    1.035047064638125E+08    3.115943331209644E-11    4.348001830789945E+03    3.612009923939398E+04    3.620336466753818E+04    3.371124293327500E-01    1.649059545277216E+03    1.047633210313201E+34    3.073519463460799E+14    4.516611000000000E-01    0.000000000000000E+00    4.864790000000000E-01    1.560766000000000E-02    3.964305000000000E-03    1.830086000000000E-02    4.845335000000000E-03    2.009146000000000E-04    2.869617000000000E-03    4.086644000000000E-03    4.033249000000000E-03    1.083990000000000E-03    1.473069000000000E-03    0.000000000000000E+00    0.000000000000000E+00    0.000000000000000E+00    0.000000000000000E+00    0.000000000000000E+00    2.264808000000000E-04    0.000000000000000E+00    4.821442000000000E-03    1.077663965225000E+41    1.878251037600000E+13    1.321242933275000E+13
                      189    8.404863369520098E+31    1.051835615154428E+34    3.085121241344609E+14    1.043697064638125E+08    3.064548685794741E-11    4.268641853625137E+03    3.595414245816756E+04    3.603702531642033E+04    3.370080569267500E-01    1.625140314369756E+03    1.056141616149918E+34    3.097027232528049E+14    4.551961000000000E-01    0.000000000000000E+00    4.841247000000000E-01    1.530835000000000E-02    3.974798000000000E-03    1.794730000000000E-02    4.774520000000000E-03    2.014464000000000E-04    2.869053000000000E-03    3.952498000000000E-03    3.895244000000000E-03    1.046020000000000E-03    1.420097000000000E-03    0.000000000000000E+00    0.000000000000000E+00    0.000000000000000E+00    0.000000000000000E+00    0.000000000000000E+00    2.202194000000000E-04    0.000000000000000E+00    4.722378000000000E-03    1.087663965225000E+41    1.840805692675000E+13    1.301242933275000E+13
                      190    8.612029828718515E+31    1.060447617145408E+34    3.108933223711490E+14    1.053197064638125E+08    3.010159793997526E-11    4.190730359285491E+03    3.585126432808299E+04    3.587145022519892E+04    3.369292310715000E-01    1.601033673519342E+03    1.065456123348216E+34    3.122826968902417E+14    4.588404000000000E-01    0.000000000000000E+00    4.816776000000000E-01    1.500065000000000E-02    3.985434000000000E-03    1.759115000000000E-02    4.701584000000000E-03    2.019855000000000E-04    2.868456000000000E-03    3.818188000000000E-03    3.757073000000000E-03    1.008005000000000E-03    1.367062000000000E-03    0.000000000000000E+00    0.000000000000000E+00    0.000000000000000E+00    0.000000000000000E+00    0.000000000000000E+00    2.139501000000000E-04    0.000000000000000E+00    4.620281000000000E-03    1.097663965225000E+41    1.810805692675000E+13    1.281242933275000E+13
                      191    1.001690105466281E+32    1.070464629551024E+34    3.136720714093344E+14    1.063034291362750E+08    2.953700967677667E-11    4.114240909979941E+03    3.562451289877778E+04    3.570663588241868E+04    3.366248586655000E-01    1.573454173582641E+03    1.075026141214899E+34    3.149454735095689E+14    4.631008999999999E-01    0.000000000000000E+00    4.787925000000000E-01    1.464198000000000E-02    3.997650000000000E-03    1.718486000000000E-02    4.616397000000000E-03    2.026046000000000E-04    2.867738000000000E-03    3.665978000000000E-03    3.600491000000000E-03    9.649247000000001E-04    1.306961000000000E-03    0.000000000000000E+00    0.000000000000000E+00    0.000000000000000E+00    0.000000000000000E+00    0.000000000000000E+00    2.068449000000000E-04    0.000000000000000E+00    4.500949000000000E-03    1.117663965225000E+41    1.780805692675000E+13    1.261242933275000E+13
                      192    9.122955721814121E+31    1.079587652878774E+34    3.162188756098034E+14    1.072647064638125E+08    2.886466525187813E-11    4.039147550461483E+03    3.546083312995275E+04    3.554257879275799E+04    3.361460328102500E-01    1.548786365660093E+03    1.084345718858367E+34    3.175477687699804E+14    4.669848000000000E-01    0.000000000000000E+00    4.761412000000000E-01    1.431595000000000E-02    4.008592000000000E-03    1.682331000000000E-02    4.538817000000000E-03    2.031591000000000E-04    2.867068000000000E-03    3.531432000000000E-03    3.462083000000000E-03    9.268448000000000E-04    1.253836000000000E-03    0.000000000000000E+00    0.000000000000000E+00    0.000000000000000E+00    0.000000000000000E+00    0.000000000000000E+00    2.005640000000000E-04    0.000000000000000E+00    4.392194000000000E-03    1.127663965225000E+41    1.735915002825000E+13    1.233797588350000E+13
                      193    9.516175704203885E+31    1.089103784837960E+34    3.188766619301575E+14    1.083047064638125E+08    2.835238193837610E-11    3.957638353576489E+03    3.529790540135349E+04    3.535936654073024E+04    3.478949397087500E-01    1.522616149497729E+03    1.094498738499138E+34    3.203739387674939E+14    4.710145000000000E-01    0.000000000000000E+00    4.733701000000000E-01    1.397858000000000E-02    4.019756000000000E-03    1.645663000000000E-02    4.458400000000000E-03    2.037249000000000E-04    2.866356000000000E-03    3.395861000000000E-03    3.322625000000000E-03    8.884760000000000E-04    1.200309000000000E-03    0.000000000000000E+00    0.000000000000000E+00    0.000000000000000E+00    0.000000000000000E+00    0.000000000000000E+00    1.942350000000000E-04    0.000000000000000E+00    4.279382000000000E-03    1.137663965225000E+41    1.705915002825000E+13    1.216352243425000E+13
                      194    1.078997095147176E+32    1.099893692160316E+34    3.218712156048303E+14    1.094397064638125E+08    2.802783490607720E-11    3.857355964537339E+03    3.513572625766895E+04    3.513572625766895E+04    3.477416604042500E-01    1.493478831291195E+03    1.105690702297349E+34    3.234748272566658E+14    4.755244000000000E-01    0.000000000000000E+00    4.702449000000000E-01    1.360210000000000E-02    4.032027000000000E-03    1.605618000000000E-02    4.368491000000000E-03    2.043468000000000E-04    2.865542000000000E-03    3.248863000000000E-03    3.171413000000001E-03    8.468742000000001E-04    1.142271000000000E-03    0.000000000000000E+00    0.000000000000000E+00    0.000000000000000E+00    0.000000000000000E+00    0.000000000000000E+00    1.873722000000000E-04    0.000000000000000E+00    4.153158000000000E-03    1.157663965225000E+41    1.685915002825000E+13    1.206352243425000E+13
                      195    1.159395664495033E+32    1.111487712434383E+34    3.250784389085012E+14    1.105147064638125E+08    2.757970081801949E-11    3.786951283680408E+03    3.495461121894790E+04    3.497429225946398E+04    3.474372879982500E-01    1.462796201429453E+03    1.116336549324573E+34    3.264181906632899E+14    4.802670999999999E-01    0.000000000000000E+00    4.669314000000000E-01    1.320739000000000E-02    4.044678000000000E-03    1.564621000000000E-02    4.274048000000000E-03    2.049880000000000E-04    2.864664000000000E-03    3.099590000000000E-03    3.017866000000000E-03    8.046300000000000E-04    1.083339000000000E-03    0.000000000000000E+00    0.000000000000000E+00    0.000000000000000E+00    0.000000000000000E+00    0.000000000000000E+00    1.804027000000000E-04    0.000000000000000E+00    4.020449000000000E-03    1.177663965225000E+41    1.658469657900000E+13    1.193797588350000E+13
                      196    9.697805015432928E+31    1.121185386214764E+34    3.277579424180788E+14    1.114534291362750E+08    2.713873189850063E-11    3.683746347778728E+03    3.473353092503772E+04    3.473353092503772E+04    3.469584621430000E-01    1.437605525301813E+03    1.125637237074270E+34    3.289883289830744E+14    4.841345000000000E-01    0.000000000000000E+00    4.642094000000000E-01    1.288647000000000E-02    4.054803000000000E-03    1.532028000000000E-02    4.197118000000000E-03    2.055011000000000E-04    2.863933000000000E-03    2.981849000000000E-03    2.896757000000000E-03    7.713106999999999E-04    1.036857000000000E-03    0.000000000000000E+00    0.000000000000000E+00    0.000000000000000E+00    0.000000000000000E+00    0.000000000000000E+00    1.749051000000000E-04    0.000000000000000E+00    3.912259000000000E-03    1.187663965225000E+41    1.631024312975000E+13    1.176352243425000E+13
                      197    8.903652008764963E+31    1.130089087933776E+34    3.302187155480700E+14    1.123484291362750E+08    2.670481358439858E-11    3.616510399539146E+03    3.457394484652933E+04    3.457394484652933E+04    3.464307293892500E-01    1.414874990554160E+03    1.134506638723012E+34    3.314418982617714E+14    4.875944000000000E-01    0.000000000000000E+00    4.617592000000000E-01    1.260005000000000E-02    4.063717000000000E-03    1.503489000000000E-02    4.128356000000000E-03    2.059529000000000E-04    2.863267000000000E-03    2.879468000000000E-03    2.791449000000000E-03    7.423388000000000E-04    9.964405000000001E-04    0.000000000000000E+00    0.000000000000000E+00    0.000000000000000E+00    0.000000000000000E+00    0.000000000000000E+00    1.701245000000000E-04    0.000000000000000E+00    3.815485000000000E-03    1.207663965225000E+41    1.608469657900000E+13    1.156352243425000E+13
                      198    8.835129416210838E+31    1.138924189512248E+34    3.326650809754729E+14    1.132434291362750E+08    2.627783314432895E-11    3.550501645657947E+03    3.441509199944822E+04    3.441509199944822E+04    3.459029966355000E-01    1.392672073498090E+03    1.143353869601696E+34    3.338953963006039E+14    4.909367000000000E-01    0.000000000000000E+00    4.593790000000000E-01    1.232400000000000E-02    4.072200000000000E-03    1.476473000000000E-02    4.061990000000000E-03    2.063828000000000E-04    2.862614000000000E-03    2.783191000000000E-03    2.692422000000000E-03    7.150950000000000E-04    9.584350999999999E-04    0.000000000000000E+00    0.000000000000000E+00    0.000000000000000E+00    0.000000000000000E+00    0.000000000000000E+00    1.656286000000000E-04    0.000000000000000E+00    3.722020000000000E-03    1.217663965225000E+41    1.581024312975000E+13    1.138140501977500E+13
                      199    8.859256781581887E+31    1.147783549691144E+34    3.351257116257349E+14    1.141647064638125E+08    2.579820863646732E-11    3.485697687313766E+03    3.425696901490197E+04    3.425696901490197E+04    3.452497173310000E-01    1.370787908621709E+03    1.152394970442773E+34    3.364137842621364E+14    4.942044000000000E-01    0.000000000000000E+00    4.570395000000000E-01    1.205469000000000E-02    4.080373000000000E-03    1.450576000000000E-02    3.997157000000000E-03    2.067970000000000E-04    2.861966000000000E-03    2.691519000000000E-03    2.598133000000000E-03    6.891549000000000E-04    9.222486000000000E-04    0.000000000000000E+00    0.000000000000000E+00    0.000000000000000E+00    0.000000000000000E+00    0.000000000000000E+00    1.613476000000000E-04    0.000000000000000E+00    3.630653000000000E-03    1.230218620300000E+41    1.553578968050000E+13    1.126607708932500E+13
                      200    9.222881271456180E+31    1.157006391194402E+34    3.377018568985379E+14    1.152159837913500E+08    2.526908700090398E-11    3.422076534509792E+03    3.409957253947679E+04    3.409957253947679E+04    3.444475311280000E-01    1.348398010238799E+03    1.162679423975997E+34    3.392875535112726E+14    4.975398000000000E-01    0.000000000000000E+00    4.546390000000000E-01    1.178039000000000E-02    4.088593000000000E-03    1.424661000000000E-02    3.931038000000000E-03    2.072136000000000E-04    2.861295000000000E-03    2.600410000000000E-03    2.504425000000000E-03    6.633750000000001E-04    8.862859000000000E-04    0.000000000000000E+00    0.000000000000000E+00    0.000000000000000E+00    0.000000000000000E+00    0.000000000000000E+00    1.570927000000000E-04    0.000000000000000E+00    3.537408000000000E-03    1.240218620300000E+41    1.523578968050000E+13    1.099673295022500E+13
                      201    1.134604766750131E+32    1.168352456757592E+34    3.408732501240074E+14    1.164597064638125E+08    2.480787418513050E-11    3.359616598611945E+03    3.392379858917996E+04    3.394289923516657E+04    3.551964380265000E-01    1.320493407055254E+03    1.174911922659545E+34    3.426947169243481E+14    5.015953000000000E-01    0.000000000000000E+00    4.517040000000000E-01    1.144766000000000E-02    4.098427000000000E-03    1.393829000000000E-02    3.850720000000000E-03    2.077120000000000E-04    2.860467000000000E-03    2.492855000000000E-03    2.393806000000000E-03    6.329427000000000E-04    8.438337000000000E-04    0.000000000000000E+00    0.000000000000000E+00    0.000000000000000E+00    0.000000000000000E+00    0.000000000000000E+00    1.520694000000000E-04    0.000000000000000E+00    3.424053000000000E-03    1.252773275375000E+41    1.496133623125000E+13    1.088140501977500E+13
                      202    1.311899940984013E+32    1.181471388561497E+34    3.445161837246888E+14    1.176297064638125E+08    2.451131015035407E-11    3.268057719254783E+03    3.370923796037857E+04    3.370923796037857E+04    3.545431587220000E-01    1.288880001335780E+03    1.186528610806137E+34    3.459170743180098E+14    5.062869000000000E-01    0.000000000000000E+00    4.482870000000000E-01    1.106379000000000E-02    4.109589000000000E-03    1.359059000000000E-02    3.757903000000000E-03    2.082777000000000E-04    2.859492000000000E-03    2.372688000000000E-03    2.270219000000000E-03    5.989434000000000E-04    7.964061000000000E-04    0.000000000000000E+00    0.000000000000000E+00    0.000000000000000E+00    0.000000000000000E+00    0.000000000000000E+00    1.464566000000000E-04    0.000000000000000E+00    3.292943000000000E-03    1.265327930450000E+41    1.476133623125000E+13    1.070439691545000E+13
                      203    1.011433711514676E+32    1.191585833050777E+34    3.473179649113308E+14    1.186147064638125E+08    2.407628916284124E-11    3.202108962309832E+03    3.347718519849209E+04    3.353547607785255E+04    3.537154259682500E-01    1.265052152106713E+03    1.196326997546469E+34    3.486313326509755E+14    5.099417000000001E-01    0.000000000000000E+00    4.456104000000000E-01    1.076546000000000E-02    4.118137000000000E-03    1.332587000000000E-02    3.685668000000000E-03    2.087110000000000E-04    2.858721000000000E-03    2.281993000000000E-03    2.176944000000000E-03    5.732832999999999E-04    7.606118000000000E-04    0.000000000000000E+00    0.000000000000000E+00    0.000000000000000E+00    0.000000000000000E+00    0.000000000000000E+00    1.422201000000000E-04    0.000000000000000E+00    3.190826000000000E-03    1.277882585525000E+41    1.448688278200000E+13    1.059417829515000E+13
                      204    9.482428411878397E+31    1.201068162042162E+34    3.499447003906202E+14    1.195434291362750E+08    2.374595009143533E-11    3.120970892578438E+03    3.332337150425938E+04    3.332337150425938E+04    3.529132397652500E-01    1.243068819022537E+03    1.205554114130950E+34    3.511891426638583E+14    5.133877000000000E-01    0.000000000000000E+00    4.430756000000000E-01    1.048472000000000E-02    4.126087000000000E-03    1.308086000000000E-02    3.617613000000000E-03    2.091138000000000E-04    2.857986000000000E-03    2.198657000000000E-03    2.091241000000000E-03    5.497064000000000E-04    7.277236000000000E-04    0.000000000000000E+00    0.000000000000000E+00    0.000000000000000E+00    0.000000000000000E+00    0.000000000000000E+00    1.383272000000000E-04    0.000000000000000E+00    3.094554000000000E-03    1.297882585525000E+41    1.428688278200000E+13    1.040950622560000E+13
                      205    8.971800780263397E+31    1.210040066219738E+34    3.524335849370965E+14    1.205434291362750E+08    2.335428228645133E-11    3.064006754014132E+03    3.315159865755489E+04    3.317026451975730E+04    3.520110535622499E-01    1.222634908828779E+03    1.215446552658166E+34    3.539413405590714E+14    5.166199000000000E-01    0.000000000000000E+00    4.406888000000000E-01    1.022184000000000E-02    4.133451000000000E-03    1.285484000000000E-02    3.553823000000000E-03    2.094871000000000E-04    2.857290000000000E-03    2.122293000000000E-03    2.012709000000000E-03    5.281024000000000E-04    6.975879000000000E-04    0.000000000000000E+00    0.000000000000000E+00    0.000000000000000E+00    0.000000000000000E+00    0.000000000000000E+00    1.347597000000000E-04    0.000000000000000E+00    3.004264000000000E-03    1.310437240600000E+41    1.408688278200000E+13    1.029928760530000E+13
                      206    1.081301861028302E+32    1.220853039096594E+34    3.554490961810461E+14    1.219334291362750E+08    2.287528561598686E-11    3.002175705098558E+03    3.299928089759375E+04    3.299928089759375E+04    3.509088673592500E-01    1.198460771426225E+03    1.229009695227185E+34    3.577570204074424E+14    5.204021000000000E-01    0.000000000000000E+00    4.378851000000000E-01    9.914763000000000E-03    4.141958000000000E-03    1.259490000000000E-02    3.479234000000000E-03    2.099182000000000E-04    2.856467000000000E-03    2.035079000000000E-03    1.923022000000000E-03    5.034299000000000E-04    6.631722000000000E-04    0.000000000000000E+00    0.000000000000000E+00    0.000000000000000E+00    0.000000000000000E+00    0.000000000000000E+00    1.306852000000000E-04    0.000000000000000E+00    2.898624000000000E-03    1.330437240600000E+41    1.378688278200000E+13    1.010439691545000E+13
                      207    1.631323670160586E+32    1.237166351357775E+34    3.600649446338386E+14    1.233384291362750E+08    2.205918945709738E-11    2.920358082425278E+03    3.277211544575072E+04    3.277211544575072E+04    3.490811346055000E-01    1.162961370414452E+03    1.242579001866802E+34    3.616141868677186E+14    5.257558000000000E-01    0.000000000000000E+00    4.338957000000000E-01    9.481134000000000E-03    4.153790000000000E-03    1.223555000000000E-02    3.373757000000000E-03    2.105179000000000E-04    2.855287000000001E-03    1.915707000000000E-03    1.800269000000000E-03    4.696615000000000E-04    6.160691000000000E-04    0.000000000000000E+00    0.000000000000000E+00    0.000000000000000E+00    0.000000000000000E+00    0.000000000000000E+00    1.251078000000000E-04    0.000000000000000E+00    2.749118000000000E-03    1.367882585525000E+41    1.331242933275000E+13    9.732498121275000E+12
                      208    1.082544418356502E+32    1.247991652375829E+34    3.631634291015986E+14    1.243934291362750E+08    2.134845868307927E-11    2.840770217113808E+03    3.254651378987860E+04    3.254651378987860E+04    3.472789484025000E-01    1.140018595382253E+03    1.252645724519185E+34    3.644967783698064E+14    5.291071000000001E-01    0.000000000000000E+00    4.313849000000000E-01    9.210352999999999E-03    4.161060000000000E-03    1.201618000000000E-02    3.307797000000000E-03    2.108863000000000E-04    2.854538000000000E-03    1.843630000000000E-03    1.726153000000000E-03    4.492731000000000E-04    5.876301000000000E-04    0.000000000000000E+00    0.000000000000000E+00    0.000000000000000E+00    0.000000000000000E+00    0.000000000000000E+00    1.217398000000000E-04    0.000000000000000E+00    2.655542000000000E-03    1.387882585525000E+41    1.283797588350000E+13    9.445052776350000E+12
                      209    9.307999132791153E+31    1.257299796662541E+34    3.658301276380144E+14    1.254084291362750E+08    2.100712043503273E-11    2.788920317243915E+03    3.234066418710806E+04    3.239697614235133E+04    3.577023087502500E-01    1.120005768304674E+03    1.262291202540461E+34    3.672524421974142E+14    5.319336000000000E-01    0.000000000000000E+00    4.292593000000000E-01    8.982385000000001E-03    4.167109000000000E-03    1.183451000000000E-02    3.252208000000000E-03    2.111929000000000E-04    2.853900000000000E-03    1.784424000000000E-03    1.665273000000000E-03    4.325259000000000E-04    5.642703000000000E-04    0.000000000000000E+00    0.000000000000000E+00    0.000000000000000E+00    0.000000000000000E+00    0.000000000000000E+00    1.189730000000000E-04    0.000000000000000E+00    2.576631000000000E-03    1.397882585525000E+41    1.263797588350000E+13    9.290162086500000E+12
                      210    9.982937025661417E+31    1.267282608418381E+34    3.686747567568141E+14    1.265784291362750E+08    2.077732105736637E-11    2.718252012748558E+03    3.217395692727923E+04    3.219207233259389E+04    3.568512156487500E-01    1.098940683420515E+03    1.273515080317097E+34    3.704454120903164E+14    5.349445000000000E-01    0.000000000000000E+00    4.269873000000000E-01    8.739929000000000E-03    4.173473000000000E-03    1.164419000000000E-02    3.193033000000000E-03    2.115154000000000E-04    2.853215000000000E-03    1.722870000000000E-03    1.601982000000000E-03    4.151157000000000E-04    5.399859000000000E-04    0.000000000000000E+00    0.000000000000000E+00    0.000000000000000E+00    0.000000000000000E+00    0.000000000000000E+00    1.160964000000000E-04    0.000000000000000E+00    2.492580000000000E-03    1.417882585525000E+41    1.253797588350000E+13    9.210162086500000E+12
                      211    1.246490005241478E+32    1.279747552215813E+34    3.722160674238186E+14    1.278734291362750E+08    2.049224552525382E-11    2.663398225972476E+03    3.197046366542651E+04    3.202613102304838E+04    3.557490294457500E-01    1.073155205103239E+03    1.286049717880497E+34    3.740068170713891E+14    5.386613000000000E-01    0.000000000000000E+00    4.241724000000000E-01    8.441146000000000E-03    4.181224000000000E-03    1.141349000000000E-02    3.120037000000000E-03    2.119082000000000E-04    2.852361000000000E-03    1.648895000000000E-03    1.525920000000000E-03    3.941926000000000E-04    5.108021000000000E-04    0.000000000000000E+00    0.000000000000000E+00    0.000000000000000E+00    0.000000000000000E+00    0.000000000000000E+00    1.126390000000000E-04    0.000000000000000E+00    2.388835000000000E-03    1.447882585525000E+41    1.236352243425000E+13    9.082716741575000E+12
                      212    1.260430349162968E+32    1.292351883545181E+34    3.757975667189596E+14    1.290684291362750E+08    2.010789113539010E-11    2.590813230127234E+03    3.180566468782093E+04    3.180566468782093E+04    3.543723897934999E-01    1.047664704212401E+03    1.297639164811860E+34    3.773025313386304E+14    5.422912000000000E-01    0.000000000000000E+00    4.214126000000000E-01    8.149886000000000E-03    4.188683000000000E-03    1.119259000000000E-02    3.048804000000000E-03    2.122863000000000E-04    2.851519000000000E-03    1.578733000000000E-03    1.453782000000000E-03    3.743492000000000E-04    4.831244000000000E-04    0.000000000000000E+00    0.000000000000000E+00    0.000000000000000E+00    0.000000000000000E+00    0.000000000000000E+00    1.093596000000000E-04    0.000000000000000E+00    2.287526000000000E-03    1.467882585525000E+41    1.208906898500000E+13    8.907826051725000E+12
                      213    1.057461224360607E+32    1.302926446078540E+34    3.788074959583012E+14    1.301234291362750E+08    1.970559490873676E-11    2.520206376930900E+03    3.158671603216996E+04    3.158671603216996E+04    3.529212966920000E-01    1.026756225820216E+03    1.307859094444780E+34    3.802146696710021E+14    5.451894000000000E-01    0.000000000000000E+00    4.192014000000000E-01    7.917728000000001E-03    4.194559000000000E-03    1.101943000000000E-02    2.991971000000000E-03    2.125841000000000E-04    2.850842000000000E-03    1.524237000000000E-03    1.397753000000000E-03    3.589371000000000E-04    4.616279000000000E-04    0.000000000000000E+00    0.000000000000000E+00    0.000000000000000E+00    0.000000000000000E+00    0.000000000000000E+00    1.068122000000000E-04    0.000000000000000E+00    2.206646000000000E-03    1.490437240600000E+41    1.188906898500000E+13    8.732935361874999E+12
                      214    9.865227138135833E+31    1.312791742811021E+34    3.816218433837029E+14    1.312621518087375E+08    1.938056908016013E-11    2.474207426537743E+03    3.136927460846277E+04    3.144158825476625E+04    3.516446570397500E-01    1.007598120277314E+03    1.318807875715805E+34    3.833451448119954E+14    5.477843000000000E-01    0.000000000000000E+00    4.172156000000000E-01    7.710183000000000E-03    4.199756000000000E-03    1.086689000000000E-02    2.941120000000000E-03    2.128475000000000E-04    2.850230000000000E-03    1.476628000000000E-03    1.348806000000000E-03    3.454732000000000E-04    4.428490000000000E-04    0.000000000000000E+00    0.000000000000000E+00    0.000000000000000E+00    0.000000000000000E+00    0.000000000000000E+00    1.045865000000000E-04    0.000000000000000E+00    2.134239000000000E-03    1.517882585525000E+41    1.168906898500000E+13    8.578044672024999E+12
                      215    1.203232943868391E+32    1.324824008620589E+34    3.850684462402879E+14    1.325271518087375E+08    1.898307332553832E-11    2.406778405212951E+03    3.122514588365154E+04    3.122514588365154E+04    3.501935639382500E-01    9.847118602783542E+02    1.330896910627182E+34    3.868205351914481E+14    5.508461000000000E-01    0.000000000000000E+00    4.148655000000000E-01    7.465641000000000E-03    4.205816000000000E-03    1.068978000000000E-02    2.881155000000000E-03    2.131546000000000E-04    2.849504000000000E-03    1.421809000000000E-03    1.292449000000000E-03    3.299711000000000E-04    4.212276000000000E-04    0.000000000000000E+00    0.000000000000000E+00    0.000000000000000E+00    0.000000000000000E+00    0.000000000000000E+00    1.020237000000000E-04    0.000000000000000E+00    2.048809000000000E-03    1.540437240600000E+41    1.140950622560000E+13    8.405708637249999E+12
                      216    1.214582190887374E+32    1.336969812633774E+34    3.885726241426082E+14    1.337371518087375E+08    1.850829978442919E-11    2.341187011917252E+03    3.101019349133922E+04    3.101019349133922E+04    3.484424708367500E-01    9.621384469757377E+02    1.342386638803530E+34    3.901389470741365E+14    5.538175000000000E-01    0.000000000000000E+00    4.125785000000000E-01    7.228653000000000E-03    4.211631000000000E-03    1.052054000000000E-02    2.822997000000000E-03    2.134493000000000E-04    2.848794000000000E-03    1.369860000000000E-03    1.239043000000000E-03    3.152810000000000E-04    4.007389000000000E-04    0.000000000000000E+00    0.000000000000000E+00    0.000000000000000E+00    0.000000000000000E+00    0.000000000000000E+00    9.959475999999999E-05    0.000000000000000E+00    1.965910000000000E-03    1.562991895675000E+41    1.112227950097500E+13    8.185927257549999E+12
                      217    1.083357280311643E+32    1.347803464973285E+34    3.917052700056649E+14    1.348871518087375E+08    1.817048524216058E-11    2.293974901381833E+03    3.079672082088736E+04    3.085037463583182E+04    3.560658311845000E-01    9.418933199921970E+02    1.353325179763720E+34    3.932969770969624E+14    5.563540000000000E-01    0.000000000000000E+00    4.106215000000000E-01    7.026592000000000E-03    4.216545000000000E-03    1.037799000000000E-02    2.773377000000000E-03    2.136984000000000E-04    2.848185000000000E-03    1.326424000000000E-03    1.194391000000000E-03    3.029990000000000E-04    3.836089000000000E-04    0.000000000000000E+00    0.000000000000000E+00    0.000000000000000E+00    0.000000000000000E+00    0.000000000000000E+00    9.756379000000000E-05    0.000000000000000E+00    1.895150000000000E-03    1.582991895675000E+41    1.092483415605000E+13    8.021036567699999E+12
                      218    1.104346139542783E+32    1.358846894554155E+34    3.948886841882599E+14    1.361371518087375E+08    1.792117683830766E-11    2.235816238870653E+03    3.063800215064269E+04    3.065522274177384E+04    3.548147380830000E-01    9.216731375199529E+02    1.365277909178460E+34    3.967412379334093E+14    5.588897000000000E-01    0.000000000000000E+00    4.086611000000000E-01    6.824810000000000E-03    4.221414000000000E-03    1.023722000000000E-02    2.723796000000000E-03    2.139451000000000E-04    2.847573000000000E-03    1.283817000000000E-03    1.150591000000000E-03    2.909515000000000E-04    3.668063000000000E-04    0.000000000000000E+00    0.000000000000000E+00    0.000000000000000E+00    0.000000000000000E+00    0.000000000000000E+00    9.557141000000000E-05    0.000000000000000E+00    1.824416000000000E-03    1.612991895675000E+41    1.081972484590000E+13    7.906145877849999E+12
                      219    1.286211077341504E+32    1.371708923802766E+34    3.985937916785586E+14    1.375521518087375E+08    1.763463703720392E-11    2.174884039236885E+03    3.042709162735834E+04    3.044419367277399E+04    3.532891915322500E-01    8.986147425175532E+02    1.378850496694365E+34    4.006540582136835E+14    5.618476999999999E-01    0.000000000000000E+00    4.063692999999999E-01    6.589661000000000E-03    4.227045000000000E-03    1.007493000000000E-02    2.665982000000000E-03    2.142305000000000E-04    2.846855000000000E-03    1.235030000000000E-03    1.100440000000000E-03    2.771572000000000E-04    3.475676000000000E-04    0.000000000000000E+00    0.000000000000000E+00    0.000000000000000E+00    0.000000000000000E+00    0.000000000000000E+00    9.328993000000000E-05    0.000000000000000E+00    1.741905000000000E-03    1.642991895675000E+41    1.063249812127500E+13    7.761255187999999E+12
                      220    1.428310800341069E+32    1.385992069585964E+34    4.027143247488085E+14    1.390871518087375E+08    1.727295037425858E-11    2.111488215589425E+03    3.016507962748671E+04    3.021763300190378E+04    3.514380984307500E-01    8.736279292122802E+02    1.393588292394498E+34    4.049100918305366E+14    5.649864999999999E-01    0.000000000000000E+00    4.039322000000000E-01    6.340431000000000E-03    4.232961000000000E-03    9.904977000000001E-03    2.604669000000000E-03    2.145303000000000E-04    2.846090000000000E-03    1.184324000000000E-03    1.048318000000000E-03    2.628208000000000E-04    3.275730000000000E-04    0.000000000000000E+00    0.000000000000000E+00    0.000000000000000E+00    0.000000000000000E+00    0.000000000000000E+00    9.091851999999999E-05    0.000000000000000E+00    1.654359000000000E-03    1.675546550750000E+41    1.043505277635000E+13    7.588919153225000E+12
                      221    1.519247743162639E+32    1.401184515203032E+34    4.071058589122648E+14    1.406108744812000E+08    1.687977002144810E-11    2.039088644657989E+03    2.994059607733219E+04    2.995742467995240E+04    3.493870053292499E-01    8.477552487584942E+02    1.408155581948219E+34    4.091258779538758E+14    5.679976000000000E-01    0.000000000000000E+00    4.015873000000000E-01    6.101691000000000E-03    4.238564000000000E-03    9.744765000000001E-03    2.545886000000000E-03    2.148143000000000E-04    2.845350000000000E-03    1.137018000000000E-03    9.996931999999999E-04    2.494466000000000E-04    3.089206000000000E-04    0.000000000000000E+00    0.000000000000000E+00    0.000000000000000E+00    0.000000000000000E+00    0.000000000000000E+00    8.870592000000000E-05    0.000000000000000E+00    1.570379000000000E-03    1.715546550750000E+41    1.015804467202500E+13    7.399137773525000E+12
                      222    1.394215138606236E+32    1.415126648693406E+34    4.111458969954868E+14    1.420258744812000E+08    1.649553954613312E-11    1.965332817463442E+03    2.968277335961586E+04    2.968277335961586E+04    3.473614587785000E-01    8.246298420734271E+02    1.421643761465112E+34    4.130413398624820E+14    5.706840000000000E-01    0.000000000000000E+00    3.994895000000001E-01    5.889011000000000E-03    4.243501000000000E-03    9.604247999999999E-03    2.493479000000000E-03    2.150645000000000E-04    2.844686000000000E-03    1.095955000000000E-03    9.574867000000000E-04    2.378378000000000E-04    2.927308000000000E-04    0.000000000000000E+00    0.000000000000000E+00    0.000000000000000E+00    0.000000000000000E+00    0.000000000000000E+00    8.678511000000000E-05    0.000000000000000E+00    1.495465000000000E-03    1.748101205825000E+41    9.958044672025000E+12    7.209356393825000E+12
                      223    1.303416787952654E+32    1.428160874236819E+34    4.149367827294772E+14    1.433708744812000E+08    1.612005522422981E-11    1.908045214788223E+03    2.946187905320312E+04    2.946187905320312E+04    3.453359122277500E-01    8.035480354595373E+02    1.434378631902491E+34    4.167576731540379E+14    5.733090000000000E-01    0.000000000000000E+00    3.974354000000000E-01    5.681410000000000E-03    4.248279000000000E-03    9.468694000000000E-03    2.442293000000000E-03    2.153067000000000E-04    2.844035000000000E-03    1.056659000000000E-03    9.170971000000000E-04    2.267290000000000E-04    2.772383000000000E-04    0.000000000000000E+00    0.000000000000000E+00    0.000000000000000E+00    0.000000000000000E+00    0.000000000000000E+00    8.494679000000000E-05    0.000000000000000E+00    1.422264000000000E-03    1.780655860900000E+41    9.683591222775000E+12    7.029575014125000E+12
                      224    1.243546164427910E+32    1.440596389568164E+34    4.185785635785986E+14    1.447921518087375E+08    1.571688680305609E-11    1.856045685526165E+03    2.920817863565274E+04    2.925906490437255E+04    3.433103656770000E-01    7.839176544835718E+02    1.447763911208576E+34    4.206824702421977E+14    5.758884000000000E-01    0.000000000000000E+00    3.954129000000000E-01    5.477625000000000E-03    4.252931000000000E-03    9.337178000000000E-03    2.392018000000000E-03    2.155424000000000E-04    2.843391000000000E-03    1.018840000000000E-03    8.782282000000000E-04    2.160385000000000E-04    2.623294000000000E-04    0.000000000000000E+00    0.000000000000000E+00    0.000000000000000E+00    0.000000000000000E+00    0.000000000000000E+00    8.317748000000000E-05    0.000000000000000E+00    1.350338000000000E-03    1.810655860900000E+41    9.473591222775000E+12    6.842348289500000E+12
                      225    1.433513275926764E+32    1.454931432848988E+34    4.227863769057968E+14    1.463334291362750E+08    1.539453322539560E-11    1.792404832468549E+03    2.899081618494320E+04    2.900711094821218E+04    3.495592725755000E-01    7.612971581107323E+02    1.462318176677644E+34    4.249469854166460E+14    5.787843000000000E-01    0.000000000000000E+00    3.931370000000000E-01    5.249124000000001E-03    4.258096000000000E-03    9.191698999999999E-03    2.335609000000000E-03    2.158042000000000E-04    2.842665000000000E-03    9.774067999999999E-04    8.356450000000000E-04    2.043266000000000E-04    2.459964000000000E-04    0.000000000000000E+00    0.000000000000000E+00    0.000000000000000E+00    0.000000000000000E+00    0.000000000000000E+00    8.123884000000000E-05    0.000000000000000E+00    1.269595000000000E-03    1.858101205825000E+41    9.276364498150000E+12    6.690012254725000E+12
                      226    1.477344987752483E+32    1.469704920506300E+34    4.271075939274954E+14    1.478621518087375E+08    1.514839166179803E-11    1.727571799617045E+03    2.872502678455597E+04    2.874117215653735E+04    3.476337260247500E-01    7.385638326147739E+02    1.476774811222060E+34    4.291767844825965E+14    5.815510000000000E-01    0.000000000000000E+00    3.909574000000000E-01    5.031097000000000E-03    4.262974000000000E-03    9.054866000000000E-03    2.281747000000000E-03    2.160514000000000E-04    2.841967000000000E-03    9.388395000000000E-04    7.960095000000000E-04    1.934256000000000E-04    2.307944000000000E-04    0.000000000000000E+00    0.000000000000000E+00    0.000000000000000E+00    0.000000000000000E+00    0.000000000000000E+00    7.943412999999999E-05    0.000000000000000E+00    1.192460000000000E-03    1.898101205825000E+41    9.121473808300000E+12    6.560230875025000E+12
                      227    1.413983511858742E+32    1.483844701937821E+34    4.312459750376976E+14    1.493608744812000E+08    1.484531956117968E-11    1.677214706930265E+03    2.846167415603846E+04    2.852728509106370E+04    3.454337260247500E-01    7.173626207987074E+02    1.490961618547023E+34    4.333351477896142E+14    5.840637000000000E-01    0.000000000000000E+00    3.889738000000000E-01    4.833300000000000E-03    4.267361000000000E-03    8.932292000000000E-03    2.232854000000000E-03    2.162737000000000E-04    2.841330000000000E-03    9.046141000000000E-04    7.608374000000000E-04    1.837523000000000E-04    2.173047000000000E-04    0.000000000000000E+00    0.000000000000000E+00    0.000000000000000E+00    0.000000000000000E+00    0.000000000000000E+00    7.783244000000000E-05    0.000000000000000E+00    1.122409000000000E-03    1.938101205825000E+41    8.939137773525000E+12    6.403004150400000E+12
                      228    1.423377555451867E+32    1.498078535156226E+34    4.354243205415309E+14    1.509071518087375E+08    1.453337652677972E-11    1.616548213388368E+03    2.821658664466380E+04    2.826574536928912E+04    3.432081794740000E-01    6.965412311037030E+02    1.505620872057264E+34    4.376430791130991E+14    5.864490999999999E-01    0.000000000000000E+00    3.870872000000000E-01    4.645716000000000E-03    4.271486000000000E-03    8.817383000000000E-03    2.186460000000000E-03    2.164828000000000E-04    2.840723000000000E-03    8.728093000000000E-04    7.281541000000000E-04    1.747636000000000E-04    2.047699000000000E-04    0.000000000000000E+00    0.000000000000000E+00    0.000000000000000E+00    0.000000000000000E+00    0.000000000000000E+00    7.634390000000001E-05    0.000000000000000E+00    1.055910000000000E-03    1.978101205825000E+41    8.746801738749999E+12    6.245777425775000E+12
                      229    1.508467181366675E+32    1.513163208958303E+34    4.398618376846672E+14    1.525071518087375E+08    1.417717011804557E-11    1.558076086151178E+03    2.794219005759581E+04    2.800660345809645E+04    3.409081794740000E-01    6.751145169373891E+02    1.520759829448811E+34    4.420987643474871E+14    5.887756000000000E-01    0.000000000000000E+00    3.852442000000000E-01    4.462928000000000E-03    4.275477000000000E-03    8.706566000000001E-03    2.141230000000000E-03    2.166851000000000E-04    2.840128999999999E-03    8.423814000000000E-04    6.968867000000000E-04    1.661644000000000E-04    1.927784000000000E-04    0.000000000000000E+00    0.000000000000000E+00    0.000000000000000E+00    0.000000000000000E+00    0.000000000000000E+00    7.491967000000000E-05    0.000000000000000E+00    9.910578999999999E-04    2.025546550750000E+41    8.537020359049999E+12    6.085996046075000E+12
                      230    1.519313957211333E+32    1.528356449939319E+34    4.443356910103070E+14    1.541358744812000E+08    1.385445832717663E-11    1.501718952846954E+03    2.768601451933098E+04    2.774983737422624E+04    3.385337260247500E-01    6.541509752284987E+02    1.536095539997063E+34    4.466364354009751E+14    5.891555000000001E-01    0.000000000000000E+00    3.849431000000000E-01    4.433088000000000E-03    4.276127000000000E-03    8.688532000000001E-03    2.133846000000000E-03    2.167180000000000E-04    2.840032000000000E-03    8.374416000000000E-04    6.918107000000000E-04    1.647684000000000E-04    1.908317000000000E-04    0.000000000000000E+00    0.000000000000000E+00    0.000000000000000E+00    0.000000000000000E+00    0.000000000000000E+00    7.468845000000000E-05    0.000000000000000E+00    9.804682000000000E-04    2.065546550750000E+41    8.347238979349999E+12    5.921323976525000E+12
                      231    1.547825169824311E+32    1.543834630054807E+34    4.489371797916432E+14    1.556758744812000E+08    1.350795330518457E-11    1.434130466256717E+03    2.743218761251814E+04    2.743218761251814E+04    3.360337260247500E-01    6.332838090786903E+02    1.550465778132598E+34    4.509237493475209E+14    5.924583000000000E-01    0.000000000000000E+00    3.823187000000000E-01    4.174026000000000E-03    4.281704000000000E-03    8.534510000000000E-03    2.069685000000000E-03    2.170007000000000E-04    2.839182000000000E-03    7.958008000000000E-04    6.490239000000000E-04    1.530014000000000E-04    1.744232000000000E-04    0.000000000000000E+00    0.000000000000000E+00    0.000000000000000E+00    0.000000000000000E+00    0.000000000000000E+00    7.273908000000000E-05    0.000000000000000E+00    8.884084000000000E-04    2.112991895675000E+41    8.134902944574999E+12    5.768987941750000E+12
                      232    1.326225042215483E+32    1.557096926210389E+34    4.529103189033987E+14    1.570258744812000E+08    1.316335292143304E-11    1.382256567041595E+03    2.718068780477461E+04    2.718068780477461E+04    3.336337260247500E-01    6.158513303617674E+02    1.562950407187750E+34    4.546653996486268E+14    5.942802000000000E-01    0.000000000000000E+00    3.808676000000000E-01    4.031299000000000E-03    4.284744000000000E-03    8.450935000000000E-03    2.034313000000000E-03    2.171547000000000E-04    2.838711000000000E-03    7.734849000000000E-04    6.260950000000000E-04    1.466957000000000E-04    1.656304000000000E-04    0.000000000000000E+00    0.000000000000000E+00    0.000000000000000E+00    0.000000000000000E+00    0.000000000000000E+00    7.169425000000000E-05    0.000000000000000E+00    8.376280000000000E-04    2.150437240600000E+41    7.932566909799999E+12    5.611761217125000E+12
                      233    1.170706932885486E+32    1.568803888165111E+34    4.564204803938549E+14    1.583958744812000E+08    1.292309465386299E-11    1.341984046623780E+03    2.693149376112799E+04    2.697843997868340E+04    3.375081794740000E-01    6.005559675188094E+02    1.575551457640831E+34    4.584435992319162E+14    5.957292000000000E-01    0.000000000000000E+00    3.797117999999999E-01    3.917885000000000E-03    4.287142000000000E-03    8.385187000000001E-03    2.006192000000000E-03    2.172763000000000E-04    2.838335000000000E-03    7.560761000000000E-04    6.082087000000000E-04    1.417769000000000E-04    1.587716000000000E-04    0.000000000000000E+00    0.000000000000000E+00    0.000000000000000E+00    0.000000000000000E+00    0.000000000000000E+00    7.087909000000000E-05    0.000000000000000E+00    7.972443000000000E-04    2.180437240600000E+41    7.780230875025000E+12    5.499425182350000E+12
                      234    1.349500970479900E+32    1.582299027116551E+34    4.604667180699776E+14    1.598958744812000E+08    1.274578314797544E-11    1.295951241082000E+03    2.668458434220585E+04    2.674609866212445E+04    3.356337260247500E-01    5.832630848543696E+02    1.589383930326835E+34    4.625926904269329E+14    5.961174000000000E-01    0.000000000000000E+00    3.794016000000000E-01    3.887528000000000E-03    4.287779000000000E-03    8.367787000000000E-03    1.998662000000000E-03    2.173086000000000E-04    2.838233999999999E-03    7.515137000000000E-04    6.035213000000000E-04    1.404879000000000E-04    1.569742000000000E-04    0.000000000000000E+00    0.000000000000000E+00    0.000000000000000E+00    0.000000000000000E+00    0.000000000000000E+00    7.066543000000000E-05    0.000000000000000E+00    7.864257000000000E-04    2.215327930450000E+41    7.665340185175000E+12    5.407089147575000E+12
                      235    1.416990782947185E+32    1.596468833537120E+34    4.647186627838881E+14    1.614995971536625E+08    1.245565370243292E-11    1.246658070908410E+03    2.643993860244294E+04    2.648602795496054E+04    3.333592725755000E-01    5.656249205716542E+02    1.604205736344006E+34    4.670496276424062E+14    5.986764000000000E-01    0.000000000000000E+00    3.773565000000000E-01    3.687449000000000E-03    4.291971000000000E-03    8.253312000000000E-03    1.949025000000000E-03    2.175210000000000E-04    2.837568000000000E-03    7.215414000000001E-04    5.727283000000000E-04    1.320198000000000E-04    1.451665000000000E-04    0.000000000000000E+00    0.000000000000000E+00    0.000000000000000E+00    0.000000000000000E+00    0.000000000000000E+00    6.926182000000000E-05    0.000000000000000E+00    7.151097000000000E-04    2.250218620300000E+41    7.500449495325000E+12    5.284753112800000E+12
                      236    1.547373204260701E+32    1.611942639150892E+34    4.693805925009242E+14    1.632195971536625E+08    1.211620255936891E-11    1.192857764866913E+03    2.619753578830387E+04    2.619753578830387E+04    3.311446570397500E-01    5.469400733867395E+02    1.620064597529239E+34    4.718473182063451E+14    6.002620000000000E-01    0.000000000000000E+00    3.760877000000000E-01    3.563564000000000E-03    4.294551000000000E-03    8.183025000000000E-03    1.918279000000000E-03    2.176518000000000E-04    2.837153000000000E-03    7.032733000000000E-04    5.539606000000000E-04    1.268587000000000E-04    1.379701000000000E-04    0.000000000000000E+00    0.000000000000000E+00    0.000000000000000E+00    0.000000000000000E+00    0.000000000000000E+00    6.840625000000000E-05    0.000000000000000E+00    6.709233999999999E-04    2.287663965225000E+41    7.300668115625000E+12    5.144971733100000E+12
                      237    1.624400623513777E+32    1.628186555907586E+34    4.743140439117659E+14    1.649595971536625E+08    1.175889534903284E-11    1.139170321626005E+03    2.589765507591371E+04    2.589765507591371E+04    3.291132397652500E-01    5.278718348844296E+02    1.635935786855670E+34    4.767021576834501E+14    6.017639000000000E-01    0.000000000000000E+00    3.748841000000000E-01    3.446311000000000E-03    4.296974000000000E-03    8.117186000000000E-03    1.889166000000000E-03    2.177746000000000E-04    2.836760000000000E-03    6.863178000000000E-04    5.365421999999999E-04    1.220687000000000E-04    1.312912000000000E-04    0.000000000000000E+00    0.000000000000000E+00    0.000000000000000E+00    0.000000000000000E+00    0.000000000000000E+00    6.761207999999999E-05    0.000000000000000E+00    6.290688000000000E-04    2.330000000000000E+41    7.080886735925000E+12    4.982635698325000E+12
                      238    1.549838434818393E+32    1.643685017803755E+34    4.790902714551344E+14    1.667083198261250E+08    1.135969118788239E-11    1.087899211368490E+03    2.560120706965249E+04    2.560120706965249E+04    3.270073690415000E-01    5.101561412183118E+02    1.651632990318415E+34    4.815826652431416E+14    6.031604000000000E-01    0.000000000000000E+00    3.737640000000000E-01    3.337357000000000E-03    4.299216000000000E-03    8.056419000000000E-03    1.862107000000000E-03    2.178882000000000E-04    2.836393000000000E-03    6.707635000000000E-04    5.205636000000000E-04    1.176748000000000E-04    1.251646000000000E-04    0.000000000000000E+00    0.000000000000000E+00    0.000000000000000E+00    0.000000000000000E+00    0.000000000000000E+00    6.688349000000000E-05    0.000000000000000E+00    5.901568000000000E-04    2.357445344925000E+41    6.841105356225000E+12    4.822854318625000E+12
                      239    1.589603848458535E+32    1.659580962833076E+34    4.840750590311488E+14    1.684883198261250E+08    1.097967665737373E-11    1.038935681195476E+03    2.530815247565807E+04    2.530815247565807E+04    3.250547776222500E-01    4.923966619691725E+02    1.667348984254438E+34    4.865472147189475E+14    6.042827000000000E-01    0.000000000000000E+00    3.728617000000000E-01    3.249899000000000E-03    4.300995000000000E-03    8.008423000000001E-03    1.840371000000000E-03    2.179783000000000E-04    2.836097000000000E-03    6.586599999999999E-04    5.081308000000000E-04    1.142559000000000E-04    1.203978000000000E-04    0.000000000000000E+00    0.000000000000000E+00    0.000000000000000E+00    0.000000000000000E+00    0.000000000000000E+00    6.631644000000000E-05    0.000000000000000E+00    5.588831000000000E-04    2.394890689850000E+41    6.618769321450000E+12    4.660518283850000E+12
                      240    1.553591160767361E+32    1.675117005675801E+34    4.890193704067462E+14    1.702083198261250E+08    1.060148065681692E-11    9.921758728948112E+02    2.501845244986146E+04    2.501845244986146E+04    3.229510931015000E-01    4.755030342497687E+02    1.682312265633909E+34    4.913284312596409E+14    6.053279000000000E-01    0.000000000000000E+00    3.720211000000000E-01    3.168469000000000E-03    4.302648000000000E-03    7.963840999999999E-03    1.820131000000000E-03    2.180621000000000E-04    2.835821000000000E-03    6.474423000000000E-04    4.966079000000000E-04    1.110873000000000E-04    1.159799000000000E-04    0.000000000000000E+00    0.000000000000000E+00    0.000000000000000E+00    0.000000000000000E+00    0.000000000000000E+00    6.579087000000000E-05    0.000000000000000E+00    5.297601000000000E-04    2.422336034775000E+41    6.381542596825000E+12    4.490736904150000E+12
                      241    1.439065910490688E+32    1.689507525592017E+34    4.936374921125355E+14    1.718033198261250E+08    1.026517896357780E-11    9.493713164133424E+02    2.473206859283803E+04    2.474596965724068E+04    3.244685827255000E-01    4.601560484623380E+02    1.696037463607389E+34    4.957656808167823E+14    6.066086000000001E-01    0.000000000000000E+00    3.709901000000000E-01    3.068754000000000E-03    4.304662000000000E-03    7.909650000000001E-03    1.795339000000000E-03    2.181642000000000E-04    2.835481000000000E-03    6.339018000000000E-04    4.826996000000000E-04    1.072628000000000E-04    1.106475000000000E-04    0.000000000000000E+00    0.000000000000000E+00    0.000000000000000E+00    0.000000000000000E+00    0.000000000000000E+00    6.515644000000000E-05    0.000000000000000E+00    4.940773000000000E-04    2.442336034775000E+41    6.179206562050000E+12    4.348400869375000E+12
                      242    1.305992772940143E+32    1.702567401622762E+34    4.978938695210292E+14    1.734233198261250E+08    9.939545480991174E-12    9.132478573098546E+02    2.450532362506301E+04    2.450532362506301E+04    3.249174896240000E-01    4.464408219809680E+02    1.709767433764559E+34    5.002861095057901E+14    6.077446000000000E-01    0.000000000000000E+00    3.700747000000000E-01    2.980346000000000E-03    4.306439000000000E-03    7.861939000000000E-03    1.773352000000000E-03    2.182542000000000E-04    2.835180000000000E-03    6.220605000000000E-04    4.705370000000000E-04    1.039184000000000E-04    1.059845000000000E-04    0.000000000000000E+00    0.000000000000000E+00    0.000000000000000E+00    0.000000000000000E+00    0.000000000000000E+00    6.460157000000000E-05    0.000000000000000E+00    4.624244000000000E-04    2.462336034775000E+41    5.979425182350000E+12    4.213510179525000E+12
                      243    1.439989328034640E+32    1.716967465906357E+34    5.026783494905508E+14    1.752333198261250E+08    9.557988976073978E-12    8.721449329308742E+02    2.422481350512584E+04    2.422481350512584E+04    3.250174896240000E-01    4.316109568111294E+02    1.724816216768470E+34    5.053417345331780E+14    6.087958000000000E-01    0.000000000000000E+00    3.692268000000000E-01    2.898587000000000E-03    4.308073000000000E-03    7.818133999999999E-03    1.753012000000000E-03    2.183371000000000E-04    2.834901000000000E-03    6.112648000000000E-04    4.594487000000000E-04    1.008694000000000E-04    1.017336000000000E-04    0.000000000000000E+00    0.000000000000000E+00    0.000000000000000E+00    0.000000000000000E+00    0.000000000000000E+00    6.409565999999999E-05    0.000000000000000E+00    4.331358000000000E-04    2.482336034775000E+41    5.759643802650000E+12    4.061174144750000E+12
                      244    1.569764488973645E+32    1.732664967630583E+34    5.080051195758051E+14    1.773970424985875E+08    9.212267182618056E-12    8.328919448851485E+02    2.394751435797936E+04    2.394751435797936E+04    3.260109310150000E-01    4.156476304775382E+02    1.742397538004195E+34    5.113622444993140E+14    6.098824000000000E-01    0.000000000000000E+00    3.683494000000000E-01    2.814130000000000E-03    4.309753000000000E-03    7.773235999999999E-03    1.731995000000000E-03    2.184222000000000E-04    2.834611000000000E-03    6.002851999999999E-04    4.481719999999999E-04    9.776862000000002E-05    9.741045000000000E-05    0.000000000000000E+00    0.000000000000000E+00    0.000000000000000E+00    0.000000000000000E+00    0.000000000000000E+00    6.358109000000001E-05    0.000000000000000E+00    4.028635000000000E-04    2.504890689850000E+41    5.547307767875000E+12    3.916283454900000E+12
                      245    1.946514273563429E+32    1.752130108377807E+34    5.147193694228229E+14    1.796307651710500E+08    8.858629234556419E-12    7.881133096525559E+02    2.361894214313390E+04    2.361894214313390E+04    3.267788258552500E-01    3.962514474509364E+02    1.760313906303133E+34    5.175719507493754E+14    6.111930000000000E-01    0.000000000000000E+00    3.672893000000000E-01    2.712361000000000E-03    4.311757000000000E-03    7.719851000000000E-03    1.706656000000000E-03    2.185238000000000E-04    2.834260000000000E-03    5.874042000000000E-04    4.349432000000000E-04    9.413117000000000E-05    9.233922000000000E-05    0.000000000000000E+00    0.000000000000000E+00    0.000000000000000E+00    0.000000000000000E+00    0.000000000000000E+00    6.297730000000000E-05    0.000000000000000E+00    3.663502000000000E-04    2.534890689850000E+41    5.337526388175000E+12    3.773947420125000E+12
                      246    1.636752625630553E+32    1.768497704228458E+34    5.204245320759280E+14    1.816807651710500E+08    8.518566641597934E-12    7.457421009602343E+02    2.324130137517345E+04    2.329487810808342E+04    3.272233603477500E-01    3.803804433306252E+02    1.776527300968311E+34    5.232666154799163E+14    6.116804000000000E-01    0.000000000000000E+00    3.668949000000000E-01    2.674528000000000E-03    4.312500000000000E-03    7.700082000000000E-03    1.697234000000000E-03    2.185614000000000E-04    2.834130000000000E-03    5.826533000000000E-04    4.300641000000000E-04    9.278962000000000E-05    9.046889000000000E-05    0.000000000000000E+00    0.000000000000000E+00    0.000000000000000E+00    0.000000000000000E+00    0.000000000000000E+00    6.275460000000000E-05    0.000000000000000E+00    3.527725000000000E-04    2.562336034775000E+41    5.125190353400000E+12    3.621611385350000E+12
                      247    1.605910002444181E+32    1.784556897708164E+34    5.261086988839045E+14    1.837257651710500E+08    8.191558276790079E-12    7.056488887235778E+02    2.292241876570600E+04    2.297526039828228E+04    3.274189879417500E-01    3.651649719948601E+02    1.792385963312557E+34    5.289445729398258E+14    6.125969999999999E-01    0.000000000000000E+00    3.661526000000000E-01    2.603400000000000E-03    4.313892000000000E-03    7.663107000000001E-03    1.679518000000000E-03    2.186320000000000E-04    2.833884000000000E-03    5.738148000000000E-04    4.209874000000000E-04    9.029388000000000E-05    8.698946000000000E-05    0.000000000000000E+00    0.000000000000000E+00    0.000000000000000E+00    0.000000000000000E+00    0.000000000000000E+00    6.234025000000001E-05    0.000000000000000E+00    3.272358000000000E-04    2.584890689850000E+41    4.932854318625000E+12    3.486720695500000E+12
                      248    1.565815904652413E+32    1.800215028916950E+34    5.317804469957469E+14    1.859857651710500E+08    7.858986183851961E-12    6.677112013867234E+02    2.266002800786096E+04    2.266002800786096E+04    3.274657086372500E-01    3.505963992943210E+02    1.809543753245823E+34    5.352397221296309E+14    6.133947000000000E-01    0.000000000000000E+00    3.655061000000000E-01    2.541537000000000E-03    4.315097000000000E-03    7.631153000000000E-03    1.664106000000000E-03    2.186931000000000E-04    2.833670000000000E-03    5.662279000000000E-04    4.131962000000000E-04    8.815163999999998E-05    8.400291000000000E-05    0.000000000000000E+00    0.000000000000000E+00    0.000000000000000E+00    0.000000000000000E+00    0.000000000000000E+00    6.198455000000001E-05    0.000000000000000E+00    3.050150000000000E-04    2.612336034775000E+41    4.733072938925000E+12    3.351830005650000E+12
                      249    1.865752222891209E+32    1.818872477574697E+34    5.386989972635149E+14    1.885457651710500E+08    7.505273539223525E-12    6.260206540190287E+02    2.229771921659354E+04    2.229771921659354E+04    3.292124293327500E-01    3.335338398494836E+02    1.828613995792727E+34    5.423824564724870E+14    6.146914000000000E-01    0.000000000000000E+00    3.644541000000000E-01    2.441015000000000E-03    4.317045000000000E-03    7.579586000000000E-03    1.639055000000000E-03    2.187918000000000E-04    2.833321000000000E-03    5.540729000000001E-04    4.007144000000000E-04    8.471972999999998E-05    7.921843000000000E-05    0.000000000000000E+00    0.000000000000000E+00    0.000000000000000E+00    0.000000000000000E+00    0.000000000000000E+00    6.141463000000000E-05    0.000000000000000E+00    2.688903000000000E-04    2.639781379700000E+41    4.513291559225000E+12    3.199493970875000E+12
                      250    1.948297081853497E+32    1.838355514010757E+34    5.460659156814590E+14    1.909494878435125E+08    7.134549004087525E-12    5.869331807591295E+02    2.194120334227146E+04    2.194120334227146E+04    3.288102431297500E-01    3.162835379951692E+02    1.846157537240909E+34    5.490911137223114E+14    6.153118000000000E-01    0.000000000000000E+00    3.639502000000000E-01    2.392966000000000E-03    4.317970000000000E-03    7.555201000000000E-03    1.627076000000000E-03    2.188387000000000E-04    2.833153000000000E-03    5.483918000000000E-04    3.948809000000000E-04    8.311581000000000E-05    7.698244999999999E-05    0.000000000000000E+00    0.000000000000000E+00    0.000000000000000E+00    0.000000000000000E+00    0.000000000000000E+00    6.114822000000001E-05    0.000000000000000E+00    2.516094000000000E-04    2.659781379700000E+41    4.293510179525000E+12    3.047157936100000E+12
                      251    1.560406435599179E+32    1.853959560471060E+34    5.521163117631639E+14    1.931532105159750E+08    6.782136483861249E-12    5.502862508839215E+02    2.159038776255844E+04    2.159038776255844E+04    3.282591500282500E-01    3.028381381836268E+02    1.861866472321891E+34    5.552596625840290E+14    6.158805000000001E-01    0.000000000000000E+00    3.634880000000000E-01    2.348929000000000E-03    4.318815000000000E-03    7.532933000000000E-03    1.616095000000000E-03    2.188815000000000E-04    2.832999000000000E-03    5.432241000000000E-04    3.895747000000000E-04    8.165689000000000E-05    7.494862000000000E-05    0.000000000000000E+00    0.000000000000000E+00    0.000000000000000E+00    0.000000000000000E+00    0.000000000000000E+00    6.090588000000000E-05    0.000000000000000E+00    2.357675000000000E-04    2.679781379700000E+41    4.081174144750000E+12    2.902267246250000E+12
                      252    1.581387937713797E+32    1.869773384172722E+34    5.584030134048941E+14    1.953632105159750E+08    6.476890059472987E-12    5.169352003195639E+02    2.124518133604676E+04    2.125712253833196E+04    3.277336034775000E-01    2.895175960733797E+02    1.877229523505865E+34    5.614524049787299E+14    6.164492000000000E-01    0.000000000000000E+00    3.630253999999999E-01    2.304918000000000E-03    4.319654000000000E-03    7.510856000000000E-03    1.605118000000000E-03    2.189240000000000E-04    2.832845000000000E-03    5.381468000000000E-04    3.843616000000000E-04    8.022358999999999E-05    7.295052999999999E-05    0.000000000000000E+00    0.000000000000000E+00    0.000000000000000E+00    0.000000000000000E+00    0.000000000000000E+00    6.066774999999999E-05    0.000000000000000E+00    2.199259000000000E-04    2.689781379700000E+41    3.898838109975000E+12    2.769931211475000E+12
                      253    1.491221503717124E+32    1.884685662839009E+34    5.645017965525658E+14    1.976082105159750E+08    6.156962738519738E-12    4.891432965604439E+02    2.095368652025802E+04    2.096546388310568E+04    3.271825103760000E-01    2.772540497539680E+02    1.892371165250738E+34    5.677337379075888E+14    6.171136000000000E-01    0.000000000000000E+00    3.624847000000000E-01    2.253520000000000E-03    4.320632000000000E-03    7.485164000000000E-03    1.592297000000000E-03    2.189736000000000E-04    2.832665000000000E-03    5.322608000000000E-04    3.783182000000001E-04    7.856203000000000E-05    7.063426000000001E-05    0.000000000000000E+00    0.000000000000000E+00    0.000000000000000E+00    0.000000000000000E+00    0.000000000000000E+00    6.039167000000000E-05    0.000000000000000E+00    2.014209000000000E-04    2.699781379700000E+41    3.709056730275000E+12    2.635040521625000E+12
                      254    1.537096903207946E+32    1.900056667662466E+34    5.709656792626118E+14    1.999632105159750E+08    5.866330479298165E-12    4.619432887488259E+02    2.063024929840992E+04    2.066619116327769E+04    3.265825103760000E-01    2.648925771501963E+02    1.907826776914193E+34    5.743301867197312E+14    6.177989000000000E-01    0.000000000000000E+00    3.619265000000000E-01    2.200523000000000E-03    4.321637000000000E-03    7.458830000000000E-03    1.579073000000000E-03    2.190245000000000E-04    2.832479000000000E-03    5.262691000000000E-04    3.721664000000000E-04    7.687070000000000E-05    6.827652000000000E-05    0.000000000000000E+00    0.000000000000000E+00    0.000000000000000E+00    0.000000000000000E+00    0.000000000000000E+00    6.011060999999999E-05    0.000000000000000E+00    1.823319000000000E-04    2.709781379700000E+41    3.534166040425000E+12    2.510149831775000E+12
                      255    1.554026224847070E+32    1.915596886165920E+34    5.776946941768506E+14    2.023919331884375E+08    5.563736138391184E-12    4.339464162916654E+02    2.033576161844787E+04    2.034719166647939E+04    3.259336034775000E-01    2.527122436555184E+02    1.923284376987519E+34    5.811319143470465E+14    6.181670000000000E-01    0.000000000000000E+00    3.616265000000000E-01    2.172074000000000E-03    4.322173000000000E-03    7.444792000000000E-03    1.571973000000000E-03    2.190517000000000E-04    2.832379000000000E-03    5.231002000000000E-04    3.689130000000000E-04    7.597622999999999E-05    6.702964000000000E-05    0.000000000000000E+00    0.000000000000000E+00    0.000000000000000E+00    0.000000000000000E+00    0.000000000000000E+00    5.996195000000000E-05    0.000000000000000E+00    1.720796000000000E-04    2.717226724625000E+41    3.344384660725000E+12    2.377813797000000E+12
                      256    1.537503930708479E+32    1.930971867809118E+34    5.845691345172425E+14    2.048593785333625E+08    5.252505614233236E-12    4.068516729567060E+02    2.002186257086610E+04    2.002186257086610E+04    3.253336034775000E-01    2.409863855499586E+02    1.938488653643318E+34    5.880437245517952E+14    6.185712000000000E-01    0.000000000000000E+00    3.612969000000000E-01    2.140830000000000E-03    4.322761000000000E-03    7.429402000000000E-03    1.564175000000000E-03    2.190815000000000E-04    2.832269000000000E-03    5.196338000000000E-04    3.653543000000000E-04    7.499781000000000E-05    6.566574000000000E-05    0.000000000000000E+00    0.000000000000000E+00    0.000000000000000E+00    0.000000000000000E+00    0.000000000000000E+00    5.979932000000000E-05    0.000000000000000E+00    1.608191000000000E-04    2.724672069550000E+41    3.162048625950000E+12    2.250368452075000E+12
                      257    1.503350406246408E+32    1.946005439477518E+34    5.915183145863478E+14    2.073431012058250E+08    4.958685052869768E-12    3.849781721154766E+02    1.970173512775542E+04    1.974715231777259E+04    3.251336034775000E-01    2.298029392683532E+02    1.953310956762956E+34    5.950109186190470E+14    6.189268000000000E-01    0.000000000000000E+00    3.610068000000001E-01    2.113358000000000E-03    4.323277000000000E-03    7.415938000000000E-03    1.557317000000000E-03    2.191076000000000E-04    2.832172000000000E-03    5.166184000000000E-04    3.622586000000000E-04    7.414672000000000E-05    6.447935000000000E-05    0.000000000000000E+00    0.000000000000000E+00    0.000000000000000E+00    0.000000000000000E+00    0.000000000000000E+00    5.965785000000000E-05    0.000000000000000E+00    1.509149000000000E-04    2.724672069550000E+41    2.987157936100000E+12    2.125477762225000E+12
                      258    1.461112007250078E+32    1.960616474048394E+34    5.985035226517462E+14    2.098431012058250E+08    4.681300556238139E-12    3.609409076712442E+02    1.943141718784496E+04    1.943141718784496E+04    3.244591500282500E-01    2.192124389541006E+02    1.967702470884107E+34    6.020180405267805E+14    6.192316000000000E-01    0.000000000000000E+00    3.607580000000000E-01    2.089819000000000E-03    4.323717000000000E-03    7.404449000000000E-03    1.551439000000000E-03    2.191299000000000E-04    2.832089000000000E-03    5.140584000000000E-04    3.596305000000000E-04    7.342419999999999E-05    6.347218000000000E-05    0.000000000000000E+00    0.000000000000000E+00    0.000000000000000E+00    0.000000000000000E+00    0.000000000000000E+00    5.953773000000000E-05    0.000000000000000E+00    1.424255000000000E-04    2.724672069550000E+41    2.817376556400000E+12    2.010587072375000E+12
                      259    1.417185845955501E+32    1.974788467719820E+34    6.055325584018148E+14    2.124281012058250E+08    4.409268292117296E-12    3.390702748260251E+02    1.913149615684588E+04    1.913149615684588E+04    3.238846965790000E-01    2.091926068052225E+02    1.982043578815037E+34    6.092768889523255E+14    6.195294000000000E-01    0.000000000000000E+00    3.605149000000001E-01    2.066828000000000E-03    4.324147000000000E-03    7.393253000000001E-03    1.545699000000000E-03    2.191517000000000E-04    2.832008000000000E-03    5.115703000000000E-04    3.570763000000000E-04    7.272197000000000E-05    6.249330999999999E-05    0.000000000000000E+00    0.000000000000000E+00    0.000000000000000E+00    0.000000000000000E+00    0.000000000000000E+00    5.942098000000000E-05    0.000000000000000E+00    1.341330000000000E-04    2.722117414475000E+41    2.655040521625000E+12    1.888251037600000E+12
                      260    1.450977678662092E+32    1.989298689910252E+34    6.130212195028362E+14    2.151068238782875E+08    4.133962429032138E-12    3.208408943548966E+02    1.885838405850886E+04    1.886900218892942E+04    3.233102431297500E-01    1.992018878253408E+02    1.996346608696942E+34    6.168140141737511E+14    6.199502000000000E-01    0.000000000000000E+00    3.601711000000000E-01    2.034337000000000E-03    4.324752000000000E-03    7.377494000000000E-03    1.537585000000000E-03    2.191824000000000E-04    2.831892999999999E-03    5.080848000000000E-04    3.534982000000000E-04    7.173829000000000E-05    6.112213000000000E-05    0.000000000000000E+00    0.000000000000000E+00    0.000000000000000E+00    0.000000000000000E+00    0.000000000000000E+00    5.925743000000001E-05    0.000000000000000E+00    1.224105000000000E-04    2.709562759400000E+41    2.490149831775000E+12    1.773360347750000E+12
                      261    1.409642017747060E+32    2.003394527483631E+34    6.206068088446660E+14    2.178705465507500E+08    3.866931912829457E-12    3.008082328152719E+02    1.856730770853771E+04    1.856730770853771E+04    3.227357896805000E-01    1.897524190885803E+02    2.010457359344350E+34    6.245872043109076E+14    6.201719000000000E-01    0.000000000000000E+00    3.599899999999999E-01    2.017230000000000E-03    4.325070000000000E-03    7.369222000000000E-03    1.533312000000000E-03    2.191985000000000E-04    2.831832000000000E-03    5.062621000000000E-04    3.516271000000000E-04    7.122388000000000E-05    6.040507000000000E-05    0.000000000000000E+00    0.000000000000000E+00    0.000000000000000E+00    0.000000000000000E+00    0.000000000000000E+00    5.917189000000000E-05    0.000000000000000E+00    1.162371000000000E-04    2.692117414475000E+41    2.327813797000000E+12    1.658469657900000E+12
                      262    1.412615485867701E+32    2.017520191205070E+34    6.285675997771492E+14    2.207755465507500E+08    3.600530757933392E-12    2.846359283345830E+02    1.828074199069207E+04    1.831255469633297E+04    3.222613362312500E-01    1.805323827959857E+02    2.024619808648397E+34    6.327572434014408E+14    6.205289000000000E-01    0.000000000000000E+00    3.596983000000000E-01    1.989676000000000E-03    4.325582000000000E-03    7.355899000000000E-03    1.526430000000000E-03    2.192245000000000E-04    2.831735000000000E-03    5.033264000000000E-04    3.486135000000000E-04    7.039539000000001E-05    5.925022000000000E-05    0.000000000000000E+00    0.000000000000000E+00    0.000000000000000E+00    0.000000000000000E+00    0.000000000000000E+00    5.903413000000000E-05    0.000000000000000E+00    1.062940000000000E-04    2.669562759400000E+41    2.172923107150000E+12    1.543578968050000E+12
                      263    1.419775948653072E+32    2.031719426091725E+34    6.369468870257320E+14    2.238155465507500E+08    3.346490147174471E-12    2.673926904291897E+02    1.801975719604984E+04    1.802992080753664E+04    3.217613362312500E-01    1.715261690908085E+02    2.038712663606970E+34    6.413014212928290E+14    6.207111000000000E-01    0.000000000000000E+00    3.595494000000000E-01    1.975613000000000E-03    4.325843000000000E-03    7.349098000000000E-03    1.522918000000000E-03    2.192377000000000E-04    2.831685000000000E-03    5.018280000000000E-04    3.470754000000000E-04    6.997252000000000E-05    5.866078000000000E-05    0.000000000000000E+00    0.000000000000000E+00    0.000000000000000E+00    0.000000000000000E+00    0.000000000000000E+00    5.896381000000000E-05    0.000000000000000E+00    1.012190000000000E-04    2.639562759400000E+41    2.013141727450000E+12    1.436133623125000E+12
                      264    1.398805979315703E+32    2.045705901122215E+34    6.456559555599260E+14    2.269492692232125E+08    3.085791122464902E-12    2.530169003616798E+02    1.774164231060981E+04    1.778254102002872E+04    3.212613362312500E-01    1.629083493374946E+02    2.052484390371424E+34    6.501217793214648E+14    6.209046000000000E-01    0.000000000000000E+00    3.593913000000001E-01    1.960677000000000E-03    4.326121000000000E-03    7.341876000000001E-03    1.519187000000000E-03    2.192518000000000E-04    2.831632000000000E-03    5.002366000000000E-04    3.454417000000000E-04    6.952341000000001E-05    5.803475000000000E-05    0.000000000000000E+00    0.000000000000000E+00    0.000000000000000E+00    0.000000000000000E+00    0.000000000000000E+00    5.888913000000000E-05    0.000000000000000E+00    9.582893000000000E-05    2.609562759400000E+41    1.858251037600000E+12    1.323797588350000E+12
                      265    1.355647145390228E+32    2.059262879620634E+34    6.545876030830036E+14    2.300867145681375E+08    2.827265054638908E-12    2.376925539023830E+02    1.749821785236116E+04    1.750810447721850E+04    3.202613362312500E-01    1.548358572510462E+02    2.065591988239066E+34    6.589834679240495E+14    6.210915000000000E-01    0.000000000000000E+00    3.592386000000000E-01    1.946251000000000E-03    4.326389000000000E-03    7.334901000000000E-03    1.515584000000000E-03    2.192654000000000E-04    2.831581000000000E-03    4.986997000000000E-04    3.438640000000000E-04    6.908965999999999E-05    5.743013000000000E-05    0.000000000000000E+00    0.000000000000000E+00    0.000000000000000E+00    0.000000000000000E+00    0.000000000000000E+00    5.881701000000000E-05    0.000000000000000E+00    9.062324999999999E-05    2.569562759400000E+41    1.705915002825000E+12    1.216352243425000E+12
                      266    1.265887540053099E+32    2.071921096857498E+34    6.633793327650952E+14    2.334204372406000E+08    2.590398174066065E-12    2.265424176724194E+02    1.726788427816857E+04    1.729791740893292E+04    3.197357896805000E-01    1.475673681481641E+02    2.078666777343841E+34    6.684161147756640E+14    6.213154000000000E-01    0.000000000000000E+00    3.590556000000000E-01    1.928973000000000E-03    4.326710000000000E-03    7.326546000000000E-03    1.511268000000000E-03    2.192816000000000E-04    2.831518999999999E-03    4.968587000000000E-04    3.419742000000000E-04    6.857012000000000E-05    5.670594000000000E-05    0.000000000000000E+00    0.000000000000000E+00    0.000000000000000E+00    0.000000000000000E+00    0.000000000000000E+00    5.873062000000000E-05    0.000000000000000E+00    8.438801999999999E-05    2.522117414475000E+41    1.561024312975000E+12    1.111461553575000E+12
                      267    1.349122377240519E+32    2.085412457830184E+34    6.734528967862328E+14    2.372091599130625E+08    2.384330889989304E-12    2.147907512415992E+02    1.707022044136145E+04    1.707022044136145E+04    3.192357896805000E-01    1.399136825477481E+02    2.092569739159762E+34    6.791001711000485E+14    6.213959000000000E-01    0.000000000000000E+00    3.589898000000000E-01    1.922758000000000E-03    4.326826000000000E-03    7.323541000000000E-03    1.509716000000000E-03    2.192875000000000E-04    2.831497000000001E-03    4.961966000000000E-04    3.412945000000001E-04    6.838325000000000E-05    5.644546000000000E-05    0.000000000000000E+00    0.000000000000000E+00    0.000000000000000E+00    0.000000000000000E+00    0.000000000000000E+00    5.869954000000000E-05    0.000000000000000E+00    8.214528000000000E-05    2.472117414475000E+41    1.436133623125000E+12    1.024527139665000E+12
                      268    1.431353067443237E+32    2.099727020489339E+34    6.847474454138645E+14    2.410328825855250E+08    2.204786420037607E-12    2.032429907424766E+02    1.683600823651733E+04    1.683600823651733E+04    3.186357896805000E-01    1.319934782502905E+02    2.105960685433978E+34    6.898713684292180E+14    6.215825000000000E-01    0.000000000000000E+00    3.588373000000000E-01    1.908355000000000E-03    4.327094000000000E-03    7.316577000000000E-03    1.506119000000000E-03    2.193011000000000E-04    2.831446000000000E-03    4.946621000000000E-04    3.397193000000000E-04    6.795019000000000E-05    5.584180000000000E-05    0.000000000000000E+00    0.000000000000000E+00    0.000000000000000E+00    0.000000000000000E+00    0.000000000000000E+00    5.862753000000000E-05    0.000000000000000E+00    7.694790000000000E-05    2.402117414475000E+41    1.331242933275000E+12    9.466145877850000E+11
                      269    1.246683079839923E+32    2.112194350378616E+34    6.949952914445716E+14    2.446928825855250E+08    2.024727237804876E-12    1.940955493198887E+02    1.661440781657760E+04    1.664328804387893E+04    3.180846965790000E-01    1.254054346426241E+02    2.118208296032542E+34    7.002209717626101E+14    6.217305000000000E-01    0.000000000000000E+00    3.587165000000000E-01    1.896938000000000E-03    4.327306000000000E-03    7.311056000000000E-03    1.503267000000000E-03    2.193118000000000E-04    2.831406000000000E-03    4.934456000000000E-04    3.384706000000000E-04    6.760689000000000E-05    5.536327000000000E-05    0.000000000000000E+00    0.000000000000000E+00    0.000000000000000E+00    0.000000000000000E+00    0.000000000000000E+00    5.857045000000000E-05    0.000000000000000E+00    7.282779000000000E-05    2.332117414475000E+41    1.216352243425000E+12    8.696801738750000E+11
                      270    1.202947408210958E+32    2.124222241686469E+34    7.054466520806485E+14    2.484766052579875E+08    1.842326187138692E-12    1.857324932999619E+02    1.642422426297022E+04    1.646208601014120E+04    3.175102431297500E-01    1.193028686502354E+02    2.130113900133347E+34    7.109408947688886E+14    6.218003000000000E-01    0.000000000000000E+00    3.586594000000000E-01    1.891547000000000E-03    4.327406000000000E-03    7.308450000000000E-03    1.501921000000000E-03    2.193169000000000E-04    2.831387000000000E-03    4.928713000000000E-04    3.378810000000000E-04    6.744480000000000E-05    5.513733000000000E-05    0.000000000000000E+00    0.000000000000000E+00    0.000000000000000E+00    0.000000000000000E+00    0.000000000000000E+00    5.854348999999999E-05    0.000000000000000E+00    7.088248000000000E-05    2.254672069550000E+41    1.110950622560000E+12    7.912566909800000E+11
                      271    1.178291125814302E+32    2.136005558580225E+34    7.164351374571288E+14    2.520853279304500E+08    1.665672250765352E-12    1.777323565065979E+02    1.627364606983376E+04    1.628287280500223E+04    3.170401620865000E-01    1.135106955817390E+02    2.140801603188349E+34    7.211848033522789E+14    6.219137000000000E-01    0.000000000000000E+00    3.585668000000000E-01    1.882798000000000E-03    4.327569000000000E-03    7.304219000000000E-03    1.499736000000000E-03    2.193251000000000E-04    2.831356000000000E-03    4.919391000000000E-04    3.369240000000000E-04    6.718171000000000E-05    5.477061000000000E-05    0.000000000000000E+00    0.000000000000000E+00    0.000000000000000E+00    0.000000000000000E+00    0.000000000000000E+00    5.849975000000000E-05    0.000000000000000E+00    6.772500999999999E-05    2.174672069550000E+41    1.005549001695000E+12    7.155777425775000E+11
                      272    9.591095011312046E+31    2.145597647796473E+34    7.259344692474289E+14    2.554940506029125E+08    1.525339529643504E-12    1.725392432084943E+02    1.613359052982193E+04    1.616161907827419E+04    3.166168017387500E-01    1.089316480289574E+02    2.150237602229746E+34    7.308459690211226E+14    6.220056000000000E-01    0.000000000000000E+00    3.584917000000000E-01    1.875707000000000E-03    4.327700000000000E-03    7.300790000000000E-03    1.497965000000000E-03    2.193318000000000E-04    2.831330999999999E-03    4.911836000000000E-04    3.361485000000000E-04    6.696850999999999E-05    5.447341000000001E-05    0.000000000000000E+00    0.000000000000000E+00    0.000000000000000E+00    0.000000000000000E+00    0.000000000000000E+00    5.846429000000000E-05    0.000000000000000E+00    6.516620999999999E-05    2.097226724625000E+41    9.188919153225000E+11    6.553878631600000E+11
                      273    9.280191220749439E+31    2.154877556663020E+34    7.357574687948162E+14    2.594327732753750E+08    1.403998116838548E-12    1.678370698236411E+02    1.602252767381815E+04    1.605036327510003E+04    3.154423482895000E-01    1.045894828791963E+02    2.160367556316017E+34    7.420027825272068E+14    6.220282000000000E-01    0.000000000000000E+00    3.584732000000000E-01    1.873961000000000E-03    4.327733000000000E-03    7.299946000000000E-03    1.497529000000000E-03    2.193335000000000E-04    2.831325000000000E-03    4.909975999999999E-04    3.359575000000000E-04    6.691600999999999E-05    5.440023000000000E-05    0.000000000000000E+00    0.000000000000000E+00    0.000000000000000E+00    0.000000000000000E+00    0.000000000000000E+00    5.845557000000000E-05    0.000000000000000E+00    6.453612000000000E-05    2.017226724625000E+41    8.452129669200000E+11    6.034315872200000E+11
                      274    1.098037909227994E+32    2.165857555969015E+34    7.482480962595972E+14    2.646227732753750E+08    1.268722159388255E-12    1.632630437178074E+02    1.591222936913734E+04    1.593987335148781E+04    3.146912551880000E-01    9.961190056460745E+01    2.172511769601306E+34    7.567497616585209E+14    6.220282000000000E-01    0.000000000000000E+00    3.584732000000000E-01    1.873961000000000E-03    4.327733000000000E-03    7.299946000000000E-03    1.497529000000000E-03    2.193335000000000E-04    2.831325000000000E-03    4.909975999999999E-04    3.359575000000000E-04    6.691600999999999E-05    5.440023000000000E-05    0.000000000000000E+00    0.000000000000000E+00    0.000000000000000E+00    0.000000000000000E+00    0.000000000000000E+00    5.845557000000000E-05    0.000000000000000E+00    6.453612000000000E-05    1.907226724625000E+41    7.637894840250000E+11    5.449862422949999E+11
                      275    1.330766172678183E+32    2.179165983233597E+34    7.652514270574445E+14    2.708802186203001E+08    1.077927497340119E-12    1.576763286085026E+02    1.580269035264520E+04    1.580269035264520E+04    3.135934413910000E-01    9.387503801908727E+01    2.185766509799379E+34    7.746450217193475E+14    6.220282000000000E-01    0.000000000000000E+00    3.584732000000000E-01    1.873961000000000E-03    4.327733000000000E-03    7.299946000000000E-03    1.497529000000000E-03    2.193335000000000E-04    2.831325000000000E-03    4.909975999999999E-04    3.359575000000000E-04    6.691600999999999E-05    5.440023000000000E-05    0.000000000000000E+00    0.000000000000000E+00    0.000000000000000E+00    0.000000000000000E+00    0.000000000000000E+00    5.845557000000000E-05    0.000000000000000E+00    6.453612000000000E-05    1.757226724625000E+41    6.496433286675000E+11    4.635627594000000E+11
                      276    1.320262795218195E+32    2.192367036365161E+34    7.840386163812504E+14    2.766339412927625E+08    8.597387968269290E-13    1.536920631401290E+02    1.569390539743861E+04    1.570281889305832E+04    3.138000000000000E-01    8.881645406573756E+01    2.196660013275998E+34    7.911487254501155E+14    6.220282000000000E-01    0.000000000000000E+00    3.584732000000000E-01    1.873961000000000E-03    4.327733000000000E-03    7.299946000000000E-03    1.497529000000000E-03    2.193335000000000E-04    2.831325000000000E-03    4.909975999999999E-04    3.359575000000000E-04    6.691600999999999E-05    5.440023000000000E-05    0.000000000000000E+00    0.000000000000000E+00    0.000000000000000E+00    0.000000000000000E+00    0.000000000000000E+00    5.845557000000000E-05    0.000000000000000E+00    6.453612000000000E-05    1.577226724625000E+41    5.175190353399999E+11    3.689056730275000E+11
                      277    8.584854231015685E+31    2.200952990186836E+34    7.982588345189804E+14    2.818139412927625E+08    7.592180510878990E-13    1.508868668463195E+02    1.562179845201276E+04    1.563067099384017E+04    3.146233603477500E-01    8.542633916984765E+01    2.205225088794031E+34    8.059528793972394E+14    6.220282000000000E-01    0.000000000000000E+00    3.584732000000000E-01    1.873961000000000E-03    4.327733000000000E-03    7.299946000000000E-03    1.497529000000000E-03    2.193335000000000E-04    2.831325000000000E-03    4.909975999999999E-04    3.359575000000000E-04    6.691600999999999E-05    5.440023000000000E-05    0.000000000000000E+00    0.000000000000000E+00    0.000000000000000E+00    0.000000000000000E+00    0.000000000000000E+00    5.845557000000000E-05    0.000000000000000E+00    6.453612000000000E-05    1.429781379700000E+41    4.570736904150000E+11    3.256939315800000E+11
                      278    8.544652560249913E+31    2.209497187401225E+34    8.136469242754982E+14    2.872113866376875E+08    6.860669923060519E-13    1.491992015970902E+02    1.555885458410788E+04    1.558586931259621E+04    3.152467206955000E-01    8.210462838140413E+01    2.213550560922643E+34    8.214060493854200E+14    6.220282000000000E-01    0.000000000000000E+00    3.584732000000000E-01    1.873961000000000E-03    4.327733000000000E-03    7.299946000000000E-03    1.497529000000000E-03    2.193335000000000E-04    2.831325000000000E-03    4.909975999999999E-04    3.359575000000000E-04    6.691600999999999E-05    5.440023000000000E-05    0.000000000000000E+00    0.000000000000000E+00    0.000000000000000E+00    0.000000000000000E+00    0.000000000000000E+00    5.845557000000000E-05    0.000000000000000E+00    6.453612000000000E-05    1.269781379700000E+41    4.128619489675000E+11    2.942267246250000E+11
                      279    8.107409183322894E+31    2.217603934444061E+34    8.291651744953415E+14    2.927201093101500E+08    6.044585503792443E-13    1.467747808291617E+02    1.552307021157026E+04    1.552307021157026E+04    3.160700810432500E-01    7.914548675705349E+01    2.221459461183344E+34    8.372436654500815E+14    6.220282000000000E-01    0.000000000000000E+00    3.584732000000000E-01    1.873961000000000E-03    4.327733000000000E-03    7.299946000000000E-03    1.497529000000000E-03    2.193335000000000E-04    2.831325000000000E-03    4.909975999999999E-04    3.359575000000000E-04    6.691600999999999E-05    5.440023000000000E-05    0.000000000000000E+00    0.000000000000000E+00    0.000000000000000E+00    0.000000000000000E+00    0.000000000000000E+00    5.845557000000000E-05    0.000000000000000E+00    6.453612000000000E-05    1.102336034775000E+41    3.641611385350000E+11    2.597595176700000E+11
                      280    7.709947922678932E+31    2.225314987922628E+34    8.453221564048218E+14    2.985251093101500E+08    5.325575245916912E-13    1.454291415501685E+02    1.548736814080563E+04    1.548736814080563E+04    3.167934413910000E-01    7.642474773736107E+01    2.229104897136179E+34    8.539917233690871E+14    6.220282000000000E-01    0.000000000000000E+00    3.584732000000000E-01    1.873961000000000E-03    4.327733000000000E-03    7.299946000000000E-03    1.497529000000000E-03    2.193335000000000E-04    2.831325000000000E-03    4.909975999999999E-04    3.359575000000000E-04    6.691600999999999E-05    5.440023000000000E-05    0.000000000000000E+00    0.000000000000000E+00    0.000000000000000E+00    0.000000000000000E+00    0.000000000000000E+00    5.845557000000000E-05    0.000000000000000E+00    6.453612000000000E-05    9.176133623125001E+40    3.209493970875000E+11    2.290368452075000E+11
                      281    7.579231846189112E+31    2.232894806349729E+34    8.626612903333522E+14    3.044588319826125E+08    4.662185514525544E-13    1.454291415501685E+02    1.548736814080563E+04    1.548736814080563E+04    3.175423482895000E-01    7.386249432975725E+01    2.236278085744722E+34    8.710916546414375E+14    6.220282000000000E-01    0.000000000000000E+00    3.584732000000000E-01    1.873961000000000E-03    4.327733000000000E-03    7.299946000000000E-03    1.497529000000000E-03    2.193335000000000E-04    2.831325000000000E-03    4.909975999999999E-04    3.359575000000000E-04    6.691600999999999E-05    5.440023000000000E-05    0.000000000000000E+00    0.000000000000000E+00    0.000000000000000E+00    0.000000000000000E+00    0.000000000000000E+00    5.845557000000000E-05    0.000000000000000E+00    6.453612000000000E-05    7.129562759400000E+40    2.807376556400000E+11    2.003141727450000E+11
                      282    6.767801546154651E+31    2.239661365139714E+34    8.795220189495226E+14    3.064701017952500E+08    4.155177213574443E-13    1.440958391662389E+02    1.545174818252515E+04    1.545174818252515E+04    3.181912551880000E-01    7.163734518672169E+01    2.244105461200725E+34    8.917406830350228E+14    6.220282000000000E-01    0.000000000000000E+00    3.584732000000000E-01    1.873961000000000E-03    4.327733000000000E-03    7.299946000000000E-03    1.497529000000000E-03    2.193335000000000E-04    2.831325000000000E-03    4.909975999999999E-04    3.359575000000000E-04    6.691600999999999E-05    5.440023000000000E-05    0.000000000000000E+00    0.000000000000000E+00    0.000000000000000E+00    0.000000000000000E+00    0.000000000000000E+00    5.845557000000000E-05    0.000000000000000E+00    6.453612000000000E-05    5.030655860900000E+40    2.502704486850000E+11    1.783360347750000E+11
                      283    8.887633378846618E+31    2.248549557261735E+34    9.039593471205228E+14    2.920769402981750E+08    3.542610564153433E-13    1.440958391662389E+02    1.545174818252515E+04    1.545174818252515E+04    3.191124293327500E-01    6.887279899083606E+01    2.252791829720869E+34    9.121592456358865E+14    6.220282000000000E-01    0.000000000000000E+00    3.584732000000000E-01    1.873961000000000E-03    4.327733000000000E-03    7.299946000000000E-03    1.497529000000000E-03    2.193335000000000E-04    2.831325000000000E-03    4.909975999999999E-04    3.359575000000000E-04    6.691600999999999E-05    5.440023000000000E-05    0.000000000000000E+00    0.000000000000000E+00    0.000000000000000E+00    0.000000000000000E+00    0.000000000000000E+00    5.845557000000000E-05    0.000000000000000E+00    6.453612000000000E-05    7.768246297775003E+40    2.136570863725000E+11    1.519344139100000E+11
                      284    8.484441520955305E+31    2.257034102180003E+34    9.203591441512502E+14    2.719474500847500E+08    4.801161709333548E-13    1.440958391662389E+02    1.545174818252515E+04    1.545174818252515E+04    3.174569638252500E-01    6.639999479604431E+01    2.260420364189802E+34    9.224168396621718E+14    6.220282000000000E-01    0.000000000000000E+00    3.584732000000000E-01    1.873961000000000E-03    4.327733000000000E-03    7.299946000000000E-03    1.497529000000000E-03    2.193335000000000E-04    2.831325000000000E-03    4.909975999999999E-04    3.359575000000000E-04    6.691600999999999E-05    5.440023000000000E-05    0.000000000000000E+00    0.000000000000000E+00    0.000000000000000E+00    0.000000000000000E+00    0.000000000000000E+00    5.845557000000000E-05    0.000000000000000E+00    6.453612000000000E-05    3.011161890025000E+41    2.890724649425000E+11    2.067295513150000E+11
                      285    6.772160140591220E+31    2.263806626199601E+34    9.244745351730935E+14    2.620077412510250E+08    1.587895244889631E-12    1.424841313655379E+02    1.540745934188558E+04    1.540745934188558E+04    3.182480964660000E-01    6.443190057470798E+01    2.268138377102917E+34    9.253789505434246E+14    6.220282000000000E-01    0.000000000000000E+00    3.584732000000000E-01    1.873961000000000E-03    4.327733000000000E-03    7.299946000000000E-03    1.497529000000000E-03    2.193335000000000E-04    2.831325000000000E-03    4.909975999999999E-04    3.359575000000000E-04    6.691600999999999E-05    5.440023000000000E-05    0.000000000000000E+00    0.000000000000000E+00    0.000000000000000E+00    0.000000000000000E+00    0.000000000000000E+00    5.845557000000000E-05    0.000000000000000E+00    6.453612000000000E-05    4.305546550750000E+41    9.561412534675002E+11    6.817995653125001E+11
                      286    8.663454084794508E+31    2.272470128006232E+34    9.262833659137558E+14    2.586471419239250E+08    4.661256373476303E-12    1.386010432181002E+02    1.530139513781963E+04    1.530139513781963E+04    3.304961929320000E-01    6.182138188746117E+01    2.276039323724135E+34    9.263479591276341E+14    6.220282000000000E-01    0.000000000000000E+00    3.584732000000000E-01    1.873961000000000E-03    4.327733000000000E-03    7.299946000000000E-03    1.497529000000000E-03    2.193335000000000E-04    2.831325000000000E-03    4.909975999999999E-04    3.359575000000000E-04    6.691600999999999E-05    5.440023000000000E-05    0.000000000000000E+00    0.000000000000000E+00    0.000000000000000E+00    0.000000000000000E+00    0.000000000000000E+00    5.845557000000000E-05    0.000000000000000E+00    6.453612000000000E-05    4.898469657899999E+41    2.806846017825000E+12    1.999113264075000E+12
                      287    7.138653905908934E+31    2.279608519442039E+34    9.264125523415125E+14    2.585823605442250E+08    4.928012114031154E-11    1.348237800029982E+02    1.519606107459872E+04    1.519606107459872E+04    5.184767148012500E-01    5.853691894207379E+01    2.282594116862892E+34    9.264528642745192E+14    6.220282000000000E-01    0.000000000000000E+00    3.584732000000000E-01    1.873961000000000E-03    4.327733000000000E-03    7.299946000000000E-03    1.497529000000000E-03    2.193335000000000E-04    2.831325000000000E-03    4.909975999999999E-04    3.359575000000000E-04    6.691600999999999E-05    5.440023000000000E-05    0.000000000000000E+00    0.000000000000000E+00    0.000000000000000E+00    0.000000000000000E+00    0.000000000000000E+00    5.845557000000000E-05    0.000000000000000E+00    6.453612000000000E-05    4.923360347750000E+41    2.968757066725000E+13    2.070655860900000E+13
                      288    5.972212907560043E+31    2.285579714283745E+34    9.264931762075259E+14    2.586096965790000E+08    6.681953851630608E-11    1.299470722415822E+02    1.505674274925392E+04    1.505674274925392E+04    5.720352994915000E-01    5.546308398666815E+01    2.287817669593215E+34    9.265218923657172E+14    6.220282000000000E-01    0.000000000000000E+00    3.584732000000000E-01    1.873961000000000E-03    4.327733000000000E-03    7.299946000000000E-03    1.497529000000000E-03    2.193335000000000E-04    2.831325000000000E-03    4.909975999999999E-04    3.359575000000000E-04    6.691600999999999E-05    5.440023000000000E-05    0.000000000000000E+00    0.000000000000000E+00    0.000000000000000E+00    0.000000000000000E+00    0.000000000000000E+00    5.845557000000000E-05    0.000000000000000E+00    6.453612000000000E-05    4.925915002825000E+41    4.027157936100000E+13    2.792704486850000E+13
                      289    4.475934479859760E+31    2.290055624902686E+34    9.265506085239085E+14    2.586333099413125E+08    6.716369472991307E-11    1.264056537609437E+02    1.491870170199335E+04    1.495309286122959E+04    5.848586598392500E-01    5.321259500613098E+01    2.291925724386077E+34    9.265716173588271E+14    6.220282000000000E-01    0.000000000000000E+00    3.584732000000000E-01    1.873961000000000E-03    4.327733000000000E-03    7.299946000000000E-03    1.497529000000000E-03    2.193335000000000E-04    2.831325000000000E-03    4.909975999999999E-04    3.359575000000000E-04    6.691600999999999E-05    5.440023000000000E-05    0.000000000000000E+00    0.000000000000000E+00    0.000000000000000E+00    0.000000000000000E+00    0.000000000000000E+00    5.845557000000000E-05    0.000000000000000E+00    6.453612000000000E-05    4.925915002825000E+41    4.042267246250000E+13    2.795259141925000E+13
                      290    3.739868890744497E+31    2.293795823869469E+34    9.265926261937458E+14    2.586444779587000E+08    6.730744527025918E-11    1.229607487656701E+02    1.485015649401560E+04    1.485015649401560E+04    5.938863925930000E-01    5.153666768320653E+01    2.294220349376863E+34    9.265964101560025E+14    6.220282000000000E-01    0.000000000000000E+00    3.584732000000000E-01    1.873961000000000E-03    4.327733000000000E-03    7.299946000000000E-03    1.497529000000000E-03    2.193335000000000E-04    2.831325000000000E-03    4.909975999999999E-04    3.359575000000000E-04    6.691600999999999E-05    5.440023000000000E-05    0.000000000000000E+00    0.000000000000000E+00    0.000000000000000E+00    0.000000000000000E+00    0.000000000000000E+00    5.845557000000000E-05    0.000000000000000E+00    6.453612000000000E-05    4.925915002825000E+41    4.057376556400000E+13    2.797813797000000E+13
                      291    8.496771650563504E+30    2.294644874884257E+34    9.266001941182592E+14    2.586482006311625E+08    6.461971041179771E-11    1.218334378449605E+02    1.481600208185429E+04    1.481600208185429E+04    5.913316149707499E-01    5.124794438785896E+01    2.295009748095530E+34    9.266041914708115E+14    6.220282000000000E-01    0.000000000000000E+00    3.584732000000000E-01    1.873961000000000E-03    4.327733000000000E-03    7.299946000000000E-03    1.497529000000000E-03    2.193335000000000E-04    2.831325000000000E-03    4.909975999999999E-04    3.359575000000000E-04    6.691600999999999E-05    5.440023000000000E-05    0.000000000000000E+00    0.000000000000000E+00    0.000000000000000E+00    0.000000000000000E+00    0.000000000000000E+00    5.845557000000000E-05    0.000000000000000E+00    6.453612000000000E-05    4.925915002825000E+41    3.890587072375000E+13    2.680805692675000E+13
                      292    7.284652900664937E+30    2.295374621306803E+34    9.266081888233635E+14    2.586519233036250E+08    6.488233238515795E-11    1.218334378449605E+02    1.480760655306143E+04    1.481600208185429E+04    5.931571615215000E-01    5.094076411404399E+01    2.295622178335705E+34    9.266115461270810E+14    6.220282000000000E-01    0.000000000000000E+00    3.584732000000000E-01    1.873961000000000E-03    4.327733000000000E-03    7.299946000000000E-03    1.497529000000000E-03    2.193335000000000E-04    2.831325000000000E-03    4.909975999999999E-04    3.359575000000000E-04    6.691600999999999E-05    5.440023000000000E-05    0.000000000000000E+00    0.000000000000000E+00    0.000000000000000E+00    0.000000000000000E+00    0.000000000000000E+00    5.845557000000000E-05    0.000000000000000E+00    6.453612000000000E-05    4.925915002825000E+41    3.903141727450000E+13    2.690805692675000E+13
                      293    4.964965991869109E+30    2.295869735364607E+34    9.266149034307984E+14    2.586532006311625E+08    6.491798144290919E-11    1.215872088138625E+02    1.478192622266110E+04    1.480760655306143E+04    5.946571615215001E-01    5.068196515571086E+01    2.296112321368832E+34    9.266182889888478E+14    6.220282000000000E-01    0.000000000000000E+00    3.584732000000000E-01    1.873961000000000E-03    4.327733000000000E-03    7.299946000000000E-03    1.497529000000000E-03    2.193335000000000E-04    2.831325000000000E-03    4.909975999999999E-04    3.359575000000000E-04    6.691600999999999E-05    5.440023000000000E-05    0.000000000000000E+00    0.000000000000000E+00    0.000000000000000E+00    0.000000000000000E+00    0.000000000000000E+00    5.845557000000000E-05    0.000000000000000E+00    6.453612000000000E-05    4.925915002825000E+41    3.910587072375000E+13    2.693360347750000E+13
                      294    4.843849958235020E+30    2.296354907373057E+34    9.266216745468975E+14    2.586582006311625E+08    6.518181562422092E-11    1.207164621728940E+02    1.478192622266110E+04    1.478192622266110E+04    5.963316149707500E-01    5.041919599456639E+01    2.296593516557541E+34    9.266250601296908E+14    6.220282000000000E-01    0.000000000000000E+00    3.584732000000000E-01    1.873961000000000E-03    4.327733000000000E-03    7.299946000000000E-03    1.497529000000000E-03    2.193335000000000E-04    2.831325000000000E-03    4.909975999999999E-04    3.359575000000000E-04    6.691600999999999E-05    5.440023000000000E-05    0.000000000000000E+00    0.000000000000000E+00    0.000000000000000E+00    0.000000000000000E+00    0.000000000000000E+00    5.845557000000000E-05    0.000000000000000E+00    6.453612000000000E-05    4.925915002825000E+41    3.930587072375000E+13    2.700805692675000E+13
                      295    4.767290212983533E+30    2.296832125742025E+34    9.266284457124841E+14    2.586619233036250E+08    6.548268121510732E-11    1.207164621728940E+02    1.477355000304863E+04    1.478192622266110E+04    5.980316149707500E-01    5.015445845187146E+01    2.297064769696897E+34    9.266316964068338E+14    6.220282000000000E-01    0.000000000000000E+00    3.584732000000000E-01    1.873961000000000E-03    4.327733000000000E-03    7.299946000000000E-03    1.497529000000000E-03    2.193335000000000E-04    2.831325000000000E-03    4.909975999999999E-04    3.359575000000000E-04    6.691600999999999E-05    5.440023000000000E-05    0.000000000000000E+00    0.000000000000000E+00    0.000000000000000E+00    0.000000000000000E+00    0.000000000000000E+00    5.845557000000000E-05    0.000000000000000E+00    6.453612000000000E-05    4.925915002825000E+41    3.940587072375000E+13    2.710805692675000E+13
                      296    4.656195765097762E+30    2.297297413651769E+34    9.266349471011836E+14    2.586619233036250E+08    6.563363438528739E-11    1.204724905831221E+02    1.474792873576926E+04    1.477355000304863E+04    5.996805218692500E-01    4.989897646163526E+01    2.297526080786899E+34    9.266381193653932E+14    6.220282000000000E-01    0.000000000000000E+00    3.584732000000000E-01    1.873961000000000E-03    4.327733000000000E-03    7.299946000000000E-03    1.497529000000000E-03    2.193335000000000E-04    2.831325000000000E-03    4.909975999999999E-04    3.359575000000000E-04    6.691600999999999E-05    5.440023000000000E-05    0.000000000000000E+00    0.000000000000000E+00    0.000000000000000E+00    0.000000000000000E+00    0.000000000000000E+00    5.845557000000000E-05    0.000000000000000E+00    6.453612000000000E-05    4.925915002825000E+41    3.948032417300000E+13    2.718251037600000E+13
                      297    4.565788733506734E+30    2.297754747922029E+34    9.266412916296029E+14    2.586656459760875E+08    6.578493553846337E-11    1.196097269953432E+02    1.474792873576926E+04    1.474792873576926E+04    6.012805218692501E-01    4.964841755881385E+01    2.297977449827547E+34    9.266443290005549E+14    6.220282000000000E-01    0.000000000000000E+00    3.584732000000000E-01    1.873961000000000E-03    4.327733000000000E-03    7.299946000000000E-03    1.497529000000000E-03    2.193335000000000E-04    2.831325000000000E-03    4.909975999999999E-04    3.359575000000000E-04    6.691600999999999E-05    5.440023000000000E-05    0.000000000000000E+00    0.000000000000000E+00    0.000000000000000E+00    0.000000000000000E+00    0.000000000000000E+00    5.845557000000000E-05    0.000000000000000E+00    6.453612000000000E-05    4.925915002825000E+41    3.958032417300000E+13    2.720805692675000E+13
                      298    4.457555607424897E+30    2.298200151733065E+34    9.266473663715070E+14    2.586693686485500E+08    6.593658547681872E-11    1.196097269953432E+02    1.473957178092732E+04    1.474792873576926E+04    6.027805218692500E-01    4.940735704466113E+01    2.298419871023777E+34    9.266504037623906E+14    6.220282000000000E-01    0.000000000000000E+00    3.584732000000000E-01    1.873961000000000E-03    4.327733000000000E-03    7.299946000000000E-03    1.497529000000000E-03    2.193335000000000E-04    2.831325000000000E-03    4.909975999999999E-04    3.359575000000000E-04    6.691600999999999E-05    5.440023000000000E-05    0.000000000000000E+00    0.000000000000000E+00    0.000000000000000E+00    0.000000000000000E+00    0.000000000000000E+00    5.845557000000000E-05    0.000000000000000E+00    6.453612000000000E-05    4.925915002825000E+41    3.975477762225000E+13    2.728251037600000E+13
                      299    4.399818150009438E+30    2.298639590314490E+34    9.266534411532744E+14    2.586706459760875E+08    6.620462310383562E-11    1.193679921505511E+02    1.471400944092746E+04    1.473957178092732E+04    6.043549753185000E-01    4.916468753574086E+01    2.298896095187809E+34    9.266570402236200E+14    6.220282000000000E-01    0.000000000000000E+00    3.584732000000000E-01    1.873961000000000E-03    4.327733000000000E-03    7.299946000000000E-03    1.497529000000000E-03    2.193335000000000E-04    2.831325000000000E-03    4.909975999999999E-04    3.359575000000000E-04    6.691600999999999E-05    5.440023000000000E-05    0.000000000000000E+00    0.000000000000000E+00    0.000000000000000E+00    0.000000000000000E+00    0.000000000000000E+00    5.845557000000000E-05    0.000000000000000E+00    6.453612000000000E-05    4.925915002825000E+41    3.985477762225000E+13    2.738251037600000E+13
                      300    5.136030881455133E+30    2.299152600061130E+34    9.266606392939655E+14    2.586719233036250E+08    6.651020975954310E-11    1.185131384268886E+02    1.471400944092746E+04    1.471400944092746E+04    6.063294287677500E-01    4.887487950949104E+01    2.299401151294967E+34    9.266639967878385E+14    6.220282000000000E-01    0.000000000000000E+00    3.584732000000000E-01    1.873961000000000E-03    4.327733000000000E-03    7.299946000000000E-03    1.497529000000000E-03    2.193335000000000E-04    2.831325000000000E-03    4.909975999999999E-04    3.359575000000000E-04    6.691600999999999E-05    5.440023000000000E-05    0.000000000000000E+00    0.000000000000000E+00    0.000000000000000E+00    0.000000000000000E+00    0.000000000000000E+00    5.845557000000000E-05    0.000000000000000E+00    6.453612000000000E-05    4.925915002825000E+41    4.005477762225000E+13    2.745696382525000E+13
                      301    4.960476162381073E+30    2.299649702528804E+34    9.266673542817116E+14    2.586756459760875E+08    6.666353162764983E-11    1.185131384268886E+02    1.470567170654828E+04    1.471400944092746E+04    6.081038822170000E-01    4.860309719799967E+01    2.299888311713288E+34    9.266705266569031E+14    6.220282000000000E-01    0.000000000000000E+00    3.584732000000000E-01    1.873961000000000E-03    4.327733000000000E-03    7.299946000000000E-03    1.497529000000000E-03    2.193335000000000E-04    2.831325000000000E-03    4.909975999999999E-04    3.359575000000000E-04    6.691600999999999E-05    5.440023000000000E-05    0.000000000000000E+00    0.000000000000000E+00    0.000000000000000E+00    0.000000000000000E+00    0.000000000000000E+00    5.845557000000000E-05    0.000000000000000E+00    6.453612000000000E-05    4.925915002825000E+41    4.015477762225000E+13    2.755696382525000E+13
                      302    4.776935989266289E+30    2.300126920897772E+34    9.266736990320945E+14    2.586793686485500E+08    6.693458869647917E-11    1.182736198204747E+02    1.468016815829896E+04    1.470567170654828E+04    6.096783356662501E-01    4.834460534685451E+01    2.300363541672385E+34    9.266768714290115E+14    6.220282000000000E-01    0.000000000000000E+00    3.584732000000000E-01    1.873961000000000E-03    4.327733000000000E-03    7.299946000000000E-03    1.497529000000000E-03    2.193335000000000E-04    2.831325000000000E-03    4.909975999999999E-04    3.359575000000000E-04    6.691600999999999E-05    5.440023000000000E-05    0.000000000000000E+00    0.000000000000000E+00    0.000000000000000E+00    0.000000000000000E+00    0.000000000000000E+00    5.845557000000000E-05    0.000000000000000E+00    6.453612000000000E-05    4.925915002825000E+41    4.022923107150000E+13    2.755696382525000E+13
                      303    4.727718868146771E+30    2.300600162446998E+34    9.266800438259285E+14    2.586793686485500E+08    6.708888885907078E-11    1.174266034428595E+02    1.468016815829896E+04    1.468016815829896E+04    6.114527891155001E-01    4.808476004072870E+01    2.300839765836417E+34    9.266833229332975E+14    6.220282000000000E-01    0.000000000000000E+00    3.584732000000000E-01    1.873961000000000E-03    4.327733000000000E-03    7.299946000000000E-03    1.497529000000000E-03    2.193335000000000E-04    2.831325000000000E-03    4.909975999999999E-04    3.359575000000000E-04    6.691600999999999E-05    5.440023000000000E-05    0.000000000000000E+00    0.000000000000000E+00    0.000000000000000E+00    0.000000000000000E+00    0.000000000000000E+00    5.845557000000000E-05    0.000000000000000E+00    6.453612000000000E-05    4.925915002825000E+41    4.040368452075000E+13    2.765696382525000E+13
                      304    4.787625680731162E+30    2.301079369225836E+34    9.266866020406665E+14    2.586830913210125E+08    6.736174012905769E-11    1.174266034428595E+02    1.467184960017673E+04    1.468016815829896E+04    6.132016960140000E-01    4.781432054120556E+01    2.301311018975772E+34    9.266897462496831E+14    6.220282000000000E-01    0.000000000000000E+00    3.584732000000000E-01    1.873961000000000E-03    4.327733000000000E-03    7.299946000000000E-03    1.497529000000000E-03    2.193335000000000E-04    2.831325000000000E-03    4.909975999999999E-04    3.359575000000000E-04    6.691600999999999E-05    5.440023000000000E-05    0.000000000000000E+00    0.000000000000000E+00    0.000000000000000E+00    0.000000000000000E+00    0.000000000000000E+00    5.845557000000000E-05    0.000000000000000E+00    6.453612000000000E-05    4.925915002825000E+41    4.050368452075000E+13    2.773141727450000E+13
                      305    4.644090325804952E+30    2.301542668725709E+34    9.266928904587000E+14    2.586880913210125E+08    6.751702497739668E-11    1.171892807562286E+02    1.464640470846071E+04    1.467184960017673E+04    6.148761494632500E-01    4.755367726990017E+01    2.301767359041097E+34    9.266958495410019E+14    6.220282000000000E-01    0.000000000000000E+00    3.584732000000000E-01    1.873961000000000E-03    4.327733000000000E-03    7.299946000000000E-03    1.497529000000000E-03    2.193335000000000E-04    2.831325000000000E-03    4.909975999999999E-04    3.359575000000000E-04    6.691600999999999E-05    5.440023000000000E-05    0.000000000000000E+00    0.000000000000000E+00    0.000000000000000E+00    0.000000000000000E+00    0.000000000000000E+00    5.845557000000000E-05    0.000000000000000E+00    6.453612000000000E-05    4.925915002825000E+41    4.060368452075000E+13    2.783141727450000E+13
                      306    4.483931864359707E+30    2.301992049356486E+34    9.266988086233038E+14    2.586893686485500E+08    6.767266779428112E-11    1.163500298714408E+02    1.464640470846071E+04    1.464640470846071E+04    6.164761494632500E-01    4.730719127995525E+01    2.302208786032393E+34    9.267017677245068E+14    6.220282000000000E-01    0.000000000000000E+00    3.584732000000000E-01    1.873961000000000E-03    4.327733000000000E-03    7.299946000000000E-03    1.497529000000000E-03    2.193335000000000E-04    2.831325000000000E-03    4.909975999999999E-04    3.359575000000000E-04    6.691600999999999E-05    5.440023000000000E-05    0.000000000000000E+00    0.000000000000000E+00    0.000000000000000E+00    0.000000000000000E+00    0.000000000000000E+00    5.845557000000000E-05    0.000000000000000E+00    6.453612000000000E-05    4.925915002825000E+41    4.077813797000000E+13    2.790587072375000E+13
                      307    4.333882478697090E+30    2.302425522708299E+34    9.267047268257099E+14    2.586930913210125E+08    6.782866940491351E-11    1.163500298714408E+02    1.463810528249124E+04    1.464640470846071E+04    6.180250563617500E-01    4.705951255170778E+01    2.302633311539787E+34    9.267072591799892E+14    6.220282000000000E-01    0.000000000000000E+00    3.584732000000000E-01    1.873961000000000E-03    4.327733000000000E-03    7.299946000000000E-03    1.497529000000000E-03    2.193335000000000E-04    2.831325000000000E-03    4.909975999999999E-04    3.359575000000000E-04    6.691600999999999E-05    5.440023000000000E-05    0.000000000000000E+00    0.000000000000000E+00    0.000000000000000E+00    0.000000000000000E+00    0.000000000000000E+00    5.845557000000000E-05    0.000000000000000E+00    6.453612000000000E-05    4.925915002825000E+41    4.087813797000000E+13    2.790587072375000E+13
                      308    4.165185785267069E+30    2.302841100371275E+34    9.267097915342688E+14    2.586968139934750E+08    6.794795846235071E-11    1.161148829722790E+02    1.461271891240219E+04    1.463810528249124E+04    6.193995098110000E-01    4.684671180349830E+01    2.303039941358344E+34    9.267127506705528E+14    6.220282000000000E-01    0.000000000000000E+00    3.584732000000000E-01    1.873961000000000E-03    4.327733000000000E-03    7.299946000000000E-03    1.497529000000000E-03    2.193335000000000E-04    2.831325000000000E-03    4.909975999999999E-04    3.359575000000000E-04    6.691600999999999E-05    5.440023000000000E-05    0.000000000000000E+00    0.000000000000000E+00    0.000000000000000E+00    0.000000000000000E+00    0.000000000000000E+00    5.845557000000000E-05    0.000000000000000E+00    6.453612000000000E-05    4.925915002825000E+41    4.095259141925000E+13    2.800587072375000E+13
                      309    3.981259860637369E+30    2.303238782345414E+34    9.267157098068370E+14    2.586968139934750E+08    6.826159198845798E-11    1.152833263858510E+02    1.461271891240219E+04    1.461271891240219E+04    6.210995098110000E-01    4.659621727330464E+01    2.303463472660803E+34    9.267190675003482E+14    6.220282000000000E-01    0.000000000000000E+00    3.584732000000000E-01    1.873961000000000E-03    4.327733000000000E-03    7.299946000000000E-03    1.497529000000000E-03    2.193335000000000E-04    2.831325000000000E-03    4.909975999999999E-04    3.359575000000000E-04    6.691600999999999E-05    5.440023000000000E-05    0.000000000000000E+00    0.000000000000000E+00    0.000000000000000E+00    0.000000000000000E+00    0.000000000000000E+00    5.845557000000000E-05    0.000000000000000E+00    6.453612000000000E-05    4.925915002825000E+41    4.107813797000000E+13    2.808032417300000E+13
                      310    4.477578894822827E+30    2.303688162976192E+34    9.267224251938594E+14    2.586968139934750E+08    6.853934403506372E-11    1.152833263858510E+02    1.460443857458276E+04    1.461271891240219E+04    6.230484167095000E-01    4.630991422975094E+01    2.303748809477248E+34    9.267232787375421E+14    6.220282000000000E-01    0.000000000000000E+00    3.584732000000000E-01    1.873961000000000E-03    4.327733000000000E-03    7.299946000000000E-03    1.497529000000000E-03    2.193335000000000E-04    2.831325000000000E-03    4.909975999999999E-04    3.359575000000000E-04    6.691600999999999E-05    5.440023000000000E-05    0.000000000000000E+00    0.000000000000000E+00    0.000000000000000E+00    0.000000000000000E+00    0.000000000000000E+00    5.845557000000000E-05    0.000000000000000E+00    6.453612000000000E-05    4.925915002825000E+41    4.125259141925000E+13    2.818032417300000E+13
                      311    1.231571960186566E+30    2.303809455978305E+34    9.267241322812250E+14    2.586968139934750E+08    6.810459468351368E-11    1.150503353264190E+02    1.460443857458276E+04    1.460443857458276E+04    6.229228701587500E-01    4.623762224496485E+01    2.303852206790524E+34    9.267246657468244E+14    6.220282000000000E-01    0.000000000000000E+00    3.584732000000000E-01    1.873961000000000E-03    4.327733000000000E-03    7.299946000000000E-03    1.497529000000000E-03    2.193335000000000E-04    2.831325000000000E-03    4.909975999999999E-04    3.359575000000000E-04    6.691600999999999E-05    5.440023000000000E-05    0.000000000000000E+00    0.000000000000000E+00    0.000000000000000E+00    0.000000000000000E+00    0.000000000000000E+00    5.845557000000000E-05    0.000000000000000E+00    6.453612000000000E-05    4.925915002825000E+41    4.105259141925000E+13    2.800587072375000E+13
                      312    8.405020453899883E+29    2.303894957602744E+34    9.267251992124238E+14    2.586968139934750E+08    6.810459468351368E-11    1.150503353264190E+02    1.460443857458276E+04    1.460443857458276E+04    6.232228701587500E-01    4.619241790775639E+01    2.303928760570546E+34    9.267256259853468E+14    6.220282000000000E-01    0.000000000000000E+00    3.584732000000000E-01    1.873961000000000E-03    4.327733000000000E-03    7.299946000000000E-03    1.497529000000000E-03    2.193335000000000E-04    2.831325000000000E-03    4.909975999999999E-04    3.359575000000000E-04    6.691600999999999E-05    5.440023000000000E-05    0.000000000000000E+00    0.000000000000000E+00    0.000000000000000E+00    0.000000000000000E+00    0.000000000000000E+00    5.845557000000000E-05    0.000000000000000E+00    6.453612000000000E-05    4.925915002825000E+41    4.105259141925000E+13    2.800587072375000E+13
                      313    6.884728000191181E+29    2.303962563538348E+34    9.267260527582696E+14    2.586968139934750E+08    6.822443435422241E-11    1.150503353264190E+02    1.457911059152468E+04    1.460443857458276E+04    6.234973236080000E-01    4.615617681360102E+01    2.303997360711085E+34    9.267265579918845E+14    6.220282000000000E-01    0.000000000000000E+00    3.584732000000000E-01    1.873961000000000E-03    4.327733000000000E-03    7.299946000000000E-03    1.497529000000000E-03    2.193335000000000E-04    2.831325000000000E-03    4.909975999999999E-04    3.359575000000000E-04    6.691600999999999E-05    5.440023000000000E-05    0.000000000000000E+00    0.000000000000000E+00    0.000000000000000E+00    0.000000000000000E+00    0.000000000000000E+00    5.845557000000000E-05    0.000000000000000E+00    6.453612000000000E-05    4.925915002825000E+41    4.105259141925000E+13    2.800587072375000E+13
                      314    6.867383100889081E+29    2.304032157883823E+34    9.267270632254995E+14    2.586968139934750E+08    6.822443435422241E-11    1.150503353264190E+02    1.457911059152468E+04    1.460443857458276E+04    6.237228701587501E-01    4.611322582448833E+01    2.304065960851625E+34    9.267274899992810E+14    6.220282000000000E-01    0.000000000000000E+00    3.584732000000000E-01    1.873961000000000E-03    4.327733000000000E-03    7.299946000000000E-03    1.497529000000000E-03    2.193335000000000E-04    2.831325000000000E-03    4.909975999999999E-04    3.359575000000000E-04    6.691600999999999E-05    5.440023000000000E-05    0.000000000000000E+00    0.000000000000000E+00    0.000000000000000E+00    0.000000000000000E+00    0.000000000000000E+00    5.845557000000000E-05    0.000000000000000E+00    6.453612000000000E-05    4.925915002825000E+41    4.105259141925000E+13    2.800587072375000E+13
                      315    6.742817176129331E+29    2.304099763819426E+34    9.267279167730625E+14    2.586968139934750E+08    6.826159198845798E-11    1.150503353264190E+02    1.457911059152468E+04    1.460443857458276E+04    6.239973236080000E-01    4.607693373763570E+01    2.304133566787228E+34    9.267283717803780E+14    6.220282000000000E-01    0.000000000000000E+00    3.584732000000000E-01    1.873961000000000E-03    4.327733000000000E-03    7.299946000000000E-03    1.497529000000000E-03    2.193335000000000E-04    2.831325000000000E-03    4.909975999999999E-04    3.359575000000000E-04    6.691600999999999E-05    5.440023000000000E-05    0.000000000000000E+00    0.000000000000000E+00    0.000000000000000E+00    0.000000000000000E+00    0.000000000000000E+00    5.845557000000000E-05    0.000000000000000E+00    6.453612000000000E-05    4.925915002825000E+41    4.105259141925000E+13    2.808032417300000E+13
                      316    6.730099306596346E+29    2.304167369755030E+34    9.267288267876936E+14    2.586968139934750E+08    6.826159198845798E-11    1.150503353264190E+02    1.457911059152468E+04    1.460443857458276E+04    6.242973236080001E-01    4.603825015658431E+01    2.304201172722832E+34    9.267293320228216E+14    6.220282000000000E-01    0.000000000000000E+00    3.584732000000000E-01    1.873961000000000E-03    4.327733000000000E-03    7.299946000000000E-03    1.497529000000000E-03    2.193335000000000E-04    2.831325000000000E-03    4.909975999999999E-04    3.359575000000000E-04    6.691600999999999E-05    5.440023000000000E-05    0.000000000000000E+00    0.000000000000000E+00    0.000000000000000E+00    0.000000000000000E+00    0.000000000000000E+00    5.845557000000000E-05    0.000000000000000E+00    6.453612000000000E-05    4.925915002825000E+41    4.115259141925000E+13    2.808032417300000E+13
                      317    6.746917277282710E+29    2.304234975690634E+34    9.267298372579498E+14    2.586968139934750E+08    6.826159198845798E-11    1.150503353264190E+02    1.457911059152468E+04    1.460443857458276E+04    6.245717770572500E-01    4.599521779732136E+01    2.304268778658436E+34    9.267302640330080E+14    6.220282000000000E-01    0.000000000000000E+00    3.584732000000000E-01    1.873961000000000E-03    4.327733000000000E-03    7.299946000000000E-03    1.497529000000000E-03    2.193335000000000E-04    2.831325000000000E-03    4.909975999999999E-04    3.359575000000000E-04    6.691600999999999E-05    5.440023000000000E-05    0.000000000000000E+00    0.000000000000000E+00    0.000000000000000E+00    0.000000000000000E+00    0.000000000000000E+00    5.845557000000000E-05    0.000000000000000E+00    6.453612000000000E-05    4.925915002825000E+41    4.115259141925000E+13    2.808032417300000E+13
                      318    6.772275468363722E+29    2.304302581626238E+34    9.267306908080660E+14    2.587005366659375E+08    6.838170791813898E-11    1.142264024966001E+02    1.457911059152468E+04    1.457911059152468E+04    6.248717770572501E-01    4.595881276688667E+01    2.304335390389104E+34    9.267311175835180E+14    6.220282000000000E-01    0.000000000000000E+00    3.584732000000000E-01    1.873961000000000E-03    4.327733000000000E-03    7.299946000000000E-03    1.497529000000000E-03    2.193335000000000E-04    2.831325000000000E-03    4.909975999999999E-04    3.359575000000000E-04    6.691600999999999E-05    5.440023000000000E-05    0.000000000000000E+00    0.000000000000000E+00    0.000000000000000E+00    0.000000000000000E+00    0.000000000000000E+00    5.845557000000000E-05    0.000000000000000E+00    6.453612000000000E-05    4.925915002825000E+41    4.115259141925000E+13    2.808032417300000E+13
                      319    6.615417767303837E+29    2.304368199151971E+34    9.267315443589700E+14    2.587055366659375E+08    6.838170791813898E-11    1.142264024966001E+02    1.457911059152468E+04    1.457911059152468E+04    6.251462305065000E-01    4.592239163724747E+01    2.304400013709902E+34    9.267319711348138E+14    6.220282000000000E-01    0.000000000000000E+00    3.584732000000000E-01    1.873961000000000E-03    4.327733000000000E-03    7.299946000000000E-03    1.497529000000000E-03    2.193335000000000E-04    2.831325000000000E-03    4.909975999999999E-04    3.359575000000000E-04    6.691600999999999E-05    5.440023000000000E-05    0.000000000000000E+00    0.000000000000000E+00    0.000000000000000E+00    0.000000000000000E+00    0.000000000000000E+00    5.845557000000000E-05    0.000000000000000E+00    6.453612000000000E-05    4.925915002825000E+41    4.115259141925000E+13    2.808032417300000E+13
                      320    6.316205826780934E+29    2.304431828267833E+34    9.267323979106572E+14    2.587142593384000E+08    6.838170791813898E-11    1.142264024966001E+02    1.457911059152468E+04    1.457911059152468E+04    6.253717770572500E-01    4.588595738310459E+01    2.305689497511050E+34    9.267485309813328E+14    6.220282000000000E-01    0.000000000000000E+00    3.584732000000000E-01    1.873961000000000E-03    4.327733000000000E-03    7.299946000000000E-03    1.497529000000000E-03    2.193335000000000E-04    2.831325000000000E-03    4.909975999999999E-04    3.359575000000000E-04    6.691600999999999E-05    5.440023000000000E-05    0.000000000000000E+00    0.000000000000000E+00    0.000000000000000E+00    0.000000000000000E+00    0.000000000000000E+00    5.845557000000000E-05    0.000000000000000E+00    6.453612000000000E-05    4.925915002825000E+41    4.115259141925000E+13    2.808032417300000E+13
                      321    2.516428135042176E+31    2.306947166754266E+34    9.267646640520084E+14    2.587304273557875E+08    7.250468925484051E-11    1.131791685438109E+02    1.454557956764026E+04    1.454557956764026E+04    6.391542874332501E-01    4.439392243281108E+01    2.308614448430846E+34    9.267852571705094E+14    6.220282000000000E-01    0.000000000000000E+00    3.584732000000000E-01    1.873961000000000E-03    4.327733000000000E-03    7.299946000000000E-03    1.497529000000000E-03    2.193335000000000E-04    2.831325000000000E-03    4.909975999999999E-04    3.359575000000000E-04    6.691600999999999E-05    5.440023000000000E-05    0.000000000000000E+00    0.000000000000000E+00    0.000000000000000E+00    0.000000000000000E+00    0.000000000000000E+00    5.845557000000000E-05    0.000000000000000E+00    6.453612000000000E-05    4.925915002825000E+41    4.369493970875000E+13    2.972485866550000E+13
                      322    3.333161524201788E+31    2.310281730107427E+34    9.268058502890105E+14    2.587515953731750E+08    7.515936935936944E-11    1.111134159105985E+02    1.447054427692081E+04    1.447874870014679E+04    6.540199960705000E-01    4.237463515921400E+01    2.312159783230301E+34    9.268283932932728E+14    6.220282000000000E-01    0.000000000000000E+00    3.584732000000000E-01    1.873961000000000E-03    4.327733000000000E-03    7.299946000000000E-03    1.497529000000000E-03    2.193335000000000E-04    2.831325000000000E-03    4.909975999999999E-04    3.359575000000000E-04    6.691600999999999E-05    5.440023000000000E-05    0.000000000000000E+00    0.000000000000000E+00    0.000000000000000E+00    0.000000000000000E+00    0.000000000000000E+00    5.845557000000000E-05    0.000000000000000E+00    6.453612000000000E-05    4.925915002825000E+41    4.524166040425000E+13    3.062267246250000E+13
                      323    3.757774521630133E+31    2.314037836353175E+34    9.268509362975350E+14    2.587764860630250E+08    7.736159201627521E-11    1.078668232861332E+02    1.437092975079575E+04    1.437092975079575E+04    6.710112512585000E-01    4.004048565147119E+01    2.316045136117645E+34    9.268743905785940E+14    6.220282000000000E-01    0.000000000000000E+00    3.584732000000000E-01    1.873961000000000E-03    4.327733000000000E-03    7.299946000000000E-03    1.497529000000000E-03    2.193335000000000E-04    2.831325000000000E-03    4.909975999999999E-04    3.359575000000000E-04    6.691600999999999E-05    5.440023000000000E-05    0.000000000000000E+00    0.000000000000000E+00    0.000000000000000E+00    0.000000000000000E+00    0.000000000000000E+00    5.845557000000000E-05    0.000000000000000E+00    6.453612000000000E-05    4.925915002825000E+41    4.661392765050000E+13    3.134603281025000E+13
                      324    4.014221731063931E+31    2.318052435882114E+34    9.268978448596528E+14    2.588026540804125E+08    7.944549823012919E-11    1.049271528892264E+02    1.424724951846901E+04    1.427200096624510E+04    6.900769598957500E-01    3.747613087334606E+01    2.320145237271024E+34    9.269216989620628E+14    6.220282000000000E-01    0.000000000000000E+00    3.584732000000000E-01    1.873961000000000E-03    4.327733000000000E-03    7.299946000000000E-03    1.497529000000000E-03    2.193335000000000E-04    2.831325000000000E-03    4.909975999999999E-04    3.359575000000000E-04    6.691600999999999E-05    5.440023000000000E-05    0.000000000000000E+00    0.000000000000000E+00    0.000000000000000E+00    0.000000000000000E+00    0.000000000000000E+00    5.845557000000000E-05    0.000000000000000E+00    6.453612000000000E-05    4.928469657900000E+41    4.788619489675000E+13    3.206939315800000E+13
                      325    4.185290597469697E+31    2.322238038659934E+34    9.269455530644725E+14    2.588288220978000E+08    8.158584330110632E-11    1.011318353208659E+02    1.410863072212842E+04    1.414115447489609E+04    7.112404823300000E-01    3.471547295726450E+01    2.324391486549900E+34    9.269694931183846E+14    6.220282000000000E-01    0.000000000000000E+00    3.584732000000000E-01    1.873961000000000E-03    4.327733000000000E-03    7.299946000000000E-03    1.497529000000000E-03    2.193335000000000E-04    2.831325000000000E-03    4.909975999999999E-04    3.359575000000000E-04    6.691600999999999E-05    5.440023000000000E-05    0.000000000000000E+00    0.000000000000000E+00    0.000000000000000E+00    0.000000000000000E+00    0.000000000000000E+00    5.845557000000000E-05    0.000000000000000E+00    6.453612000000000E-05    4.928469657900000E+41    4.910955524450000E+13    3.261830005650000E+13
                      326    4.307378963530557E+31    2.326544934439866E+34    9.269934331722965E+14    2.588512674427250E+08    8.359146491636887E-11    9.658015294216770E+01    1.397928201818034E+04    1.397928201818034E+04    7.344529116627501E-01    3.178488989975747E+01    2.328744115756858E+34    9.270173462201981E+14    6.220282000000000E-01    0.000000000000000E+00    3.584732000000000E-01    1.873961000000000E-03    4.327733000000000E-03    7.299946000000000E-03    1.497529000000000E-03    2.193335000000000E-04    2.831325000000000E-03    4.909975999999999E-04    3.359575000000000E-04    6.691600999999999E-05    5.440023000000000E-05    0.000000000000000E+00    0.000000000000000E+00    0.000000000000000E+00    0.000000000000000E+00    0.000000000000000E+00    5.845557000000000E-05    0.000000000000000E+00    6.453612000000000E-05    4.928469657900000E+41    5.033291559225000E+13    3.316720695500000E+13
                      327    4.398833887123443E+31    2.330943297073850E+34    9.270412592680998E+14    2.588762674427250E+08    8.564670840634129E-11    9.223333001658661E+01    1.381926250015428E+04    1.381926250015428E+04    7.599865151402500E-01    2.868106960338827E+01    2.333178269768514E+34    9.270649098330590E+14    6.220282000000000E-01    0.000000000000000E+00    3.584732000000000E-01    1.873961000000000E-03    4.327733000000000E-03    7.299946000000000E-03    1.497529000000000E-03    2.193335000000000E-04    2.831325000000000E-03    4.909975999999999E-04    3.359575000000000E-04    6.691600999999999E-05    5.440023000000000E-05    0.000000000000000E+00    0.000000000000000E+00    0.000000000000000E+00    0.000000000000000E+00    0.000000000000000E+00    5.845557000000000E-05    0.000000000000000E+00    6.453612000000000E-05    4.928469657900000E+41    5.153072938925000E+13    3.371611385350000E+13
                      328    4.469879771803484E+31    2.335413242463179E+34    9.270885603980184E+14    2.588975447702625E+08    8.759627733924061E-11    8.727460437820925E+01    1.362965511045483E+04    1.362965511045483E+04    7.880668393132499E-01    2.542590139409413E+01    2.337677047100969E+34    9.271123691595374E+14    6.220282000000000E-01    0.000000000000000E+00    3.584732000000000E-01    1.873961000000000E-03    4.327733000000000E-03    7.299946000000000E-03    1.497529000000000E-03    2.193335000000000E-04    2.831325000000000E-03    4.909975999999999E-04    3.359575000000000E-04    6.691600999999999E-05    5.440023000000000E-05    0.000000000000000E+00    0.000000000000000E+00    0.000000000000000E+00    0.000000000000000E+00    0.000000000000000E+00    5.845557000000000E-05    0.000000000000000E+00    6.453612000000000E-05    4.921024312975000E+41    5.272854318625000E+13    3.419056730275000E+13
                      329    4.526650862021784E+31    2.339940851738758E+34    9.271361779210562E+14    2.585486722660249E+08    8.838695449489242E-11    8.258247390615968E+01    1.341933610051103E+04    1.344264923167021E+04    8.161369203565001E-01    2.200009381347305E+01    2.342227523090061E+34    9.271864551563846E+14    6.220282000000000E-01    0.000000000000000E+00    3.584732000000000E-01    1.873961000000000E-03    4.327733000000000E-03    7.299946000000000E-03    1.497529000000000E-03    2.193335000000000E-04    2.831325000000000E-03    4.909975999999999E-04    3.359575000000000E-04    6.691600999999999E-05    5.440023000000000E-05    0.000000000000000E+00    0.000000000000000E+00    0.000000000000000E+00    0.000000000000000E+00    0.000000000000000E+00    5.845557000000000E-05    0.000000000000000E+00    6.453612000000000E-05    4.906133623125000E+41    5.323072938925000E+13    3.421830005650000E+13
                      330    4.573052394764394E+31    2.344514194441364E+34    9.272367323917131E+14    2.512689733171125E+08    4.565628611544381E-11    7.798580814340849E+01    1.322771613481485E+04    1.325070939782297E+04    6.623213995917501E-01    1.921030013279711E+01    2.346819755686439E+34    9.280342919961294E+14    6.220282000000000E-01    0.000000000000000E+00    3.584732000000000E-01    1.873961000000000E-03    4.327733000000000E-03    7.299946000000000E-03    1.497529000000000E-03    2.193335000000000E-04    2.831325000000000E-03    4.909975999999999E-04    3.359575000000000E-04    6.691600999999999E-05    5.440023000000000E-05    0.000000000000000E+00    0.000000000000000E+00    0.000000000000000E+00    0.000000000000000E+00    0.000000000000000E+00    5.845557000000000E-05    0.000000000000000E+00    6.453612000000000E-05    4.950805692675000E+41    2.747939119325001E+13    1.773785333625000E+13
                      331    4.611683221732316E+31    2.349125316931513E+34    9.288318516005455E+14    2.207021964929750E+08    4.195943976933667E-12    7.865880658951723E+01    1.335995937228290E+04    1.327445908052128E+04    3.444359873767500E-01    1.774622627658201E+01    2.351447779660489E+34    9.336652219997572E+14    6.220282000000000E-01    0.000000000000000E+00    3.584732000000000E-01    1.873961000000000E-03    4.327733000000000E-03    7.299946000000000E-03    1.497529000000000E-03    2.193335000000000E-04    2.831325000000000E-03    4.909975999999999E-04    3.359575000000000E-04    6.691600999999999E-05    5.440023000000000E-05    0.000000000000000E+00    0.000000000000000E+00    0.000000000000000E+00    0.000000000000000E+00    0.000000000000000E+00    5.845557000000000E-05    0.000000000000000E+00    6.453612000000000E-05    6.955352439899999E+41    2.528570470775001E+12    1.705447125412501E+12
                      332    4.644346830678273E+31    2.353770242389464E+34    9.384985923989690E+14    1.597807819935500E+08    5.119667909593437E-13    8.117758108325600E+01    1.399082651380770E+04    1.338149006763307E+04    3.135008104325000E-01    1.641550336914680E+01    2.356106623987534E+34    9.517341090423356E+14    6.220282000000000E-01    0.000000000000000E+00    3.584732000000000E-01    1.873961000000000E-03    4.327733000000000E-03    7.299946000000000E-03    1.497529000000000E-03    2.193335000000000E-04    2.831325000000000E-03    4.909975999999999E-04    3.359575000000000E-04    6.691600999999999E-05    5.440023000000000E-05    0.000000000000000E+00    0.000000000000000E+00    0.000000000000000E+00    0.000000000000000E+00    0.000000000000000E+00    5.845557000000000E-05    0.000000000000000E+00    6.453612000000000E-05    1.652380232817500E+42    3.079825658775001E+11    2.189688081725001E+11
                      333    4.672321769149123E+31    2.358443005585604E+34    9.649696256857024E+14    9.002991363971251E+07    1.629399624506134E-13    7.663734434130271E+01    1.402711226959633E+04    1.319690496886208E+04    3.174693931580000E-01    1.511179725811401E+01    2.360791317642898E+34    9.879936695417566E+14    6.220282000000000E-01    0.000000000000000E+00    3.584732000000000E-01    1.873961000000000E-03    4.327733000000000E-03    7.299946000000000E-03    1.497529000000000E-03    2.193335000000000E-04    2.831325000000000E-03    4.909975999999999E-04    3.359575000000000E-04    6.691600999999999E-05    5.440023000000000E-05    0.000000000000000E+00    0.000000000000000E+00    0.000000000000000E+00    0.000000000000000E+00    0.000000000000000E+00    5.845557000000000E-05    0.000000000000000E+00    6.453612000000000E-05    2.917307767875000E+42    9.806084604225002E+10    6.997995653125002E+10
                      334    4.696552531833450E+31    2.363139629700193E+34    1.011017713397811E+15    4.599131825432500E+07    8.424643154447443E-14    6.636862159223639E+01    1.333465046981516E+04    1.273402812088237E+04    3.160292310715000E-01    1.390219575178713E+01    2.365497883806841E+34    1.040018498852335E+15    6.220282000000000E-01    0.000000000000000E+00    3.584732000000000E-01    1.873961000000000E-03    4.327733000000000E-03    7.299946000000000E-03    1.497529000000000E-03    2.193335000000000E-04    2.831325000000000E-03    4.909975999999999E-04    3.359575000000000E-04    6.691600999999999E-05    5.440023000000000E-05    0.000000000000000E+00    0.000000000000000E+00    0.000000000000000E+00    0.000000000000000E+00    0.000000000000000E+00    5.845557000000000E-05    0.000000000000000E+00    6.453612000000000E-05    3.557376556400000E+42    5.074878435125000E+10    3.617801542275000E+10
                      335    4.717741027415608E+31    2.367856137913489E+34    1.069019284306859E+15    3.274446333406250E+07    5.989655014957515E-14    5.662732365739983E+01    1.266097527009270E+04    1.223815008383608E+04    3.138781379700000E-01    1.281308391338078E+01    2.370224334069490E+34    1.099574002020620E+15    6.220282000000000E-01    0.000000000000000E+00    3.584732000000000E-01    1.873961000000000E-03    4.327733000000000E-03    7.299946000000000E-03    1.497529000000000E-03    2.193335000000000E-04    2.831325000000000E-03    4.909975999999999E-04    3.359575000000000E-04    6.691600999999999E-05    5.440023000000000E-05    0.000000000000000E+00    0.000000000000000E+00    0.000000000000000E+00    0.000000000000000E+00    0.000000000000000E+00    5.845557000000000E-05    0.000000000000000E+00    6.453612000000000E-05    3.730587072375000E+42    3.608975687025000E+10    2.568538446425000E+10
                      336    4.736426114970559E+31    2.372592530225491E+34    1.130128719734382E+15    3.032685827255000E+07    5.105049999754065E-14    4.787357564757524E+01    1.218192089181148E+04    1.173454289232449E+04    3.115525914192500E-01    1.184111739170356E+01    2.374969674225911E+34    1.161008527130551E+15    6.220282000000000E-01    0.000000000000000E+00    3.584732000000000E-01    1.873961000000000E-03    4.327733000000000E-03    7.299946000000000E-03    1.497529000000000E-03    2.193335000000000E-04    2.831325000000000E-03    4.909975999999999E-04    3.359575000000000E-04    6.691600999999999E-05    5.440023000000000E-05    0.000000000000000E+00    0.000000000000000E+00    0.000000000000000E+00    0.000000000000000E+00    0.000000000000000E+00    5.845557000000000E-05    0.000000000000000E+00    6.453612000000000E-05    3.820587072375000E+42    3.070000000000000E+10    2.180000000000000E+10
                      337    4.753029337390886E+31    2.377346818226330E+34    1.191888334526720E+15    2.901536232471250E+07    4.544540145529763E-14    4.295621786042300E+01    1.184992972778022E+04    1.142130619953907E+04    3.098781379700000E-01    1.097136353446886E+01    2.379729927456362E+34    1.223009100745517E+15    6.220282000000000E-01    0.000000000000000E+00    3.584732000000000E-01    1.873961000000000E-03    4.327733000000000E-03    7.299946000000000E-03    1.497529000000000E-03    2.193335000000000E-04    2.831325000000000E-03    4.909975999999999E-04    3.359575000000000E-04    6.691600999999999E-05    5.440023000000000E-05    0.000000000000000E+00    0.000000000000000E+00    0.000000000000000E+00    0.000000000000000E+00    0.000000000000000E+00    5.845557000000000E-05    0.000000000000000E+00    6.453612000000000E-05    3.908032417300000E+42    2.737445344925000E+10    1.937445344925000E+10
                      338    4.767876793895389E+31    2.382113036686394E+34    1.254129866964314E+15    2.797397568702500E+07    4.076013108850253E-14    3.810886692928672E+01    1.150709780980034E+04    1.108449150561537E+04    3.081036845207500E-01    1.018969054039475E+01    2.384504099555908E+34    1.285414961317368E+15    6.220282000000000E-01    0.000000000000000E+00    3.584732000000000E-01    1.873961000000000E-03    4.327733000000000E-03    7.299946000000000E-03    1.497529000000000E-03    2.193335000000000E-04    2.831325000000000E-03    4.909975999999999E-04    3.359575000000000E-04    6.691600999999999E-05    5.440023000000000E-05    0.000000000000000E+00    0.000000000000000E+00    0.000000000000000E+00    0.000000000000000E+00    0.000000000000000E+00    5.845557000000000E-05    0.000000000000000E+00    6.453612000000000E-05    3.995477762225000E+42    2.454890689850000E+10    1.732336034775000E+10
                      339    4.781234931406738E+31    2.386895162425422E+34    1.316700055670422E+15    2.711886637687500E+07    3.676968795399658E-14    3.380851040827137E+01    1.121284386799888E+04    1.075760948804769E+04    3.064781379700000E-01    9.484566291889180E+00    2.389292190524549E+34    1.348107295489452E+15    6.220282000000000E-01    0.000000000000000E+00    3.584732000000000E-01    1.873961000000000E-03    4.327733000000000E-03    7.299946000000000E-03    1.497529000000000E-03    2.193335000000000E-04    2.831325000000000E-03    4.909975999999999E-04    3.359575000000000E-04    6.691600999999999E-05    5.440023000000000E-05    0.000000000000000E+00    0.000000000000000E+00    0.000000000000000E+00    0.000000000000000E+00    0.000000000000000E+00    5.845557000000000E-05    0.000000000000000E+00    6.453612000000000E-05    4.082923107150000E+42    2.217445344925000E+10    1.552336034775000E+10
                      340    4.793316509781100E+31    2.391689218623675E+34    1.379514535308482E+15    2.641003439426250E+07    3.338027761288364E-14    3.055104263776935E+01    1.095760838057463E+04    1.048855777745674E+04    3.049036845207500E-01    8.845243298165961E+00    2.394091217747479E+34    1.411023783106884E+15    6.220282000000000E-01    0.000000000000000E+00    3.584732000000000E-01    1.873961000000000E-03    4.327733000000000E-03    7.299946000000000E-03    1.497529000000000E-03    2.193335000000000E-04    2.831325000000000E-03    4.909975999999999E-04    3.359575000000000E-04    6.691600999999999E-05    5.440023000000000E-05    0.000000000000000E+00    0.000000000000000E+00    0.000000000000000E+00    0.000000000000000E+00    0.000000000000000E+00    5.845557000000000E-05    0.000000000000000E+00    6.453612000000000E-05    4.170368452075000E+42    2.007445344925000E+10    1.392336034775000E+10
                      341    4.804294520677224E+31    2.396493216871282E+34    1.442533030905288E+15    2.580247973918750E+07    3.044317500365929E-14    2.630848659605752E+01    1.062835805421654E+04    1.010336811503359E+04    3.027525914192500E-01    8.264407173637380E+00    2.398900187019762E+34    1.474096053927473E+15    6.220282000000000E-01    0.000000000000000E+00    3.584732000000000E-01    1.873961000000000E-03    4.327733000000000E-03    7.299946000000000E-03    1.497529000000000E-03    2.193335000000000E-04    2.831325000000000E-03    4.909975999999999E-04    3.359575000000000E-04    6.691600999999999E-05    5.440023000000000E-05    0.000000000000000E+00    0.000000000000000E+00    0.000000000000000E+00    0.000000000000000E+00    0.000000000000000E+00    5.845557000000000E-05    0.000000000000000E+00    6.453612000000000E-05    4.257813797000000E+42    1.837445344925000E+10    1.249781379700000E+10
                      342    4.814316106425542E+31    2.401307157168242E+34    1.505659076949658E+15    2.527492508411250E+07    2.790903069920138E-14    2.471872331384313E+01    1.046443476397512E+04    9.947541849538198E+03    3.019036845207500E-01    7.732511799257690E+00    2.403719098341399E+34    1.537288816714373E+15    6.220282000000000E-01    0.000000000000000E+00    3.584732000000000E-01    1.873961000000000E-03    4.327733000000000E-03    7.299946000000000E-03    1.497529000000000E-03    2.193335000000000E-04    2.831325000000000E-03    4.909975999999999E-04    3.359575000000000E-04    6.691600999999999E-05    5.440023000000000E-05    0.000000000000000E+00    0.000000000000000E+00    0.000000000000000E+00    0.000000000000000E+00    0.000000000000000E+00    5.845557000000000E-05    0.000000000000000E+00    6.453612000000000E-05    4.335259141925000E+42    1.680000000000000E+10    1.132336034775000E+10
                      343    4.823500571618297E+31    2.406131039514555E+34    1.568918556479088E+15    2.482737042903750E+07    2.567378761728646E-14    2.254374359726455E+01    1.024980905427628E+04    9.721108152384330E+03    3.007036845207500E-01    7.244128116016491E+00    2.408546957507453E+34    1.600597017633628E+15    6.220282000000000E-01    0.000000000000000E+00    3.584732000000000E-01    1.873961000000000E-03    4.327733000000000E-03    7.299946000000000E-03    1.497529000000000E-03    2.193335000000000E-04    2.831325000000000E-03    4.909975999999999E-04    3.359575000000000E-04    6.691600999999999E-05    5.440023000000000E-05    0.000000000000000E+00    0.000000000000000E+00    0.000000000000000E+00    0.000000000000000E+00    0.000000000000000E+00    5.845557000000000E-05    0.000000000000000E+00    6.453612000000000E-05    4.422704486850000E+42    1.547445344925000E+10    1.022336034775000E+10
                      344    4.831947336749021E+31    2.410962875500352E+34    1.632275478788167E+15    2.443981577396250E+07    2.368590288254825E-14    2.060453405150403E+01    1.006852388353047E+04    9.505299480391515E+03    3.003211741447500E-01    6.793444770471607E+00    2.413382770312991E+34    1.663991426719640E+15    6.220282000000000E-01    0.000000000000000E+00    3.584732000000000E-01    1.873961000000000E-03    4.327733000000000E-03    7.299946000000000E-03    1.497529000000000E-03    2.193335000000000E-04    2.831325000000000E-03    4.909975999999999E-04    3.359575000000000E-04    6.691600999999999E-05    5.440023000000000E-05    0.000000000000000E+00    0.000000000000000E+00    0.000000000000000E+00    0.000000000000000E+00    0.000000000000000E+00    5.845557000000000E-05    0.000000000000000E+00    6.453612000000000E-05    4.502704486850000E+42    1.427445344925000E+10    9.333578968049999E+09
                      345    4.839741903442157E+31    2.415802665125630E+34    1.695707374651112E+15    2.410353844642500E+07    2.191516543243939E-14    1.909967759295902E+01    9.901837046361346E+03    9.326437300432208E+03    3.007364775657501E-01    6.375386474590725E+00    2.418225542553076E+34    1.727459477524718E+15    6.220282000000000E-01    0.000000000000000E+00    3.584732000000000E-01    1.873961000000000E-03    4.327733000000000E-03    7.299946000000000E-03    1.497529000000000E-03    2.193335000000000E-04    2.831325000000000E-03    4.909975999999999E-04    3.359575000000000E-04    6.691600999999999E-05    5.440023000000000E-05    0.000000000000000E+00    0.000000000000000E+00    0.000000000000000E+00    0.000000000000000E+00    0.000000000000000E+00    5.845557000000000E-05    0.000000000000000E+00    6.453612000000000E-05    4.590149831775000E+42    1.320000000000000E+10    8.536352243425000E+09
                      346    4.846959831272792E+31    2.420648419980522E+34    1.759211580398324E+15    2.380598379135000E+07    2.034651084517258E-14    1.659953283994123E+01    9.654188514568448E+03    9.004636310834259E+03    3.043554655075000E-01    5.982133168799956E+00    2.423075274227709E+34    1.790981393056060E+15    6.220282000000000E-01    0.000000000000000E+00    3.584732000000000E-01    1.873961000000000E-03    4.327733000000000E-03    7.299946000000000E-03    1.497529000000000E-03    2.193335000000000E-04    2.831325000000000E-03    4.909975999999999E-04    3.359575000000000E-04    6.691600999999999E-05    5.440023000000000E-05    0.000000000000000E+00    0.000000000000000E+00    0.000000000000000E+00    0.000000000000000E+00    0.000000000000000E+00    5.845557000000000E-05    0.000000000000000E+00    6.453612000000000E-05    4.667595176700000E+42    1.227445344925000E+10    7.804234828950001E+09
                      347    4.853658784127174E+31    2.425502128474896E+34    1.822751205713796E+15    2.353342913627500E+07    1.894479648623179E-14    1.585243079356319E+01    9.543677932478116E+03    8.901561091335443E+03    3.064788258552500E-01    5.613211340429785E+00    2.427931965336889E+34    1.854542326804822E+15    6.220282000000000E-01    0.000000000000000E+00    3.584732000000000E-01    1.873961000000000E-03    4.327733000000000E-03    7.299946000000000E-03    1.497529000000000E-03    2.193335000000000E-04    2.831325000000000E-03    4.909975999999999E-04    3.359575000000000E-04    6.691600999999999E-05    5.440023000000000E-05    0.000000000000000E+00    0.000000000000000E+00    0.000000000000000E+00    0.000000000000000E+00    0.000000000000000E+00    5.845557000000000E-05    0.000000000000000E+00    6.453612000000000E-05    4.747595176700000E+42    1.140000000000000E+10    7.241898794174999E+09
                      348    4.859894437481682E+31    2.430361802198882E+34    1.886333447895850E+15    2.329215180873750E+07    1.768031279849956E-14    1.472637535597539E+01    9.412733762274445E+03    8.739089291085300E+03    3.088255465507500E-01    5.266043789643462E+00    2.432794621675681E+34    1.918145508456828E+15    6.220282000000000E-01    0.000000000000000E+00    3.584732000000000E-01    1.873961000000000E-03    4.327733000000000E-03    7.299946000000000E-03    1.497529000000000E-03    2.193335000000000E-04    2.831325000000000E-03    4.909975999999999E-04    3.359575000000000E-04    6.691600999999999E-05    5.440023000000000E-05    0.000000000000000E+00    0.000000000000000E+00    0.000000000000000E+00    0.000000000000000E+00    0.000000000000000E+00    5.845557000000000E-05    0.000000000000000E+00    6.453612000000000E-05    4.835040521625000E+42    1.067445344925000E+10    6.719562759400000E+09
                      349    4.865714513173216E+31    2.435227441152480E+34    1.949957569017807E+15    2.308087448120000E+07    1.653826491242007E-14    1.368030770480556E+01    9.262234557650840E+03    8.579582935390965E+03    3.110978137970000E-01    4.938695944951167E+00    2.437663243244085E+34    1.981786492403361E+15    6.220282000000000E-01    0.000000000000000E+00    3.584732000000000E-01    1.873961000000000E-03    4.327733000000000E-03    7.299946000000000E-03    1.497529000000000E-03    2.193335000000000E-04    2.831325000000000E-03    4.909975999999999E-04    3.359575000000000E-04    6.691600999999999E-05    5.440023000000000E-05    0.000000000000000E+00    0.000000000000000E+00    0.000000000000000E+00    0.000000000000000E+00    0.000000000000000E+00    5.845557000000000E-05    0.000000000000000E+00    6.453612000000000E-05    4.915040521625000E+42    9.959781379699999E+09    6.264672069549999E+09
                      350    4.871156790989316E+31    2.440099045335690E+34    2.013615415788914E+15    2.290087448120000E+07    1.550564884236042E-14    1.270854601857094E+01    9.129903279972781E+03    8.422987898789439E+03    3.132445344925000E-01    4.629504867081102E+00    2.442537830042101E+34    2.045465224305112E+15    6.220282000000000E-01    0.000000000000000E+00    3.584732000000000E-01    1.873961000000000E-03    4.327733000000000E-03    7.299946000000000E-03    1.497529000000000E-03    2.193335000000000E-04    2.831325000000000E-03    4.909975999999999E-04    3.359575000000000E-04    6.691600999999999E-05    5.440023000000000E-05    0.000000000000000E+00    0.000000000000000E+00    0.000000000000000E+00    0.000000000000000E+00    0.000000000000000E+00    5.845557000000000E-05    0.000000000000000E+00    6.453612000000000E-05    5.005040521625000E+42    9.332336034775000E+09    5.857226724625000E+09
                      351    4.876259050717528E+31    2.444976614748513E+34    2.077315032821310E+15    2.274087448120000E+07    1.457101966259567E-14    1.114736583784225E+01    8.937519649122511E+03    8.151114796956154E+03    3.153124293327500E-01    4.336839677174485E+00    2.447416393659859E+34    2.109174085811077E+15    6.220282000000000E-01    0.000000000000000E+00    3.584732000000000E-01    1.873961000000000E-03    4.327733000000000E-03    7.299946000000000E-03    1.497529000000000E-03    2.193335000000000E-04    2.831325000000000E-03    4.909975999999999E-04    3.359575000000000E-04    6.691600999999999E-05    5.440023000000000E-05    0.000000000000000E+00    0.000000000000000E+00    0.000000000000000E+00    0.000000000000000E+00    0.000000000000000E+00    5.845557000000000E-05    0.000000000000000E+00    6.453612000000000E-05    5.082485866550000E+42    8.772336034775000E+09    5.482336034775000E+09
                      352    4.881051118505910E+31    2.449856172571206E+34    2.141033138800845E+15    2.259331982612500E+07    1.370076298602274E-14    1.064565172880799E+01    8.840283175804594E+03    8.057809757434974E+03    3.171613362312500E-01    4.059960878490258E+00    2.452298934097358E+34    2.172901790194208E+15    6.220282000000000E-01    0.000000000000000E+00    3.584732000000000E-01    1.873961000000000E-03    4.327733000000000E-03    7.299946000000000E-03    1.497529000000000E-03    2.193335000000000E-04    2.831325000000000E-03    4.909975999999999E-04    3.359575000000000E-04    6.691600999999999E-05    5.440023000000000E-05    0.000000000000000E+00    0.000000000000000E+00    0.000000000000000E+00    0.000000000000000E+00    0.000000000000000E+00    5.845557000000000E-05    0.000000000000000E+00    6.453612000000000E-05    5.172485866550000E+42    8.252336034775000E+09    5.152336034775000E+09
                      353    4.885560832092653E+31    2.454741695623511E+34    2.204770441587570E+15    2.246704249858750E+07    1.292676769519510E-14    9.980958599895182E+00    8.734076864146431E+03    7.928974289426440E+03    3.188336034775000E-01    3.797265924674898E+00    2.457187439764469E+34    2.236654801016826E+15    6.220282000000000E-01    0.000000000000000E+00    3.584732000000000E-01    1.873961000000000E-03    4.327733000000000E-03    7.299946000000000E-03    1.497529000000000E-03    2.193335000000000E-04    2.831325000000000E-03    4.909975999999999E-04    3.359575000000000E-04    6.691600999999999E-05    5.440023000000000E-05    0.000000000000000E+00    0.000000000000000E+00    0.000000000000000E+00    0.000000000000000E+00    0.000000000000000E+00    5.845557000000000E-05    0.000000000000000E+00    6.453612000000000E-05    5.259931211475000E+42    7.782336034775001E+09    4.854890689850000E+09
                      354    4.889812052396206E+31    2.459633183905428E+34    2.268539160446080E+15    2.235831982612500E+07    1.220365563787044E-14    9.338027934681801E+00    8.614240837033800E+03    7.797731427878516E+03    3.203803241730000E-01    3.547939591025549E+00    2.462079922251322E+34    2.300430674842678E+15    6.220282000000000E-01    0.000000000000000E+00    3.584732000000000E-01    1.873961000000000E-03    4.327733000000000E-03    7.299946000000000E-03    1.497529000000000E-03    2.193335000000000E-04    2.831325000000000E-03    4.909975999999999E-04    3.359575000000000E-04    6.691600999999999E-05    5.440023000000000E-05    0.000000000000000E+00    0.000000000000000E+00    0.000000000000000E+00    0.000000000000000E+00    0.000000000000000E+00    5.845557000000000E-05    0.000000000000000E+00    6.453612000000000E-05    5.339931211475000E+42    7.344890689850000E+09    4.584890689850000E+09
                      355    4.893824663515274E+31    2.464526660597216E+34    2.332322189239277E+15    2.226704249858750E+07    1.152775541327187E-14    8.674714070131461E+00    8.491184411548798E+03    7.655406789542018E+03    3.218270448685000E-01    3.311306617222495E+00    2.466975387352980E+34    2.364223864371546E+15    6.220282000000000E-01    0.000000000000000E+00    3.584732000000000E-01    1.873961000000000E-03    4.327733000000000E-03    7.299946000000000E-03    1.497529000000000E-03    2.193335000000000E-04    2.831325000000000E-03    4.909975999999999E-04    3.359575000000000E-04    6.691600999999999E-05    5.440023000000000E-05    0.000000000000000E+00    0.000000000000000E+00    0.000000000000000E+00    0.000000000000000E+00    0.000000000000000E+00    5.845557000000000E-05    0.000000000000000E+00    6.453612000000000E-05    5.429931211475000E+42    6.944890689850000E+09    4.334890689850000E+09
                      356    4.897622526368308E+31    2.469424114108745E+34    2.396125539503816E+15    2.218076517105000E+07    1.093313607436389E-14    7.679705696941202E+00    8.317030095370506E+03    7.425401927055339E+03    3.225460328102500E-01    3.086306149539455E+00    2.471874829274381E+34    2.428026634871649E+15    6.220282000000000E-01    0.000000000000000E+00    3.584732000000000E-01    1.873961000000000E-03    4.327733000000000E-03    7.299946000000000E-03    1.497529000000000E-03    2.193335000000000E-04    2.831325000000000E-03    4.909975999999999E-04    3.359575000000000E-04    6.691600999999999E-05    5.440023000000000E-05    0.000000000000000E+00    0.000000000000000E+00    0.000000000000000E+00    0.000000000000000E+00    0.000000000000000E+00    5.845557000000000E-05    0.000000000000000E+00    6.453612000000000E-05    5.517376556400000E+42    6.584890689850000E+09    4.104890689850000E+09
                      357    4.901219559824400E+31    2.474325544440016E+34    2.459927730239482E+15    2.208948784351250E+07    1.036918811470781E-14    7.334062003405442E+00    8.240779105127638E+03    7.340404054062155E+03    3.239949397087500E-01    2.871956793588168E+00    2.476777253810587E+34    2.491825793387734E+15    6.220282000000000E-01    0.000000000000000E+00    3.584732000000000E-01    1.873961000000000E-03    4.327733000000000E-03    7.299946000000000E-03    1.497529000000000E-03    2.193335000000000E-04    2.831325000000000E-03    4.909975999999999E-04    3.359575000000000E-04    6.691600999999999E-05    5.440023000000000E-05    0.000000000000000E+00    0.000000000000000E+00    0.000000000000000E+00    0.000000000000000E+00    0.000000000000000E+00    5.845557000000000E-05    0.000000000000000E+00    6.453612000000000E-05    5.604821901325000E+42    6.244890689850000E+09    3.887445344925000E+09
                      358    4.904631671162518E+31    2.479228963181157E+34    2.523723856535985E+15    2.200321051597500E+07    9.856999928164984E-15    6.876137890831638E+00    8.141791310615768E+03    7.223039109971208E+03    3.249161138535000E-01    2.667635134193597E+00    2.481683655166534E+34    2.555629037373748E+15    6.220282000000000E-01    0.000000000000000E+00    3.584732000000000E-01    1.873961000000000E-03    4.327733000000000E-03    7.299946000000000E-03    1.497529000000000E-03    2.193335000000000E-04    2.831325000000000E-03    4.909975999999999E-04    3.359575000000000E-04    6.691600999999999E-05    5.440023000000000E-05    0.000000000000000E+00    0.000000000000000E+00    0.000000000000000E+00    0.000000000000000E+00    0.000000000000000E+00    5.845557000000000E-05    0.000000000000000E+00    6.453612000000000E-05    5.692267246250000E+42    5.934890689849999E+09    3.697445344925000E+09
                      359    4.907872779251756E+31    2.484138347151911E+34    2.587534218211512E+15    2.192321051597500E+07    9.370111382783250E-15    6.433398404763230E+00    8.030081745950776E+03    7.103495167477513E+03    3.249117414475000E-01    2.473365068823001E+00    2.486593039137287E+34    2.619442532541202E+15    6.220282000000000E-01    0.000000000000000E+00    3.584732000000000E-01    1.873961000000000E-03    4.327733000000000E-03    7.299946000000000E-03    1.497529000000000E-03    2.193335000000000E-04    2.831325000000000E-03    4.909975999999999E-04    3.359575000000000E-04    6.691600999999999E-05    5.440023000000000E-05    0.000000000000000E+00    0.000000000000000E+00    0.000000000000000E+00    0.000000000000000E+00    0.000000000000000E+00    5.845557000000000E-05    0.000000000000000E+00    6.453612000000000E-05    5.782267246250000E+42    5.644890689849999E+09    3.517445344925000E+09
                      360    4.910954814551338E+31    2.489047731122664E+34    2.651350846870894E+15    2.184821051597500E+07    8.927806181990249E-15    5.976410870788704E+00    7.933632683342456E+03    6.973841768923447E+03    3.245818224907500E-01    2.288434841013793E+00    2.491505405722847E+34    2.683264657877005E+15    6.220282000000000E-01    0.000000000000000E+00    3.584732000000000E-01    1.873961000000000E-03    4.327733000000000E-03    7.299946000000000E-03    1.497529000000000E-03    2.193335000000000E-04    2.831325000000000E-03    4.909975999999999E-04    3.359575000000000E-04    6.691600999999999E-05    5.440023000000000E-05    0.000000000000000E+00    0.000000000000000E+00    0.000000000000000E+00    0.000000000000000E+00    0.000000000000000E+00    5.845557000000000E-05    0.000000000000000E+00    6.453612000000000E-05    5.869712591175000E+42    5.374890689850000E+09    3.347445344925000E+09
                      361    4.913889707520488E+31    2.493963080323030E+34    2.715178468883116E+15    2.177693318843750E+07    8.506379483346946E-15    5.340018303894484E+00    7.784390990220845E+03    6.779921122464517E+03    3.230008104325000E-01    2.113061815405140E+00    2.496420754923213E+34    2.747091134313451E+15    6.220282000000000E-01    0.000000000000000E+00    3.584732000000000E-01    1.873961000000000E-03    4.327733000000000E-03    7.299946000000000E-03    1.497529000000000E-03    2.193335000000000E-04    2.831325000000000E-03    4.909975999999999E-04    3.359575000000000E-04    6.691600999999999E-05    5.440023000000000E-05    0.000000000000000E+00    0.000000000000000E+00    0.000000000000000E+00    0.000000000000000E+00    0.000000000000000E+00    5.845557000000000E-05    0.000000000000000E+00    6.453612000000000E-05    5.949712591175000E+42    5.124890689850000E+09    3.187445344925000E+09
                      362    4.916689388618431E+31    2.498878429523396E+34    2.779003799743786E+15    2.170065586090000E+07    8.123529340481194E-15    5.052923761518499E+00    7.699669595648435E+03    6.686897117284485E+03    3.226730776787500E-01    1.945757684549899E+00    2.501338092533449E+34    2.810915144938412E+15    6.220282000000000E-01    0.000000000000000E+00    3.584732000000000E-01    1.873961000000000E-03    4.327733000000000E-03    7.299946000000000E-03    1.497529000000000E-03    2.193335000000000E-04    2.831325000000000E-03    4.909975999999999E-04    3.359575000000000E-04    6.691600999999999E-05    5.440023000000000E-05    0.000000000000000E+00    0.000000000000000E+00    0.000000000000000E+00    0.000000000000000E+00    0.000000000000000E+00    5.845557000000000E-05    0.000000000000000E+00    6.453612000000000E-05    6.039712591174999E+42    4.887445344925000E+09    3.044890689850000E+09
                      363    4.919359823074778E+31    2.503797755543502E+34    2.842826490133038E+15    2.162937853336250E+07    7.757910292487145E-15    4.727716658762796E+00    7.602871001196380E+03    6.576239506624903E+03    3.216687052727499E-01    1.786487185861228E+00    2.506259406963427E+34    2.874742280232292E+15    6.220282000000000E-01    0.000000000000000E+00    3.584732000000000E-01    1.873961000000000E-03    4.327733000000000E-03    7.299946000000000E-03    1.497529000000000E-03    2.193335000000000E-04    2.831325000000000E-03    4.909975999999999E-04    3.359575000000000E-04    6.691600999999999E-05    5.440023000000000E-05    0.000000000000000E+00    0.000000000000000E+00    0.000000000000000E+00    0.000000000000000E+00    0.000000000000000E+00    5.845557000000000E-05    0.000000000000000E+00    6.453612000000000E-05    6.134603281025000E+42    4.677445344925000E+09    2.907445344925000E+09
                      364    4.921912941348755E+31    2.508721058383351E+34    2.906658070331546E+15    2.156310120582500E+07    7.425825737605946E-15    4.391889862210187E+00    7.498555700380408E+03    6.456209608435755E+03    3.202898794175000E-01    1.634666585983870E+00    2.511182709803275E+34    2.938575996486084E+15    6.220282000000000E-01    0.000000000000000E+00    3.584732000000000E-01    1.873961000000000E-03    4.327733000000000E-03    7.299946000000000E-03    1.497529000000000E-03    2.193335000000000E-04    2.831325000000000E-03    4.909975999999999E-04    3.359575000000000E-04    6.691600999999999E-05    5.440023000000000E-05    0.000000000000000E+00    0.000000000000000E+00    0.000000000000000E+00    0.000000000000000E+00    0.000000000000000E+00    5.845557000000000E-05    0.000000000000000E+00    6.453612000000000E-05    6.222048625950000E+42    4.467445344924999E+09    2.777445344925000E+09
                      365    4.924352720260101E+31    2.513644361223199E+34    2.970493922640622E+15    2.149810120582500E+07    7.107956370505082E-15    4.100982242817150E+00    7.391473604812351E+03    6.345777878941901E+03    3.186599604607500E-01    1.490074483373346E+00    2.516108001052994E+34    3.002415659847892E+15    6.220282000000000E-01    0.000000000000000E+00    3.584732000000000E-01    1.873961000000000E-03    4.327733000000000E-03    7.299946000000000E-03    1.497529000000000E-03    2.193335000000000E-04    2.831325000000000E-03    4.909975999999999E-04    3.359575000000000E-04    6.691600999999999E-05    5.440023000000000E-05    0.000000000000000E+00    0.000000000000000E+00    0.000000000000000E+00    0.000000000000000E+00    0.000000000000000E+00    5.845557000000000E-05    0.000000000000000E+00    6.453612000000000E-05    6.312048625950000E+42    4.277445344925000E+09    2.654890689850000E+09
                      366    4.926691090268042E+31    2.518571640882789E+34    3.034337397055163E+15    2.143810120582500E+07    6.819377830650265E-15    3.638211051976157E+00    7.252452055230892E+03    6.158640681439058E+03    3.156555880547500E-01    1.352644039190255E+00    2.521036274917519E+34    3.066258796161484E+15    6.220282000000000E-01    0.000000000000000E+00    3.584732000000000E-01    1.873961000000000E-03    4.327733000000000E-03    7.299946000000000E-03    1.497529000000000E-03    2.193335000000000E-04    2.831325000000000E-03    4.909975999999999E-04    3.359575000000000E-04    6.691600999999999E-05    5.440023000000000E-05    0.000000000000000E+00    0.000000000000000E+00    0.000000000000000E+00    0.000000000000000E+00    0.000000000000000E+00    5.845557000000000E-05    0.000000000000000E+00    6.453612000000000E-05    6.399493970874999E+42    4.100000000000000E+09    2.542336034775000E+09
                      367    4.928930039782448E+31    2.523500908952249E+34    3.098180195267806E+15    2.137682387828750E+07    6.527468029417929E-15    3.435702706206756E+00    7.169433923049575E+03    6.070705003824615E+03    3.141278553010000E-01    1.221734367336881E+00    2.525966537191915E+34    3.130101797845732E+15    6.220282000000000E-01    0.000000000000000E+00    3.584732000000000E-01    1.873961000000000E-03    4.327733000000000E-03    7.299946000000000E-03    1.497529000000000E-03    2.193335000000000E-04    2.831325000000000E-03    4.909975999999999E-04    3.359575000000000E-04    6.691600999999999E-05    5.440023000000000E-05    0.000000000000000E+00    0.000000000000000E+00    0.000000000000000E+00    0.000000000000000E+00    0.000000000000000E+00    5.845557000000000E-05    0.000000000000000E+00    6.453612000000000E-05    6.486939315800001E+42    3.937445344925000E+09    2.432336034775000E+09
                      368    4.931077522442802E+31    2.528432165431580E+34    3.162023400423658E+15    2.131554655075000E+07    6.276893403845113E-15    3.185294054787112E+00    7.067065711824749E+03    5.956536662116003E+03    3.120234828950000E-01    1.096692352870731E+00    2.530898787876182E+34    3.193947083085010E+15    6.220282000000000E-01    0.000000000000000E+00    3.584732000000000E-01    1.873961000000000E-03    4.327733000000000E-03    7.299946000000000E-03    1.497529000000000E-03    2.193335000000000E-04    2.831325000000000E-03    4.909975999999999E-04    3.359575000000000E-04    6.691600999999999E-05    5.440023000000000E-05    0.000000000000000E+00    0.000000000000000E+00    0.000000000000000E+00    0.000000000000000E+00    0.000000000000000E+00    5.845557000000000E-05    0.000000000000000E+00    6.453612000000000E-05    6.576939315799999E+42    3.777445344925000E+09    2.329781379700000E+09
                      369    4.933139503478716E+31    2.533365410320782E+34    3.225870765746362E+15    2.125554655075000E+07    6.022055495607187E-15    2.953178638098695E+00    6.966165998932202E+03    5.844521153694992E+03    3.095446570397500E-01    9.776721395982786E-01    2.535832032765383E+34    3.257797341526119E+15    6.220282000000000E-01    0.000000000000000E+00    3.584732000000000E-01    1.873961000000000E-03    4.327733000000000E-03    7.299946000000000E-03    1.497529000000000E-03    2.193335000000000E-04    2.831325000000000E-03    4.909975999999999E-04    3.359575000000000E-04    6.691600999999999E-05    5.440023000000000E-05    0.000000000000000E+00    0.000000000000000E+00    0.000000000000000E+00    0.000000000000000E+00    0.000000000000000E+00    5.845557000000000E-05    0.000000000000000E+00    6.453612000000000E-05    6.664384660725000E+42    3.627445344925000E+09    2.234672069550000E+09
                      370    4.935119959709932E+31    2.538298655209984E+34    3.289723917305876E+15    2.120054655075000E+07    5.790882505683704E-15    2.718252012748549E+00    6.850920610209281E+03    5.724649939553536E+03    3.067658311845000E-01    8.642378578907778E-01    2.540767266064456E+34    3.321651658743213E+15    6.220282000000000E-01    0.000000000000000E+00    3.584732000000000E-01    1.873961000000000E-03    4.327733000000000E-03    7.299946000000000E-03    1.497529000000000E-03    2.193335000000000E-04    2.831325000000000E-03    4.909975999999999E-04    3.359575000000000E-04    6.691600999999999E-05    5.440023000000000E-05    0.000000000000000E+00    0.000000000000000E+00    0.000000000000000E+00    0.000000000000000E+00    0.000000000000000E+00    5.845557000000000E-05    0.000000000000000E+00    6.453612000000000E-05    6.754384660725000E+42    3.487445344925000E+09    2.132117414475000E+09
                      371    4.937024856366060E+31    2.543235876918927E+34    3.353579400180550E+15    2.114554655075000E+07    5.581420631374255E-15    2.402086607749154E+00    6.706631988807838E+03    5.549584165322468E+03    3.027125518800000E-01    7.563471440871826E-01    2.545705481978335E+34    3.385506208585849E+15    6.220282000000000E-01    0.000000000000000E+00    3.584732000000000E-01    1.873961000000000E-03    4.327733000000000E-03    7.299946000000000E-03    1.497529000000000E-03    2.193335000000000E-04    2.831325000000000E-03    4.909975999999999E-04    3.359575000000000E-04    6.691600999999999E-05    5.440023000000000E-05    0.000000000000000E+00    0.000000000000000E+00    0.000000000000000E+00    0.000000000000000E+00    0.000000000000000E+00    5.845557000000000E-05    0.000000000000000E+00    6.453612000000000E-05    6.841830005649999E+42    3.357445344925000E+09    2.029344139100000E+09
                      372    4.938858170266843E+31    2.548175087037741E+34    3.417433016991148E+15    2.108799189567500E+07    5.367162609953391E-15    2.227139153766903E+00    6.610897784815658E+03    5.445237579757648E+03    3.001103656770000E-01    6.534928674129687E-01    2.550645686302084E+34    3.449361016694482E+15    6.220282000000000E-01    0.000000000000000E+00    3.584732000000000E-01    1.873961000000000E-03    4.327733000000000E-03    7.299946000000000E-03    1.497529000000000E-03    2.193335000000000E-04    2.831325000000000E-03    4.909975999999999E-04    3.359575000000000E-04    6.691600999999999E-05    5.440023000000000E-05    0.000000000000000E+00    0.000000000000000E+00    0.000000000000000E+00    0.000000000000000E+00    0.000000000000000E+00    5.845557000000000E-05    0.000000000000000E+00    6.453612000000000E-05    6.929275350575000E+42    3.237445344925000E+09    1.931680173875000E+09
                      373    4.940621889822152E+31    2.553116285566426E+34    3.481289016397818E+15    2.103043724060000E+07    5.173027097982458E-15    2.046030704083761E+00    6.505196839310285E+03    5.330569964569029E+03    2.866873729710000E-01    5.587828663533619E-01    2.555586884830769E+34    3.513218125263010E+15    6.220282000000000E-01    0.000000000000000E+00    3.584732000000000E-01    1.873961000000000E-03    4.327733000000000E-03    7.299946000000000E-03    1.497529000000000E-03    2.193335000000000E-04    2.831325000000000E-03    4.909975999999999E-04    3.359575000000000E-04    6.691600999999999E-05    5.440023000000000E-05    0.000000000000000E+00    0.000000000000000E+00    0.000000000000000E+00    0.000000000000000E+00    0.000000000000000E+00    5.845557000000000E-05    0.000000000000000E+00    6.453612000000000E-05    7.016720695499999E+42    3.117445344925000E+09    1.828906898500000E+09
                      374    4.942321980261599E+31    2.558057484095110E+34    3.545147234128204E+15    2.097415991306250E+07    4.985913657028773E-15    1.883268085367740E+00    6.386463615932977E+03    5.221239896815769E+03    2.745249060637500E-01    4.713628366101295E-01    2.560530071769323E+34    3.577077745769695E+15    6.220282000000000E-01    0.000000000000000E+00    3.584732000000000E-01    1.873961000000000E-03    4.327733000000000E-03    7.299946000000000E-03    1.497529000000000E-03    2.193335000000000E-04    2.831325000000000E-03    4.909975999999999E-04    3.359575000000000E-04    6.691600999999999E-05    5.440023000000000E-05    0.000000000000000E+00    0.000000000000000E+00    0.000000000000000E+00    0.000000000000000E+00    0.000000000000000E+00    5.845557000000000E-05    0.000000000000000E+00    6.453612000000000E-05    7.104166040425001E+42    3.007445344925000E+09    1.713578968050000E+09
                      375    4.943962418404925E+31    2.563002659443537E+34    3.609008257411187E+15    2.091788258552500E+07    4.816646270939961E-15    1.720867184422158E+00    6.273421616750330E+03    5.105247873465803E+03    2.638974184045000E-01    3.901719546904723E-01    2.565475247117750E+34    3.640939843564588E+15    6.220282000000000E-01    0.000000000000000E+00    3.584732000000000E-01    1.873961000000000E-03    4.327733000000000E-03    7.299946000000000E-03    1.497529000000000E-03    2.193335000000000E-04    2.831325000000000E-03    4.909975999999999E-04    3.359575000000000E-04    6.691600999999999E-05    5.440023000000000E-05    0.000000000000000E+00    0.000000000000000E+00    0.000000000000000E+00    0.000000000000000E+00    0.000000000000000E+00    5.845557000000000E-05    0.000000000000000E+00    6.453612000000000E-05    7.181611385350000E+42    2.900000000000000E+09    1.600805692675000E+09
                      376    4.945543204252131E+31    2.567947834791963E+34    3.672871429717990E+15    2.085660525798750E+07    4.653125363824550E-15    1.512681003582446E+00    6.148213424440445E+03    4.943298466601770E+03    2.312740580567500E-01    3.214292007121002E-01    2.570421416671111E+34    3.704802903029291E+15    6.220282000000000E-01    0.000000000000000E+00    3.584732000000000E-01    1.873961000000000E-03    4.327733000000000E-03    7.299946000000000E-03    1.497529000000000E-03    2.193335000000000E-04    2.831325000000000E-03    4.909975999999999E-04    3.359575000000000E-04    6.691600999999999E-05    5.440023000000000E-05    0.000000000000000E+00    0.000000000000000E+00    0.000000000000000E+00    0.000000000000000E+00    0.000000000000000E+00    5.845557000000000E-05    0.000000000000000E+00    6.453612000000000E-05    7.256502075199999E+42    2.800000000000000E+09    1.455477762225000E+09
                      377    4.947072291442697E+31    2.572894998550259E+34    3.736734376340592E+15    2.079405060291250E+07    4.495155847772509E-15    1.395046429585184E+00    6.053322596911761E+03    4.844628082786552E+03    1.988578216560000E-01    2.643288952649032E-01    2.575369574634343E+34    3.768666382690087E+15    6.220282000000000E-01    0.000000000000000E+00    3.584732000000000E-01    1.873961000000000E-03    4.327733000000000E-03    7.299946000000000E-03    1.497529000000000E-03    2.193335000000000E-04    2.831325000000000E-03    4.909975999999999E-04    3.359575000000000E-04    6.691600999999999E-05    5.440023000000000E-05    0.000000000000000E+00    0.000000000000000E+00    0.000000000000000E+00    0.000000000000000E+00    0.000000000000000E+00    5.845557000000000E-05    0.000000000000000E+00    6.453612000000000E-05    7.316502075200000E+42    2.707445344925000E+09    1.332923107150000E+09
                      378    4.948547691566755E+31    2.577844150718427E+34    3.800598389039582E+15    2.073149594783750E+07    4.342549257936831E-15    1.298482515652405E+00    5.959902150185942E+03    4.758876957170129E+03    1.691708163267500E-01    2.174013989790401E-01    2.580318726802510E+34    3.832530942267792E+15    6.220282000000000E-01    0.000000000000000E+00    3.584732000000000E-01    1.873961000000000E-03    4.327733000000000E-03    7.299946000000000E-03    1.497529000000000E-03    2.193335000000000E-04    2.831325000000000E-03    4.909975999999999E-04    3.359575000000000E-04    6.691600999999999E-05    5.440023000000000E-05    0.000000000000000E+00    0.000000000000000E+00    0.000000000000000E+00    0.000000000000000E+00    0.000000000000000E+00    5.845557000000000E-05    0.000000000000000E+00    6.453612000000000E-05    7.376502075199999E+42    2.617445344925000E+09    1.200368452075000E+09
                      379    4.949973381444046E+31    2.582793302886594E+34    3.864463495496002E+15    2.066521862030000E+07    4.197589839910069E-15    1.199912371319161E+00    5.867929216875144E+03    4.666527389325381E+03    1.441042727475500E-01    1.787693412914534E-01    2.585268873175613E+34    3.896395172062311E+15    6.220282000000000E-01    0.000000000000000E+00    3.584732000000000E-01    1.873961000000000E-03    4.327733000000000E-03    7.299946000000000E-03    1.497529000000000E-03    2.193335000000000E-04    2.831325000000000E-03    4.909975999999999E-04    3.359575000000000E-04    6.691600999999999E-05    5.440023000000000E-05    0.000000000000000E+00    0.000000000000000E+00    0.000000000000000E+00    0.000000000000000E+00    0.000000000000000E+00    5.845557000000000E-05    0.000000000000000E+00    6.453612000000000E-05    7.426502075199999E+42    2.530000000000000E+09    1.070623917582500E+09
                      380    4.951353337894310E+31    2.587744443464632E+34    3.928326848628620E+15    2.059021862030000E+07    4.062045216139353E-15    1.116903307380575E+00    5.777381286402062E+03    4.583942164837623E+03    1.228731503967750E-01    1.468869494009751E-01    2.590221007958587E+34    3.960256672297642E+15    6.220282000000000E-01    0.000000000000000E+00    3.584732000000000E-01    1.873961000000000E-03    4.327733000000000E-03    7.299946000000000E-03    1.497529000000000E-03    2.193335000000000E-04    2.831325000000000E-03    4.909975999999999E-04    3.359575000000000E-04    6.691600999999999E-05    5.440023000000000E-05    0.000000000000000E+00    0.000000000000000E+00    0.000000000000000E+00    0.000000000000000E+00    0.000000000000000E+00    5.845557000000000E-05    0.000000000000000E+00    6.453612000000000E-05    7.479056730275000E+42    2.447445344925000E+09    9.364996242549999E+08
                      381    4.952687560917549E+31    2.592697572452541E+34    3.992186495966663E+15    2.051394129276250E+07    3.933188433919678E-15    1.000035867954374E+00    5.685007348036173E+03    4.459017014799969E+03    1.010916718486500E-01    1.214897563693725E-01    2.595174136946496E+34    4.024117213309996E+15    6.220282000000000E-01    0.000000000000000E+00    3.584732000000000E-01    1.873961000000000E-03    4.327733000000000E-03    7.299946000000000E-03    1.497529000000000E-03    2.193335000000000E-04    2.831325000000000E-03    4.909975999999999E-04    3.359575000000000E-04    6.691600999999999E-05    5.440023000000000E-05    0.000000000000000E+00    0.000000000000000E+00    0.000000000000000E+00    0.000000000000000E+00    0.000000000000000E+00    5.845557000000000E-05    0.000000000000000E+00    6.453612000000000E-05    7.519056730274999E+42    2.370000000000000E+09    7.881417274499999E+08
                      382    4.953980027333503E+31    2.597650701440450E+34    4.056047930653329E+15    2.044266396522500E+07    3.810658233937726E-15    9.308675451170327E-01    5.610190672908681E+03    4.380108478374604E+03    8.827912470847500E-02    1.000062505498462E-01    2.600128260139340E+34    4.087981975197581E+15    6.220282000000000E-01    0.000000000000000E+00    3.584732000000000E-01    1.873961000000000E-03    4.327733000000000E-03    7.299946000000000E-03    1.497529000000000E-03    2.193335000000000E-04    2.831325000000000E-03    4.909975999999999E-04    3.359575000000000E-04    6.691600999999999E-05    5.440023000000000E-05    0.000000000000000E+00    0.000000000000000E+00    0.000000000000000E+00    0.000000000000000E+00    0.000000000000000E+00    5.845557000000000E-05    0.000000000000000E+00    6.453612000000000E-05    7.554166040424999E+42    2.297445344925000E+09    6.865939512274998E+08
                      383    4.955230737142171E+31    2.602605818838230E+34    4.119916019741833E+15    2.037766396522500E+07    3.696108856197537E-15    8.745134617107693E-01    5.536364067806288E+03    4.312519088096375E+03    7.587366671587499E-02    8.209140077465223E-02    2.605084371742055E+34    4.151854449067928E+15    6.220282000000000E-01    0.000000000000000E+00    3.584732000000000E-01    1.873961000000000E-03    4.327733000000000E-03    7.299946000000000E-03    1.497529000000000E-03    2.193335000000000E-04    2.831325000000000E-03    4.909975999999999E-04    3.359575000000000E-04    6.691600999999999E-05    5.440023000000000E-05    0.000000000000000E+00    0.000000000000000E+00    0.000000000000000E+00    0.000000000000000E+00    0.000000000000000E+00    5.845557000000000E-05    0.000000000000000E+00    6.453612000000000E-05    7.586720695500001E+42    2.227445344925000E+09    5.850461750049999E+08
                      384    4.956445655573168E+31    2.607562924645880E+34    4.183792878394023E+15    2.032638663768750E+07    3.580964371026362E-15    8.274971355853697E-01    5.460402305063099E+03    4.253349107982467E+03    6.518040718099999E-02    6.718180858167788E-02    2.610041477549705E+34    4.215734596304510E+15    6.220282000000000E-01    0.000000000000000E+00    3.584732000000000E-01    1.873961000000000E-03    4.327733000000000E-03    7.299946000000000E-03    1.497529000000000E-03    2.193335000000000E-04    2.831325000000000E-03    4.909975999999999E-04    3.359575000000000E-04    6.691600999999999E-05    5.440023000000000E-05    0.000000000000000E+00    0.000000000000000E+00    0.000000000000000E+00    0.000000000000000E+00    0.000000000000000E+00    5.845557000000000E-05    0.000000000000000E+00    6.453612000000000E-05    7.619275350575000E+42    2.157445344925000E+09    4.932429332749999E+08
                      385    4.957620805806750E+31    2.612520030453531E+34    4.247676314214996E+15    2.028510931015000E+07    3.473319650553230E-15    7.846056668957195E-01    5.388552138376619E+03    4.197373553522426E+03    5.596022058504999E-02    5.476237392678312E-02    2.614999577562290E+34    4.279620871840392E+15    6.220282000000000E-01    0.000000000000000E+00    3.584732000000000E-01    1.873961000000000E-03    4.327733000000000E-03    7.299946000000000E-03    1.497529000000000E-03    2.193335000000000E-04    2.831325000000000E-03    4.909975999999999E-04    3.359575000000000E-04    6.691600999999999E-05    5.440023000000000E-05    0.000000000000000E+00    0.000000000000000E+00    0.000000000000000E+00    0.000000000000000E+00    0.000000000000000E+00    5.845557000000000E-05    0.000000000000000E+00    6.453612000000000E-05    7.641830005650000E+42    2.090000000000000E+09    4.121842260374999E+08
                      386    4.958762153072531E+31    2.617479124671051E+34    4.311565429465788E+15    2.025010931015000E+07    3.370891340291531E-15    7.039515113123465E-01    5.293220263608697E+03    4.085306465169016E+03    4.580112709059999E-02    4.489652886433047E-02    2.619959665984747E+34    4.343512745483950E+15    6.220282000000000E-01    0.000000000000000E+00    3.584732000000000E-01    1.873961000000000E-03    4.327733000000000E-03    7.299946000000000E-03    1.497529000000000E-03    2.193335000000000E-04    2.831325000000000E-03    4.909975999999999E-04    3.359575000000000E-04    6.691600999999999E-05    5.440023000000000E-05    0.000000000000000E+00    0.000000000000000E+00    0.000000000000000E+00    0.000000000000000E+00    0.000000000000000E+00    5.845557000000000E-05    0.000000000000000E+00    6.453612000000000E-05    7.674384660725001E+42    2.030000000000000E+09    3.246364498149999E+08
                      387    4.959871685780380E+31    2.622440207298443E+34    4.375460061502113E+15    2.022010931015000E+07    3.273406948788386E-15    6.627421269624045E-01    5.241699132783286E+03    4.024574456053928E+03    4.042044672024999E-02    3.644240636508927E-02    2.624920748612139E+34    4.407408901733410E+15    6.220282000000000E-01    0.000000000000000E+00    3.584732000000000E-01    1.873961000000000E-03    4.327733000000000E-03    7.299946000000000E-03    1.497529000000000E-03    2.193335000000000E-04    2.831325000000000E-03    4.909975999999999E-04    3.359575000000000E-04    6.691600999999999E-05    5.440023000000000E-05    0.000000000000000E+00    0.000000000000000E+00    0.000000000000000E+00    0.000000000000000E+00    0.000000000000000E+00    5.845557000000000E-05    0.000000000000000E+00    6.453612000000000E-05    7.696939315799999E+42    1.970000000000000E+09    2.765121564875000E+08
                      388    4.960945427110557E+31    2.627401289925835E+34    4.439357741964708E+15    2.019383198261251E+07    3.182326632580254E-15    6.271112289344345E-01    5.172731860315945E+03    3.969355224401377E+03    3.479743031512499E-02    2.936524170445854E-02    2.629881831239530E+34    4.471307794724748E+15    6.220282000000000E-01    0.000000000000000E+00    3.584732000000000E-01    1.873961000000000E-03    4.327733000000000E-03    7.299946000000000E-03    1.497529000000000E-03    2.193335000000000E-04    2.831325000000000E-03    4.909975999999999E-04    3.359575000000000E-04    6.691600999999999E-05    5.440023000000000E-05    0.000000000000000E+00    0.000000000000000E+00    0.000000000000000E+00    0.000000000000000E+00    0.000000000000000E+00    5.845557000000000E-05    0.000000000000000E+00    6.453612000000000E-05    7.719493970875000E+42    1.917445344925000E+09    2.276433286675000E+08
                      389    4.961991330702544E+31    2.632362372553226E+34    4.503257847484788E+15    2.017255465507500E+07    3.090295432513592E-15    5.988865742431750E-01    5.104677068350544E+03    3.923918390874667E+03    2.985500098237499E-02    2.346974214355556E-02    2.634843908071857E+34    4.535208976623425E+15    6.220282000000000E-01    0.000000000000000E+00    3.584732000000000E-01    1.873961000000000E-03    4.327733000000000E-03    7.299946000000000E-03    1.497529000000000E-03    2.193335000000000E-04    2.831325000000000E-03    4.909975999999999E-04    3.359575000000000E-04    6.691600999999999E-05    5.440023000000000E-05    0.000000000000000E+00    0.000000000000000E+00    0.000000000000000E+00    0.000000000000000E+00    0.000000000000000E+00    5.845557000000000E-05    0.000000000000000E+00    6.453612000000000E-05    7.734603281024999E+42    1.860000000000000E+09    1.857526388175000E+08
                      390    4.963007408146472E+31    2.637325443590488E+34    4.567160105762062E+15    2.015383198261250E+07    3.004310069381744E-15    5.678781629998432E-01    5.034638273286208E+03    3.872293551816438E+03    2.554826803215000E-02    1.856403897246905E-02    2.639806979109120E+34    4.599112058712172E+15    6.220282000000000E-01    0.000000000000000E+00    3.584732000000000E-01    1.873961000000000E-03    4.327733000000000E-03    7.299946000000000E-03    1.497529000000000E-03    2.193335000000000E-04    2.831325000000000E-03    4.909975999999999E-04    3.359575000000000E-04    6.691600999999999E-05    5.440023000000000E-05    0.000000000000000E+00    0.000000000000000E+00    0.000000000000000E+00    0.000000000000000E+00    0.000000000000000E+00    5.845557000000000E-05    0.000000000000000E+00    6.453612000000000E-05    7.757157936100001E+42    1.810000000000000E+09    1.502488317495000E+08
                      391    4.963993659442337E+31    2.642288514627751E+34    4.631064011662281E+15    2.013883198261250E+07    2.922434279356270E-15    5.201107927769548E-01    4.954139974403684E+03    3.788490274885435E+03    2.074197232252500E-02    1.468967558731137E-02    2.644771044351317E+34    4.663017335835336E+15    6.220282000000000E-01    0.000000000000000E+00    3.584732000000000E-01    1.873961000000000E-03    4.327733000000000E-03    7.299946000000000E-03    1.497529000000000E-03    2.193335000000000E-04    2.831325000000000E-03    4.909975999999999E-04    3.359575000000000E-04    6.691600999999999E-05    5.440023000000000E-05    0.000000000000000E+00    0.000000000000000E+00    0.000000000000000E+00    0.000000000000000E+00    0.000000000000000E+00    5.845557000000000E-05    0.000000000000000E+00    6.453612000000000E-05    7.769712591175001E+42    1.760000000000000E+09    1.136939315800000E+08
                      392    4.964954061409885E+31    2.647253574074884E+34    4.694970660008390E+15    2.012755465507500E+07    2.842789831914453E-15    4.967019510117238E-01    4.900236147141381E+03    3.745123785315714E+03    1.810342162137500E-02    1.140019035671734E-02    2.649737098003386E+34    4.726924117072069E+15    6.220282000000000E-01    0.000000000000000E+00    3.584732000000000E-01    1.873961000000000E-03    4.327733000000000E-03    7.299946000000000E-03    1.497529000000000E-03    2.193335000000000E-04    2.831325000000000E-03    4.909975999999999E-04    3.359575000000000E-04    6.691600999999999E-05    5.440023000000000E-05    0.000000000000000E+00    0.000000000000000E+00    0.000000000000000E+00    0.000000000000000E+00    0.000000000000000E+00    5.845557000000000E-05    0.000000000000000E+00    6.453612000000000E-05    7.784821901325000E+42    1.710000000000000E+09    9.337631940874998E+07
                      393    4.965888614049113E+31    2.652220621931887E+34    4.758877574135748E+15    2.011755465507500E+07    2.766941645411512E-15    4.710055627273032E-01    4.833002386674068E+03    3.695862240021884E+03    1.535998023037500E-02    8.684129644709869E-03    2.654704145860389E+34    4.790831876938888E+15    6.220282000000000E-01    0.000000000000000E+00    3.584732000000000E-01    1.873961000000000E-03    4.327733000000000E-03    7.299946000000000E-03    1.497529000000000E-03    2.193335000000000E-04    2.831325000000000E-03    4.909975999999999E-04    3.359575000000000E-04    6.691600999999999E-05    5.440023000000000E-05    0.000000000000000E+00    0.000000000000000E+00    0.000000000000000E+00    0.000000000000000E+00    0.000000000000000E+00    5.845557000000000E-05    0.000000000000000E+00    6.453612000000000E-05    7.807376556400000E+42    1.667445344925000E+09    7.435214862849998E+07
                      394    4.966797317360022E+31    2.657187669788891E+34    4.822786179742028E+15    2.010755465507500E+07    2.696154363871715E-15    4.498068203794282E-01    4.766691107983310E+03    3.653556054799358E+03    1.293489796165250E-02    6.454974171647541E-03    2.659671193717393E+34    4.854740592885720E+15    6.220282000000000E-01    0.000000000000000E+00    3.584732000000000E-01    1.873961000000000E-03    4.327733000000000E-03    7.299946000000000E-03    1.497529000000000E-03    2.193335000000000E-04    2.831325000000000E-03    4.909975999999999E-04    3.359575000000000E-04    6.691600999999999E-05    5.440023000000000E-05    0.000000000000000E+00    0.000000000000000E+00    0.000000000000000E+00    0.000000000000000E+00    0.000000000000000E+00    5.845557000000000E-05    0.000000000000000E+00    6.453612000000000E-05    7.819931211475001E+42    1.620000000000000E+09    5.812141923924999E+07
                      395    4.967682159752482E+31    2.662154717645895E+34    4.886695006029411E+15    2.009755465507500E+07    2.624218543384445E-15    4.304897327185770E-01    4.693168820631576E+03    3.613814071296195E+03    1.079532784941750E-02    4.644479501951113E-03    2.664639235779332E+34    4.918650060615592E+15    6.220282000000000E-01    0.000000000000000E+00    3.584732000000000E-01    1.873961000000000E-03    4.327733000000000E-03    7.299946000000000E-03    1.497529000000000E-03    2.193335000000000E-04    2.831325000000000E-03    4.909975999999999E-04    3.359575000000000E-04    6.691600999999999E-05    5.440023000000000E-05    0.000000000000000E+00    0.000000000000000E+00    0.000000000000000E+00    0.000000000000000E+00    0.000000000000000E+00    5.845557000000000E-05    0.000000000000000E+00    6.453612000000000E-05    7.835040521625000E+42    1.580000000000000E+09    4.480749158875000E+07
                      396    4.968545129636365E+31    2.667123753912769E+34    4.950605115201772E+15    2.009255465507500E+07    2.557082578605221E-15    4.120085066809807E-01    4.628776130392946E+03    3.574507941632618E+03    8.918036290192499E-03    3.186829574776812E-03    2.669608272046206E+34    4.982561527668885E+15    6.220282000000000E-01    0.000000000000000E+00    3.584732000000000E-01    1.873961000000000E-03    4.327733000000000E-03    7.299946000000000E-03    1.497529000000000E-03    2.193335000000000E-04    2.831325000000000E-03    4.909975999999999E-04    3.359575000000000E-04    6.691600999999999E-05    5.440023000000000E-05    0.000000000000000E+00    0.000000000000000E+00    0.000000000000000E+00    0.000000000000000E+00    0.000000000000000E+00    5.845557000000000E-05    0.000000000000000E+00    6.453612000000000E-05    7.847595176699999E+42    1.540000000000000E+09    3.398700532924999E+07
                      397    4.969384238601800E+31    2.672092790179644E+34    5.014517940135998E+15    2.009255465507500E+07    2.493129016927751E-15    3.962440901249518E-01    4.546903895123618E+03    3.539694691963662E+03    7.248730973262498E-03    2.031616504339959E-03    2.674577308313081E+34    5.046480094712679E+15    6.220282000000000E-01    0.000000000000000E+00    3.584732000000000E-01    1.873961000000000E-03    4.327733000000000E-03    7.299946000000000E-03    1.497529000000000E-03    2.193335000000000E-04    2.831325000000000E-03    4.909975999999999E-04    3.359575000000000E-04    6.691600999999999E-05    5.440023000000000E-05    0.000000000000000E+00    0.000000000000000E+00    0.000000000000000E+00    0.000000000000000E+00    0.000000000000000E+00    5.845557000000000E-05    0.000000000000000E+00    6.453612000000000E-05    7.860149831774999E+42    1.500000000000000E+09    2.511105356225000E+07
                      398    4.970203463468527E+31    2.677061826446518E+34    5.078442249289360E+15    2.011755465507500E+07    2.430774956997087E-15    3.819115545019009E-01    4.466484226364190E+03    3.507242575964961E+03    5.755988415732499E-03    1.137084674252007E-03    2.679547338784890E+34    5.110431759287105E+15    6.220282000000000E-01    0.000000000000000E+00    3.584732000000000E-01    1.873961000000000E-03    4.327733000000000E-03    7.299946000000000E-03    1.497529000000000E-03    2.193335000000000E-04    2.831325000000000E-03    4.909975999999999E-04    3.359575000000000E-04    6.691600999999999E-05    5.440023000000000E-05    0.000000000000000E+00    0.000000000000000E+00    0.000000000000000E+00    0.000000000000000E+00    0.000000000000000E+00    5.845557000000000E-05    0.000000000000000E+00    6.453612000000000E-05    7.865259141924999E+42    1.460000000000000E+09    1.790518283850000E+07
                      399    4.971000815826677E+31    2.682032851123263E+34    5.142421269284852E+15    2.020127732753750E+07    2.365919697485761E-15    3.688978999888545E-01    4.374876569709646E+03    3.477092676591843E+03    4.408151531229999E-03    4.698315245938555E-04    2.684519357666571E+34    5.174515140473135E+15    6.220282000000000E-01    0.000000000000000E+00    3.584732000000000E-01    1.873961000000000E-03    4.327733000000000E-03    7.299946000000000E-03    1.497529000000000E-03    2.193335000000000E-04    2.831325000000000E-03    4.909975999999999E-04    3.359575000000000E-04    6.691600999999999E-05    5.440023000000000E-05    0.000000000000000E+00    0.000000000000000E+00    0.000000000000000E+00    0.000000000000000E+00    0.000000000000000E+00    5.845557000000000E-05    0.000000000000000E+00    6.453612000000000E-05    7.877813797000000E+42    1.427445344925000E+09    1.204603281025000E+07
                      400    4.971780272495991E+31    2.687005864209879E+34    5.206609011661418E+15    2.026000000000000E+07    2.301441817408509E-15    3.555545027631908E-01    4.267919961622420E+03    3.445214499319895E+03    3.180519509322500E-03    0.000000000000000E+00    2.687005864209879E+34    5.206609011661418E+15    6.220282000000000E-01    0.000000000000000E+00    3.584732000000000E-01    1.873961000000000E-03    4.327733000000000E-03    7.299946000000000E-03    1.497529000000000E-03    2.193335000000000E-04    2.831325000000000E-03    4.909975999999999E-04    3.359575000000000E-04    6.691600999999999E-05    5.440023000000000E-05    0.000000000000000E+00    0.000000000000000E+00    0.000000000000000E+00    0.000000000000000E+00    0.000000000000000E+00    5.845557000000000E-05    0.000000000000000E+00    6.453612000000000E-05    7.890368452075000E+42    1.387445344925000E+09    7.420830202125000E+06
