  days post max Lbol                    140.0
               zones                      400
 inner boundary mass    3.023102807834229E+33    1.520362000000000E+00
          total mass    2.400235404247936E+34    1.207113000000000E+01

                                  mass of cell (g)        cell center m (g)       cell center R (cm)     cell center v (cm/s)              avg density       radiation pressure          avg temperature    radiation temperature              avg opacity                      tau         outer edge m (g)        outer edge r (cm)                       h1                      he3                      he4                      c12                      n14                      o16                     ne20                     na23                     mg24                     si28                      s32                     ar36                     ca40                     ti44                     cr48                     cr60                     fe52                     fe54                     fe56                     co56                     ni56               luminosity                    n_bar                      n_e

                        1    2.567772854723341E+29    3.023102807834229E+33    1.758474965066500E+14    1.254500000000000E+07    1.123938162629618E-14    1.646672932110381E-01    3.301430136920603E+03    2.842060807626607E+03    7.113913096110267E-03    1.580487207080322E+00    3.023374225781580E+33    1.880426164043536E+14    1.059326000000000E-01    0.000000000000000E+00    5.197752000000000E-01    4.308326000000000E-02    1.904105000000000E-03    1.186507000000000E-01    1.032776000000000E-02    9.650178000000000E-05    2.542132000000000E-03    6.332743000000000E-02    6.143272000000000E-02    1.652093000000000E-02    2.237138000000000E-02    0.000000000000000E+00    0.000000000000000E+00    0.000000000000000E+00    0.000000000000000E+00    0.000000000000000E+00    1.804972000000000E-02    0.000000000000000E+00    1.574867000000000E-02    7.941304423014667E+36    6.771166127523333E+09    2.252885437012000E+07
                        2    5.409916445454953E+29    3.023645643728930E+33    2.002377363020571E+14    1.386500000000000E+07    4.962978772698204E-14    1.677286867589455E-01    3.301430136920603E+03    2.855179164273058E+03    6.771494110107600E-03    1.572291304006034E+00    3.023915073266409E+33    2.064655984206045E+14    1.059326000000000E-01    0.000000000000000E+00    5.197752000000000E-01    4.308326000000000E-02    1.904105000000000E-03    1.186507000000000E-01    1.032776000000000E-02    9.650178000000000E-05    2.542132000000000E-03    6.332743000000000E-02    6.143272000000000E-02    1.652093000000000E-02    2.237138000000000E-02    0.000000000000000E+00    0.000000000000000E+00    0.000000000000000E+00    0.000000000000000E+00    0.000000000000000E+00    1.804972000000000E-02    0.000000000000000E+00    1.574867000000000E-02    2.322233225504666E+37    2.988280690511333E+10    8.544288889568667E+07
                        3    5.405364975260925E+29    3.024184502803889E+33    2.126934605391519E+14    1.461230237325033E+07    8.067563968775628E-14    1.685303996013610E-01    3.297898943463160E+03    2.858692564619094E+03    6.601586990356600E-03    1.565658339823440E+00    3.024454926546303E+33    2.169359316797390E+14    1.059326000000000E-01    0.000000000000000E+00    5.197752000000000E-01    4.308325000000000E-02    1.904105000000000E-03    1.186507000000000E-01    1.032775000000000E-02    9.650178000000000E-05    2.542132000000000E-03    6.332743000000000E-02    6.143272000000000E-02    1.652093000000000E-02    2.237137000000000E-02    0.000000000000000E+00    0.000000000000000E+00    0.000000000000000E+00    0.000000000000000E+00    0.000000000000000E+00    1.804972000000000E-02    0.000000000000000E+00    1.574867000000000E-02    3.846047465006666E+37    4.859723409017333E+10    1.278280690511333E+08
                        4    5.407438886756064E+29    3.024725350288719E+33    2.211784028203261E+14    1.515230237325034E+07    1.074524595994910E-13    1.685303996013610E-01    3.301430136920603E+03    2.858692564619094E+03    6.381762847900400E-03    1.559841366951360E+00    3.024987820391651E+33    2.244207229414423E+14    1.062548000000000E-01    0.000000000000000E+00    5.200049000000000E-01    4.306072000000000E-02    1.907040000000000E-03    1.184681000000000E-01    1.032481000000000E-02    9.665051000000000E-05    2.542898000000000E-03    6.321188000000000E-02    6.132053000000000E-02    1.649074000000000E-02    2.233045000000000E-02    0.000000000000000E+00    0.000000000000000E+00    0.000000000000000E+00    0.000000000000000E+00    0.000000000000000E+00    1.801591000000000E-02    0.000000000000000E+00    1.573361000000000E-02    5.364466451009333E+37    6.471166127523334E+10    1.610513916016000E+08
                        5    5.249755995599837E+29    3.025250290494583E+33    2.276630430625587E+14    1.560000000000000E+07    1.277074875775814E-13    1.692806611893181E-01    3.309040719383757E+03    2.861761032001767E+03    6.059460474650067E-03    1.554824618304996E+00    3.025551534589993E+33    2.306039235801877E+14    1.095406000000000E-01    0.000000000000000E+00    5.223472000000000E-01    4.283084000000000E-02    1.936973000000000E-03    1.166060000000000E-01    1.029482000000000E-02    9.816757999999998E-05    2.550712000000000E-03    6.203333999999999E-02    6.017623000000000E-02    1.618274000000000E-02    2.191300000000000E-02    0.000000000000000E+00    0.000000000000000E+00    0.000000000000000E+00    0.000000000000000E+00    0.000000000000000E+00    1.767108000000000E-02    0.000000000000000E+00    1.558001000000000E-02    6.837490183512666E+37    7.683399353028000E+10    1.858932902018667E+08
                        6    6.024112393595132E+29    3.025852778685404E+33    2.335448040978167E+14    1.601230237325034E+07    1.535381703488712E-13    1.700897921893306E-01    3.320758886845961E+03    2.865282531572063E+03    5.730079050699867E-03    1.549651288313832E+00    3.026208704052259E+33    2.363385176874453E+14    1.095412000000000E-01    0.000000000000000E+00    5.223477000000000E-01    4.283080000000000E-02    1.936979000000000E-03    1.166057000000000E-01    1.029482000000000E-02    9.816786000000000E-05    2.550713000000000E-03    6.203312000000000E-02    6.017602000000000E-02    1.618268000000000E-02    2.191292000000000E-02    0.000000000000000E+00    0.000000000000000E+00    0.000000000000000E+00    0.000000000000000E+00    0.000000000000000E+00    1.767102000000000E-02    0.000000000000000E+00    1.557999000000000E-02    8.515909169515334E+37    9.240237325033333E+10    2.191956634522000E+08
                        7    7.120571306544804E+29    3.026564629419114E+33    2.391322312770740E+14    1.638960474650067E+07    1.803916209327778E-13    1.708469958622885E-01    3.331977893867662E+03    2.868358072502586E+03    5.456697626749666E-03    1.544152842219659E+00    3.026934473655064E+33    2.415775428802285E+14    1.095412000000000E-01    0.000000000000000E+00    5.223477000000000E-01    4.283080000000000E-02    1.936979000000000E-03    1.166057000000000E-01    1.029482000000000E-02    9.816786000000000E-05    2.550713000000000E-03    6.203312000000000E-02    6.017602000000000E-02    1.618268000000000E-02    2.191292000000000E-02    0.000000000000000E+00    0.000000000000000E+00    0.000000000000000E+00    0.000000000000000E+00    0.000000000000000E+00    1.767102000000000E-02    0.000000000000000E+00    1.557999000000000E-02    1.049209493001333E+38    1.087628479004000E+11    2.549585113526000E+08
                        8    7.380060783080772E+29    3.027304317891014E+33    2.440228544833830E+14    1.668730237325033E+07    2.024027276880210E-13    1.708469958622885E-01    3.343777287786264E+03    2.868358072502586E+03    5.269237152099600E-03    1.538938360575434E+00    3.027574741633429E+33    2.456577360110202E+14    1.095412000000000E-01    0.000000000000000E+00    5.223477000000000E-01    4.283080000000000E-02    1.936979000000000E-03    1.166057000000000E-01    1.029482000000000E-02    9.816786000000000E-05    2.550713000000000E-03    6.203312000000000E-02    6.017602000000000E-02    1.618268000000000E-02    2.191292000000000E-02    0.000000000000000E+00    0.000000000000000E+00    0.000000000000000E+00    0.000000000000000E+00    0.000000000000000E+00    1.767102000000000E-02    0.000000000000000E+00    1.557999000000000E-02    1.253814239502000E+38    1.217628479004000E+11    2.838004099528667E+08
                        9    5.413913149295056E+29    3.027845165375844E+33    2.472926175386574E+14    1.690230237325033E+07    2.139027465333047E-13    1.708469958622885E-01    3.347357605038002E+03    2.868358072502586E+03    5.114776677449534E-03    1.535362038052642E+00    3.028055936822138E+33    2.484790617736598E+14    1.095412000000000E-01    0.000000000000000E+00    5.223477000000000E-01    4.283080000000000E-02    1.936979000000000E-03    1.166057000000000E-01    1.029482000000000E-02    9.816786000000000E-05    2.550713000000000E-03    6.203312000000000E-02    6.017602000000000E-02    1.618268000000000E-02    2.191292000000000E-02    0.000000000000000E+00    0.000000000000000E+00    0.000000000000000E+00    0.000000000000000E+00    0.000000000000000E+00    1.767102000000000E-02    0.000000000000000E+00    1.557999000000000E-02    1.398418986002667E+38    1.286837972005333E+11    2.991818339030667E+08
                       10    4.211754344438817E+29    3.028266708268432E+33    2.496655060086622E+14    1.708230237325033E+07    2.265772810910566E-13    1.708469958622885E-01    3.351485490514084E+03    2.868358072502586E+03    5.025395253499333E-03    1.532660983498970E+00    3.028483444944338E+33    2.508265822690501E+14    1.095412000000000E-01    0.000000000000000E+00    5.223477000000000E-01    4.283080000000000E-02    1.936979000000000E-03    1.166057000000000E-01    1.029482000000000E-02    9.816786000000000E-05    2.550713000000000E-03    6.203312000000000E-02    6.017602000000000E-02    1.618268000000000E-02    2.191292000000000E-02    0.000000000000000E+00    0.000000000000000E+00    0.000000000000000E+00    0.000000000000000E+00    0.000000000000000E+00    1.767102000000000E-02    0.000000000000000E+00    1.557999000000000E-02    1.518418986002667E+38    1.366837972005333E+11    3.161027832032000E+08
                       11    4.339092112558320E+29    3.028700181620244E+33    2.519876585294380E+14    1.725000000000000E+07    2.329251377467892E-13    1.708469958622885E-01    3.355074061249482E+03    2.868358072502586E+03    4.982855728149400E-03    1.529966584104119E+00    3.028915924091215E+33    2.530651374315429E+14    1.095412000000000E-01    0.000000000000000E+00    5.223477000000000E-01    4.283080000000000E-02    1.936979000000000E-03    1.166057000000000E-01    1.029482000000000E-02    9.816786000000000E-05    2.550713000000000E-03    6.203312000000000E-02    6.017602000000000E-02    1.618268000000000E-02    2.191292000000000E-02    0.000000000000000E+00    0.000000000000000E+00    0.000000000000000E+00    0.000000000000000E+00    0.000000000000000E+00    1.767102000000000E-02    0.000000000000000E+00    1.557999000000000E-02    1.633023732503333E+38    1.406837972005333E+11    3.245632578532667E+08
                       12    4.308122628822198E+29    3.029131666562185E+33    2.541426163336478E+14    1.741000000000000E+07    2.447320671016693E-13    1.708469958622885E-01    3.359211462484346E+03    2.868358072502586E+03    4.909395253499333E-03    1.527378220721245E+00    3.029347409033157E+33    2.551820312409791E+14    1.095412000000000E-01    0.000000000000000E+00    5.223477000000000E-01    4.283080000000000E-02    1.936979000000000E-03    1.166057000000000E-01    1.029482000000000E-02    9.816786000000000E-05    2.550713000000000E-03    6.203312000000000E-02    6.017602000000000E-02    1.618268000000000E-02    2.191292000000000E-02    0.000000000000000E+00    0.000000000000000E+00    0.000000000000000E+00    0.000000000000000E+00    0.000000000000000E+00    1.767102000000000E-02    0.000000000000000E+00    1.557999000000000E-02    1.753023732503333E+38    1.476837972005333E+11    3.399446818034667E+08
                       13    4.318907763960864E+29    3.029563151504127E+33    2.562214461483105E+14    1.756000000000000E+07    2.495837817708136E-13    1.708469958622885E-01    3.359211462484346E+03    2.868358072502586E+03    4.879395253499333E-03    1.524847318643263E+00    3.029779888180033E+33    2.572133433319436E+14    1.095412000000000E-01    0.000000000000000E+00    5.223477000000000E-01    4.283080000000000E-02    1.936979000000000E-03    1.166057000000000E-01    1.029482000000000E-02    9.816786000000000E-05    2.550713000000000E-03    6.203312000000000E-02    6.017602000000000E-02    1.618268000000000E-02    2.191292000000000E-02    0.000000000000000E+00    0.000000000000000E+00    0.000000000000000E+00    0.000000000000000E+00    0.000000000000000E+00    1.767102000000000E-02    0.000000000000000E+00    1.557999000000000E-02    1.873023732503333E+38    1.506837972005333E+11    3.464051564535334E+08
                       14    4.348497291246722E+29    3.029996624855939E+33    2.582052405155766E+14    1.770500000000000E+07    2.589502657145408E-13    1.708469958622885E-01    3.362808305729651E+03    2.868358072502586E+03    4.824395253499333E-03    1.522369717348640E+00    3.030214355736781E+33    2.591628621907005E+14    1.095412000000000E-01    0.000000000000000E+00    5.223477000000000E-01    4.283080000000000E-02    1.936979000000000E-03    1.166057000000000E-01    1.029482000000000E-02    9.816786000000000E-05    2.550713000000000E-03    6.203312000000000E-02    6.017602000000000E-02    1.618268000000000E-02    2.191292000000000E-02    0.000000000000000E+00    0.000000000000000E+00    0.000000000000000E+00    0.000000000000000E+00    0.000000000000000E+00    1.767102000000000E-02    0.000000000000000E+00    1.557999000000000E-02    1.993023732503333E+38    1.561442718506000E+11    3.583261057536667E+08
                       15    4.353977348850366E+29    3.030432086617622E+33    2.601204838658244E+14    1.784730237325033E+07    2.649819922549286E-13    1.708469958622885E-01    3.366955244659383E+03    2.868358072502586E+03    4.792934778849267E-03    1.519937989386128E+00    3.030649817498464E+33    2.610423394116198E+14    1.095412000000000E-01    0.000000000000000E+00    5.223477000000000E-01    4.283080000000000E-02    1.936979000000000E-03    1.166057000000000E-01    1.029482000000000E-02    9.816786000000000E-05    2.550713000000000E-03    6.203312000000000E-02    6.017602000000000E-02    1.618268000000000E-02    2.191292000000000E-02    0.000000000000000E+00    0.000000000000000E+00    0.000000000000000E+00    0.000000000000000E+00    0.000000000000000E+00    1.767102000000000E-02    0.000000000000000E+00    1.557999000000000E-02    2.107628479004000E+38    1.591442718506000E+11    3.657865804037334E+08
                       16    4.353227718329113E+29    3.030867548379305E+33    2.619641949574151E+14    1.798230237325034E+07    2.717792907782032E-13    1.708469958622885E-01    3.366955244659383E+03    2.868358072502586E+03    4.755934778849266E-03    1.517555568985772E+00    3.031087267670017E+33    2.628678244319342E+14    1.095412000000000E-01    0.000000000000000E+00    5.223477000000000E-01    4.283080000000000E-02    1.936979000000000E-03    1.166057000000000E-01    1.029482000000000E-02    9.816786000000000E-05    2.550713000000000E-03    6.203312000000000E-02    6.017602000000000E-02    1.618268000000000E-02    2.191292000000000E-02    0.000000000000000E+00    0.000000000000000E+00    0.000000000000000E+00    0.000000000000000E+00    0.000000000000000E+00    1.767102000000000E-02    0.000000000000000E+00    1.557999000000000E-02    2.227628479004000E+38    1.636047465006667E+11    3.752470550538000E+08
                       17    4.387722652765982E+29    3.031306986960730E+33    2.637714539064532E+14    1.811500000000000E+07    2.761953490026735E-13    1.708469958622885E-01    3.366955244659383E+03    2.868358072502586E+03    4.733474304199200E-03    1.515193513988578E+00    3.031527700456376E+33    2.646516935040261E+14    1.095412000000000E-01    0.000000000000000E+00    5.223477000000000E-01    4.283080000000000E-02    1.936979000000000E-03    1.166057000000000E-01    1.029482000000000E-02    9.816786000000000E-05    2.550713000000000E-03    6.203312000000000E-02    6.017602000000000E-02    1.618268000000000E-02    2.191292000000000E-02    0.000000000000000E+00    0.000000000000000E+00    0.000000000000000E+00    0.000000000000000E+00    0.000000000000000E+00    1.767102000000000E-02    0.000000000000000E+00    1.557999000000000E-02    2.352233225504667E+38    1.661442718506000E+11    3.807075297038667E+08
                       18    4.418169184706110E+29    3.031748413952025E+33    2.655319331015989E+14    1.825500000000000E+07    2.813302039147245E-13    1.708469958622885E-01    3.370560379484695E+03    2.868358072502586E+03    4.706013829549133E-03    1.512863438998287E+00    3.032003924620408E+33    2.665088022533219E+14    1.095412000000000E-01    0.000000000000000E+00    5.223477000000000E-01    4.283080000000000E-02    1.936979000000000E-03    1.166057000000000E-01    1.029482000000000E-02    9.816786000000000E-05    2.550713000000000E-03    6.203312000000000E-02    6.017602000000000E-02    1.618268000000000E-02    2.191292000000000E-02    0.000000000000000E+00    0.000000000000000E+00    0.000000000000000E+00    0.000000000000000E+00    0.000000000000000E+00    1.767102000000000E-02    0.000000000000000E+00    1.557999000000000E-02    2.472233225504667E+38    1.696047465006667E+11    3.881680043539333E+08
                       19    5.111157862382570E+29    3.032259435288793E+33    2.674856714050449E+14    1.840500000000000E+07    2.912167568326299E-13    1.708469958622885E-01    3.374716878095955E+03    2.868358072502586E+03    4.657474304199200E-03    1.510214290188332E+00    3.032547754720045E+33    2.685291206408502E+14    1.095412000000000E-01    0.000000000000000E+00    5.223477000000000E-01    4.283080000000000E-02    1.936979000000000E-03    1.166057000000000E-01    1.029482000000000E-02    9.816786000000000E-05    2.550713000000000E-03    6.203312000000000E-02    6.017602000000000E-02    1.618268000000000E-02    2.191292000000000E-02    0.000000000000000E+00    0.000000000000000E+00    0.000000000000000E+00    0.000000000000000E+00    0.000000000000000E+00    1.767102000000000E-02    0.000000000000000E+00    1.557999000000000E-02    2.612233225504666E+38    1.756047465006667E+11    4.010889536540667E+08
                       20    5.755046735121884E+29    3.032836074151296E+33    2.695725698766554E+14    1.855500000000000E+07    3.021456603762179E-13    1.716636136592656E-01    3.374716878095955E+03    2.871887689967784E+03    4.605474304199200E-03    1.507311156588620E+00    3.033122405172676E+33    2.705705203745682E+14    1.095412000000000E-01    0.000000000000000E+00    5.223477000000000E-01    4.283080000000000E-02    1.936979000000000E-03    1.166057000000000E-01    1.029482000000000E-02    9.816786000000000E-05    2.550713000000000E-03    6.203312000000000E-02    6.017602000000000E-02    1.618268000000000E-02    2.191292000000000E-02    0.000000000000000E+00    0.000000000000000E+00    0.000000000000000E+00    0.000000000000000E+00    0.000000000000000E+00    1.767102000000000E-02    0.000000000000000E+00    1.557999000000000E-02    2.776837972005333E+38    1.816047465006667E+11    4.150099029542000E+08
                       21    5.737739615607327E+29    3.033408736194057E+33    2.715684708724810E+14    1.870000000000000E+07    3.106106632749380E-13    1.724278236515462E-01    3.382496403945472E+03    2.874970320752371E+03    4.566013829549133E-03    1.504481294196730E+00    3.033697055625308E+33    2.725284847101376E+14    1.095412000000000E-01    0.000000000000000E+00    5.223477000000000E-01    4.283080000000000E-02    1.936979000000000E-03    1.166057000000000E-01    1.029482000000000E-02    9.816786000000000E-05    2.550713000000000E-03    6.203312000000000E-02    6.017602000000000E-02    1.618268000000000E-02    2.191292000000000E-02    0.000000000000000E+00    0.000000000000000E+00    0.000000000000000E+00    0.000000000000000E+00    0.000000000000000E+00    1.767102000000000E-02    0.000000000000000E+00    1.557999000000000E-02    2.936837972005333E+38    1.870652211507333E+11    4.259308522543334E+08
                       22    5.757788752333577E+29    3.033985375056560E+33    2.734884985477943E+14    1.884000000000000E+07    3.196619014405290E-13    1.724278236515462E-01    3.382496403945472E+03    2.874970320752371E+03    4.525013829549134E-03    1.501704882092257E+00    3.034273694487811E+33    2.744197640457108E+14    1.095412000000000E-01    0.000000000000000E+00    5.223477000000000E-01    4.283080000000000E-02    1.936979000000000E-03    1.166057000000000E-01    1.029482000000000E-02    9.816786000000000E-05    2.550713000000000E-03    6.203312000000000E-02    6.017602000000000E-02    1.618268000000000E-02    2.191292000000000E-02    0.000000000000000E+00    0.000000000000000E+00    0.000000000000000E+00    0.000000000000000E+00    0.000000000000000E+00    1.767102000000000E-02    0.000000000000000E+00    1.557999000000000E-02    3.096837972005333E+38    1.926047465006667E+11    4.378518015544667E+08
                       23    5.761829201190834E+29    3.034562013919061E+33    2.753510295436273E+14    1.897730237325034E+07    3.252492928442129E-13    1.724278236515462E-01    3.382496403945472E+03    2.874970320752371E+03    4.503013829549133E-03    1.498977831531555E+00    3.034850333350313E+33    2.762546134183823E+14    1.095412000000000E-01    0.000000000000000E+00    5.223477000000000E-01    4.283080000000000E-02    1.936979000000000E-03    1.166057000000000E-01    1.029482000000000E-02    9.816786000000000E-05    2.550713000000000E-03    6.203312000000000E-02    6.017602000000000E-02    1.618268000000000E-02    2.191292000000000E-02    0.000000000000000E+00    0.000000000000000E+00    0.000000000000000E+00    0.000000000000000E+00    0.000000000000000E+00    1.767102000000000E-02    0.000000000000000E+00    1.557999000000000E-02    3.251442718506000E+38    1.960652211507333E+11    4.458518015544667E+08
                       24    5.775960830141886E+29    3.035138652781564E+33    2.771581972931373E+14    1.910730237325033E+07    3.312961286618069E-13    1.724278236515462E-01    3.386118179317063E+03    2.874970320752371E+03    4.476474304199200E-03    1.496298499706740E+00    3.035428960622687E+33    2.780172710542189E+14    1.095412000000000E-01    0.000000000000000E+00    5.223477000000000E-01    4.283080000000000E-02    1.936979000000000E-03    1.166057000000000E-01    1.029482000000000E-02    9.816786000000000E-05    2.550713000000000E-03    6.203312000000000E-02    6.017602000000000E-02    1.618268000000000E-02    2.191292000000000E-02    0.000000000000000E+00    0.000000000000000E+00    0.000000000000000E+00    0.000000000000000E+00    0.000000000000000E+00    1.767102000000000E-02    0.000000000000000E+00    1.557999000000000E-02    3.411442718506000E+38    2.000652211507333E+11    4.547727508546001E+08
                       25    5.809885090945866E+29    3.035719268463809E+33    2.788763448153006E+14    1.923500000000000E+07    3.461117641625646E-13    1.724278236515462E-01    3.390293863454206E+03    2.874970320752371E+03    4.417553354899066E-03    1.493672282382875E+00    3.036009576304930E+33    2.797085078872002E+14    1.095412000000000E-01    0.000000000000000E+00    5.223477000000000E-01    4.283080000000000E-02    1.936979000000000E-03    1.166057000000000E-01    1.029482000000000E-02    9.816786000000000E-05    2.550713000000000E-03    6.203312000000000E-02    6.017602000000000E-02    1.618268000000000E-02    2.191292000000000E-02    0.000000000000000E+00    0.000000000000000E+00    0.000000000000000E+00    0.000000000000000E+00    0.000000000000000E+00    1.767102000000000E-02    0.000000000000000E+00    1.557999000000000E-02    3.576047465006667E+38    2.085256958008000E+11    4.736937001547334E+08
                       26    5.796379811104085E+29    3.036299884146052E+33    2.805406709590998E+14    1.936500000000000E+07    3.513102963272444E-13    1.724278236515462E-01    3.390293863454206E+03    2.874970320752371E+03    4.397092880249000E-03    1.491102170030294E+00    3.036586215167433E+33    2.813627735768632E+14    1.095412000000000E-01    0.000000000000000E+00    5.223477000000000E-01    4.283080000000000E-02    1.936979000000000E-03    1.166057000000000E-01    1.029482000000000E-02    9.816786000000000E-05    2.550713000000000E-03    6.203312000000000E-02    6.017602000000000E-02    1.618268000000000E-02    2.191292000000000E-02    0.000000000000000E+00    0.000000000000000E+00    0.000000000000000E+00    0.000000000000000E+00    0.000000000000000E+00    1.767102000000000E-02    0.000000000000000E+00    1.557999000000000E-02    3.736047465006667E+38    2.115256958008000E+11    4.806146494548667E+08
                       27    5.733812506112700E+29    3.036872546188813E+33    2.821848761946265E+14    1.948500000000000E+07    3.480894641707780E-13    1.724278236515462E-01    3.390293863454206E+03    2.874970320752371E+03    4.410553354899066E-03    1.488578671583082E+00    3.037158877210194E+33    2.829796848331216E+14    1.095412000000000E-01    0.000000000000000E+00    5.223477000000000E-01    4.283080000000000E-02    1.936979000000000E-03    1.166057000000000E-01    1.029482000000000E-02    9.816786000000000E-05    2.550713000000000E-03    6.203312000000000E-02    6.017602000000000E-02    1.618268000000000E-02    2.191292000000000E-02    0.000000000000000E+00    0.000000000000000E+00    0.000000000000000E+00    0.000000000000000E+00    0.000000000000000E+00    1.767102000000000E-02    0.000000000000000E+00    1.557999000000000E-02    3.890652211507333E+38    2.095256958008000E+11    4.771541748048000E+08
                       28    5.733744900177096E+29    3.037445208231574E+33    2.837744934716166E+14    1.960500000000000E+07    3.566287579146692E-13    1.724278236515462E-01    3.393923987880295E+03    2.874970320752371E+03    4.378013829549133E-03    1.486097485316636E+00    3.037734521867761E+33    2.845516292150241E+14    1.095412000000000E-01    0.000000000000000E+00    5.223477000000000E-01    4.283080000000000E-02    1.936979000000000E-03    1.166057000000000E-01    1.029482000000000E-02    9.816786000000000E-05    2.550713000000000E-03    6.203312000000000E-02    6.017602000000000E-02    1.618268000000000E-02    2.191292000000000E-02    0.000000000000000E+00    0.000000000000000E+00    0.000000000000000E+00    0.000000000000000E+00    0.000000000000000E+00    1.767102000000000E-02    0.000000000000000E+00    1.557999000000000E-02    4.050652211507333E+38    2.145256958008000E+11    4.886146494548667E+08
                       29    5.771687737329757E+29    3.038023835503947E+33    2.853287649584317E+14    1.972500000000000E+07    3.636561013169462E-13    1.724278236515462E-01    3.398109297963511E+03    2.874970320752371E+03    4.352632405598933E-03    1.483638111639813E+00    3.038312154935198E+33    2.860873949279922E+14    1.095412000000000E-01    0.000000000000000E+00    5.223477000000000E-01    4.283080000000000E-02    1.936979000000000E-03    1.166057000000000E-01    1.029482000000000E-02    9.816786000000000E-05    2.550713000000000E-03    6.203312000000000E-02    6.017602000000000E-02    1.618268000000000E-02    2.191292000000000E-02    0.000000000000000E+00    0.000000000000000E+00    0.000000000000000E+00    0.000000000000000E+00    0.000000000000000E+00    1.767102000000000E-02    0.000000000000000E+00    1.557999000000000E-02    4.210652211507333E+38    2.189861704508667E+11    4.975355987550000E+08
                       30    5.775425947886668E+29    3.038600474366450E+33    2.868460248975527E+14    1.984000000000000E+07    3.691614651679536E-13    1.724278236515462E-01    3.398109297963511E+03    2.874970320752371E+03    4.333553354899066E-03    1.481211530999106E+00    3.038888793797701E+33    2.875945350901772E+14    1.095412000000000E-01    0.000000000000000E+00    5.223477000000000E-01    4.283080000000000E-02    1.936979000000000E-03    1.166057000000000E-01    1.029482000000000E-02    9.816786000000000E-05    2.550713000000000E-03    6.203312000000000E-02    6.017602000000000E-02    1.618268000000000E-02    2.191292000000000E-02    0.000000000000000E+00    0.000000000000000E+00    0.000000000000000E+00    0.000000000000000E+00    0.000000000000000E+00    1.767102000000000E-02    0.000000000000000E+00    1.557999000000000E-02    4.375256958008000E+38    2.225256958008000E+11    5.049960734050667E+08
                       31    5.765024575853047E+29    3.039177113228952E+33    2.883430452828018E+14    1.995500000000000E+07    3.695650376177999E-13    1.724278236515462E-01    3.398109297963511E+03    2.874970320752371E+03    4.331171930948867E-03    1.478816136063669E+00    3.039467421070074E+33    2.890804378757235E+14    1.095412000000000E-01    0.000000000000000E+00    5.223477000000000E-01    4.283080000000000E-02    1.936979000000000E-03    1.166057000000000E-01    1.029482000000000E-02    9.816786000000000E-05    2.550713000000000E-03    6.203312000000000E-02    6.017602000000000E-02    1.618268000000000E-02    2.191292000000000E-02    0.000000000000000E+00    0.000000000000000E+00    0.000000000000000E+00    0.000000000000000E+00    0.000000000000000E+00    1.767102000000000E-02    0.000000000000000E+00    1.557999000000000E-02    4.535256958008000E+38    2.229861704508667E+11    5.064565480551333E+08
                       32    5.809354185510390E+29    3.039757728911196E+33    2.898178304686452E+14    2.006500000000000E+07    3.747061994108914E-13    1.724278236515462E-01    3.398109297963511E+03    2.874970320752371E+03    4.313632405598933E-03    1.476433154014450E+00    3.040052013572059E+33    2.905607913684590E+14    1.095412000000000E-01    0.000000000000000E+00    5.223477000000000E-01    4.283080000000000E-02    1.936979000000000E-03    1.166057000000000E-01    1.029482000000000E-02    9.816786000000000E-05    2.550713000000000E-03    6.203312000000000E-02    6.017602000000000E-02    1.618268000000000E-02    2.191292000000000E-02    0.000000000000000E+00    0.000000000000000E+00    0.000000000000000E+00    0.000000000000000E+00    0.000000000000000E+00    1.767102000000000E-02    0.000000000000000E+00    1.557999000000000E-02    4.695256958008000E+38    2.259861704508666E+11    5.124565480551333E+08
                       33    5.870563406560088E+29    3.040346298232923E+33    2.913037522682728E+14    2.018000000000000E+07    3.721267400777707E-13    1.724278236515462E-01    3.398109297963511E+03    2.874970320752371E+03    4.322553354899067E-03    1.474043733439700E+00    3.040634617664174E+33    2.920215181331854E+14    1.095412000000000E-01    0.000000000000000E+00    5.223477000000000E-01    4.283080000000000E-02    1.936979000000000E-03    1.166057000000000E-01    1.029482000000000E-02    9.816786000000000E-05    2.550713000000000E-03    6.203312000000000E-02    6.017602000000000E-02    1.618268000000000E-02    2.191292000000000E-02    0.000000000000000E+00    0.000000000000000E+00    0.000000000000000E+00    0.000000000000000E+00    0.000000000000000E+00    1.767102000000000E-02    0.000000000000000E+00    1.557999000000000E-02    4.859861704508667E+38    2.239861704508666E+11    5.099960734050667E+08
                       34    5.781363339760573E+29    3.040922937095425E+33    2.927392839980981E+14    2.029500000000000E+07    3.764357646433868E-13    1.724278236515462E-01    3.398109297963511E+03    2.874970320752371E+03    4.306171930948866E-03    1.471717528661076E+00    3.041207279706935E+33    2.934250538096360E+14    1.095412000000000E-01    0.000000000000000E+00    5.223477000000000E-01    4.283080000000000E-02    1.936979000000000E-03    1.166057000000000E-01    1.029482000000000E-02    9.816786000000000E-05    2.550713000000000E-03    6.203312000000000E-02    6.017602000000000E-02    1.618268000000000E-02    2.191292000000000E-02    0.000000000000000E+00    0.000000000000000E+00    0.000000000000000E+00    0.000000000000000E+00    0.000000000000000E+00    1.767102000000000E-02    0.000000000000000E+00    1.557999000000000E-02    5.019861704508667E+38    2.269861704508667E+11    5.159170227052001E+08
                       35    5.682996703457140E+29    3.041491622318444E+33    2.941108236211739E+14    2.040000000000000E+07    3.834342280213201E-13    1.724278236515462E-01    3.401747790690653E+03    2.874970320752371E+03    4.284171930948866E-03    1.469465262562981E+00    3.041777953339825E+33    2.948008715733618E+14    1.095412000000000E-01    0.000000000000000E+00    5.223477000000000E-01    4.283080000000000E-02    1.936979000000000E-03    1.166057000000000E-01    1.029482000000000E-02    9.816786000000000E-05    2.550713000000000E-03    6.203312000000000E-02    6.017602000000000E-02    1.618268000000000E-02    2.191292000000000E-02    0.000000000000000E+00    0.000000000000000E+00    0.000000000000000E+00    0.000000000000000E+00    0.000000000000000E+00    1.767102000000000E-02    0.000000000000000E+00    1.557999000000000E-02    5.184466451009333E+38    2.309861704508667E+11    5.238379720053334E+08
                       36    5.719446244796906E+29    3.042064284361205E+33    2.954909195255496E+14    2.050000000000000E+07    3.790450927078701E-13    1.724278236515462E-01    3.401747790690653E+03    2.874970320752371E+03    4.299092880249000E-03    1.467217035582288E+00    3.042351609587522E+33    2.961819742868226E+14    1.095412000000000E-01    0.000000000000000E+00    5.223477000000000E-01    4.283080000000000E-02    1.936979000000000E-03    1.166057000000000E-01    1.029482000000000E-02    9.816786000000000E-05    2.550713000000000E-03    6.203312000000000E-02    6.017602000000000E-02    1.618268000000000E-02    2.191292000000000E-02    0.000000000000000E+00    0.000000000000000E+00    0.000000000000000E+00    0.000000000000000E+00    0.000000000000000E+00    1.767102000000000E-02    0.000000000000000E+00    1.557999000000000E-02    5.339071197510000E+38    2.279861704508667E+11    5.189170227052000E+08
                       37    5.750274551432209E+29    3.042638934813838E+33    2.968730290480955E+14    2.060500000000000E+07    3.764357646433868E-13    1.724278236515462E-01    3.401747790690653E+03    2.874970320752371E+03    4.308092880249000E-03    1.464976354253396E+00    3.042926260040154E+33    2.975529440374547E+14    1.095412000000000E-01    0.000000000000000E+00    5.223477000000000E-01    4.283080000000000E-02    1.936979000000000E-03    1.166057000000000E-01    1.029482000000000E-02    9.816786000000000E-05    2.550713000000000E-03    6.203312000000000E-02    6.017602000000000E-02    1.618268000000000E-02    2.191292000000000E-02    0.000000000000000E+00    0.000000000000000E+00    0.000000000000000E+00    0.000000000000000E+00    0.000000000000000E+00    1.767102000000000E-02    0.000000000000000E+00    1.557999000000000E-02    5.499071197509999E+38    2.269861704508667E+11    5.159170227052001E+08
                       38    5.749505036812249E+29    3.043213585266469E+33    2.982328590268139E+14    2.071000000000000E+07    3.790450927078701E-13    1.724278236515462E-01    3.401747790690653E+03    2.874970320752371E+03    4.299171930948867E-03    1.462761134050396E+00    3.043501904697721E+33    2.989052812889019E+14    1.095412000000000E-01    0.000000000000000E+00    5.223477000000000E-01    4.283080000000000E-02    1.936979000000000E-03    1.166057000000000E-01    1.029482000000000E-02    9.816786000000000E-05    2.550713000000000E-03    6.203312000000000E-02    6.017602000000000E-02    1.618268000000000E-02    2.191292000000000E-02    0.000000000000000E+00    0.000000000000000E+00    0.000000000000000E+00    0.000000000000000E+00    0.000000000000000E+00    1.767102000000000E-02    0.000000000000000E+00    1.557999000000000E-02    5.659071197510000E+38    2.279861704508667E+11    5.193774973552667E+08
                       39    5.763328462233342E+29    3.043790224128971E+33    2.995777035509898E+14    2.081000000000000E+07    3.803788499109504E-13    1.724278236515462E-01    3.405942748910041E+03    2.874970320752371E+03    4.294632405598933E-03    1.460564887155148E+00    3.044080531970093E+33    3.002440744878372E+14    1.095412000000000E-01    0.000000000000000E+00    5.223477000000000E-01    4.283080000000000E-02    1.936979000000000E-03    1.166057000000000E-01    1.029482000000000E-02    9.816786000000000E-05    2.550713000000000E-03    6.203312000000000E-02    6.017602000000000E-02    1.618268000000000E-02    2.191292000000000E-02    0.000000000000000E+00    0.000000000000000E+00    0.000000000000000E+00    0.000000000000000E+00    0.000000000000000E+00    1.767102000000000E-02    0.000000000000000E+00    1.557999000000000E-02    5.823675944010667E+38    2.289861704508667E+11    5.213774973552667E+08
                       40    5.810567115531515E+29    3.044370839811215E+33    3.009104454246846E+14    2.091000000000000E+07    3.830155101367633E-13    1.724278236515462E-01    3.405942748910041E+03    2.874970320752371E+03    4.286171930948867E-03    1.458377651318256E+00    3.044661147652338E+33    3.015624654013412E+14    1.095412000000000E-01    0.000000000000000E+00    5.223477000000000E-01    4.283080000000000E-02    1.936979000000000E-03    1.166057000000000E-01    1.029482000000000E-02    9.816786000000000E-05    2.550713000000000E-03    6.203312000000000E-02    6.017602000000000E-02    1.618268000000000E-02    2.191292000000000E-02    0.000000000000000E+00    0.000000000000000E+00    0.000000000000000E+00    0.000000000000000E+00    0.000000000000000E+00    1.767102000000000E-02    0.000000000000000E+00    1.557999000000000E-02    5.983675944010667E+38    2.309861704508667E+11    5.248379720053334E+08
                       41    5.797863164867625E+29    3.044951455493459E+33    3.022144853779979E+14    2.101000000000000E+07    3.843181352041249E-13    1.724278236515462E-01    3.405942748910041E+03    2.874970320752371E+03    4.280632405598932E-03    1.456233039218965E+00    3.045237786514839E+33    3.028501702810061E+14    1.095412000000000E-01    0.000000000000000E+00    5.223477000000000E-01    4.283080000000000E-02    1.936979000000000E-03    1.166057000000000E-01    1.029482000000000E-02    9.816786000000000E-05    2.550713000000000E-03    6.203312000000000E-02    6.017602000000000E-02    1.618268000000000E-02    2.191292000000000E-02    0.000000000000000E+00    0.000000000000000E+00    0.000000000000000E+00    0.000000000000000E+00    0.000000000000000E+00    1.767102000000000E-02    0.000000000000000E+00    1.557999000000000E-02    6.143675944010667E+38    2.319861704508667E+11    5.268379720053334E+08
                       42    5.726023904649175E+29    3.045524117536220E+33    3.034858551840143E+14    2.111000000000000E+07    3.865595090176616E-13    1.724278236515462E-01    3.405942748910041E+03    2.874970320752371E+03    4.274092880249000E-03    1.454133131704296E+00    3.045809454352665E+33    3.041169540193736E+14    1.095412000000000E-01    0.000000000000000E+00    5.223477000000000E-01    4.283080000000000E-02    1.936979000000000E-03    1.166057000000000E-01    1.029482000000000E-02    9.816786000000000E-05    2.550713000000000E-03    6.203312000000000E-02    6.017602000000000E-02    1.618268000000000E-02    2.191292000000000E-02    0.000000000000000E+00    0.000000000000000E+00    0.000000000000000E+00    0.000000000000000E+00    0.000000000000000E+00    1.767102000000000E-02    0.000000000000000E+00    1.557999000000000E-02    6.298280690511332E+38    2.329861704508666E+11    5.298379720053334E+08
                       43    5.711641736054416E+29    3.046094791169111E+33    3.047480528547330E+14    2.120730237325033E+07    3.878741871263725E-13    1.724278236515462E-01    3.405942748910041E+03    2.874970320752371E+03    4.268632405598933E-03    1.452044009594149E+00    3.046382116395426E+33    3.053788206723075E+14    1.095412000000000E-01    0.000000000000000E+00    5.223477000000000E-01    4.283080000000000E-02    1.936979000000000E-03    1.166057000000000E-01    1.029482000000000E-02    9.816786000000000E-05    2.550713000000000E-03    6.203312000000000E-02    6.017602000000000E-02    1.618268000000000E-02    2.191292000000000E-02    0.000000000000000E+00    0.000000000000000E+00    0.000000000000000E+00    0.000000000000000E+00    0.000000000000000E+00    1.767102000000000E-02    0.000000000000000E+00    1.557999000000000E-02    6.462885437012000E+38    2.339861704508666E+11    5.318379720053334E+08
                       44    5.750024011788501E+29    3.046669441621742E+33    3.060095884898819E+14    2.130730237325034E+07    3.878741871263725E-13    1.724278236515462E-01    3.405942748910041E+03    2.874970320752371E+03    4.268632405598933E-03    1.449955969782254E+00    3.046957761052993E+33    3.066355473680889E+14    1.095412000000000E-01    0.000000000000000E+00    5.223477000000000E-01    4.283080000000000E-02    1.936979000000000E-03    1.166057000000000E-01    1.029482000000000E-02    9.816786000000000E-05    2.550713000000000E-03    6.203312000000000E-02    6.017602000000000E-02    1.618268000000000E-02    2.191292000000000E-02    0.000000000000000E+00    0.000000000000000E+00    0.000000000000000E+00    0.000000000000000E+00    0.000000000000000E+00    1.767102000000000E-02    0.000000000000000E+00    1.557999000000000E-02    6.622885437012000E+38    2.339861704508666E+11    5.318379720053334E+08
                       45    5.761141211375574E+29    3.047246080484245E+33    3.072615062462959E+14    2.141000000000000E+07    3.891938509748329E-13    1.724278236515462E-01    3.405942748910041E+03    2.874970320752371E+03    4.265171930948866E-03    1.447878546556424E+00    3.047524457866142E+33    3.078740331110871E+14    1.095412000000000E-01    0.000000000000000E+00    5.223477000000000E-01    4.283080000000000E-02    1.936979000000000E-03    1.166057000000000E-01    1.029482000000000E-02    9.816786000000000E-05    2.550713000000000E-03    6.203312000000000E-02    6.017602000000000E-02    1.618268000000000E-02    2.191292000000000E-02    0.000000000000000E+00    0.000000000000000E+00    0.000000000000000E+00    0.000000000000000E+00    0.000000000000000E+00    1.767102000000000E-02    0.000000000000000E+00    1.557999000000000E-02    6.782885437012000E+38    2.344466451009333E+11    5.332984466554000E+08
                       46    5.572405323268657E+29    3.047802835248040E+33    3.084865599758784E+14    2.152500000000000E+07    3.816725077704226E-13    1.724278236515462E-01    3.405942748910041E+03    2.874970320752371E+03    4.291711456298799E-03    1.445872567107011E+00    3.048205488246856E+33    3.093459593747829E+14    1.095412000000000E-01    0.000000000000000E+00    5.223477000000000E-01    4.283080000000000E-02    1.936979000000000E-03    1.166057000000000E-01    1.029482000000000E-02    9.816786000000000E-05    2.550713000000000E-03    6.203312000000000E-02    6.017602000000000E-02    1.618268000000000E-02    2.191292000000000E-02    0.000000000000000E+00    0.000000000000000E+00    0.000000000000000E+00    0.000000000000000E+00    0.000000000000000E+00    1.767102000000000E-02    0.000000000000000E+00    1.557999000000000E-02    6.937490183512668E+38    2.299861704508667E+11    5.238379720053334E+08
                       47    8.054988733901681E+29    3.048608141245673E+33    3.102053587736873E+14    2.167000000000000E+07    3.950853066554140E-13    1.724278236515462E-01    3.405942748910041E+03    2.874970320752371E+03    4.244632405598933E-03    1.442991089854341E+00    3.049169867034146E+33    3.113392435189726E+14    1.095412000000000E-01    0.000000000000000E+00    5.223477000000000E-01    4.283080000000000E-02    1.936979000000000E-03    1.166057000000000E-01    1.029482000000000E-02    9.816786000000000E-05    2.550713000000000E-03    6.203312000000000E-02    6.017602000000000E-02    1.618268000000000E-02    2.191292000000000E-02    0.000000000000000E+00    0.000000000000000E+00    0.000000000000000E+00    0.000000000000000E+00    0.000000000000000E+00    1.767102000000000E-02    0.000000000000000E+00    1.557999000000000E-02    7.167490183512666E+38    2.379861704508667E+11    5.412984466554000E+08
                       48    1.123971347284599E+30    3.049731592822618E+33    3.124731282642579E+14    2.183500000000000E+07    4.057106059130465E-13    1.732519975199666E-01    3.405942748910041E+03    2.878508074826149E+03    4.210553354899066E-03    1.439118259129674E+00    3.050306243275249E+33    3.136316090786541E+14    1.095412000000000E-01    0.000000000000000E+00    5.223477000000000E-01    4.283080000000000E-02    1.936979000000000E-03    1.166057000000000E-01    1.029482000000000E-02    9.816786000000000E-05    2.550713000000000E-03    6.203312000000000E-02    6.017602000000000E-02    1.618268000000000E-02    2.191292000000000E-02    0.000000000000000E+00    0.000000000000000E+00    0.000000000000000E+00    0.000000000000000E+00    0.000000000000000E+00    1.767102000000000E-02    0.000000000000000E+00    1.557999000000000E-02    7.482094930013334E+38    2.444466451009333E+11    5.552193959555334E+08
                       49    1.147913790537674E+30    3.050880893727881E+33    3.147900898930504E+14    2.201000000000000E+07    3.996601788925883E-13    1.732519975199666E-01    3.405942748910041E+03    2.878508074826149E+03    4.231092880248999E-03    1.435201508709983E+00    3.051457532590384E+33    3.159424305936179E+14    1.095412000000000E-01    0.000000000000000E+00    5.223477000000000E-01    4.283080000000000E-02    1.936979000000000E-03    1.166057000000000E-01    1.029482000000000E-02    9.816786000000000E-05    2.550713000000000E-03    6.203312000000000E-02    6.017602000000000E-02    1.618268000000000E-02    2.191292000000000E-02    0.000000000000000E+00    0.000000000000000E+00    0.000000000000000E+00    0.000000000000000E+00    0.000000000000000E+00    1.767102000000000E-02    0.000000000000000E+00    1.557999000000000E-02    7.806699676513999E+38    2.404466451009333E+11    5.472193959555334E+08
                       50    1.153159414617563E+30    3.052034171452886E+33    3.170947712941852E+14    2.218500000000000E+07    3.969089375730106E-13    1.724278236515462E-01    3.405942748910041E+03    2.874970320752371E+03    4.237171930948866E-03    1.431326816380293E+00    3.052613792930195E+33    3.182429659111735E+14    1.095412000000000E-01    0.000000000000000E+00    5.223477000000000E-01    4.283080000000000E-02    1.936979000000000E-03    1.166057000000000E-01    1.029482000000000E-02    9.816786000000000E-05    2.550713000000000E-03    6.203312000000000E-02    6.017602000000000E-02    1.618268000000000E-02    2.191292000000000E-02    0.000000000000000E+00    0.000000000000000E+00    0.000000000000000E+00    0.000000000000000E+00    0.000000000000000E+00    1.767102000000000E-02    0.000000000000000E+00    1.557999000000000E-02    8.126699676514000E+38    2.389861704508667E+11    5.412984466554000E+08
                       51    1.160629273978814E+30    3.053193414407503E+33    3.193911605281618E+14    2.235500000000000E+07    3.950853066554140E-13    1.724278236515462E-01    3.405942748910041E+03    2.874970320752371E+03    4.240632405598932E-03    1.427480651392993E+00    3.053769059065070E+33    3.205146498392705E+14    1.095412000000000E-01    0.000000000000000E+00    5.223477000000000E-01    4.283080000000000E-02    1.936979000000000E-03    1.166057000000000E-01    1.029482000000000E-02    9.816786000000000E-05    2.550713000000000E-03    6.203312000000000E-02    6.017602000000000E-02    1.618268000000000E-02    2.191292000000000E-02    0.000000000000000E+00    0.000000000000000E+00    0.000000000000000E+00    0.000000000000000E+00    0.000000000000000E+00    1.767102000000000E-02    0.000000000000000E+00    1.557999000000000E-02    8.445909169515333E+38    2.379861704508667E+11    5.372984466554000E+08
                       52    1.150280594806766E+30    3.054344703722637E+33    3.216381391503793E+14    2.252500000000000E+07    3.937461868558178E-13    1.724278236515462E-01    3.405942748910041E+03    2.874970320752371E+03    4.246632405598933E-03    1.423724638879904E+00    3.054915377355526E+33    3.227360890597834E+14    1.095412000000000E-01    0.000000000000000E+00    5.223477000000000E-01    4.283080000000000E-02    1.936979000000000E-03    1.166057000000000E-01    1.029482000000000E-02    9.816786000000000E-05    2.550713000000000E-03    6.203312000000000E-02    6.017602000000000E-02    1.618268000000000E-02    2.191292000000000E-02    0.000000000000000E+00    0.000000000000000E+00    0.000000000000000E+00    0.000000000000000E+00    0.000000000000000E+00    1.767102000000000E-02    0.000000000000000E+00    1.557999000000000E-02    8.760513916015999E+38    2.369861704508667E+11    5.362984466554000E+08
                       53    1.141911775342972E+30    3.055486050988418E+33    3.238340389691875E+14    2.269500000000000E+07    3.950853066554140E-13    1.724278236515462E-01    3.405942748910041E+03    2.874970320752371E+03    4.242171930948866E-03    1.420045476193351E+00    3.056061695645985E+33    3.249263605617251E+14    1.095412000000000E-01    0.000000000000000E+00    5.223477000000000E-01    4.283080000000000E-02    1.936979000000000E-03    1.166057000000000E-01    1.029482000000000E-02    9.816786000000000E-05    2.550713000000000E-03    6.203312000000000E-02    6.017602000000000E-02    1.618268000000000E-02    2.191292000000000E-02    0.000000000000000E+00    0.000000000000000E+00    0.000000000000000E+00    0.000000000000000E+00    0.000000000000000E+00    1.767102000000000E-02    0.000000000000000E+00    1.557999000000000E-02    9.075118662516666E+38    2.379861704508667E+11    5.387589213054667E+08
                       54    1.150111778808744E+30    3.056637340303552E+33    3.260186821542628E+14    2.286500000000000E+07    3.941766356654593E-13    1.724278236515462E-01    3.405942748910041E+03    2.874970320752371E+03    4.245711456298800E-03    1.416390568064888E+00    3.057214973370989E+33    3.271029984230400E+14    1.095412000000000E-01    0.000000000000000E+00    5.223477000000000E-01    4.283080000000000E-02    1.936979000000000E-03    1.166057000000000E-01    1.029482000000000E-02    9.816786000000000E-05    2.550713000000000E-03    6.203312000000000E-02    6.017602000000000E-02    1.618268000000000E-02    2.191292000000000E-02    0.000000000000000E+00    0.000000000000000E+00    0.000000000000000E+00    0.000000000000000E+00    0.000000000000000E+00    1.767102000000000E-02    0.000000000000000E+00    1.557999000000000E-02    9.395118662516666E+38    2.374466451009333E+11    5.377589213054667E+08
                       55    1.156120355756019E+30    3.057792606438428E+33    3.281873146918172E+14    2.303000000000000E+07    3.941766356654593E-13    1.724278236515462E-01    3.405942748910041E+03    2.874970320752371E+03    4.247171930948866E-03    1.412761158424825E+00    3.058371233710800E+33    3.292474496505228E+14    1.095412000000000E-01    0.000000000000000E+00    5.223477000000000E-01    4.283080000000000E-02    1.936979000000000E-03    1.166057000000000E-01    1.029482000000000E-02    9.816786000000000E-05    2.550713000000000E-03    6.203312000000000E-02    6.017602000000000E-02    1.618268000000000E-02    2.191292000000000E-02    0.000000000000000E+00    0.000000000000000E+00    0.000000000000000E+00    0.000000000000000E+00    0.000000000000000E+00    1.767102000000000E-02    0.000000000000000E+00    1.557999000000000E-02    9.709723409017333E+38    2.374466451009333E+11    5.377589213054667E+08
                       56    1.156540506761698E+30    3.058949860983174E+33    3.303075846092282E+14    2.319000000000000E+07    3.978239071693630E-13    1.724278236515462E-01    3.405942748910041E+03    2.874970320752371E+03    4.234171930948866E-03    1.409190840050818E+00    3.059527494050611E+33    3.313665600479404E+14    1.095412000000000E-01    0.000000000000000E+00    5.223477000000000E-01    4.283080000000000E-02    1.936979000000000E-03    1.166057000000000E-01    1.029482000000000E-02    9.816786000000000E-05    2.550713000000000E-03    6.203312000000000E-02    6.017602000000000E-02    1.618268000000000E-02    2.191292000000000E-02    0.000000000000000E+00    0.000000000000000E+00    0.000000000000000E+00    0.000000000000000E+00    0.000000000000000E+00    1.767102000000000E-02    0.000000000000000E+00    1.557999000000000E-02    1.004353764851933E+39    2.394466451009333E+11    5.427589213054667E+08
                       57    1.156948329626178E+30    3.060105127118050E+33    3.324255354866525E+14    2.335000000000000E+07    3.937461868558178E-13    1.724278236515462E-01    3.405942748910041E+03    2.874970320752371E+03    4.248171930948866E-03    1.405649234795312E+00    3.060685742800293E+33    3.334708247769206E+14    1.095412000000000E-01    0.000000000000000E+00    5.223477000000000E-01    4.283080000000000E-02    1.936979000000000E-03    1.166057000000000E-01    1.029482000000000E-02    9.816786000000000E-05    2.550713000000000E-03    6.203312000000000E-02    6.017602000000000E-02    1.618268000000000E-02    2.191292000000000E-02    0.000000000000000E+00    0.000000000000000E+00    0.000000000000000E+00    0.000000000000000E+00    0.000000000000000E+00    1.767102000000000E-02    0.000000000000000E+00    1.557999000000000E-02    1.033814239502000E+39    2.369861704508667E+11    5.372984466554000E+08
                       58    1.159644414569857E+30    3.061266358482537E+33    3.345161140671886E+14    2.351000000000000E+07    3.950853066554140E-13    1.724278236515462E-01    3.405942748910041E+03    2.874970320752371E+03    4.244171930948866E-03    1.402144878406843E+00    3.061844985754909E+33    3.355603185919516E+14    1.095412000000000E-01    0.000000000000000E+00    5.223477000000000E-01    4.283080000000000E-02    1.936979000000000E-03    1.166057000000000E-01    1.029482000000000E-02    9.816786000000000E-05    2.550713000000000E-03    6.203312000000000E-02    6.017602000000000E-02    1.618268000000000E-02    2.191292000000000E-02    0.000000000000000E+00    0.000000000000000E+00    0.000000000000000E+00    0.000000000000000E+00    0.000000000000000E+00    1.767102000000000E-02    0.000000000000000E+00    1.557999000000000E-02    1.063814239502000E+39    2.379861704508667E+11    5.387589213054667E+08
                       59    1.157204436817524E+30    3.062423613027283E+33    3.366045231167145E+14    2.367000000000000E+07    3.896645330285506E-13    1.724278236515462E-01    3.405942748910041E+03    2.874970320752371E+03    4.262092880249000E-03    1.398677572761554E+00    3.062998263479915E+33    3.376338248961537E+14    1.095412000000000E-01    0.000000000000000E+00    5.223477000000000E-01    4.283080000000000E-02    1.936979000000000E-03    1.166057000000000E-01    1.029482000000000E-02    9.816786000000000E-05    2.550713000000000E-03    6.203312000000000E-02    6.017602000000000E-02    1.618268000000000E-02    2.191292000000000E-02    0.000000000000000E+00    0.000000000000000E+00    0.000000000000000E+00    0.000000000000000E+00    0.000000000000000E+00    1.767102000000000E-02    0.000000000000000E+00    1.557999000000000E-02    1.103814239502000E+39    2.344466451009333E+11    5.318379720053334E+08
                       60    1.149020937153679E+30    3.063572913932546E+33    3.386631266755929E+14    2.382500000000000E+07    3.878741871263725E-13    1.724278236515462E-01    3.405942748910041E+03    2.874970320752371E+03    4.268171930948866E-03    1.395270643537434E+00    3.064147564385178E+33    3.396807473745581E+14    1.095412000000000E-01    0.000000000000000E+00    5.223477000000000E-01    4.283080000000000E-02    1.936979000000000E-03    1.166057000000000E-01    1.029482000000000E-02    9.816786000000000E-05    2.550713000000000E-03    6.203312000000000E-02    6.017602000000000E-02    1.618268000000000E-02    2.191292000000000E-02    0.000000000000000E+00    0.000000000000000E+00    0.000000000000000E+00    0.000000000000000E+00    0.000000000000000E+00    1.767102000000000E-02    0.000000000000000E+00    1.557999000000000E-02    1.133814239502000E+39    2.334466451009333E+11    5.298379720053334E+08
                       61    1.150840928708329E+30    3.064722214837810E+33    3.406983680735234E+14    2.398000000000000E+07    3.878741871263725E-13    1.724278236515462E-01    3.405942748910041E+03    2.874970320752371E+03    4.267171930948867E-03    1.391903158795057E+00    3.065300842110183E+33    3.417155401314568E+14    1.095412000000000E-01    0.000000000000000E+00    5.223477000000000E-01    4.283080000000000E-02    1.936979000000000E-03    1.166057000000000E-01    1.029482000000000E-02    9.816786000000000E-05    2.550713000000000E-03    6.203312000000000E-02    6.017602000000000E-02    1.618268000000000E-02    2.191292000000000E-02    0.000000000000000E+00    0.000000000000000E+00    0.000000000000000E+00    0.000000000000000E+00    0.000000000000000E+00    1.767102000000000E-02    0.000000000000000E+00    1.557999000000000E-02    1.163814239502000E+39    2.334466451009333E+11    5.298379720053334E+08
                       62    1.156798801203901E+30    3.065879469382557E+33    3.427327121893900E+14    2.413500000000000E+07    3.852040800034247E-13    1.724278236515462E-01    3.401747790690653E+03    2.874970320752371E+03    4.275632405598933E-03    1.388553681747430E+00    3.066467044499348E+33    3.437633516685034E+14    1.095412000000000E-01    0.000000000000000E+00    5.223477000000000E-01    4.283080000000000E-02    1.936979000000000E-03    1.166057000000000E-01    1.029482000000000E-02    9.816786000000000E-05    2.550713000000000E-03    6.203312000000000E-02    6.017602000000000E-02    1.618268000000000E-02    2.191292000000000E-02    0.000000000000000E+00    0.000000000000000E+00    0.000000000000000E+00    0.000000000000000E+00    0.000000000000000E+00    1.767102000000000E-02    0.000000000000000E+00    1.557999000000000E-02    1.193814239502000E+39    2.319861704508667E+11    5.263774973552667E+08
                       63    1.174631258606295E+30    3.067054619616139E+33    3.447939911476168E+14    2.429000000000000E+07    3.812557137197931E-13    1.724278236515462E-01    3.401747790690653E+03    2.874970320752371E+03    4.290632405598933E-03    1.385182823882976E+00    3.067650148372413E+33    3.458325939161569E+14    1.095412000000000E-01    0.000000000000000E+00    5.223477000000000E-01    4.283080000000000E-02    1.936979000000000E-03    1.166057000000000E-01    1.029482000000000E-02    9.816786000000000E-05    2.550713000000000E-03    6.203312000000000E-02    6.017602000000000E-02    1.618268000000000E-02    2.191292000000000E-02    0.000000000000000E+00    0.000000000000000E+00    0.000000000000000E+00    0.000000000000000E+00    0.000000000000000E+00    1.767102000000000E-02    0.000000000000000E+00    1.557999000000000E-02    1.228418986002667E+39    2.294466451009333E+11    5.213774973552667E+08
                       64    1.191540696146712E+30    3.068245677128687E+33    3.468711966846970E+14    2.445000000000000E+07    3.781733131862677E-13    1.724278236515462E-01    3.398109297963511E+03    2.874970320752371E+03    4.300632405598933E-03    1.381805565381117E+00    3.068841205884961E+33    3.478970320250561E+14    1.095412000000000E-01    0.000000000000000E+00    5.223477000000000E-01    4.283080000000000E-02    1.936979000000000E-03    1.166057000000000E-01    1.029482000000000E-02    9.816786000000000E-05    2.550713000000000E-03    6.203312000000000E-02    6.017602000000000E-02    1.618268000000000E-02    2.191292000000000E-02    0.000000000000000E+00    0.000000000000000E+00    0.000000000000000E+00    0.000000000000000E+00    0.000000000000000E+00    1.767102000000000E-02    0.000000000000000E+00    1.557999000000000E-02    1.263814239502000E+39    2.279861704508667E+11    5.169170227052000E+08
                       65    1.190933833454175E+30    3.069436734641235E+33    3.489228673654152E+14    2.460500000000000E+07    3.773035387019258E-13    1.724278236515462E-01    3.398109297963511E+03    2.874970320752371E+03    4.302632405598933E-03    1.378475966245666E+00    3.070033257602444E+33    3.499429974719052E+14    1.095412000000000E-01    0.000000000000000E+00    5.223477000000000E-01    4.283080000000000E-02    1.936979000000000E-03    1.166057000000000E-01    1.029482000000000E-02    9.816786000000000E-05    2.550713000000000E-03    6.203312000000000E-02    6.017602000000000E-02    1.618268000000000E-02    2.191292000000000E-02    0.000000000000000E+00    0.000000000000000E+00    0.000000000000000E+00    0.000000000000000E+00    0.000000000000000E+00    1.767102000000000E-02    0.000000000000000E+00    1.557999000000000E-02    1.293814239502000E+39    2.269861704508667E+11    5.159170227052001E+08
                       66    1.193360488860375E+30    3.070629780563654E+33    3.509631275783954E+14    2.476000000000000E+07    3.755699864097983E-13    1.724278236515462E-01    3.398109297963511E+03    2.874970320752371E+03    4.309632405598934E-03    1.375174722925328E+00    3.071248176033441E+33    3.520085396579322E+14    1.095412000000000E-01    0.000000000000000E+00    5.223477000000000E-01    4.283080000000000E-02    1.936979000000000E-03    1.166057000000000E-01    1.029482000000000E-02    9.816786000000000E-05    2.550713000000000E-03    6.203312000000000E-02    6.017602000000000E-02    1.618268000000000E-02    2.191292000000000E-02    0.000000000000000E+00    0.000000000000000E+00    0.000000000000000E+00    0.000000000000000E+00    0.000000000000000E+00    1.767102000000000E-02    0.000000000000000E+00    1.557999000000000E-02    1.328418986002667E+39    2.259861704508666E+11    5.129170227052000E+08
                       67    1.235837298200200E+30    3.071866571503228E+33    3.530539517374690E+14    2.492000000000000E+07    3.764357646433868E-13    1.716636136592656E-01    3.398109297963511E+03    2.871887689967784E+03    4.307171930948867E-03    1.371785818933220E+00    3.072502862661851E+33    3.541220713710342E+14    1.095412000000000E-01    0.000000000000000E+00    5.223477000000000E-01    4.283080000000000E-02    1.936979000000000E-03    1.166057000000000E-01    1.029482000000000E-02    9.816786000000000E-05    2.550713000000000E-03    6.203312000000000E-02    6.017602000000000E-02    1.618268000000000E-02    2.191292000000000E-02    0.000000000000000E+00    0.000000000000000E+00    0.000000000000000E+00    0.000000000000000E+00    0.000000000000000E+00    1.767102000000000E-02    0.000000000000000E+00    1.557999000000000E-02    1.358418986002667E+39    2.269861704508667E+11    5.139170227052000E+08
                       68    1.273626431269856E+30    3.073139153820475E+33    3.551901910045995E+14    2.508000000000000E+07    3.742970127090229E-13    1.716636136592656E-01    3.398109297963511E+03    2.871887689967784E+03    4.312632405598933E-03    1.368338537813173E+00    3.073776439184034E+33    3.562617963654090E+14    1.095412000000000E-01    0.000000000000000E+00    5.223477000000000E-01    4.283080000000000E-02    1.936979000000000E-03    1.166057000000000E-01    1.029482000000000E-02    9.816786000000000E-05    2.550713000000000E-03    6.203312000000000E-02    6.017602000000000E-02    1.618268000000000E-02    2.191292000000000E-02    0.000000000000000E+00    0.000000000000000E+00    0.000000000000000E+00    0.000000000000000E+00    0.000000000000000E+00    1.767102000000000E-02    0.000000000000000E+00    1.557999000000000E-02    1.398418986002666E+39    2.255256958008000E+11    5.114565480551333E+08
                       69    1.274594190353924E+30    3.074413724547593E+33    3.573334017262184E+14    2.523999999999999E+07    3.700124702343523E-13    1.716636136592656E-01    3.398109297963511E+03    2.871887689967784E+03    4.328632405598933E-03    1.364906916959352E+00    3.075055980935827E+33    3.584091140486898E+14    1.095412000000000E-01    0.000000000000000E+00    5.223477000000000E-01    4.283080000000000E-02    1.936979000000000E-03    1.166057000000000E-01    1.029482000000000E-02    9.816786000000000E-05    2.550713000000000E-03    6.203312000000000E-02    6.017602000000000E-02    1.618268000000000E-02    2.191292000000000E-02    0.000000000000000E+00    0.000000000000000E+00    0.000000000000000E+00    0.000000000000000E+00    0.000000000000000E+00    1.767102000000000E-02    0.000000000000000E+00    1.557999000000000E-02    1.428418986002667E+39    2.229861704508667E+11    5.054565480551333E+08
                       70    1.284521525474372E+30    3.075698237324064E+33    3.594848263711611E+14    2.540500000000000E+07    3.674653223056082E-13    1.716636136592656E-01    3.398109297963511E+03    2.871887689967784E+03    4.337632405598934E-03    1.361478745202144E+00    3.076356400991264E+33    3.605697823245279E+14    1.095412000000000E-01    0.000000000000000E+00    5.223477000000000E-01    4.283080000000000E-02    1.936979000000000E-03    1.166057000000000E-01    1.029482000000000E-02    9.816786000000000E-05    2.550713000000000E-03    6.203312000000000E-02    6.017602000000000E-02    1.618268000000000E-02    2.191292000000000E-02    0.000000000000000E+00    0.000000000000000E+00    0.000000000000000E+00    0.000000000000000E+00    0.000000000000000E+00    1.767102000000000E-02    0.000000000000000E+00    1.557999000000000E-02    1.468418986002667E+39    2.215256958008000E+11    5.019960734050667E+08
                       71    1.314949167520729E+30    3.077014564658465E+33    3.616547382778948E+14    2.557000000000000E+07    3.678670405084787E-13    1.708469958622885E-01    3.390293863454206E+03    2.868358072502586E+03    4.330632405598933E-03    1.358022966412510E+00    3.077680681965149E+33    3.627388901046835E+14    1.095412000000000E-01    0.000000000000000E+00    5.223477000000000E-01    4.283080000000000E-02    1.936979000000000E-03    1.166057000000000E-01    1.029482000000000E-02    9.816786000000000E-05    2.550713000000000E-03    6.203312000000000E-02    6.017602000000000E-02    1.618268000000000E-02    2.191292000000000E-02    0.000000000000000E+00    0.000000000000000E+00    0.000000000000000E+00    0.000000000000000E+00    0.000000000000000E+00    1.767102000000000E-02    0.000000000000000E+00    1.557999000000000E-02    1.508418986002666E+39    2.219861704508667E+11    4.989960734050667E+08
                       72    1.332566677816100E+30    3.078346799271833E+33    3.638230419314721E+14    2.572999999999999E+07    3.678670405084787E-13    1.708469958622885E-01    3.390293863454206E+03    2.868358072502586E+03    4.329171930948866E-03    1.354570919974043E+00    3.079010928168646E+33    3.648958239133841E+14    1.095412000000000E-01    0.000000000000000E+00    5.223477000000000E-01    4.283080000000000E-02    1.936979000000000E-03    1.166057000000000E-01    1.029482000000000E-02    9.816786000000000E-05    2.550713000000000E-03    6.203312000000000E-02    6.017602000000000E-02    1.618268000000000E-02    2.191292000000000E-02    0.000000000000000E+00    0.000000000000000E+00    0.000000000000000E+00    0.000000000000000E+00    0.000000000000000E+00    1.767102000000000E-02    0.000000000000000E+00    1.557999000000000E-02    1.538418986002667E+39    2.215256958008000E+11    4.979960734050667E+08
                       73    1.329243050717229E+30    3.079675057065460E+33    3.659686058952962E+14    2.589500000000000E+07    3.661768449872131E-13    1.708469958622885E-01    3.390293863454206E+03    2.868358072502586E+03    4.337632405598934E-03    1.351164135503395E+00    3.080361058470850E+33    3.670695424800352E+14    1.095412000000000E-01    0.000000000000000E+00    5.223477000000000E-01    4.283080000000000E-02    1.936979000000000E-03    1.166057000000000E-01    1.029482000000000E-02    9.816786000000000E-05    2.550713000000000E-03    6.203312000000000E-02    6.017602000000000E-02    1.618268000000000E-02    2.191292000000000E-02    0.000000000000000E+00    0.000000000000000E+00    0.000000000000000E+00    0.000000000000000E+00    0.000000000000000E+00    1.767102000000000E-02    0.000000000000000E+00    1.557999000000000E-02    1.578418986002667E+39    2.205256958008000E+11    4.949960734050667E+08
                       74    1.371752668819921E+30    3.081047059876241E+33    3.681704790647744E+14    2.607000000000000E+07    3.644944152089624E-13    1.708469958622885E-01    3.390293863454206E+03    2.868358072502586E+03    4.341632405598933E-03    1.347680794910229E+00    3.081785754143205E+33    3.693385398719188E+14    1.095412000000000E-01    0.000000000000000E+00    5.223477000000000E-01    4.283080000000000E-02    1.936979000000000E-03    1.166057000000000E-01    1.029482000000000E-02    9.816786000000000E-05    2.550713000000000E-03    6.203312000000000E-02    6.017602000000000E-02    1.618268000000000E-02    2.191292000000000E-02    0.000000000000000E+00    0.000000000000000E+00    0.000000000000000E+00    0.000000000000000E+00    0.000000000000000E+00    1.767102000000000E-02    0.000000000000000E+00    1.557999000000000E-02    1.618418986002667E+39    2.199861704508667E+11    4.939960734050667E+08
                       75    1.476310219255771E+30    3.082524448410170E+33    3.705066006790631E+14    2.625000000000000E+07    3.657769725118267E-13    1.708469958622885E-01    3.390293863454206E+03    2.868358072502586E+03    4.337632405598934E-03    1.343975415967372E+00    3.083283026775841E+33    3.716997989136847E+14    1.095412000000000E-01    0.000000000000000E+00    5.223477000000000E-01    4.283080000000000E-02    1.936979000000000E-03    1.166057000000000E-01    1.029482000000000E-02    9.816786000000000E-05    2.550713000000000E-03    6.203312000000000E-02    6.017602000000000E-02    1.618268000000000E-02    2.191292000000000E-02    0.000000000000000E+00    0.000000000000000E+00    0.000000000000000E+00    0.000000000000000E+00    0.000000000000000E+00    1.767102000000000E-02    0.000000000000000E+00    1.557999000000000E-02    1.658418986002667E+39    2.199861704508667E+11    4.949960734050667E+08
                       76    1.518545436796308E+30    3.084041605141512E+33    3.728929971483062E+14    2.642500000000000E+07    3.628197154933782E-13    1.708469958622885E-01    3.390293863454206E+03    2.868358072502586E+03    4.348632405598933E-03    1.340211421923468E+00    3.084808137146666E+33    3.740928836965593E+14    1.095412000000000E-01    0.000000000000000E+00    5.223477000000000E-01    4.283080000000000E-02    1.936979000000000E-03    1.166057000000000E-01    1.029482000000000E-02    9.816786000000000E-05    2.550713000000000E-03    6.203312000000000E-02    6.017602000000000E-02    1.618268000000000E-02    2.191292000000000E-02    0.000000000000000E+00    0.000000000000000E+00    0.000000000000000E+00    0.000000000000000E+00    0.000000000000000E+00    1.767102000000000E-02    0.000000000000000E+00    1.557999000000000E-02    1.698418986002667E+39    2.185256958008000E+11    4.915355987550000E+08
                       77    1.533172577487137E+30    3.085574669151821E+33    3.752927702448124E+14    2.659000000000000E+07    3.619852533038238E-13    1.700897921893306E-01    3.390293863454206E+03    2.865282531572063E+03    4.351092880249000E-03    1.336432866409175E+00    3.086271606811501E+33    3.763759208915658E+14    1.095412000000000E-01    0.000000000000000E+00    5.223477000000000E-01    4.283080000000000E-02    1.936979000000000E-03    1.166057000000000E-01    1.029482000000000E-02    9.816786000000000E-05    2.550713000000000E-03    6.203312000000000E-02    6.017602000000000E-02    1.618268000000000E-02    2.191292000000000E-02    0.000000000000000E+00    0.000000000000000E+00    0.000000000000000E+00    0.000000000000000E+00    0.000000000000000E+00    1.767102000000000E-02    0.000000000000000E+00    1.557999000000000E-02    1.743023732503333E+39    2.179861704508667E+11    4.895355987550001E+08
                       78    1.393020501955920E+30    3.086968544471180E+33    3.774590715383191E+14    2.674500000000000E+07    3.529318709777316E-13    1.700897921893306E-01    3.390293863454206E+03    2.865282531572063E+03    4.384632405598932E-03    1.333081626558283E+00    3.087549160153423E+33    3.783990886047108E+14    1.095412000000000E-01    0.000000000000000E+00    5.223477000000000E-01    4.283080000000000E-02    1.936979000000000E-03    1.166057000000000E-01    1.029482000000000E-02    9.816786000000000E-05    2.550713000000000E-03    6.203312000000000E-02    6.017602000000000E-02    1.618268000000000E-02    2.191292000000000E-02    0.000000000000000E+00    0.000000000000000E+00    0.000000000000000E+00    0.000000000000000E+00    0.000000000000000E+00    1.767102000000000E-02    0.000000000000000E+00    1.557999000000000E-02    1.778418986002666E+39    2.125256958008000E+11    4.786146494548666E+08
                       79    1.160631461229672E+30    3.088129775835667E+33    3.793391056711025E+14    2.689000000000000E+07    3.433134976759988E-13    1.692806611893181E-01    3.382496403945472E+03    2.861761032001767E+03    4.424171930948866E-03    1.330227031410477E+00    3.088691501624140E+33    3.802422132941784E+14    1.095412000000000E-01    0.000000000000000E+00    5.223477000000000E-01    4.283080000000000E-02    1.936979000000000E-03    1.166057000000000E-01    1.029482000000000E-02    9.816786000000000E-05    2.550713000000000E-03    6.203312000000000E-02    6.017602000000000E-02    1.618268000000000E-02    2.191292000000000E-02    0.000000000000000E+00    0.000000000000000E+00    0.000000000000000E+00    0.000000000000000E+00    0.000000000000000E+00    1.767102000000000E-02    0.000000000000000E+00    1.557999000000000E-02    1.813023732503334E+39    2.065256958008000E+11    4.651541748048000E+08
                       80    1.123840509915107E+30    3.089253227412612E+33    3.811453209172544E+14    2.703000000000000E+07    3.428988037830254E-13    1.692806611893181E-01    3.382496403945472E+03    2.861761032001767E+03    4.424632405598932E-03    1.327487575883496E+00    3.089819924225761E+33    3.820447530882291E+14    1.095412000000000E-01    0.000000000000000E+00    5.223477000000000E-01    4.283080000000000E-02    1.936979000000000E-03    1.166057000000000E-01    1.029482000000000E-02    9.816786000000000E-05    2.550713000000000E-03    6.203312000000000E-02    6.017602000000000E-02    1.618268000000000E-02    2.191292000000000E-02    0.000000000000000E+00    0.000000000000000E+00    0.000000000000000E+00    0.000000000000000E+00    0.000000000000000E+00    1.767102000000000E-02    0.000000000000000E+00    1.557999000000000E-02    1.843023732503333E+39    2.065256958008000E+11    4.651541748048000E+08
                       81    1.134625843894760E+30    3.090386621038910E+33    3.829441852592039E+14    2.716730237325033E+07    3.441049170234983E-13    1.692806611893181E-01    3.382496403945472E+03    2.861761032001767E+03    4.420171930948866E-03    1.324752385546749E+00    3.090955306261930E+33    3.838372922073579E+14    1.095412000000000E-01    0.000000000000000E+00    5.223477000000000E-01    4.283080000000000E-02    1.936979000000000E-03    1.166057000000000E-01    1.029482000000000E-02    9.816786000000000E-05    2.550713000000000E-03    6.203312000000000E-02    6.017602000000000E-02    1.618268000000000E-02    2.191292000000000E-02    0.000000000000000E+00    0.000000000000000E+00    0.000000000000000E+00    0.000000000000000E+00    0.000000000000000E+00    1.767102000000000E-02    0.000000000000000E+00    1.557999000000000E-02    1.873023732503333E+39    2.075256958008000E+11    4.661541748048000E+08
                       82    1.136442256311643E+30    3.091523991484949E+33    3.847303991555119E+14    2.730230237325034E+07    3.433134976759988E-13    1.692806611893181E-01    3.382496403945472E+03    2.861761032001767E+03    4.422632405598933E-03    1.322041158247281E+00    3.092092676707968E+33    3.856204872302374E+14    1.095412000000000E-01    0.000000000000000E+00    5.223477000000000E-01    4.283080000000000E-02    1.936979000000000E-03    1.166057000000000E-01    1.029482000000000E-02    9.816786000000000E-05    2.550713000000000E-03    6.203312000000000E-02    6.017602000000000E-02    1.618268000000000E-02    2.191292000000000E-02    0.000000000000000E+00    0.000000000000000E+00    0.000000000000000E+00    0.000000000000000E+00    0.000000000000000E+00    1.767102000000000E-02    0.000000000000000E+00    1.557999000000000E-02    1.903023732503333E+39    2.065256958008000E+11    4.646937001547334E+08
                       83    1.137716031674812E+30    3.092661361930988E+33    3.865105753049629E+14    2.744000000000000E+07    3.417361154365899E-13    1.692806611893181E-01    3.382496403945472E+03    2.861761032001767E+03    4.428632405598933E-03    1.319347863654815E+00    3.093233029768814E+33    3.874028024125834E+14    1.095412000000000E-01    0.000000000000000E+00    5.223477000000000E-01    4.283080000000000E-02    1.936979000000000E-03    1.166057000000000E-01    1.029482000000000E-02    9.816786000000000E-05    2.550713000000000E-03    6.203312000000000E-02    6.017602000000000E-02    1.618268000000000E-02    2.191292000000000E-02    0.000000000000000E+00    0.000000000000000E+00    0.000000000000000E+00    0.000000000000000E+00    0.000000000000000E+00    1.767102000000000E-02    0.000000000000000E+00    1.557999000000000E-02    1.937628479004000E+39    2.055256958008000E+11    4.621541748048000E+08
                       84    1.143983499587252E+30    3.093804697606640E+33    3.882950295202039E+14    2.758000000000000E+07    3.386030598981357E-13    1.692806611893181E-01    3.382496403945472E+03    2.861761032001767E+03    4.439632405598934E-03    1.316666213072189E+00    3.094390284313560E+33    3.892098713273145E+14    1.095412000000000E-01    0.000000000000000E+00    5.223477000000000E-01    4.283080000000000E-02    1.936979000000000E-03    1.166057000000000E-01    1.029482000000000E-02    9.816786000000000E-05    2.550713000000000E-03    6.203312000000000E-02    6.017602000000000E-02    1.618268000000000E-02    2.191292000000000E-02    0.000000000000000E+00    0.000000000000000E+00    0.000000000000000E+00    0.000000000000000E+00    0.000000000000000E+00    1.767102000000000E-02    0.000000000000000E+00    1.557999000000000E-02    1.967628479004000E+39    2.040652211507333E+11    4.586937001547334E+08
                       85    1.170935202338642E+30    3.094975871020480E+33    3.901247131344251E+14    2.773000000000000E+07    3.343227804741372E-13    1.692806611893181E-01    3.382496403945472E+03    2.861761032001767E+03    4.457632405598933E-03    1.313940392461187E+00    3.095691698573932E+33    3.912165476154829E+14    1.095412000000000E-01    0.000000000000000E+00    5.223477000000000E-01    4.283080000000000E-02    1.936979000000000E-03    1.166057000000000E-01    1.029482000000000E-02    9.816786000000000E-05    2.550713000000000E-03    6.203312000000000E-02    6.017602000000000E-02    1.618268000000000E-02    2.191292000000000E-02    0.000000000000000E+00    0.000000000000000E+00    0.000000000000000E+00    0.000000000000000E+00    0.000000000000000E+00    1.767102000000000E-02    0.000000000000000E+00    1.557999000000000E-02    2.003023732503333E+39    2.015256958008000E+11    4.522332255046667E+08
                       86    1.432117809879508E+30    3.096407526127383E+33    3.923083820965407E+14    2.789500000000000E+07    3.437291475371249E-13    1.692806611893181E-01    3.382496403945472E+03    2.861761032001767E+03    4.419092880249000E-03    1.310624446486790E+00    3.097226750994112E+33    3.935275857708934E+14    1.095412000000000E-01    0.000000000000000E+00    5.223477000000000E-01    4.283080000000000E-02    1.936979000000000E-03    1.166057000000000E-01    1.029482000000000E-02    9.816786000000000E-05    2.550713000000000E-03    6.203312000000000E-02    6.017602000000000E-02    1.618268000000000E-02    2.191292000000000E-02    0.000000000000000E+00    0.000000000000000E+00    0.000000000000000E+00    0.000000000000000E+00    0.000000000000000E+00    1.767102000000000E-02    0.000000000000000E+00    1.557999000000000E-02    2.043023732503333E+39    2.070652211507333E+11    4.636937001547334E+08
                       87    1.638384513611434E+30    3.098045975860839E+33    3.947467894452461E+14    2.807000000000000E+07    3.429385924354611E-13    1.692806611893181E-01    3.382496403945472E+03    2.861761032001767E+03    4.422553354899066E-03    1.306927244803723E+00    3.098863212317696E+33    3.959689142110240E+14    1.095412000000000E-01    0.000000000000000E+00    5.223477000000000E-01    4.283080000000000E-02    1.936979000000000E-03    1.166057000000000E-01    1.029482000000000E-02    9.816786000000000E-05    2.550713000000000E-03    6.203312000000000E-02    6.017602000000000E-02    1.618268000000000E-02    2.191292000000000E-02    0.000000000000000E+00    0.000000000000000E+00    0.000000000000000E+00    0.000000000000000E+00    0.000000000000000E+00    1.767102000000000E-02    0.000000000000000E+00    1.557999000000000E-02    2.087628479004000E+39    2.065256958008000E+11    4.626937001547334E+08
                       88    1.633345087635138E+30    3.099680448774553E+33    3.971910389768019E+14    2.824999999999999E+07    3.374553835505851E-13    1.692806611893181E-01    3.382496403945472E+03    2.861761032001767E+03    4.442553354899067E-03    1.303263974970494E+00    3.100505638870893E+33    3.984206086376032E+14    1.095412000000000E-01    0.000000000000000E+00    5.223477000000000E-01    4.283080000000000E-02    1.936979000000000E-03    1.166057000000000E-01    1.029482000000000E-02    9.816786000000000E-05    2.550713000000000E-03    6.203312000000000E-02    6.017602000000000E-02    1.618268000000000E-02    2.191292000000000E-02    0.000000000000000E+00    0.000000000000000E+00    0.000000000000000E+00    0.000000000000000E+00    0.000000000000000E+00    1.767102000000000E-02    0.000000000000000E+00    1.557999000000000E-02    2.133023732503333E+39    2.030652211507333E+11    4.552332255046667E+08
                       89    1.651565483803305E+30    3.101330828967231E+33    3.996501782984046E+14    2.843500000000000E+07    3.347271027226109E-13    1.685303996013610E-01    3.382496403945472E+03    2.858692564619094E+03    4.452632405598933E-03    1.299599989860613E+00    3.102172920547473E+33    4.009038856532366E+14    1.095412000000000E-01    0.000000000000000E+00    5.223477000000000E-01    4.283080000000000E-02    1.936979000000000E-03    1.166057000000000E-01    1.029482000000000E-02    9.816786000000000E-05    2.550713000000000E-03    6.203312000000000E-02    6.017602000000000E-02    1.618268000000000E-02    2.191292000000000E-02    0.000000000000000E+00    0.000000000000000E+00    0.000000000000000E+00    0.000000000000000E+00    0.000000000000000E+00    1.767102000000000E-02    0.000000000000000E+00    1.557999000000000E-02    2.177628479004000E+39    2.015256958008000E+11    4.517727508546000E+08
                       90    1.683570929082061E+30    3.103015012127713E+33    4.021575930080686E+14    2.862000000000000E+07    3.305341687100493E-13    1.685303996013610E-01    3.378330323615342E+03    2.858692564619094E+03    4.470092880249000E-03    1.295896327677596E+00    3.103863068937566E+33    4.034160610689298E+14    1.095412000000000E-01    0.000000000000000E+00    5.223477000000000E-01    4.283080000000000E-02    1.936979000000000E-03    1.166057000000000E-01    1.029482000000000E-02    9.816786000000000E-05    2.550713000000000E-03    6.203312000000000E-02    6.017602000000000E-02    1.618268000000000E-02    2.191292000000000E-02    0.000000000000000E+00    0.000000000000000E+00    0.000000000000000E+00    0.000000000000000E+00    0.000000000000000E+00    1.767102000000000E-02    0.000000000000000E+00    1.557999000000000E-02    2.227628479004000E+39    1.990652211507333E+11    4.457727508546001E+08
                       91    1.696187588552627E+30    3.104711125747419E+33    4.046745291297909E+14    2.880500000000000E+07    3.275038132364919E-13    1.677286867589455E-01    3.374716878095955E+03    2.855179164273058E+03    4.483092880249000E-03    1.292201987068333E+00    3.105562165172077E+33    4.059292299181672E+14    1.095412000000000E-01    0.000000000000000E+00    5.223477000000000E-01    4.283080000000000E-02    1.936979000000000E-03    1.166057000000000E-01    1.029482000000000E-02    9.816786000000000E-05    2.550713000000000E-03    6.203312000000000E-02    6.017602000000000E-02    1.618268000000000E-02    2.191292000000000E-02    0.000000000000000E+00    0.000000000000000E+00    0.000000000000000E+00    0.000000000000000E+00    0.000000000000000E+00    1.767102000000000E-02    0.000000000000000E+00    1.557999000000000E-02    2.277628479004000E+39    1.970652211507333E+11    4.413122762045333E+08
                       92    1.700869100752198E+30    3.106413204596736E+33    4.071839307065437E+14    2.899000000000000E+07    3.256048598963268E-13    1.677286867589455E-01    3.374716878095955E+03    2.855179164273058E+03    4.484632405598933E-03    1.288538866565178E+00    3.107250325152300E+33    4.084050956451323E+14    1.095412000000000E-01    0.000000000000000E+00    5.223477000000000E-01    4.283080000000000E-02    1.936979000000000E-03    1.166057000000000E-01    1.029482000000000E-02    9.816786000000000E-05    2.550713000000000E-03    6.203312000000000E-02    6.017602000000000E-02    1.618268000000000E-02    2.191292000000000E-02    0.000000000000000E+00    0.000000000000000E+00    0.000000000000000E+00    0.000000000000000E+00    0.000000000000000E+00    1.767102000000000E-02    0.000000000000000E+00    1.557999000000000E-02    2.317628479004000E+39    1.960652211507333E+11    4.358518015544667E+08
                       93    1.674177482011896E+30    3.108087445707864E+33    4.096262605837209E+14    2.917000000000000E+07    3.241088414567884E-13    1.677286867589455E-01    3.366955244659383E+03    2.855179164273058E+03    4.489632405598933E-03    1.284986080193911E+00    3.108895734320303E+33    4.108033111460572E+14    1.095412000000000E-01    0.000000000000000E+00    5.223477000000000E-01    4.283080000000000E-02    1.936979000000000E-03    1.166057000000000E-01    1.029482000000000E-02    9.816786000000000E-05    2.550713000000000E-03    6.203312000000000E-02    6.017602000000000E-02    1.618268000000000E-02    2.191292000000000E-02    0.000000000000000E+00    0.000000000000000E+00    0.000000000000000E+00    0.000000000000000E+00    0.000000000000000E+00    1.767102000000000E-02    0.000000000000000E+00    1.557999000000000E-02    2.367628479004000E+39    1.950652211507333E+11    4.318518015544667E+08
                       94    1.617833502233822E+30    3.109704022932742E+33    4.119803617083936E+14    2.934500000000000E+07    3.218776918858529E-13    1.669853036105720E-01    3.366955244659383E+03    2.852117754169530E+03    4.498632405598933E-03    1.281578401363610E+00    3.110506346315568E+33    4.131353615523255E+14    1.095412000000000E-01    0.000000000000000E+00    5.223477000000000E-01    4.283080000000000E-02    1.936979000000000E-03    1.166057000000000E-01    1.029482000000000E-02    9.816786000000000E-05    2.550713000000000E-03    6.203312000000000E-02    6.017602000000000E-02    1.618268000000000E-02    2.191292000000000E-02    0.000000000000000E+00    0.000000000000000E+00    0.000000000000000E+00    0.000000000000000E+00    0.000000000000000E+00    1.767102000000000E-02    0.000000000000000E+00    1.557999000000000E-02    2.412233225504666E+39    1.940652211507333E+11    4.298518015544667E+08
                       95    1.604911224166130E+30    3.111308669698394E+33    4.142903613962574E+14    2.951730237325034E+07    3.218776918858529E-13    1.669853036105720E-01    3.366955244659383E+03    2.852117754169530E+03    4.499092880249000E-03    1.278234210131982E+00    3.112110993081221E+33    4.154350547790008E+14    1.095412000000000E-01    0.000000000000000E+00    5.223477000000000E-01    4.283080000000000E-02    1.936979000000000E-03    1.166057000000000E-01    1.029482000000000E-02    9.816786000000000E-05    2.550713000000000E-03    6.203312000000000E-02    6.017602000000000E-02    1.618268000000000E-02    2.191292000000000E-02    0.000000000000000E+00    0.000000000000000E+00    0.000000000000000E+00    0.000000000000000E+00    0.000000000000000E+00    1.767102000000000E-02    0.000000000000000E+00    1.557999000000000E-02    2.457628479004000E+39    1.940652211507333E+11    4.298518015544667E+08
                       96    1.603951418721544E+30    3.112913316464048E+33    4.165797481617441E+14    2.969230237325033E+07    3.211373937375714E-13    1.661909409156759E-01    3.366955244659383E+03    2.848612434420055E+03    4.503632405598933E-03    1.274924158108475E+00    3.113755408044288E+33    4.177648483647683E+14    1.095412000000000E-01    0.000000000000000E+00    5.223477000000000E-01    4.283080000000000E-02    1.936979000000000E-03    1.166057000000000E-01    1.029482000000000E-02    9.816786000000000E-05    2.550713000000000E-03    6.203312000000000E-02    6.017602000000000E-02    1.618268000000000E-02    2.191292000000000E-02    0.000000000000000E+00    0.000000000000000E+00    0.000000000000000E+00    0.000000000000000E+00    0.000000000000000E+00    1.767102000000000E-02    0.000000000000000E+00    1.557999000000000E-02    2.502233225504666E+39    1.930652211507333E+11    4.278518015544667E+08
                       97    1.684463725114004E+30    3.114597499624530E+33    4.189499485677925E+14    2.986999999999999E+07    3.237549080868823E-13    1.661909409156759E-01    3.366955244659383E+03    2.848612434420055E+03    4.490632405598933E-03    1.271479242843624E+00    3.115485324631796E+33    4.201717280229789E+14    1.095412000000000E-01    0.000000000000000E+00    5.223477000000000E-01    4.283080000000000E-02    1.936979000000000E-03    1.166057000000000E-01    1.029482000000000E-02    9.816786000000000E-05    2.550713000000000E-03    6.203312000000000E-02    6.017602000000000E-02    1.618268000000000E-02    2.191292000000000E-02    0.000000000000000E+00    0.000000000000000E+00    0.000000000000000E+00    0.000000000000000E+00    0.000000000000000E+00    1.767102000000000E-02    0.000000000000000E+00    1.557999000000000E-02    2.547628479004000E+39    1.950652211507333E+11    4.308518015544667E+08
                       98    1.774872943955890E+30    3.116373149639062E+33    4.213935074781653E+14    3.005000000000000E+07    3.252492928442129E-13    1.661909409156759E-01    3.366955244659383E+03    2.848612434420055E+03    4.483092880249000E-03    1.267917279498230E+00    3.117260974646329E+33    4.226136820787519E+14    1.095412000000000E-01    0.000000000000000E+00    5.223477000000000E-01    4.283080000000000E-02    1.936979000000000E-03    1.166057000000000E-01    1.029482000000000E-02    9.816786000000000E-05    2.550713000000000E-03    6.203312000000000E-02    6.017602000000000E-02    1.618268000000000E-02    2.191292000000000E-02    0.000000000000000E+00    0.000000000000000E+00    0.000000000000000E+00    0.000000000000000E+00    0.000000000000000E+00    1.767102000000000E-02    0.000000000000000E+00    1.557999000000000E-02    2.592233225504666E+39    1.960652211507333E+11    4.328518015544667E+08
                       99    1.776310365451418E+30    3.118148799653596E+33    4.238338566793384E+14    3.023500000000000E+07    3.222673894038285E-13    1.661909409156759E-01    3.366955244659383E+03    2.848612434420055E+03    4.495632405598933E-03    1.264382780192646E+00    3.119038613070733E+33    4.250613782561629E+14    1.095412000000000E-01    0.000000000000000E+00    5.223477000000000E-01    4.283080000000000E-02    1.936979000000000E-03    1.166057000000000E-01    1.029482000000000E-02    9.816786000000000E-05    2.550713000000000E-03    6.203312000000000E-02    6.017602000000000E-02    1.618268000000000E-02    2.191292000000000E-02    0.000000000000000E+00    0.000000000000000E+00    0.000000000000000E+00    0.000000000000000E+00    0.000000000000000E+00    1.767102000000000E-02    0.000000000000000E+00    1.557999000000000E-02    2.642233225504666E+39    1.940652211507333E+11    4.288518015544667E+08
                      100    1.780447252187405E+30    3.119928426487871E+33    4.262888998329875E+14    3.042000000000000E+07    3.174613643893401E-13    1.661909409156759E-01    3.366955244659383E+03    2.848612434420055E+03    4.514632405598932E-03    1.260865279069767E+00    3.120834147183974E+33    4.275351098140376E+14    1.095412000000000E-01    0.000000000000000E+00    5.223477000000000E-01    4.283080000000000E-02    1.936979000000000E-03    1.166057000000000E-01    1.029482000000000E-02    9.816786000000000E-05    2.550713000000000E-03    6.203312000000000E-02    6.017602000000000E-02    1.618268000000000E-02    2.191292000000000E-02    0.000000000000000E+00    0.000000000000000E+00    0.000000000000000E+00    0.000000000000000E+00    0.000000000000000E+00    1.767102000000000E-02    0.000000000000000E+00    1.557999000000000E-02    2.692233225504666E+39    1.910652211507333E+11    4.223913269044000E+08
                      101    1.810589557417317E+30    3.121739867880077E+33    4.287813197950878E+14    3.060500000000000E+07    3.145508611062015E-13    1.661909409156759E-01    3.366955244659383E+03    2.848612434420055E+03    4.528632405598932E-03    1.257315994282005E+00    3.122654536420597E+33    4.300373535486207E+14    1.095412000000000E-01    0.000000000000000E+00    5.223477000000000E-01    4.283080000000000E-02    1.936979000000000E-03    1.166057000000000E-01    1.029482000000000E-02    9.816786000000000E-05    2.550713000000000E-03    6.203312000000000E-02    6.017602000000000E-02    1.618268000000000E-02    2.191292000000000E-02    0.000000000000000E+00    0.000000000000000E+00    0.000000000000000E+00    0.000000000000000E+00    0.000000000000000E+00    1.767102000000000E-02    0.000000000000000E+00    1.557999000000000E-02    2.742233225504667E+39    1.890652211507333E+11    4.179308522543334E+08
                      102    1.828765413204380E+30    3.123569204961119E+33    4.312933873021536E+14    3.079000000000000E+07    3.109502271735405E-13    1.661909409156759E-01    3.362808305729651E+03    2.848612434420055E+03    4.545092880248999E-03    1.253766801169734E+00    3.124484867706576E+33    4.325382242560902E+14    1.095412000000000E-01    0.000000000000000E+00    5.223477000000000E-01    4.283080000000000E-02    1.936979000000000E-03    1.166057000000000E-01    1.029482000000000E-02    9.816786000000000E-05    2.550713000000000E-03    6.203312000000000E-02    6.017602000000000E-02    1.618268000000000E-02    2.191292000000000E-02    0.000000000000000E+00    0.000000000000000E+00    0.000000000000000E+00    0.000000000000000E+00    0.000000000000000E+00    1.767102000000000E-02    0.000000000000000E+00    1.557999000000000E-02    2.796837972005333E+39    1.870652211507333E+11    4.129308522543334E+08
                      103    1.830996210238317E+30    3.125400530452031E+33    4.337830612100269E+14    3.096499999999999E+07    3.102350614966789E-13    1.654543731449725E-01    3.362808305729651E+03    2.845558065364377E+03    4.545553354899066E-03    1.250256952237867E+00    3.126281396024750E+33    4.349590278237798E+14    1.095412000000000E-01    0.000000000000000E+00    5.223477000000000E-01    4.283080000000000E-02    1.936979000000000E-03    1.166057000000000E-01    1.029482000000000E-02    9.816786000000000E-05    2.550713000000000E-03    6.203312000000000E-02    6.017602000000000E-02    1.618268000000000E-02    2.191292000000000E-02    0.000000000000000E+00    0.000000000000000E+00    0.000000000000000E+00    0.000000000000000E+00    0.000000000000000E+00    1.767102000000000E-02    0.000000000000000E+00    1.557999000000000E-02    2.846837972005333E+39    1.870652211507333E+11    4.124703776042666E+08
                      104    1.763201375696867E+30    3.127162261597470E+33    4.361349944375328E+14    3.112500000000000E+07    3.109502271735405E-13    1.654543731449725E-01    3.362808305729651E+03    2.845558065364377E+03    4.542553354899066E-03    1.246935816884445E+00    3.127871129716374E+33    4.371113554725804E+14    1.095412000000000E-01    0.000000000000000E+00    5.223477000000000E-01    4.283080000000000E-02    1.936979000000000E-03    1.166057000000000E-01    1.029482000000000E-02    9.816786000000000E-05    2.550713000000000E-03    6.203312000000000E-02    6.017602000000000E-02    1.618268000000000E-02    2.191292000000000E-02    0.000000000000000E+00    0.000000000000000E+00    0.000000000000000E+00    0.000000000000000E+00    0.000000000000000E+00    1.767102000000000E-02    0.000000000000000E+00    1.557999000000000E-02    2.896837972005333E+39    1.870652211507333E+11    4.124703776042666E+08
                      105    1.416602048817464E+30    3.128579997835278E+33    4.380877165076279E+14    3.127000000000000E+07    2.972801901229805E-13    1.646672932110381E-01    3.359211462484346E+03    2.842060807626607E+03    4.605092880249000E-03    1.244263432679292E+00    3.129187457050776E+33    4.389509336928851E+14    1.095412000000000E-01    0.000000000000000E+00    5.223477000000000E-01    4.283080000000000E-02    1.936979000000000E-03    1.166057000000000E-01    1.029482000000000E-02    9.816786000000000E-05    2.550713000000000E-03    6.203312000000000E-02    6.017602000000000E-02    1.618268000000000E-02    2.191292000000000E-02    0.000000000000000E+00    0.000000000000000E+00    0.000000000000000E+00    0.000000000000000E+00    0.000000000000000E+00    1.767102000000000E-02    0.000000000000000E+00    1.557999000000000E-02    2.936837972005333E+39    1.790652211507333E+11    3.955494283041334E+08
                      106    1.215290462483316E+30    3.129794916266275E+33    4.398141508781422E+14    3.140500000000000E+07    2.905132668409964E-13    1.646672932110381E-01    3.359211462484346E+03    2.842060807626607E+03    4.637171930948866E-03    1.241938460818483E+00    3.130414305940997E+33    4.406688426408846E+14    1.095412000000000E-01    0.000000000000000E+00    5.223477000000000E-01    4.283080000000000E-02    1.936979000000000E-03    1.166057000000000E-01    1.029482000000000E-02    9.816786000000000E-05    2.550713000000000E-03    6.203312000000000E-02    6.017602000000000E-02    1.618268000000000E-02    2.191292000000000E-02    0.000000000000000E+00    0.000000000000000E+00    0.000000000000000E+00    0.000000000000000E+00    0.000000000000000E+00    1.767102000000000E-02    0.000000000000000E+00    1.557999000000000E-02    2.966837972005333E+39    1.750652211507333E+11    3.870889536540667E+08
                      107    1.238074458145723E+30    3.131033695615719E+33    4.415235344036269E+14    3.154000000000000E+07    2.942326602867394E-13    1.646672932110381E-01    3.359211462484346E+03    2.842060807626607E+03    4.618171930948867E-03    1.239616494850755E+00    3.131650102675636E+33    4.423735079998991E+14    1.095412000000000E-01    0.000000000000000E+00    5.223477000000000E-01    4.283080000000000E-02    1.936979000000000E-03    1.166057000000000E-01    1.029482000000000E-02    9.816786000000000E-05    2.550713000000000E-03    6.203312000000000E-02    6.017602000000000E-02    1.618268000000000E-02    2.191292000000000E-02    0.000000000000000E+00    0.000000000000000E+00    0.000000000000000E+00    0.000000000000000E+00    0.000000000000000E+00    1.767102000000000E-02    0.000000000000000E+00    1.557999000000000E-02    3.001442718506000E+39    1.770652211507333E+11    3.915494283041334E+08
                      108    1.232642520060950E+30    3.132266509735552E+33    4.432234815961714E+14    3.167999999999999E+07    2.932013530028415E-13    1.646672932110381E-01    3.359211462484346E+03    2.842060807626607E+03    4.623711456298800E-03    1.237312737873555E+00    3.132859055877020E+33    4.440612577954452E+14    1.095412000000000E-01    0.000000000000000E+00    5.223477000000000E-01    4.283080000000000E-02    1.936979000000000E-03    1.166057000000000E-01    1.029482000000000E-02    9.816786000000000E-05    2.550713000000000E-03    6.203312000000000E-02    6.017602000000000E-02    1.618268000000000E-02    2.191292000000000E-02    0.000000000000000E+00    0.000000000000000E+00    0.000000000000000E+00    0.000000000000000E+00    0.000000000000000E+00    1.767102000000000E-02    0.000000000000000E+00    1.557999000000000E-02    3.036837972005333E+39    1.766047465006667E+11    3.895494283041334E+08
                      109    1.186301236137422E+30    3.133451602018488E+33    4.448990339947191E+14    3.183500000000000E+07    2.839003775384890E-13    1.646672932110381E-01    3.351485490514084E+03    2.842060807626607E+03    4.670711456298800E-03    1.235091744386120E+00    3.134255913811186E+33    4.459797459500546E+14    1.095412000000000E-01    0.000000000000000E+00    5.223477000000000E-01    4.283080000000000E-02    1.936979000000000E-03    1.166057000000000E-01    1.029482000000000E-02    9.816786000000000E-05    2.550713000000000E-03    6.203312000000000E-02    6.017602000000000E-02    1.618268000000000E-02    2.191292000000000E-02    0.000000000000000E+00    0.000000000000000E+00    0.000000000000000E+00    0.000000000000000E+00    0.000000000000000E+00    1.767102000000000E-02    0.000000000000000E+00    1.557999000000000E-02    3.066837972005334E+39    1.706047465006667E+11    3.776284790040000E+08
                      110    1.607742123299042E+30    3.135060225603882E+33    4.470604579053902E+14    3.201500000000000E+07    3.003937402830809E-13    1.646672932110381E-01    3.359211462484346E+03    2.842060807626607E+03    4.586632405598933E-03    1.232114708800090E+00    3.136226427993047E+33    4.484828974939019E+14    1.095412000000000E-01    0.000000000000000E+00    5.223477000000000E-01    4.283080000000000E-02    1.936979000000000E-03    1.166057000000000E-01    1.029482000000000E-02    9.816786000000000E-05    2.550713000000000E-03    6.203312000000000E-02    6.017602000000000E-02    1.618268000000000E-02    2.191292000000000E-02    0.000000000000000E+00    0.000000000000000E+00    0.000000000000000E+00    0.000000000000000E+00    0.000000000000000E+00    1.767102000000000E-02    0.000000000000000E+00    1.557999000000000E-02    3.111442718506000E+39    1.810652211507333E+11    3.980099029542000E+08
                      111    2.332120435717303E+30    3.137392630382212E+33    4.499053370824135E+14    3.221500000000000E+07    3.222673894038285E-13    1.646672932110381E-01    3.359211462484346E+03    2.842060807626607E+03    4.489013829549133E-03    1.228000228100997E+00    3.138635386551398E+33    4.514423095267644E+14    1.095412000000000E-01    0.000000000000000E+00    5.223477000000000E-01    4.283080000000000E-02    1.936979000000000E-03    1.166057000000000E-01    1.029482000000000E-02    9.816786000000000E-05    2.550713000000000E-03    6.203312000000000E-02    6.017602000000000E-02    1.618268000000000E-02    2.191292000000000E-02    0.000000000000000E+00    0.000000000000000E+00    0.000000000000000E+00    0.000000000000000E+00    0.000000000000000E+00    1.767102000000000E-02    0.000000000000000E+00    1.557999000000000E-02    3.181442718506000E+39    1.940652211507333E+11    4.233913269044000E+08
                      112    2.487278046337743E+30    3.139878142720585E+33    4.529792819711152E+14    3.243000000000000E+07    3.127637135345992E-13    1.631576143925206E-01    3.355074061249482E+03    2.835524249156644E+03    4.524013829549133E-03    1.223651949263065E+00    3.141116922070029E+33    4.545392945605198E+14    1.095412000000000E-01    0.000000000000000E+00    5.223477000000000E-01    4.283080000000000E-02    1.936979000000000E-03    1.166057000000000E-01    1.029482000000000E-02    9.816786000000000E-05    2.550713000000000E-03    6.203312000000000E-02    6.017602000000000E-02    1.618268000000000E-02    2.191292000000000E-02    0.000000000000000E+00    0.000000000000000E+00    0.000000000000000E+00    0.000000000000000E+00    0.000000000000000E+00    1.767102000000000E-02    0.000000000000000E+00    1.557999000000000E-02    3.246837972005334E+39    1.886047465006667E+11    4.084703776042666E+08
                      113    2.477198796703174E+30    3.142355701419474E+33    4.560993071499243E+14    3.264500000000000E+07    3.028421780575889E-13    1.631576143925206E-01    3.351485490514084E+03    2.835524249156644E+03    4.567553354899066E-03    1.219337405064567E+00    3.143605417023207E+33    4.576592899448664E+14    1.095412000000000E-01    0.000000000000000E+00    5.223477000000000E-01    4.283080000000000E-02    1.936979000000000E-03    1.166057000000000E-01    1.029482000000000E-02    9.816786000000000E-05    2.550713000000000E-03    6.203312000000000E-02    6.017602000000000E-02    1.618268000000000E-02    2.191292000000000E-02    0.000000000000000E+00    0.000000000000000E+00    0.000000000000000E+00    0.000000000000000E+00    0.000000000000000E+00    1.767102000000000E-02    0.000000000000000E+00    1.557999000000000E-02    3.311442718506000E+39    1.826047465006667E+11    3.945494283041334E+08
                      114    2.499345705843009E+30    3.144855132626941E+33    4.592192727398085E+14    3.285500000000000E+07    3.042400340389556E-13    1.631576143925206E-01    3.351485490514084E+03    2.835524249156644E+03    4.561013829549133E-03    1.215009191259723E+00    3.145917937702829E+33    4.605494187347844E+14    1.095412000000000E-01    0.000000000000000E+00    5.223477000000000E-01    4.283080000000000E-02    1.936979000000000E-03    1.166057000000000E-01    1.029482000000000E-02    9.816786000000000E-05    2.550713000000000E-03    6.203312000000000E-02    6.017602000000000E-02    1.618268000000000E-02    2.191292000000000E-02    0.000000000000000E+00    0.000000000000000E+00    0.000000000000000E+00    0.000000000000000E+00    0.000000000000000E+00    1.767102000000000E-02    0.000000000000000E+00    1.557999000000000E-02    3.381442718506000E+39    1.830652211507333E+11    3.965494283041334E+08
                      115    2.125105095669058E+30    3.146980742778718E+33    4.618795647297602E+14    3.305000000000000E+07    2.895282053997944E-13    1.631576143925206E-01    3.347357605038002E+03    2.835524249156644E+03    4.632092880249000E-03    1.211442549392069E+00    3.147843712662601E+33    4.630292129115641E+14    1.095412000000000E-01    0.000000000000000E+00    5.223477000000000E-01    4.283080000000000E-02    1.936979000000000E-03    1.166057000000000E-01    1.029482000000000E-02    9.816786000000000E-05    2.550713000000000E-03    6.203312000000000E-02    6.017602000000000E-02    1.618268000000000E-02    2.191292000000000E-02    0.000000000000000E+00    0.000000000000000E+00    0.000000000000000E+00    0.000000000000000E+00    0.000000000000000E+00    1.767102000000000E-02    0.000000000000000E+00    1.557999000000000E-02    3.441442718506000E+39    1.746047465006667E+11    3.786284790040000E+08
                      116    1.726062253813943E+30    3.148706682546483E+33    4.641788610933681E+14    3.323000000000000E+07    2.800051183291675E-13    1.631576143925206E-01    3.343777287786264E+03    2.835524249156644E+03    4.677711456298800E-03    1.208432046253495E+00    3.149572635045173E+33    4.652926142237542E+14    1.095412000000000E-01    0.000000000000000E+00    5.223477000000000E-01    4.283080000000000E-02    1.936979000000000E-03    1.166057000000000E-01    1.029482000000000E-02    9.816786000000000E-05    2.550713000000000E-03    6.203312000000000E-02    6.017602000000000E-02    1.618268000000000E-02    2.191292000000000E-02    0.000000000000000E+00    0.000000000000000E+00    0.000000000000000E+00    0.000000000000000E+00    0.000000000000000E+00    1.767102000000000E-02    0.000000000000000E+00    1.557999000000000E-02    3.486047465006667E+39    1.686047465006667E+11    3.671680043539333E+08
                      117    1.731182409230990E+30    3.150438587543862E+33    4.664063673541405E+14    3.340730237325033E+07    2.848989695444882E-13    1.624344904987373E-01    3.343777287786264E+03    2.832483913652030E+03    4.652171930948867E-03    1.205480702493597E+00    3.151309511067228E+33    4.675057732879972E+14    1.095412000000000E-01    0.000000000000000E+00    5.223477000000000E-01    4.283080000000000E-02    1.936979000000000E-03    1.166057000000000E-01    1.029482000000000E-02    9.816786000000000E-05    2.550713000000000E-03    6.203312000000000E-02    6.017602000000000E-02    1.618268000000000E-02    2.191292000000000E-02    0.000000000000000E+00    0.000000000000000E+00    0.000000000000000E+00    0.000000000000000E+00    0.000000000000000E+00    1.767102000000000E-02    0.000000000000000E+00    1.557999000000000E-02    3.536047465006666E+39    1.716047465006667E+11    3.726284790040000E+08
                      118    1.742115084382062E+30    3.152180434590593E+33    4.686051792218539E+14    3.357960474650066E+07    2.878498252012160E-13    1.624344904987373E-01    3.343777287786264E+03    2.832483913652030E+03    4.637632405598934E-03    1.202546417845956E+00    3.153059311753442E+33    4.697015738439120E+14    1.095412000000000E-01    0.000000000000000E+00    5.223477000000000E-01    4.283080000000000E-02    1.936979000000000E-03    1.166056000000000E-01    1.029482000000000E-02    9.816786999999999E-05    2.550713000000000E-03    6.203312000000000E-02    6.017602000000000E-02    1.618268000000000E-02    2.191292000000000E-02    0.000000000000000E+00    0.000000000000000E+00    0.000000000000000E+00    0.000000000000000E+00    0.000000000000000E+00    1.767102000000000E-02    0.000000000000000E+00    1.557998000000000E-02    3.586047465006667E+39    1.736047465006667E+11    3.756284790040001E+08
                      119    1.757438765050597E+30    3.153938188916290E+33    4.707979684659701E+14    3.374730237325034E+07    2.881979441310211E-13    1.616617763926052E-01    3.343777287786264E+03    2.829002724353981E+03    4.634632405598933E-03    1.199618479261652E+00    3.154824025513686E+33    4.719028209746339E+14    1.101399000000000E-01    0.000000000000000E+00    5.227547000000000E-01    4.278847999999999E-02    1.942369000000000E-03    1.162729000000000E-01    1.028915000000000E-02    9.844104000000000E-05    2.552098000000000E-03    6.182309999999999E-02    5.997208999999999E-02    1.612779000000000E-02    2.183852000000000E-02    0.000000000000000E+00    0.000000000000000E+00    0.000000000000000E+00    0.000000000000000E+00    0.000000000000000E+00    1.760964000000000E-02    0.000000000000000E+00    1.555234000000000E-02    3.636047465006667E+39    1.736047465006667E+11    3.746284790040001E+08
                      120    1.771866070549421E+30    3.155709862111082E+33    4.730076734832975E+14    3.391500000000000E+07    2.862140034384367E-13    1.616617763926052E-01    3.343777287786264E+03    2.829002724353981E+03    4.644632405598933E-03    1.196681924986529E+00    3.156597687118349E+33    4.741166069776018E+14    1.139160000000000E-01    0.000000000000000E+00    5.253222000000000E-01    4.252154000000000E-02    1.976368000000000E-03    1.141741000000000E-01    1.025341000000000E-02    1.001641000000000E-04    2.560833000000000E-03    6.049842000000000E-02    5.868577999999999E-02    1.578156000000000E-02    2.136922000000000E-02    0.000000000000000E+00    0.000000000000000E+00    0.000000000000000E+00    0.000000000000000E+00    0.000000000000000E+00    1.722254000000000E-02    0.000000000000000E+00    1.537798000000000E-02    3.686047465006666E+39    1.726047465006667E+11    3.667075297038667E+08
                      121    1.776204383205310E+30    3.157485512125615E+33    4.752255404719061E+14    3.409000000000000E+07    2.829377388332184E-13    1.616617763926052E-01    3.343777287786264E+03    2.829002724353981E+03    4.590092880249000E-03    1.193802485163388E+00    3.158411116920425E+33    4.763786998528735E+14    1.139161000000000E-01    0.000000000000000E+00    5.253223000000000E-01    4.252153000000000E-02    1.976369000000000E-03    1.141740000000000E-01    1.025341000000000E-02    1.001642000000000E-04    2.560834000000000E-03    6.049837999999999E-02    5.868573999999999E-02    1.578155000000000E-02    2.136921000000000E-02    0.000000000000000E+00    0.000000000000000E+00    0.000000000000000E+00    0.000000000000000E+00    0.000000000000000E+00    1.722253000000000E-02    0.000000000000000E+00    1.537798000000000E-02    3.730652211507334E+39    1.706047465006667E+11    3.632470550538000E+08
                      122    1.851862782262409E+30    3.159336721715236E+33    4.775318592338409E+14    3.427500000000000E+07    2.819460210862357E-13    1.616617763926052E-01    3.343777287786264E+03    2.829002724353981E+03    4.593553354899066E-03    1.190816482920897E+00    3.160376660077610E+33    4.787909415850148E+14    1.139161000000000E-01    0.000000000000000E+00    5.253223000000000E-01    4.252153000000000E-02    1.976369000000000E-03    1.141740000000000E-01    1.025341000000000E-02    1.001642000000000E-04    2.560834000000000E-03    6.049837999999999E-02    5.868573999999999E-02    1.578155000000000E-02    2.136921000000000E-02    0.000000000000000E+00    0.000000000000000E+00    0.000000000000000E+00    0.000000000000000E+00    0.000000000000000E+00    1.722253000000000E-02    0.000000000000000E+00    1.537798000000000E-02    3.780652211507334E+39    1.696047465006667E+11    3.617075297038667E+08
                      123    2.078884508224682E+30    3.161416598439986E+33    4.800500239361886E+14    3.446500000000000E+07    2.875351072530485E-13    1.616617763926052E-01    3.343777287786264E+03    2.829002724353981E+03    4.566013829549133E-03    1.187511414594540E+00    3.162513206483675E+33    4.813620564138331E+14    1.139161000000000E-01    0.000000000000000E+00    5.253223000000000E-01    4.252153000000000E-02    1.976369000000000E-03    1.141740000000000E-01    1.025341000000000E-02    1.001642000000000E-04    2.560834000000000E-03    6.049837999999999E-02    5.868573999999999E-02    1.578155000000000E-02    2.136921000000000E-02    0.000000000000000E+00    0.000000000000000E+00    0.000000000000000E+00    0.000000000000000E+00    0.000000000000000E+00    1.722253000000000E-02    0.000000000000000E+00    1.537798000000000E-02    3.840652211507333E+39    1.731442718506000E+11    3.677075297038667E+08
                      124    2.194486681287325E+30    3.163609814527365E+33    4.826740888914774E+14    3.466000000000000E+07    2.862140034384367E-13    1.616617763926052E-01    3.343777287786264E+03    2.829002724353981E+03    4.572553354899067E-03    1.184078271625112E+00    3.164706422571055E+33    4.839979859114476E+14    1.139161000000000E-01    0.000000000000000E+00    5.253223000000000E-01    4.252153000000000E-02    1.976369000000000E-03    1.141740000000000E-01    1.025341000000000E-02    1.001642000000000E-04    2.560834000000000E-03    6.049837999999999E-02    5.868573999999999E-02    1.578155000000000E-02    2.136921000000000E-02    0.000000000000000E+00    0.000000000000000E+00    0.000000000000000E+00    0.000000000000000E+00    0.000000000000000E+00    1.722253000000000E-02    0.000000000000000E+00    1.537798000000000E-02    3.900652211507333E+39    1.726047465006667E+11    3.657075297038667E+08
                      125    2.192758753109689E+30    3.165803030614746E+33    4.853218829314179E+14    3.486000000000000E+07    2.809900091391999E-13    1.616617763926052E-01    3.343777287786264E+03    2.829002724353981E+03    4.597553354899066E-03    1.180658738328599E+00    3.166945372085461E+33    4.866904058205146E+14    1.139161000000000E-01    0.000000000000000E+00    5.253223000000000E-01    4.252153000000000E-02    1.976369000000000E-03    1.141740000000000E-01    1.025341000000000E-02    1.001642000000000E-04    2.560834000000000E-03    6.049837999999999E-02    5.868573999999999E-02    1.578155000000000E-02    2.136921000000000E-02    0.000000000000000E+00    0.000000000000000E+00    0.000000000000000E+00    0.000000000000000E+00    0.000000000000000E+00    1.722253000000000E-02    0.000000000000000E+00    1.537798000000000E-02    3.960652211507333E+39    1.691442718506000E+11    3.592470550538000E+08
                      126    2.284901666517836E+30    3.168087713556178E+33    4.880589287096114E+14    3.506500000000000E+07    2.822870000917109E-13    1.609452821385299E-01    3.343777287786264E+03    2.825969381426987E+03    4.588553354899067E-03    1.177114574497361E+00    3.169307603011851E+33    4.894825168227007E+14    1.139161000000000E-01    0.000000000000000E+00    5.253223000000000E-01    4.252153000000000E-02    1.976369000000000E-03    1.141740000000000E-01    1.025341000000000E-02    1.001642000000000E-04    2.560834000000000E-03    6.049837999999999E-02    5.868573999999999E-02    1.578155000000000E-02    2.136921000000000E-02    0.000000000000000E+00    0.000000000000000E+00    0.000000000000000E+00    0.000000000000000E+00    0.000000000000000E+00    1.722253000000000E-02    0.000000000000000E+00    1.537798000000000E-02    4.020652211507333E+39    1.701442718506000E+11    3.607075297038667E+08
                      127    2.438098705005768E+30    3.170527492467523E+33    4.909061049357899E+14    3.528000000000000E+07    2.848989695444882E-13    1.609452821385299E-01    3.343777287786264E+03    2.825969381426987E+03    4.574553354899067E-03    1.173405034851886E+00    3.171773231251517E+33    4.923427830753179E+14    1.139161000000000E-01    0.000000000000000E+00    5.253223000000000E-01    4.252153000000000E-02    1.976369000000000E-03    1.141740000000000E-01    1.025341000000000E-02    1.001642000000000E-04    2.560834000000000E-03    6.049837999999999E-02    5.868573999999999E-02    1.578155000000000E-02    2.136921000000000E-02    0.000000000000000E+00    0.000000000000000E+00    0.000000000000000E+00    0.000000000000000E+00    0.000000000000000E+00    1.722253000000000E-02    0.000000000000000E+00    1.537798000000000E-02    4.090652211507333E+39    1.716047465006667E+11    3.632470550538000E+08
                      128    2.493412290788846E+30    3.173018970035509E+33    4.937794612148458E+14    3.549500000000000E+07    2.848989695444882E-13    1.601796523179049E-01    3.343777287786264E+03    2.822496198642144E+03    4.575553354899066E-03    1.169660575363488E+00    3.174276639278724E+33    4.952251564632515E+14    1.139161000000000E-01    0.000000000000000E+00    5.253223000000000E-01    4.252153000000000E-02    1.976369000000000E-03    1.141740000000000E-01    1.025341000000000E-02    1.001642000000000E-04    2.560834000000000E-03    6.049837999999999E-02    5.868573999999999E-02    1.578155000000000E-02    2.136921000000000E-02    0.000000000000000E+00    0.000000000000000E+00    0.000000000000000E+00    0.000000000000000E+00    0.000000000000000E+00    1.722253000000000E-02    0.000000000000000E+00    1.537798000000000E-02    4.160652211507333E+39    1.716047465006667E+11    3.627075297038667E+08
                      129    2.514390014924711E+30    3.175534308521942E+33    4.966708517116574E+14    3.571000000000000E+07    2.816377580077769E-13    1.601796523179049E-01    3.339658896183325E+03    2.822496198642144E+03    4.591553354899067E-03    1.165922726494171E+00    3.176820809708283E+33    4.981392455366576E+14    1.139161000000000E-01    0.000000000000000E+00    5.253223000000000E-01    4.252153000000000E-02    1.976369000000000E-03    1.141740000000000E-01    1.025341000000000E-02    1.001642000000000E-04    2.560834000000000E-03    6.049837999999999E-02    5.868573999999999E-02    1.578155000000000E-02    2.136921000000000E-02    0.000000000000000E+00    0.000000000000000E+00    0.000000000000000E+00    0.000000000000000E+00    0.000000000000000E+00    1.722253000000000E-02    0.000000000000000E+00    1.537798000000000E-02    4.230652211507333E+39    1.696047465006667E+11    3.582470550538000E+08
                      130    2.572391930852973E+30    3.178107310894624E+33    4.996076393616581E+14    3.593000000000000E+07    2.809900091391999E-13    1.594697269226349E-01    3.336086813432760E+03    2.819469832210287E+03    4.583553354899066E-03    1.162141519794419E+00    3.179426620843833E+33    5.010898337860892E+14    1.139161000000000E-01    0.000000000000000E+00    5.253223000000000E-01    4.252153000000000E-02    1.976369000000000E-03    1.141740000000000E-01    1.025341000000000E-02    1.001642000000000E-04    2.560834000000000E-03    6.049837999999999E-02    5.868573999999999E-02    1.578155000000000E-02    2.136921000000000E-02    0.000000000000000E+00    0.000000000000000E+00    0.000000000000000E+00    0.000000000000000E+00    0.000000000000000E+00    1.722253000000000E-02    0.000000000000000E+00    1.537798000000000E-02    4.305256958008000E+39    1.696047465006667E+11    3.537865804037334E+08
                      131    2.638713353680235E+30    3.180745930793041E+33    5.025720282105205E+14    3.615500000000001E+07    2.829377388332184E-13    1.594697269226349E-01    3.336086813432760E+03    2.819469832210287E+03    4.577092880249000E-03    1.158303742360656E+00    3.182079159611344E+33    5.040508947521199E+14    1.139161000000000E-01    0.000000000000000E+00    5.253223000000000E-01    4.252153000000000E-02    1.976369000000000E-03    1.141740000000000E-01    1.025341000000000E-02    1.001642000000000E-04    2.560834000000000E-03    6.049837999999999E-02    5.868573999999999E-02    1.578155000000000E-02    2.136921000000000E-02    0.000000000000000E+00    0.000000000000000E+00    0.000000000000000E+00    0.000000000000000E+00    0.000000000000000E+00    1.722253000000000E-02    0.000000000000000E+00    1.537798000000000E-02    4.375256958008000E+39    1.706047465006667E+11    3.562470550538000E+08
                      132    2.666547115050267E+30    3.183412388429648E+33    5.055297612937192E+14    3.638230237325033E+07    2.829377388332184E-13    1.587111164383968E-01    3.336086813432760E+03    2.816004637524181E+03    4.577553354899067E-03    1.154474199347656E+00    3.184761524526916E+33    5.070102045417849E+14    1.139161000000000E-01    0.000000000000000E+00    5.253223000000000E-01    4.252153000000000E-02    1.976369000000000E-03    1.141740000000000E-01    1.025341000000000E-02    1.001642000000000E-04    2.560834000000000E-03    6.049837999999999E-02    5.868573999999999E-02    1.578155000000000E-02    2.136921000000000E-02    0.000000000000000E+00    0.000000000000000E+00    0.000000000000000E+00    0.000000000000000E+00    0.000000000000000E+00    1.722253000000000E-02    0.000000000000000E+00    1.537798000000000E-02    4.445256958008000E+39    1.706047465006667E+11    3.552470550538000E+08
                      133    2.699021825058507E+30    3.186110660624185E+33    5.084906477898504E+14    3.660730237325034E+07    2.816377580077769E-13    1.587111164383968E-01    3.336086813432760E+03    2.816004637524181E+03    4.582092880249000E-03    1.150654423525813E+00    3.187563194034730E+33    5.100382318953061E+14    1.139161000000000E-01    0.000000000000000E+00    5.253223000000000E-01    4.252153000000000E-02    1.976369000000000E-03    1.141740000000000E-01    1.025341000000000E-02    1.001642000000000E-04    2.560834000000000E-03    6.049837999999999E-02    5.868573999999999E-02    1.578155000000000E-02    2.136921000000000E-02    0.000000000000000E+00    0.000000000000000E+00    0.000000000000000E+00    0.000000000000000E+00    0.000000000000000E+00    1.722253000000000E-02    0.000000000000000E+00    1.537798000000000E-02    4.525256958008000E+39    1.696047465006667E+11    3.542470550538000E+08
                      134    2.904929620808774E+30    3.189015727445274E+33    5.115858160007620E+14    3.684000000000000E+07    2.881979441310211E-13    1.587111164383968E-01    3.336086813432760E+03    2.816004637524181E+03    4.549092880249000E-03    1.146597799372630E+00    3.190561716119742E+33    5.131821654312556E+14    1.139161000000000E-01    0.000000000000000E+00    5.253223000000000E-01    4.252153000000000E-02    1.976369000000000E-03    1.141740000000000E-01    1.025341000000000E-02    1.001642000000000E-04    2.560834000000000E-03    6.049837999999999E-02    5.868573999999999E-02    1.578155000000000E-02    2.136921000000000E-02    0.000000000000000E+00    0.000000000000000E+00    0.000000000000000E+00    0.000000000000000E+00    0.000000000000000E+00    1.722253000000000E-02    0.000000000000000E+00    1.537798000000000E-02    4.605256958008000E+39    1.736047465006667E+11    3.617075297038667E+08
                      135    3.091112390641714E+30    3.192107704794209E+33    5.147785148617492E+14    3.707000000000000E+07    2.915351190428829E-13    1.587111164383968E-01    3.336086813432760E+03    2.816004637524181E+03    4.532553354899067E-03    1.142380248212085E+00    3.193675565977255E+33    5.163810380896841E+14    1.139161000000000E-01    0.000000000000000E+00    5.253223000000000E-01    4.252153000000000E-02    1.976369000000000E-03    1.141740000000000E-01    1.025341000000000E-02    1.001642000000000E-04    2.560834000000000E-03    6.049837999999999E-02    5.868573999999999E-02    1.578155000000000E-02    2.136921000000000E-02    0.000000000000000E+00    0.000000000000000E+00    0.000000000000000E+00    0.000000000000000E+00    0.000000000000000E+00    1.722253000000000E-02    0.000000000000000E+00    1.537798000000000E-02    4.689861704508666E+39    1.756047465006667E+11    3.651680043539333E+08
                      136    3.136571417105613E+30    3.195243427160300E+33    5.179835613176191E+14    3.729000000000000E+07    2.932353749550901E-13    1.587111164383968E-01    3.336086813432760E+03    2.816004637524181E+03    4.524013829549133E-03    1.138129630062879E+00    3.196780467990350E+33    5.195250567748859E+14    1.139161000000000E-01    0.000000000000000E+00    5.253223000000000E-01    4.252153000000000E-02    1.976369000000000E-03    1.141740000000000E-01    1.025341000000000E-02    1.001642000000000E-04    2.560834000000000E-03    6.049837999999999E-02    5.868573999999999E-02    1.578155000000000E-02    2.136921000000000E-02    0.000000000000000E+00    0.000000000000000E+00    0.000000000000000E+00    0.000000000000000E+00    0.000000000000000E+00    1.722253000000000E-02    0.000000000000000E+00    1.537798000000000E-02    4.774466451009333E+39    1.766047465006667E+11    3.667075297038667E+08
                      137    3.073351913676639E+30    3.198317508820400E+33    5.210665522321528E+14    3.750500000000000E+07    2.939113523072234E-13    1.580076996782727E-01    3.336086813432760E+03    2.812985231541967E+03    4.520013829549132E-03    1.134035084526563E+00    3.199632841949866E+33    5.224251064870321E+14    1.139161000000000E-01    0.000000000000000E+00    5.253223000000000E-01    4.252153000000000E-02    1.976369000000000E-03    1.141740000000000E-01    1.025341000000000E-02    1.001642000000000E-04    2.560834000000000E-03    6.049837999999999E-02    5.868573999999999E-02    1.578155000000000E-02    2.136921000000000E-02    0.000000000000000E+00    0.000000000000000E+00    0.000000000000000E+00    0.000000000000000E+00    0.000000000000000E+00    1.722253000000000E-02    0.000000000000000E+00    1.537798000000000E-02    4.859861704508667E+39    1.766047465006667E+11    3.667075297038667E+08
                      138    2.631370156027748E+30    3.200948175079333E+33    5.237836607419115E+14    3.771000000000000E+07    2.796989773188145E-13    1.572560441767594E-01    3.328414026679443E+03    2.809528006582482E+03    4.589092880249000E-03    1.130548625239350E+00    3.202144203616558E+33    5.250418788671979E+14    1.139161000000000E-01    0.000000000000000E+00    5.253223000000000E-01    4.252153000000000E-02    1.976369000000000E-03    1.141740000000000E-01    1.025341000000000E-02    1.001642000000000E-04    2.560834000000000E-03    6.049837999999999E-02    5.868573999999999E-02    1.578155000000000E-02    2.136921000000000E-02    0.000000000000000E+00    0.000000000000000E+00    0.000000000000000E+00    0.000000000000000E+00    0.000000000000000E+00    1.722253000000000E-02    0.000000000000000E+00    1.537798000000000E-02    4.929861704508667E+39    1.686047465006667E+11    3.497865804037334E+08
                      139    2.391510261735312E+30    3.203340232153783E+33    5.263000969924843E+14    3.791000000000000E+07    2.755281461058612E-13    1.572560441767594E-01    3.328414026679443E+03    2.809528006582482E+03    4.608632405598933E-03    1.127354346983367E+00    3.204562110019327E+33    5.275476792659991E+14    1.139161000000000E-01    0.000000000000000E+00    5.253223000000000E-01    4.252153000000000E-02    1.976369000000000E-03    1.141740000000000E-01    1.025341000000000E-02    1.001642000000000E-04    2.560834000000000E-03    6.049837999999999E-02    5.868573999999999E-02    1.578155000000000E-02    2.136921000000000E-02    0.000000000000000E+00    0.000000000000000E+00    0.000000000000000E+00    0.000000000000000E+00    0.000000000000000E+00    1.722253000000000E-02    0.000000000000000E+00    1.537798000000000E-02    4.999861704508667E+39    1.656047465006667E+11    3.447865804037334E+08
                      140    2.443570808969929E+30    3.205783987884871E+33    5.287952615395139E+14    3.810500000000000E+07    2.806505967899466E-13    1.572560441767594E-01    3.328414026679443E+03    2.809528006582482E+03    4.581632405598933E-03    1.124147065228573E+00    3.207025749849122E+33    5.300417637952964E+14    1.139161000000000E-01    0.000000000000000E+00    5.253223000000000E-01    4.252153000000000E-02    1.976369000000000E-03    1.141740000000000E-01    1.025341000000000E-02    1.001642000000000E-04    2.560834000000000E-03    6.049837999999999E-02    5.868573999999999E-02    1.578155000000000E-02    2.136921000000000E-02    0.000000000000000E+00    0.000000000000000E+00    0.000000000000000E+00    0.000000000000000E+00    0.000000000000000E+00    1.722253000000000E-02    0.000000000000000E+00    1.537798000000000E-02    5.064466451009333E+39    1.691442718506000E+11    3.502470550538000E+08
                      141    2.484524098666826E+30    3.208267511813373E+33    5.312882660510789E+14    3.829500000000000E+07    2.829377388332184E-13    1.572560441767594E-01    3.328414026679443E+03    2.809528006582482E+03    4.571632405598934E-03    1.120923435681088E+00    3.209539099925684E+33    5.325439417983851E+14    1.139161000000000E-01    0.000000000000000E+00    5.253223000000000E-01    4.252153000000000E-02    1.976369000000000E-03    1.141740000000000E-01    1.025341000000000E-02    1.001642000000000E-04    2.560834000000000E-03    6.049837999999999E-02    5.868573999999999E-02    1.578155000000000E-02    2.136921000000000E-02    0.000000000000000E+00    0.000000000000000E+00    0.000000000000000E+00    0.000000000000000E+00    0.000000000000000E+00    1.722253000000000E-02    0.000000000000000E+00    1.537798000000000E-02    5.134466451009333E+39    1.706047465006667E+11    3.522470550538000E+08
                      142    2.543492381792248E+30    3.210810688037996E+33    5.337996175456914E+14    3.848500000000000E+07    2.842437200975157E-13    1.572560441767594E-01    3.328414026679443E+03    2.809528006582482E+03    4.564092880249000E-03    1.117666449810931E+00    3.212100171839143E+33    5.350596178948259E+14    1.139161000000000E-01    0.000000000000000E+00    5.253223000000000E-01    4.252153000000000E-02    1.976369000000000E-03    1.141740000000000E-01    1.025341000000000E-02    1.001642000000000E-04    2.560834000000000E-03    6.049837999999999E-02    5.868573999999999E-02    1.578155000000000E-02    2.136921000000000E-02    0.000000000000000E+00    0.000000000000000E+00    0.000000000000000E+00    0.000000000000000E+00    0.000000000000000E+00    1.722253000000000E-02    0.000000000000000E+00    1.537798000000000E-02    5.204466451009333E+39    1.711442718506000E+11    3.532470550538000E+08
                      143    2.579015324132268E+30    3.213389655640291E+33    5.363196182439602E+14    3.867500000000000E+07    2.842437200975157E-13    1.572560441767594E-01    3.328414026679443E+03    2.809528006582482E+03    4.562092880249000E-03    1.114399674846161E+00    3.214690075695728E+33    5.375779866087792E+14    1.139161000000000E-01    0.000000000000000E+00    5.253223000000000E-01    4.252153000000000E-02    1.976369000000000E-03    1.141740000000000E-01    1.025341000000000E-02    1.001642000000000E-04    2.560834000000000E-03    6.049837999999999E-02    5.868573999999999E-02    1.578155000000000E-02    2.136921000000000E-02    0.000000000000000E+00    0.000000000000000E+00    0.000000000000000E+00    0.000000000000000E+00    0.000000000000000E+00    1.722253000000000E-02    0.000000000000000E+00    1.537798000000000E-02    5.274466451009333E+39    1.716047465006667E+11    3.532470550538000E+08
                      144    2.600893797939559E+30    3.215990495751164E+33    5.388363549735980E+14    3.886500000000000E+07    2.829377388332184E-13    1.565590763802552E-01    3.328414026679443E+03    2.806515545041319E+03    4.569092880249000E-03    1.111147153507219E+00    3.217318753544791E+33    5.401162279305286E+14    1.139161000000000E-01    0.000000000000000E+00    5.253223000000000E-01    4.252153000000000E-02    1.976369000000000E-03    1.141740000000000E-01    1.025341000000000E-02    1.001642000000000E-04    2.560834000000000E-03    6.049837999999999E-02    5.868573999999999E-02    1.578155000000000E-02    2.136921000000000E-02    0.000000000000000E+00    0.000000000000000E+00    0.000000000000000E+00    0.000000000000000E+00    0.000000000000000E+00    1.722253000000000E-02    0.000000000000000E+00    1.537798000000000E-02    5.349071197510000E+39    1.706047465006667E+11    3.512470550538000E+08
                      145    2.654799589534183E+30    3.218647011338417E+33    5.413961008874591E+14    3.906000000000000E+07    2.822870000917109E-13    1.565590763802552E-01    3.328414026679443E+03    2.806515545041319E+03    4.571092880248999E-03    1.107845201402114E+00    3.220007083689974E+33    5.427106250576121E+14    1.139161000000000E-01    0.000000000000000E+00    5.253223000000000E-01    4.252153000000000E-02    1.976369000000000E-03    1.141740000000000E-01    1.025341000000000E-02    1.001642000000000E-04    2.560834000000000E-03    6.049837999999999E-02    5.868573999999999E-02    1.578155000000000E-02    2.136921000000000E-02    0.000000000000000E+00    0.000000000000000E+00    0.000000000000000E+00    0.000000000000000E+00    0.000000000000000E+00    1.722253000000000E-02    0.000000000000000E+00    1.537798000000000E-02    5.419071197510000E+39    1.696047465006667E+11    3.502470550538000E+08
                      146    2.721675778715370E+30    3.221367156041532E+33    5.440251492277651E+14    3.926000000000000E+07    2.809900091391999E-13    1.558143120978014E-01    3.320758886845961E+03    2.803066271478593E+03    4.571092880248999E-03    1.104469418346975E+00    3.222743135672054E+33    5.453634272163336E+14    1.139161000000000E-01    0.000000000000000E+00    5.253223000000000E-01    4.252153000000000E-02    1.976369000000000E-03    1.141740000000000E-01    1.025341000000000E-02    1.001642000000000E-04    2.560834000000000E-03    6.049837999999999E-02    5.868573999999999E-02    1.578155000000000E-02    2.136921000000000E-02    0.000000000000000E+00    0.000000000000000E+00    0.000000000000000E+00    0.000000000000000E+00    0.000000000000000E+00    1.722253000000000E-02    0.000000000000000E+00    1.537798000000000E-02    5.499071197510000E+39    1.691442718506000E+11    3.443261057536667E+08
                      147    2.751338877166444E+30    3.224119115302578E+33    5.467017052049021E+14    3.946769762674966E+07    2.787186116710085E-13    1.558143120978014E-01    3.320758886845961E+03    2.803066271478593E+03    4.582092880249000E-03    1.101052280982234E+00    3.225507025392325E+33    5.480510397815968E+14    1.139161000000000E-01    0.000000000000000E+00    5.253223000000000E-01    4.252153000000000E-02    1.976369000000000E-03    1.141740000000000E-01    1.025341000000000E-02    1.001642000000000E-04    2.560834000000000E-03    6.049837999999999E-02    5.868573999999999E-02    1.578155000000000E-02    2.136921000000000E-02    0.000000000000000E+00    0.000000000000000E+00    0.000000000000000E+00    0.000000000000000E+00    0.000000000000000E+00    1.722253000000000E-02    0.000000000000000E+00    1.537798000000000E-02    5.569071197510000E+39    1.676047465006667E+11    3.423261057536666E+08
                      148    2.775579581900124E+30    3.226894935482072E+33    5.494003743582916E+14    3.968769762674966E+07    2.727036045659948E-13    1.558143120978014E-01    3.320758886845961E+03    2.803066271478593E+03    4.612632405598933E-03    1.097658793525426E+00    3.228468761894730E+33    5.508710651163174E+14    1.139161000000000E-01    0.000000000000000E+00    5.253223000000000E-01    4.252153000000000E-02    1.976369000000000E-03    1.141740000000000E-01    1.025341000000000E-02    1.001642000000000E-04    2.560834000000000E-03    6.049837999999999E-02    5.868573999999999E-02    1.578155000000000E-02    2.136921000000000E-02    0.000000000000000E+00    0.000000000000000E+00    0.000000000000000E+00    0.000000000000000E+00    0.000000000000000E+00    1.722253000000000E-02    0.000000000000000E+00    1.537798000000000E-02    5.649071197510000E+39    1.641442718506000E+11    3.353261057536667E+08
                      149    3.148422339934974E+30    3.230042588307387E+33    5.523417558743432E+14    3.991000000000000E+07    2.829377388332184E-13    1.551237341404637E-01    3.320758886845961E+03    2.800060738406713E+03    4.561632405598933E-03    1.093863672985045E+00    3.231800342633085E+33    5.539192582099981E+14    1.139161000000000E-01    0.000000000000000E+00    5.253223000000000E-01    4.252153000000000E-02    1.976369000000000E-03    1.141740000000000E-01    1.025341000000000E-02    1.001642000000000E-04    2.560834000000000E-03    6.049837999999999E-02    5.868573999999999E-02    1.578155000000000E-02    2.136921000000000E-02    0.000000000000000E+00    0.000000000000000E+00    0.000000000000000E+00    0.000000000000000E+00    0.000000000000000E+00    1.722253000000000E-02    0.000000000000000E+00    1.537798000000000E-02    5.733675944010666E+39    1.706047465006667E+11    3.467865804037334E+08
                      150    3.514049158549060E+30    3.233558096958781E+33    5.554967605456530E+14    4.014000000000000E+07    2.888623090058042E-13    1.551237341404637E-01    3.320758886845961E+03    2.800060738406713E+03    4.530553354899066E-03    1.089735946094705E+00    3.235328775948638E+33    5.571010075349619E+14    1.139161000000000E-01    0.000000000000000E+00    5.253223000000000E-01    4.252153000000000E-02    1.976369000000000E-03    1.141740000000000E-01    1.025341000000000E-02    1.001642000000000E-04    2.560834000000000E-03    6.049837999999999E-02    5.868573999999999E-02    1.578155000000000E-02    2.136921000000000E-02    0.000000000000000E+00    0.000000000000000E+00    0.000000000000000E+00    0.000000000000000E+00    0.000000000000000E+00    1.722253000000000E-02    0.000000000000000E+00    1.537798000000000E-02    5.833675944010666E+39    1.741442718506000E+11    3.537075297038667E+08
                      151    3.542423767403922E+30    3.237099454938495E+33    5.587052545242708E+14    4.038500000000001E+07    2.835899776824514E-13    1.543857978979934E-01    3.320758886845961E+03    2.796619397953039E+03    4.558092880249000E-03    1.085589848655838E+00    3.238901948486283E+33    5.603383108681530E+14    1.139161000000000E-01    0.000000000000000E+00    5.253223000000000E-01    4.252153000000000E-02    1.976369000000000E-03    1.141740000000000E-01    1.025341000000000E-02    1.001642000000000E-04    2.560834000000000E-03    6.049837999999999E-02    5.868573999999999E-02    1.578155000000000E-02    2.136921000000000E-02    0.000000000000000E+00    0.000000000000000E+00    0.000000000000000E+00    0.000000000000000E+00    0.000000000000000E+00    1.722253000000000E-02    0.000000000000000E+00    1.537798000000000E-02    5.928280690511334E+39    1.706047465006667E+11    3.467865804037334E+08
                      152    3.603925284704612E+30    3.240704442034071E+33    5.619713672120351E+14    4.064000000000000E+07    2.793611244276521E-13    1.543857978979934E-01    3.320758886845961E+03    2.796619397953039E+03    4.576632405598934E-03    1.081415413959470E+00    3.242605361870457E+33    5.636670669437552E+14    1.139161000000000E-01    0.000000000000000E+00    5.253223000000000E-01    4.252153000000000E-02    1.976369000000000E-03    1.141740000000000E-01    1.025341000000000E-02    1.001642000000000E-04    2.560834000000000E-03    6.049837999999999E-02    5.868573999999999E-02    1.578155000000000E-02    2.136921000000000E-02    0.000000000000000E+00    0.000000000000000E+00    0.000000000000000E+00    0.000000000000000E+00    0.000000000000000E+00    1.722253000000000E-02    0.000000000000000E+00    1.537798000000000E-02    6.028280690511333E+39    1.686047465006667E+11    3.417865804037334E+08
                      153    3.802110096517087E+30    3.244506281706845E+33    5.653627666754755E+14    4.090269762674966E+07    2.816377580077769E-13    1.543857978979934E-01    3.320758886845961E+03    2.796619397953039E+03    4.565092880249000E-03    1.077056465101137E+00    3.246483755323254E+33    5.671041039028655E+14    1.139161000000000E-01    0.000000000000000E+00    5.253223000000000E-01    4.252153000000000E-02    1.976369000000000E-03    1.141740000000000E-01    1.025341000000000E-02    1.001642000000000E-04    2.560834000000000E-03    6.049837999999999E-02    5.868573999999999E-02    1.578155000000000E-02    2.136921000000000E-02    0.000000000000000E+00    0.000000000000000E+00    0.000000000000000E+00    0.000000000000000E+00    0.000000000000000E+00    1.722253000000000E-02    0.000000000000000E+00    1.537798000000000E-02    6.133675944010667E+39    1.696047465006667E+11    3.437865804037334E+08
                      154    3.955167946314069E+30    3.248461228939664E+33    5.688454411302554E+14    4.117769762674966E+07    2.809900091391999E-13    1.543857978979934E-01    3.320758886845961E+03    2.796619397953039E+03    4.566632405598933E-03    1.072589004995997E+00    3.250436714146203E+33    5.706099809650928E+14    1.139161000000000E-01    0.000000000000000E+00    5.253223000000000E-01    4.252153000000000E-02    1.976369000000000E-03    1.141740000000000E-01    1.025341000000000E-02    1.001642000000000E-04    2.560834000000000E-03    6.049837999999999E-02    5.868573999999999E-02    1.578155000000000E-02    2.136921000000000E-02    0.000000000000000E+00    0.000000000000000E+00    0.000000000000000E+00    0.000000000000000E+00    0.000000000000000E+00    1.722253000000000E-02    0.000000000000000E+00    1.537798000000000E-02    6.238280690511332E+39    1.696047465006667E+11    3.427865804037334E+08
                      155    3.951288558656337E+30    3.252412199352740E+33    5.723745207999302E+14    4.147000000000000E+07    2.742622092665974E-13    1.537015511974243E-01    3.316668846051401E+03    2.793620777415404E+03    4.601171930948866E-03    1.068137126788713E+00    3.254626293743762E+33    5.742898631696384E+14    1.139161000000000E-01    0.000000000000000E+00    5.253223000000000E-01    4.252153000000000E-02    1.976369000000000E-03    1.141740000000000E-01    1.025341000000000E-02    1.001642000000000E-04    2.560834000000000E-03    6.049837999999999E-02    5.868573999999999E-02    1.578155000000000E-02    2.136921000000000E-02    0.000000000000000E+00    0.000000000000000E+00    0.000000000000000E+00    0.000000000000000E+00    0.000000000000000E+00    1.722253000000000E-02    0.000000000000000E+00    1.537798000000000E-02    6.352885437012001E+39    1.651442718506000E+11    3.343261057536667E+08
                      156    4.427737413003909E+30    3.256840388134785E+33    5.762052055393466E+14    4.177000000000000E+07    2.809900091391999E-13    1.537015511974243E-01    3.320758886845961E+03    2.793620777415404E+03    4.566171930948867E-03    1.063223806409400E+00    3.259649017077145E+33    5.784063066807321E+14    1.139161000000000E-01    0.000000000000000E+00    5.253223000000000E-01    4.252153000000000E-02    1.976369000000000E-03    1.141740000000000E-01    1.025341000000000E-02    1.001642000000000E-04    2.560834000000000E-03    6.049837999999999E-02    5.868573999999999E-02    1.578155000000000E-02    2.136921000000000E-02    0.000000000000000E+00    0.000000000000000E+00    0.000000000000000E+00    0.000000000000000E+00    0.000000000000000E+00    1.722253000000000E-02    0.000000000000000E+00    1.537798000000000E-02    6.472885437012000E+39    1.696047465006667E+11    3.417865804037334E+08
                      157    5.618311741953462E+30    3.262457646019506E+33    5.806074078221175E+14    4.207500000000000E+07    3.038721358586488E-13    1.529703803950904E-01    3.320758886845961E+03    2.790187351825137E+03    4.456013829549132E-03    1.057264672283923E+00    3.265547634958572E+33    5.829259361511345E+14    1.139161000000000E-01    0.000000000000000E+00    5.253223000000000E-01    4.252153000000000E-02    1.976369000000000E-03    1.141740000000000E-01    1.025341000000000E-02    1.001642000000000E-04    2.560834000000000E-03    6.049837999999999E-02    5.868573999999999E-02    1.578155000000000E-02    2.136921000000000E-02    0.000000000000000E+00    0.000000000000000E+00    0.000000000000000E+00    0.000000000000000E+00    0.000000000000000E+00    1.722253000000000E-02    0.000000000000000E+00    1.537798000000000E-02    6.632885437011999E+39    1.830652211507333E+11    3.671680043539333E+08
                      158    6.179132803934493E+30    3.268637623897637E+33    5.852444644801512E+14    4.237500000000000E+07    3.127637135345992E-13    1.529703803950904E-01    3.324314557367101E+03    2.790187351825137E+03    4.416013829549132E-03    1.050861844796871E+00    3.271831010149977E+33    5.875119240369331E+14    1.139161000000000E-01    0.000000000000000E+00    5.253223000000000E-01    4.252153000000000E-02    1.976369000000000E-03    1.141740000000000E-01    1.025341000000000E-02    1.001642000000000E-04    2.560834000000000E-03    6.049837999999999E-02    5.868573999999999E-02    1.578155000000000E-02    2.136921000000000E-02    0.000000000000000E+00    0.000000000000000E+00    0.000000000000000E+00    0.000000000000000E+00    0.000000000000000E+00    1.722253000000000E-02    0.000000000000000E+00    1.537798000000000E-02    6.797490183512667E+39    1.886047465006667E+11    3.766284790040000E+08
                      159    6.387665300714081E+30    3.275024396402318E+33    5.897793835937150E+14    4.267000000000000E+07    3.245012402289113E-13    1.522924069059791E-01    3.320758886845961E+03    2.787195627923359E+03    4.361013829549133E-03    1.044445898937084E+00    3.277698807678407E+33    5.917306747372811E+14    1.139161000000000E-01    0.000000000000000E+00    5.253223000000000E-01    4.252153000000000E-02    1.976369000000000E-03    1.141740000000000E-01    1.025341000000000E-02    1.001642000000000E-04    2.560834000000000E-03    6.049837999999999E-02    5.868573999999999E-02    1.578155000000000E-02    2.136921000000000E-02    0.000000000000000E+00    0.000000000000000E+00    0.000000000000000E+00    0.000000000000000E+00    0.000000000000000E+00    1.722253000000000E-02    0.000000000000000E+00    1.537798000000000E-02    6.977490183512667E+39    1.950652211507333E+11    3.855494283041334E+08
                      160    5.348762899881634E+30    3.280373218954497E+33    5.936819658808472E+14    4.297000000000000E+07    3.003937402830809E-13    1.515679395178540E-01    3.313121353345527E+03    2.783770098992821E+03    4.460632405598933E-03    1.039218317826921E+00    3.282152845788771E+33    5.952645682438196E+14    1.139161000000000E-01    0.000000000000000E+00    5.253223000000000E-01    4.252153000000000E-02    1.976369000000000E-03    1.141740000000000E-01    1.025341000000000E-02    1.001642000000000E-04    2.560834000000000E-03    6.049837999999999E-02    5.868573999999999E-02    1.578155000000000E-02    2.136921000000000E-02    0.000000000000000E+00    0.000000000000000E+00    0.000000000000000E+00    0.000000000000000E+00    0.000000000000000E+00    1.722253000000000E-02    0.000000000000000E+00    1.537798000000000E-02    7.112094930013333E+39    1.810652211507333E+11    3.557075297038667E+08
                      161    3.558140159021919E+30    3.283932472623045E+33    5.968471706067920E+14    4.325500000000000E+07    2.515600288946039E-13    1.515679395178540E-01    3.301430136920603E+03    2.783770098992821E+03    4.710409083048466E-03    1.035469336911092E+00    3.286391141428163E+33    5.986522222532788E+14    1.139161000000000E-01    0.000000000000000E+00    5.253223000000000E-01    4.252153000000000E-02    1.976369000000000E-03    1.141740000000000E-01    1.025341000000000E-02    1.001642000000000E-04    2.560834000000000E-03    6.049837999999999E-02    5.868573999999999E-02    1.578155000000000E-02    2.136921000000000E-02    0.000000000000000E+00    0.000000000000000E+00    0.000000000000000E+00    0.000000000000000E+00    0.000000000000000E+00    1.722253000000000E-02    0.000000000000000E+00    1.537798000000000E-02    7.212094930013333E+39    1.516047465006667E+11    3.029446818034667E+08
                      162    4.918578377995593E+30    3.288849810233282E+33    6.004572738997655E+14    4.351500000000000E+07    3.123855082091927E-13    1.515679395178540E-01    3.316668846051401E+03    2.783770098992821E+03    4.407632405598933E-03    1.030500224665385E+00    3.291672358044738E+33    6.023007518494325E+14    1.139161000000000E-01    0.000000000000000E+00    5.253223000000000E-01    4.252153000000000E-02    1.976369000000000E-03    1.141740000000000E-01    1.025341000000000E-02    1.001642000000000E-04    2.560834000000000E-03    6.049837999999999E-02    5.868573999999999E-02    1.578155000000000E-02    2.136921000000000E-02    0.000000000000000E+00    0.000000000000000E+00    0.000000000000000E+00    0.000000000000000E+00    0.000000000000000E+00    1.722253000000000E-02    0.000000000000000E+00    1.537798000000000E-02    7.352094930013333E+39    1.880652211507333E+11    3.696284790040001E+08
                      163    5.644755604823876E+30    3.294494905856194E+33    6.041442297990998E+14    4.377230237325034E+07    3.237549080868823E-13    1.508961817270519E-01    3.320758886845961E+03    2.780785255865076E+03    4.359092880249000E-03    1.025298355613934E+00    3.296697069787993E+33    6.057986528068164E+14    1.139161000000000E-01    0.000000000000000E+00    5.253223000000000E-01    4.252153000000000E-02    1.976369000000000E-03    1.141740000000000E-01    1.025341000000000E-02    1.001642000000000E-04    2.560834000000000E-03    6.049837999999999E-02    5.868573999999999E-02    1.578155000000000E-02    2.136921000000000E-02    0.000000000000000E+00    0.000000000000000E+00    0.000000000000000E+00    0.000000000000000E+00    0.000000000000000E+00    1.722253000000000E-02    0.000000000000000E+00    1.537798000000000E-02    7.496699676514000E+39    1.950652211507333E+11    3.815494283041334E+08
                      164    4.403629931731566E+30    3.298899233719790E+33    6.074530758145330E+14    4.403730237325034E+07    2.885133875789868E-13    1.501783562958645E-01    3.309040719383757E+03    2.777367605432452E+03    4.514711456298800E-03    1.020989915211856E+00    3.301097420831847E+33    6.090856782615276E+14    1.139161000000000E-01    0.000000000000000E+00    5.253223000000000E-01    4.252153000000000E-02    1.976369000000000E-03    1.141740000000000E-01    1.025341000000000E-02    1.001642000000000E-04    2.560834000000000E-03    6.049836000000000E-02    5.868572000000000E-02    1.578155000000000E-02    2.136920000000000E-02    0.000000000000000E+00    0.000000000000000E+00    0.000000000000000E+00    0.000000000000000E+00    0.000000000000000E+00    1.722252000000000E-02    0.000000000000000E+00    1.537798000000000E-02    7.616699676514000E+39    1.736047465006667E+11    3.422470550538000E+08
                      165    4.396515401214209E+30    3.303295607943904E+33    6.107182807085222E+14    4.429999999999999E+07    2.905132668409964E-13    1.501783562958645E-01    3.309040719383757E+03    2.777367605432452E+03    4.504250981648732E-03    1.016718778347161E+00    3.305512684949732E+33    6.123658222849385E+14    1.139607000000000E-01    0.000000000000000E+00    5.253511000000000E-01    4.251835000000000E-02    1.976766000000000E-03    1.141497000000000E-01    1.025297000000000E-02    1.001843000000000E-04    2.560934000000000E-03    6.048309000000000E-02    5.867089000000000E-02    1.577755000000000E-02    2.136379000000000E-02    0.000000000000000E+00    0.000000000000000E+00    0.000000000000000E+00    0.000000000000000E+00    0.000000000000000E+00    1.721807000000000E-02    0.000000000000000E+00    1.537595000000000E-02    7.736699676513999E+39    1.750652211507333E+11    3.442470550538000E+08
                      166    4.435213834117734E+30    3.307729761955560E+33    6.140133638613549E+14    4.456500000000000E+07    2.908646068756001E-13    1.501783562958645E-01    3.305501385684697E+03    2.777367605432452E+03    4.501711456298799E-03    1.012405690029101E+00    3.310047253659859E+33    6.157008683081420E+14    1.172429000000000E-01    0.000000000000000E+00    5.274740999999998E-01    4.228400000000000E-02    2.005963000000000E-03    1.123615000000000E-01    1.022080000000000E-02    1.016640000000000E-04    2.568315000000000E-03    5.935756000000000E-02    5.757787000000000E-02    1.548334000000000E-02    2.096498000000000E-02    0.000000000000000E+00    0.000000000000000E+00    0.000000000000000E+00    0.000000000000000E+00    0.000000000000000E+00    1.688956000000000E-02    0.000000000000000E+00    1.522626000000000E-02    7.861304423014667E+39    1.750652211507333E+11    3.397865804037334E+08
                      167    4.633679011721976E+30    3.312364745364158E+33    6.173883727549292E+14    4.483500000000000E+07    2.918542151538260E-13    1.495127572175075E-01    3.305501385684697E+03    2.774389627253402E+03    4.496171930948867E-03    1.007978441967045E+00    3.314782651766926E+33    6.191278360828402E+14    1.172565000000000E-01    0.000000000000000E+00    5.274829000000000E-01    4.228303000000000E-02    2.006084000000000E-03    1.123541000000000E-01    1.022067000000000E-02    1.016702000000000E-04    2.568345000000000E-03    5.935289000000000E-02    5.757332999999999E-02    1.548212000000000E-02    2.096333000000000E-02    0.000000000000000E+00    0.000000000000000E+00    0.000000000000000E+00    0.000000000000000E+00    0.000000000000000E+00    1.688820000000000E-02    0.000000000000000E+00    1.522564000000000E-02    7.991304423014666E+39    1.756047465006667E+11    3.397865804037334E+08
                      168    4.836799056833524E+30    3.317200558169695E+33    6.208672994107512E+14    4.511769762674966E+07    2.905132668409964E-13    1.488015128494306E-01    3.305501385684697E+03    2.770979837198651E+03    4.502711456298800E-03    1.003429255958474E+00    3.319631389236623E+33    6.226530748017291E+14    1.172566000000000E-01    0.000000000000000E+00    5.274829000000000E-01    4.228303000000000E-02    2.006085000000000E-03    1.123541000000000E-01    1.022067000000000E-02    1.016702000000000E-04    2.568345000000000E-03    5.935288000000000E-02    5.757332000000000E-02    1.548212000000000E-02    2.096333000000000E-02    0.000000000000000E+00    0.000000000000000E+00    0.000000000000000E+00    0.000000000000000E+00    0.000000000000000E+00    1.688819000000000E-02    0.000000000000000E+00    1.522564000000000E-02    8.121304423014667E+39    1.746047465006667E+11    3.377865804037334E+08
                      169    4.861393698524189E+30    3.322062220303552E+33    6.244388501927069E+14    4.542039525349933E+07    2.806505967899466E-13    1.488015128494306E-01    3.305501385684697E+03    2.770979837198651E+03    4.493711456298800E-03    9.989265707661970E-01    3.324678967693390E+33    6.263489701370915E+14    1.172566000000000E-01    0.000000000000000E+00    5.274829000000000E-01    4.228303000000000E-02    2.006085000000000E-03    1.123541000000000E-01    1.022067000000000E-02    1.016702000000000E-04    2.568345000000000E-03    5.935288000000000E-02    5.757332000000000E-02    1.548212000000000E-02    2.096333000000000E-02    0.000000000000000E+00    0.000000000000000E+00    0.000000000000000E+00    0.000000000000000E+00    0.000000000000000E+00    1.688819000000000E-02    0.000000000000000E+00    1.522564000000000E-02    8.255909169515334E+39    1.696047465006667E+11    3.278656311036000E+08
                      170    5.232548296578816E+30    3.327295715083228E+33    6.282590900814762E+14    4.572769762674966E+07    2.800051183291675E-13    1.488015128494306E-01    3.305501385684697E+03    2.770979837198651E+03    4.498711456298800E-03    9.941160746314974E-01    3.330635249461067E+33    6.304482804891951E+14    1.172566000000000E-01    0.000000000000000E+00    5.274829000000000E-01    4.228303000000000E-02    2.006085000000000E-03    1.123541000000000E-01    1.022067000000000E-02    1.016702000000000E-04    2.568345000000000E-03    5.935288000000000E-02    5.757332000000000E-02    1.548212000000000E-02    2.096333000000000E-02    0.000000000000000E+00    0.000000000000000E+00    0.000000000000000E+00    0.000000000000000E+00    0.000000000000000E+00    1.688819000000000E-02    0.000000000000000E+00    1.522564000000000E-02    8.395909169515332E+39    1.686047465006667E+11    3.258656311036000E+08
                      171    6.680136531775316E+30    3.333974783838903E+33    6.326374708969140E+14    4.605000000000000E+07    3.109502271735405E-13    1.488015128494306E-01    3.313121353345527E+03    2.770979837198651E+03    4.355553354899067E-03    9.881879026304528E-01    3.337761710437648E+33    6.350305033615088E+14    1.172566000000000E-01    0.000000000000000E+00    5.274829000000000E-01    4.228303000000000E-02    2.006085000000000E-03    1.123541000000000E-01    1.022067000000000E-02    1.016702000000000E-04    2.568345000000000E-03    5.935288000000000E-02    5.757332000000000E-02    1.548212000000000E-02    2.096333000000000E-02    0.000000000000000E+00    0.000000000000000E+00    0.000000000000000E+00    0.000000000000000E+00    0.000000000000000E+00    1.688819000000000E-02    0.000000000000000E+00    1.522564000000000E-02    8.585909169515333E+39    1.870652211507333E+11    3.587075297038667E+08
                      172    7.574181285117540E+30    3.341548637036392E+33    6.374235358261032E+14    4.640499999999999E+07    3.073908093566816E-13    1.474372923795873E-01    3.297898943463160E+03    2.764606760424102E+03    4.360092880249000E-03    9.817752935320994E-01    3.345299772257465E+33    6.398734898549812E+14    1.172566000000000E-01    0.000000000000000E+00    5.274829000000000E-01    4.228303000000000E-02    2.006085000000000E-03    1.123541000000000E-01    1.022067000000000E-02    1.016702000000000E-04    2.568345000000000E-03    5.935288000000000E-02    5.757332000000000E-02    1.548212000000000E-02    2.096333000000000E-02    0.000000000000000E+00    0.000000000000000E+00    0.000000000000000E+00    0.000000000000000E+00    0.000000000000000E+00    1.688819000000000E-02    0.000000000000000E+00    1.522564000000000E-02    8.785118662516667E+39    1.850652211507333E+11    3.482470550538000E+08
                      173    7.502264476914133E+30    3.349050907478536E+33    6.423234438838591E+14    4.683000000000000E+07    3.010862193715441E-13    1.467838418535343E-01    3.297898943463160E+03    2.761642464811920E+03    4.388171930948866E-03    9.753035326542299E-01    3.353572551524504E+33    6.454617123564872E+14    1.172566000000000E-01    0.000000000000000E+00    5.274829000000000E-01    4.228303000000000E-02    2.006085000000000E-03    1.123541000000000E-01    1.022067000000000E-02    1.016702000000000E-04    2.568345000000000E-03    5.935288000000000E-02    5.757332000000000E-02    1.548212000000000E-02    2.096333000000000E-02    0.000000000000000E+00    0.000000000000000E+00    0.000000000000000E+00    0.000000000000000E+00    0.000000000000000E+00    1.688819000000000E-02    0.000000000000000E+00    1.522564000000000E-02    8.985118662516665E+39    1.810652211507333E+11    3.422470550538000E+08
                      174    9.043107146636500E+30    3.358094195570471E+33    6.485999808291150E+14    4.736500000000000E+07    3.017802947891704E-13    1.467838418535343E-01    3.297898943463160E+03    2.761642464811920E+03    4.385171930948867E-03    9.670001289471675E-01    3.364150892036617E+33    6.524182660156062E+14    1.172566000000000E-01    0.000000000000000E+00    5.274829000000000E-01    4.228303000000000E-02    2.006085000000000E-03    1.123541000000000E-01    1.022067000000000E-02    1.016702000000000E-04    2.568345000000000E-03    5.935288000000000E-02    5.757332000000000E-02    1.548212000000000E-02    2.096333000000000E-02    0.000000000000000E+00    0.000000000000000E+00    0.000000000000000E+00    0.000000000000000E+00    0.000000000000000E+00    1.688819000000000E-02    0.000000000000000E+00    1.522564000000000E-02    9.255118662516666E+39    1.820652211507333E+11    3.432470550538000E+08
                      175    1.211386816225162E+31    3.370207588502764E+33    6.562365512020972E+14    4.794500000000000E+07    3.070195070564247E-13    1.460855791581903E-01    3.297898943463160E+03    2.758248341319389E+03    4.362171930948866E-03    9.567761504474734E-01    3.376676880017080E+33    6.599925837113946E+14    1.172566000000000E-01    0.000000000000000E+00    5.274829000000000E-01    4.228303000000000E-02    2.006085000000000E-03    1.123541000000000E-01    1.022067000000000E-02    1.016702000000000E-04    2.568345000000000E-03    5.935288000000000E-02    5.757332000000000E-02    1.548212000000000E-02    2.096333000000000E-02    0.000000000000000E+00    0.000000000000000E+00    0.000000000000000E+00    0.000000000000000E+00    0.000000000000000E+00    1.688819000000000E-02    0.000000000000000E+00    1.522564000000000E-02    9.594328155518001E+39    1.850652211507333E+11    3.477075297038667E+08
                      176    1.293836430354643E+31    3.383146171531396E+33    6.637486162206920E+14    4.850000000000000E+07    3.116670414775524E-13    1.454381195025696E-01    3.297898943463160E+03    2.755290863397925E+03    4.340171930948867E-03    9.466179626812468E-01    3.389466332305410E+33    6.672927779724049E+14    1.172566000000000E-01    0.000000000000000E+00    5.274829000000000E-01    4.228303000000000E-02    2.006085000000000E-03    1.123541000000000E-01    1.022067000000000E-02    1.016702000000000E-04    2.568345000000000E-03    5.935288000000000E-02    5.757332000000000E-02    1.548212000000000E-02    2.096333000000000E-02    0.000000000000000E+00    0.000000000000000E+00    0.000000000000000E+00    0.000000000000000E+00    0.000000000000000E+00    1.688819000000000E-02    0.000000000000000E+00    1.522564000000000E-02    9.948932902018667E+39    1.880652211507333E+11    3.511680043539333E+08
                      177    1.263983438760919E+31    3.395786493079423E+33    6.708369397241178E+14    4.905000000000000E+07    3.127274258522944E-13    1.447462585180959E-01    3.297898943463160E+03    2.751904546172806E+03    4.333171930948867E-03    9.370158087502896E-01    3.402353216677403E+33    6.745060315401115E+14    1.172568000000000E-01    0.000000000000000E+00    5.274829999999999E-01    4.228301000000000E-02    2.006086000000000E-03    1.123540000000000E-01    1.022067000000000E-02    1.016703000000000E-04    2.568346000000000E-03    5.935281000000000E-02    5.757324999999999E-02    1.548210000000000E-02    2.096330000000000E-02    0.000000000000000E+00    0.000000000000000E+00    0.000000000000000E+00    0.000000000000000E+00    0.000000000000000E+00    1.688817000000000E-02    0.000000000000000E+00    1.522563000000000E-02    1.023814239502000E+40    1.880652211507333E+11    3.507075297038667E+08
                      178    1.313233169802316E+31    3.408919940275384E+33    6.781751233561050E+14    4.962000000000000E+07    3.127274258522944E-13    1.441047348082780E-01    3.297898943463160E+03    2.748953870261809E+03    4.330711456298800E-03    9.270808461803728E-01    3.415845571855024E+33    6.820030779281972E+14    1.172913000000000E-01    0.000000000000000E+00    5.275040000000000E-01    4.228052000000000E-02    2.006389000000000E-03    1.123356000000000E-01    1.022032000000000E-02    1.016856000000000E-04    2.568421000000000E-03    5.934128000000000E-02    5.756206000000000E-02    1.547908000000000E-02    2.095922000000000E-02    0.000000000000000E+00    0.000000000000000E+00    0.000000000000000E+00    0.000000000000000E+00    0.000000000000000E+00    1.688481000000000E-02    0.000000000000000E+00    1.522408000000000E-02    1.063814239502000E+40    1.880652211507333E+11    3.487075297038667E+08
                      179    1.385266299983159E+31    3.422771203434667E+33    6.858310325002894E+14    5.017000000000000E+07    3.102350614966789E-13    1.427835746583427E-01    3.282746474201107E+03    2.742631451805462E+03    4.326711456298800E-03    9.168076784108088E-01    3.429357811131354E+33    6.892887204007412E+14    1.208109000000000E-01    0.000000000000000E+00    5.296443000000000E-01    4.202646000000000E-02    2.037246000000000E-03    1.104635000000000E-01    1.018447000000000E-02    1.032495000000000E-04    2.576073000000000E-03    5.816668999999999E-02    5.642129000000000E-02    1.517200000000000E-02    2.054295000000000E-02    0.000000000000000E+00    0.000000000000000E+00    0.000000000000000E+00    0.000000000000000E+00    0.000000000000000E+00    1.654245000000000E-02    0.000000000000000E+00    1.506590000000000E-02    1.103814239502000E+40    1.870652211507333E+11    3.327865804037334E+08
                      180    1.317242002942630E+31    3.435944418828041E+33    6.927464083011932E+14    5.067500000000000E+07    3.112905738477716E-13    1.421043415599795E-01    3.282746474201107E+03    2.739260693294706E+03    4.322711456298800E-03    9.075053652503664E-01    3.442112466246946E+33    6.959857884571198E+14    1.209468000000000E-01    0.000000000000000E+00    5.297269999999999E-01    4.201665000000000E-02    2.038438000000000E-03    1.103912000000000E-01    1.018308000000000E-02    1.033099000000000E-04    2.576368000000000E-03    5.812133000000000E-02    5.637723000000000E-02    1.516015000000000E-02    2.052688000000000E-02    0.000000000000000E+00    0.000000000000000E+00    0.000000000000000E+00    0.000000000000000E+00    0.000000000000000E+00    1.652923000000000E-02    0.000000000000000E+00    1.505979000000000E-02    1.133814239502000E+40    1.870652211507333E+11    3.347865804037334E+08
                      181    1.233581248360906E+31    3.448280513665852E+33    6.992251686130465E+14    5.112500000000000E+07    3.138274142010964E-13    1.408015211255808E-01    3.282746474201107E+03    2.732960568526741E+03    4.311171930948867E-03    8.987426518703847E-01    3.453527927314624E+33    7.019130049199026E+14    1.209473000000000E-01    0.000000000000000E+00    5.297273000000000E-01    4.201661000000000E-02    2.038442000000000E-03    1.103909000000000E-01    1.018308000000000E-02    1.033101000000000E-04    2.576368999999999E-03    5.812115999999999E-02    5.637707000000000E-02    1.516010000000000E-02    2.052682000000000E-02    0.000000000000000E+00    0.000000000000000E+00    0.000000000000000E+00    0.000000000000000E+00    0.000000000000000E+00    1.652918000000000E-02    0.000000000000000E+00    1.505977000000000E-02    1.163814239502000E+40    1.890652211507333E+11    3.357865804037334E+08
                      182    1.049563061513207E+31    3.458775340963396E+33    7.046008412267586E+14    5.151000000000000E+07    3.120081727318970E-13    1.401774807178681E-01    3.282746474201107E+03    2.730030204925839E+03    4.315711456298799E-03    8.915065880995423E-01    3.463155807908544E+33    7.069388579988296E+14    1.209473000000000E-01    0.000000000000000E+00    5.297273000000000E-01    4.201661000000000E-02    2.038442000000000E-03    1.103909000000000E-01    1.018308000000000E-02    1.033101000000000E-04    2.576368999999999E-03    5.812115999999999E-02    5.637707000000000E-02    1.516010000000000E-02    2.052682000000000E-02    0.000000000000000E+00    0.000000000000000E+00    0.000000000000000E+00    0.000000000000000E+00    0.000000000000000E+00    1.652918000000000E-02    0.000000000000000E+00    1.505977000000000E-02    1.193814239502000E+40    1.880652211507333E+11    3.327865804037334E+08
                      183    8.760758910226986E+30    3.467536274853692E+33    7.092768747709008E+14    5.186500000000000E+07    3.014157695196545E-13    1.395106450207191E-01    3.275196366823707E+03    2.726674933643650E+03    4.359171930948867E-03    8.853647006715510E-01    3.471973411480155E+33    7.116429845163310E+14    1.209473000000000E-01    0.000000000000000E+00    5.297273000000000E-01    4.201661000000000E-02    2.038442000000000E-03    1.103909000000000E-01    1.018308000000000E-02    1.033101000000000E-04    2.576368999999999E-03    5.812115999999999E-02    5.637707000000000E-02    1.516010000000000E-02    2.052682000000000E-02    0.000000000000000E+00    0.000000000000000E+00    0.000000000000000E+00    0.000000000000000E+00    0.000000000000000E+00    1.652918000000000E-02    0.000000000000000E+00    1.505977000000000E-02    1.218418986002667E+40    1.816047465006667E+11    3.208656311036000E+08
                      184    8.874790239491781E+30    3.476410548106617E+33    7.140090942617615E+14    5.222000000000000E+07    3.000308898550433E-13    1.395106450207191E-01    3.275196366823707E+03    2.726674933643650E+03    4.363711456298800E-03    8.791711433083027E-01    3.480913302258813E+33    7.163892453265010E+14    1.209473000000000E-01    0.000000000000000E+00    5.297273000000000E-01    4.201661000000000E-02    2.038442000000000E-03    1.103909000000000E-01    1.018308000000000E-02    1.033101000000000E-04    2.576368999999999E-03    5.812115999999999E-02    5.637707000000000E-02    1.516010000000000E-02    2.052682000000000E-02    0.000000000000000E+00    0.000000000000000E+00    0.000000000000000E+00    0.000000000000000E+00    0.000000000000000E+00    1.652918000000000E-02    0.000000000000000E+00    1.505977000000000E-02    1.243814239502000E+40    1.806047465006667E+11    3.184051564535334E+08
                      185    9.005884113857033E+30    3.485416056411009E+33    7.187693963912405E+14    5.258000000000000E+07    3.010862193715441E-13    1.388923258498538E-01    3.275196366823707E+03    2.723751309692009E+03    4.302632405598933E-03    8.730063155337340E-01    3.490097767451567E+33    7.211381473351509E+14    1.209473000000000E-01    0.000000000000000E+00    5.297273000000000E-01    4.201661000000000E-02    2.038443000000000E-03    1.103909000000000E-01    1.018308000000000E-02    1.033101000000000E-04    2.576368999999999E-03    5.812115999999999E-02    5.637707000000000E-02    1.516010000000000E-02    2.052682000000000E-02    0.000000000000000E+00    0.000000000000000E+00    0.000000000000000E+00    0.000000000000000E+00    0.000000000000000E+00    1.652918000000000E-02    0.000000000000000E+00    1.505977000000000E-02    1.268418986002667E+40    1.810652211507333E+11    3.188656311036000E+08
                      186    9.363185460342505E+30    3.494779478492126E+33    7.235068982790612E+14    5.291500000000000E+07    3.052747459092202E-13    1.382316037391238E-01    3.275196366823707E+03    2.720403755319627E+03    4.280632405598932E-03    8.668174505917976E-01    3.499567569460767E+33    7.257914344069062E+14    1.209476000000000E-01    0.000000000000000E+00    5.297274000000000E-01    4.201660000000000E-02    2.038445000000000E-03    1.103908000000000E-01    1.018308000000000E-02    1.033102000000000E-04    2.576370000000000E-03    5.812108000000000E-02    5.637699000000000E-02    1.516008000000000E-02    2.052679000000000E-02    0.000000000000000E+00    0.000000000000000E+00    0.000000000000000E+00    0.000000000000000E+00    0.000000000000000E+00    1.652916000000000E-02    0.000000000000000E+00    1.505976000000000E-02    1.293814239502000E+40    1.840652211507333E+11    3.223261057536667E+08
                      187    9.576132227035044E+30    3.504355660429408E+33    7.280759705347510E+14    5.322500000000000E+07    3.134847083564247E-13    1.376189533524908E-01    3.275196366823707E+03    2.717486855516481E+03    4.246092880248999E-03    8.607373415921930E-01    3.509195450054687E+33    7.302690327464871E+14    1.209545000000000E-01    0.000000000000000E+00    5.297313000000000E-01    4.201608999999999E-02    2.038504000000000E-03    1.103872000000000E-01    1.018300000000000E-02    1.033133000000000E-04    2.576384000000000E-03    5.811883999999999E-02    5.637481000000000E-02    1.515949000000000E-02    2.052599000000000E-02    0.000000000000000E+00    0.000000000000000E+00    0.000000000000000E+00    0.000000000000000E+00    0.000000000000000E+00    1.652851000000000E-02    0.000000000000000E+00    1.505945000000000E-02    1.318418986002666E+40    1.890652211507333E+11    3.288656311036000E+08
                      188    9.679583227377849E+30    3.514035239679965E+33    7.324620949582231E+14    5.353230237325034E+07    3.167312235124396E-13    1.369642887784823E-01    3.275196366823707E+03    2.714147000305504E+03    4.230632405598933E-03    8.548618164328932E-01    3.518576767824640E+33    7.345163710662440E+14    1.210824000000000E-01    0.000000000000000E+00    5.298034000000000E-01    4.200674000000000E-02    2.039607000000000E-03    1.103211000000000E-01    1.018164000000000E-02    1.033691000000000E-04    2.576652000000000E-03    5.807751999999999E-02    5.633468000000000E-02    1.514869000000000E-02    2.051135000000000E-02    0.000000000000000E+00    0.000000000000000E+00    0.000000000000000E+00    0.000000000000000E+00    0.000000000000000E+00    1.651648000000000E-02    0.000000000000000E+00    1.505380000000000E-02    1.343814239502000E+40    1.910652211507333E+11    3.303261057536667E+08
                      189    9.082350403844597E+30    3.523118295969314E+33    7.365706471742648E+14    5.384230237325034E+07    3.031732493400693E-13    1.369642887784823E-01    3.267663624211406E+03    2.714147000305504E+03    4.284171930948866E-03    8.495271427930855E-01    3.526803813664653E+33    7.384298497010818E+14    1.231328000000000E-01    0.000000000000000E+00    5.309585999999999E-01    4.185688000000000E-02    2.057279000000000E-03    1.092610000000000E-01    1.015985000000000E-02    1.042648000000000E-04    2.580933000000000E-03    5.741497999999999E-02    5.569114000000000E-02    1.497545000000000E-02    2.027650000000000E-02    0.000000000000000E+00    0.000000000000000E+00    0.000000000000000E+00    0.000000000000000E+00    0.000000000000000E+00    1.632369000000000E-02    0.000000000000000E+00    1.496321000000000E-02    1.368418986002667E+40    1.826047465006667E+11    3.134051564535334E+08
                      190    7.371908302610909E+30    3.530489331359992E+33    7.402890522278989E+14    5.416000000000000E+07    2.670801650461836E-13    1.363572552043553E-01    3.260148206426355E+03    2.711236809185742E+03    4.446790506998666E-03    8.451127134893248E-01    3.533823894713152E+33    7.420617048516848E+14    1.251979000000000E-01    0.000000000000000E+00    5.321222000000000E-01    4.170594000000000E-02    2.075079000000000E-03    1.081933000000000E-01    1.013790000000000E-02    1.051669000000000E-04    2.585245000000000E-03    5.674765999999999E-02    5.504297000000000E-02    1.480096000000000E-02    2.003996000000000E-02    0.000000000000000E+00    0.000000000000000E+00    0.000000000000000E+00    0.000000000000000E+00    0.000000000000000E+00    1.612950000000000E-02    0.000000000000000E+00    1.487197000000000E-02    1.388418986002666E+40    1.606047465006667E+11    2.756423085531334E+08
                      191    6.669057111975785E+30    3.537158458066313E+33    7.438343574754704E+14    5.447500000000000E+07    2.544729567428076E-13    1.357085926312384E-01    3.252650073622558E+03    2.707904635428594E+03    4.509330032348600E-03    8.410461368127161E-01    3.540555656330401E+33    7.456447349301266E+14    1.253649000000000E-01    0.000000000000000E+00    5.322163000000000E-01    4.169373999999999E-02    2.076518000000000E-03    1.081070000000000E-01    1.013613000000000E-02    1.052398000000000E-04    2.585593000000000E-03    5.669372000000000E-02    5.499057000000000E-02    1.478686000000000E-02    2.002083000000000E-02    0.000000000000000E+00    0.000000000000000E+00    0.000000000000000E+00    0.000000000000000E+00    0.000000000000000E+00    1.611380000000000E-02    0.000000000000000E+00    1.486459000000000E-02    1.398418986002667E+40    1.531442718506000E+11    2.621818339030667E+08
                      192    6.794444250012134E+30    3.543952854594489E+33    7.474551123847828E+14    5.479000000000001E+07    2.628098485339614E-13    1.357085926312384E-01    3.252650073622558E+03    2.707904635428594E+03    4.465790506998666E-03    8.367983092974808E-01    3.547366954342477E+33    7.493348632567942E+14    1.253751000000000E-01    0.000000000000000E+00    5.322221000000000E-01    4.169299000000000E-02    2.076607000000000E-03    1.081017000000000E-01    1.013602000000000E-02    1.052443000000000E-04    2.585615000000000E-03    5.669042000000000E-02    5.498736000000000E-02    1.478599000000000E-02    2.001966000000000E-02    0.000000000000000E+00    0.000000000000000E+00    0.000000000000000E+00    0.000000000000000E+00    0.000000000000000E+00    1.611284000000000E-02    0.000000000000000E+00    1.486414000000000E-02    1.418418986002666E+40    1.581442718506000E+11    2.691818339030667E+08
                      193    6.827519459801326E+30    3.550781054090466E+33    7.512146141288055E+14    5.510769762674966E+07    2.643418773743776E-13    1.351071243743707E-01    3.252650073622558E+03    2.705001137562670E+03    4.387711456298800E-03    8.324394243443392E-01    3.554119594263367E+33    7.531366698286079E+14    1.253754000000000E-01    0.000000000000000E+00    5.322223000000000E-01    4.169297000000000E-02    2.076609000000000E-03    1.081015000000000E-01    1.013601000000000E-02    1.052445000000000E-04    2.585615000000000E-03    5.669030999999999E-02    5.498726000000000E-02    1.478597000000000E-02    2.001963000000000E-02    0.000000000000000E+00    0.000000000000000E+00    0.000000000000000E+00    0.000000000000000E+00    0.000000000000000E+00    1.611281000000000E-02    0.000000000000000E+00    1.486413000000000E-02    1.438418986002667E+40    1.591442718506000E+11    2.706423085531334E+08
                      194    6.676171642493144E+30    3.557458134436269E+33    7.550587255284100E+14    5.540769762674966E+07    2.438742630660489E-13    1.344644087754701E-01    3.245169186045659E+03    2.701676627592496E+03    4.490171930948866E-03    8.282314989471005E-01    3.562431147522886E+33    7.573148469814846E+14    1.253754000000000E-01    0.000000000000000E+00    5.322223000000000E-01    4.169297000000000E-02    2.076609000000000E-03    1.081015000000000E-01    1.013601000000000E-02    1.052445000000000E-04    2.585615000000000E-03    5.669030999999999E-02    5.498726000000000E-02    1.478597000000000E-02    2.001963000000000E-02    0.000000000000000E+00    0.000000000000000E+00    0.000000000000000E+00    0.000000000000000E+00    0.000000000000000E+00    1.611281000000000E-02    0.000000000000000E+00    1.486413000000000E-02    1.458418986002667E+40    1.471442718506000E+11    2.508004099528667E+08
                      195    9.946574974355960E+30    3.567404160609501E+33    7.595709684345592E+14    5.576000000000000E+07    3.207867052483052E-13    1.344644087754701E-01    3.267663624211406E+03    2.701676627592496E+03    4.140013829549133E-03    8.222405004828162E-01    3.573423077288104E+33    7.624930151553100E+14    1.253754000000000E-01    0.000000000000000E+00    5.322223000000000E-01    4.169297000000000E-02    2.076609000000000E-03    1.081015000000000E-01    1.013601000000000E-02    1.052445000000000E-04    2.585615000000000E-03    5.669030999999999E-02    5.498726000000000E-02    1.478597000000000E-02    2.001963000000000E-02    0.000000000000000E+00    0.000000000000000E+00    0.000000000000000E+00    0.000000000000000E+00    0.000000000000000E+00    1.611281000000000E-02    0.000000000000000E+00    1.486413000000000E-02    1.483023732503333E+40    1.930652211507333E+11    3.224051564535334E+08
                      196    1.203728654449155E+31    3.579441993966707E+33    7.654150618760605E+14    5.616000000000000E+07    2.855557294974368E-13    1.338684548127269E-01    3.252650073622558E+03    2.698779807586356E+03    4.282092880249000E-03    8.150966575268590E-01    3.584638703163776E+33    7.679073295743674E+14    1.253754000000000E-01    0.000000000000000E+00    5.322223000000000E-01    4.169297000000000E-02    2.076609000000000E-03    1.081015000000000E-01    1.013601000000000E-02    1.052445000000000E-04    2.585615000000000E-03    5.669030999999999E-02    5.498726000000000E-02    1.478597000000000E-02    2.001963000000000E-02    0.000000000000000E+00    0.000000000000000E+00    0.000000000000000E+00    0.000000000000000E+00    0.000000000000000E+00    1.611281000000000E-02    0.000000000000000E+00    1.486413000000000E-02    1.518418986002667E+40    1.716047465006667E+11    2.875632578532667E+08
                      197    1.039424954946466E+31    3.589835412360846E+33    7.703995972726741E+14    5.653500000000000E+07    2.806505967899466E-13    1.332316316658553E-01    3.252650073622558E+03    2.695462943776934E+03    4.301632405598933E-03    8.090810639782238E-01    3.595027150533239E+33    7.728730937170305E+14    1.253754000000000E-01    0.000000000000000E+00    5.322223000000000E-01    4.169297000000000E-02    2.076609000000000E-03    1.081015000000000E-01    1.013601000000000E-02    1.052445000000000E-04    2.585615000000000E-03    5.669030999999999E-02    5.498726000000000E-02    1.478597000000000E-02    2.001963000000000E-02    0.000000000000000E+00    0.000000000000000E+00    0.000000000000000E+00    0.000000000000000E+00    0.000000000000000E+00    1.611281000000000E-02    0.000000000000000E+00    1.486413000000000E-02    1.543023732503333E+40    1.686047465006667E+11    2.811027832032000E+08
                      198    1.038343061135819E+31    3.600218888705631E+33    7.753465901613869E+14    5.690500000000000E+07    2.764972896008951E-13    1.326411414418839E-01    3.245169186045659E+03    2.692572786271926E+03    4.317632405598933E-03    8.031771684297810E-01    3.605448406665568E+33    7.778323193780918E+14    1.253754000000000E-01    0.000000000000000E+00    5.322223000000000E-01    4.169297000000000E-02    2.076609000000000E-03    1.081015000000000E-01    1.013601000000000E-02    1.052445000000000E-04    2.585615000000000E-03    5.669030999999999E-02    5.498726000000000E-02    1.478597000000000E-02    2.001963000000000E-02    0.000000000000000E+00    0.000000000000000E+00    0.000000000000000E+00    0.000000000000000E+00    0.000000000000000E+00    1.611281000000000E-02    0.000000000000000E+00    1.486413000000000E-02    1.568418986002666E+40    1.666047465006667E+11    2.756423085531334E+08
                      199    1.045987502883718E+31    3.610677924625503E+33    7.803180485947966E+14    5.728500000000000E+07    2.730020888787693E-13    1.320101567247161E-01    3.245169186045659E+03    2.689263551037574E+03    4.331632405598933E-03    7.973001508122990E-01    3.616074469014578E+33    7.828749786451365E+14    1.253754000000000E-01    0.000000000000000E+00    5.322223000000000E-01    4.169297000000000E-02    2.076609000000000E-03    1.081015000000000E-01    1.013601000000000E-02    1.052445000000000E-04    2.585615000000000E-03    5.669030999999999E-02    5.498726000000000E-02    1.478597000000000E-02    2.001963000000000E-02    0.000000000000000E+00    0.000000000000000E+00    0.000000000000000E+00    0.000000000000000E+00    0.000000000000000E+00    1.611281000000000E-02    0.000000000000000E+00    1.486413000000000E-02    1.598418986002667E+40    1.646047465006667E+11    2.711818339030667E+08
                      200    1.079219001688746E+31    3.621471013403652E+33    7.854319086954764E+14    5.768000000000000E+07    2.704991906835389E-13    1.320101567247161E-01    3.245169186045659E+03    2.689263551037574E+03    4.339632405598933E-03    7.912991650440566E-01    3.626988850794839E+33    7.880298985065565E+14    1.253757000000000E-01    0.000000000000000E+00    5.322224000000000E-01    4.169295000000000E-02    2.076612000000000E-03    1.081014000000000E-01    1.013601000000000E-02    1.052446000000000E-04    2.585616000000000E-03    5.669022000000000E-02    5.498717000000000E-02    1.478594000000000E-02    2.001959000000000E-02    0.000000000000000E+00    0.000000000000000E+00    0.000000000000000E+00    0.000000000000000E+00    0.000000000000000E+00    1.611279000000000E-02    0.000000000000000E+00    1.486411000000000E-02    1.628418986002667E+40    1.631442718506000E+11    2.677213592530000E+08
                      201    1.103561910689780E+31    3.632506688186026E+33    7.906278883176365E+14    5.807500000000000E+07    2.680192391968907E-13    1.314250801476584E-01    3.237705504032737E+03    2.686380040710370E+03    4.348632405598933E-03    7.852451849005566E-01    3.638036456036437E+33    7.932362348020711E+14    1.253950000000000E-01    0.000000000000000E+00    5.322327000000000E-01    4.169152000000000E-02    2.076776000000000E-03    1.080916000000000E-01    1.013580000000000E-02    1.052529000000000E-04    2.585655000000000E-03    5.668413000000000E-02    5.498125999999999E-02    1.478435000000000E-02    2.001744000000000E-02    0.000000000000000E+00    0.000000000000000E+00    0.000000000000000E+00    0.000000000000000E+00    0.000000000000000E+00    1.611102000000000E-02    0.000000000000000E+00    1.486327000000000E-02    1.653023732503333E+40    1.611442718506000E+11    2.637213592530000E+08
                      202    1.106014415424299E+31    3.643566223886849E+33    7.958445812865058E+14    5.847000000000000E+07    2.640528616238767E-13    1.307998803331496E-01    3.237705504032737E+03    2.683078416505854E+03    4.365632405598933E-03    7.792335260490599E-01    3.649093009122454E+33    7.984914016352592E+14    1.266694000000000E-01    0.000000000000000E+00    5.329097000000000E-01    4.159758999999999E-02    2.087622000000000E-03    1.074464000000000E-01    1.012186000000000E-02    1.058026000000000E-04    2.588238000000000E-03    5.628203999999999E-02    5.459066000000000E-02    1.467920000000000E-02    1.987488000000000E-02    0.000000000000000E+00    0.000000000000000E+00    0.000000000000000E+00    0.000000000000000E+00    0.000000000000000E+00    1.599414000000000E-02    0.000000000000000E+00    1.480766000000000E-02    1.683023732503334E+40    1.591442718506000E+11    2.572608846029333E+08
                      203    1.105275919998322E+31    3.654619794358059E+33    8.011382219840130E+14    5.887000000000000E+07    2.568566880749892E-13    1.302201677703921E-01    3.230258988012093E+03    2.680201538068369E+03    4.398092880249000E-03    7.732553103746374E-01    3.660056106944548E+33    8.037534838195802E+14    1.300919000000000E-01    0.000000000000000E+00    5.347279999999999E-01    4.134531999999999E-02    2.116751000000000E-03    1.057138000000000E-01    1.008440000000000E-02    1.072789000000000E-04    2.595173000000000E-03    5.520216999999999E-02    5.354169000000000E-02    1.439681000000000E-02    1.949205000000000E-02    0.000000000000000E+00    0.000000000000000E+00    0.000000000000000E+00    0.000000000000000E+00    0.000000000000000E+00    1.568026000000000E-02    0.000000000000000E+00    1.465831000000000E-02    1.713023732503333E+40    1.546047465006667E+11    2.463399353028000E+08
                      204    1.087386395232638E+31    3.665492419531036E+33    8.063687456551472E+14    5.927000000000000E+07    2.541943949741903E-13    1.296006998222358E-01    3.230258988012093E+03    2.676907507388806E+03    4.408632405598933E-03    7.673956801775859E-01    3.670894929149723E+33    8.089921460775986E+14    1.301725000000000E-01    0.000000000000000E+00    5.347708000000000E-01    4.133938000000000E-02    2.117435999999999E-03    1.056730000000000E-01    1.008352000000000E-02    1.073136000000000E-04    2.595337000000000E-03    5.517675999999999E-02    5.351700000000000E-02    1.439016000000000E-02    1.948304000000000E-02    0.000000000000000E+00    0.000000000000000E+00    0.000000000000000E+00    0.000000000000000E+00    0.000000000000000E+00    1.567288000000000E-02    0.000000000000000E+00    1.465480000000000E-02    1.743023732503333E+40    1.531442718506000E+11    2.423399353028000E+08
                      205    1.080476273249989E+31    3.676297438768409E+33    8.116155465000499E+14    5.967500000000000E+07    2.518639267531177E-13    1.290263020962002E-01    3.222829598503043E+03    2.674037245588118E+03    4.417632405598933E-03    7.615598056870158E-01    3.681747670223993E+33    8.143734657765062E+14    1.301740000000000E-01    0.000000000000000E+00    5.347717000000000E-01    4.133926000000000E-02    2.117450000000000E-03    1.056722000000000E-01    1.008351000000000E-02    1.073143000000000E-04    2.595340000000000E-03    5.517625999999999E-02    5.351652000000000E-02    1.439003000000000E-02    1.948286000000000E-02    0.000000000000000E+00    0.000000000000000E+00    0.000000000000000E+00    0.000000000000000E+00    0.000000000000000E+00    1.567273000000000E-02    0.000000000000000E+00    1.465473000000000E-02    1.773023732503333E+40    1.516837972005333E+11    2.388794606527333E+08
                      206    1.089932355231080E+31    3.687197901679576E+33    8.171313850529626E+14    6.010000000000000E+07    2.484082241271216E-13    1.284125134643298E-01    3.222829598503043E+03    2.670750790968884E+03    4.431632405598933E-03    7.554896949260879E-01    3.692510932854081E+33    8.200134872763189E+14    1.301743000000000E-01    0.000000000000000E+00    5.347717999999999E-01    4.133924000000000E-02    2.117452000000000E-03    1.056720000000000E-01    1.008350000000000E-02    1.073144000000000E-04    2.595340000000000E-03    5.517618000000000E-02    5.351643000000000E-02    1.439001000000000E-02    1.948283000000000E-02    0.000000000000000E+00    0.000000000000000E+00    0.000000000000000E+00    0.000000000000000E+00    0.000000000000000E+00    1.567271000000000E-02    0.000000000000000E+00    1.465472000000000E-02    1.803023732503333E+40    1.496837972005333E+11    2.348794606527334E+08
                      207    1.062612796653611E+31    3.697823964028586E+33    8.228955894996752E+14    6.052999999999999E+07    2.458616989978087E-13    1.284125134643298E-01    3.215417296115700E+03    2.670750790968884E+03    4.442632405598933E-03    7.491956238579425E-01    3.702838733722486E+33    8.256418178073766E+14    1.301802000000000E-01    0.000000000000000E+00    5.347747000000000E-01    4.133879999999999E-02    2.117502000000000E-03    1.056691000000000E-01    1.008344000000000E-02    1.073169000000000E-04    2.595352000000000E-03    5.517437000000000E-02    5.351467000000000E-02    1.438954000000000E-02    1.948219000000000E-02    0.000000000000000E+00    0.000000000000000E+00    0.000000000000000E+00    0.000000000000000E+00    0.000000000000000E+00    1.567218000000000E-02    0.000000000000000E+00    1.465446000000000E-02    1.833023732503333E+40    1.481442718506000E+11    2.314189860026667E+08
                      208    1.002958313281812E+31    3.707853503416388E+33    8.283880461150780E+14    6.094000000000000E+07    2.430473434018967E-13    1.278433818483000E-01    3.215417296115700E+03    2.667887130587151E+03    4.455092880248999E-03    7.432502908846818E-01    3.712795696150007E+33    8.310455955095245E+14    1.302258000000000E-01    0.000000000000000E+00    5.347974000000000E-01    4.133542000000000E-02    2.117884000000000E-03    1.056466000000000E-01    1.008292000000000E-02    1.073363000000000E-04    2.595441000000000E-03    5.516037000000000E-02    5.350107000000000E-02    1.438588000000000E-02    1.947723000000000E-02    0.000000000000000E+00    0.000000000000000E+00    0.000000000000000E+00    0.000000000000000E+00    0.000000000000000E+00    1.566812000000000E-02    0.000000000000000E+00    1.465250000000000E-02    1.863023732503333E+40    1.461442718506000E+11    2.269585113526000E+08
                      209    9.884872627658328E+30    3.717737888883627E+33    8.337031449039711E+14    6.133500000000000E+07    2.405281827354730E-13    1.272352204644304E-01    3.215417296115700E+03    2.664608234603789E+03    4.386092880249000E-03    7.376448227138356E-01    3.722676104797506E+33    8.363050565676579E+14    1.303713000000000E-01    0.000000000000000E+00    5.348697000000000E-01    4.132458999999999E-02    2.119106000000000E-03    1.055746000000000E-01    1.008128000000000E-02    1.073982000000000E-04    2.595727000000000E-03    5.511563000000000E-02    5.345761000000000E-02    1.437417000000000E-02    1.946136000000000E-02    0.000000000000000E+00    0.000000000000000E+00    0.000000000000000E+00    0.000000000000000E+00    0.000000000000000E+00    1.565513000000000E-02    0.000000000000000E+00    1.464624000000000E-02    1.893023732503333E+40    1.446837972005333E+11    2.249585113526000E+08
                      210    9.876417908888122E+30    3.727614320711385E+33    8.389069682313445E+14    6.174500000000000E+07    2.391612851332066E-13    1.266713066784196E-01    3.211982337483353E+03    2.661751160458168E+03    4.391553354899066E-03    7.321810176332386E-01    3.733121221848283E+33    8.417369940079732E+14    1.306385000000000E-01    0.000000000000000E+00    5.350023000000000E-01    4.130473000000000E-02    2.121347999999999E-03    1.054424000000000E-01    1.007827000000000E-02    1.075118000000000E-04    2.596251000000000E-03    5.503350999999999E-02    5.337784000000000E-02    1.435270000000000E-02    1.943225000000000E-02    0.000000000000000E+00    0.000000000000000E+00    0.000000000000000E+00    0.000000000000000E+00    0.000000000000000E+00    1.563129000000000E-02    0.000000000000000E+00    1.463473000000000E-02    1.917628479004000E+40    1.441442718506000E+11    2.224980367025334E+08
                      211    1.101422779350883E+31    3.738628122985180E+33    8.445670197846021E+14    6.219500000000000E+07    2.358798692840781E-13    1.260687209516318E-01    3.208022041550776E+03    2.658479805726302E+03    4.406092880249000E-03    7.263003362572251E-01    3.744813071887987E+33    8.477208030860790E+14    1.310736000000000E-01    0.000000000000000E+00    5.352183000000000E-01    4.127238000000000E-02    2.124999000000000E-03    1.052273000000000E-01    1.007336000000000E-02    1.076969000000000E-04    2.597103999999999E-03    5.489980999999999E-02    5.324795000000000E-02    1.431773000000000E-02    1.938484000000000E-02    0.000000000000000E+00    0.000000000000000E+00    0.000000000000000E+00    0.000000000000000E+00    0.000000000000000E+00    1.559247000000000E-02    0.000000000000000E+00    1.461600000000000E-02    1.953023732503333E+40    1.421442718506000E+11    2.174980367025334E+08
                      212    1.236877833085537E+31    3.750998020790794E+33    8.508745863875561E+14    6.267000000000000E+07    2.347960997295415E-13    1.255099771582866E-01    3.208022041550776E+03    2.655629302668869E+03    4.409092880249000E-03    7.197725750480870E-01    3.757241627784786E+33    8.540143495941781E+14    1.316937000000000E-01    0.000000000000000E+00    5.355261000000000E-01    4.122627999999999E-02    2.130202000000000E-03    1.049206000000000E-01    1.006637000000000E-02    1.079606000000000E-04    2.598319000000000E-03    5.470928000000000E-02    5.306284999999999E-02    1.426790000000000E-02    1.931728000000000E-02    0.000000000000000E+00    0.000000000000000E+00    0.000000000000000E+00    0.000000000000000E+00    0.000000000000000E+00    1.553716000000000E-02    0.000000000000000E+00    1.458931000000000E-02    1.987628479004000E+40    1.416837972005333E+11    2.150375620524667E+08
                      213    1.248756394812100E+31    3.763485234778778E+33    8.571541128008002E+14    6.314999999999999E+07    2.315745764694664E-13    1.249129159706488E-01    3.200643795599366E+03    2.652365471844101E+03    4.423553354899066E-03    7.133419806415988E-01    3.769829256471239E+33    8.603128372005976E+14    1.323484000000000E-01    0.000000000000000E+00    5.358508000000000E-01    4.117760000000000E-02    2.135695000000000E-03    1.045969000000000E-01    1.005898000000000E-02    1.082390000000000E-04    2.599601999999999E-03    5.450818000000000E-02    5.286747999999999E-02    1.421530000000000E-02    1.924597000000000E-02    0.000000000000000E+00    0.000000000000000E+00    0.000000000000000E+00    0.000000000000000E+00    0.000000000000000E+00    1.547877000000000E-02    0.000000000000000E+00    1.456113000000000E-02    2.017628479004000E+40    1.396837972005333E+11    2.105770874024000E+08
                      214    1.268888647070943E+31    3.776173278163701E+33    8.634715616003950E+14    6.378500000000000E+07    2.268249785271034E-13    1.243592947711921E-01    3.200643795599366E+03    2.649521524761774E+03    4.445553354899066E-03    7.069737025910263E-01    3.786564708147970E+33    8.686025404607261E+14    1.329575000000000E-01    0.000000000000000E+00    5.361525000000000E-01    4.113230000000000E-02    2.140804000000000E-03    1.042959000000000E-01    1.005211000000000E-02    1.084979000000000E-04    2.600795000000000E-03    5.432115999999999E-02    5.268581000000000E-02    1.416639000000000E-02    1.917966000000000E-02    0.000000000000000E+00    0.000000000000000E+00    0.000000000000000E+00    0.000000000000000E+00    0.000000000000000E+00    1.542448000000000E-02    0.000000000000000E+00    1.453492000000000E-02    2.057628479004000E+40    1.366837972005333E+11    2.045770874024000E+08
                      215    2.078160727031748E+31    3.796956138132237E+33    8.737335193210572E+14    6.504000000000000E+07    2.193643098253306E-13    1.243592947711921E-01    3.193282519142747E+03    2.649521524761774E+03    4.485553354899066E-03    6.968795982134076E-01    3.820737520185787E+33    8.850852292201008E+14    1.337771000000000E-01    0.000000000000000E+00    5.365572999999999E-01    4.107132000000000E-02    2.147675000000000E-03    1.038913000000000E-01    1.004284000000000E-02    1.088461000000000E-04    2.602398000000000E-03    5.406978000000000E-02    5.244159000000000E-02    1.410065000000000E-02    1.909053000000000E-02    0.000000000000000E+00    0.000000000000000E+00    0.000000000000000E+00    0.000000000000000E+00    0.000000000000000E+00    1.535151000000000E-02    0.000000000000000E+00    1.449966000000000E-02    2.107628479004000E+40    1.322233225504667E+11    1.966561381022667E+08
                      216    4.756347993465082E+31    3.844518902239336E+33    8.964369391191442E+14    6.703500000000000E+07    2.211520036393945E-13    1.243592947711921E-01    3.193282519142747E+03    2.649521524761774E+03    4.472553354899067E-03    6.744304005229117E-01    3.876222109217744E+33    9.114481091050812E+14    1.349972000000000E-01    0.000000000000000E+00    5.371473000000000E-01    4.098033000000000E-02    2.157859000000000E-03    1.032932000000000E-01    1.002894000000000E-02    1.093623000000000E-04    2.604761000000000E-03    5.369855999999999E-02    5.208095000000000E-02    1.400355000000000E-02    1.895889000000000E-02    0.000000000000000E+00    0.000000000000000E+00    0.000000000000000E+00    0.000000000000000E+00    0.000000000000000E+00    1.524377000000000E-02    0.000000000000000E+00    1.444740000000000E-02    2.237628479004000E+40    1.332233225504667E+11    1.956561381022667E+08
                      217    6.340659291370779E+31    3.907925316196154E+33    9.264592790910182E+14    6.912000000000000E+07    2.183564223737128E-13    1.232191619036334E-01    3.185938173152163E+03    2.643427794354052E+03    4.377013829549133E-03    6.457459334736446E-01    3.936825859461816E+33    9.390268559487219E+14    1.367449000000000E-01    0.000000000000000E+00    5.379377999999999E-01    4.084905000000000E-02    2.172256999999999E-03    1.024548000000000E-01    1.000850000000000E-02    1.100920000000000E-04    2.608043000000000E-03    5.317964000000000E-02    5.157679000000000E-02    1.386782000000000E-02    1.877486000000000E-02    0.000000000000000E+00    0.000000000000000E+00    0.000000000000000E+00    0.000000000000000E+00    0.000000000000000E+00    1.509333000000000E-02    0.000000000000000E+00    1.437344000000000E-02    2.412233225504667E+40    1.316837972005333E+11    1.897351888021333E+08
                      218    5.779995313769532E+31    3.965726402727476E+33    9.515944328064256E+14    7.109500000000000E+07    2.173531657442920E-13    1.203946938380135E-01    3.171300116902690E+03    2.628048439033714E+03    4.367553354899066E-03    6.218929217413915E-01    3.999181398801971E+33    9.651708143449714E+14    1.394725000000000E-01    0.000000000000000E+00    5.391609000000001E-01    4.064398000000000E-02    2.194690000000000E-03    1.011500000000000E-01    9.976508999999998E-03    1.112289000000000E-04    2.613145000000000E-03    5.237231000000000E-02    5.079238999999999E-02    1.365664000000000E-02    1.848854000000000E-02    0.000000000000000E+00    0.000000000000000E+00    0.000000000000000E+00    0.000000000000000E+00    0.000000000000000E+00    1.485931000000000E-02    0.000000000000000E+00    1.425820000000000E-02    2.566837972005334E+40    1.306837972005333E+11    1.817351888021334E+08
                      219    6.691068809244414E+31    4.032636394876465E+33    9.787471958835170E+14    7.350500000000000E+07    2.146302238083433E-13    1.187622045093429E-01    3.164006329034284E+03    2.619192702663424E+03    4.369553354899067E-03    5.964360562636444E-01    4.079593688177935E+33    9.970604191604998E+14    1.423515000000000E-01    0.000000000000000E+00    5.404409999999999E-01    4.042733000000000E-02    2.218331000000000E-03    9.977643999999999E-02    9.942635999999999E-03    1.124270000000000E-04    2.618510000000000E-03    5.152269999999999E-02    4.996692000000000E-02    1.343440000000000E-02    1.818722000000000E-02    0.000000000000000E+00    0.000000000000000E+00    0.000000000000000E+00    0.000000000000000E+00    0.000000000000000E+00    1.461306000000000E-02    0.000000000000000E+00    1.413674000000000E-02    2.736837972005333E+40    1.292233225504667E+11    1.728142395020000E+08
                      220    9.391482521212411E+31    4.126550981479406E+33    1.015373642437482E+15    7.619500000000000E+07    2.102281547862999E-13    1.165945499855659E-01    3.149469040455245E+03    2.607158605318758E+03    4.381092880249000E-03    5.627127392878370E-01    4.172630391822961E+33    1.032655080661192E+15    1.472500000000000E-01    0.000000000000000E+00    5.425305999999999E-01    4.005717000000000E-02    2.258246000000000E-03    9.746920000000001E-02    9.884171000000001E-03    1.144500000000000E-04    2.627472000000000E-03    5.009796000000000E-02    4.858261000000000E-02    1.306169000000000E-02    1.768189000000000E-02    0.000000000000000E+00    0.000000000000000E+00    0.000000000000000E+00    0.000000000000000E+00    0.000000000000000E+00    1.420037000000000E-02    0.000000000000000E+00    1.393156000000000E-02    2.981442718506000E+40    1.266837972005333E+11    1.618932902018667E+08
                      221    9.215802532316495E+31    4.218709802166518E+33    1.049936518884900E+15    7.880500000000000E+07    2.040285196157317E-13    1.134170248059839E-01    3.131649495577541E+03    2.589211051720798E+03    4.397553354899066E-03    5.317117846429555E-01    4.267002312696161E+33    1.067193249944888E+15    1.519050000000000E-01    0.000000000000000E+00    5.444071000000000E-01    3.970353000000000E-02    2.295797000000000E-03    9.531348000000001E-02    9.827585000000000E-03    1.163531000000000E-04    2.635784000000000E-03    4.876976000000000E-02    4.729201000000000E-02    1.271421000000000E-02    1.721075000000000E-02    0.000000000000000E+00    0.000000000000000E+00    0.000000000000000E+00    0.000000000000000E+00    0.000000000000000E+00    1.381596000000000E-02    0.000000000000000E+00    1.373840000000000E-02    3.211442718506000E+40    1.232233225504667E+11    1.489723409017333E+08
                      222    9.658573688684054E+31    4.315294823225805E+33    1.084449981004876E+15    8.166000000000000E+07    1.973176661618903E-13    1.108172443845538E-01    3.113417366468252E+03    2.574147127202486E+03    4.418092880249000E-03    5.016339973500165E-01    4.374186552571204E+33    1.104929628501152E+15    1.550696000000000E-01    0.000000000000000E+00    5.456303999999998E-01    3.946226000000000E-02    2.321139000000000E-03    9.386561999999998E-02    9.788632000000000E-03    1.176375000000000E-04    2.641337000000000E-03    4.787907000000000E-02    4.642650000000000E-02    1.248118000000000E-02    1.689478000000000E-02    0.000000000000000E+00    0.000000000000000E+00    0.000000000000000E+00    0.000000000000000E+00    0.000000000000000E+00    1.355832000000000E-02    0.000000000000000E+00    1.360794000000000E-02    3.446047465006666E+40    1.192233225504667E+11    1.365909169515333E+08
                      223    1.177832996180094E+32    4.433078281916604E+33    1.125409275997428E+15    8.468000000000000E+07    1.890997167997986E-13    1.015496078247422E-01    3.056591095292903E+03    2.518647862334043E+03    4.399092880249000E-03    4.675721049964474E-01    4.488458479430351E+33    1.144723985686837E+15    1.599293000000000E-01    0.000000000000000E+00    5.473135000000000E-01    3.908864000000000E-02    2.359356000000000E-03    9.170850000000000E-02    9.727025000000000E-03    1.195743000000000E-04    2.649504000000000E-03    4.655713000000000E-02    4.514184000000000E-02    1.213528000000000E-02    1.642575000000000E-02    0.000000000000000E+00    0.000000000000000E+00    0.000000000000000E+00    0.000000000000000E+00    0.000000000000000E+00    1.317643000000000E-02    0.000000000000000E+00    1.341084000000000E-02    3.710652211507333E+40    1.137628479004000E+11    1.112094930013334E+08
                      224    1.107614687688237E+32    4.543838676944098E+33    1.164038695376246E+15    8.752500000000001E+07    1.758595550771459E-13    9.697912258601310E-02    3.042547334882994E+03    2.489817138661400E+03    4.475092880249000E-03    4.371813161325947E-01    4.596463932581992E+33    1.182093917368974E+15    1.657639000000000E-01    0.000000000000000E+00    5.491950999999999E-01    3.863794000000000E-02    2.404735000000000E-03    8.916582000000001E-02    9.651803000000000E-03    1.218742000000000E-04    2.659053000000000E-03    4.500251999999999E-02    4.363096999999999E-02    1.172847000000000E-02    1.587410000000000E-02    0.000000000000000E+00    0.000000000000000E+00    0.000000000000000E+00    0.000000000000000E+00    0.000000000000000E+00    1.272766000000000E-02    0.000000000000000E+00    1.317647000000000E-02    3.960652211507333E+40    1.057628479004000E+11    9.888202158612669E+07
                      225    1.052495568390513E+32    4.649089188219887E+33    1.200149139361703E+15    9.063500000000000E+07    1.667884489830461E-13    9.347129303398635E-02    3.042547334882994E+03    2.466990357927221E+03    3.957316202799466E-03    4.133547845505059E-01    4.719243271072921E+33    1.223153741760485E+15    1.710456000000000E-01    0.000000000000000E+00    5.507919999999999E-01    3.822840000000000E-02    2.445424000000000E-03    8.690029000000001E-02    9.582760999999999E-03    1.239363000000000E-04    2.667502000000000E-03    4.362009000000000E-02    4.228738999999999E-02    1.136669000000000E-02    1.538352000000000E-02    0.000000000000000E+00    0.000000000000000E+00    0.000000000000000E+00    0.000000000000000E+00    0.000000000000000E+00    1.232884000000000E-02    0.000000000000000E+00    1.296606000000000E-02    4.205256958008000E+40    1.005470377604267E+11    9.409783172610000E+07
                      226    1.403086031562381E+32    4.789397353925953E+33    1.246158344159267E+15    9.405500000000000E+07    1.622430007063242E-13    9.092394080165350E-02    3.025332747890689E+03    2.450007715757228E+03    3.965316202799466E-03    3.837643611781096E-01    4.858613901524953E+33    1.268514210859278E+15    1.773586000000000E-01    0.000000000000000E+00    5.525078999999999E-01    3.773620000000000E-02    2.493339000000000E-03    8.425806000000000E-02    9.498543999999999E-03    1.263647000000000E-04    2.677252000000000E-03    4.201263999999999E-02    4.072500999999999E-02    1.094598000000000E-02    1.481301000000000E-02    0.000000000000000E+00    0.000000000000000E+00    0.000000000000000E+00    0.000000000000000E+00    0.000000000000000E+00    1.186553000000000E-02    0.000000000000000E+00    1.271768000000000E-02    4.519861704508666E+40    9.781680043539334E+10    8.592292989097333E+07
                      227    1.384321407612603E+32    4.927830449123952E+33    1.290870077559288E+15    9.713000000000000E+07    1.533525063758265E-13    8.763513308690138E-02    3.000802020457009E+03    2.427545910006021E+03    3.998316202799466E-03    3.563575821869071E-01    4.985782654805446E+33    1.309334930848296E+15    1.840701000000000E-01    0.000000000000000E+00    5.540296999999998E-01    3.720891999999999E-02    2.543136000000000E-03    8.155225999999999E-02    9.406394999999998E-03    1.288885000000000E-04    2.687070000000000E-03    4.037406000000000E-02    3.913222999999999E-02    1.051708000000000E-02    1.423136000000000E-02    0.000000000000000E+00    0.000000000000000E+00    0.000000000000000E+00    0.000000000000000E+00    0.000000000000000E+00    1.139387000000000E-02    0.000000000000000E+00    1.245851000000000E-02    4.824466451009334E+40    9.233261057536667E+10    7.524802805584666E+07
                      228    1.159052464951351E+32    5.043734860486941E+33    1.327799784137304E+15    9.995500000000000E+07    1.457776276800660E-13    8.446528475830486E-02    2.980144644649820E+03    2.405290035327748E+03    4.024316202799466E-03    3.346991336443939E-01    5.103994615823380E+33    1.346827081042986E+15    1.904184000000000E-01    0.000000000000000E+00    5.552671999999998E-01    3.670759000000000E-02    2.589467000000000E-03    7.906191999999998E-02    9.317506000000000E-03    1.312365000000000E-04    2.695994000000000E-03    3.887106999999999E-02    3.767116000000000E-02    1.012363000000000E-02    1.369778000000000E-02    0.000000000000000E+00    0.000000000000000E+00    0.000000000000000E+00    0.000000000000000E+00    0.000000000000000E+00    1.096163000000000E-02    0.000000000000000E+00    1.221663000000000E-02    5.069071197510000E+40    8.779446818034666E+10    6.655731608074667E+07
                      229    1.205193516000899E+32    5.164254371159821E+33    1.365854377948668E+15    1.028950000000000E+08    1.388963644540351E-13    8.216337125417193E-02    2.959629473217436E+03    2.388732135190942E+03    4.052316202799467E-03    3.132865109183000E-01    5.228272221151879E+33    1.385874070644864E+15    1.974396000000000E-01    0.000000000000000E+00    5.564566000000000E-01    3.615093999999999E-02    2.640014000000000E-03    7.636899999999999E-02    9.217682000000000E-03    1.337983000000000E-04    2.705542999999999E-03    3.725035000000000E-02    3.609556999999999E-02    9.699338999999998E-03    1.312234000000000E-02    0.000000000000000E+00    0.000000000000000E+00    0.000000000000000E+00    0.000000000000000E+00    0.000000000000000E+00    1.049589000000000E-02    0.000000000000000E+00    1.195197000000000E-02    5.323675944010667E+40    8.365632578532666E+10    5.915869903566001E+07
                      230    1.280362169706846E+32    5.292290071143938E+33    1.405893763341060E+15    1.058500000000000E+08    1.323399232486357E-13    7.992419128365180E-02    2.939255527231830E+03    2.372288218836929E+03    4.078316202799467E-03    2.916828284122157E-01    5.354219096566831E+33    1.425117649801633E+15    2.047134000000000E-01    0.000000000000000E+00    5.574763999999999E-01    3.557177000000000E-02    2.691549000000000E-03    7.365199000000000E-02    9.112492000000000E-03    1.364101000000000E-04    2.715057000000000E-03    3.562053999999999E-02    3.451105000000000E-02    9.272628999999998E-03    1.254362000000000E-02    0.000000000000000E+00    0.000000000000000E+00    0.000000000000000E+00    0.000000000000000E+00    0.000000000000000E+00    1.002794000000000E-02    0.000000000000000E+00    1.168120000000000E-02    5.583675944010666E+40    7.966423085531332E+10    5.256008199057334E+07
                      231    1.238574543228203E+32    5.416148121989721E+33    1.444341536262206E+15    1.087650000000000E+08    1.260929712184847E-13    7.774603518379132E-02    2.919021834503864E+03    2.355957501606865E+03    4.105316202799466E-03    2.717863012066259E-01    5.476420801990320E+33    1.463545455206202E+15    2.113707000000000E-01    0.000000000000000E+00    5.582084999999999E-01    3.503937000000000E-02    2.737924000000000E-03    7.123427000000000E-02    9.014548000000001E-03    1.387605000000000E-04    2.723405999999999E-03    3.417545000000000E-02    3.310604000000000E-02    8.894251000000001E-03    1.203043000000000E-02    0.000000000000000E+00    0.000000000000000E+00    0.000000000000000E+00    0.000000000000000E+00    0.000000000000000E+00    9.613401000000001E-03    0.000000000000000E+00    1.143659000000000E-02    5.838280690511334E+40    7.592608846029333E+10    4.674565480551334E+07
                      232    1.205448827828296E+32    5.536693481990919E+33    1.482749374150198E+15    1.117250000000000E+08    1.164570997057350E-13    7.562723988469948E-02    2.889170344483467E+03    2.339739204243467E+03    4.147316202799466E-03    2.532418129029789E-01    5.598675200275384E+33    1.502385009927192E+15    2.174184000000000E-01    0.000000000000000E+00    5.587334000000000E-01    3.455416000000000E-02    2.779497000000000E-03    6.908603000000001E-02    8.924420000000001E-03    1.408674000000000E-04    2.730743000000000E-03    3.289510000000000E-02    3.186113000000000E-02    8.558984999999998E-03    1.157570000000000E-02    0.000000000000000E+00    0.000000000000000E+00    0.000000000000000E+00    0.000000000000000E+00    0.000000000000000E+00    9.246378000000000E-03    0.000000000000000E+00    1.121661000000000E-02    6.058280690511333E+40    7.013399353028000E+10    3.920099029542001E+07
                      233    1.239630587710531E+32    5.660656918559847E+33    1.522020645704185E+15    1.145650000000000E+08    1.110940701862778E-13    6.771396590852684E-02    2.895830569975108E+03    2.275974815289958E+03    3.286460474650066E-03    2.389077064908469E-01    5.719758425146606E+33    1.539905017193482E+15    2.233352000000000E-01    0.000000000000000E+00    5.591228000000000E-01    3.407813000000000E-02    2.819671000000000E-03    6.702697000000001E-02    8.835232999999998E-03    1.429035000000000E-04    2.737701000000000E-03    3.167116000000000E-02    3.067102000000000E-02    8.238469999999999E-03    1.114097000000000E-02    0.000000000000000E+00    0.000000000000000E+00    0.000000000000000E+00    0.000000000000000E+00    0.000000000000000E+00    8.895742999999998E-03    0.000000000000000E+00    1.100336000000000E-02    6.287490183512666E+40    6.694189860026666E+10    3.771680043539333E+07
                      234    1.182038880738594E+32    5.778859931733364E+33    1.557789388682780E+15    1.172900000000000E+08    1.107046772355792E-13    6.526468564732225E-02    2.882525437085382E+03    2.255108552760707E+03    3.276460474650066E-03    2.259374758471179E-01    5.839884230665088E+33    1.576115534722800E+15    2.290634000000000E-01    0.000000000000000E+00    5.593782999999999E-01    3.361607000000000E-02    2.858068000000000E-03    6.507535000000000E-02    8.747920999999999E-03    1.448495000000000E-04    2.744224000000000E-03    3.051423000000000E-02    2.954604000000000E-02    7.935490000000000E-03    1.073002000000000E-02    0.000000000000000E+00    0.000000000000000E+00    0.000000000000000E+00    0.000000000000000E+00    0.000000000000000E+00    8.564512999999999E-03    0.000000000000000E+00    1.079883000000000E-02    6.507490183512666E+40    6.669585113526000E+10    3.573261057536667E+07
                      235    1.220490949659140E+32    5.900908529596810E+33    1.594441680762819E+15    1.202400000000000E+08    1.064549769042335E-13    6.290399824458398E-02    2.869281435728368E+03    2.234433593276205E+03    3.287460474650067E-03    2.131141484413279E-01    5.970997989129046E+33    1.615370270060853E+15    2.351917000000000E-01    0.000000000000000E+00    5.595173000000000E-01    3.312040000000000E-02    2.898588000000000E-03    6.303371000000001E-02    8.653433000000000E-03    1.469031000000000E-04    2.750964000000000E-03    2.930747000000000E-02    2.837254000000000E-02    7.619439000000000E-03    1.030132000000000E-02    0.000000000000000E+00    0.000000000000000E+00    0.000000000000000E+00    0.000000000000000E+00    0.000000000000000E+00    8.219231000000000E-03    0.000000000000000E+00    1.058211000000000E-02    6.727490183512666E+40    6.414980367025333E+10    3.240237325033334E+07
                      236    1.401792968623466E+32    6.041087448661282E+33    1.636298859358886E+15    1.232300000000000E+08    1.018980727525620E-13    6.118968965689006E-02    2.849529441258101E+03    2.219051860613452E+03    3.297302373250333E-03    1.990545389905513E-01    6.104925347560041E+33    1.655212435421700E+15    2.423623000000000E-01    0.000000000000000E+00    5.594907000000000E-01    3.253901000000000E-02    2.945221000000000E-03    6.071005000000000E-02    8.541478999999999E-03    1.492665000000000E-04    2.758535000000000E-03    2.793887000000000E-02    2.704160000000000E-02    7.260978999999999E-03    9.815096000000001E-03    0.000000000000000E+00    0.000000000000000E+00    0.000000000000000E+00    0.000000000000000E+00    0.000000000000000E+00    7.827929000000001E-03    0.000000000000000E+00    1.033156000000000E-02    6.976699676513999E+40    6.135770874024001E+10    2.908004099528667E+07
                      237    1.276754199996464E+32    6.168763246458803E+33    1.674126011484514E+15    1.259300000000000E+08    9.787930533549328E-14    5.925955032080132E-02    2.833410676299126E+03    2.201415963384513E+03    3.294972340901733E-03    1.868574669803673E-01    6.226730365214328E+33    1.691150111186682E+15    2.488587000000000E-01    0.000000000000000E+00    5.592645999999999E-01    3.201029000000000E-02    2.986598000000000E-03    5.867462000000000E-02    8.438424000000000E-03    1.513635000000000E-04    2.765027000000000E-03    2.674546000000000E-02    2.588096000000000E-02    6.948377000000000E-03    9.391060000000000E-03    0.000000000000000E+00    0.000000000000000E+00    0.000000000000000E+00    0.000000000000000E+00    0.000000000000000E+00    7.487020999999999E-03    0.000000000000000E+00    1.010767000000000E-02    7.196699676514000E+40    5.891166127523333E+10    2.635770874024000E+07
                      238    1.159346153089252E+32    6.284697483969852E+33    1.708174210888852E+15    1.284950000000000E+08    9.455638895426567E-14    5.764456305683079E-02    2.820392336769802E+03    2.186261522487190E+03    3.286735188802133E-03    1.762779364909416E-01    6.343120942790702E+33    1.725271306023232E+15    2.547566000000000E-01    0.000000000000000E+00    5.588921999999998E-01    3.152910000000000E-02    3.023446999999999E-03    5.688454000000000E-02    8.343634999999999E-03    1.532311000000000E-04    2.770639000000000E-03    2.570033000000000E-02    2.486449000000000E-02    6.674599000000000E-03    9.019678000000000E-03    0.000000000000000E+00    0.000000000000000E+00    0.000000000000000E+00    0.000000000000000E+00    0.000000000000000E+00    7.188711000000000E-03    0.000000000000000E+00    9.907040999999998E-03    7.396699676514000E+40    5.696561381022667E+10    2.417351888021334E+07
                      239    1.168463211187390E+32    6.401544401611554E+33    1.742368401157612E+15    1.310400000000000E+08    9.123594402005312E-14    5.632202364039399E-02    2.813905614399872E+03    2.173539074573417E+03    3.277274714152067E-03    1.660557484911425E-01    6.456882842518016E+33    1.758994498647300E+15    2.607552000000000E-01    0.000000000000000E+00    5.583594999999999E-01    3.103855000000000E-02    3.060255000000000E-03    5.511711000000000E-02    8.246082000000000E-03    1.550965000000000E-04    2.776081000000000E-03    2.467262000000000E-02    2.386490000000000E-02    6.405364000000000E-03    8.654449999999999E-03    0.000000000000000E+00    0.000000000000000E+00    0.000000000000000E+00    0.000000000000000E+00    0.000000000000000E+00    6.895587999999999E-03    0.000000000000000E+00    9.705378000000001E-03    7.591304423014667E+40    5.491956634522000E+10    2.228142395020000E+07
                      240    1.106766034355423E+32    6.512221283424478E+33    1.775620596136990E+15    1.338450000000000E+08    8.553935477921817E-14    5.505013034371863E-02    2.800976892489510E+03    2.161235593784103E+03    3.272274714152066E-03    1.567500829326373E-01    6.580818441348754E+33    1.795967741793276E+15    2.664341000000000E-01    0.000000000000000E+00    5.577310000000000E-01    3.057328000000000E-02    3.094555000000000E-03    5.348686999999999E-02    8.152817999999999E-03    1.568349000000000E-04    2.781019999999999E-03    2.372811000000000E-02    2.294620000000000E-02    6.157911000000000E-03    8.318763999999999E-03    0.000000000000000E+00    0.000000000000000E+00    0.000000000000000E+00    0.000000000000000E+00    0.000000000000000E+00    6.626363999999999E-03    0.000000000000000E+00    9.516389000000000E-03    7.775909169515334E+40    5.152747141520667E+10    2.014328155518000E+07
                      241    1.371933216436180E+32    6.649415599273031E+33    1.816314887449562E+15    1.370850000000000E+08    8.301679640497936E-14    5.404535222792792E-02    2.839942362480457E+03    2.151305618225641E+03    2.549130442301466E-03    1.481401620406806E-01    6.728675605128926E+33    1.838848335272470E+15    2.733638000000000E-01    0.000000000000000E+00    5.568218000000000E-01    3.000464000000000E-02    3.135774000000000E-03    5.154689999999999E-02    8.037981999999999E-03    1.589239000000000E-04    2.786803000000000E-03    2.260811000000000E-02    2.185677000000000E-02    5.864469000000000E-03    7.920682999999998E-03    0.000000000000000E+00    0.000000000000000E+00    0.000000000000000E+00    0.000000000000000E+00    0.000000000000000E+00    6.307312000000000E-03    0.000000000000000E+00    9.287977999999999E-03    7.995909169515333E+40    4.998142395020000E+10    2.138932902018667E+07
                      242    1.585217217442788E+32    6.807935610984821E+33    1.861381783095378E+15    1.402150000000000E+08    8.263536887268527E-14    5.305891337955863E-02    2.826894012579141E+03    2.141421266760578E+03    2.539130442301466E-03    1.386861057437067E-01    6.875796063052005E+33    1.880539318877203E+15    2.813418000000000E-01    0.000000000000000E+00    5.555668000000000E-01    2.934875000000000E-02    3.182285000000000E-03    4.938563999999999E-02    7.904295999999998E-03    1.612811000000000E-04    2.793107000000000E-03    2.136619999999999E-02    2.064870000000000E-02    5.539063000000000E-03    7.479230000000000E-03    0.000000000000000E+00    0.000000000000000E+00    0.000000000000000E+00    0.000000000000000E+00    0.000000000000000E+00    5.953791999999999E-03    0.000000000000000E+00    9.028217999999999E-03    8.240513916015999E+40    4.973537648519333E+10    2.004328155518000E+07
                      243    1.357207052933790E+32    6.943656515119188E+33    1.899696854659028E+15    1.432350000000000E+08    7.964636689736688E-14    4.750708153840472E-02    2.788107572660504E+03    2.083061592178304E+03    2.503130442301466E-03    1.310489899290042E-01    7.018566874382931E+33    1.920782563164491E+15    2.880476000000000E-01    0.000000000000000E+00    5.543897000000000E-01    2.879682000000000E-02    3.220815000000000E-03    4.761153000000000E-02    7.791078000000000E-03    1.632338000000000E-04    2.798198000000000E-03    2.035024000000000E-02    1.966039000000000E-02    5.272849999999999E-03    7.118074000000000E-03    0.000000000000000E+00    0.000000000000000E+00    0.000000000000000E+00    0.000000000000000E+00    0.000000000000000E+00    5.664742000000000E-03    0.000000000000000E+00    8.811763000000000E-03    8.435118662516667E+40    4.798932902018666E+10    1.681304423014667E+07
                      244    1.498206588751899E+32    7.093477233646674E+33    1.941868271669954E+15    1.468850000000000E+08    7.650518654401243E-14    4.578870401438498E-02    2.778730807575348E+03    2.063963968709454E+03    2.499669967651400E-03    1.229858737210416E-01    7.191795153908274E+33    1.969367168988354E+15    2.949648000000000E-01    0.000000000000000E+00    5.530605000000000E-01    2.822699000000000E-02    3.260018999999999E-03    4.582140000000000E-02    7.673509000000000E-03    1.652208000000000E-04    2.803256000000000E-03    1.932839000000000E-02    1.866632999999999E-02    5.005082000000000E-03    6.754804999999999E-03    0.000000000000000E+00    0.000000000000000E+00    0.000000000000000E+00    0.000000000000000E+00    0.000000000000000E+00    5.374145000000000E-03    0.000000000000000E+00    8.590240999999998E-03    8.645118662516666E+40    4.608932902018666E+10    1.552094930013333E+07
                      245    1.966352042320423E+32    7.290113074169875E+33    1.996866066306754E+15    1.513050000000000E+08    7.314185491334286E-14    4.413248188319165E-02    2.765963699222084E+03    2.045041433304983E+03    2.490669967651400E-03    1.129689128345638E-01    7.403231723304015E+33    2.028219576108160E+15    3.029894000000000E-01    0.000000000000000E+00    5.513005000000000E-01    2.756513999999999E-02    3.304454000000000E-03    4.382058999999999E-02    7.535676999999999E-03    1.674727000000000E-04    2.808758000000000E-03    1.819253000000000E-02    1.756129999999999E-02    4.707420000000000E-03    6.350970000000000E-03    0.000000000000000E+00    0.000000000000000E+00    0.000000000000000E+00    0.000000000000000E+00    0.000000000000000E+00    5.051352000000000E-03    0.000000000000000E+00    8.336579000000000E-03    8.919723409017333E+40    4.409723409017334E+10    1.392885437012000E+07
                      246    2.262370994272957E+32    7.516350372438157E+33    2.059573085909564E+15    1.558700000000000E+08    6.961308466160326E-14    4.253616692357918E-02    2.746922939047183E+03    2.026292380747870E+03    2.479669967651400E-03    1.021467885483604E-01    7.623655905315311E+33    2.089042045845442E+15    3.130239000000000E-01    0.000000000000000E+00    5.487005000000000E-01    2.673626000000000E-02    3.358077000000000E-03    4.145760000000000E-02    7.360726999999999E-03    1.701904000000000E-04    2.814970999999999E-03    1.686275000000000E-02    1.626754000000000E-02    4.358909999999999E-03    5.878135000000000E-03    0.000000000000000E+00    0.000000000000000E+00    0.000000000000000E+00    0.000000000000000E+00    0.000000000000000E+00    4.673863000000000E-03    0.000000000000000E+00    8.025444000000000E-03    9.224328155517999E+40    4.195118662516666E+10    1.223675944010667E+07
                      247    2.146122588002337E+32    7.730961438192468E+33    2.118511005781321E+15    1.598250000000000E+08    6.624696248518081E-14    4.062172404978838E-02    2.728013254543358E+03    2.003097603668083E+03    2.466669967651400E-03    9.251779843188736E-02    7.812754678223632E+33    2.141544616090272E+15    3.241722000000000E-01    0.000000000000000E+00    5.454390999999998E-01    2.581453000000000E-02    3.415800000000000E-03    3.896231999999999E-02    7.164003000000000E-03    1.731159000000000E-04    2.821252000000000E-03    1.546988000000000E-02    1.491233000000000E-02    3.993838000000000E-03    5.382816000000000E-03    0.000000000000000E+00    0.000000000000000E+00    0.000000000000000E+00    0.000000000000000E+00    0.000000000000000E+00    4.278835000000000E-03    0.000000000000000E+00    7.685419000000000E-03    9.508932902018667E+40    3.990513916016000E+10    1.069861704508667E+07
                      248    1.635862613372428E+32    7.894547918254797E+33    2.164578226399224E+15    1.630500000000000E+08    6.154120137500441E-14    3.915239662882990E-02    2.715479172179228E+03    1.984733094452489E+03    2.458669967651400E-03    8.554886764668579E-02    7.963526850874248E+33    2.184054336061788E+15    3.331943000000000E-01    0.000000000000000E+00    5.425339000000000E-01    2.506824000000000E-02    3.461158000000000E-03    3.703569999999999E-02    7.003183000000000E-03    1.754146000000000E-04    2.825896000000000E-03    1.440277000000000E-02    1.387402000000000E-02    3.714130000000000E-03    5.003308999999999E-03    0.000000000000000E+00    0.000000000000000E+00    0.000000000000000E+00    0.000000000000000E+00    0.000000000000000E+00    3.976444000000000E-03    0.000000000000000E+00    7.414248000000000E-03    9.708932902018666E+40    3.711304423014667E+10    9.298755340578001E+06
                      249    1.379563142792023E+32    8.032505783493697E+33    2.203530445724352E+15    1.664350000000000E+08    5.904266746342847E-14    3.843778485465625E-02    2.772339904063618E+03    1.975614074214866E+03    1.728065221150733E-03    8.157552305918490E-02    8.126788225922716E+33    2.228903702187584E+15    3.407616999999999E-01    0.000000000000000E+00    5.399508000000000E-01    2.444218000000000E-02    3.498442000000000E-03    3.547080999999999E-02    6.867425999999999E-03    1.773042000000000E-04    2.829551000000000E-03    1.354076000000000E-02    1.303526000000000E-02    3.488174000000000E-03    4.696726000000000E-03    0.000000000000000E+00    0.000000000000000E+00    0.000000000000000E+00    0.000000000000000E+00    0.000000000000000E+00    3.732306999999999E-03    0.000000000000000E+00    7.188993999999999E-03    9.859723409017333E+40    3.556699676514000E+10    1.039861704508667E+07
                      250    1.885650638149259E+32    8.221070668351736E+33    2.254276958650816E+15    1.702600000000000E+08    5.945193168241210E-14    3.773621621530356E-02    2.759602159244740E+03    1.966536952069401E+03    1.720065221150733E-03    7.638732537527310E-02    8.317210285599986E+33    2.279830976494454E+15    3.503908999999999E-01    0.000000000000000E+00    5.364784000000000E-01    2.364557000000000E-02    3.544902999999999E-03    3.354437000000000E-02    6.693612000000000E-03    1.796589000000000E-04    2.833897000000000E-03    1.248572000000000E-02    1.200863000000000E-02    3.211604000000000E-03    4.321466000000000E-03    0.000000000000000E+00    0.000000000000000E+00    0.000000000000000E+00    0.000000000000000E+00    0.000000000000000E+00    3.433658000000000E-03    0.000000000000000E+00    6.905142999999999E-03    1.011656138102267E+41    3.576699676514000E+10    9.809407552085333E+06
                      251    1.922790356555144E+32    8.413349902848237E+33    2.305384994338093E+15    1.739700000000000E+08    5.756598896003625E-14    3.378767838434405E-02    2.721738998166677E+03    1.912943360580324E+03    1.697065221150733E-03    7.139556305610974E-02    8.503962734860882E+33    2.329251080079176E+15    3.586364000000000E-01    0.000000000000000E+00    5.332606000000000E-01    2.296364000000000E-02    3.583368000000000E-03    3.198021999999999E-02    6.543410999999999E-03    1.816084000000000E-04    2.837221000000000E-03    1.163732000000000E-02    1.118305000000000E-02    2.989192000000000E-03    4.019682000000000E-03    0.000000000000000E+00    0.000000000000000E+00    0.000000000000000E+00    0.000000000000000E+00    0.000000000000000E+00    3.193707000000000E-03    0.000000000000000E+00    6.665724000000000E-03    1.033814239502000E+41    3.466699676514000E+10    8.244288889568667E+06
                      252    1.812273541736811E+32    8.594575566873528E+33    2.353117165820260E+15    1.779100000000000E+08    5.561167423476090E-14    3.226698235592533E-02    2.715479172179228E+03    1.891046079005124E+03    1.693065221150733E-03    6.690241172853911E-02    8.703778042767329E+33    2.381709958301311E+15    3.658285000000000E-01    0.000000000000000E+00    5.302566000000000E-01    2.236914000000000E-02    3.615834000000000E-03    3.068491000000000E-02    6.411333000000000E-03    1.832538000000000E-04    2.839799000000000E-03    1.094164000000000E-02    1.050605000000000E-02    2.806807000000000E-03    3.772203000000000E-03    0.000000000000000E+00    0.000000000000000E+00    0.000000000000000E+00    0.000000000000000E+00    0.000000000000000E+00    2.997107000000000E-03    0.000000000000000E+00    6.459819000000000E-03    1.053814239502000E+41    3.352094930013333E+10    7.537450917563334E+06
                      253    2.184045541056290E+32    8.812980518661131E+33    2.410302750782362E+15    1.823300000000000E+08    5.354154245548790E-14    3.109985409940338E-02    2.696785945043982E+03    1.873708864342490E+03    1.687065221150733E-03    6.173809415386609E-02    8.929480458780394E+33    2.440561753020981E+15    3.750046000000000E-01    0.000000000000000E+00    5.261966000000000E-01    2.161119000000000E-02    3.655978000000000E-03    2.911192000000000E-02    6.241636000000000E-03    1.852883000000000E-04    2.842721000000000E-03    1.010512000000000E-02    9.691961999999998E-03    2.587485000000000E-03    3.474600000000000E-03    0.000000000000000E+00    0.000000000000000E+00    0.000000000000000E+00    0.000000000000000E+00    0.000000000000000E+00    2.760883000000000E-03    0.000000000000000E+00    6.200483999999999E-03    1.073814239502000E+41    3.227490183512667E+10    6.741403452556667E+06
                      254    2.329994825565527E+32    9.045980398899659E+33    2.470820755259599E+15    1.868250000000000E+08    5.142401361453068E-14    2.997494201147591E-02    2.678221401179195E+03    1.856530598219288E+03    1.679065221150733E-03    5.651390862406321E-02    9.160564506108504E+33    2.500453382659592E+15    3.855064000000000E-01    0.000000000000000E+00    5.213255999999999E-01    2.074451000000000E-02    3.700627000000000E-03    2.739029000000000E-02    6.046309000000000E-03    1.875512000000000E-04    2.845704000000000E-03    9.198016999999999E-03    8.809153000000000E-03    2.349645000000000E-03    3.151866000000000E-03    0.000000000000000E+00    0.000000000000000E+00    0.000000000000000E+00    0.000000000000000E+00    0.000000000000000E+00    2.504891000000000E-03    0.000000000000000E+00    5.906983999999999E-03    1.093814239502000E+41    3.092885437012000E+10    5.940751241049334E+06
                      255    2.291686120996658E+32    9.275148613317350E+33    2.530086010059585E+15    1.908950000000000E+08    4.916894370288409E-14    2.876389180233372E-02    2.659784654735458E+03    1.837542292715341E+03    1.671065221150733E-03    5.164548600772120E-02    9.366604531115172E+33    2.554535947407208E+15    3.959901000000000E-01    0.000000000000000E+00    5.162202000000000E-01    1.988064000000000E-02    3.743728000000000E-03    2.575684000000000E-02    5.850227000000000E-03    1.897355000000000E-04    2.848297000000000E-03    8.346681999999999E-03    7.980601000000000E-03    2.126421000000000E-03    2.848959000000000E-03    0.000000000000000E+00    0.000000000000000E+00    0.000000000000000E+00    0.000000000000000E+00    0.000000000000000E+00    2.264791000000000E-03    0.000000000000000E+00    5.617536000000000E-03    1.113814239502000E+41    2.962885437012000E+10    5.209308522543333E+06
                      256    1.829114776818662E+32    9.458060448912993E+33    2.578985884754829E+15    1.947400000000000E+08    4.562112284125289E-14    2.784571357433889E-02    2.647564054312134E+03    1.822645095955447E+03    1.668065221150733E-03    4.792511320933677E-02    9.556913251429809E+33    2.605411971638252E+15    4.044095999999999E-01    0.000000000000000E+00    5.119276000000000E-01    1.918806000000000E-02    3.777153000000000E-03    2.451251000000000E-02    5.691927999999999E-03    1.914296000000000E-04    2.850074000000000E-03    7.705839999999999E-03    7.356893999999999E-03    1.958384000000000E-03    2.620936000000000E-03    0.000000000000000E+00    0.000000000000000E+00    0.000000000000000E+00    0.000000000000000E+00    0.000000000000000E+00    2.084172000000000E-03    0.000000000000000E+00    5.387880999999999E-03    1.133814239502000E+41    2.748280690511333E+10    4.517075297038667E+06
                      257    1.977052670039584E+32    9.655766053946628E+33    2.631838058521676E+15    1.990750000000000E+08    4.376893406436396E-14    2.708684057352667E-02    2.709233743392030E+03    1.810098095369066E+03    1.136841898600267E-03    4.529596497851261E-02    9.776659385675199E+33    2.662907433956992E+15    4.133766000000000E-01    0.000000000000000E+00    5.071745000000000E-01    1.845174000000000E-02    3.811605000000000E-03    2.325102000000000E-02    5.522595999999999E-03    1.931756000000000E-04    2.851681000000000E-03    7.063715999999999E-03    6.731925999999999E-03    1.790005000000000E-03    2.392447000000000E-03    0.000000000000000E+00    0.000000000000000E+00    0.000000000000000E+00    0.000000000000000E+00    0.000000000000000E+00    1.903298000000000E-03    0.000000000000000E+00    5.145924999999999E-03    1.148418986002667E+41    2.639071197510000E+10    5.249308522543333E+06
                      258    2.417864646161545E+32    9.897552717403771E+33    2.693976809392307E+15    2.035450000000000E+08    4.362052401156965E-14    2.470349220696177E-02    2.678221401179195E+03    1.768895232375873E+03    1.120841898600267E-03    4.225865394297950E-02    1.000872371906957E+34    2.722438962708130E+15    4.241041000000000E-01    0.000000000000000E+00    5.012278999999999E-01    1.757296000000000E-02    3.851138000000000E-03    2.183329000000000E-02    5.319018999999999E-03    1.951792000000000E-04    2.853197000000000E-03    6.353341000000000E-03    6.040515000000000E-03    1.603723000000000E-03    2.139661000000000E-03    0.000000000000000E+00    0.000000000000000E+00    0.000000000000000E+00    0.000000000000000E+00    0.000000000000000E+00    1.703345000000000E-03    0.000000000000000E+00    4.860227000000000E-03    1.168418986002667E+41    2.629071197510000E+10    4.527865804037333E+06
                      259    2.223425998545465E+32    1.011989472073536E+34    2.750901116023953E+15    2.077600000000000E+08    4.189536419330417E-14    2.337536234173750E-02    2.659784654735458E+03    1.744625079923176E+03    1.117841898600267E-03    3.959344194464594E-02    1.022815170773564E+34    2.778609137459612E+15    4.340304000000000E-01    0.000000000000000E+00    4.955455000000000E-01    1.676142000000000E-02    3.886530000000000E-03    2.058468000000000E-02    5.129997000000000E-03    1.969729000000000E-04    2.854318000000000E-03    5.735918999999999E-03    5.439566000000000E-03    1.441813000000000E-03    1.919945000000000E-03    0.000000000000000E+00    0.000000000000000E+00    0.000000000000000E+00    0.000000000000000E+00    0.000000000000000E+00    1.529656000000000E-03    0.000000000000000E+00    4.598454000000000E-03    1.183814239502000E+41    2.529071197510000E+10    4.020237325033334E+06
                      260    2.165141728415564E+32    1.033640869473593E+34    2.806317158895270E+15    2.120549999999999E+08    4.024304909059246E-14    2.252985266269338E-02    2.641474825961514E+03    1.728630261048980E+03    1.113841898600267E-03    3.711007022963779E-02    1.045181600363124E+34    2.835851903295897E+15    4.430529000000000E-01    0.000000000000000E+00    4.902457000000000E-01    1.602521000000000E-02    3.917775000000000E-03    1.949716000000000E-02    4.957750000000000E-03    1.985564000000000E-04    2.855129000000000E-03    5.204529000000000E-03    4.922348000000000E-03    1.302462000000000E-03    1.730841000000000E-03    0.000000000000000E+00    0.000000000000000E+00    0.000000000000000E+00    0.000000000000000E+00    0.000000000000000E+00    1.380236000000000E-03    0.000000000000000E+00    4.362444000000000E-03    1.198418986002667E+41    2.424466451009333E+10    3.557213592530000E+06
                      261    2.308148166316167E+32    1.056722331252656E+34    2.865386647696524E+15    2.163999999999999E+08    3.865146593498518E-14    2.171492589427567E-02    2.623291041162272E+03    1.712782083555654E+03    1.109841898600267E-03    3.457682069584923E-02    1.067826407334582E+34    2.893803830745010E+15    4.511037000000000E-01    0.000000000000000E+00    4.853320000000000E-01    1.537055000000000E-02    3.944339000000000E-03    1.859175000000000E-02    4.803536000000000E-03    1.999027000000000E-04    2.855569000000000E-03    4.771101000000000E-03    4.500476000000000E-03    1.188798000000000E-03    1.576595000000000E-03    0.000000000000000E+00    0.000000000000000E+00    0.000000000000000E+00    0.000000000000000E+00    0.000000000000000E+00    1.258446000000000E-03    0.000000000000000E+00    4.154479000000000E-03    1.218418986002667E+41    2.324466451009333E+10    3.154189860026667E+06
                      262    2.220799309106273E+32    1.078930483416508E+34    2.922221013793496E+15    2.205700000000000E+08    3.712708723256706E-14    2.092947582274660E-02    2.605232432657115E+03    1.697079203026935E+03    1.105841898600266E-03    3.224397113009941E-02    1.089493413752124E+34    2.949351251827417E+15    4.596093999999999E-01    0.000000000000000E+00    4.799121000000000E-01    1.468192000000000E-02    3.970742999999999E-03    1.771559000000000E-02    4.640021000000000E-03    2.012409000000000E-04    2.855686000000000E-03    4.363493000000000E-03    4.103733000000000E-03    1.081905000000000E-03    1.431536000000000E-03    0.000000000000000E+00    0.000000000000000E+00    0.000000000000000E+00    0.000000000000000E+00    0.000000000000000E+00    1.144015000000000E-03    0.000000000000000E+00    3.937999000000000E-03    1.228418986002667E+41    2.234466451009333E+10    2.795770874024000E+06
                      263    2.112596009172497E+32    1.100056344087739E+34    2.976481489861338E+15    2.246850000000000E+08    3.557672526748939E-14    2.017243624719935E-02    2.590502397937072E+03    1.681520287372246E+03    1.102841898600266E-03    3.011558414357830E-02    1.110424111994546E+34    3.003969719473854E+15    4.684830999999999E-01    0.000000000000000E+00    4.741087000000000E-01    1.396567000000000E-02    3.997172000000000E-03    1.685398000000000E-02    4.469097999999999E-03    2.025803000000000E-04    2.855584000000000E-03    3.970978999999999E-03    3.721681000000000E-03    9.789693999999998E-04    1.291848000000000E-03    0.000000000000000E+00    0.000000000000000E+00    0.000000000000000E+00    0.000000000000000E+00    0.000000000000000E+00    1.033889000000000E-03    0.000000000000000E+00    3.714253000000000E-03    1.243814239502000E+41    2.145256958008000E+10    2.477351888021334E+06
                      264    2.073549604541599E+32    1.120791879901353E+34    3.031457949086370E+15    2.288500000000000E+08    3.327867068279814E-14    1.962268135628097E-02    2.572669504864217E+03    1.669944783134757E+03    1.102302373250333E-03    2.809938018026358E-02    1.131225364754386E+34    3.059145065501605E+15    4.768808999999999E-01    0.000000000000000E+00    4.685106000000000E-01    1.328950000000000E-02    4.021370000000000E-03    1.607588000000000E-02    4.307137000000000E-03    2.038067000000000E-04    2.855322000000000E-03    3.622743999999999E-03    3.382730000000000E-03    8.876467000000000E-04    1.167918000000000E-03    0.000000000000000E+00    0.000000000000000E+00    0.000000000000000E+00    0.000000000000000E+00    0.000000000000000E+00    9.362322000000000E-04    0.000000000000000E+00    3.503993000000000E-03    1.258418986002666E+41    2.005256958008000E+10    2.158932902018667E+06
                      265    2.086704924246138E+32    1.141658849607419E+34    3.086832181916840E+15    2.335049999999999E+08    3.203987982277835E-14    1.806168865103777E-02    2.617257639192732E+03    1.635694191265997E+03    7.682223322550467E-04    2.673678957884218E-02    1.154996904179074E+34    3.120992307869222E+15    4.838188999999999E-01    0.000000000000000E+00    4.638144000000000E-01    1.273206000000000E-02    4.040802999999999E-03    1.545812000000000E-02    4.173208999999999E-03    2.047916000000000E-04    2.855001000000000E-03    3.350631000000000E-03    3.117870999999999E-03    8.162866000000000E-04    1.071079000000000E-03    0.000000000000000E+00    0.000000000000000E+00    0.000000000000000E+00    0.000000000000000E+00    0.000000000000000E+00    8.599533000000000E-04    0.000000000000000E+00    3.331278000000000E-03    1.268418986002667E+41    1.930652211507333E+10    2.408142395020000E+06
                      266    2.667596995461996E+32    1.168334958750730E+34    3.155152433821604E+15    2.392900000000000E+08    3.189266994688547E-14    1.724877875276860E-02    2.599240564334588E+03    1.616970554688381E+03    7.635223322550466E-04    2.507359586346156E-02    1.185058082286262E+34    3.198069452708624E+15    4.910461000000000E-01    0.000000000000000E+00    4.588232000000000E-01    1.215315000000000E-02    4.060251000000000E-03    1.484955000000000E-02    4.033556000000000E-03    2.057772000000000E-04    2.854519000000000E-03    3.088848000000000E-03    2.863071000000000E-03    7.476370000000000E-04    9.779188000000000E-04    0.000000000000000E+00    0.000000000000000E+00    0.000000000000000E+00    0.000000000000000E+00    0.000000000000000E+00    7.866118000000001E-04    0.000000000000000E+00    3.152745000000000E-03    1.278418986002667E+41    1.920652211507333E+10    2.228932902018667E+06
                      267    3.344640614385328E+32    1.201781205821794E+34    3.240986471595645E+15    2.454200000000000E+08    3.031732493400693E-14    1.647245582681810E-02    2.575410583603814E+03    1.598461245806346E+03    7.614223322550466E-04    2.309272157317964E-02    1.216850370026879E+34    3.279809386404798E+15    5.022077000000000E-01    0.000000000000000E+00    4.509177000000000E-01    1.126281000000000E-02    4.088671000000000E-03    1.397915000000000E-02    3.817652000000000E-03    2.072176000000000E-04    2.853482000000000E-03    2.727556000000000E-03    2.511424000000000E-03    6.528950000000000E-04    8.493507000000000E-04    0.000000000000000E+00    0.000000000000000E+00    0.000000000000000E+00    0.000000000000000E+00    0.000000000000000E+00    6.854724000000000E-04    0.000000000000000E+00    2.879757000000000E-03    1.298418986002666E+41    1.826047465006667E+10    1.910513916016000E+06
                      268    3.013824887377552E+32    1.231919534231964E+34    3.318632301213952E+15    2.508300000000000E+08    2.871877889745641E-14    1.558684984229174E-02    2.551799077449585E+03    1.576529535315306E+03    7.587302373250333E-04    2.140132060026458E-02    1.244823021826379E+34    3.352030998310446E+15    5.145668000000000E-01    0.000000000000000E+00    4.419856999999999E-01    1.028051000000000E-02    4.118647999999999E-03    1.307818000000000E-02    3.578426999999999E-03    2.087368000000000E-04    2.852070000000000E-03    2.366309000000000E-03    2.159831000000000E-03    5.581683000000000E-04    7.208050000000000E-04    0.000000000000000E+00    0.000000000000000E+00    0.000000000000000E+00    0.000000000000000E+00    0.000000000000000E+00    5.844202999999999E-04    0.000000000000000E+00    2.579942999999999E-03    1.308418986002667E+41    1.726047465006667E+10    1.606699676514000E+06
                      269    2.580699507292749E+32    1.257726509420793E+34    3.385429695406940E+15    2.559549999999999E+08    2.736314236893984E-14    1.495710858193676E-02    2.528404042884942E+03    1.560405037027331E+03    7.560302373250333E-04    2.001985597649886E-02    1.271171043341024E+34    3.420393102039520E+15    5.236585000000000E-01    0.000000000000000E+00    4.353178999999999E-01    9.559939000000000E-03    4.139872000000000E-03    1.244969000000000E-02    3.402383000000000E-03    2.098125000000000E-04    2.850888000000000E-03    2.121709000000000E-03    1.921775000000000E-03    4.940315000000000E-04    6.337711999999999E-04    0.000000000000000E+00    0.000000000000000E+00    0.000000000000000E+00    0.000000000000000E+00    0.000000000000000E+00    5.160402000000000E-04    0.000000000000000E+00    2.360732000000000E-03    1.318418986002667E+41    1.646047465006667E+10    1.382885437012000E+06
                      270    2.688902807226525E+32    1.284615577261255E+34    3.455356508672101E+15    2.614500000000000E+08    2.616320104372866E-14    1.441609536076582E-02    2.496801396899242E+03    1.546099157658261E+03    7.503841898600267E-04    1.864740248184638E-02    1.299234764312602E+34    3.493666624342554E+15    5.313298000000000E-01    0.000000000000000E+00    4.296314000000000E-01    8.953232000000000E-03    4.157261000000000E-03    1.194065000000000E-02    3.253810000000000E-03    2.106938000000000E-04    2.849803000000000E-03    1.928425000000000E-03    1.733666000000000E-03    4.433522999999999E-04    5.649999000000000E-04    0.000000000000000E+00    0.000000000000000E+00    0.000000000000000E+00    0.000000000000000E+00    0.000000000000000E+00    4.620329000000000E-04    0.000000000000000E+00    2.176597000000000E-03    1.328418986002667E+41    1.576047465006667E+10    1.159071197510000E+06
                      271    2.923847352318594E+32    1.313853951363948E+34    3.531976740013006E+15    2.670750000000000E+08    2.487086432956150E-14    1.332779645887556E-02    2.465167741775568E+03    1.516010158393692E+03    7.452460474650066E-04    1.722765334356775E-02    1.327363406866458E+34    3.568559574896363E+15    5.390085999999999E-01    0.000000000000000E+00    4.238782000000000E-01    8.347303000000000E-03    4.174131000000000E-03    1.145269000000000E-02    3.105076000000000E-03    2.115488000000000E-04    2.848627000000000E-03    1.748223000000000E-03    1.558295000000000E-03    3.961050000000000E-04    5.008867000000000E-04    0.000000000000000E+00    0.000000000000000E+00    0.000000000000000E+00    0.000000000000000E+00    0.000000000000000E+00    4.117077000000000E-04    0.000000000000000E+00    1.993120000000000E-03    1.338418986002667E+41    1.501442718506000E+10    9.625593312583333E+05
                      272    2.701877181632830E+32    1.340872862368967E+34    3.605142409779720E+15    2.721150000000000E+08    2.307628904137927E-14    1.267207242689440E-02    2.439967258384402E+03    1.497053577944664E+03    7.455460474650067E-04    1.596924911147932E-02    1.351946217518391E+34    3.635525813735710E+15    5.467564000000000E-01    0.000000000000000E+00    4.180024000000000E-01    7.737565000000000E-03    4.190524000000000E-03    1.098532000000000E-02    2.954998000000000E-03    2.123796000000000E-04    2.847337000000000E-03    1.581742000000000E-03    1.396284000000000E-03    3.524581000000000E-04    4.416601000000000E-04    0.000000000000000E+00    0.000000000000000E+00    0.000000000000000E+00    0.000000000000000E+00    0.000000000000000E+00    3.652465000000000E-04    0.000000000000000E+00    1.808963000000000E-03    1.348418986002667E+41    1.386837972005333E+10    8.060474650066667E+05
                      273    2.214676995114394E+32    1.363019572667815E+34    3.665909217691701E+15    2.768900000000000E+08    2.196296039547276E-14    1.221371119450587E-02    2.491058913038615E+03    1.483328508243588E+03    5.399553354899066E-04    1.524883648354377E-02    1.375541882090017E+34    3.699102369643293E+15    5.537415999999999E-01    0.000000000000000E+00    4.126601000000000E-01    7.188875000000000E-03    4.204905000000000E-03    1.057972000000000E-02    2.819687000000000E-03    2.131084000000000E-04    2.846110000000000E-03    1.441333000000000E-03    1.259651000000000E-03    3.156484999999999E-04    3.917120999999999E-04    0.000000000000000E+00    0.000000000000000E+00    0.000000000000000E+00    0.000000000000000E+00    0.000000000000000E+00    3.260827999999999E-04    0.000000000000000E+00    1.643540000000000E-03    1.348418986002667E+41    1.322233225504667E+10    9.525593312583334E+05
                      274    2.504467849669927E+32    1.388064191512218E+34    3.732295521594884E+15    2.821250000000000E+08    2.193643098253306E-14    1.177192933542575E-02    2.473910584100655E+03    1.469729270737882E+03    5.360092880249000E-04    1.446850927910381E-02    1.401859381513147E+34    3.768938096259928E+15    5.608244000000000E-01    0.000000000000000E+00    4.072186999999999E-01    6.633108000000000E-03    4.219267000000000E-03    1.017713000000000E-02    2.682489000000000E-03    2.138363000000000E-04    2.844829000000000E-03    1.304286000000000E-03    1.126292000000000E-03    2.797214000000000E-04    3.429621000000000E-04    0.000000000000000E+00    0.000000000000000E+00    0.000000000000000E+00    0.000000000000000E+00    0.000000000000000E+00    2.878692999999999E-04    0.000000000000000E+00    1.476144000000000E-03    1.358418986002667E+41    1.322233225504667E+10    8.705731608074666E+05
                      275    2.759028058136433E+32    1.415654571514076E+34    3.805580670924972E+15    2.872800000000000E+08    2.109434137671963E-14    1.134612715753378E-02    2.453841324843630E+03    1.456254711791044E+03    5.353092880249000E-04    1.364124009131505E-02    1.427658005380519E+34    3.837709587589214E+15    5.665772999999998E-01    0.000000000000000E+00    4.027666999999999E-01    6.182465999999999E-03    4.230641000000000E-03    9.861524000000000E-03    2.571054000000000E-03    2.144127000000000E-04    2.843742000000000E-03    1.199958000000000E-03    1.024776000000000E-03    2.523732000000000E-04    3.058536999999999E-04    0.000000000000000E+00    0.000000000000000E+00    0.000000000000000E+00    0.000000000000000E+00    0.000000000000000E+00    2.587954000000000E-04    0.000000000000000E+00    1.340618000000000E-03    1.368418986002667E+41    1.272233225504667E+10    7.651265157065333E+05
                      276    2.400694726928067E+32    1.439661439246962E+34    3.869838504253456E+15    2.922150000000000E+08    2.019137850366555E-14    1.098394505089468E-02    2.423170641923177E+03    1.444448663538399E+03    5.325092880249000E-04    1.295055629447378E-02    1.452154717885051E+34    3.903572828955801E+15    5.694090999999999E-01    0.000000000000000E+00    4.005617000000000E-01    5.960965000000000E-03    4.236117000000000E-03    9.710899999999998E-03    2.516203000000000E-03    2.146903000000000E-04    2.843188000000000E-03    1.151502000000000E-03    9.776279999999999E-04    2.396719000000000E-04    2.886198000000000E-04    0.000000000000000E+00    0.000000000000000E+00    0.000000000000000E+00    0.000000000000000E+00    0.000000000000000E+00    2.452989000000000E-04    0.000000000000000E+00    1.274087000000000E-03    1.368418986002667E+41    1.216837972005333E+10    6.457589213054667E+05
                      277    2.498653739208006E+32    1.464647996523141E+34    3.937307153658146E+15    2.974900000000000E+08    1.937162128759398E-14    1.029812956588039E-02    2.395432836954997E+03    1.421353526623611E+03    5.306632405598933E-04    1.225721630473441E-02    1.478121561227484E+34    3.973983383624634E+15    5.741209000000000E-01    0.000000000000000E+00    3.968691000000000E-01    5.593029000000000E-03    4.245008999999999E-03    9.468763999999998E-03    2.424951000000000E-03    2.151409000000000E-04    2.842231000000000E-03    1.076067000000000E-03    9.042332000000000E-04    2.199003000000000E-04    2.617929000000000E-04    0.000000000000000E+00    0.000000000000000E+00    0.000000000000000E+00    0.000000000000000E+00    0.000000000000000E+00    2.243007000000000E-04    0.000000000000000E+00    1.163718000000000E-03    1.378418986002667E+41    1.162233225504667E+10    5.537727508546000E+05
                      278    2.694701010409481E+32    1.491595125931828E+34    4.010659613591122E+15    3.033600000000000E+08    1.854240104785396E-14    9.882063641223808E-03    2.373471376700119E+03    1.406816144358796E+03    5.301171930948866E-04    1.153642274702277E-02    1.506720164454280E+34    4.052222955985982E+15    5.804735999999999E-01    0.000000000000000E+00    3.918663000000000E-01    5.097554000000000E-03    4.256775000000000E-03    9.150745000000000E-03    2.301928999999999E-03    2.157373000000000E-04    2.840906000000000E-03    9.795269000000000E-04    8.103086999999999E-04    1.945986000000000E-04    2.274633000000000E-04    0.000000000000000E+00    0.000000000000000E+00    0.000000000000000E+00    0.000000000000000E+00    0.000000000000000E+00    1.974410000000000E-04    0.000000000000000E+00    1.015233000000000E-03    1.378418986002667E+41    1.117628479004000E+10    4.837075297038667E+05
                      279    3.025021623359453E+32    1.521845202976731E+34    4.093786298380842E+15    3.099850000000000E+08    1.766712859018339E-14    9.478908948773287E-03    2.351711260323095E+03    1.392201545053164E+03    5.297171930948866E-04    1.075872867947192E-02    1.538494059403592E+34    4.140492835978454E+15    5.856722999999999E-01    0.000000000000000E+00    3.877676000000000E-01    4.692217000000000E-03    4.266358999999999E-03    8.892200999999999E-03    2.201259000000000E-03    2.162230000000000E-04    2.839815000000000E-03    9.015649000000000E-04    7.344597000000000E-04    1.741663000000000E-04    1.997406000000000E-04    0.000000000000000E+00    0.000000000000000E+00    0.000000000000000E+00    0.000000000000000E+00    0.000000000000000E+00    1.757530000000000E-04    0.000000000000000E+00    8.937889000000001E-04    1.388418986002666E+41    1.067628479004000E+10    4.225632578532667E+05
                      280    3.329761343322895E+32    1.555142915830454E+34    4.187199373576067E+15    3.168500000000000E+08    1.660221256693830E-14    9.052287769650707E-03    2.327268418492435E+03    1.376265145748476E+03    5.307711456298800E-04    9.935845223953643E-03    1.570888735914538E+34    4.231997575059176E+15    5.865402000000000E-01    0.000000000000000E+00    3.870821000000000E-01    4.624577999999999E-03    4.267947999999999E-03    8.849470000000000E-03    2.184453000000000E-03    2.163035000000000E-04    2.839631000000000E-03    8.888136000000000E-04    7.220542999999999E-04    1.708245000000000E-04    1.952065000000000E-04    0.000000000000000E+00    0.000000000000000E+00    0.000000000000000E+00    0.000000000000000E+00    0.000000000000000E+00    1.722065000000000E-04    0.000000000000000E+00    8.735307000000000E-04    1.388418986002666E+41    9.987075297038666E+09    3.678794606527333E+05
                      281    3.149160039997003E+32    1.586634555998621E+34    4.276795776542286E+15    3.234800000000000E+08    1.556560373366874E-14    8.686556453391505E-03    2.327268418492435E+03    1.362188920413450E+03    4.371488133748333E-04    9.326402179772365E-03    1.601964997260716E+34    4.320422633100376E+15    5.938067000000000E-01    0.000000000000000E+00    3.813152000000000E-01    4.058987000000000E-03    4.280991999999999E-03    8.501389000000000E-03    2.043762000000000E-03    2.169646000000000E-04    2.838052000000000E-03    7.879693000000000E-04    6.239504000000000E-04    1.443979000000000E-04    1.593519000000000E-04    0.000000000000000E+00    0.000000000000000E+00    0.000000000000000E+00    0.000000000000000E+00    0.000000000000000E+00    1.441744000000000E-04    0.000000000000000E+00    7.042887000000000E-04    1.398418986002667E+41    9.377865804037333E+09    3.458794606527333E+05
                      282    3.066104159697945E+32    1.617295438522811E+34    4.364049489658466E+15    3.305300000000000E+08    1.502072442324457E-14    8.144185301716704E-03    2.298179776528627E+03    1.340409025831605E+03    4.356027659098267E-04    8.755688514354645E-03    1.634829833285588E+34    4.414439010401180E+15    5.984110999999999E-01    0.000000000000000E+00    3.776267000000000E-01    3.701525000000000E-03    4.288931000000000E-03    8.292971000000000E-03    1.954642000000000E-03    2.173669000000000E-04    2.837002999999999E-03    7.314775999999999E-04    5.690012999999999E-04    1.295968000000000E-04    1.392714000000000E-04    0.000000000000000E+00    0.000000000000000E+00    0.000000000000000E+00    0.000000000000000E+00    0.000000000000000E+00    1.284916000000000E-04    0.000000000000000E+00    5.975136000000000E-04    1.398418986002667E+41    9.044051564535332E+09    3.007351888021333E+05
                      283    3.506870998915841E+32    1.652364228048364E+34    4.464828531143894E+15    3.387750000000000E+08    1.432735329073496E-14    7.740309947281455E-03    2.271872730165367E+03    1.323433462463218E+03    4.358567184448200E-04    8.126580485944047E-03    1.672689455485159E+34    4.524342171033887E+15    6.017371000000000E-01    0.000000000000000E+00    3.749579000000000E-01    3.443425999999999E-03    4.294624000000000E-03    8.143958999999999E-03    1.890269000000000E-03    2.176555000000000E-04    2.836238000000000E-03    6.916101999999999E-04    5.302235000000000E-04    1.191517000000000E-04    1.251009000000000E-04    0.000000000000000E+00    0.000000000000000E+00    0.000000000000000E+00    0.000000000000000E+00    0.000000000000000E+00    1.174268000000000E-04    0.000000000000000E+00    5.204419000000000E-04    1.408418986002667E+41    8.629446818034668E+09    2.659723409017333E+05
                      284    4.065051452588584E+32    1.693014682921954E+34    4.583855810923878E+15    3.486250000000000E+08    1.314289016250148E-14    7.359488761793209E-03    2.243088847506465E+03    1.306884910488672E+03    4.394567184448200E-04    7.439345064244787E-03    1.716438051778283E+34    4.655681573228156E+15    6.023295000000000E-01    0.000000000000000E+00    3.744822999999999E-01    3.397465000000000E-03    4.295636000000000E-03    8.117516000000000E-03    1.878804000000000E-03    2.177067000000000E-04    2.836102000000000E-03    6.845682999999999E-04    5.233742000000000E-04    1.173068000000000E-04    1.225980000000000E-04    0.000000000000000E+00    0.000000000000000E+00    0.000000000000000E+00    0.000000000000000E+00    0.000000000000000E+00    1.154726000000000E-04    0.000000000000000E+00    5.067189000000000E-04    1.408418986002667E+41    7.916423085531334E+09    2.291304423014667E+05
                      285    4.684659852396804E+32    1.739861420634613E+34    4.727507335532433E+15    3.595100000000000E+08    1.188956512476669E-14    6.866862504767981E-03    2.197083062514521E+03    1.284405366306763E+03    4.419646235148066E-04    6.684761203762740E-03    1.762737976776500E+34    4.800876279251106E+15    6.073074000000001E-01    0.000000000000000E+00    3.704684000000000E-01    3.011724000000000E-03    4.303968000000000E-03    7.901415999999998E-03    1.782481000000000E-03    2.181290000000000E-04    2.834929999999999E-03    6.291140000000000E-04    4.694407000000000E-04    1.027799000000000E-04    1.028905000000000E-04    0.000000000000000E+00    0.000000000000000E+00    0.000000000000000E+00    0.000000000000000E+00    0.000000000000000E+00    1.000944000000000E-04    0.000000000000000E+00    3.916334000000000E-04    1.413023732503333E+41    7.163399353028000E+09    1.883675944010667E+05
                      286    4.575325147246601E+32    1.785614532918388E+34    4.874245222969779E+15    3.708750000000000E+08    1.067003809705751E-14    6.409846752212837E-03    2.161954133793974E+03    1.262517316516105E+03    4.469725285847933E-04    5.985191115236764E-03    1.808700170358179E+34    4.952498782520064E+15    6.112721000000000E-01    0.000000000000000E+00    3.672580999999999E-01    2.704863000000000E-03    4.310476000000000E-03    7.734008000000000E-03    1.705776000000000E-03    2.184588000000000E-04    2.833977000000000E-03    5.878139999999999E-04    4.292769000000000E-04    9.196228999999999E-05    8.821569999999999E-05    0.000000000000000E+00    0.000000000000000E+00    0.000000000000000E+00    0.000000000000000E+00    0.000000000000000E+00    8.865066000000001E-05    0.000000000000000E+00    3.001494000000000E-04    1.418418986002667E+41    6.424980367025333E+09    1.584466451009333E+05
                      287    4.617111580679321E+32    1.831785807797971E+34    5.030752342070349E+15    3.824550000000000E+08    9.465988446478660E-15    6.009628785092012E-03    2.127386877799461E+03    1.242331060667592E+03    4.574845825195200E-04    5.307735980184605E-03    1.852814435226525E+34    5.107055419051182E+15    6.125827000000000E-01    0.000000000000000E+00    3.661945999999999E-01    2.603494000000000E-03    4.312603999999999E-03    7.679484000000000E-03    1.680424000000000E-03    2.185667000000000E-04    2.833659000000000E-03    5.746571000000000E-04    4.164826999999999E-04    8.851639000000000E-05    8.354120999999999E-05    0.000000000000000E+00    0.000000000000000E+00    0.000000000000000E+00    0.000000000000000E+00    0.000000000000000E+00    8.500669000000000E-05    0.000000000000000E+00    2.699397000000000E-04    1.418418986002667E+41    5.696561381022667E+09    1.330652211507333E+05
                      288    4.205727474120731E+32    1.873843062655079E+34    5.183358496032016E+15    3.937750000000000E+08    8.244531279827826E-15    5.582743138375623E-03    2.086334783173004E+03    1.219655963360244E+03    4.747543451944866E-04    4.710688433030149E-03    1.892928615957988E+34    5.258099539905996E+15    6.156495000000000E-01    0.000000000000000E+00    3.636976000000000E-01    2.366525000000000E-03    4.317503000000000E-03    7.554861000000000E-03    1.621109000000000E-03    2.188150000000000E-04    2.832902999999999E-03    5.456715000000000E-04    3.882989000000000E-04    8.092582000000001E-05    7.324477000000001E-05    0.000000000000000E+00    0.000000000000000E+00    0.000000000000000E+00    0.000000000000000E+00    0.000000000000000E+00    7.698493000000000E-05    0.000000000000000E+00    1.993599000000000E-04    1.418418986002667E+41    4.963537648519333E+09    1.066047465006667E+05
                      289    3.817124579450728E+32    1.912014169260896E+34    5.332840583779976E+15    4.048900000000000E+08    7.247128635685221E-15    5.234167860967141E-03    2.057709196802372E+03    1.200155013154274E+03    4.476320129394400E-04    4.225994922108726E-03    1.929673933266020E+34    5.406426584187558E+15    6.166004000000000E-01    0.000000000000000E+00    3.629228000000000E-01    2.293067000000000E-03    4.319016000000000E-03    7.516419000000000E-03    1.602719000000000E-03    2.188917000000000E-04    2.832667000000000E-03    5.368054000000000E-04    3.796782000000000E-04    7.860408000000000E-05    7.009540000000000E-05    0.000000000000000E+00    0.000000000000000E+00    0.000000000000000E+00    0.000000000000000E+00    0.000000000000000E+00    7.453165999999999E-05    0.000000000000000E+00    1.774834000000000E-04    1.423023732503333E+41    4.369723409017333E+09    8.901403452556668E+04
                      290    3.531944847385343E+32    1.947333697271144E+34    5.480012584595141E+15    4.154949999999999E+08    6.429333739160590E-15    4.952764138873602E-03    2.029476368200856E+03    1.183688269051516E+03    4.658017756144066E-04    3.785458557889093E-03    1.962453864189413E+34    5.547974682795386E+15    6.173160000000000E-01    0.000000000000000E+00    3.623386000000000E-01    2.237819000000000E-03    4.320144000000000E-03    7.487885000000000E-03    1.588881000000000E-03    2.189489000000000E-04    2.832489000000000E-03    5.303726999999999E-04    3.734239000000000E-04    7.691970999999998E-05    6.781065999999999E-05    0.000000000000000E+00    0.000000000000000E+00    0.000000000000000E+00    0.000000000000000E+00    0.000000000000000E+00    7.275260000000000E-05    0.000000000000000E+00    1.610355000000000E-04    1.423023732503333E+41    3.875909169515333E+09    7.426146494548667E+04
                      291    3.024037360473458E+32    1.977574031107681E+34    5.615936780995630E+15    4.262650000000000E+08    5.677615398135659E-15    4.663997957921160E-03    2.001630908529836E+03    1.166009560604313E+03    4.861175857543799E-04    3.410491232424315E-03    1.992823643508532E+34    5.691751638046315E+15    6.184807999999999E-01    0.000000000000000E+00    3.613868000000000E-01    2.147913000000000E-03    4.321972000000000E-03    7.441737000000000E-03    1.566357000000000E-03    2.190415000000000E-04    2.832197000000000E-03    5.200843000000000E-04    3.634212000000000E-04    7.422588000000000E-05    6.415670000000000E-05    0.000000000000000E+00    0.000000000000000E+00    0.000000000000000E+00    0.000000000000000E+00    0.000000000000000E+00    6.990790000000000E-05    0.000000000000000E+00    1.342734000000000E-04    1.428418986002666E+41    3.422094930013333E+09    6.165494283041333E+04
                      292    3.049920491760333E+32    2.008073255909384E+34    5.767566495097000E+15    4.405550000000000E+08    4.689925781963794E-15    4.413248188319164E-03    1.976270901152415E+03    1.150011309673895E+03    5.216031585693200E-04    3.039743887644370E-03    2.028232749383456E+34    5.882524326926937E+15    6.195071999999999E-01    0.000000000000000E+00    3.605470000000000E-01    2.068725000000000E-03    4.323571000000000E-03    7.401471000000000E-03    1.546511000000000E-03    2.191225000000000E-04    2.831938000000000E-03    5.112597000000000E-04    3.548421000000000E-04    7.191545000000000E-05    6.102286999999999E-05    0.000000000000000E+00    0.000000000000000E+00    0.000000000000000E+00    0.000000000000000E+00    0.000000000000000E+00    6.746884999999999E-05    0.000000000000000E+00    1.107071000000000E-04    1.428418986002666E+41    2.823675944010667E+09    4.825632578532667E+04
                      293    4.031928520962497E+32    2.048392242857528E+34    5.997482158756874E+15    4.588549999999999E+08    3.991774229375408E-15    4.119529777531578E-03    1.949155447856532E+03    1.130413521104744E+03    5.524808263142732E-04    2.532941666122472E-03    2.068880818165200E+34    6.126834890687062E+15    6.199975000000000E-01    0.000000000000000E+00    3.601458000000000E-01    2.030905000000000E-03    4.324333000000000E-03    7.382287999999999E-03    1.537032000000000E-03    2.191612000000000E-04    2.831814000000000E-03    5.070750000000000E-04    3.507738000000000E-04    7.081983999999999E-05    5.953681000000000E-05    0.000000000000000E+00    0.000000000000000E+00    0.000000000000000E+00    0.000000000000000E+00    0.000000000000000E+00    6.631235000000000E-05    0.000000000000000E+00    9.945262999999999E-05    1.428418986002666E+41    2.404466451009334E+09    3.839585113526000E+04
                      294    4.097762783371439E+32    2.089369393472873E+34    6.256187622617252E+15    4.728334983825699E+08    3.274658153684084E-15    3.773621621530355E-03    1.920365957705337E+03    1.105864995662497E+03    5.943663991292132E-04    2.029658878016562E-03    2.107093084855340E+34    6.382292517341224E+15    6.206594999999999E-01    0.000000000000000E+00    3.596039000000000E-01    1.979830000000000E-03    4.325362999999999E-03    7.356383999999999E-03    1.524231000000000E-03    2.192133000000000E-04    2.831647000000000E-03    5.014251000000000E-04    3.452810999999999E-04    6.934063000000000E-05    5.753043999999999E-05    0.000000000000000E+00    0.000000000000000E+00    0.000000000000000E+00    0.000000000000000E+00    0.000000000000000E+00    6.475093000000000E-05    0.000000000000000E+00    8.425357999999999E-05    1.428418986002666E+41    1.970652211507333E+09    2.942747141520667E+04
                      295    3.544575226884017E+32    2.124816776237807E+34    6.508397412065196E+15    4.646036861928324E+08    2.699752995386782E-15    3.458180411512918E-03    1.894017548989305E+03    1.082025120512991E+03    6.381492060343266E-04    1.595248047430947E-03    2.145229791970394E+34    6.590085904458897E+15    6.210565000000000E-01    0.000000000000000E+00    3.592789000000000E-01    1.949202000000000E-03    4.325980000000000E-03    7.340849999999999E-03    1.516555000000000E-03    2.192446000000000E-04    2.831547000000000E-03    4.980371000000000E-04    3.419873000000000E-04    6.845361000000001E-05    5.632730000000000E-05    0.000000000000000E+00    0.000000000000000E+00    0.000000000000000E+00    0.000000000000000E+00    0.000000000000000E+00    6.381461000000000E-05    0.000000000000000E+00    7.513946000000001E-05    1.428418986002666E+41    1.626837972005333E+09    2.276699676514000E+04
                      296    4.082694613371289E+32    2.165642807702980E+34    6.671774396852598E+15    4.482714427185060E+08    4.310620712389676E-15    3.242258566929821E-03    1.917990607545645E+03    1.064724735297313E+03    5.305195663452200E-04    1.221613066722202E-03    2.181942797618027E+34    6.698257232051406E+15    6.214093000000001E-01    0.000000000000000E+00    3.589901999999999E-01    1.921986000000000E-03    4.326529000000000E-03    7.327047000000000E-03    1.509733000000000E-03    2.192724000000000E-04    2.831457000000000E-03    4.950264000000000E-04    3.390604000000000E-04    6.766538000000000E-05    5.525815000000000E-05    0.000000000000000E+00    0.000000000000000E+00    0.000000000000000E+00    0.000000000000000E+00    0.000000000000000E+00    6.298257000000000E-05    0.000000000000000E+00    6.704045000000000E-05    1.433023732503333E+41    2.595395253499333E+09    3.621304423014667E+04
                      297    3.259914469794884E+32    2.198242787533074E+34    6.724740067250213E+15    4.436629742177323E+08    1.005865265476117E-14    3.124982908900423E-03    1.938134885137527E+03    1.054963280250073E+03    3.689907119751000E-04    1.025025578415835E-03    2.208881774546245E+34    6.732198082537728E+15    6.214442999999999E-01    0.000000000000000E+00    3.589615000000000E-01    1.919285000000000E-03    4.326583000000000E-03    7.325676999999999E-03    1.509057000000000E-03    2.192752000000000E-04    2.831449000000000E-03    4.947276999999999E-04    3.387700000000000E-04    6.758715999999999E-05    5.515204999999999E-05    0.000000000000000E+00    0.000000000000000E+00    0.000000000000000E+00    0.000000000000000E+00    0.000000000000000E+00    6.290000000000000E-05    0.000000000000000E+00    6.623673000000000E-05    1.438418986002667E+41    6.065395253499332E+09    7.844328155518000E+04
                      298    2.127934602915062E+32    2.219520761559414E+34    6.739656097825244E+15    4.426946243794753E+08    2.384426822806741E-14    3.096332893382462E-03    1.981171598958248E+03    1.052536932035948E+03    2.950381423950200E-04    9.200858023250354E-04    2.229868446526527E+34    6.743534287445018E+15    6.214442999999999E-01    0.000000000000000E+00    3.589615000000000E-01    1.919284000000000E-03    4.326583000000000E-03    7.325675999999999E-03    1.509056000000000E-03    2.192752000000000E-04    2.831449000000000E-03    4.947275999999999E-04    3.387698999999999E-04    6.758714000000000E-05    5.515202999999999E-05    0.000000000000000E+00    0.000000000000000E+00    0.000000000000000E+00    0.000000000000000E+00    0.000000000000000E+00    6.289998000000000E-05    0.000000000000000E+00    6.623653000000000E-05    1.438418986002667E+41    1.434604746500667E+10    1.847628479004000E+05
                      299    2.069497225225117E+32    2.240216131493640E+34    6.747412477064792E+15    4.426135077667229E+08    4.494003079546775E-14    3.096332893382462E-03    2.011225472057412E+03    1.052536932035948E+03    2.493395253499333E-04    8.331703967563193E-04    2.251677325988343E+34    6.749845551678188E+15    6.214442999999999E-01    0.000000000000000E+00    3.589615000000000E-01    1.919284000000000E-03    4.326583000000000E-03    7.325675999999999E-03    1.509056000000000E-03    2.192752000000000E-04    2.831449000000000E-03    4.947275999999999E-04    3.387698999999999E-04    6.758714000000000E-05    5.515202999999999E-05    0.000000000000000E+00    0.000000000000000E+00    0.000000000000000E+00    0.000000000000000E+00    0.000000000000000E+00    6.289998000000000E-05    0.000000000000000E+00    6.623653000000000E-05    1.438418986002667E+41    2.702233225504667E+10    3.429071197510000E+05
                      300    2.292163339365626E+32    2.263138520483047E+34    6.752278626291582E+15    4.429139030202223E+08    7.292096111735457E-14    3.067945542785592E-03    2.018004328956276E+03    1.050116164267860E+03    2.174869557698533E-04    7.560110963117676E-04    2.268550972151086E+34    6.753670662420447E+15    6.214442999999999E-01    0.000000000000000E+00    3.589615000000000E-01    1.919284000000000E-03    4.326583000000000E-03    7.325675999999999E-03    1.509056000000000E-03    2.192752000000000E-04    2.831449000000000E-03    4.947275999999999E-04    3.387698999999999E-04    6.758714000000000E-05    5.515202999999999E-05    0.000000000000000E+00    0.000000000000000E+00    0.000000000000000E+00    0.000000000000000E+00    0.000000000000000E+00    6.289998000000000E-05    0.000000000000000E+00    6.623653000000000E-05    1.438418986002667E+41    4.387490183512666E+10    5.268142395019999E+05
                      301    1.082541435741696E+32    2.273963423819127E+34    6.755062698549312E+15    4.433366006469720E+08    5.808026393686381E-14    3.067945542785592E-03    1.994904424420827E+03    1.050116164267860E+03    2.304199590047133E-04    7.187854963094653E-04    2.275333438220038E+34    6.755878048740210E+15    6.214442999999999E-01    0.000000000000000E+00    3.589615000000000E-01    1.919284000000000E-03    4.326583000000000E-03    7.325675999999999E-03    1.509056000000000E-03    2.192752000000000E-04    2.831449000000000E-03    4.947275999999999E-04    3.387698999999999E-04    6.758714000000000E-05    5.515202999999999E-05    0.000000000000000E+00    0.000000000000000E+00    0.000000000000000E+00    0.000000000000000E+00    0.000000000000000E+00    6.289998000000000E-05    0.000000000000000E+00    6.623653000000000E-05    1.438418986002667E+41    3.499723409017333E+10    4.081166127523333E+05
                      302    2.739947277017215E+31    2.276703452620949E+34    6.756693398931108E+15    4.437566006469721E+08    3.046603050827715E-14    3.067945542785592E-03    1.958493315196612E+03    1.050116164267860E+03    2.734227249145400E-04    7.052274260831068E-04    2.278084403276148E+34    6.757500032250097E+15    6.214442999999999E-01    0.000000000000000E+00    3.589615000000000E-01    1.919284000000000E-03    4.326583000000000E-03    7.325675999999999E-03    1.509056000000000E-03    2.192752000000000E-04    2.831449000000000E-03    4.947275999999999E-04    3.387698999999999E-04    6.758714000000000E-05    5.515202999999999E-05    0.000000000000000E+00    0.000000000000000E+00    0.000000000000000E+00    0.000000000000000E+00    0.000000000000000E+00    6.289998000000000E-05    0.000000000000000E+00    6.623653000000000E-05    1.438418986002667E+41    1.832885437012000E+10    2.125118662516667E+05
                      303    2.761479767507004E+31    2.279465353931348E+34    6.758306665569087E+15    4.441766006469720E+08    3.008166597473511E-14    3.067945542785592E-03    1.956068226430953E+03    1.050116164267860E+03    2.741766774495333E-04    6.919481399732716E-04    2.280655417238961E+34    6.759063328023256E+15    6.214442999999999E-01    0.000000000000000E+00    3.589615000000000E-01    1.919284000000000E-03    4.326583000000000E-03    7.325675999999999E-03    1.509056000000000E-03    2.192752000000000E-04    2.831449000000000E-03    4.947275999999999E-04    3.387698999999999E-04    6.758714000000000E-05    5.515202999999999E-05    0.000000000000000E+00    0.000000000000000E+00    0.000000000000000E+00    0.000000000000000E+00    0.000000000000000E+00    6.289998000000000E-05    0.000000000000000E+00    6.623653000000000E-05    1.438418986002667E+41    1.807490183512667E+10    2.090513916016000E+05
                      304    2.379917832189143E+31    2.281845480546574E+34    6.759819990477426E+15    4.445866006469719E+08    2.800758315562234E-14    3.067945542785592E-03    1.951569394351429E+03    1.050116164267860E+03    2.792924875895066E-04    6.801364227419606E-04    2.282846644916470E+34    6.760502449387108E+15    6.214442999999999E-01    0.000000000000000E+00    3.589615000000000E-01    1.919284000000000E-03    4.326583000000000E-03    7.325675999999999E-03    1.509056000000000E-03    2.192752000000000E-04    2.831449000000000E-03    4.947275999999999E-04    3.387698999999999E-04    6.758714000000000E-05    5.515202999999999E-05    0.000000000000000E+00    0.000000000000000E+00    0.000000000000000E+00    0.000000000000000E+00    0.000000000000000E+00    6.289998000000000E-05    0.000000000000000E+00    6.623653000000000E-05    1.438418986002667E+41    1.682885437012000E+10    1.940513916016000E+05
                      305    2.002358565940997E+31    2.283847809286366E+34    6.761184908296790E+15    4.449816006469719E+08    2.507562028211399E-14    3.067945542785592E-03    1.945011142046874E+03    1.050116164267860E+03    2.875162027994666E-04    6.703197149086101E-04    2.284763472031823E+34    6.761830065854252E+15    6.214442999999999E-01    0.000000000000000E+00    3.589615000000000E-01    1.919284000000000E-03    4.326583000000000E-03    7.325675999999999E-03    1.509056000000000E-03    2.192752000000000E-04    2.831449000000000E-03    4.947275999999999E-04    3.387698999999999E-04    6.758714000000000E-05    5.515202999999999E-05    0.000000000000000E+00    0.000000000000000E+00    0.000000000000000E+00    0.000000000000000E+00    0.000000000000000E+00    6.289998000000000E-05    0.000000000000000E+00    6.623653000000000E-05    1.438418986002667E+41    1.508280690511333E+10    1.731304423014667E+05
                      306    1.832544982686603E+31    2.285679134777280E+34    6.762475223411713E+15    4.453716006469719E+08    2.359068616442814E-14    3.067945542785592E-03    1.940537740555743E+03    1.050116164267860E+03    2.920241078694533E-04    6.614530031138730E-04    2.286560000349999E+34    6.763113564116920E+15    6.214442999999999E-01    0.000000000000000E+00    3.589615000000000E-01    1.919284000000000E-03    4.326583000000000E-03    7.325675999999999E-03    1.509056000000000E-03    2.192752000000000E-04    2.831449000000000E-03    4.947275999999999E-04    3.387698999999999E-04    6.758714000000000E-05    5.515202999999999E-05    0.000000000000000E+00    0.000000000000000E+00    0.000000000000000E+00    0.000000000000000E+00    0.000000000000000E+00    6.289998000000000E-05    0.000000000000000E+00    6.623653000000000E-05    1.438418986002667E+41    1.423675944010667E+10    1.626699676514000E+05
                      307    1.761683423601575E+31    2.287440865922718E+34    6.763751904822128E+15    4.457616006469719E+08    2.326700981593949E-14    3.067945542785592E-03    1.938134885137527E+03    1.050116164267860E+03    2.931320129394400E-04    6.527681505708650E-04    2.288331673544791E+34    6.764369337205810E+15    6.214442999999999E-01    0.000000000000000E+00    3.589615000000000E-01    1.919284000000000E-03    4.326583000000000E-03    7.325675999999999E-03    1.509056000000000E-03    2.192752000000000E-04    2.831449000000000E-03    4.947275999999999E-04    3.387698999999999E-04    6.758714000000000E-05    5.515202999999999E-05    0.000000000000000E+00    0.000000000000000E+00    0.000000000000000E+00    0.000000000000000E+00    0.000000000000000E+00    6.289998000000000E-05    0.000000000000000E+00    6.623653000000000E-05    1.438418986002667E+41    1.403675944010667E+10    1.606699676514000E+05
                      308    1.780416630675396E+31    2.289222481166863E+34    6.764986769589492E+15    4.461516006469719E+08    2.239907256780070E-14    3.067945542785592E-03    1.936074627602538E+03    1.050116164267860E+03    2.959399180094267E-04    6.446046068936413E-04    2.290136155502449E+34    6.765591427360562E+15    6.214442999999999E-01    0.000000000000000E+00    3.589615000000000E-01    1.919284000000000E-03    4.326583000000000E-03    7.325675999999999E-03    1.509056000000000E-03    2.192752000000000E-04    2.831449000000000E-03    4.947275999999999E-04    3.387698999999999E-04    6.758714000000000E-05    5.515202999999999E-05    0.000000000000000E+00    0.000000000000000E+00    0.000000000000000E+00    0.000000000000000E+00    0.000000000000000E+00    6.289998000000000E-05    0.000000000000000E+00    6.623653000000000E-05    1.438418986002667E+41    1.353675944010667E+10    1.542094930013333E+05
                      309    1.829049755815891E+31    2.291049829838035E+34    6.766196085131632E+15    4.465316006469719E+08    2.186351958505600E-14    3.067945542785592E-03    1.933677298598427E+03    1.050116164267860E+03    2.978478230794133E-04    6.367513778049942E-04    2.291926718591012E+34    6.766758286515273E+15    6.214442999999999E-01    0.000000000000000E+00    3.589615000000000E-01    1.919284000000000E-03    4.326583000000000E-03    7.325675999999999E-03    1.509056000000000E-03    2.192752000000000E-04    2.831449000000000E-03    4.947275999999999E-04    3.387698999999999E-04    6.758714000000000E-05    5.515202999999999E-05    0.000000000000000E+00    0.000000000000000E+00    0.000000000000000E+00    0.000000000000000E+00    0.000000000000000E+00    6.289998000000000E-05    0.000000000000000E+00    6.623653000000000E-05    1.438418986002667E+41    1.313675944010667E+10    1.502094930013333E+05
                      310    1.752416837081162E+31    2.292803607343991E+34    6.767320487898914E+15    4.468989030202223E+08    2.038030553030868E-14    3.067945542785592E-03    1.929229964223873E+03    1.050116164267860E+03    3.034096806843933E-04    6.298184503363093E-04    2.293584058218240E+34    6.767861387784018E+15    6.214442999999999E-01    0.000000000000000E+00    3.589615000000000E-01    1.919284000000000E-03    4.326583000000000E-03    7.325675999999999E-03    1.509056000000000E-03    2.192752000000000E-04    2.831449000000000E-03    4.947275999999999E-04    3.387698999999999E-04    6.758714000000000E-05    5.515202999999999E-05    0.000000000000000E+00    0.000000000000000E+00    0.000000000000000E+00    0.000000000000000E+00    0.000000000000000E+00    6.289998000000000E-05    0.000000000000000E+00    6.623653000000000E-05    1.438418986002667E+41    1.229071197510000E+10    1.397490183512667E+05
                      311    1.560860986095620E+31    2.294364509092489E+34    6.768402287669121E+15    4.472762053934727E+08    1.957500494405856E-14    3.067945542785592E-03    1.929229964223873E+03    1.050116164267860E+03    3.064715382893734E-04    6.233482172011509E-04    2.295180751344410E+34    6.768994849356451E+15    6.214442999999999E-01    0.000000000000000E+00    3.589615000000000E-01    1.919284000000000E-03    4.326583000000000E-03    7.325675999999999E-03    1.509056000000000E-03    2.192752000000000E-04    2.831449000000000E-03    4.947275999999999E-04    3.387698999999999E-04    6.758714000000000E-05    5.515202999999999E-05    0.000000000000000E+00    0.000000000000000E+00    0.000000000000000E+00    0.000000000000000E+00    0.000000000000000E+00    6.289998000000000E-05    0.000000000000000E+00    6.623653000000000E-05    1.438418986002667E+41    1.179071197510000E+10    1.342885437012000E+05
                      312    1.633423232143056E+31    2.295996993596332E+34    6.769587411043780E+15    4.476739030202223E+08    2.112127231295434E-14    3.067945542785592E-03    1.931621779524279E+03    1.050116164267860E+03    3.004557281494000E-04    6.158489783099758E-04    2.296840079381508E+34    6.770209698278736E+15    6.214442999999999E-01    0.000000000000000E+00    3.589615000000000E-01    1.919284000000000E-03    4.326583000000000E-03    7.325675999999999E-03    1.509056000000000E-03    2.192752000000000E-04    2.831449000000000E-03    4.947275999999999E-04    3.387698999999999E-04    6.758714000000000E-05    5.515202999999999E-05    0.000000000000000E+00    0.000000000000000E+00    0.000000000000000E+00    0.000000000000000E+00    0.000000000000000E+00    6.289998000000000E-05    0.000000000000000E+00    6.623653000000000E-05    1.438418986002667E+41    1.273675944010667E+10    1.447490183512667E+05
                      313    1.686621348664699E+31    2.297683165166684E+34    6.770831985513691E+15    4.480816006469719E+08    2.201507026275452E-14    3.067945542785592E-03    1.933677298598427E+03    1.050116164267860E+03    2.972017756144067E-04    6.077285642136765E-04    2.298537187206148E+34    6.771461404269366E+15    6.214442999999999E-01    0.000000000000000E+00    3.589615000000000E-01    1.919284000000000E-03    4.326583000000000E-03    7.325675999999999E-03    1.509056000000000E-03    2.192752000000000E-04    2.831449000000000E-03    4.947275999999999E-04    3.387698999999999E-04    6.758714000000000E-05    5.515202999999999E-05    0.000000000000000E+00    0.000000000000000E+00    0.000000000000000E+00    0.000000000000000E+00    0.000000000000000E+00    6.289998000000000E-05    0.000000000000000E+00    6.623653000000000E-05    1.438418986002667E+41    1.323675944010667E+10    1.506699676514000E+05
                      314    1.706679830917339E+31    2.299391209245613E+34    6.772090823025039E+15    4.484789030202223E+08    2.211668721005154E-14    3.067945542785592E-03    1.933677298598427E+03    1.050116164267860E+03    2.968017756144067E-04    5.994881486953808E-04    2.300066274396715E+34    6.772646633420500E+15    6.214442999999999E-01    0.000000000000000E+00    3.589615000000000E-01    1.919284000000000E-03    4.326583000000000E-03    7.325675999999999E-03    1.509056000000000E-03    2.192752000000000E-04    2.831449000000000E-03    4.947275999999999E-04    3.387698999999999E-04    6.758714000000000E-05    5.515202999999999E-05    0.000000000000000E+00    0.000000000000000E+00    0.000000000000000E+00    0.000000000000000E+00    0.000000000000000E+00    6.289998000000000E-05    0.000000000000000E+00    6.623653000000000E-05    1.438418986002667E+41    1.333675944010667E+10    1.512094930013334E+05
                      315    1.349754293897427E+31    2.300741339547817E+34    6.773202443815960E+15    4.488339030202223E+08    1.952998368201401E-14    3.067945542785592E-03    1.927179172712407E+03    1.050116164267860E+03    3.065794433593600E-04    5.928529142218081E-04    2.301170836079888E+34    6.773643849513562E+15    6.214442999999999E-01    0.000000000000000E+00    3.589615000000000E-01    1.919284000000000E-03    4.326583000000000E-03    7.325675999999999E-03    1.509056000000000E-03    2.192752000000000E-04    2.831449000000000E-03    4.947275999999999E-04    3.387698999999999E-04    6.758714000000000E-05    5.515202999999999E-05    0.000000000000000E+00    0.000000000000000E+00    0.000000000000000E+00    0.000000000000000E+00    0.000000000000000E+00    6.289998000000000E-05    0.000000000000000E+00    6.623653000000000E-05    1.438418986002667E+41    1.179071197510000E+10    1.332885437012000E+05
                      316    8.601252647219331E+30    2.301600332611958E+34    6.774085255211166E+15    4.491516006469719E+08    1.616859919520015E-14    3.067945542785592E-03    1.915949238565272E+03    1.050116164267860E+03    3.221189687092933E-04    5.882714369591774E-04    2.301994037766357E+34    6.774506726030256E+15    6.214442999999999E-01    0.000000000000000E+00    3.589615000000000E-01    1.919284000000000E-03    4.326583000000000E-03    7.325675999999999E-03    1.509056000000000E-03    2.192752000000000E-04    2.831449000000000E-03    4.947275999999999E-04    3.387698999999999E-04    6.758714000000000E-05    5.515202999999999E-05    0.000000000000000E+00    0.000000000000000E+00    0.000000000000000E+00    0.000000000000000E+00    0.000000000000000E+00    6.289998000000000E-05    0.000000000000000E+00    6.623653000000000E-05    1.438418986002667E+41    9.720198059084000E+09    1.103675944010667E+05
                      317    7.880863681524652E+30    2.302387742920755E+34    6.774928196849348E+15    4.494616006469720E+08    1.558376517567708E-14    3.067945542785592E-03    1.915949238565272E+03    1.050116164267860E+03    3.251268737792800E-04    5.840155621152008E-04    2.302757587156705E+34    6.775333338357314E+15    6.214442999999999E-01    0.000000000000000E+00    3.589615000000000E-01    1.919284000000000E-03    4.326583000000000E-03    7.325675999999999E-03    1.509056000000000E-03    2.192752000000000E-04    2.831449000000000E-03    4.947275999999999E-04    3.387698999999999E-04    6.758714000000000E-05    5.515202999999999E-05    0.000000000000000E+00    0.000000000000000E+00    0.000000000000000E+00    0.000000000000000E+00    0.000000000000000E+00    6.289998000000000E-05    0.000000000000000E+00    6.623653000000000E-05    1.438418986002667E+41    9.404012298586000E+09    1.064215469360600E+05
                      318    7.381739001011641E+30    2.303127431392655E+34    6.775738479865281E+15    4.497866006469719E+08    1.514141500435346E-14    3.067945542785592E-03    1.911542677597344E+03    1.050116164267860E+03    3.276808263142733E-04    5.800101087707682E-04    2.303578800433304E+34    6.776205441516496E+15    6.214442999999999E-01    0.000000000000000E+00    3.589615000000000E-01    1.919284000000000E-03    4.326583000000000E-03    7.325675999999999E-03    1.509056000000000E-03    2.192752000000000E-04    2.831449000000000E-03    4.947275999999999E-04    3.387698999999999E-04    6.758714000000000E-05    5.515202999999999E-05    0.000000000000000E+00    0.000000000000000E+00    0.000000000000000E+00    0.000000000000000E+00    0.000000000000000E+00    6.289998000000000E-05    0.000000000000000E+00    6.623653000000000E-05    1.438418986002667E+41    9.120988566082668E+09    1.034215469360600E+05
                      319    9.033715886817193E+30    2.304030169473952E+34    6.776672403167710E+15    4.501266006469719E+08    1.658335490934400E-14    3.067945542785592E-03    1.915949238565272E+03    1.050116164267860E+03    3.199650161743000E-04    5.750719505649573E-04    2.304310535265720E+34    6.777126944490844E+15    6.214442999999999E-01    0.000000000000000E+00    3.589615000000000E-01    1.919284000000000E-03    4.326583000000000E-03    7.325675999999999E-03    1.509056000000000E-03    2.192752000000000E-04    2.831449000000000E-03    4.947275999999999E-04    3.387698999999999E-04    6.758714000000000E-05    5.515202999999999E-05    0.000000000000000E+00    0.000000000000000E+00    0.000000000000000E+00    0.000000000000000E+00    0.000000000000000E+00    6.289998000000000E-05    0.000000000000000E+00    6.623653000000000E-05    1.438418986002667E+41    9.987826538088001E+09    1.128280690511333E+05
                      320    5.615941557387590E+30    2.304590901057489E+34    6.777581485813978E+15    4.504466006469720E+08    1.616859919520015E-14    3.039818448983349E-03    1.915949238565272E+03    1.047700964111139E+03    3.220189687092933E-04    5.703555347421018E-04    2.304906064021994E+34    6.777962525733444E+15    6.214442999999999E-01    0.000000000000000E+00    3.589615000000000E-01    1.919284000000000E-03    4.326583000000000E-03    7.325675999999999E-03    1.509056000000000E-03    2.192752000000000E-04    2.831449000000000E-03    4.947275999999999E-04    3.387698999999999E-04    6.758714000000000E-05    5.515202999999999E-05    0.000000000000000E+00    0.000000000000000E+00    0.000000000000000E+00    0.000000000000000E+00    0.000000000000000E+00    6.289998000000000E-05    0.000000000000000E+00    6.623653000000000E-05    1.438418986002667E+41    9.720198059084000E+09    1.103675944010667E+05
                      321    6.293273495742174E+30    2.305221226986500E+34    6.778343565652912E+15    4.507642982737217E+08    1.434369712115694E-14    3.039818448983349E-03    1.911542677597344E+03    1.047700964111139E+03    3.322966364542467E-04    5.667369816138718E-04    2.305637798854412E+34    6.778797082762219E+15    6.214442999999999E-01    0.000000000000000E+00    3.589615000000000E-01    1.919284000000000E-03    4.326583000000000E-03    7.325675999999999E-03    1.509056000000000E-03    2.192752000000000E-04    2.831449000000000E-03    4.947275999999999E-04    3.387698999999999E-04    6.758714000000000E-05    5.515202999999999E-05    0.000000000000000E+00    0.000000000000000E+00    0.000000000000000E+00    0.000000000000000E+00    0.000000000000000E+00    6.289998000000000E-05    0.000000000000000E+00    6.623653000000000E-05    1.438418986002667E+41    8.637964833579334E+09    9.779921468101334E+04
                      322    8.333918893743462E+30    2.306054370722322E+34    6.779250599871528E+15    4.511119959004713E+08    1.598351877068280E-14    3.039818448983349E-03    1.915949238565272E+03    1.047700964111139E+03    3.230268737792800E-04    5.620707470332831E-04    2.306524629656742E+34    6.779737031402101E+15    6.214442999999999E-01    0.000000000000000E+00    3.589615000000000E-01    1.919284000000000E-03    4.326583000000000E-03    7.325675999999999E-03    1.509056000000000E-03    2.192752000000000E-04    2.831449000000000E-03    4.947275999999999E-04    3.387698999999999E-04    6.758714000000000E-05    5.515202999999999E-05    0.000000000000000E+00    0.000000000000000E+00    0.000000000000000E+00    0.000000000000000E+00    0.000000000000000E+00    6.289998000000000E-05    0.000000000000000E+00    6.623653000000000E-05    1.438418986002667E+41    9.614802805584667E+09    1.088280690511333E+05
                      323    9.394976157355226E+30    2.306994888591163E+34    6.780223462932674E+15    4.514769959004713E+08    1.677538110899240E-14    3.039818448983349E-03    1.915949238565272E+03    1.047700964111139E+03    3.189650161743000E-04    5.568836240337732E-04    2.307495967878578E+34    6.780729906907804E+15    6.214442999999999E-01    0.000000000000000E+00    3.589615000000000E-01    1.919284000000000E-03    4.326583000000000E-03    7.325675999999999E-03    1.509056000000000E-03    2.192752000000000E-04    2.831449000000000E-03    4.947275999999999E-04    3.387698999999999E-04    6.758714000000000E-05    5.515202999999999E-05    0.000000000000000E+00    0.000000000000000E+00    0.000000000000000E+00    0.000000000000000E+00    0.000000000000000E+00    6.289998000000000E-05    0.000000000000000E+00    6.623653000000000E-05    1.438418986002667E+41    1.008782653808800E+10    1.138280690511333E+05
                      324    1.003586650800953E+31    2.307997047165994E+34    6.781236350882934E+15    4.518519959004713E+08    1.720570194803954E-14    3.039818448983349E-03    1.918324588724964E+03    1.047700964111139E+03    3.167571111043133E-04    5.513826617028219E-04    2.308520993166924E+34    6.781756569543537E+15    6.214442999999999E-01    0.000000000000000E+00    3.589615000000000E-01    1.919284000000000E-03    4.326583000000000E-03    7.325675999999999E-03    1.509056000000000E-03    2.192752000000000E-04    2.831449000000000E-03    4.947275999999999E-04    3.387698999999999E-04    6.758714000000000E-05    5.515202999999999E-05    0.000000000000000E+00    0.000000000000000E+00    0.000000000000000E+00    0.000000000000000E+00    0.000000000000000E+00    6.289998000000000E-05    0.000000000000000E+00    6.623653000000000E-05    1.438418986002667E+41    1.036085027059134E+10    1.168280690511334E+05
                      325    1.046341837522676E+31    2.309044939167852E+34    6.782276788204140E+15    4.522342982737216E+08    1.746541475453434E-14    3.039818448983349E-03    1.920365957705337E+03    1.047700964111139E+03    3.154571111043133E-04    5.456698320759964E-04    2.309582804037876E+34    6.782806526863520E+15    6.214442999999999E-01    0.000000000000000E+00    3.589615000000000E-01    1.919284000000000E-03    4.326583000000000E-03    7.325675999999999E-03    1.509056000000000E-03    2.192752000000000E-04    2.831449000000000E-03    4.947275999999999E-04    3.387698999999999E-04    6.758714000000000E-05    5.515202999999999E-05    0.000000000000000E+00    0.000000000000000E+00    0.000000000000000E+00    0.000000000000000E+00    0.000000000000000E+00    6.289998000000000E-05    0.000000000000000E+00    6.623653000000000E-05    1.438418986002667E+41    1.053387400309467E+10    1.188280690511333E+05
                      326    1.076856174239396E+31    2.310120668907900E+34    6.783336265522901E+15    4.526242982737217E+08    1.762702024754009E-14    3.039818448983349E-03    1.920365957705337E+03    1.047700964111139E+03    3.147031585693199E-04    5.398128767668236E-04    2.310670464237148E+34    6.783874254157289E+15    6.214442999999999E-01    0.000000000000000E+00    3.589615000000000E-01    1.919284000000000E-03    4.326583000000000E-03    7.325675999999999E-03    1.509056000000000E-03    2.192752000000000E-04    2.831449000000000E-03    4.947275999999999E-04    3.387698999999999E-04    6.758714000000000E-05    5.515202999999999E-05    0.000000000000000E+00    0.000000000000000E+00    0.000000000000000E+00    0.000000000000000E+00    0.000000000000000E+00    6.289998000000000E-05    0.000000000000000E+00    6.623653000000000E-05    1.438418986002667E+41    1.062847874959533E+10    1.198280690511333E+05
                      327    1.099715132953928E+31    2.311220259566396E+34    6.784412242791678E+15    4.530169959004713E+08    1.774920491474009E-14    3.039818448983349E-03    1.920365957705337E+03    1.047700964111139E+03    3.142031585693200E-04    5.338326049883359E-04    2.311779002740062E+34    6.784956635139920E+15    6.214442999999999E-01    0.000000000000000E+00    3.589615000000000E-01    1.919284000000000E-03    4.326583000000000E-03    7.325675999999999E-03    1.509056000000000E-03    2.192752000000000E-04    2.831449000000000E-03    4.947275999999999E-04    3.387698999999999E-04    6.758714000000000E-05    5.515202999999999E-05    0.000000000000000E+00    0.000000000000000E+00    0.000000000000000E+00    0.000000000000000E+00    0.000000000000000E+00    6.289998000000000E-05    0.000000000000000E+00    6.623653000000000E-05    1.438418986002667E+41    1.064466451009333E+10    1.202885437012000E+05
                      328    1.117472826145184E+31    2.312337745913728E+34    6.785501027488164E+15    4.534119959004713E+08    1.779012105776199E-14    3.039818448983349E-03    1.920365957705337E+03    1.047700964111139E+03    3.139031585693200E-04    5.277732892937468E-04    2.312903448521941E+34    6.786051333056721E+15    6.214442999999999E-01    0.000000000000000E+00    3.589615000000000E-01    1.919284000000000E-03    4.326583000000000E-03    7.325675999999999E-03    1.509056000000000E-03    2.192752000000000E-04    2.831449000000000E-03    4.947275999999999E-04    3.387698999999999E-04    6.758714000000000E-05    5.515202999999999E-05    0.000000000000000E+00    0.000000000000000E+00    0.000000000000000E+00    0.000000000000000E+00    0.000000000000000E+00    6.289998000000000E-05    0.000000000000000E+00    6.623653000000000E-05    1.438418986002667E+41    1.074466451009333E+10    1.208280690511333E+05
                      329    1.131663113187420E+31    2.313469151130155E+34    6.786601638625278E+15    4.538146935272210E+08    1.783113152223479E-14    3.039818448983349E-03    1.920365957705337E+03    1.047700964111139E+03    3.137031585693200E-04    5.216376110253733E-04    2.314040818967981E+34    6.787157572443106E+15    6.214442999999999E-01    0.000000000000000E+00    3.589615000000000E-01    1.919284000000000E-03    4.326583000000000E-03    7.325675999999999E-03    1.509056000000000E-03    2.192752000000000E-04    2.831449000000000E-03    4.947275999999999E-04    3.387698999999999E-04    6.758714000000000E-05    5.515202999999999E-05    0.000000000000000E+00    0.000000000000000E+00    0.000000000000000E+00    0.000000000000000E+00    0.000000000000000E+00    6.289998000000000E-05    0.000000000000000E+00    6.623653000000000E-05    1.438418986002667E+41    1.074466451009333E+10    1.208280690511333E+05
                      330    1.143261706804189E+31    2.314612486805807E+34    6.787713506260932E+15    4.542223911539706E+08    1.783113152223479E-14    3.039818448983349E-03    1.920365957705337E+03    1.047700964111139E+03    3.137031585693200E-04    5.154394944060415E-04    2.315189125668309E+34    6.788273439263320E+15    6.214442999999999E-01    0.000000000000000E+00    3.589615000000000E-01    1.919284000000000E-03    4.326583000000000E-03    7.325675999999999E-03    1.509056000000000E-03    2.192752000000000E-04    2.831449000000000E-03    4.947275999999999E-04    3.387698999999999E-04    6.758714000000000E-05    5.515202999999999E-05    0.000000000000000E+00    0.000000000000000E+00    0.000000000000000E+00    0.000000000000000E+00    0.000000000000000E+00    6.289998000000000E-05    0.000000000000000E+00    6.623653000000000E-05    1.438418986002667E+41    1.074466451009333E+10    1.208280690511333E+05
                      331    1.152918419341234E+31    2.315765764530812E+34    6.788833372265708E+15    4.546323911539706E+08    1.783113152223479E-14    3.039818448983349E-03    1.918324588724964E+03    1.047700964111139E+03    3.137031585693200E-04    5.091967083552256E-04    2.316346380213055E+34    6.789398513309830E+15    6.214442999999999E-01    0.000000000000000E+00    3.589615000000000E-01    1.919284000000000E-03    4.326583000000000E-03    7.325675999999999E-03    1.509056000000000E-03    2.192752000000000E-04    2.831449000000000E-03    4.947275999999999E-04    3.387698999999999E-04    6.758714000000000E-05    5.515202999999999E-05    0.000000000000000E+00    0.000000000000000E+00    0.000000000000000E+00    0.000000000000000E+00    0.000000000000000E+00    6.289998000000000E-05    0.000000000000000E+00    6.623653000000000E-05    1.438418986002667E+41    1.074466451009333E+10    1.208280690511333E+05
                      332    1.161082830270320E+31    2.316926995895299E+34    6.789963654353951E+15    4.550423911539707E+08    1.779012105776199E-14    3.039818448983349E-03    1.918324588724964E+03    1.047700964111139E+03    3.138031585693200E-04    5.029084506449315E-04    2.317510594192349E+34    6.790532798904558E+15    6.214442999999999E-01    0.000000000000000E+00    3.589615000000000E-01    1.919284000000000E-03    4.326583000000000E-03    7.325675999999999E-03    1.509056000000000E-03    2.192752000000000E-04    2.831449000000000E-03    4.947275999999999E-04    3.387698999999999E-04    6.758714000000000E-05    5.515202999999999E-05    0.000000000000000E+00    0.000000000000000E+00    0.000000000000000E+00    0.000000000000000E+00    0.000000000000000E+00    6.289998000000000E-05    0.000000000000000E+00    6.623653000000000E-05    1.438418986002667E+41    1.074466451009333E+10    1.202885437012000E+05
                      333    1.168075868944578E+31    2.318094192489399E+34    6.791101943455164E+15    4.554550887807202E+08    1.776938493096893E-14    3.039818448983349E-03    1.918324588724964E+03    1.047700964111139E+03    3.139031585693200E-04    4.965813972863926E-04    2.318681767606191E+34    6.791675093494066E+15    6.214442999999999E-01    0.000000000000000E+00    3.589615000000000E-01    1.919284000000000E-03    4.326583000000000E-03    7.325675999999999E-03    1.509056000000000E-03    2.192752000000000E-04    2.831449000000000E-03    4.947275999999999E-04    3.387698999999999E-04    6.758714000000000E-05    5.515202999999999E-05    0.000000000000000E+00    0.000000000000000E+00    0.000000000000000E+00    0.000000000000000E+00    0.000000000000000E+00    6.289998000000000E-05    0.000000000000000E+00    6.623653000000000E-05    1.438418986002667E+41    1.074466451009333E+10    1.202885437012000E+05
                      334    1.174132565410724E+31    2.319269342722982E+34    6.792248243532967E+15    4.558727864074700E+08    1.772851647971521E-14    3.039818448983349E-03    1.915949238565272E+03    1.047700964111139E+03    3.141031585693200E-04    4.902203350327717E-04    2.319858906249644E+34    6.792825044344520E+15    6.214442999999999E-01    0.000000000000000E+00    3.589615000000000E-01    1.919284000000000E-03    4.326583000000000E-03    7.325675999999999E-03    1.509056000000000E-03    2.192752000000000E-04    2.831449000000000E-03    4.947275999999999E-04    3.387698999999999E-04    6.758714000000000E-05    5.515202999999999E-05    0.000000000000000E+00    0.000000000000000E+00    0.000000000000000E+00    0.000000000000000E+00    0.000000000000000E+00    6.289998000000000E-05    0.000000000000000E+00    6.623653000000000E-05    1.438418986002667E+41    1.064466451009333E+10    1.198280690511333E+05
                      335    1.179429291624290E+31    2.320448469776306E+34    6.793401845156072E+15    4.562954840342196E+08    1.766765472581463E-14    3.039818448983349E-03    1.915949238565272E+03    1.047700964111139E+03    3.143031585693200E-04    4.838363379486308E-04    2.321041015917774E+34    6.793983437598321E+15    6.214442999999999E-01    0.000000000000000E+00    3.589615000000000E-01    1.919284000000000E-03    4.326583000000000E-03    7.325675999999999E-03    1.509056000000000E-03    2.192752000000000E-04    2.831449000000000E-03    4.947275999999999E-04    3.387698999999999E-04    6.758714000000000E-05    5.515202999999999E-05    0.000000000000000E+00    0.000000000000000E+00    0.000000000000000E+00    0.000000000000000E+00    0.000000000000000E+00    6.289998000000000E-05    0.000000000000000E+00    6.623653000000000E-05    1.438418986002667E+41    1.064466451009333E+10    1.192885437012000E+05
                      336    1.184100265251546E+31    2.321633562059242E+34    6.794565030040570E+15    4.567204840342196E+08    1.762702024754009E-14    3.039818448983349E-03    1.915949238565272E+03    1.047700964111139E+03    3.145571111043133E-04    4.774088411467764E-04    2.322227102405645E+34    6.795149851765042E+15    6.214442999999999E-01    0.000000000000000E+00    3.589615000000000E-01    1.919284000000000E-03    4.326583000000000E-03    7.325675999999999E-03    1.509056000000000E-03    2.192752000000000E-04    2.831449000000000E-03    4.947275999999999E-04    3.387698999999999E-04    6.758714000000000E-05    5.515202999999999E-05    0.000000000000000E+00    0.000000000000000E+00    0.000000000000000E+00    0.000000000000000E+00    0.000000000000000E+00    6.289998000000000E-05    0.000000000000000E+00    6.623653000000000E-05    1.438418986002667E+41    1.062847874959533E+10    1.188280690511333E+05
                      337    1.188250474333668E+31    2.322820642752049E+34    6.795734673489513E+15    4.571477864074700E+08    1.754603144616646E-14    3.039818448983349E-03    1.915949238565272E+03    1.047700964111139E+03    3.148571111043133E-04    4.709691499624475E-04    2.323417165713258E+34    6.796323577400146E+15    6.214442999999999E-01    0.000000000000000E+00    3.589615000000000E-01    1.919284000000000E-03    4.326583000000000E-03    7.325675999999999E-03    1.509056000000000E-03    2.192752000000000E-04    2.831449000000000E-03    4.947275999999999E-04    3.387698999999999E-04    6.758714000000000E-05    5.515202999999999E-05    0.000000000000000E+00    0.000000000000000E+00    0.000000000000000E+00    0.000000000000000E+00    0.000000000000000E+00    6.289998000000000E-05    0.000000000000000E+00    6.623653000000000E-05    1.438418986002667E+41    1.056085027059134E+10    1.188280690511333E+05
                      338    1.191962040198313E+31    2.324013688674467E+34    6.796912481310781E+15    4.575781816609693E+08    1.750567669367280E-14    3.039818448983349E-03    1.915949238565272E+03    1.047700964111139E+03    3.151571111043133E-04    4.644935978746806E-04    2.324611205840612E+34    6.797505757694080E+15    6.214442999999999E-01    0.000000000000000E+00    3.589615000000000E-01    1.919284000000000E-03    4.326583000000000E-03    7.325675999999999E-03    1.509056000000000E-03    2.192752000000000E-04    2.831449000000000E-03    4.947275999999999E-04    3.387698999999999E-04    6.758714000000000E-05    5.515202999999999E-05    0.000000000000000E+00    0.000000000000000E+00    0.000000000000000E+00    0.000000000000000E+00    0.000000000000000E+00    6.289998000000000E-05    0.000000000000000E+00    6.623653000000000E-05    1.438418986002667E+41    1.053926925659400E+10    1.178280690511333E+05
                      339    1.195301176894176E+31    2.325208723006757E+34    6.798099034077380E+15    4.580108792877190E+08    1.742524541528629E-14    3.039818448983349E-03    1.915949238565272E+03    1.047700964111139E+03    3.154571111043133E-04    4.579934563986476E-04    2.325807234377836E+34    6.798695545374220E+15    6.214442999999999E-01    0.000000000000000E+00    3.589615000000000E-01    1.919284000000000E-03    4.326583000000000E-03    7.325675999999999E-03    1.509056000000000E-03    2.192752000000000E-04    2.831449000000000E-03    4.947275999999999E-04    3.387698999999999E-04    6.758714000000000E-05    5.515202999999999E-05    0.000000000000000E+00    0.000000000000000E+00    0.000000000000000E+00    0.000000000000000E+00    0.000000000000000E+00    6.289998000000000E-05    0.000000000000000E+00    6.623653000000000E-05    1.438418986002667E+41    1.047164077759000E+10    1.178280690511333E+05
                      340    1.198321372646779E+31    2.326405745748917E+34    6.799292056671059E+15    4.584458792877190E+08    1.734518368505582E-14    3.039818448983349E-03    1.915949238565272E+03    1.047700964111139E+03    3.158110636393066E-04    4.514805539371703E-04    2.327006245529868E+34    6.799892656283212E+15    6.214442999999999E-01    0.000000000000000E+00    3.589615000000000E-01    1.919284000000000E-03    4.326583000000000E-03    7.325675999999999E-03    1.509056000000000E-03    2.192752000000000E-04    2.831449000000000E-03    4.947275999999999E-04    3.387698999999999E-04    6.758714000000000E-05    5.515202999999999E-05    0.000000000000000E+00    0.000000000000000E+00    0.000000000000000E+00    0.000000000000000E+00    0.000000000000000E+00    6.289998000000000E-05    0.000000000000000E+00    6.623653000000000E-05    1.438418986002667E+41    1.045005976359267E+10    1.168280690511334E+05
                      341    1.201065974791304E+31    2.327606745310819E+34    6.800493255895364E+15    4.588835769144686E+08    1.726548980506189E-14    3.039818448983349E-03    1.915949238565272E+03    1.047700964111139E+03    3.161571111043133E-04    4.449463089566676E-04    2.328209233501640E+34    6.801098234280402E+15    6.214442999999999E-01    0.000000000000000E+00    3.589615000000000E-01    1.919284000000000E-03    4.326583000000000E-03    7.325675999999999E-03    1.509056000000000E-03    2.192752000000000E-04    2.831449000000000E-03    4.947275999999999E-04    3.387698999999999E-04    6.758714000000000E-05    5.515202999999999E-05    0.000000000000000E+00    0.000000000000000E+00    0.000000000000000E+00    0.000000000000000E+00    0.000000000000000E+00    6.289998000000000E-05    0.000000000000000E+00    6.623653000000000E-05    1.438418986002667E+41    1.037703603108933E+10    1.162885437012000E+05
                      342    1.203571172387396E+31    2.328811721692462E+34    6.801703212665439E+15    4.593262745412183E+08    1.718616208518616E-14    3.039818448983349E-03    1.915949238565272E+03    1.047700964111139E+03    3.165571111043133E-04    4.383860772434043E-04    2.329414209883284E+34    6.802311857734296E+15    6.214442999999999E-01    0.000000000000000E+00    3.589615000000000E-01    1.919284000000000E-03    4.326583000000000E-03    7.325675999999999E-03    1.509056000000000E-03    2.192752000000000E-04    2.831449000000000E-03    4.947275999999999E-04    3.387698999999999E-04    6.758714000000000E-05    5.515202999999999E-05    0.000000000000000E+00    0.000000000000000E+00    0.000000000000000E+00    0.000000000000000E+00    0.000000000000000E+00    6.289998000000000E-05    0.000000000000000E+00    6.623653000000000E-05    1.438418986002667E+41    1.035005976359267E+10    1.158280690511333E+05
                      343    1.205866990424104E+31    2.330016698074105E+34    6.802920502803150E+15    4.597716697947177E+08    1.708725872894539E-14    3.039818448983349E-03    1.915949238565272E+03    1.047700964111139E+03    3.170110636393067E-04    4.318152972052820E-04    2.330621174674797E+34    6.803533173745701E+15    6.214442999999999E-01    0.000000000000000E+00    3.589615000000000E-01    1.919284000000000E-03    4.326583000000000E-03    7.325675999999999E-03    1.509056000000000E-03    2.192752000000000E-04    2.831449000000000E-03    4.947275999999999E-04    3.387698999999999E-04    6.758714000000000E-05    5.515202999999999E-05    0.000000000000000E+00    0.000000000000000E+00    0.000000000000000E+00    0.000000000000000E+00    0.000000000000000E+00    6.289998000000000E-05    0.000000000000000E+00    6.623653000000000E-05    1.438418986002667E+41    1.028243128458867E+10    1.148280690511333E+05
                      344    1.207978482865798E+31    2.331225651275489E+34    6.804145844688252E+15    4.602193674214673E+08    1.698943371458653E-14    3.039818448983349E-03    1.913912564603270E+03    1.047700964111139E+03    3.174110636393067E-04    4.252300528722941E-04    2.331830127876181E+34    6.804763327138872E+15    6.214442999999999E-01    0.000000000000000E+00    3.589615000000000E-01    1.919284000000000E-03    4.326583000000000E-03    7.325675999999999E-03    1.509056000000000E-03    2.192752000000000E-04    2.831449000000000E-03    4.947275999999999E-04    3.387698999999999E-04    6.758714000000000E-05    5.515202999999999E-05    0.000000000000000E+00    0.000000000000000E+00    0.000000000000000E+00    0.000000000000000E+00    0.000000000000000E+00    6.289998000000000E-05    0.000000000000000E+00    6.623653000000000E-05    1.438418986002667E+41    1.025005976359267E+10    1.148280690511333E+05
                      345    1.209927323380069E+31    2.332434604476873E+34    6.805380809589494E+15    4.606693674214673E+08    1.691137435723410E-14    3.039818448983349E-03    1.913912564603270E+03    1.047700964111139E+03    3.178571111043133E-04    4.186141872627204E-04    2.333041069487436E+34    6.806001965109942E+15    6.214442999999999E-01    0.000000000000000E+00    3.589615000000000E-01    1.919284000000000E-03    4.326583000000000E-03    7.325675999999999E-03    1.509056000000000E-03    2.192752000000000E-04    2.831449000000000E-03    4.947275999999999E-04    3.387698999999999E-04    6.758714000000000E-05    5.515202999999999E-05    0.000000000000000E+00    0.000000000000000E+00    0.000000000000000E+00    0.000000000000000E+00    0.000000000000000E+00    6.289998000000000E-05    0.000000000000000E+00    6.623653000000000E-05    1.438418986002667E+41    1.017703603108933E+10    1.138280690511333E+05
                      346    1.211731208814767E+31    2.333647534497999E+34    6.806623120630390E+15    4.611193674214673E+08    1.679495727502345E-14    3.039818448983349E-03    1.911542677597344E+03    1.047700964111139E+03    3.183110636393067E-04    4.119954934085217E-04    2.334253999508562E+34    6.807249092424084E+15    6.214442999999999E-01    0.000000000000000E+00    3.589615000000000E-01    1.919284000000000E-03    4.326583000000000E-03    7.325675999999999E-03    1.509056000000000E-03    2.192752000000000E-04    2.831449000000000E-03    4.947275999999999E-04    3.387698999999999E-04    6.758714000000000E-05    5.515202999999999E-05    0.000000000000000E+00    0.000000000000000E+00    0.000000000000000E+00    0.000000000000000E+00    0.000000000000000E+00    6.289998000000000E-05    0.000000000000000E+00    6.623653000000000E-05    1.438418986002667E+41    1.010401229858600E+10    1.128280690511333E+05
                      347    1.213405847607869E+31    2.334860464519125E+34    6.807875064217778E+15    4.615720650482171E+08    1.671779145574577E-14    3.039818448983349E-03    1.911542677597344E+03    1.047700964111139E+03    3.188110636393067E-04    4.053456001422611E-04    2.335467923734623E+34    6.808505070969704E+15    6.214442999999999E-01    0.000000000000000E+00    3.589615000000000E-01    1.919284000000000E-03    4.326583000000000E-03    7.325675999999999E-03    1.509056000000000E-03    2.192752000000000E-04    2.831449000000000E-03    4.947275999999999E-04    3.387698999999999E-04    6.758714000000000E-05    5.515202999999999E-05    0.000000000000000E+00    0.000000000000000E+00    0.000000000000000E+00    0.000000000000000E+00    0.000000000000000E+00    6.289998000000000E-05    0.000000000000000E+00    6.623653000000000E-05    1.438418986002667E+41    1.007164077759000E+10    1.123675944010667E+05
                      348    1.214964760946496E+31    2.336075382950121E+34    6.809135077721631E+15    4.620297626749667E+08    1.660270698885549E-14    3.025229673506329E-03    1.911542677597344E+03    1.046410554349476E+03    3.193110636393067E-04    3.986884109358424E-04    2.336683836370555E+34    6.809769548139680E+15    6.214442999999999E-01    0.000000000000000E+00    3.589615000000000E-01    1.919284000000000E-03    4.326583000000000E-03    7.325675999999999E-03    1.509056000000000E-03    2.192752000000000E-04    2.831449000000000E-03    4.947275999999999E-04    3.387698999999999E-04    6.758714000000000E-05    5.515202999999999E-05    0.000000000000000E+00    0.000000000000000E+00    0.000000000000000E+00    0.000000000000000E+00    0.000000000000000E+00    6.289998000000000E-05    0.000000000000000E+00    6.623653000000000E-05    1.438418986002667E+41    9.993221791587334E+09    1.118280690511334E+05
                      349    1.216419680448886E+31    2.337292289790989E+34    6.810404018557731E+15    4.624924603017163E+08    1.648841475786280E-14    3.011949225927091E-03    1.911542677597344E+03    1.045291318760634E+03    3.198110636393066E-04    3.920198967833559E-04    2.337900743211423E+34    6.811043312732990E+15    6.214442999999999E-01    0.000000000000000E+00    3.589615000000000E-01    1.919284000000000E-03    4.326583000000000E-03    7.325675999999999E-03    1.509056000000000E-03    2.192752000000000E-04    2.831449000000000E-03    4.947275999999999E-04    3.387698999999999E-04    6.758714000000000E-05    5.515202999999999E-05    0.000000000000000E+00    0.000000000000000E+00    0.000000000000000E+00    0.000000000000000E+00    0.000000000000000E+00    6.289998000000000E-05    0.000000000000000E+00    6.623653000000000E-05    1.438418986002667E+41    9.914802805584667E+09    1.108280690511334E+05
                      350    1.217780150482417E+31    2.338509196631856E+34    6.811682606908249E+15    4.629551579284660E+08    1.637490930905410E-14    3.011949225927091E-03    1.911542677597344E+03    1.045291318760634E+03    3.204110636393067E-04    3.853343232099672E-04    2.339118644257225E+34    6.812327154189760E+15    6.214442999999999E-01    0.000000000000000E+00    3.589615000000000E-01    1.919284000000000E-03    4.326583000000000E-03    7.325675999999999E-03    1.509056000000000E-03    2.192752000000000E-04    2.831449000000000E-03    4.947275999999999E-04    3.387698999999999E-04    6.758714000000000E-05    5.515202999999999E-05    0.000000000000000E+00    0.000000000000000E+00    0.000000000000000E+00    0.000000000000000E+00    0.000000000000000E+00    6.289998000000000E-05    0.000000000000000E+00    6.623653000000000E-05    1.438418986002667E+41    9.882431284588669E+09    1.103675944010667E+05
                      351    1.219055715414470E+31    2.339728091882594E+34    6.812971701471270E+15    4.634178555552157E+08    1.628118409051253E-14    3.011949225927091E-03    1.911542677597344E+03    1.045291318760634E+03    3.209110636393067E-04    3.786215397998419E-04    2.340338533712898E+34    6.813620651282406E+15    6.214442999999999E-01    0.000000000000000E+00    3.589615000000000E-01    1.919284000000000E-03    4.326583000000000E-03    7.325675999999999E-03    1.509056000000000E-03    2.192752000000000E-04    2.831449000000000E-03    4.947275999999999E-04    3.387698999999999E-04    6.758714000000000E-05    5.515202999999999E-05    0.000000000000000E+00    0.000000000000000E+00    0.000000000000000E+00    0.000000000000000E+00    0.000000000000000E+00    6.289998000000000E-05    0.000000000000000E+00    6.623653000000000E-05    1.438418986002667E+41    9.804012298586000E+09    1.093675944010667E+05
                      352    1.220253533520579E+31    2.340948975543203E+34    6.814269601093539E+15    4.638882508087149E+08    1.616910520758361E-14    3.011949225927091E-03    1.911542677597344E+03    1.045291318760634E+03    3.215110636393066E-04    3.718966020019758E-04    2.341559417373507E+34    6.814923451759921E+15    6.214442999999999E-01    0.000000000000000E+00    3.589615000000000E-01    1.919284000000000E-03    4.326583000000000E-03    7.325675999999999E-03    1.509056000000000E-03    2.192752000000000E-04    2.831449000000000E-03    4.947275999999999E-04    3.387698999999999E-04    6.758714000000000E-05    5.515202999999999E-05    0.000000000000000E+00    0.000000000000000E+00    0.000000000000000E+00    0.000000000000000E+00    0.000000000000000E+00    6.289998000000000E-05    0.000000000000000E+00    6.623653000000000E-05    1.438418986002667E+41    9.725593312583332E+09    1.083675944010667E+05
                      353    1.221380763076277E+31    2.342169859203811E+34    6.815577302426304E+15    4.643609484354646E+08    1.603905968019417E-14    3.011949225927091E-03    1.911542677597344E+03    1.045291318760634E+03    3.221110636393066E-04    3.651636257061022E-04    2.342781295239050E+34    6.816236345593812E+15    6.214442999999999E-01    0.000000000000000E+00    3.589615000000000E-01    1.919284000000000E-03    4.326583000000000E-03    7.325675999999999E-03    1.509056000000000E-03    2.192752000000000E-04    2.831449000000000E-03    4.947275999999999E-04    3.387698999999999E-04    6.758714000000000E-05    5.515202999999999E-05    0.000000000000000E+00    0.000000000000000E+00    0.000000000000000E+00    0.000000000000000E+00    0.000000000000000E+00    6.289998000000000E-05    0.000000000000000E+00    6.623653000000000E-05    1.438418986002667E+41    9.687826538088001E+09    1.073675944010667E+05
                      354    1.222443568152166E+31    2.343392731274290E+34    6.816895388761320E+15    4.648336460622144E+08    1.592864756998195E-14    3.011949225927091E-03    1.909510687855469E+03    1.045291318760634E+03    3.227110636393067E-04    3.584110439113390E-04    2.344004167309530E+34    6.817560054402426E+15    6.214442999999999E-01    0.000000000000000E+00    3.589615000000000E-01    1.919284000000000E-03    4.326583000000000E-03    7.325675999999999E-03    1.509056000000000E-03    2.192752000000000E-04    2.831449000000000E-03    4.947275999999999E-04    3.387698999999999E-04    6.758714000000000E-05    5.515202999999999E-05    0.000000000000000E+00    0.000000000000000E+00    0.000000000000000E+00    0.000000000000000E+00    0.000000000000000E+00    6.289998000000000E-05    0.000000000000000E+00    6.623653000000000E-05    1.438418986002667E+41    9.609407552085335E+09    1.067452621460200E+05
                      355    1.223447118613907E+31    2.344615603344770E+34    6.818224720043533E+15    4.653113436889640E+08    1.581899553139019E-14    3.011949225927091E-03    1.907146251438405E+03    1.045291318760634E+03    3.233650161743000E-04    3.516339421136357E-04    2.345228033584944E+34    6.818894295343008E+15    6.214442999999999E-01    0.000000000000000E+00    3.589615000000000E-01    1.919284000000000E-03    4.326583000000000E-03    7.325675999999999E-03    1.509056000000000E-03    2.192752000000000E-04    2.831449000000000E-03    4.947275999999999E-04    3.387698999999999E-04    6.758714000000000E-05    5.515202999999999E-05    0.000000000000000E+00    0.000000000000000E+00    0.000000000000000E+00    0.000000000000000E+00    0.000000000000000E+00    6.289998000000000E-05    0.000000000000000E+00    6.623653000000000E-05    1.438418986002667E+41    9.525593312583332E+09    1.063675944010667E+05
                      356    1.224396385486178E+31    2.345840463825120E+34    6.819563870642482E+15    4.657890413157136E+08    1.569227776540082E-14    3.011949225927091E-03    1.907146251438405E+03    1.045291318760634E+03    3.240110636393066E-04    3.448477220975770E-04    2.346452894065295E+34    6.820239432745164E+15    6.214442999999999E-01    0.000000000000000E+00    3.589615000000000E-01    1.919284000000000E-03    4.326583000000000E-03    7.325675999999999E-03    1.509056000000000E-03    2.192752000000000E-04    2.831449000000000E-03    4.947275999999999E-04    3.387698999999999E-04    6.758714000000000E-05    5.515202999999999E-05    0.000000000000000E+00    0.000000000000000E+00    0.000000000000000E+00    0.000000000000000E+00    0.000000000000000E+00    6.289998000000000E-05    0.000000000000000E+00    6.623653000000000E-05    1.438418986002667E+41    9.441779073081333E+09    1.054754994710533E+05
                      357    1.225295544429708E+31    2.347065324305469E+34    6.820914994847846E+15    4.662694365692130E+08    1.556606728487370E-14    3.011949225927091E-03    1.907146251438405E+03    1.045291318760634E+03    3.246650161743000E-04    3.380423947474827E-04    2.347678748750580E+34    6.821596189087159E+15    6.214442999999999E-01    0.000000000000000E+00    3.589615000000000E-01    1.919284000000000E-03    4.326583000000000E-03    7.325675999999999E-03    1.509056000000000E-03    2.192752000000000E-04    2.831449000000000E-03    4.947275999999999E-04    3.387698999999999E-04    6.758714000000000E-05    5.515202999999999E-05    0.000000000000000E+00    0.000000000000000E+00    0.000000000000000E+00    0.000000000000000E+00    0.000000000000000E+00    6.289998000000000E-05    0.000000000000000E+00    6.623653000000000E-05    1.438418986002667E+41    9.357964833579334E+09    1.045834045410400E+05
                      358    1.226148373423250E+31    2.348292173195691E+34    6.822277383326472E+15    4.667571341959626E+08    1.544137559584292E-14    3.011949225927091E-03    1.907146251438405E+03    1.045291318760634E+03    3.253650161743000E-04    3.312200270836559E-04    2.348905597640800E+34    6.822964640392464E+15    6.214442999999999E-01    0.000000000000000E+00    3.589615000000000E-01    1.919284000000000E-03    4.326583000000000E-03    7.325675999999999E-03    1.509056000000000E-03    2.192752000000000E-04    2.831449000000000E-03    4.947275999999999E-04    3.387698999999999E-04    6.758714000000000E-05    5.515202999999999E-05    0.000000000000000E+00    0.000000000000000E+00    0.000000000000000E+00    0.000000000000000E+00    0.000000000000000E+00    6.289998000000000E-05    0.000000000000000E+00    6.623653000000000E-05    1.438418986002667E+41    9.297174326580667E+09    1.036913096110267E+05
                      359    1.226958650445560E+31    2.349519022085911E+34    6.823651897458456E+15    4.672448318227123E+08    1.531718308134078E-14    3.011949225927091E-03    1.907146251438405E+03    1.045291318760634E+03    3.260650161743000E-04    3.243781838455142E-04    2.350132446531021E+34    6.824344793510738E+15    6.214442999999999E-01    0.000000000000000E+00    3.589615000000000E-01    1.919284000000000E-03    4.326583000000000E-03    7.325675999999999E-03    1.509056000000000E-03    2.192752000000000E-04    2.831449000000000E-03    4.947275999999999E-04    3.387698999999999E-04    6.758714000000000E-05    5.515202999999999E-05    0.000000000000000E+00    0.000000000000000E+00    0.000000000000000E+00    0.000000000000000E+00    0.000000000000000E+00    6.289998000000000E-05    0.000000000000000E+00    6.623653000000000E-05    1.438418986002667E+41    9.222569580080000E+09    1.027992146810133E+05
                      360    1.227729159270455E+31    2.350745870976132E+34    6.825037689563018E+15    4.677325294494620E+08    1.519448507453839E-14    3.011949225927091E-03    1.907146251438405E+03    1.045291318760634E+03    3.268110636393066E-04    3.175191866647685E-04    2.351360289626178E+34    6.825737083079226E+15    6.214442999999999E-01    0.000000000000000E+00    3.589615000000000E-01    1.919284000000000E-03    4.326583000000000E-03    7.325675999999999E-03    1.509056000000000E-03    2.192752000000000E-04    2.831449000000000E-03    4.947275999999999E-04    3.387698999999999E-04    6.758714000000000E-05    5.515202999999999E-05    0.000000000000000E+00    0.000000000000000E+00    0.000000000000000E+00    0.000000000000000E+00    0.000000000000000E+00    6.289998000000000E-05    0.000000000000000E+00    6.623653000000000E-05    1.438418986002667E+41    9.143360087078667E+09    1.019071197510000E+05
                      361    1.228463081353730E+31    2.351974708276223E+34    6.826436476595434E+15    4.682275294494620E+08    1.505518119804899E-14    3.011949225927091E-03    1.907146251438405E+03    1.045291318760634E+03    3.275110636393067E-04    3.106449104667153E-04    2.352589126926269E+34    6.827142233137756E+15    6.214442999999999E-01    0.000000000000000E+00    3.589615000000000E-01    1.919284000000000E-03    4.326583000000000E-03    7.325675999999999E-03    1.509056000000000E-03    2.192752000000000E-04    2.831449000000000E-03    4.947275999999999E-04    3.387698999999999E-04    6.758714000000000E-05    5.515202999999999E-05    0.000000000000000E+00    0.000000000000000E+00    0.000000000000000E+00    0.000000000000000E+00    0.000000000000000E+00    6.289998000000000E-05    0.000000000000000E+00    6.623653000000000E-05    1.438418986002667E+41    9.063360087078667E+09    1.009610722859933E+05
                      362    1.229162603946241E+31    2.353203545576315E+34    6.827847989680078E+15    4.687252270762117E+08    1.491715446717592E-14    3.011949225927091E-03    1.907146251438405E+03    1.045291318760634E+03    3.283110636393067E-04    3.037544142285570E-04    2.353818958431296E+34    6.828560251551779E+15    6.214442999999999E-01    0.000000000000000E+00    3.589615000000000E-01    1.919284000000000E-03    4.326583000000000E-03    7.325675999999999E-03    1.509056000000000E-03    2.192752000000000E-04    2.831449000000000E-03    4.947275999999999E-04    3.387698999999999E-04    6.758714000000000E-05    5.515202999999999E-05    0.000000000000000E+00    0.000000000000000E+00    0.000000000000000E+00    0.000000000000000E+00    0.000000000000000E+00    6.289998000000000E-05    0.000000000000000E+00    6.623653000000000E-05    1.438418986002667E+41    8.984150594077333E+09    1.000689773559800E+05
                      363    1.229830311980821E+31    2.354434371286277E+34    6.829272513423478E+15    4.692256223297110E+08    1.478039317297774E-14    3.011949225927091E-03    1.907146251438405E+03    1.045291318760634E+03    3.291110636393066E-04    2.968476274838168E-04    2.355049784141258E+34    6.829991574004228E+15    6.214442999999999E-01    0.000000000000000E+00    3.589615000000000E-01    1.919284000000000E-03    4.326583000000000E-03    7.325675999999999E-03    1.509056000000000E-03    2.192752000000000E-04    2.831449000000000E-03    4.947275999999999E-04    3.387698999999999E-04    6.758714000000000E-05    5.515202999999999E-05    0.000000000000000E+00    0.000000000000000E+00    0.000000000000000E+00    0.000000000000000E+00    0.000000000000000E+00    6.289998000000000E-05    0.000000000000000E+00    6.623653000000000E-05    1.438418986002667E+41    8.899545847576668E+09    9.912292989097333E+04
                      364    1.230468392708329E+31    2.355665196996239E+34    6.830710634584979E+15    4.697283199564607E+08    1.464488571386133E-14    3.011949225927091E-03    1.902759936779041E+03    1.045291318760634E+03    3.299110636393067E-04    2.899217434750699E-04    2.356280609851220E+34    6.831436567356194E+15    6.214442999999999E-01    0.000000000000000E+00    3.589615000000000E-01    1.919284000000000E-03    4.326583000000000E-03    7.325675999999999E-03    1.509056000000000E-03    2.192752000000000E-04    2.831449000000000E-03    4.947275999999999E-04    3.387698999999999E-04    6.758714000000000E-05    5.515202999999999E-05    0.000000000000000E+00    0.000000000000000E+00    0.000000000000000E+00    0.000000000000000E+00    0.000000000000000E+00    6.289998000000000E-05    0.000000000000000E+00    6.623653000000000E-05    1.438418986002667E+41    8.814941101076000E+09    9.823083496096000E+04
                      365    1.231078635697646E+31    2.356896022706201E+34    6.832162500127409E+15    4.702333199564606E+08    1.451062059459752E-14    3.011949225927091E-03    1.902759936779041E+03    1.045291318760634E+03    3.307110636393066E-04    2.829770377567118E-04    2.357511435561182E+34    6.832895668151240E+15    6.214442999999999E-01    0.000000000000000E+00    3.589615000000000E-01    1.919284000000000E-03    4.326583000000000E-03    7.325675999999999E-03    1.509056000000000E-03    2.192752000000000E-04    2.831449000000000E-03    4.947275999999999E-04    3.387698999999999E-04    6.758714000000000E-05    5.515202999999999E-05    0.000000000000000E+00    0.000000000000000E+00    0.000000000000000E+00    0.000000000000000E+00    0.000000000000000E+00    6.289998000000000E-05    0.000000000000000E+00    6.623653000000000E-05    1.438418986002667E+41    8.735731608074667E+09    9.728478749595334E+04
                      366    1.231663029358644E+31    2.358126848416163E+34    6.833628836175071E+15    4.707433199564607E+08    1.436129640933520E-14    3.011949225927091E-03    1.902759936779041E+03    1.045291318760634E+03    3.315650161743000E-04    2.760167733335528E-04    2.358743255476079E+34    6.834369672154302E+15    6.214442999999999E-01    0.000000000000000E+00    3.589615000000000E-01    1.919284000000000E-03    4.326583000000000E-03    7.325675999999999E-03    1.509056000000000E-03    2.192752000000000E-04    2.831449000000000E-03    4.947275999999999E-04    3.387698999999999E-04    6.758714000000000E-05    5.515202999999999E-05    0.000000000000000E+00    0.000000000000000E+00    0.000000000000000E+00    0.000000000000000E+00    0.000000000000000E+00    6.289998000000000E-05    0.000000000000000E+00    6.623653000000000E-05    1.438418986002667E+41    8.651126861574001E+09    9.633874003094668E+04
                      367    1.232222766737246E+31    2.359359662535996E+34    6.835110508133534E+15    4.712560175832103E+08    1.421300755447350E-14    3.011949225927091E-03    1.902759936779041E+03    1.045291318760634E+03    3.324110636393066E-04    2.690390992559573E-04    2.359976069595912E+34    6.835858588788888E+15    6.214442999999999E-01    0.000000000000000E+00    3.589615000000000E-01    1.919284000000000E-03    4.326583000000000E-03    7.325675999999999E-03    1.509056000000000E-03    2.192752000000000E-04    2.831449000000000E-03    4.947275999999999E-04    3.387698999999999E-04    6.758714000000000E-05    5.515202999999999E-05    0.000000000000000E+00    0.000000000000000E+00    0.000000000000000E+00    0.000000000000000E+00    0.000000000000000E+00    6.289998000000000E-05    0.000000000000000E+00    6.623653000000000E-05    1.438418986002667E+41    8.561917368572667E+09    9.539269256594000E+04
                      368    1.232759836243321E+31    2.360592476655829E+34    6.836606669444244E+15    4.717714128367096E+08    1.406674601042973E-14    3.011949225927091E-03    1.902759936779041E+03    1.045291318760634E+03    3.333110636393066E-04    2.620462049464154E-04    2.361208883715745E+34    6.837362786729948E+15    6.214442999999999E-01    0.000000000000000E+00    3.589615000000000E-01    1.919284000000000E-03    4.326583000000000E-03    7.325675999999999E-03    1.509056000000000E-03    2.192752000000000E-04    2.831449000000000E-03    4.947275999999999E-04    3.387698999999999E-04    6.758714000000000E-05    5.515202999999999E-05    0.000000000000000E+00    0.000000000000000E+00    0.000000000000000E+00    0.000000000000000E+00    0.000000000000000E+00    6.289998000000000E-05    0.000000000000000E+00    6.623653000000000E-05    1.438418986002667E+41    8.477312622072001E+09    9.444664510093334E+04
                      369    1.233275232081806E+31    2.361825290775661E+34    6.838118904015652E+15    4.722891104634593E+08    1.393778130782668E-14    3.011949225927091E-03    1.902759936779041E+03    1.045291318760634E+03    3.342110636393067E-04    2.550239470654427E-04    2.362441697835578E+34    6.838883063191916E+15    6.214442999999999E-01    0.000000000000000E+00    3.589615000000000E-01    1.919284000000000E-03    4.326583000000000E-03    7.325675999999999E-03    1.509056000000000E-03    2.192752000000000E-04    2.831449000000000E-03    4.947275999999999E-04    3.387698999999999E-04    6.758714000000000E-05    5.515202999999999E-05    0.000000000000000E+00    0.000000000000000E+00    0.000000000000000E+00    0.000000000000000E+00    0.000000000000000E+00    6.289998000000000E-05    0.000000000000000E+00    6.623653000000000E-05    1.438418986002667E+41    8.382707875571333E+09    9.350059763592668E+04
                      370    1.233770346139610E+31    2.363058104895494E+34    6.839647222368179E+15    4.728118080902090E+08    1.377823684450371E-14    2.997494201147591E-03    1.902759936779041E+03    1.044003876859066E+03    3.352110636393066E-04    2.479871208804981E-04    2.363675506160346E+34    6.840419857256150E+15    6.214442999999999E-01    0.000000000000000E+00    3.589615000000000E-01    1.919284000000000E-03    4.326583000000000E-03    7.325675999999999E-03    1.509056000000000E-03    2.192752000000000E-04    2.831449000000000E-03    4.947275999999999E-04    3.387698999999999E-04    6.758714000000000E-05    5.515202999999999E-05    0.000000000000000E+00    0.000000000000000E+00    0.000000000000000E+00    0.000000000000000E+00    0.000000000000000E+00    6.289998000000000E-05    0.000000000000000E+00    6.623653000000000E-05    1.438418986002667E+41    8.293498382570000E+09    9.232431284588667E+04
                      371    1.234246570303642E+31    2.364292907425198E+34    6.841192492144120E+15    4.733368080902090E+08    1.362051867155038E-14    2.997494201147591E-03    1.902759936779041E+03    1.044003876859066E+03    3.361110636393067E-04    2.409348449749668E-04    2.364910308690049E+34    6.841973179815111E+15    6.214442999999999E-01    0.000000000000000E+00    3.589615000000000E-01    1.919284000000000E-03    4.326583000000000E-03    7.325675999999999E-03    1.509056000000000E-03    2.192752000000000E-04    2.831449000000000E-03    4.947275999999999E-04    3.387698999999999E-04    6.758714000000000E-05    5.515202999999999E-05    0.000000000000000E+00    0.000000000000000E+00    0.000000000000000E+00    0.000000000000000E+00    0.000000000000000E+00    6.289998000000000E-05    0.000000000000000E+00    6.623653000000000E-05    1.438418986002667E+41    8.208893636069334E+09    9.133221791587333E+04
                      372    1.234704699937851E+31    2.365527709954901E+34    6.842753867486102E+15    4.738645057169586E+08    1.348037210567649E-14    2.997494201147591E-03    1.898383710363446E+03    1.044003876859066E+03    3.371110636393066E-04    2.338607917479471E-04    2.366145111219752E+34    6.843544189339629E+15    6.214442999999999E-01    0.000000000000000E+00    3.589615000000000E-01    1.919284000000000E-03    4.326583000000000E-03    7.325675999999999E-03    1.509056000000000E-03    2.192752000000000E-04    2.831449000000000E-03    4.947275999999999E-04    3.387698999999999E-04    6.758714000000000E-05    5.515202999999999E-05    0.000000000000000E+00    0.000000000000000E+00    0.000000000000000E+00    0.000000000000000E+00    0.000000000000000E+00    6.289998000000000E-05    0.000000000000000E+00    6.623653000000000E-05    1.438418986002667E+41    8.114288889568666E+09    9.028617045086667E+04
                      373    1.235145729247172E+31    2.366762512484604E+34    6.844334511193157E+15    4.743972033437083E+08    1.332606356219356E-14    2.984335509443603E-03    1.898383710363446E+03    1.042887215440645E+03    3.381110636393066E-04    2.267602724428702E-04    2.367380907954391E+34    6.845133326299038E+15    6.214442999999999E-01    0.000000000000000E+00    3.589615000000000E-01    1.919284000000000E-03    4.326583000000000E-03    7.325675999999999E-03    1.509056000000000E-03    2.192752000000000E-04    2.831449000000000E-03    4.947275999999999E-04    3.387698999999999E-04    6.758714000000000E-05    5.515202999999999E-05    0.000000000000000E+00    0.000000000000000E+00    0.000000000000000E+00    0.000000000000000E+00    0.000000000000000E+00    6.289998000000000E-05    0.000000000000000E+00    6.623653000000000E-05    1.438418986002667E+41    8.025079396567333E+09    8.929407552085334E+04
                      374    1.235570851277527E+31    2.367999303424179E+34    6.845932141404919E+15    4.749322033437083E+08    1.317352137400152E-14    2.984335509443603E-03    1.898383710363446E+03    1.042887215440645E+03    3.391571111043133E-04    2.196436710672625E-04    2.368616704689030E+34    6.846740603425776E+15    6.214442999999999E-01    0.000000000000000E+00    3.589615000000000E-01    1.919284000000000E-03    4.326583000000000E-03    7.325675999999999E-03    1.509056000000000E-03    2.192752000000000E-04    2.831449000000000E-03    4.947275999999999E-04    3.387698999999999E-04    6.758714000000000E-05    5.515202999999999E-05    0.000000000000000E+00    0.000000000000000E+00    0.000000000000000E+00    0.000000000000000E+00    0.000000000000000E+00    6.289998000000000E-05    0.000000000000000E+00    6.623653000000000E-05    1.438418986002667E+41    7.930474650066667E+09    8.824802805584666E+04
                      375    1.235980662551878E+31    2.369234105953882E+34    6.847549065446634E+15    4.754699009704580E+08    1.302272532179853E-14    2.984335509443603E-03    1.898383710363446E+03    1.042887215440645E+03    3.402110636393066E-04    2.125013251655210E-04    2.369852501423669E+34    6.848367610150176E+15    6.214442999999999E-01    0.000000000000000E+00    3.589615000000000E-01    1.919284000000000E-03    4.326583000000000E-03    7.325675999999999E-03    1.509056000000000E-03    2.192752000000000E-04    2.831449000000000E-03    4.947275999999999E-04    3.387698999999999E-04    6.758714000000000E-05    5.515202999999999E-05    0.000000000000000E+00    0.000000000000000E+00    0.000000000000000E+00    0.000000000000000E+00    0.000000000000000E+00    6.289998000000000E-05    0.000000000000000E+00    6.623653000000000E-05    1.438418986002667E+41    7.836660410564667E+09    8.720988566082667E+04
                      376    1.236376157275160E+31    2.370470896893457E+34    6.849186154853718E+15    4.760125985972077E+08    1.285910345709856E-14    2.984335509443603E-03    1.898383710363446E+03    1.042887215440645E+03    3.412571111043133E-04    2.053383199067462E-04    2.371089292363244E+34    6.850014360261459E+15    6.214442999999999E-01    0.000000000000000E+00    3.589615000000000E-01    1.919284000000000E-03    4.326583000000000E-03    7.325675999999999E-03    1.509056000000000E-03    2.192752000000000E-04    2.831449000000000E-03    4.947275999999999E-04    3.387698999999999E-04    6.758714000000000E-05    5.515202999999999E-05    0.000000000000000E+00    0.000000000000000E+00    0.000000000000000E+00    0.000000000000000E+00    0.000000000000000E+00    6.289998000000000E-05    0.000000000000000E+00    6.623653000000000E-05    1.438418986002667E+41    7.742055664064000E+09    8.616383819582000E+04
                      377    1.236757931970334E+31    2.371707687833030E+34    6.850842565669199E+15    4.765575985972076E+08    1.269702224359339E-14    2.984335509443603E-03    1.898383710363446E+03    1.042887215440645E+03    3.423571111043133E-04    1.981594082713686E-04    2.372326083302818E+34    6.851681227620418E+15    6.214442999999999E-01    0.000000000000000E+00    3.589615000000000E-01    1.919284000000000E-03    4.326583000000000E-03    7.325675999999999E-03    1.509056000000000E-03    2.192752000000000E-04    2.831449000000000E-03    4.947275999999999E-04    3.387698999999999E-04    6.758714000000000E-05    5.515202999999999E-05    0.000000000000000E+00    0.000000000000000E+00    0.000000000000000E+00    0.000000000000000E+00    0.000000000000000E+00    6.289998000000000E-05    0.000000000000000E+00    6.623653000000000E-05    1.438418986002667E+41    7.647450917563334E+09    8.507174326580667E+04
                      378    1.237126782001348E+31    2.372944478772605E+34    6.852519889571639E+15    4.771075985972077E+08    1.253749262100694E-14    2.984335509443603E-03    1.898383710363446E+03    1.042887215440645E+03    3.435571111043133E-04    1.909554082797414E-04    2.373563868447327E+34    6.853369015648041E+15    6.214442999999999E-01    0.000000000000000E+00    3.589615000000000E-01    1.919284000000000E-03    4.326583000000000E-03    7.325675999999999E-03    1.509056000000000E-03    2.192752000000000E-04    2.831449000000000E-03    4.947275999999999E-04    3.387698999999999E-04    6.758714000000000E-05    5.515202999999999E-05    0.000000000000000E+00    0.000000000000000E+00    0.000000000000000E+00    0.000000000000000E+00    0.000000000000000E+00    6.289998000000000E-05    0.000000000000000E+00    6.623653000000000E-05    1.438418986002667E+41    7.548241424562000E+09    8.407964833579333E+04
                      379    1.237483502732152E+31    2.374183258122049E+34    6.854218141724444E+15    4.776625985972077E+08    1.237946511737073E-14    2.984335509443603E-03    1.896035550612189E+03    1.042887215440645E+03    3.446571111043133E-04    1.837307382158455E-04    2.374801653591837E+34    6.855078528922608E+15    6.214442999999999E-01    0.000000000000000E+00    3.589615000000000E-01    1.919284000000000E-03    4.326583000000000E-03    7.325675999999999E-03    1.509056000000000E-03    2.192752000000000E-04    2.831449000000000E-03    4.947275999999999E-04    3.387698999999999E-04    6.758714000000000E-05    5.515202999999999E-05    0.000000000000000E+00    0.000000000000000E+00    0.000000000000000E+00    0.000000000000000E+00    0.000000000000000E+00    6.289998000000000E-05    0.000000000000000E+00    6.623653000000000E-05    1.438418986002667E+41    7.453636678061333E+09    8.298755340578000E+04
                      380    1.237828293003730E+31    2.375420049061624E+34    6.855938916120774E+15    4.782175985972077E+08    1.222392538843997E-14    2.984335509443603E-03    1.894017548989305E+03    1.042887215440645E+03    3.458571111043133E-04    1.764764357881594E-04    2.376039438736346E+34    6.856810642434658E+15    6.214442999999999E-01    0.000000000000000E+00    3.589615000000000E-01    1.919284000000000E-03    4.326583000000000E-03    7.325675999999999E-03    1.509056000000000E-03    2.192752000000000E-04    2.831449000000000E-03    4.947275999999999E-04    3.387698999999999E-04    6.758714000000000E-05    5.515202999999999E-05    0.000000000000000E+00    0.000000000000000E+00    0.000000000000000E+00    0.000000000000000E+00    0.000000000000000E+00    6.289998000000000E-05    0.000000000000000E+00    6.623653000000000E-05    1.438418986002667E+41    7.354427185059999E+09    8.189545847576667E+04
                      381    1.238161948180033E+31    2.376658828411068E+34    6.857682368748543E+15    4.787775985972077E+08    1.205620684450486E-14    2.984335509443603E-03    1.894017548989305E+03    1.042887215440645E+03    3.470571111043133E-04    1.692023791214187E-04    2.377278218085791E+34    6.858565733134360E+15    6.214442999999999E-01    0.000000000000000E+00    3.589615000000000E-01    1.919284000000000E-03    4.326583000000000E-03    7.325675999999999E-03    1.509056000000000E-03    2.192752000000000E-04    2.831449000000000E-03    4.947275999999999E-04    3.387698999999999E-04    6.758714000000000E-05    5.515202999999999E-05    0.000000000000000E+00    0.000000000000000E+00    0.000000000000000E+00    0.000000000000000E+00    0.000000000000000E+00    6.289998000000000E-05    0.000000000000000E+00    6.623653000000000E-05    1.438418986002667E+41    7.259822438559334E+09    8.084941101076000E+04
                      382    1.238485064784022E+31    2.377897607760514E+34    6.859449097520178E+15    4.793425985972077E+08    1.189078948526172E-14    2.984335509443603E-03    1.894017548989305E+03    1.042887215440645E+03    3.483571111043133E-04    1.619048133038468E-04    2.378516997435237E+34    6.860344538646760E+15    6.214442999999999E-01    0.000000000000000E+00    3.589615000000000E-01    1.919284000000000E-03    4.326583000000000E-03    7.325675999999999E-03    1.509056000000000E-03    2.192752000000000E-04    2.831449000000000E-03    4.947275999999999E-04    3.387698999999999E-04    6.758714000000000E-05    5.515202999999999E-05    0.000000000000000E+00    0.000000000000000E+00    0.000000000000000E+00    0.000000000000000E+00    0.000000000000000E+00    6.289998000000000E-05    0.000000000000000E+00    6.623653000000000E-05    1.438418986002667E+41    7.160612945558001E+09    7.975731608074668E+04
                      383    1.238798040497670E+31    2.379136387109959E+34    6.861239979773342E+15    4.799075985972076E+08    1.172764173727295E-14    2.984335509443603E-03    1.894017548989305E+03    1.042887215440645E+03    3.496031585693200E-04    1.545827081393468E-04    2.379755776784681E+34    6.862147936896026E+15    6.214442999999999E-01    0.000000000000000E+00    3.589615000000000E-01    1.919284000000000E-03    4.326583000000000E-03    7.325675999999999E-03    1.509056000000000E-03    2.192752000000000E-04    2.831449000000000E-03    4.947275999999999E-04    3.387698999999999E-04    6.758714000000000E-05    5.515202999999999E-05    0.000000000000000E+00    0.000000000000000E+00    0.000000000000000E+00    0.000000000000000E+00    0.000000000000000E+00    6.289998000000000E-05    0.000000000000000E+00    6.623653000000000E-05    1.438418986002667E+41    7.061403452556667E+09    7.866522115073333E+04
                      384    1.239101273002951E+31    2.380375166459403E+34    6.863055894018709E+15    4.804799009704580E+08    1.155367311181650E-14    2.984335509443603E-03    1.894017548989305E+03    1.042887215440645E+03    3.509031585693200E-04    1.472407173147403E-04    2.380994556134126E+34    6.863977527626976E+15    6.214442999999999E-01    0.000000000000000E+00    3.589615000000000E-01    1.919284000000000E-03    4.326583000000000E-03    7.325675999999999E-03    1.509056000000000E-03    2.192752000000000E-04    2.831449000000000E-03    4.947275999999999E-04    3.387698999999999E-04    6.758714000000000E-05    5.515202999999999E-05    0.000000000000000E+00    0.000000000000000E+00    0.000000000000000E+00    0.000000000000000E+00    0.000000000000000E+00    6.289998000000000E-05    0.000000000000000E+00    6.623653000000000E-05    1.438418986002667E+41    6.962193959555334E+09    7.757312622072001E+04
                      385    1.239395557663815E+31    2.381613945808849E+34    6.864899161235244E+15    4.810572033437083E+08    1.139515077387352E-14    2.984335509443603E-03    1.894017548989305E+03    1.042887215440645E+03    3.523031585693200E-04    1.398609006711919E-04    2.382234329688505E+34    6.865833691652691E+15    6.214442999999999E-01    0.000000000000000E+00    3.589615000000000E-01    1.919284000000000E-03    4.326583000000000E-03    7.325675999999999E-03    1.509056000000000E-03    2.192752000000000E-04    2.831449000000000E-03    4.947275999999999E-04    3.387698999999999E-04    6.758714000000000E-05    5.515202999999999E-05    0.000000000000000E+00    0.000000000000000E+00    0.000000000000000E+00    0.000000000000000E+00    0.000000000000000E+00    6.289998000000000E-05    0.000000000000000E+00    6.623653000000000E-05    1.438418986002667E+41    6.857589213054667E+09    7.648103129070667E+04
                      386    1.239680894480260E+31    2.382854713568164E+34    6.866768222070138E+15    4.816345057169587E+08    1.122612921607256E-14    2.984335509443603E-03    1.891674789855611E+03    1.042887215440645E+03    3.536492060343266E-04    1.324600078330356E-04    2.383474103242886E+34    6.867716880756562E+15    6.214442999999999E-01    0.000000000000000E+00    3.589615000000000E-01    1.919284000000000E-03    4.326583000000000E-03    7.325675999999999E-03    1.509056000000000E-03    2.192752000000000E-04    2.831449000000000E-03    4.947275999999999E-04    3.387698999999999E-04    6.758714000000000E-05    5.515202999999999E-05    0.000000000000000E+00    0.000000000000000E+00    0.000000000000000E+00    0.000000000000000E+00    0.000000000000000E+00    6.289998000000000E-05    0.000000000000000E+00    6.623653000000000E-05    1.438418986002667E+41    6.758379720053333E+09    7.528893636069333E+04
                      387    1.239957681134261E+31    2.384093492917609E+34    6.868665539442986E+15    4.822168080902089E+08    1.104663582332494E-14    2.984335509443603E-03    1.889661429507666E+03    1.042887215440645E+03    3.551031585693200E-04    1.250369561005321E-04    2.384713876797267E+34    6.869629489588852E+15    6.214442999999999E-01    0.000000000000000E+00    3.589615000000000E-01    1.919284000000000E-03    4.326583000000000E-03    7.325675999999999E-03    1.509056000000000E-03    2.192752000000000E-04    2.831449000000000E-03    4.947275999999999E-04    3.387698999999999E-04    6.758714000000000E-05    5.515202999999999E-05    0.000000000000000E+00    0.000000000000000E+00    0.000000000000000E+00    0.000000000000000E+00    0.000000000000000E+00    6.289998000000000E-05    0.000000000000000E+00    6.623653000000000E-05    1.438418986002667E+41    6.653774973552667E+09    7.419684143068001E+04
                      388    1.240226712989767E+31    2.385334260676924E+34    6.870593439734718E+15    4.828018080902090E+08    1.087001233145051E-14    2.970013009127851E-03    1.889661429507666E+03    1.041602734573282E+03    3.565492060343266E-04    1.175844421948543E-04    2.385954644556582E+34    6.871574276531700E+15    6.214442999999999E-01    0.000000000000000E+00    3.589615000000000E-01    1.919284000000000E-03    4.326583000000000E-03    7.325675999999999E-03    1.509056000000000E-03    2.192752000000000E-04    2.831449000000000E-03    4.947275999999999E-04    3.387698999999999E-04    6.758714000000000E-05    5.515202999999999E-05    0.000000000000000E+00    0.000000000000000E+00    0.000000000000000E+00    0.000000000000000E+00    0.000000000000000E+00    6.289998000000000E-05    0.000000000000000E+00    6.623653000000000E-05    1.438418986002667E+41    6.549960734050667E+09    7.300474650066666E+04
                      389    1.240487791205789E+31    2.386575028436240E+34    6.872555113328683E+15    4.833918080902090E+08    1.068416467213533E-14    2.970013009127851E-03    1.889661429507666E+03    1.041602734573282E+03    3.581952534993333E-04    1.100959539526649E-04    2.387195412315898E+34    6.873553211890956E+15    6.214442999999999E-01    0.000000000000000E+00    3.589615000000000E-01    1.919284000000000E-03    4.326583000000000E-03    7.325675999999999E-03    1.509056000000000E-03    2.192752000000000E-04    2.831449000000000E-03    4.947275999999999E-04    3.387698999999999E-04    6.758714000000000E-05    5.515202999999999E-05    0.000000000000000E+00    0.000000000000000E+00    0.000000000000000E+00    0.000000000000000E+00    0.000000000000000E+00    6.289998000000000E-05    0.000000000000000E+00    6.623653000000000E-05    1.438418986002667E+41    6.435355987550000E+09    7.181265157065334E+04
                      390    1.240741711146277E+31    2.387815796195556E+34    6.874551310453228E+15    4.839814128367096E+08    1.048915668975564E-14    2.970013009127851E-03    1.889661429507666E+03    1.041602734573282E+03    3.601571111043133E-04    1.025735396623208E-04    2.388436180075214E+34    6.875571505704020E+15    6.214442999999999E-01    0.000000000000000E+00    3.589615000000000E-01    1.919284000000000E-03    4.326583000000000E-03    7.325675999999999E-03    1.509056000000000E-03    2.192752000000000E-04    2.831449000000000E-03    4.947275999999999E-04    3.387698999999999E-04    6.758714000000000E-05    5.515202999999999E-05    0.000000000000000E+00    0.000000000000000E+00    0.000000000000000E+00    0.000000000000000E+00    0.000000000000000E+00    6.289998000000000E-05    0.000000000000000E+00    6.623653000000000E-05    1.438418986002667E+41    6.316146494548667E+09    7.052055664064000E+04
                      391    1.240988472811231E+31    2.389056563954871E+34    6.876591700954814E+15    4.845710175832103E+08    1.026246489979720E-14    2.970013009127851E-03    1.889661429507666E+03    1.041602734573282E+03    3.628505889892400E-04    9.499415841403034E-05    2.389676947834529E+34    6.877639486062012E+15    6.214442999999999E-01    0.000000000000000E+00    3.589615000000000E-01    1.919284000000000E-03    4.326583000000000E-03    7.325675999999999E-03    1.509056000000000E-03    2.192752000000000E-04    2.831449000000000E-03    4.947275999999999E-04    3.387698999999999E-04    6.758714000000000E-05    5.515202999999999E-05    0.000000000000000E+00    0.000000000000000E+00    0.000000000000000E+00    0.000000000000000E+00    0.000000000000000E+00    6.289998000000000E-05    0.000000000000000E+00    6.623653000000000E-05    1.438418986002667E+41    6.182332255046667E+09    6.908241424561999E+04
                      392    1.241228473882624E+31    2.390297331714187E+34    6.878687271169210E+15    4.851633199564606E+08    9.982784240386301E-15    2.956974957034549E-03    1.887324058570459E+03    1.040488641404856E+03    3.662980194091600E-04    8.734987193903106E-05    2.390917715593845E+34    6.879775707281464E+15    6.214442999999999E-01    0.000000000000000E+00    3.589615000000000E-01    1.919284000000000E-03    4.326583000000000E-03    7.325675999999999E-03    1.509056000000000E-03    2.192752000000000E-04    2.831449000000000E-03    4.947275999999999E-04    3.387698999999999E-04    6.758714000000000E-05    5.515202999999999E-05    0.000000000000000E+00    0.000000000000000E+00    0.000000000000000E+00    0.000000000000000E+00    0.000000000000000E+00    6.289998000000000E-05    0.000000000000000E+00    6.623653000000000E-05    1.438418986002667E+41    6.013122762045334E+09    6.724427185059999E+04
                      393    1.241461913201444E+31    2.391538099473503E+34    6.880864143393716E+15    4.857433199564607E+08    9.600097284768317E-15    2.956974957034549E-03    1.885315328822816E+03    1.040488641404856E+03    3.710691650390400E-04    7.961280004370587E-05    2.392159477558096E+34    6.882016972459955E+15    6.214442999999999E-01    0.000000000000000E+00    3.589615000000000E-01    1.919284000000000E-03    4.326583000000000E-03    7.325675999999999E-03    1.509056000000000E-03    2.192752000000000E-04    2.831449000000000E-03    4.947275999999999E-04    3.387698999999999E-04    6.758714000000000E-05    5.515202999999999E-05    0.000000000000000E+00    0.000000000000000E+00    0.000000000000000E+00    0.000000000000000E+00    0.000000000000000E+00    6.289998000000000E-05    0.000000000000000E+00    6.623653000000000E-05    1.438418986002667E+41    5.790099029542000E+09    6.491403452556668E+04
                      394    1.241689188449665E+31    2.392780855642689E+34    6.883169801526194E+15    4.863006223297110E+08    9.063624079943157E-15    2.956974957034549E-03    1.885315328822816E+03    1.040488641404856E+03    3.795849751790133E-04    7.169667654824974E-05    2.393401239522347E+34    6.884434943780944E+15    6.214442999999999E-01    0.000000000000000E+00    3.589615000000000E-01    1.919284000000000E-03    4.326583000000000E-03    7.325675999999999E-03    1.509056000000000E-03    2.192752000000000E-04    2.831449000000000E-03    4.947275999999999E-04    3.387698999999999E-04    6.758714000000000E-05    5.515202999999999E-05    0.000000000000000E+00    0.000000000000000E+00    0.000000000000000E+00    0.000000000000000E+00    0.000000000000000E+00    6.289998000000000E-05    0.000000000000000E+00    6.623653000000000E-05    1.438418986002667E+41    5.457865804037333E+09    6.139170227052001E+04
                      395    1.241910498468274E+31    2.394021623402004E+34    6.885700086035694E+15    4.868179247029613E+08    8.248239973675075E-15    2.956974957034549E-03    1.880979223892162E+03    1.040488641404856E+03    3.943994023640733E-04    6.347909871504239E-05    2.394643001486597E+34    6.887174932960632E+15    6.214442999999999E-01    0.000000000000000E+00    3.589615000000000E-01    1.919284000000000E-03    4.326583000000000E-03    7.325675999999999E-03    1.509056000000000E-03    2.192752000000000E-04    2.831449000000000E-03    4.947275999999999E-04    3.387698999999999E-04    6.758714000000000E-05    5.515202999999999E-05    0.000000000000000E+00    0.000000000000000E+00    0.000000000000000E+00    0.000000000000000E+00    0.000000000000000E+00    6.289998000000000E-05    0.000000000000000E+00    6.623653000000000E-05    1.438418986002667E+41    4.976423085531334E+09    5.618518015544667E+04
                      396    1.242126042098257E+31    2.395264379571190E+34    6.888649779885570E+15    4.872456223297110E+08    7.070785186245430E-15    2.956974957034549E-03    1.876653091726106E+03    1.040488641404856E+03    4.201980194091600E-04    5.472522375569766E-05    2.395885757655783E+34    6.890540057414175E+15    6.214442999999999E-01    0.000000000000000E+00    3.589615000000000E-01    1.919284000000000E-03    4.326583000000000E-03    7.325675999999999E-03    1.509056000000000E-03    2.192752000000000E-04    2.831449000000000E-03    4.947275999999999E-04    3.387698999999999E-04    6.758714000000000E-05    5.515202999999999E-05    0.000000000000000E+00    0.000000000000000E+00    0.000000000000000E+00    0.000000000000000E+00    0.000000000000000E+00    6.289998000000000E-05    0.000000000000000E+00    6.623653000000000E-05    1.438418986002667E+41    4.256561381022667E+09    4.854051564535333E+04
                      397    1.242336217021590E+31    2.396507135740377E+34    6.892430334942780E+15    4.874887152099600E+08    5.509572168245321E-15    2.956974957034549E-03    1.870020967596279E+03    1.040488641404856E+03    4.651650161743000E-04    4.504234054270347E-05    2.397128513824970E+34    6.895174240390889E+15    6.214442999999999E-01    0.000000000000000E+00    3.589615000000000E-01    1.919284000000000E-03    4.326583000000000E-03    7.325675999999999E-03    1.509056000000000E-03    2.192752000000000E-04    2.831449000000000E-03    4.947275999999999E-04    3.387698999999999E-04    6.758714000000000E-05    5.515202999999999E-05    0.000000000000000E+00    0.000000000000000E+00    0.000000000000000E+00    0.000000000000000E+00    0.000000000000000E+00    6.289998000000000E-05    0.000000000000000E+00    6.623653000000000E-05    1.438418986002667E+41    3.316699676514000E+09    3.835770874024000E+04
                      398    1.242540824397285E+31    2.397749891909563E+34    6.897918145838996E+15    4.873202962239573E+08    3.791860784440059E-15    2.956974957034549E-03    1.859447832764003E+03    1.040488641404856E+03    5.421622502644733E-04    3.376272730578560E-05    2.398371269994157E+34    6.902650035780442E+15    6.214442999999999E-01    0.000000000000000E+00    3.589615000000000E-01    1.919284000000000E-03    4.326583000000000E-03    7.325675999999999E-03    1.509056000000000E-03    2.192752000000000E-04    2.831449000000000E-03    4.947275999999999E-04    3.387698999999999E-04    6.758714000000000E-05    5.515202999999999E-05    0.000000000000000E+00    0.000000000000000E+00    0.000000000000000E+00    0.000000000000000E+00    0.000000000000000E+00    6.289998000000000E-05    0.000000000000000E+00    6.623653000000000E-05    1.438418986002667E+41    2.286047465006666E+09    2.696699676514000E+04
                      399    1.242740460748303E+31    2.398992648078749E+34    6.907381925721888E+15    4.860269463857002E+08    2.193309159592232E-15    2.942783766190973E-03    1.846647483919457E+03    1.039207114761510E+03    6.783897216796799E-04    1.968122835733530E-05    2.399614026163342E+34    6.918073389468704E+15    6.214442999999999E-01    0.000000000000000E+00    3.589615000000000E-01    1.919284000000000E-03    4.326583000000000E-03    7.325675999999999E-03    1.509056000000000E-03    2.192752000000000E-04    2.831449000000000E-03    4.947275999999999E-04    3.387698999999999E-04    6.758714000000000E-05    5.515202999999999E-05    0.000000000000000E+00    0.000000000000000E+00    0.000000000000000E+00    0.000000000000000E+00    0.000000000000000E+00    6.289998000000000E-05    0.000000000000000E+00    6.623653000000000E-05    1.438418986002667E+41    1.323814239502000E+09    1.630652211507333E+04
                      400    1.242934927233657E+31    2.400235404247936E+34    6.928764853215520E+15    4.849624107869453E+08    9.667396384671562E-16    2.929865247677754E-03    1.833935252056551E+03    1.038095583936267E+03    9.520330032348600E-04    0.000000000000000E+00    2.400235404247936E+34    6.928764853215520E+15    6.214442999999999E-01    0.000000000000000E+00    3.589615000000000E-01    1.919284000000000E-03    4.326583000000000E-03    7.325675999999999E-03    1.509056000000000E-03    2.192752000000000E-04    2.831449000000000E-03    4.947275999999999E-04    3.387698999999999E-04    6.758714000000000E-05    5.515202999999999E-05    0.000000000000000E+00    0.000000000000000E+00    0.000000000000000E+00    0.000000000000000E+00    0.000000000000000E+00    6.289998000000000E-05    0.000000000000000E+00    6.623653000000000E-05    1.438418986002667E+41    5.822233225504665E+08    7.891818339030666E+03
