  days post max Lbol                    140.0
               zones                      800
 inner boundary mass    3.023102807834229E+33    1.520362000000000E+00
          total mass    2.304614761975937E+34    1.159024000000000E+01

                                  mass of cell (g)        cell center m (g)       cell center R (cm)     cell center v (cm/s)              avg density       radiation pressure          avg temperature    radiation temperature              avg opacity                      tau         outer edge m (g)        outer edge r (cm)                       h1                      he3                      he4                      c12                      n14                      o16                     ne20                     na23                     mg24                     si28                      s32                     ar36                     ca40                     ti44                     cr48                     cr60                     fe52                     fe54                     fe56                     co56                     ni56               luminosity                    n_bar                      n_e

                        1    2.567772854723341E+29    3.023102807834229E+33    1.647013543354359E+14    1.200992834028483E+07    1.366674955056000E-14    1.824659174857532E-01    3.395364308844939E+03    2.916475247629452E+03    7.345663893285567E-03    1.714018109830113E+00    3.023209187762312E+33    1.715405801326249E+14    1.059326000000000E-01    0.000000000000000E+00    5.197752000000000E-01    4.308326000000000E-02    1.904105000000000E-03    1.188090000000000E-01    1.032776000000000E-02    9.650178000000000E-05    2.542132000000000E-03    6.332743000000000E-02    6.143272000000000E-02    1.652093000000000E-02    2.237138000000000E-02    0.000000000000000E+00    0.000000000000000E+00    0.000000000000000E+00    0.000000000000000E+00    0.000000000000000E+00    1.804972000000000E-02    0.000000000000000E+00    1.559037000000000E-02    8.280000000000000E+36    8.243550625635001E+09    2.817133611393334E+07
                        2    2.124142705291641E+29    3.023315567690394E+33    1.783798059298138E+14    1.285992834028483E+07    4.184708738122320E-14    1.841542538331271E-01    3.395364308844939E+03    2.923198417423542E+03    7.039079519633533E-03    1.709988941419392E+00    3.023421947618476E+33    1.827011637699823E+14    1.059326000000000E-01    0.000000000000000E+00    5.197752000000000E-01    4.308326000000000E-02    1.904105000000000E-03    1.188090000000000E-01    1.032776000000000E-02    9.650178000000000E-05    2.542132000000000E-03    6.332743000000000E-02    6.143272000000000E-02    1.652093000000000E-02    2.237138000000000E-02    0.000000000000000E+00    0.000000000000000E+00    0.000000000000000E+00    0.000000000000000E+00    0.000000000000000E+00    1.804972000000000E-02    0.000000000000000E+00    1.559037000000000E-02    1.538996763987667E+37    2.517993527975334E+10    8.078534445573336E+07
                        3    2.122555954214824E+29    3.023528327546558E+33    1.870225216101507E+14    1.343000000000000E+07    5.843212483818248E-14    1.858359117949007E-01    3.387555187635412E+03    2.929842675102854E+03    6.913308830722067E-03    1.706497662108415E+00    3.023634707474641E+33    1.901862170409719E+14    1.059326000000000E-01    0.000000000000000E+00    5.197752000000000E-01    4.308326000000000E-02    1.904105000000000E-03    1.188090000000000E-01    1.032776000000000E-02    9.650178000000000E-05    2.542132000000000E-03    6.332743000000000E-02    6.143272000000000E-02    1.652093000000000E-02    2.237138000000000E-02    0.000000000000000E+00    0.000000000000000E+00    0.000000000000000E+00    0.000000000000000E+00    0.000000000000000E+00    1.804972000000000E-02    0.000000000000000E+00    1.559037000000000E-02    2.178853444557333E+37    3.517133611393334E+10    1.088280166836000E+08
                        4    2.119750307887269E+29    3.023741087402724E+33    1.933499124717932E+14    1.385992834028483E+07    7.356168682391699E-14    1.858582121643817E-01    3.387555187635412E+03    2.929937085724642E+03    6.827394822380267E-03    1.703319850723948E+00    3.023846473125870E+33    1.958108510356480E+14    1.059326000000000E-01    0.000000000000000E+00    5.197752000000000E-01    4.308326000000000E-02    1.904105000000000E-03    1.188090000000000E-01    1.032776000000000E-02    9.650178000000000E-05    2.542132000000000E-03    6.332743000000000E-02    6.143272000000000E-02    1.652093000000000E-02    2.237138000000000E-02    0.000000000000000E+00    0.000000000000000E+00    0.000000000000000E+00    0.000000000000000E+00    0.000000000000000E+00    1.804972000000000E-02    0.000000000000000E+00    1.559037000000000E-02    2.828566805696667E+37    4.426417014241667E+10    1.337706889114667E+08
                        5    2.116733890113420E+29    3.023951858849017E+33    1.982717895995028E+14    1.420992834028483E+07    8.905364076985906E-14    1.858582121643817E-01    3.387555187635412E+03    2.929937085724642E+03    6.749480814038466E-03    1.700361502600871E+00    3.024058238777100E+33    2.003768324255835E+14    1.059326000000000E-01    0.000000000000000E+00    5.197752000000000E-01    4.308326000000000E-02    1.904105000000000E-03    1.188090000000000E-01    1.032776000000000E-02    9.650178000000000E-05    2.542132000000000E-03    6.332743000000000E-02    6.143272000000000E-02    1.652093000000000E-02    2.237138000000000E-02    0.000000000000000E+00    0.000000000000000E+00    0.000000000000000E+00    0.000000000000000E+00    0.000000000000000E+00    1.804972000000000E-02    0.000000000000000E+00    1.559037000000000E-02    3.478280166836000E+37    5.365700417090001E+10    1.577276930823667E+08
                        6    2.124924150370825E+29    3.024164618705182E+33    2.024818752516642E+14    1.451492834028483E+07    9.991671650077214E-14    1.858582121643817E-01    3.387555187635412E+03    2.929937085724642E+03    6.701538141810600E-03    1.697542472085251E+00    3.024271992838200E+33    2.043289464987475E+14    1.059326000000000E-01    0.000000000000000E+00    5.197752000000000E-01    4.308325000000000E-02    1.904105000000000E-03    1.188090000000000E-01    1.032776000000000E-02    9.650178000000000E-05    2.542132000000000E-03    6.332743000000000E-02    6.143272000000000E-02    1.652093000000000E-02    2.237138000000000E-02    0.000000000000000E+00    0.000000000000000E+00    0.000000000000000E+00    0.000000000000000E+00    0.000000000000000E+00    1.804972000000000E-02    0.000000000000000E+00    1.559037000000000E-02    4.118136847405667E+37    6.015127139368668E+10    1.736846972532667E+08
                        7    2.151087647449470E+29    3.024379366971218E+33    2.061760177458308E+14    1.477992834028483E+07    1.108285571695295E-13    1.858582121643817E-01    3.395254402982663E+03    2.929937085724642E+03    6.493914008341800E-03    1.694883799035270E+00    3.024485746899300E+33    2.077580527344309E+14    1.059329000000000E-01    0.000000000000000E+00    5.197754000000000E-01    4.308324000000000E-02    1.904107000000000E-03    1.188089000000000E-01    1.032775000000000E-02    9.650189000000000E-05    2.542132000000000E-03    6.332734000000000E-02    6.143264000000000E-02    1.652091000000000E-02    2.237135000000000E-02    0.000000000000000E+00    0.000000000000000E+00    0.000000000000000E+00    0.000000000000000E+00    0.000000000000000E+00    1.804970000000000E-02    0.000000000000000E+00    1.559036000000000E-02    4.777850208545001E+37    6.674553861647334E+10    1.906417014241667E+08
                        8    2.132897673952324E+29    3.024592126827382E+33    2.093400877230310E+14    1.500500000000000E+07    1.240656854655764E-13    1.858582121643817E-01    3.395364308844939E+03    2.929937085724642E+03    6.270957004170900E-03    1.692422158821536E+00    3.024694529935723E+33    2.107055960945034E+14    1.059334000000000E-01    0.000000000000000E+00    5.197758000000000E-01    4.308320000000000E-02    1.904112000000000E-03    1.188085000000000E-01    1.032775000000000E-02    9.650215000000000E-05    2.542134000000000E-03    6.332714000000000E-02    6.143244000000000E-02    1.652086000000000E-02    2.237127000000000E-02    0.000000000000000E+00    0.000000000000000E+00    0.000000000000000E+00    0.000000000000000E+00    0.000000000000000E+00    1.804964000000000E-02    0.000000000000000E+00    1.559033000000000E-02    5.427563569684333E+37    7.473980583926001E+10    2.115987055950667E+08
                        9    2.041255839831592E+29    3.024796933044064E+33    2.120711044659759E+14    1.520000000000000E+07    1.338602646742804E-13    1.858582121643817E-01    3.403191431938029E+03    2.929937085724642E+03    6.127971336113933E-03    1.690181963565334E+00    3.024897347742534E+33    2.132787306756381E+14    1.068607000000000E-01    0.000000000000000E+00    5.204369000000000E-01    4.301832000000000E-02    1.912560000000000E-03    1.182826000000000E-01    1.031928000000000E-02    9.693029000000000E-05    2.544339000000000E-03    6.299454000000000E-02    6.110950000000000E-02    1.643394000000000E-02    2.225346000000000E-02    0.000000000000000E+00    0.000000000000000E+00    0.000000000000000E+00    0.000000000000000E+00    0.000000000000000E+00    1.795232000000000E-02    0.000000000000000E+00    1.554742000000000E-02    6.047420250254000E+37    8.063550625635001E+10    2.255700417090001E+08
                       10    1.998548772628740E+29    3.024997762441004E+33    2.144863568853002E+14    1.538000000000000E+07    1.444280938071323E-13    1.858582121643817E-01    3.403191431938029E+03    2.929937085724642E+03    5.985985668056967E-03    1.688093903484299E+00    3.025103148164151E+33    2.156439286862228E+14    1.089687000000000E-01    0.000000000000000E+00    5.219395999999999E-01    4.287085000000000E-02    1.931764000000000E-03    1.170870000000000E-01    1.030004000000000E-02    9.790355000000000E-05    2.549352000000000E-03    6.223846000000000E-02    6.037539000000000E-02    1.623635000000000E-02    2.198565000000000E-02    0.000000000000000E+00    0.000000000000000E+00    0.000000000000000E+00    0.000000000000000E+00    0.000000000000000E+00    1.773110000000000E-02    0.000000000000000E+00    1.544987000000000E-02    6.647276930823667E+37    8.702977347913669E+10    2.395413778229334E+08
                       11    2.117905063527261E+29    3.025208533887299E+33    2.168015004871454E+14    1.555500000000000E+07    1.558302184111074E-13    1.875779370279548E-01    3.411036598413313E+03    2.936691288260504E+03    5.848028663886067E-03    1.685984149127284E+00    3.025319884840057E+33    2.179360472521189E+14    1.095405000000000E-01    0.000000000000000E+00    5.223471000000000E-01    4.283085000000000E-02    1.936972000000000E-03    1.167627000000000E-01    1.029482000000000E-02    9.816751000000001E-05    2.550711000000000E-03    6.203339000000000E-02    6.017628000000000E-02    1.618276000000000E-02    2.191302000000000E-02    0.000000000000000E+00    0.000000000000000E+00    0.000000000000000E+00    0.000000000000000E+00    0.000000000000000E+00    1.767110000000000E-02    0.000000000000000E+00    1.542342000000000E-02    7.286990291963001E+37    9.392404070192334E+10    2.565127139368667E+08
                       12    2.224133872459434E+29    3.025431235792817E+33    2.190705940170925E+14    1.572500000000000E+07    1.639274485580308E-13    1.875779370279548E-01    3.411036598413313E+03    2.936691288260504E+03    5.758042995829100E-03    1.683842384462711E+00    3.025549546180123E+33    2.201709176119422E+14    1.095410000000000E-01    0.000000000000000E+00    5.223476000000000E-01    4.283081000000000E-02    1.936977000000000E-03    1.167624000000000E-01    1.029482000000000E-02    9.816777000000000E-05    2.550713000000000E-03    6.203319000000000E-02    6.017608000000000E-02    1.618270000000000E-02    2.191294000000000E-02    0.000000000000000E+00    0.000000000000000E+00    0.000000000000000E+00    0.000000000000000E+00    0.000000000000000E+00    1.767104000000000E-02    0.000000000000000E+00    1.542339000000000E-02    7.956846972532667E+37    9.881974111901334E+10    2.694840500508001E+08
                       13    2.362203088651094E+29    3.025667856567430E+33    2.212712412067920E+14    1.589992834028483E+07    1.764621959318144E-13    1.875779370279548E-01    3.418899849865084E+03    2.936691288260504E+03    5.629057327772133E-03    1.681656483107928E+00    3.025794120594219E+33    2.223674193005074E+14    1.095412000000000E-01    0.000000000000000E+00    5.223477000000000E-01    4.283080000000000E-02    1.936979000000000E-03    1.167623000000000E-01    1.029482000000000E-02    9.816786000000000E-05    2.550713000000000E-03    6.203312000000000E-02    6.017602000000000E-02    1.618268000000000E-02    2.191292000000000E-02    0.000000000000000E+00    0.000000000000000E+00    0.000000000000000E+00    0.000000000000000E+00    0.000000000000000E+00    1.767102000000000E-02    0.000000000000000E+00    1.542338000000000E-02    8.676417014241666E+37    1.059140083418000E+11    2.884410542217001E+08
                       14    2.526895124601531E+29    3.025920384621009E+33    2.234635973942229E+14    1.606992834028483E+07    1.856257210532688E-13    1.875779370279548E-01    3.419010772673782E+03    2.936691288260504E+03    5.545085991658199E-03    1.679399907978165E+00    3.026054602287281E+33    2.245382620580841E+14    1.095412000000000E-01    0.000000000000000E+00    5.223477000000000E-01    4.283080000000000E-02    1.936979000000000E-03    1.167623000000000E-01    1.029482000000000E-02    9.816786000000000E-05    2.550713000000000E-03    6.203312000000000E-02    6.017602000000000E-02    1.618268000000000E-02    2.191292000000000E-02    0.000000000000000E+00    0.000000000000000E+00    0.000000000000000E+00    0.000000000000000E+00    0.000000000000000E+00    1.767102000000000E-02    0.000000000000000E+00    1.542338000000000E-02    9.436273694811334E+37    1.118996763987667E+11    3.014267222786667E+08
                       15    2.679026375398768E+29    3.026188819953553E+33    2.256129267219452E+14    1.623500000000000E+07    1.961786218831787E-13    1.875779370279548E-01    3.426781227983521E+03    2.936691288260504E+03    5.450085991658199E-03    1.677101904800554E+00    3.026332979669178E+33    2.267028835507517E+14    1.095412000000000E-01    0.000000000000000E+00    5.223477000000000E-01    4.283080000000000E-02    1.936979000000000E-03    1.167623000000000E-01    1.029482000000000E-02    9.816786000000000E-05    2.550713000000000E-03    6.203312000000000E-02    6.017602000000000E-02    1.618268000000000E-02    2.191292000000000E-02    0.000000000000000E+00    0.000000000000000E+00    0.000000000000000E+00    0.000000000000000E+00    0.000000000000000E+00    1.767102000000000E-02    0.000000000000000E+00    1.542338000000000E-02    1.029527045879900E+38    1.179140083418000E+11    3.183837264495667E+08
                       16    2.882339296267773E+29    3.026477139384804E+33    2.277928403795582E+14    1.640500000000000E+07    2.044740286021449E-13    1.892908593454700E-01    3.426781227983521E+03    2.943366214439820E+03    5.383085991658200E-03    1.674702513339934E+00    3.026631241149783E+33    2.288706141397474E+14    1.095412000000000E-01    0.000000000000000E+00    5.223477000000000E-01    4.283080000000000E-02    1.936979000000000E-03    1.167623000000000E-01    1.029482000000000E-02    9.816786000000000E-05    2.550713000000000E-03    6.203312000000000E-02    6.017602000000000E-02    1.618268000000000E-02    2.191292000000000E-02    0.000000000000000E+00    0.000000000000000E+00    0.000000000000000E+00    0.000000000000000E+00    0.000000000000000E+00    1.767102000000000E-02    0.000000000000000E+00    1.542338000000000E-02    1.109570041709000E+38    1.228996763987667E+11    3.303550625635001E+08
                       17    3.095417298011776E+29    3.026785342914762E+33    2.299483878999366E+14    1.656000000000000E+07    2.175896099451717E-13    1.892908593454700E-01    3.434680774554899E+03    2.943366214439820E+03    5.211114655544267E-03    1.672258415645559E+00    3.026931491040259E+33    2.308993653164938E+14    1.095412000000000E-01    0.000000000000000E+00    5.223477000000000E-01    4.283080000000000E-02    1.936979000000000E-03    1.167623000000000E-01    1.029482000000000E-02    9.816786000000000E-05    2.550713000000000E-03    6.203312000000000E-02    6.017602000000000E-02    1.618268000000000E-02    2.191292000000000E-02    0.000000000000000E+00    0.000000000000000E+00    0.000000000000000E+00    0.000000000000000E+00    0.000000000000000E+00    1.767102000000000E-02    0.000000000000000E+00    1.542338000000000E-02    1.209426722278667E+38    1.308996763987667E+11    3.503263986774334E+08
                       18    2.911107610277032E+29    3.027077639165755E+33    2.318503427330510E+14    1.669500000000000E+07    2.278442923328489E-13    1.892908593454700E-01    3.434792209360020E+03    2.943366214439820E+03    5.139114655544267E-03    1.670031422289666E+00    3.027211856832027E+33    2.326919753423328E+14    1.095412000000000E-01    0.000000000000000E+00    5.223477000000000E-01    4.283080000000000E-02    1.936979000000000E-03    1.167623000000000E-01    1.029482000000000E-02    9.816786000000000E-05    2.550713000000000E-03    6.203312000000000E-02    6.017602000000000E-02    1.618268000000000E-02    2.191292000000000E-02    0.000000000000000E+00    0.000000000000000E+00    0.000000000000000E+00    0.000000000000000E+00    0.000000000000000E+00    1.767102000000000E-02    0.000000000000000E+00    1.542338000000000E-02    1.289570041709000E+38    1.368853444557334E+11    3.662834028483334E+08
                       19    2.686136929096384E+29    3.027346074498299E+33    2.335336079516148E+14    1.681500000000000E+07    2.320874620326943E-13    1.892908593454700E-01    3.442598531461833E+03    2.943366214439820E+03    5.108100323601233E-03    1.668035900963657E+00    3.027466373295477E+33    2.342466701013127E+14    1.095412000000000E-01    0.000000000000000E+00    5.223477000000000E-01    4.283080000000000E-02    1.936979000000000E-03    1.167623000000000E-01    1.029482000000000E-02    9.816786000000000E-05    2.550713000000000E-03    6.203312000000000E-02    6.017602000000000E-02    1.618268000000000E-02    2.191292000000000E-02    0.000000000000000E+00    0.000000000000000E+00    0.000000000000000E+00    0.000000000000000E+00    0.000000000000000E+00    1.767102000000000E-02    0.000000000000000E+00    1.542338000000000E-02    1.369570041709000E+38    1.398853444557334E+11    3.732834028483334E+08
                       20    2.414878054535756E+29    3.027586672092654E+33    2.349597322510107E+14    1.691500000000000E+07    2.419012729028736E-13    1.892908593454700E-01    3.442598531461833E+03    2.943366214439820E+03    5.045114655544266E-03    1.666295461741319E+00    3.027684104176318E+33    2.355223404454124E+14    1.095412000000000E-01    0.000000000000000E+00    5.223477000000000E-01    4.283080000000000E-02    1.936979000000000E-03    1.167623000000000E-01    1.029482000000000E-02    9.816786000000000E-05    2.550713000000000E-03    6.203312000000000E-02    6.017602000000000E-02    1.618268000000000E-02    2.191292000000000E-02    0.000000000000000E+00    0.000000000000000E+00    0.000000000000000E+00    0.000000000000000E+00    0.000000000000000E+00    1.767102000000000E-02    0.000000000000000E+00    1.542338000000000E-02    1.449426722278667E+38    1.458710125127000E+11    3.872547389622668E+08
                       21    1.943655934374301E+29    3.027781536259982E+33    2.360849486398140E+14    1.699500000000000E+07    2.452664548204188E-13    1.892908593454700E-01    3.442598531461833E+03    2.943366214439820E+03    5.024143319430334E-03    1.664908935315105E+00    3.027861072654810E+33    2.365431550524449E+14    1.095412000000000E-01    0.000000000000000E+00    5.223477000000000E-01    4.283080000000000E-02    1.936979000000000E-03    1.167623000000000E-01    1.029482000000000E-02    9.816786000000000E-05    2.550713000000000E-03    6.203312000000000E-02    6.017602000000000E-02    1.618268000000000E-02    2.191292000000000E-02    0.000000000000000E+00    0.000000000000000E+00    0.000000000000000E+00    0.000000000000000E+00    0.000000000000000E+00    1.767102000000000E-02    0.000000000000000E+00    1.542338000000000E-02    1.499426722278667E+38    1.478710125127000E+11    3.922404070192334E+08
                       22    1.596047290644532E+29    3.027940609049637E+33    2.370013614650758E+14    1.706992834028483E+07    2.475358773853046E-13    1.892908593454700E-01    3.442710223150710E+03    2.943366214439820E+03    5.010128987487300E-03    1.663772433018255E+00    3.028023128059272E+33    2.374588586824852E+14    1.095412000000000E-01    0.000000000000000E+00    5.223477000000000E-01    4.283080000000000E-02    1.936979000000000E-03    1.167623000000000E-01    1.029482000000000E-02    9.816786000000000E-05    2.550713000000000E-03    6.203312000000000E-02    6.017602000000000E-02    1.618268000000000E-02    2.191292000000000E-02    0.000000000000000E+00    0.000000000000000E+00    0.000000000000000E+00    0.000000000000000E+00    0.000000000000000E+00    1.767102000000000E-02    0.000000000000000E+00    1.542338000000000E-02    1.549426722278667E+38    1.488853444557334E+11    3.962260750762001E+08
                       23    1.653084628944518E+29    3.028105647068905E+33    2.379163558998945E+14    1.714485668056967E+07    2.544709163231293E-13    1.892908593454700E-01    3.450534540683479E+03    2.943366214439820E+03    4.966157651373367E-03    1.662616137476547E+00    3.028191148693346E+33    2.383726162372892E+14    1.095412000000000E-01    0.000000000000000E+00    5.223477000000000E-01    4.283080000000000E-02    1.936979000000000E-03    1.167623000000000E-01    1.029482000000000E-02    9.816786000000000E-05    2.550713000000000E-03    6.203312000000000E-02    6.017602000000000E-02    1.618268000000000E-02    2.191292000000000E-02    0.000000000000000E+00    0.000000000000000E+00    0.000000000000000E+00    0.000000000000000E+00    0.000000000000000E+00    1.767102000000000E-02    0.000000000000000E+00    1.542338000000000E-02    1.599426722278667E+38    1.528710125127000E+11    4.062117431331668E+08
                       24    1.708435397992179E+29    3.028276650317786E+33    2.388288765746838E+14    1.721492834028484E+07    2.609985855017784E-13    1.892908593454700E-01    3.450534540683479E+03    2.943366214439820E+03    4.928143319430334E-03    1.661442439676080E+00    3.028362151942225E+33    2.392733376578956E+14    1.095412000000000E-01    0.000000000000000E+00    5.223477000000000E-01    4.283080000000000E-02    1.936979000000000E-03    1.167623000000000E-01    1.029482000000000E-02    9.816786000000000E-05    2.550713000000000E-03    6.203312000000000E-02    6.017602000000000E-02    1.618268000000000E-02    2.191292000000000E-02    0.000000000000000E+00    0.000000000000000E+00    0.000000000000000E+00    0.000000000000000E+00    0.000000000000000E+00    1.767102000000000E-02    0.000000000000000E+00    1.542338000000000E-02    1.649426722278667E+38    1.568710125127000E+11    4.161974111901335E+08
                       25    1.706715821135999E+29    3.028447653566666E+33    2.397177987411074E+14    1.728500000000000E+07    2.652477321335105E-13    1.892908593454700E-01    3.450534540683479E+03    2.943366214439820E+03    4.901157651373366E-03    1.660286842965353E+00    3.028533155191106E+33    2.401520890885427E+14    1.095412000000000E-01    0.000000000000000E+00    5.223477000000000E-01    4.283080000000000E-02    1.936979000000000E-03    1.167623000000000E-01    1.029482000000000E-02    9.816786000000000E-05    2.550713000000000E-03    6.203312000000000E-02    6.017602000000000E-02    1.618268000000000E-02    2.191292000000000E-02    0.000000000000000E+00    0.000000000000000E+00    0.000000000000000E+00    0.000000000000000E+00    0.000000000000000E+00    1.767102000000000E-02    0.000000000000000E+00    1.542338000000000E-02    1.699426722278667E+38    1.598710125127000E+11    4.231687473040668E+08
                       26    1.700598080486822E+29    3.028618656815546E+33    2.405863794359780E+14    1.735492834028483E+07    2.689293199559268E-13    1.892908593454700E-01    3.450534540683479E+03    2.943366214439820E+03    4.883171983316401E-03    1.659146220252580E+00    3.028703164235050E+33    2.410068969192012E+14    1.095412000000000E-01    0.000000000000000E+00    5.223477000000000E-01    4.283080000000000E-02    1.936979000000000E-03    1.167623000000000E-01    1.029482000000000E-02    9.816786000000000E-05    2.550713000000000E-03    6.203312000000000E-02    6.017602000000000E-02    1.618268000000000E-02    2.191292000000000E-02    0.000000000000000E+00    0.000000000000000E+00    0.000000000000000E+00    0.000000000000000E+00    0.000000000000000E+00    1.767102000000000E-02    0.000000000000000E+00    1.542338000000000E-02    1.759283402848333E+38    1.618710125127000E+11    4.281544153610334E+08
                       27    1.696772379895599E+29    3.028787671654555E+33    2.414274144024245E+14    1.741992834028484E+07    2.745691121474640E-13    1.893135743097738E-01    3.450646489848290E+03    2.943461060841238E+03    4.849171983316400E-03    1.658026459069826E+00    3.028872179074060E+33    2.418379604135808E+14    1.095412000000000E-01    0.000000000000000E+00    5.223477000000000E-01    4.283080000000000E-02    1.936979000000000E-03    1.167623000000000E-01    1.029482000000000E-02    9.816786000000000E-05    2.550713000000000E-03    6.203312000000000E-02    6.017602000000000E-02    1.618268000000000E-02    2.191292000000000E-02    0.000000000000000E+00    0.000000000000000E+00    0.000000000000000E+00    0.000000000000000E+00    0.000000000000000E+00    1.767102000000000E-02    0.000000000000000E+00    1.542338000000000E-02    1.809283402848333E+38    1.658566805696667E+11    4.371400834180001E+08
                       28    1.691827999911121E+29    3.028956686493564E+33    2.422485064247372E+14    1.748000000000000E+07    2.790218113008882E-13    1.893135743097738E-01    3.450646489848290E+03    2.943461060841238E+03    4.828143319430334E-03    1.656920338833887E+00    3.029041193913069E+33    2.426490602590043E+14    1.095412000000000E-01    0.000000000000000E+00    5.223477000000000E-01    4.283080000000000E-02    1.936979000000000E-03    1.167623000000000E-01    1.029482000000000E-02    9.816786000000000E-05    2.550713000000000E-03    6.203312000000000E-02    6.017602000000000E-02    1.618268000000000E-02    2.191292000000000E-02    0.000000000000000E+00    0.000000000000000E+00    0.000000000000000E+00    0.000000000000000E+00    0.000000000000000E+00    1.767102000000000E-02    0.000000000000000E+00    1.542338000000000E-02    1.859283402848334E+38    1.678566805696667E+11    4.431400834180002E+08
                       29    1.686606037908694E+29    3.029125701332574E+33    2.430496140932716E+14    1.754492834028484E+07    2.829033913468419E-13    1.893135743097738E-01    3.458488844295774E+03    2.943461060841238E+03    4.807157651373366E-03    1.655830883342149E+00    3.029210208752078E+33    2.434441193845187E+14    1.095412000000000E-01    0.000000000000000E+00    5.223477000000000E-01    4.283080000000000E-02    1.936979000000000E-03    1.167623000000000E-01    1.029482000000000E-02    9.816786000000000E-05    2.550713000000000E-03    6.203312000000000E-02    6.017602000000000E-02    1.618268000000000E-02    2.191292000000000E-02    0.000000000000000E+00    0.000000000000000E+00    0.000000000000000E+00    0.000000000000000E+00    0.000000000000000E+00    1.767102000000000E-02    0.000000000000000E+00    1.542338000000000E-02    1.909283402848333E+38    1.698710125127000E+11    4.491257514749668E+08
                       30    1.690384215504008E+29    3.029294716171583E+33    2.438386246757658E+14    1.760992834028483E+07    2.861703657886665E-13    1.893135743097738E-01    3.458488844295774E+03    2.943461060841238E+03    4.790200647202467E-03    1.654749319498291E+00    3.029379223591088E+33    2.442267150996579E+14    1.095412000000000E-01    0.000000000000000E+00    5.223477000000000E-01    4.283080000000000E-02    1.936979000000000E-03    1.167623000000000E-01    1.029482000000000E-02    9.816786000000000E-05    2.550713000000000E-03    6.203312000000000E-02    6.017602000000000E-02    1.618268000000000E-02    2.191292000000000E-02    0.000000000000000E+00    0.000000000000000E+00    0.000000000000000E+00    0.000000000000000E+00    0.000000000000000E+00    1.767102000000000E-02    0.000000000000000E+00    1.542338000000000E-02    1.959283402848334E+38    1.718566805696667E+11    4.540970875889001E+08
                       31    1.696190173485459E+29    3.029463731010592E+33    2.446148055235501E+14    1.767000000000000E+07    2.894930578576830E-13    1.893135743097738E-01    3.458488844295774E+03    2.943461060841238E+03    4.771171983316400E-03    1.653677262310449E+00    3.029549232635032E+33    2.449966713643058E+14    1.095412000000000E-01    0.000000000000000E+00    5.223477000000000E-01    4.283080000000000E-02    1.936979000000000E-03    1.167623000000000E-01    1.029482000000000E-02    9.816786000000000E-05    2.550713000000000E-03    6.203312000000000E-02    6.017602000000000E-02    1.618268000000000E-02    2.191292000000000E-02    0.000000000000000E+00    0.000000000000000E+00    0.000000000000000E+00    0.000000000000000E+00    0.000000000000000E+00    1.767102000000000E-02    0.000000000000000E+00    1.542338000000000E-02    2.009283402848333E+38    1.748566805696667E+11    4.591114195319334E+08
                       32    1.700263629946571E+29    3.029634734259472E+33    2.453785372050614E+14    1.772992834028484E+07    2.928543500261205E-13    1.893135743097738E-01    3.458488844295774E+03    2.943461060841238E+03    4.754171983316400E-03    1.652613953087695E+00    3.029719241678978E+33    2.457553322480350E+14    1.095412000000000E-01    0.000000000000000E+00    5.223477000000000E-01    4.283080000000000E-02    1.936979000000000E-03    1.167623000000000E-01    1.029482000000000E-02    9.816786000000000E-05    2.550713000000000E-03    6.203312000000000E-02    6.017602000000000E-02    1.618268000000000E-02    2.191292000000000E-02    0.000000000000000E+00    0.000000000000000E+00    0.000000000000000E+00    0.000000000000000E+00    0.000000000000000E+00    1.767102000000000E-02    0.000000000000000E+00    1.542338000000000E-02    2.059283402848334E+38    1.768566805696667E+11    4.650827556458668E+08
                       33    1.705165060277842E+29    3.029803749098482E+33    2.461321272910085E+14    1.778992834028484E+07    2.962362174196943E-13    1.893135743097738E-01    3.458488844295774E+03    2.943461060841238E+03    4.739171983316400E-03    1.651555996850994E+00    3.029889250722922E+33    2.465002798456685E+14    1.095412000000000E-01    0.000000000000000E+00    5.223477000000000E-01    4.283080000000000E-02    1.936979000000000E-03    1.167623000000000E-01    1.029482000000000E-02    9.816786000000000E-05    2.550713000000000E-03    6.203312000000000E-02    6.017602000000000E-02    1.618268000000000E-02    2.191292000000000E-02    0.000000000000000E+00    0.000000000000000E+00    0.000000000000000E+00    0.000000000000000E+00    0.000000000000000E+00    1.767102000000000E-02    0.000000000000000E+00    1.542338000000000E-02    2.109140083418000E+38    1.778566805696667E+11    4.690827556458668E+08
                       34    1.709226387438742E+29    3.029974752347361E+33    2.468684324003285E+14    1.784992834028484E+07    3.017436598934277E-13    1.893135743097738E-01    3.458601051530062E+03    2.943461060841238E+03    4.710200647202466E-03    1.650509526909928E+00    3.030060253971802E+33    2.472327807138028E+14    1.095412000000000E-01    0.000000000000000E+00    5.223477000000000E-01    4.283080000000000E-02    1.936979000000000E-03    1.167623000000000E-01    1.029482000000000E-02    9.816786000000000E-05    2.550713000000000E-03    6.203312000000000E-02    6.017602000000000E-02    1.618268000000000E-02    2.191292000000000E-02    0.000000000000000E+00    0.000000000000000E+00    0.000000000000000E+00    0.000000000000000E+00    0.000000000000000E+00    1.767102000000000E-02    0.000000000000000E+00    1.542338000000000E-02    2.159140083418000E+38    1.818423486266334E+11    4.780540917598001E+08
                       35    1.708802856136284E+29    3.030145755596242E+33    2.475971290272771E+14    1.790492834028483E+07    3.031364453453310E-13    1.893135743097738E-01    3.458601051530062E+03    2.943461060841238E+03    4.704200647202466E-03    1.649470415106424E+00    3.030231257220682E+33    2.479564301473431E+14    1.095412000000000E-01    0.000000000000000E+00    5.223477000000000E-01    4.283080000000000E-02    1.936979000000000E-03    1.167623000000000E-01    1.029482000000000E-02    9.816786000000000E-05    2.550713000000000E-03    6.203312000000000E-02    6.017602000000000E-02    1.618268000000000E-02    2.191292000000000E-02    0.000000000000000E+00    0.000000000000000E+00    0.000000000000000E+00    0.000000000000000E+00    0.000000000000000E+00    1.767102000000000E-02    0.000000000000000E+00    1.542338000000000E-02    2.209140083418000E+38    1.828423486266334E+11    4.800540917598001E+08
                       36    1.708397220522661E+29    3.030316758845121E+33    2.483157312674090E+14    1.796000000000000E+07    3.059413323398020E-13    1.893135743097738E-01    3.458601051530062E+03    2.943461060841238E+03    4.693171983316400E-03    1.648438639864724E+00    3.030402260469562E+33    2.486669900436733E+14    1.095412000000000E-01    0.000000000000000E+00    5.223477000000000E-01    4.283080000000000E-02    1.936979000000000E-03    1.167623000000000E-01    1.029482000000000E-02    9.816786000000000E-05    2.550713000000000E-03    6.203312000000000E-02    6.017602000000000E-02    1.618268000000000E-02    2.191292000000000E-02    0.000000000000000E+00    0.000000000000000E+00    0.000000000000000E+00    0.000000000000000E+00    0.000000000000000E+00    1.767102000000000E-02    0.000000000000000E+00    1.542338000000000E-02    2.268996763987667E+38    1.838566805696667E+11    4.840540917598001E+08
                       37    1.708514337864045E+29    3.030487762094002E+33    2.490182488199377E+14    1.801992834028484E+07    3.109124790854433E-13    1.893135743097738E-01    3.466461484471634E+03    2.943461060841238E+03    4.668200647202467E-03    1.647419024397992E+00    3.030573263718442E+33    2.493637456130884E+14    1.095412000000000E-01    0.000000000000000E+00    5.223477000000000E-01    4.283080000000000E-02    1.936979000000000E-03    1.167623000000000E-01    1.029482000000000E-02    9.816786000000000E-05    2.550713000000000E-03    6.203312000000000E-02    6.017602000000000E-02    1.618268000000000E-02    2.191292000000000E-02    0.000000000000000E+00    0.000000000000000E+00    0.000000000000000E+00    0.000000000000000E+00    0.000000000000000E+00    1.767102000000000E-02    0.000000000000000E+00    1.542338000000000E-02    2.318996763987666E+38    1.868423486266334E+11    4.910397598167668E+08
                       38    1.707013684934629E+29    3.030658765342882E+33    2.497092424062392E+14    1.807492834028483E+07    3.137893168342401E-13    1.893135743097738E-01    3.466461484471634E+03    2.943461060841238E+03    4.653200647202467E-03    1.646410107332312E+00    3.030744266967322E+33    2.500539957687948E+14    1.095412000000000E-01    0.000000000000000E+00    5.223477000000000E-01    4.283080000000000E-02    1.936979000000000E-03    1.167623000000000E-01    1.029482000000000E-02    9.816786000000000E-05    2.550713000000000E-03    6.203312000000000E-02    6.017602000000000E-02    1.618268000000000E-02    2.191292000000000E-02    0.000000000000000E+00    0.000000000000000E+00    0.000000000000000E+00    0.000000000000000E+00    0.000000000000000E+00    1.767102000000000E-02    0.000000000000000E+00    1.542338000000000E-02    2.368996763987667E+38    1.888423486266334E+11    4.960254278737335E+08
                       39    1.708393840225881E+29    3.030829768591762E+33    2.503987491313504E+14    1.813000000000000E+07    3.137893168342401E-13    1.893135743097738E-01    3.466461484471634E+03    2.943461060841238E+03    4.656200647202467E-03    1.645402711972697E+00    3.030915270216202E+33    2.507372574429897E+14    1.095412000000000E-01    0.000000000000000E+00    5.223477000000000E-01    4.283080000000000E-02    1.936979000000000E-03    1.167623000000000E-01    1.029482000000000E-02    9.816786000000000E-05    2.550713000000000E-03    6.203312000000000E-02    6.017602000000000E-02    1.618268000000000E-02    2.191292000000000E-02    0.000000000000000E+00    0.000000000000000E+00    0.000000000000000E+00    0.000000000000000E+00    0.000000000000000E+00    1.767102000000000E-02    0.000000000000000E+00    1.542338000000000E-02    2.418996763987667E+38    1.888423486266334E+11    4.960254278737335E+08
                       40    1.716017403670137E+29    3.031000771840642E+33    2.510757657546289E+14    1.818500000000000E+07    3.188879830695849E-13    1.893135743097738E-01    3.466461484471634E+03    2.943461060841238E+03    4.631200647202466E-03    1.644402890173384E+00    3.031087267670017E+33    2.514119959946449E+14    1.095412000000000E-01    0.000000000000000E+00    5.223477000000000E-01    4.283080000000000E-02    1.936979000000000E-03    1.167623000000000E-01    1.029482000000000E-02    9.816786000000000E-05    2.550713000000000E-03    6.203312000000000E-02    6.017602000000000E-02    1.618268000000000E-02    2.191292000000000E-02    0.000000000000000E+00    0.000000000000000E+00    0.000000000000000E+00    0.000000000000000E+00    0.000000000000000E+00    1.767102000000000E-02    0.000000000000000E+00    1.542338000000000E-02    2.468996763987667E+38    1.918423486266334E+11    5.040110959307001E+08
                       41    1.722691103719161E+29    3.031173763499393E+33    2.517482262346610E+14    1.823992834028484E+07    3.210984089690430E-13    1.893135743097738E-01    3.466461484471634E+03    2.943461060841238E+03    4.623186315259434E-03    1.643404642672557E+00    3.031260259328769E+33    2.520795837192911E+14    1.095412000000000E-01    0.000000000000000E+00    5.223477000000000E-01    4.283080000000000E-02    1.936979000000000E-03    1.167623000000000E-01    1.029482000000000E-02    9.816786000000000E-05    2.550713000000000E-03    6.203312000000000E-02    6.017602000000000E-02    1.618268000000000E-02    2.191292000000000E-02    0.000000000000000E+00    0.000000000000000E+00    0.000000000000000E+00    0.000000000000000E+00    0.000000000000000E+00    1.767102000000000E-02    0.000000000000000E+00    1.542338000000000E-02    2.519140083418000E+38    1.928423486266334E+11    5.070110959307002E+08
                       42    1.723794870038386E+29    3.031346755158144E+33    2.524109412039213E+14    1.828992834028484E+07    3.240694959666386E-13    1.893135743097738E-01    3.466573950370312E+03    2.943461060841238E+03    4.608229311088534E-03    1.642414973427772E+00    3.031431262577648E+33    2.527317098272276E+14    1.095412000000000E-01    0.000000000000000E+00    5.223477000000000E-01    4.283080000000000E-02    1.936979000000000E-03    1.167623000000000E-01    1.029482000000000E-02    9.816786000000000E-05    2.550713000000000E-03    6.203312000000000E-02    6.017602000000000E-02    1.618268000000000E-02    2.191292000000000E-02    0.000000000000000E+00    0.000000000000000E+00    0.000000000000000E+00    0.000000000000000E+00    0.000000000000000E+00    1.767102000000000E-02    0.000000000000000E+00    1.542338000000000E-02    2.578996763987666E+38    1.948423486266334E+11    5.119824320446334E+08
                       43    1.691731164350418E+29    3.031515769997153E+33    2.530524784505339E+14    1.833992834028484E+07    3.270680740937461E-13    1.893135743097738E-01    3.466573950370312E+03    2.943461060841238E+03    4.597171983316400E-03    1.641450383308559E+00    3.031602265826529E+33    2.533780956504930E+14    1.095412000000000E-01    0.000000000000000E+00    5.223477000000000E-01    4.283080000000000E-02    1.936979000000000E-03    1.167623000000000E-01    1.029482000000000E-02    9.816786000000000E-05    2.550713000000000E-03    6.203312000000000E-02    6.017602000000000E-02    1.618268000000000E-02    2.191292000000000E-02    0.000000000000000E+00    0.000000000000000E+00    0.000000000000000E+00    0.000000000000000E+00    0.000000000000000E+00    1.767102000000000E-02    0.000000000000000E+00    1.542338000000000E-02    2.628996763987667E+38    1.968423486266334E+11    5.150110959307001E+08
                       44    1.743738422200500E+29    3.031688761655904E+33    2.537037128504521E+14    1.839492834028483E+07    3.300943977226564E-13    1.893135743097738E-01    3.466573950370312E+03    2.943461060841238E+03    4.583200647202467E-03    1.640465156778727E+00    3.031783211124762E+33    2.540480018864246E+14    1.095412000000000E-01    0.000000000000000E+00    5.223477000000000E-01    4.283080000000000E-02    1.936979000000000E-03    1.167623000000000E-01    1.029482000000000E-02    9.816786000000000E-05    2.550713000000000E-03    6.203312000000000E-02    6.017602000000000E-02    1.618268000000000E-02    2.191292000000000E-02    0.000000000000000E+00    0.000000000000000E+00    0.000000000000000E+00    0.000000000000000E+00    0.000000000000000E+00    1.767102000000000E-02    0.000000000000000E+00    1.542338000000000E-02    2.678996763987667E+38    1.988280166836000E+11    5.199824320446335E+08
                       45    1.883985344882549E+29    3.031877660593620E+33    2.543922909223971E+14    1.844500000000000E+07    3.354580002095889E-13    1.893135743097738E-01    3.474452503481210E+03    2.943461060841238E+03    4.559186315259433E-03    1.639412054413773E+00    3.031977081087154E+33    2.547495832861158E+14    1.095412000000000E-01    0.000000000000000E+00    5.223477000000000E-01    4.283080000000000E-02    1.936979000000000E-03    1.167623000000000E-01    1.029482000000000E-02    9.816786000000000E-05    2.550713000000000E-03    6.203312000000000E-02    6.017602000000000E-02    1.618268000000000E-02    2.191292000000000E-02    0.000000000000000E+00    0.000000000000000E+00    0.000000000000000E+00    0.000000000000000E+00    0.000000000000000E+00    1.767102000000000E-02    0.000000000000000E+00    1.542338000000000E-02    2.728996763987667E+38    2.018423486266333E+11    5.289681001016002E+08
                       46    1.993366976505701E+29    3.032076501580690E+33    2.551068756498345E+14    1.850000000000000E+07    3.409193716914984E-13    1.893135743097738E-01    3.474452503481210E+03    2.943461060841238E+03    4.535186315259433E-03    1.638307230960234E+00    3.032181887303837E+33    2.554766331541696E+14    1.095412000000000E-01    0.000000000000000E+00    5.223477000000000E-01    4.283080000000000E-02    1.936979000000000E-03    1.167623000000000E-01    1.029482000000000E-02    9.816786000000000E-05    2.550713000000000E-03    6.203312000000000E-02    6.017602000000000E-02    1.618268000000000E-02    2.191292000000000E-02    0.000000000000000E+00    0.000000000000000E+00    0.000000000000000E+00    0.000000000000000E+00    0.000000000000000E+00    1.767102000000000E-02    0.000000000000000E+00    1.542338000000000E-02    2.798853444557334E+38    2.058280166836000E+11    5.369537681585668E+08
                       47    2.109432449068216E+29    3.032287273026983E+33    2.558463906585047E+14    1.856492834028483E+07    3.472467211668740E-13    1.893135743097738E-01    3.474452503481210E+03    2.943461060841238E+03    4.512200647202467E-03    1.637148546223419E+00    3.032400612389613E+33    2.562328515146123E+14    1.095412000000000E-01    0.000000000000000E+00    5.223477000000000E-01    4.283080000000000E-02    1.936979000000000E-03    1.167623000000000E-01    1.029482000000000E-02    9.816786000000000E-05    2.550713000000000E-03    6.203312000000000E-02    6.017602000000000E-02    1.618268000000000E-02    2.191292000000000E-02    0.000000000000000E+00    0.000000000000000E+00    0.000000000000000E+00    0.000000000000000E+00    0.000000000000000E+00    1.767102000000000E-02    0.000000000000000E+00    1.542338000000000E-02    2.858853444557333E+38    2.088280166836000E+11    5.449394362155335E+08
                       48    2.249857930956654E+29    3.032513951752243E+33    2.566193123707200E+14    1.862985668056966E+07    3.512676486915255E-13    1.893135743097738E-01    3.474452503481210E+03    2.943461060841238E+03    4.492229311088534E-03    1.635928919255195E+00    3.032627291114873E+33    2.570051614349854E+14    1.095412000000000E-01    0.000000000000000E+00    5.223477000000000E-01    4.283080000000000E-02    1.936979000000000E-03    1.167623000000000E-01    1.029482000000000E-02    9.816786000000000E-05    2.550713000000000E-03    6.203312000000000E-02    6.017602000000000E-02    1.618268000000000E-02    2.191292000000000E-02    0.000000000000000E+00    0.000000000000000E+00    0.000000000000000E+00    0.000000000000000E+00    0.000000000000000E+00    1.767102000000000E-02    0.000000000000000E+00    1.542338000000000E-02    2.928853444557333E+38    2.118280166836000E+11    5.529107723294668E+08
                       49    2.281087896385838E+29    3.032740630477503E+33    2.573910104992510E+14    1.868985668056966E+07    3.545178882272926E-13    1.893135743097738E-01    3.474565228640560E+03    2.943461060841238E+03    4.480214979145499E-03    1.634703242307754E+00    3.032852975635197E+33    2.577659794154264E+14    1.095412000000000E-01    0.000000000000000E+00    5.223477000000000E-01    4.283080000000000E-02    1.936979000000000E-03    1.167623000000000E-01    1.029482000000000E-02    9.816786000000000E-05    2.550713000000000E-03    6.203312000000000E-02    6.017602000000000E-02    1.618268000000000E-02    2.191292000000000E-02    0.000000000000000E+00    0.000000000000000E+00    0.000000000000000E+00    0.000000000000000E+00    0.000000000000000E+00    1.767102000000000E-02    0.000000000000000E+00    1.542338000000000E-02    2.998710125127000E+38    2.138136847405667E+11    5.569107723294668E+08
                       50    2.248756351888287E+29    3.032965320792892E+33    2.581409483316019E+14    1.874492834028484E+07    3.578093453397189E-13    1.893135743097738E-01    3.474565228640560E+03    2.943461060841238E+03    4.468200647202466E-03    1.633504290466002E+00    3.033078660155521E+33    2.585100055025926E+14    1.095412000000000E-01    0.000000000000000E+00    5.223477000000000E-01    4.283080000000000E-02    1.936979000000000E-03    1.167623000000000E-01    1.029482000000000E-02    9.816786000000000E-05    2.550713000000000E-03    6.203312000000000E-02    6.017602000000000E-02    1.618268000000000E-02    2.191292000000000E-02    0.000000000000000E+00    0.000000000000000E+00    0.000000000000000E+00    0.000000000000000E+00    0.000000000000000E+00    1.767102000000000E-02    0.000000000000000E+00    1.542338000000000E-02    3.058853444557333E+38    2.158136847405667E+11    5.619107723294668E+08
                       51    2.250201925864285E+29    3.033191999518151E+33    2.588790626735833E+14    1.880000000000000E+07    3.619413097719094E-13    1.893135743097738E-01    3.474565228640560E+03    2.943461060841238E+03    4.452214979145500E-03    1.632314885723200E+00    3.033304344675846E+33    2.592425999594327E+14    1.095412000000000E-01    0.000000000000000E+00    5.223477000000000E-01    4.283080000000000E-02    1.936979000000000E-03    1.167623000000000E-01    1.029482000000000E-02    9.816786000000000E-05    2.550713000000000E-03    6.203312000000000E-02    6.017602000000000E-02    1.618268000000000E-02    2.191292000000000E-02    0.000000000000000E+00    0.000000000000000E+00    0.000000000000000E+00    0.000000000000000E+00    0.000000000000000E+00    1.767102000000000E-02    0.000000000000000E+00    1.542338000000000E-02    3.128853444557333E+38    2.178280166836000E+11    5.678964403864336E+08
                       52    2.254659940794390E+29    3.033416689833541E+33    2.596061372452821E+14    1.885992834028483E+07    3.661323926131809E-13    1.910423461023519E-01    3.482461943692088E+03    2.950151374314552E+03    4.438214979145500E-03    1.631133430830206E+00    3.033529034991235E+33    2.599646117661158E+14    1.095412000000000E-01    0.000000000000000E+00    5.223477000000000E-01    4.283080000000000E-02    1.936979000000000E-03    1.167623000000000E-01    1.029482000000000E-02    9.816786000000000E-05    2.550713000000000E-03    6.203312000000000E-02    6.017602000000000E-02    1.618268000000000E-02    2.191292000000000E-02    0.000000000000000E+00    0.000000000000000E+00    0.000000000000000E+00    0.000000000000000E+00    0.000000000000000E+00    1.767102000000000E-02    0.000000000000000E+00    1.542338000000000E-02    3.198710125127000E+38    2.208136847405667E+11    5.748821084434001E+08
                       53    2.258762030357640E+29    3.033641380148929E+33    2.603230862869496E+14    1.891492834028484E+07    3.703720059065124E-13    1.910423461023519E-01    3.482461943692088E+03    2.950151374314552E+03    4.423214979145500E-03    1.629958922372481E+00    3.033754719511559E+33    2.606760288983867E+14    1.095412000000000E-01    0.000000000000000E+00    5.223477000000000E-01    4.283080000000000E-02    1.936979000000000E-03    1.167623000000000E-01    1.029482000000000E-02    9.816786000000000E-05    2.550713000000000E-03    6.203312000000000E-02    6.017602000000000E-02    1.618268000000000E-02    2.191292000000000E-02    0.000000000000000E+00    0.000000000000000E+00    0.000000000000000E+00    0.000000000000000E+00    0.000000000000000E+00    1.767102000000000E-02    0.000000000000000E+00    1.542338000000000E-02    3.268710125127000E+38    2.228136847405667E+11    5.818677765003668E+08
                       54    2.259801968720015E+29    3.033868058874189E+33    2.610289715098239E+14    1.896992834028483E+07    3.746607116080536E-13    1.910423461023519E-01    3.482461943692088E+03    2.950151374314552E+03    4.407229311088534E-03    1.628793376122682E+00    3.033981398236818E+33    2.613760314521123E+14    1.095412000000000E-01    0.000000000000000E+00    5.223477000000000E-01    4.283080000000000E-02    1.936979000000000E-03    1.167623000000000E-01    1.029482000000000E-02    9.816786000000000E-05    2.550713000000000E-03    6.203312000000000E-02    6.017602000000000E-02    1.618268000000000E-02    2.191292000000000E-02    0.000000000000000E+00    0.000000000000000E+00    0.000000000000000E+00    0.000000000000000E+00    0.000000000000000E+00    1.767102000000000E-02    0.000000000000000E+00    1.542338000000000E-02    3.328853444557333E+38    2.258136847405667E+11    5.868677765003669E+08
                       55    2.260149940447388E+29    3.034094737599448E+33    2.617230913944007E+14    1.902492834028484E+07    3.781391811152915E-13    1.910423461023519E-01    3.482461943692088E+03    2.950151374314552E+03    4.392229311088534E-03    1.627640551938840E+00    3.034208076962078E+33    2.620647902589268E+14    1.095412000000000E-01    0.000000000000000E+00    5.223477000000000E-01    4.283080000000000E-02    1.936979000000000E-03    1.167623000000000E-01    1.029482000000000E-02    9.816786000000000E-05    2.550713000000000E-03    6.203312000000000E-02    6.017602000000000E-02    1.618268000000000E-02    2.191292000000000E-02    0.000000000000000E+00    0.000000000000000E+00    0.000000000000000E+00    0.000000000000000E+00    0.000000000000000E+00    1.767102000000000E-02    0.000000000000000E+00    1.542338000000000E-02    3.398710125127000E+38    2.278136847405667E+11    5.938391126143001E+08
                       56    2.261054666938555E+29    3.034321416324707E+33    2.624064891234528E+14    1.907500000000000E+07    3.825059134746785E-13    1.910423461023519E-01    3.482574928709767E+03    2.950151374314552E+03    4.378229311088533E-03    1.626496088960479E+00    3.034433761482402E+33    2.627433850177121E+14    1.095412000000000E-01    0.000000000000000E+00    5.223477000000000E-01    4.283080000000000E-02    1.936979000000000E-03    1.167623000000000E-01    1.029482000000000E-02    9.816786000000000E-05    2.550713000000000E-03    6.203312000000000E-02    6.017602000000000E-02    1.618268000000000E-02    2.191292000000000E-02    0.000000000000000E+00    0.000000000000000E+00    0.000000000000000E+00    0.000000000000000E+00    0.000000000000000E+00    1.767102000000000E-02    0.000000000000000E+00    1.542338000000000E-02    3.468710125127000E+38    2.298136847405667E+11    5.998247806712668E+08
                       57    2.261173971530797E+29    3.034546106640097E+33    2.630802809119714E+14    1.913000000000000E+07    3.860451971157174E-13    1.910423461023519E-01    3.482574928709767E+03    2.950151374314552E+03    4.366229311088534E-03    1.625360393172366E+00    3.034659446002726E+33    2.634131239964345E+14    1.095412000000000E-01    0.000000000000000E+00    5.223477000000000E-01    4.283080000000000E-02    1.936979000000000E-03    1.167623000000000E-01    1.029482000000000E-02    9.816786000000000E-05    2.550713000000000E-03    6.203312000000000E-02    6.017602000000000E-02    1.618268000000000E-02    2.191292000000000E-02    0.000000000000000E+00    0.000000000000000E+00    0.000000000000000E+00    0.000000000000000E+00    0.000000000000000E+00    1.767102000000000E-02    0.000000000000000E+00    1.542338000000000E-02    3.538566805696667E+38    2.327993527975334E+11    6.048247806712669E+08
                       58    2.262042906644292E+29    3.034772785365356E+33    2.637459670808976E+14    1.918500000000000E+07    3.887211345839531E-13    1.910423461023519E-01    3.482574928709767E+03    2.950151374314552E+03    4.355229311088533E-03    1.624233428725936E+00    3.034886124727986E+33    2.640755423644501E+14    1.095412000000000E-01    0.000000000000000E+00    5.223477000000000E-01    4.283080000000000E-02    1.936979000000000E-03    1.167623000000000E-01    1.029482000000000E-02    9.816786000000000E-05    2.550713000000000E-03    6.203312000000000E-02    6.017602000000000E-02    1.618268000000000E-02    2.191292000000000E-02    0.000000000000000E+00    0.000000000000000E+00    0.000000000000000E+00    0.000000000000000E+00    0.000000000000000E+00    1.767102000000000E-02    0.000000000000000E+00    1.542338000000000E-02    3.608566805696668E+38    2.338136847405667E+11    6.098104487282336E+08
                       59    2.267304239162159E+29    3.034999464090616E+33    2.644051176480026E+14    1.923500000000000E+07    3.914278112460354E-13    1.910652712456326E-01    3.482574928709767E+03    2.950246439359506E+03    4.345243643031567E-03    1.623112334158379E+00    3.035112803453246E+33    2.647313663765203E+14    1.095412000000000E-01    0.000000000000000E+00    5.223477000000000E-01    4.283080000000000E-02    1.936979000000000E-03    1.167623000000000E-01    1.029482000000000E-02    9.816786000000000E-05    2.550713000000000E-03    6.203312000000000E-02    6.017602000000000E-02    1.618268000000000E-02    2.191292000000000E-02    0.000000000000000E+00    0.000000000000000E+00    0.000000000000000E+00    0.000000000000000E+00    0.000000000000000E+00    1.767102000000000E-02    0.000000000000000E+00    1.542338000000000E-02    3.668710125127000E+38    2.357993527975334E+11    6.138104487282335E+08
                       60    2.272822076553346E+29    3.035226142815875E+33    2.650576151050379E+14    1.928500000000000E+07    3.950373449121566E-13    1.910652712456326E-01    3.490489847569526E+03    2.950246439359506E+03    4.336243643031566E-03    1.621994642243376E+00    3.035340476383441E+33    2.653807533334180E+14    1.095412000000000E-01    0.000000000000000E+00    5.223477000000000E-01    4.283080000000000E-02    1.936979000000000E-03    1.167623000000000E-01    1.029482000000000E-02    9.816786000000000E-05    2.550713000000000E-03    6.203312000000000E-02    6.017602000000000E-02    1.618268000000000E-02    2.191292000000000E-02    0.000000000000000E+00    0.000000000000000E+00    0.000000000000000E+00    0.000000000000000E+00    0.000000000000000E+00    1.767102000000000E-02    0.000000000000000E+00    1.542338000000000E-02    3.738566805696667E+38    2.377993527975334E+11    6.187961167852001E+08
                       61    2.276860537000734E+29    3.035454809951006E+33    2.657038915617981E+14    1.933500000000000E+07    3.968607544484050E-13    1.910652712456326E-01    3.490489847569526E+03    2.950246439359506E+03    4.328229311088533E-03    1.620884552091904E+00    3.035569143518571E+33    2.660247809975339E+14    1.095412000000000E-01    0.000000000000000E+00    5.223477000000000E-01    4.283080000000000E-02    1.936979000000000E-03    1.167623000000000E-01    1.029482000000000E-02    9.816786000000000E-05    2.550713000000000E-03    6.203312000000000E-02    6.017602000000000E-02    1.618268000000000E-02    2.191292000000000E-02    0.000000000000000E+00    0.000000000000000E+00    0.000000000000000E+00    0.000000000000000E+00    0.000000000000000E+00    1.767102000000000E-02    0.000000000000000E+00    1.542338000000000E-02    3.808566805696667E+38    2.387993527975334E+11    6.227817848421669E+08
                       62    2.283810029498824E+29    3.035683477086135E+33    2.663456704332697E+14    1.938500000000000E+07    3.987049975800841E-13    1.910652712456326E-01    3.490489847569526E+03    2.950246439359506E+03    4.321229311088534E-03    1.619778854670149E+00    3.035797810653701E+33    2.666634289976638E+14    1.095412000000000E-01    0.000000000000000E+00    5.223477000000000E-01    4.283080000000000E-02    1.936979000000000E-03    1.167623000000000E-01    1.029482000000000E-02    9.816786000000000E-05    2.550713000000000E-03    6.203312000000000E-02    6.017602000000000E-02    1.618268000000000E-02    2.191292000000000E-02    0.000000000000000E+00    0.000000000000000E+00    0.000000000000000E+00    0.000000000000000E+00    0.000000000000000E+00    1.767102000000000E-02    0.000000000000000E+00    1.542338000000000E-02    3.878566805696667E+38    2.407993527975334E+11    6.257817848421669E+08
                       63    2.284973249273182E+29    3.035912144221266E+33    2.669811875620579E+14    1.943500000000000E+07    4.014561854020890E-13    1.910652712456326E-01    3.490489847569526E+03    2.950246439359506E+03    4.313229311088533E-03    1.618678431636962E+00    3.036025483583896E+33    2.672934802539792E+14    1.095412000000000E-01    0.000000000000000E+00    5.223477000000000E-01    4.283080000000000E-02    1.936979000000000E-03    1.167623000000000E-01    1.029482000000000E-02    9.816786000000000E-05    2.550713000000000E-03    6.203312000000000E-02    6.017602000000000E-02    1.618268000000000E-02    2.191292000000000E-02    0.000000000000000E+00    0.000000000000000E+00    0.000000000000000E+00    0.000000000000000E+00    0.000000000000000E+00    1.767102000000000E-02    0.000000000000000E+00    1.542338000000000E-02    3.948423486266334E+38    2.417993527975334E+11    6.287961167852002E+08
                       64    2.273102442345114E+29    3.036138822946526E+33    2.676057729459006E+14    1.948500000000000E+07    4.042515365965627E-13    1.910652712456326E-01    3.490489847569526E+03    2.950246439359506E+03    4.303229311088534E-03    1.617591930850783E+00    3.036252162309156E+33    2.679124057480270E+14    1.095412000000000E-01    0.000000000000000E+00    5.223477000000000E-01    4.283080000000000E-02    1.936979000000000E-03    1.167623000000000E-01    1.029482000000000E-02    9.816786000000000E-05    2.550713000000000E-03    6.203312000000000E-02    6.017602000000000E-02    1.618268000000000E-02    2.191292000000000E-02    0.000000000000000E+00    0.000000000000000E+00    0.000000000000000E+00    0.000000000000000E+00    0.000000000000000E+00    1.767102000000000E-02    0.000000000000000E+00    1.542338000000000E-02    4.018423486266334E+38    2.437993527975334E+11    6.337817848421668E+08
                       65    2.263460642882100E+29    3.036365501671785E+33    2.682190385501533E+14    1.953500000000000E+07    4.079793236597283E-13    1.910652712456326E-01    3.490603093044571E+03    2.950246439359506E+03    4.293229311088533E-03    1.616517787040525E+00    3.036477846829480E+33    2.685213938095672E+14    1.095412000000000E-01    0.000000000000000E+00    5.223477000000000E-01    4.283080000000000E-02    1.936979000000000E-03    1.167623000000000E-01    1.029482000000000E-02    9.816786000000000E-05    2.550713000000000E-03    6.203312000000000E-02    6.017602000000000E-02    1.618268000000000E-02    2.191292000000000E-02    0.000000000000000E+00    0.000000000000000E+00    0.000000000000000E+00    0.000000000000000E+00    0.000000000000000E+00    1.767102000000000E-02    0.000000000000000E+00    1.542338000000000E-02    4.088423486266333E+38    2.457993527975334E+11    6.387674528991334E+08
                       66    2.255520922268402E+29    3.036590191987174E+33    2.688237490689810E+14    1.958500000000000E+07    4.098624706556638E-13    1.910652712456326E-01    3.490603093044571E+03    2.950246439359506E+03    4.286243643031566E-03    1.615455470756265E+00    3.036702537144868E+33    2.691230035169311E+14    1.095412000000000E-01    0.000000000000000E+00    5.223477000000000E-01    4.283080000000000E-02    1.936979000000000E-03    1.167623000000000E-01    1.029482000000000E-02    9.816786000000000E-05    2.550713000000000E-03    6.203312000000000E-02    6.017602000000000E-02    1.618268000000000E-02    2.191292000000000E-02    0.000000000000000E+00    0.000000000000000E+00    0.000000000000000E+00    0.000000000000000E+00    0.000000000000000E+00    1.767102000000000E-02    0.000000000000000E+00    1.542338000000000E-02    4.148423486266334E+38    2.467993527975334E+11    6.417531209561002E+08
                       67    2.243884747705077E+29    3.036814882302563E+33    2.694222579648811E+14    1.963492834028484E+07    4.108073012297207E-13    1.910652712456326E-01    3.490603093044571E+03    2.950246439359506E+03    4.283257974974600E-03    1.614402359881521E+00    3.036927227460258E+33    2.697194704593680E+14    1.095412000000000E-01    0.000000000000000E+00    5.223477000000000E-01    4.283080000000000E-02    1.936979000000000E-03    1.167623000000000E-01    1.029482000000000E-02    9.816786000000000E-05    2.550713000000000E-03    6.203312000000000E-02    6.017602000000000E-02    1.618268000000000E-02    2.191292000000000E-02    0.000000000000000E+00    0.000000000000000E+00    0.000000000000000E+00    0.000000000000000E+00    0.000000000000000E+00    1.767102000000000E-02    0.000000000000000E+00    1.542338000000000E-02    4.218423486266334E+38    2.477850208545000E+11    6.437387890130669E+08
                       68    2.241940082851535E+29    3.037039572617952E+33    2.700166829538550E+14    1.967992834028483E+07    4.117543098631949E-13    1.910652712456326E-01    3.490603093044571E+03    2.950246439359506E+03    4.280243643031567E-03    1.613354760745563E+00    3.037151917775646E+33    2.703121215420697E+14    1.095412000000000E-01    0.000000000000000E+00    5.223477000000000E-01    4.283080000000000E-02    1.936979000000000E-03    1.167623000000000E-01    1.029482000000000E-02    9.816786000000000E-05    2.550713000000000E-03    6.203312000000000E-02    6.017602000000000E-02    1.618268000000000E-02    2.191292000000000E-02    0.000000000000000E+00    0.000000000000000E+00    0.000000000000000E+00    0.000000000000000E+00    0.000000000000000E+00    1.767102000000000E-02    0.000000000000000E+00    1.542338000000000E-02    4.288280166836000E+38    2.477993527975334E+11    6.457387890130669E+08
                       69    2.250879973630193E+29    3.037264262933341E+33    2.706075601302845E+14    1.972500000000000E+07    4.136548814037487E-13    1.910652712456326E-01    3.490603093044571E+03    2.950246439359506E+03    4.273243643031566E-03    1.612310318551549E+00    3.037376608091035E+33    2.709011161851737E+14    1.095412000000000E-01    0.000000000000000E+00    5.223477000000000E-01    4.283080000000000E-02    1.936979000000000E-03    1.167623000000000E-01    1.029482000000000E-02    9.816786000000000E-05    2.550713000000000E-03    6.203312000000000E-02    6.017602000000000E-02    1.618268000000000E-02    2.191292000000000E-02    0.000000000000000E+00    0.000000000000000E+00    0.000000000000000E+00    0.000000000000000E+00    0.000000000000000E+00    1.767102000000000E-02    0.000000000000000E+00    1.542338000000000E-02    4.358280166836000E+38    2.497850208545000E+11    6.487387890130669E+08
                       70    2.256087619081551E+29    3.037488953248730E+33    2.711946722400629E+14    1.977500000000000E+07    4.155642255839425E-13    1.910652712456326E-01    3.490603093044571E+03    2.950246439359506E+03    4.267243643031567E-03    1.611269205219609E+00    3.037602292611360E+33    2.714865483714358E+14    1.095412000000000E-01    0.000000000000000E+00    5.223477000000000E-01    4.283080000000000E-02    1.936979000000000E-03    1.167623000000000E-01    1.029482000000000E-02    9.816786000000000E-05    2.550713000000000E-03    6.203312000000000E-02    6.017602000000000E-02    1.618268000000000E-02    2.191292000000000E-02    0.000000000000000E+00    0.000000000000000E+00    0.000000000000000E+00    0.000000000000000E+00    0.000000000000000E+00    1.767102000000000E-02    0.000000000000000E+00    1.542338000000000E-02    4.418423486266334E+38    2.507850208545000E+11    6.517244570700336E+08
                       71    2.261344974779677E+29    3.037715631973989E+33    2.717784245028088E+14    1.982000000000000E+07    4.174823828964423E-13    1.910652712456326E-01    3.490603093044571E+03    2.950246439359506E+03    4.262243643031567E-03    1.610230490037128E+00    3.037828971336619E+33    2.720683244654935E+14    1.095412000000000E-01    0.000000000000000E+00    5.223477000000000E-01    4.283080000000000E-02    1.936979000000000E-03    1.167623000000000E-01    1.029482000000000E-02    9.816786000000000E-05    2.550713000000000E-03    6.203312000000000E-02    6.017602000000000E-02    1.618268000000000E-02    2.191292000000000E-02    0.000000000000000E+00    0.000000000000000E+00    0.000000000000000E+00    0.000000000000000E+00    0.000000000000000E+00    1.767102000000000E-02    0.000000000000000E+00    1.542338000000000E-02    4.488280166836000E+38    2.517850208545001E+11    6.537387890130669E+08
                       72    2.267966379649101E+29    3.037942310699249E+33    2.723582244281783E+14    1.986500000000000E+07    4.194224563570291E-13    1.910652712456326E-01    3.490603093044571E+03    2.950246439359506E+03    4.254243643031567E-03    1.609195957529624E+00    3.038055650061878E+33    2.726447530685611E+14    1.095412000000000E-01    0.000000000000000E+00    5.223477000000000E-01    4.283080000000000E-02    1.936979000000000E-03    1.167623000000000E-01    1.029482000000000E-02    9.816786000000000E-05    2.550713000000000E-03    6.203312000000000E-02    6.017602000000000E-02    1.618268000000000E-02    2.191292000000000E-02    0.000000000000000E+00    0.000000000000000E+00    0.000000000000000E+00    0.000000000000000E+00    0.000000000000000E+00    1.767102000000000E-02    0.000000000000000E+00    1.542338000000000E-02    4.558280166836000E+38    2.527850208545000E+11    6.577244570700334E+08
                       73    2.268757766777639E+29    3.038168989424508E+33    2.729312817089438E+14    1.991000000000000E+07    4.232901413631822E-13    1.910652712456326E-01    3.498536257676665E+03    2.950246439359506E+03    4.243243643031566E-03    1.608166696120862E+00    3.038282328787138E+33    2.732141956693687E+14    1.095412000000000E-01    0.000000000000000E+00    5.223477000000000E-01    4.283080000000000E-02    1.936979000000000E-03    1.167623000000000E-01    1.029482000000000E-02    9.816786000000000E-05    2.550713000000000E-03    6.203312000000000E-02    6.017602000000000E-02    1.618268000000000E-02    2.191292000000000E-02    0.000000000000000E+00    0.000000000000000E+00    0.000000000000000E+00    0.000000000000000E+00    0.000000000000000E+00    1.767102000000000E-02    0.000000000000000E+00    1.542338000000000E-02    4.628280166836000E+38    2.547850208545000E+11    6.627244570700336E+08
                       74    2.266057506173231E+29    3.038395668149768E+33    2.734971096297936E+14    1.995500000000000E+07    4.262242484513452E-13    1.910652712456326E-01    3.498536257676665E+03    2.950246439359506E+03    4.234243643031567E-03    1.607145545650712E+00    3.038509007512398E+33    2.737775838442549E+14    1.095412000000000E-01    0.000000000000000E+00    5.223477000000000E-01    4.283080000000000E-02    1.936979000000000E-03    1.167623000000000E-01    1.029482000000000E-02    9.816786000000000E-05    2.550713000000000E-03    6.203312000000000E-02    6.017602000000000E-02    1.618268000000000E-02    2.191292000000000E-02    0.000000000000000E+00    0.000000000000000E+00    0.000000000000000E+00    0.000000000000000E+00    0.000000000000000E+00    1.767102000000000E-02    0.000000000000000E+00    1.542338000000000E-02    4.698136847405666E+38    2.567850208545001E+11    6.676957931839669E+08
                       75    2.265101081025426E+29    3.038622346875028E+33    2.740580580587163E+14    2.000492834028484E+07    4.281916101937630E-13    1.910652712456326E-01    3.498536257676665E+03    2.950246439359506E+03    4.229257974974599E-03    1.606129726623485E+00    3.038735686237657E+33    2.743365135920246E+14    1.095412000000000E-01    0.000000000000000E+00    5.223477000000000E-01    4.283080000000000E-02    1.936979000000000E-03    1.167623000000000E-01    1.029482000000000E-02    9.816786000000000E-05    2.550713000000000E-03    6.203312000000000E-02    6.017602000000000E-02    1.618268000000000E-02    2.191292000000000E-02    0.000000000000000E+00    0.000000000000000E+00    0.000000000000000E+00    0.000000000000000E+00    0.000000000000000E+00    1.767102000000000E-02    0.000000000000000E+00    1.542338000000000E-02    4.758280166836001E+38    2.577850208545000E+11    6.696957931839669E+08
                       76    2.262973482463779E+29    3.038849025600287E+33    2.746149691253328E+14    2.004992834028483E+07    4.291786937982192E-13    1.910652712456326E-01    3.498536257676665E+03    2.950246439359506E+03    4.226257974974600E-03    1.605119610773170E+00    3.038962364962917E+33    2.748909478265668E+14    1.095412000000000E-01    0.000000000000000E+00    5.223477000000000E-01    4.283080000000000E-02    1.936979000000000E-03    1.167623000000000E-01    1.029482000000000E-02    9.816786000000000E-05    2.550713000000000E-03    6.203312000000000E-02    6.017602000000000E-02    1.618268000000000E-02    2.191292000000000E-02    0.000000000000000E+00    0.000000000000000E+00    0.000000000000000E+00    0.000000000000000E+00    0.000000000000000E+00    1.767102000000000E-02    0.000000000000000E+00    1.542338000000000E-02    4.828280166836000E+38    2.587706889114667E+11    6.716957931839669E+08
                       77    2.260279187088983E+29    3.039075704325546E+33    2.751669265278008E+14    2.009492834028483E+07    4.311596926407471E-13    1.910652712456326E-01    3.498536257676665E+03    2.950246439359506E+03    4.220257974974600E-03    1.604115286403990E+00    3.039189043688177E+33    2.754411762737726E+14    1.095412000000000E-01    0.000000000000000E+00    5.223477000000000E-01    4.283080000000000E-02    1.936979000000000E-03    1.167623000000000E-01    1.029482000000000E-02    9.816786000000000E-05    2.550713000000000E-03    6.203312000000000E-02    6.017602000000000E-02    1.618268000000000E-02    2.191292000000000E-02    0.000000000000000E+00    0.000000000000000E+00    0.000000000000000E+00    0.000000000000000E+00    0.000000000000000E+00    1.767102000000000E-02    0.000000000000000E+00    1.542338000000000E-02    4.898136847405667E+38    2.597850208545000E+11    6.746814612409335E+08
                       78    2.267843098237118E+29    3.039302383050806E+33    2.757154260197444E+14    2.013992834028484E+07    4.331498353584740E-13    1.910652712456326E-01    3.498536257676665E+03    2.950246439359506E+03    4.213257974974600E-03    1.603114310657138E+00    3.039415722413436E+33    2.759886326015116E+14    1.095412000000000E-01    0.000000000000000E+00    5.223477000000000E-01    4.283080000000000E-02    1.936979000000000E-03    1.167623000000000E-01    1.029482000000000E-02    9.816786000000000E-05    2.550713000000000E-03    6.203312000000000E-02    6.017602000000000E-02    1.618268000000000E-02    2.191292000000000E-02    0.000000000000000E+00    0.000000000000000E+00    0.000000000000000E+00    0.000000000000000E+00    0.000000000000000E+00    1.767102000000000E-02    0.000000000000000E+00    1.542338000000000E-02    4.968136847405667E+38    2.607850208545000E+11    6.776814612409335E+08
                       79    2.277789124410350E+29    3.039529061776066E+33    2.762618391832788E+14    2.018492834028484E+07    4.351491641576107E-13    1.910652712456326E-01    3.498536257676665E+03    2.950246439359506E+03    4.207272306917633E-03    1.602113963028154E+00    3.039643395343631E+33    2.765338653678064E+14    1.095412000000000E-01    0.000000000000000E+00    5.223477000000000E-01    4.283080000000000E-02    1.936979000000000E-03    1.167623000000000E-01    1.029482000000000E-02    9.816786000000000E-05    2.550713000000000E-03    6.203312000000000E-02    6.017602000000000E-02    1.618268000000000E-02    2.191292000000000E-02    0.000000000000000E+00    0.000000000000000E+00    0.000000000000000E+00    0.000000000000000E+00    0.000000000000000E+00    1.767102000000000E-02    0.000000000000000E+00    1.542338000000000E-02    5.038136847405666E+38    2.617850208545000E+11    6.806814612409335E+08
                       80    2.286333321624739E+29    3.039757728911196E+33    2.768058915523341E+14    2.022992834028483E+07    4.371577214391810E-13    1.910652712456326E-01    3.498536257676665E+03    2.950246439359506E+03    4.202257974974599E-03    1.601114532266291E+00    3.039873056683696E+33    2.770773663913795E+14    1.095412000000000E-01    0.000000000000000E+00    5.223477000000000E-01    4.283080000000000E-02    1.936979000000000E-03    1.167623000000000E-01    1.029482000000000E-02    9.816786000000000E-05    2.550713000000000E-03    6.203312000000000E-02    6.017602000000000E-02    1.618268000000000E-02    2.191292000000000E-02    0.000000000000000E+00    0.000000000000000E+00    0.000000000000000E+00    0.000000000000000E+00    0.000000000000000E+00    1.767102000000000E-02    0.000000000000000E+00    1.542338000000000E-02    5.107993527975333E+38    2.627850208545000E+11    6.836671292979002E+08
                       81    2.300387402590833E+29    3.039988384456197E+33    2.773488412304248E+14    2.027000000000000E+07    4.391755497999250E-13    1.910652712456326E-01    3.498649764209491E+03    2.950246439359506E+03    4.196257974974600E-03    1.600113953760051E+00    3.040103712228698E+33    2.776197909082174E+14    1.095412000000000E-01    0.000000000000000E+00    5.223477000000000E-01    4.283080000000000E-02    1.936979000000000E-03    1.167623000000000E-01    1.029482000000000E-02    9.816786000000000E-05    2.550713000000000E-03    6.203312000000000E-02    6.017602000000000E-02    1.618268000000000E-02    2.191292000000000E-02    0.000000000000000E+00    0.000000000000000E+00    0.000000000000000E+00    0.000000000000000E+00    0.000000000000000E+00    1.767102000000000E-02    0.000000000000000E+00    1.542338000000000E-02    5.177993527975334E+38    2.647706889114667E+11    6.866671292979002E+08
                       82    2.309899955412253E+29    3.040219040001198E+33    2.778907405860100E+14    2.031000000000000E+07    4.401879540002067E-13    1.910652712456326E-01    3.498649764209491E+03    2.950246439359506E+03    4.193243643031567E-03    1.599113727269988E+00    3.040333373568763E+33    2.781579878820957E+14    1.095412000000000E-01    0.000000000000000E+00    5.223477000000000E-01    4.283080000000000E-02    1.936979000000000E-03    1.167623000000000E-01    1.029482000000000E-02    9.816786000000000E-05    2.550713000000000E-03    6.203312000000000E-02    6.017602000000000E-02    1.618268000000000E-02    2.191292000000000E-02    0.000000000000000E+00    0.000000000000000E+00    0.000000000000000E+00    0.000000000000000E+00    0.000000000000000E+00    1.767102000000000E-02    0.000000000000000E+00    1.542338000000000E-02    5.247993527975334E+38    2.647850208545000E+11    6.886671292979002E+08
                       83    2.292048011593126E+29    3.040447707136329E+33    2.784252351781814E+14    2.035492834028483E+07    4.412026920332001E-13    1.910652712456326E-01    3.498649764209491E+03    2.950246439359506E+03    4.191243643031567E-03    1.598125365646695E+00    3.040562040703893E+33    2.786895279536561E+14    1.095412000000000E-01    0.000000000000000E+00    5.223477000000000E-01    4.283080000000000E-02    1.936979000000000E-03    1.167623000000000E-01    1.029482000000000E-02    9.816786000000000E-05    2.550713000000000E-03    6.203312000000000E-02    6.017602000000000E-02    1.618268000000000E-02    2.191292000000000E-02    0.000000000000000E+00    0.000000000000000E+00    0.000000000000000E+00    0.000000000000000E+00    0.000000000000000E+00    1.767102000000000E-02    0.000000000000000E+00    1.542338000000000E-02    5.317993527975334E+38    2.657706889114667E+11    6.896671292979002E+08
                       84    2.273832188767661E+29    3.040676374271458E+33    2.789538207291309E+14    2.039992834028483E+07    4.412026920332001E-13    1.910652712456326E-01    3.498649764209491E+03    2.950246439359506E+03    4.190243643031566E-03    1.597148163964674E+00    3.040788719429153E+33    2.792151738038113E+14    1.095412000000000E-01    0.000000000000000E+00    5.223477000000000E-01    4.283080000000000E-02    1.936979000000000E-03    1.167623000000000E-01    1.029482000000000E-02    9.816786000000000E-05    2.550713000000000E-03    6.203312000000000E-02    6.017602000000000E-02    1.618268000000000E-02    2.191292000000000E-02    0.000000000000000E+00    0.000000000000000E+00    0.000000000000000E+00    0.000000000000000E+00    0.000000000000000E+00    1.767102000000000E-02    0.000000000000000E+00    1.542338000000000E-02    5.377993527975333E+38    2.657706889114667E+11    6.906527973548669E+08
                       85    2.258141646477982E+29    3.040901064586847E+33    2.794765268784917E+14    2.044000000000000E+07    4.422060281992689E-13    1.910652712456326E-01    3.498649764209491E+03    2.950246439359506E+03    4.188257974974599E-03    1.596180094223081E+00    3.041013409744542E+33    2.797335665651604E+14    1.095412000000000E-01    0.000000000000000E+00    5.223477000000000E-01    4.283080000000000E-02    1.936979000000000E-03    1.167623000000000E-01    1.029482000000000E-02    9.816786000000000E-05    2.550713000000000E-03    6.203312000000000E-02    6.017602000000000E-02    1.618268000000000E-02    2.191292000000000E-02    0.000000000000000E+00    0.000000000000000E+00    0.000000000000000E+00    0.000000000000000E+00    0.000000000000000E+00    1.767102000000000E-02    0.000000000000000E+00    1.542338000000000E-02    5.447993527975333E+38    2.657850208545000E+11    6.916527973548669E+08
                       86    2.235887363205130E+29    3.041125754902236E+33    2.799906062518291E+14    2.048000000000000E+07    4.422197692789473E-13    1.910652712456326E-01    3.498649764209491E+03    2.950246439359506E+03    4.186257974974600E-03    1.595228425917486E+00    3.041237105854996E+33    2.802443085305877E+14    1.095412000000000E-01    0.000000000000000E+00    5.223477000000000E-01    4.283080000000000E-02    1.936979000000000E-03    1.167623000000000E-01    1.029482000000000E-02    9.816786000000000E-05    2.550713000000000E-03    6.203312000000000E-02    6.017602000000000E-02    1.618268000000000E-02    2.191292000000000E-02    0.000000000000000E+00    0.000000000000000E+00    0.000000000000000E+00    0.000000000000000E+00    0.000000000000000E+00    1.767102000000000E-02    0.000000000000000E+00    1.542338000000000E-02    5.517850208545000E+38    2.667706889114667E+11    6.926527973548669E+08
                       87    2.224080185392925E+29    3.041348456807754E+33    2.804980108093463E+14    2.052000000000000E+07    4.442471584852785E-13    1.910652712456326E-01    3.498649764209491E+03    2.950246439359506E+03    4.181272306917633E-03    1.594285932562119E+00    3.041459807760513E+33    2.807510738323154E+14    1.095412000000000E-01    0.000000000000000E+00    5.223477000000000E-01    4.283080000000000E-02    1.936979000000000E-03    1.167623000000000E-01    1.029482000000000E-02    9.816786000000000E-05    2.550713000000000E-03    6.203312000000000E-02    6.017602000000000E-02    1.618268000000000E-02    2.191292000000000E-02    0.000000000000000E+00    0.000000000000000E+00    0.000000000000000E+00    0.000000000000000E+00    0.000000000000000E+00    1.767102000000000E-02    0.000000000000000E+00    1.542338000000000E-02    5.587850208545001E+38    2.677706889114667E+11    6.946527973548669E+08
                       88    2.234897135089522E+29    3.041571158713273E+33    2.810041368552845E+14    2.056000000000000E+07    4.452850902793103E-13    1.910652712456326E-01    3.498649764209491E+03    2.950246439359506E+03    4.176272306917633E-03    1.593344743802056E+00    3.041683503870967E+33    2.812558725325145E+14    1.095412000000000E-01    0.000000000000000E+00    5.223477000000000E-01    4.283080000000000E-02    1.936979000000000E-03    1.167623000000000E-01    1.029482000000000E-02    9.816786000000000E-05    2.550713000000000E-03    6.203312000000000E-02    6.017602000000000E-02    1.618268000000000E-02    2.191292000000000E-02    0.000000000000000E+00    0.000000000000000E+00    0.000000000000000E+00    0.000000000000000E+00    0.000000000000000E+00    1.767102000000000E-02    0.000000000000000E+00    1.542338000000000E-02    5.647993527975334E+38    2.687706889114667E+11    6.976384654118336E+08
                       89    2.241973885819336E+29    3.041795849028662E+33    2.815076082097446E+14    2.060000000000000E+07    4.473404328701356E-13    1.910652712456326E-01    3.498649764209491E+03    2.950246439359506E+03    4.170257974974600E-03    1.592405524302320E+00    3.041908194186356E+33    2.817578459135244E+14    1.095412000000000E-01    0.000000000000000E+00    5.223477000000000E-01    4.283080000000000E-02    1.936979000000000E-03    1.167623000000000E-01    1.029482000000000E-02    9.816786000000000E-05    2.550713000000000E-03    6.203312000000000E-02    6.017602000000000E-02    1.618268000000000E-02    2.191292000000000E-02    0.000000000000000E+00    0.000000000000000E+00    0.000000000000000E+00    0.000000000000000E+00    0.000000000000000E+00    1.767102000000000E-02    0.000000000000000E+00    1.542338000000000E-02    5.717850208545000E+38    2.697706889114667E+11    7.006384654118335E+08
                       90    2.247418152045308E+29    3.042020539344051E+33    2.820080836173043E+14    2.064000000000000E+07    4.494052624913104E-13    1.910652712456326E-01    3.498649764209491E+03    2.950246439359506E+03    4.164257974974600E-03    1.591468933559715E+00    3.042132884501745E+33    2.822566855627292E+14    1.095412000000000E-01    0.000000000000000E+00    5.223477000000000E-01    4.283080000000000E-02    1.936979000000000E-03    1.167623000000000E-01    1.029482000000000E-02    9.816786000000000E-05    2.550713000000000E-03    6.203312000000000E-02    6.017602000000000E-02    1.618268000000000E-02    2.191292000000000E-02    0.000000000000000E+00    0.000000000000000E+00    0.000000000000000E+00    0.000000000000000E+00    0.000000000000000E+00    1.767102000000000E-02    0.000000000000000E+00    1.542338000000000E-02    5.787850208545000E+38    2.707706889114667E+11    7.036384654118335E+08
                       91    2.254461099807320E+29    3.042245229659440E+33    2.825052875081542E+14    2.068000000000000E+07    4.525203909511585E-13    1.910652712456326E-01    3.498649764209491E+03    2.950246439359506E+03    4.157257974974600E-03    1.590533590581932E+00    3.042358569022069E+33    2.827521117272937E+14    1.095412000000000E-01    0.000000000000000E+00    5.223477000000000E-01    4.283080000000000E-02    1.936979000000000E-03    1.167623000000000E-01    1.029482000000000E-02    9.816786000000000E-05    2.550713000000000E-03    6.203312000000000E-02    6.017602000000000E-02    1.618268000000000E-02    2.191292000000000E-02    0.000000000000000E+00    0.000000000000000E+00    0.000000000000000E+00    0.000000000000000E+00    0.000000000000000E+00    1.767102000000000E-02    0.000000000000000E+00    1.542338000000000E-02    5.857706889114667E+38    2.727706889114667E+11    7.076241334688002E+08
                       92    2.257594833763540E+29    3.042471908384699E+33    2.829989359464332E+14    2.072000000000000E+07    4.546091301724870E-13    1.910652712456326E-01    3.506601216674773E+03    2.950246439359506E+03    4.150257974974600E-03    1.589602220481113E+00    3.042584253542393E+33    2.832441366919218E+14    1.095412000000000E-01    0.000000000000000E+00    5.223477000000000E-01    4.283080000000000E-02    1.936979000000000E-03    1.167623000000000E-01    1.029482000000000E-02    9.816786000000000E-05    2.550713000000000E-03    6.203312000000000E-02    6.017602000000000E-02    1.618268000000000E-02    2.191292000000000E-02    0.000000000000000E+00    0.000000000000000E+00    0.000000000000000E+00    0.000000000000000E+00    0.000000000000000E+00    1.767102000000000E-02    0.000000000000000E+00    1.542338000000000E-02    5.927706889114667E+38    2.737706889114667E+11    7.106241334688002E+08
                       93    2.256286460068621E+29    3.042696598700088E+33    2.834893374374102E+14    2.076000000000000E+07    4.556571124499210E-13    1.910652712456326E-01    3.506601216674773E+03    2.950246439359506E+03    4.147272306917632E-03    1.588675511082291E+00    3.042809938062718E+33    2.837332951989334E+14    1.095412000000000E-01    0.000000000000000E+00    5.223477000000000E-01    4.283080000000000E-02    1.936979000000000E-03    1.167623000000000E-01    1.029482000000000E-02    9.816786000000000E-05    2.550713000000000E-03    6.203312000000000E-02    6.017602000000000E-02    1.618268000000000E-02    2.191292000000000E-02    0.000000000000000E+00    0.000000000000000E+00    0.000000000000000E+00    0.000000000000000E+00    0.000000000000000E+00    1.767102000000000E-02    0.000000000000000E+00    1.542338000000000E-02    5.987850208545001E+38    2.747706889114667E+11    7.126098015257668E+08
                       94    2.256451498087889E+29    3.042923277425348E+33    2.839772529604567E+14    2.080000000000000E+07    4.567075105760066E-13    1.910652712456326E-01    3.506601216674773E+03    2.950246439359506E+03    4.145257974974600E-03    1.587751822604708E+00    3.043035622583042E+33    2.842195023204680E+14    1.095412000000000E-01    0.000000000000000E+00    5.223477000000000E-01    4.283080000000000E-02    1.936979000000000E-03    1.167623000000000E-01    1.029482000000000E-02    9.816786000000000E-05    2.550713000000000E-03    6.203312000000000E-02    6.017602000000000E-02    1.618268000000000E-02    2.191292000000000E-02    0.000000000000000E+00    0.000000000000000E+00    0.000000000000000E+00    0.000000000000000E+00    0.000000000000000E+00    1.767102000000000E-02    0.000000000000000E+00    1.542338000000000E-02    6.057706889114667E+38    2.747706889114667E+11    7.136098015257668E+08
                       95    2.256298390527845E+29    3.043147967740737E+33    2.844617516804792E+14    2.084000000000000E+07    4.588013199027628E-13    1.910652712456326E-01    3.506601216674773E+03    2.950246439359506E+03    4.140272306917633E-03    1.586831506747579E+00    3.043261307103366E+33    2.847016924542699E+14    1.095412000000000E-01    0.000000000000000E+00    5.223477000000000E-01    4.283080000000000E-02    1.936979000000000E-03    1.167623000000000E-01    1.029482000000000E-02    9.816786000000000E-05    2.550713000000000E-03    6.203312000000000E-02    6.017602000000000E-02    1.618268000000000E-02    2.191292000000000E-02    0.000000000000000E+00    0.000000000000000E+00    0.000000000000000E+00    0.000000000000000E+00    0.000000000000000E+00    1.767102000000000E-02    0.000000000000000E+00    1.542338000000000E-02    6.127706889114667E+38    2.757706889114667E+11    7.166098015257670E+08
                       96    2.254387528642104E+29    3.043374646465996E+33    2.849416332280606E+14    2.088000000000000E+07    4.609190505748846E-13    1.910652712456326E-01    3.506601216674773E+03    2.950246439359506E+03    4.133286638860667E-03    1.585917299261541E+00    3.043486991623690E+33    2.851803995638086E+14    1.095412000000000E-01    0.000000000000000E+00    5.223477000000000E-01    4.283080000000000E-02    1.936979000000000E-03    1.167623000000000E-01    1.029482000000000E-02    9.816786000000000E-05    2.550713000000000E-03    6.203312000000000E-02    6.017602000000000E-02    1.618268000000000E-02    2.191292000000000E-02    0.000000000000000E+00    0.000000000000000E+00    0.000000000000000E+00    0.000000000000000E+00    0.000000000000000E+00    1.767102000000000E-02    0.000000000000000E+00    1.542338000000000E-02    6.197706889114667E+38    2.777563569684333E+11    7.195954695827336E+08
                       97    2.259662780029066E+29    3.043599336781384E+33    2.854191658995564E+14    2.092000000000000E+07    4.619959343048736E-13    1.910652712456326E-01    3.506601216674773E+03    2.950246439359506E+03    4.128272306917633E-03    1.585006546041786E+00    3.043712676144015E+33    2.856575719701051E+14    1.095412000000000E-01    0.000000000000000E+00    5.223477000000000E-01    4.283080000000000E-02    1.936979000000000E-03    1.167623000000000E-01    1.029482000000000E-02    9.816786000000000E-05    2.550713000000000E-03    6.203312000000000E-02    6.017602000000000E-02    1.618268000000000E-02    2.191292000000000E-02    0.000000000000000E+00    0.000000000000000E+00    0.000000000000000E+00    0.000000000000000E+00    0.000000000000000E+00    1.767102000000000E-02    0.000000000000000E+00    1.542338000000000E-02    6.267563569684334E+38    2.787563569684334E+11    7.225954695827335E+08
                       98    2.270587103858681E+29    3.043826015506644E+33    2.858959780406538E+14    2.096000000000000E+07    4.641284106470958E-13    1.910652712456326E-01    3.506601216674773E+03    2.950246439359506E+03    4.125243643031567E-03    1.584093638840409E+00    3.043940349074209E+33    2.861337598374518E+14    1.095412000000000E-01    0.000000000000000E+00    5.223477000000000E-01    4.283080000000000E-02    1.936979000000000E-03    1.167623000000000E-01    1.029482000000000E-02    9.816786000000000E-05    2.550713000000000E-03    6.203312000000000E-02    6.017602000000000E-02    1.618268000000000E-02    2.191292000000000E-02    0.000000000000000E+00    0.000000000000000E+00    0.000000000000000E+00    0.000000000000000E+00    0.000000000000000E+00    1.767102000000000E-02    0.000000000000000E+00    1.542338000000000E-02    6.337563569684334E+38    2.787706889114667E+11    7.245954695827335E+08
                       99    2.277337755369702E+29    3.044054682641775E+33    2.863715416342498E+14    2.099992834028483E+07    4.641428657390227E-13    1.910652712456326E-01    3.506601216674773E+03    2.950246439359506E+03    4.122257974974600E-03    1.583183752092823E+00    3.044169016209340E+33    2.866084353499873E+14    1.095412000000000E-01    0.000000000000000E+00    5.223477000000000E-01    4.283080000000000E-02    1.936979000000000E-03    1.167623000000000E-01    1.029482000000000E-02    9.816786000000000E-05    2.550713000000000E-03    6.203312000000000E-02    6.017602000000000E-02    1.618268000000000E-02    2.191292000000000E-02    0.000000000000000E+00    0.000000000000000E+00    0.000000000000000E+00    0.000000000000000E+00    0.000000000000000E+00    1.767102000000000E-02    0.000000000000000E+00    1.542338000000000E-02    6.397706889114667E+38    2.797706889114667E+11    7.255954695827335E+08
                      100    2.281191293699114E+29    3.044283349776905E+33    2.868453290657249E+14    2.103985668056966E+07    4.651983371323549E-13    1.910652712456326E-01    3.506601216674773E+03    2.950246439359506E+03    4.120257974974600E-03    1.582275644665714E+00    3.044397683344470E+33    2.870814262902439E+14    1.095412000000000E-01    0.000000000000000E+00    5.223477000000000E-01    4.283080000000000E-02    1.936979000000000E-03    1.167623000000000E-01    1.029482000000000E-02    9.816786000000000E-05    2.550713000000000E-03    6.203312000000000E-02    6.017602000000000E-02    1.618268000000000E-02    2.191292000000000E-02    0.000000000000000E+00    0.000000000000000E+00    0.000000000000000E+00    0.000000000000000E+00    0.000000000000000E+00    1.767102000000000E-02    0.000000000000000E+00    1.542338000000000E-02    6.467563569684333E+38    2.807563569684333E+11    7.275811376397002E+08
                      101    2.286764806566681E+29    3.044512016912035E+33    2.873175235147629E+14    2.107492834028483E+07    4.662562416385323E-13    1.910652712456326E-01    3.506601216674773E+03    2.950246439359506E+03    4.117286638860666E-03    1.581369187999586E+00    3.044625356274665E+33    2.875521183992082E+14    1.095412000000000E-01    0.000000000000000E+00    5.223477000000000E-01    4.283080000000000E-02    1.936979000000000E-03    1.167623000000000E-01    1.029482000000000E-02    9.816786000000000E-05    2.550713000000000E-03    6.203312000000000E-02    6.017602000000000E-02    1.618268000000000E-02    2.191292000000000E-02    0.000000000000000E+00    0.000000000000000E+00    0.000000000000000E+00    0.000000000000000E+00    0.000000000000000E+00    1.767102000000000E-02    0.000000000000000E+00    1.542338000000000E-02    6.537563569684334E+38    2.807563569684333E+11    7.285811376397002E+08
                      102    2.277779182360996E+29    3.044738695637294E+33    2.877867132836536E+14    2.111000000000000E+07    4.662707300528874E-13    1.910652712456326E-01    3.506601216674773E+03    2.950246439359506E+03    4.117272306917633E-03    1.580468473118437E+00    3.044852034999924E+33    2.880184702411708E+14    1.095412000000000E-01    0.000000000000000E+00    5.223477000000000E-01    4.283080000000000E-02    1.936979000000000E-03    1.167623000000000E-01    1.029482000000000E-02    9.816786000000000E-05    2.550713000000000E-03    6.203312000000000E-02    6.017602000000000E-02    1.618268000000000E-02    2.191292000000000E-02    0.000000000000000E+00    0.000000000000000E+00    0.000000000000000E+00    0.000000000000000E+00    0.000000000000000E+00    1.767102000000000E-02    0.000000000000000E+00    1.542338000000000E-02    6.607563569684334E+38    2.807706889114667E+11    7.285811376397002E+08
                      103    2.264323612765983E+29    3.044965374362554E+33    2.882502271986878E+14    2.115000000000000E+07    4.662707300528874E-13    1.910652712456326E-01    3.506601216674773E+03    2.950246439359506E+03    4.117257974974599E-03    1.579578656923214E+00    3.045077719520249E+33    2.884794988604107E+14    1.095412000000000E-01    0.000000000000000E+00    5.223477000000000E-01    4.283080000000000E-02    1.936979000000000E-03    1.167623000000000E-01    1.029482000000000E-02    9.816786000000000E-05    2.550713000000000E-03    6.203312000000000E-02    6.017602000000000E-02    1.618268000000000E-02    2.191292000000000E-02    0.000000000000000E+00    0.000000000000000E+00    0.000000000000000E+00    0.000000000000000E+00    0.000000000000000E+00    1.767102000000000E-02    0.000000000000000E+00    1.542338000000000E-02    6.677420250254001E+38    2.807706889114667E+11    7.285954695827335E+08
                      104    2.254844862912365E+29    3.045190064677943E+33    2.887087705221336E+14    2.118992834028484E+07    4.662707300528874E-13    1.910652712456326E-01    3.506601216674773E+03    2.950246439359506E+03    4.119257974974600E-03    1.578697955279005E+00    3.045302409835638E+33    2.889367418432890E+14    1.095412000000000E-01    0.000000000000000E+00    5.223477000000000E-01    4.283080000000000E-02    1.936979000000000E-03    1.167623000000000E-01    1.029482000000000E-02    9.816786000000000E-05    2.550713000000000E-03    6.203312000000000E-02    6.017602000000000E-02    1.618268000000000E-02    2.191292000000000E-02    0.000000000000000E+00    0.000000000000000E+00    0.000000000000000E+00    0.000000000000000E+00    0.000000000000000E+00    1.767102000000000E-02    0.000000000000000E+00    1.542338000000000E-02    6.747420250254001E+38    2.807563569684333E+11    7.275954695827335E+08
                      105    2.243882759295207E+29    3.045414754993332E+33    2.891647131644442E+14    2.122492834028484E+07    4.662562416385323E-13    1.910652712456326E-01    3.506601216674773E+03    2.950246439359506E+03    4.119257974974600E-03    1.577822276453459E+00    3.045527100151026E+33    2.893917102720614E+14    1.095412000000000E-01    0.000000000000000E+00    5.223477000000000E-01    4.283080000000000E-02    1.936979000000000E-03    1.167623000000000E-01    1.029482000000000E-02    9.816786000000000E-05    2.550713000000000E-03    6.203312000000000E-02    6.017602000000000E-02    1.618268000000000E-02    2.191292000000000E-02    0.000000000000000E+00    0.000000000000000E+00    0.000000000000000E+00    0.000000000000000E+00    0.000000000000000E+00    1.767102000000000E-02    0.000000000000000E+00    1.542338000000000E-02    6.807420250254000E+38    2.807563569684333E+11    7.275954695827335E+08
                      106    2.234680398413616E+29    3.045639445308721E+33    2.896187073796783E+14    2.126000000000000E+07    4.673455950944157E-13    1.910652712456326E-01    3.506601216674773E+03    2.950246439359506E+03    4.116257974974600E-03    1.576948938299025E+00    3.045750796261480E+33    2.898447933008681E+14    1.095412000000000E-01    0.000000000000000E+00    5.223477000000000E-01    4.283080000000000E-02    1.936979000000000E-03    1.167623000000000E-01    1.029482000000000E-02    9.816786000000000E-05    2.550713000000000E-03    6.203312000000000E-02    6.017602000000000E-02    1.618268000000000E-02    2.191292000000000E-02    0.000000000000000E+00    0.000000000000000E+00    0.000000000000000E+00    0.000000000000000E+00    0.000000000000000E+00    1.767102000000000E-02    0.000000000000000E+00    1.542338000000000E-02    6.877420250253999E+38    2.807706889114667E+11    7.295811376397002E+08
                      107    2.240146537148165E+29    3.045862147214239E+33    2.900708792220578E+14    2.129992834028484E+07    4.684229379557664E-13    1.910652712456326E-01    3.506601216674773E+03    2.950246439359506E+03    4.112272306917634E-03    1.576077945230916E+00    3.045974492371934E+33    2.902964509270787E+14    1.095412000000000E-01    0.000000000000000E+00    5.223477000000000E-01    4.283080000000000E-02    1.936979000000000E-03    1.167623000000000E-01    1.029482000000000E-02    9.816786000000000E-05    2.550713000000000E-03    6.203312000000000E-02    6.017602000000000E-02    1.618268000000000E-02    2.191292000000000E-02    0.000000000000000E+00    0.000000000000000E+00    0.000000000000000E+00    0.000000000000000E+00    0.000000000000000E+00    1.767102000000000E-02    0.000000000000000E+00    1.542338000000000E-02    6.947420250254001E+38    2.817706889114667E+11    7.315811376397002E+08
                      108    2.245805551640172E+29    3.046086837529628E+33    2.905220226320996E+14    2.133492834028484E+07    4.694881755056575E-13    1.910652712456326E-01    3.506601216674773E+03    2.950246439359506E+03    4.109286638860667E-03    1.575207590683539E+00    3.046199182687323E+33    2.907476776586919E+14    1.095412000000000E-01    0.000000000000000E+00    5.223477000000000E-01    4.283080000000000E-02    1.936979000000000E-03    1.167623000000000E-01    1.029482000000000E-02    9.816786000000000E-05    2.550713000000000E-03    6.203312000000000E-02    6.017602000000000E-02    1.618268000000000E-02    2.191292000000000E-02    0.000000000000000E+00    0.000000000000000E+00    0.000000000000000E+00    0.000000000000000E+00    0.000000000000000E+00    1.767102000000000E-02    0.000000000000000E+00    1.542338000000000E-02    7.017276930823666E+38    2.827563569684333E+11    7.335668056966670E+08
                      109    2.250784529956399E+29    3.046311527845017E+33    2.909733326852841E+14    2.137000000000000E+07    4.684229379557664E-13    1.910652712456326E-01    3.506601216674773E+03    2.950246439359506E+03    4.111286638860667E-03    1.574338466723135E+00    3.046424867207646E+33    2.911992346588141E+14    1.095412000000000E-01    0.000000000000000E+00    5.223477000000000E-01    4.283080000000000E-02    1.936979000000000E-03    1.167623000000000E-01    1.029482000000000E-02    9.816786000000000E-05    2.550713000000000E-03    6.203312000000000E-02    6.017602000000000E-02    1.618268000000000E-02    2.191292000000000E-02    0.000000000000000E+00    0.000000000000000E+00    0.000000000000000E+00    0.000000000000000E+00    0.000000000000000E+00    1.767102000000000E-02    0.000000000000000E+00    1.542338000000000E-02    7.077420250254002E+38    2.827563569684333E+11    7.325668056966668E+08
                      110    2.258125739199017E+29    3.046538206570276E+33    2.914251366323441E+14    2.141000000000000E+07    4.684229379557664E-13    1.910652712456326E-01    3.506601216674773E+03    2.950246439359506E+03    4.112272306917634E-03    1.573468182326883E+00    3.046651545932906E+33    2.916506184531442E+14    1.095412000000000E-01    0.000000000000000E+00    5.223477000000000E-01    4.283080000000000E-02    1.936979000000000E-03    1.167623000000000E-01    1.029482000000000E-02    9.816786000000000E-05    2.550713000000000E-03    6.203312000000000E-02    6.017602000000000E-02    1.618268000000000E-02    2.191292000000000E-02    0.000000000000000E+00    0.000000000000000E+00    0.000000000000000E+00    0.000000000000000E+00    0.000000000000000E+00    1.767102000000000E-02    0.000000000000000E+00    1.542338000000000E-02    7.147276930823666E+38    2.817706889114667E+11    7.315811376397002E+08
                      111    2.262518136603389E+29    3.046764885295536E+33    2.918761002739443E+14    2.144992834028484E+07    4.684229379557664E-13    1.910652712456326E-01    3.506601216674773E+03    2.950246439359506E+03    4.111272306917634E-03    1.572599728209375E+00    3.046878224658166E+33    2.921004477229144E+14    1.095412000000000E-01    0.000000000000000E+00    5.223477000000000E-01    4.283080000000000E-02    1.936979000000000E-03    1.167623000000000E-01    1.029482000000000E-02    9.816786000000000E-05    2.550713000000000E-03    6.203312000000000E-02    6.017602000000000E-02    1.618268000000000E-02    2.191292000000000E-02    0.000000000000000E+00    0.000000000000000E+00    0.000000000000000E+00    0.000000000000000E+00    0.000000000000000E+00    1.767102000000000E-02    0.000000000000000E+00    1.542338000000000E-02    7.217276930823668E+38    2.827563569684333E+11    7.325811376397002E+08
                      112    2.260780266376399E+29    3.046991564020795E+33    2.923247951718844E+14    2.148492834028484E+07    4.695027643489032E-13    1.910652712456326E-01    3.506601216674773E+03    2.950246439359506E+03    4.109272306917633E-03    1.571734072089025E+00    3.047103909178490E+33    2.925475320273782E+14    1.095412000000000E-01    0.000000000000000E+00    5.223477000000000E-01    4.283080000000000E-02    1.936979000000000E-03    1.167623000000000E-01    1.029482000000000E-02    9.816786000000000E-05    2.550713000000000E-03    6.203312000000000E-02    6.017602000000000E-02    1.618268000000000E-02    2.191292000000000E-02    0.000000000000000E+00    0.000000000000000E+00    0.000000000000000E+00    0.000000000000000E+00    0.000000000000000E+00    1.767102000000000E-02    0.000000000000000E+00    1.542338000000000E-02    7.287276930823666E+38    2.827563569684333E+11    7.335668056966670E+08
                      113    2.259831794868076E+29    3.047216254336184E+33    2.927702688828719E+14    2.152000000000000E+07    4.716698906442652E-13    1.910652712456326E-01    3.506714984867180E+03    2.950246439359506E+03    4.104257974974599E-03    1.570871716899416E+00    3.047329593698814E+33    2.929922356030902E+14    1.095412000000000E-01    0.000000000000000E+00    5.223477000000000E-01    4.283080000000000E-02    1.936979000000000E-03    1.167623000000000E-01    1.029482000000000E-02    9.816786000000000E-05    2.550713000000000E-03    6.203312000000000E-02    6.017602000000000E-02    1.618268000000000E-02    2.191292000000000E-02    0.000000000000000E+00    0.000000000000000E+00    0.000000000000000E+00    0.000000000000000E+00    0.000000000000000E+00    1.767102000000000E-02    0.000000000000000E+00    1.542338000000000E-02    7.357133611393333E+38    2.837563569684333E+11    7.365668056966670E+08
                      114    2.256469393776725E+29    3.047442933061444E+33    2.932142023233085E+14    2.155992834028484E+07    4.716552344619787E-13    1.910652712456326E-01    3.506714984867180E+03    2.950246439359506E+03    4.103286638860666E-03    1.570012575345811E+00    3.047547324579656E+33    2.934228156987143E+14    1.095412000000000E-01    0.000000000000000E+00    5.223477000000000E-01    4.283080000000000E-02    1.936979000000000E-03    1.167623000000000E-01    1.029482000000000E-02    9.816786000000000E-05    2.550713000000000E-03    6.203312000000000E-02    6.017602000000000E-02    1.618268000000000E-02    2.191292000000000E-02    0.000000000000000E+00    0.000000000000000E+00    0.000000000000000E+00    0.000000000000000E+00    0.000000000000000E+00    1.767102000000000E-02    0.000000000000000E+00    1.542338000000000E-02    7.427133611393334E+38    2.837563569684333E+11    7.365668056966670E+08
                      115    2.102166799400686E+29    3.047651716097868E+33    2.936314290741201E+14    2.159492834028483E+07    4.684083826659291E-13    1.910652712456326E-01    3.506601216674773E+03    2.950246439359506E+03    4.111300970803700E-03    1.569209111998382E+00    3.047768038075303E+33    2.938576689435269E+14    1.095412000000000E-01    0.000000000000000E+00    5.223477000000000E-01    4.283080000000000E-02    1.936979000000000E-03    1.167623000000000E-01    1.029482000000000E-02    9.816786000000000E-05    2.550713000000000E-03    6.203312000000000E-02    6.017602000000000E-02    1.618268000000000E-02    2.191292000000000E-02    0.000000000000000E+00    0.000000000000000E+00    0.000000000000000E+00    0.000000000000000E+00    0.000000000000000E+00    1.767102000000000E-02    0.000000000000000E+00    1.542338000000000E-02    7.487133611393334E+38    2.827420250254000E+11    7.325668056966668E+08
                      116    2.310281730107427E+29    3.047884360052739E+33    2.940839088129336E+14    2.163492834028483E+07    4.684083826659291E-13    1.910652712456326E-01    3.506601216674773E+03    2.950246439359506E+03    4.114272306917633E-03    1.568337130009275E+00    3.048031502383171E+33    2.943662501831705E+14    1.095412000000000E-01    0.000000000000000E+00    5.223477000000000E-01    4.283080000000000E-02    1.936979000000000E-03    1.167623000000000E-01    1.029482000000000E-02    9.816786000000000E-05    2.550713000000000E-03    6.203312000000000E-02    6.017602000000000E-02    1.618268000000000E-02    2.191292000000000E-02    0.000000000000000E+00    0.000000000000000E+00    0.000000000000000E+00    0.000000000000000E+00    0.000000000000000E+00    1.767102000000000E-02    0.000000000000000E+00    1.542338000000000E-02    7.557133611393334E+38    2.817563569684333E+11    7.315668056966668E+08
                      117    2.953291725683892E+29    3.048178644713602E+33    2.946485915534073E+14    2.168492834028483E+07    4.727719258685267E-13    1.910652712456326E-01    3.506714984867180E+03    2.950246439359506E+03    4.099243643031567E-03    1.567242790670606E+00    3.048351636372353E+33    2.949807065531856E+14    1.095412000000000E-01    0.000000000000000E+00    5.223477000000000E-01    4.283080000000000E-02    1.936979000000000E-03    1.167623000000000E-01    1.029482000000000E-02    9.816786000000000E-05    2.550713000000000E-03    6.203312000000000E-02    6.017602000000000E-02    1.618268000000000E-02    2.191292000000000E-02    0.000000000000000E+00    0.000000000000000E+00    0.000000000000000E+00    0.000000000000000E+00    0.000000000000000E+00    1.767102000000000E-02    0.000000000000000E+00    1.542338000000000E-02    7.647133611393333E+38    2.847706889114667E+11    7.395668056966670E+08
                      118    3.453223700604408E+29    3.048524628031104E+33    2.953128215529639E+14    2.174000000000000E+07    4.782166123633025E-13    1.910652712456326E-01    3.506714984867180E+03    2.950246439359506E+03    4.087272306917634E-03    1.565944513533938E+00    3.048720486403368E+33    2.956886289598335E+14    1.095412000000000E-01    0.000000000000000E+00    5.223477000000000E-01    4.283080000000000E-02    1.936979000000000E-03    1.167623000000000E-01    1.029482000000000E-02    9.816786000000000E-05    2.550713000000000E-03    6.203312000000000E-02    6.017602000000000E-02    1.618268000000000E-02    2.191292000000000E-02    0.000000000000000E+00    0.000000000000000E+00    0.000000000000000E+00    0.000000000000000E+00    0.000000000000000E+00    1.767102000000000E-02    0.000000000000000E+00    1.542338000000000E-02    7.747133611393334E+38    2.877563569684334E+11    7.455524737536335E+08
                      119    3.930881508153364E+29    3.048916344775632E+33    2.960644363667031E+14    2.180500000000000E+07    4.793190155076070E-13    1.910652712456326E-01    3.506714984867180E+03    2.950246439359506E+03    4.083272306917633E-03    1.564473492142090E+00    3.049143023500891E+33    2.964899366484171E+14    1.095412000000000E-01    0.000000000000000E+00    5.223477000000000E-01    4.283080000000000E-02    1.936979000000000E-03    1.167623000000000E-01    1.029482000000000E-02    9.816786000000000E-05    2.550713000000000E-03    6.203312000000000E-02    6.017602000000000E-02    1.618268000000000E-02    2.191292000000000E-02    0.000000000000000E+00    0.000000000000000E+00    0.000000000000000E+00    0.000000000000000E+00    0.000000000000000E+00    1.767102000000000E-02    0.000000000000000E+00    1.542338000000000E-02    7.867133611393333E+38    2.887563569684334E+11    7.475524737536335E+08
                      120    4.523449522129961E+29    3.049369702226151E+33    2.969154369301311E+14    2.187500000000000E+07    4.804388886146756E-13    1.910652712456326E-01    3.506714984867180E+03    2.950246439359506E+03    4.079257974974600E-03    1.562805705790613E+00    3.049603340385957E+33    2.973494302056359E+14    1.095412000000000E-01    0.000000000000000E+00    5.223477000000000E-01    4.283080000000000E-02    1.936979000000000E-03    1.167623000000000E-01    1.029482000000000E-02    9.816786000000000E-05    2.550713000000000E-03    6.203312000000000E-02    6.017602000000000E-02    1.618268000000000E-02    2.191292000000000E-02    0.000000000000000E+00    0.000000000000000E+00    0.000000000000000E+00    0.000000000000000E+00    0.000000000000000E+00    1.767102000000000E-02    0.000000000000000E+00    1.542338000000000E-02    8.006990291963001E+38    2.897563569684334E+11    7.505381418106002E+08
                      121    4.664187184368098E+29    3.049836978545764E+33    2.977834234811408E+14    2.194500000000000E+07    4.815464146348134E-13    1.910652712456326E-01    3.506714984867180E+03    2.950246439359506E+03    4.075272306917632E-03    1.561102375494967E+00    3.050061668861153E+33    2.982032419103584E+14    1.095412000000000E-01    0.000000000000000E+00    5.223477000000000E-01    4.283080000000000E-02    1.936979000000000E-03    1.167623000000000E-01    1.029482000000000E-02    9.816786000000000E-05    2.550713000000000E-03    6.203312000000000E-02    6.017602000000000E-02    1.618268000000000E-02    2.191292000000000E-02    0.000000000000000E+00    0.000000000000000E+00    0.000000000000000E+00    0.000000000000000E+00    0.000000000000000E+00    1.767102000000000E-02    0.000000000000000E+00    1.542338000000000E-02    8.146990291963000E+38    2.907420250254000E+11    7.525381418106003E+08
                      122    4.500121497526931E+29    3.050286359176542E+33    2.986230603395762E+14    2.201492834028483E+07    4.782314724333942E-13    1.910652712456326E-01    3.506714984867180E+03    2.950246439359506E+03    4.084257974974600E-03    1.559462411689665E+00    3.050511049491931E+33    2.990416161490670E+14    1.095412000000000E-01    0.000000000000000E+00    5.223477000000000E-01    4.283080000000000E-02    1.936979000000000E-03    1.167623000000000E-01    1.029482000000000E-02    9.816786000000000E-05    2.550713000000000E-03    6.203312000000000E-02    6.017602000000000E-02    1.618268000000000E-02    2.191292000000000E-02    0.000000000000000E+00    0.000000000000000E+00    0.000000000000000E+00    0.000000000000000E+00    0.000000000000000E+00    1.767102000000000E-02    0.000000000000000E+00    1.542338000000000E-02    8.286846972532668E+38    2.887563569684334E+11    7.475524737536335E+08
                      123    4.491591219181636E+29    3.050735739807320E+33    2.994601719585579E+14    2.207992834028483E+07    4.771315705687518E-13    1.910652712456326E-01    3.506714984867180E+03    2.950246439359506E+03    4.089257974974600E-03    1.557829143906307E+00    3.050961424327644E+33    2.998786243998571E+14    1.095412000000000E-01    0.000000000000000E+00    5.223477000000000E-01    4.283080000000000E-02    1.936979000000000E-03    1.167623000000000E-01    1.029482000000000E-02    9.816786000000000E-05    2.550713000000000E-03    6.203312000000000E-02    6.017602000000000E-02    1.618268000000000E-02    2.191292000000000E-02    0.000000000000000E+00    0.000000000000000E+00    0.000000000000000E+00    0.000000000000000E+00    0.000000000000000E+00    1.767102000000000E-02    0.000000000000000E+00    1.542338000000000E-02    8.416846972532666E+38    2.867706889114667E+11    7.445668056966668E+08
                      124    4.509681772185247E+29    3.051187108847968E+33    3.002970768411561E+14    2.214500000000000E+07    4.760341984081983E-13    1.910652712456326E-01    3.506714984867180E+03    2.950246439359506E+03    4.091272306917633E-03    1.556199233225685E+00    3.051412793368293E+33    3.007140643764951E+14    1.095412000000000E-01    0.000000000000000E+00    5.223477000000000E-01    4.283080000000000E-02    1.936979000000000E-03    1.167623000000000E-01    1.029482000000000E-02    9.816786000000000E-05    2.550713000000000E-03    6.203312000000000E-02    6.017602000000000E-02    1.618268000000000E-02    2.191292000000000E-02    0.000000000000000E+00    0.000000000000000E+00    0.000000000000000E+00    0.000000000000000E+00    0.000000000000000E+00    1.767102000000000E-02    0.000000000000000E+00    1.542338000000000E-02    8.556703653102335E+38    2.867563569684333E+11    7.435668056966668E+08
                      125    4.523918786859446E+29    3.051638477888617E+33    3.011310519118342E+14    2.221500000000000E+07    4.760341984081983E-13    1.910652712456326E-01    3.506714984867180E+03    2.950246439359506E+03    4.090286638860666E-03    1.554575420129838E+00    3.051865156613877E+33    3.015465558613382E+14    1.095412000000000E-01    0.000000000000000E+00    5.223477000000000E-01    4.283080000000000E-02    1.936979000000000E-03    1.167623000000000E-01    1.029482000000000E-02    9.816786000000000E-05    2.550713000000000E-03    6.203312000000000E-02    6.017602000000000E-02    1.618268000000000E-02    2.191292000000000E-02    0.000000000000000E+00    0.000000000000000E+00    0.000000000000000E+00    0.000000000000000E+00    0.000000000000000E+00    1.767102000000000E-02    0.000000000000000E+00    1.542338000000000E-02    8.686846972532666E+38    2.867563569684333E+11    7.435524737536335E+08
                      126    4.536479572012645E+29    3.052091835339136E+33    3.019620598108422E+14    2.228500000000000E+07    4.760341984081983E-13    1.910652712456326E-01    3.506714984867180E+03    2.950246439359506E+03    4.090272306917633E-03    1.552957389931887E+00    3.052319508269331E+33    3.023772800975766E+14    1.095412000000000E-01    0.000000000000000E+00    5.223477000000000E-01    4.283080000000000E-02    1.936979000000000E-03    1.167623000000000E-01    1.029482000000000E-02    9.816786000000000E-05    2.550713000000000E-03    6.203312000000000E-02    6.017602000000000E-02    1.618268000000000E-02    2.191292000000000E-02    0.000000000000000E+00    0.000000000000000E+00    0.000000000000000E+00    0.000000000000000E+00    0.000000000000000E+00    1.767102000000000E-02    0.000000000000000E+00    1.542338000000000E-02    8.826703653102333E+38    2.867563569684333E+11    7.445524737536335E+08
                      127    4.557886792680580E+29    3.052547181199526E+33    3.027925003843108E+14    2.235000000000000E+07    4.771167446758728E-13    1.910652712456326E-01    3.506714984867180E+03    2.950246439359506E+03    4.089272306917633E-03    1.551337184651373E+00    3.052775848334656E+33    3.032058908345943E+14    1.095412000000000E-01    0.000000000000000E+00    5.223477000000000E-01    4.283080000000000E-02    1.936979000000000E-03    1.167623000000000E-01    1.029482000000000E-02    9.816786000000000E-05    2.550713000000000E-03    6.203312000000000E-02    6.017602000000000E-02    1.618268000000000E-02    2.191292000000000E-02    0.000000000000000E+00    0.000000000000000E+00    0.000000000000000E+00    0.000000000000000E+00    0.000000000000000E+00    1.767102000000000E-02    0.000000000000000E+00    1.542338000000000E-02    8.966560333672001E+38    2.867563569684333E+11    7.435524737536335E+08
                      128    4.558429628575280E+29    3.053004515469787E+33    3.036192812848778E+14    2.241500000000000E+07    4.760341984081983E-13    1.910652712456326E-01    3.506714984867180E+03    2.950246439359506E+03    4.090272306917633E-03    1.549727384440503E+00    3.053231194195046E+33    3.040286826473200E+14    1.095412000000000E-01    0.000000000000000E+00    5.223477000000000E-01    4.283080000000000E-02    1.936979000000000E-03    1.167623000000000E-01    1.029482000000000E-02    9.816786000000000E-05    2.550713000000000E-03    6.203312000000000E-02    6.017602000000000E-02    1.618268000000000E-02    2.191292000000000E-02    0.000000000000000E+00    0.000000000000000E+00    0.000000000000000E+00    0.000000000000000E+00    0.000000000000000E+00    1.767102000000000E-02    0.000000000000000E+00    1.542338000000000E-02    9.106560333672001E+38    2.867563569684333E+11    7.435524737536335E+08
                      129    4.533878731901771E+29    3.053457872920305E+33    3.044380840097622E+14    2.248492834028483E+07    4.760194066139267E-13    1.910652712456326E-01    3.506601216674773E+03    2.950246439359506E+03    4.090272306917633E-03    1.548133169056379E+00    3.053683557440630E+33    3.048438450485950E+14    1.095412000000000E-01    0.000000000000000E+00    5.223477000000000E-01    4.283080000000000E-02    1.936979000000000E-03    1.167623000000000E-01    1.029482000000000E-02    9.816786000000000E-05    2.550713000000000E-03    6.203312000000000E-02    6.017602000000000E-02    1.618268000000000E-02    2.191292000000000E-02    0.000000000000000E+00    0.000000000000000E+00    0.000000000000000E+00    0.000000000000000E+00    0.000000000000000E+00    1.767102000000000E-02    0.000000000000000E+00    1.542338000000000E-02    9.236560333672001E+38    2.867563569684333E+11    7.405668056966668E+08
                      130    4.517297381990021E+29    3.053909241960954E+33    3.052496060874279E+14    2.254992834028484E+07    4.749393501335770E-13    1.910652712456326E-01    3.506601216674773E+03    2.950246439359506E+03    4.092272306917633E-03    1.546555942077833E+00    3.054133932276343E+33    3.056522903335159E+14    1.095412000000000E-01    0.000000000000000E+00    5.223477000000000E-01    4.283080000000000E-02    1.936979000000000E-03    1.167623000000000E-01    1.029482000000000E-02    9.816786000000000E-05    2.550713000000000E-03    6.203312000000000E-02    6.017602000000000E-02    1.618268000000000E-02    2.191292000000000E-02    0.000000000000000E+00    0.000000000000000E+00    0.000000000000000E+00    0.000000000000000E+00    0.000000000000000E+00    1.767102000000000E-02    0.000000000000000E+00    1.542338000000000E-02    9.376417014241668E+38    2.857706889114667E+11    7.405524737536336E+08
                      131    4.500075764099905E+29    3.054358622591732E+33    3.060549745796038E+14    2.261492834028483E+07    4.738470199401124E-13    1.910652712456326E-01    3.506601216674773E+03    2.950246439359506E+03    4.094272306917634E-03    1.544993511558580E+00    3.054582318702185E+33    3.064545878456832E+14    1.095412000000000E-01    0.000000000000000E+00    5.223477000000000E-01    4.283080000000000E-02    1.936979000000000E-03    1.167623000000000E-01    1.029482000000000E-02    9.816786000000000E-05    2.550713000000000E-03    6.203312000000000E-02    6.017602000000000E-02    1.618268000000000E-02    2.191292000000000E-02    0.000000000000000E+00    0.000000000000000E+00    0.000000000000000E+00    0.000000000000000E+00    0.000000000000000E+00    1.767102000000000E-02    0.000000000000000E+00    1.542338000000000E-02    9.506417014241667E+38    2.857563569684333E+11    7.395668056966670E+08
                      132    4.476016004664458E+29    3.054806014812639E+33    3.068542011117627E+14    2.267992834028483E+07    4.738322961079622E-13    1.910652712456326E-01    3.506601216674773E+03    2.950246439359506E+03    4.097272306917634E-03    1.543441909947038E+00    3.055029710923092E+33    3.072530155665742E+14    1.095412000000000E-01    0.000000000000000E+00    5.223477000000000E-01    4.283080000000000E-02    1.936979000000000E-03    1.167623000000000E-01    1.029482000000000E-02    9.816786000000000E-05    2.550713000000000E-03    6.203312000000000E-02    6.017602000000000E-02    1.618268000000000E-02    2.191292000000000E-02    0.000000000000000E+00    0.000000000000000E+00    0.000000000000000E+00    0.000000000000000E+00    0.000000000000000E+00    1.767102000000000E-02    0.000000000000000E+00    1.542338000000000E-02    9.646273694811335E+38    2.847706889114667E+11    7.385524737536336E+08
                      133    4.478248988949252E+29    3.055253407033546E+33    3.076518300213857E+14    2.274000000000000E+07    4.727425120681005E-13    1.910652712456326E-01    3.506601216674773E+03    2.950246439359506E+03    4.100272306917634E-03    1.541895840085222E+00    3.055479091553870E+33    3.080510064216408E+14    1.095412000000000E-01    0.000000000000000E+00    5.223477000000000E-01    4.283080000000000E-02    1.936979000000000E-03    1.167623000000000E-01    1.029482000000000E-02    9.816786000000000E-05    2.550713000000000E-03    6.203312000000000E-02    6.017602000000000E-02    1.618268000000000E-02    2.191292000000000E-02    0.000000000000000E+00    0.000000000000000E+00    0.000000000000000E+00    0.000000000000000E+00    0.000000000000000E+00    1.767102000000000E-02    0.000000000000000E+00    1.542338000000000E-02    9.776273694811335E+38    2.847563569684333E+11    7.365668056966670E+08
                      134    4.498021736703473E+29    3.055704776074195E+33    3.084501828218958E+14    2.280500000000000E+07    4.716552344619787E-13    1.910652712456326E-01    3.506601216674773E+03    2.950246439359506E+03    4.103272306917633E-03    1.540350796559909E+00    3.055929466389584E+33    3.088489714552650E+14    1.095412000000000E-01    0.000000000000000E+00    5.223477000000000E-01    4.283080000000000E-02    1.936979000000000E-03    1.167623000000000E-01    1.029482000000000E-02    9.816786000000000E-05    2.550713000000000E-03    6.203312000000000E-02    6.017602000000000E-02    1.618268000000000E-02    2.191292000000000E-02    0.000000000000000E+00    0.000000000000000E+00    0.000000000000000E+00    0.000000000000000E+00    0.000000000000000E+00    1.767102000000000E-02    0.000000000000000E+00    1.542338000000000E-02    9.906273694811334E+38    2.837563569684333E+11    7.355668056966670E+08
                      135    4.509355672966453E+29    3.056154156704972E+33    3.092477600886342E+14    2.287000000000000E+07    4.705704575249571E-13    1.910652712456326E-01    3.506601216674773E+03    2.950246439359506E+03    4.106272306917633E-03    1.538809678162586E+00    3.056380835430231E+33    3.096465793779701E+14    1.095412000000000E-01    0.000000000000000E+00    5.223477000000000E-01    4.283080000000000E-02    1.936979000000000E-03    1.167623000000000E-01    1.029482000000000E-02    9.816786000000000E-05    2.550713000000000E-03    6.203312000000000E-02    6.017602000000000E-02    1.618268000000000E-02    2.191292000000000E-02    0.000000000000000E+00    0.000000000000000E+00    0.000000000000000E+00    0.000000000000000E+00    0.000000000000000E+00    1.767102000000000E-02    0.000000000000000E+00    1.542338000000000E-02    1.009555709765967E+39    2.827706889114667E+11    7.335811376397003E+08
                      136    4.521604277769952E+29    3.056607514155492E+33    3.100453986673060E+14    2.293500000000000E+07    4.694881755056575E-13    1.910423461023519E-01    3.506601216674773E+03    2.950151374314552E+03    4.109272306917633E-03    1.537270862406687E+00    3.056834192880751E+33    3.104443161572218E+14    1.095412000000000E-01    0.000000000000000E+00    5.223477000000000E-01    4.283080000000000E-02    1.936979000000000E-03    1.167623000000000E-01    1.029482000000000E-02    9.816786000000000E-05    2.550713000000000E-03    6.203312000000000E-02    6.017602000000000E-02    1.618268000000000E-02    2.191292000000000E-02    0.000000000000000E+00    0.000000000000000E+00    0.000000000000000E+00    0.000000000000000E+00    0.000000000000000E+00    1.767102000000000E-02    0.000000000000000E+00    1.542338000000000E-02    1.019598705595067E+39    2.827563569684333E+11    7.325668056966668E+08
                      137    4.534735736556043E+29    3.057060871606010E+33    3.108432336471376E+14    2.300000000000000E+07    4.684083826659291E-13    1.910423461023519E-01    3.506601216674773E+03    2.950151374314552E+03    4.112272306917634E-03    1.535734086693460E+00    3.057287550331270E+33    3.112414201166382E+14    1.095412000000000E-01    0.000000000000000E+00    5.223477000000000E-01    4.283080000000000E-02    1.936979000000000E-03    1.167623000000000E-01    1.029482000000000E-02    9.816786000000000E-05    2.550713000000000E-03    6.203312000000000E-02    6.017602000000000E-02    1.618268000000000E-02    2.191292000000000E-02    0.000000000000000E+00    0.000000000000000E+00    0.000000000000000E+00    0.000000000000000E+00    0.000000000000000E+00    1.767102000000000E-02    0.000000000000000E+00    1.542338000000000E-02    1.029713361139333E+39    2.817706889114667E+11    7.305811376397002E+08
                      138    4.537607000409330E+29    3.057514229056530E+33    3.116396065861389E+14    2.306492834028484E+07    4.673310732808161E-13    1.910423461023519E-01    3.506601216674773E+03    2.950151374314552E+03    4.115272306917633E-03    1.534202538783607E+00    3.057740907781789E+33    3.120365105628726E+14    1.095412000000000E-01    0.000000000000000E+00    5.223477000000000E-01    4.283080000000000E-02    1.936979000000000E-03    1.167623000000000E-01    1.029482000000000E-02    9.816786000000000E-05    2.550713000000000E-03    6.203312000000000E-02    6.017602000000000E-02    1.618268000000000E-02    2.191292000000000E-02    0.000000000000000E+00    0.000000000000000E+00    0.000000000000000E+00    0.000000000000000E+00    0.000000000000000E+00    1.767102000000000E-02    0.000000000000000E+00    1.542338000000000E-02    1.049570041709000E+39    2.807706889114667E+11    7.285954695827335E+08
                      139    4.538060357859849E+29    3.057967586507049E+33    3.124334145396063E+14    2.312992834028483E+07    4.662562416385323E-13    1.910423461023519E-01    3.506601216674773E+03    2.950151374314552E+03    4.118272306917633E-03    1.532678324427336E+00    3.058195259437244E+33    3.128289139112672E+14    1.095412000000000E-01    0.000000000000000E+00    5.223477000000000E-01    4.283080000000000E-02    1.936979000000000E-03    1.167623000000000E-01    1.029482000000000E-02    9.816786000000000E-05    2.550713000000000E-03    6.203312000000000E-02    6.017602000000000E-02    1.618268000000000E-02    2.191292000000000E-02    0.000000000000000E+00    0.000000000000000E+00    0.000000000000000E+00    0.000000000000000E+00    0.000000000000000E+00    1.767102000000000E-02    0.000000000000000E+00    1.542338000000000E-02    1.059570041709000E+39    2.807563569684333E+11    7.275811376397002E+08
                      140    4.539116203501190E+29    3.058422932367438E+33    3.132244132829282E+14    2.319000000000000E+07    4.651838820404280E-13    1.910423461023519E-01    3.506601216674773E+03    2.950151374314552E+03    4.121272306917633E-03    1.531161893579470E+00    3.058649611092698E+33    3.136187081335938E+14    1.095412000000000E-01    0.000000000000000E+00    5.223477000000000E-01    4.283080000000000E-02    1.936979000000000E-03    1.167623000000000E-01    1.029482000000000E-02    9.816786000000000E-05    2.550713000000000E-03    6.203312000000000E-02    6.017602000000000E-02    1.618268000000000E-02    2.191292000000000E-02    0.000000000000000E+00    0.000000000000000E+00    0.000000000000000E+00    0.000000000000000E+00    0.000000000000000E+00    1.767102000000000E-02    0.000000000000000E+00    1.542338000000000E-02    1.069570041709000E+39    2.797706889114667E+11    7.255954695827335E+08
                      141    4.537608988819201E+29    3.058876289817958E+33    3.140130029842592E+14    2.325492834028483E+07    4.641284106470958E-13    1.910423461023519E-01    3.506601216674773E+03    2.950151374314552E+03    4.123272306917634E-03    1.529652778019386E+00    3.059102968543217E+33    3.144062982329360E+14    1.095412000000000E-01    0.000000000000000E+00    5.223477000000000E-01    4.283080000000000E-02    1.936979000000000E-03    1.167623000000000E-01    1.029482000000000E-02    9.816786000000000E-05    2.550713000000000E-03    6.203312000000000E-02    6.017602000000000E-02    1.618268000000000E-02    2.191292000000000E-02    0.000000000000000E+00    0.000000000000000E+00    0.000000000000000E+00    0.000000000000000E+00    0.000000000000000E+00    1.767102000000000E-02    0.000000000000000E+00    1.542338000000000E-02    1.089570041709000E+39    2.797563569684334E+11    7.245954695827335E+08
                      142    4.537141712499588E+29    3.059329647268477E+33    3.147995934816128E+14    2.331992834028484E+07    4.630609449244682E-13    1.910423461023519E-01    3.506601216674773E+03    2.950151374314552E+03    4.126257974974601E-03    1.528149862942632E+00    3.059556325993737E+33    3.151918755938758E+14    1.095412000000000E-01    0.000000000000000E+00    5.223477000000000E-01    4.283080000000000E-02    1.936979000000000E-03    1.167623000000000E-01    1.029482000000000E-02    9.816786000000000E-05    2.550713000000000E-03    6.203312000000000E-02    6.017602000000000E-02    1.618268000000000E-02    2.191292000000000E-02    0.000000000000000E+00    0.000000000000000E+00    0.000000000000000E+00    0.000000000000000E+00    0.000000000000000E+00    1.767102000000000E-02    0.000000000000000E+00    1.542338000000000E-02    1.099570041709000E+39    2.787706889114667E+11    7.235954695827335E+08
                      143    4.540176025962273E+29    3.059783004718997E+33    3.155841577061389E+14    2.338000000000000E+07    4.630465562476559E-13    1.910423461023519E-01    3.506601216674773E+03    2.950151374314552E+03    4.128257974974600E-03    1.526650140643104E+00    3.060010677649191E+33    3.159751951383483E+14    1.095412000000000E-01    0.000000000000000E+00    5.223477000000000E-01    4.283080000000000E-02    1.936979000000000E-03    1.167623000000000E-01    1.029482000000000E-02    9.816786000000000E-05    2.550713000000000E-03    6.203312000000000E-02    6.017602000000000E-02    1.618268000000000E-02    2.191292000000000E-02    0.000000000000000E+00    0.000000000000000E+00    0.000000000000000E+00    0.000000000000000E+00    0.000000000000000E+00    1.767102000000000E-02    0.000000000000000E+00    1.542338000000000E-02    1.109570041709000E+39    2.787563569684334E+11    7.225954695827335E+08
                      144    4.543182501686768E+29    3.060238350579386E+33    3.163662325705577E+14    2.344500000000000E+07    4.619815787210997E-13    1.910423461023519E-01    3.506601216674773E+03    2.950151374314552E+03    4.130272306917633E-03    1.525157887502002E+00    3.060465029304646E+33    3.167561572882516E+14    1.095412000000000E-01    0.000000000000000E+00    5.223477000000000E-01    4.283080000000000E-02    1.936979000000000E-03    1.167623000000000E-01    1.029482000000000E-02    9.816786000000000E-05    2.550713000000000E-03    6.203312000000000E-02    6.017602000000000E-02    1.618268000000000E-02    2.191292000000000E-02    0.000000000000000E+00    0.000000000000000E+00    0.000000000000000E+00    0.000000000000000E+00    0.000000000000000E+00    1.767102000000000E-02    0.000000000000000E+00    1.542338000000000E-02    1.129570041709000E+39    2.777706889114667E+11    7.215954695827335E+08
                      145    4.546525018679411E+29    3.060691708029905E+33    3.171460820059456E+14    2.351000000000000E+07    4.609333731417322E-13    1.910423461023519E-01    3.506601216674773E+03    2.950151374314552E+03    4.132272306917633E-03    1.523672536624441E+00    3.060920375165036E+33    3.175356507359607E+14    1.095412000000000E-01    0.000000000000000E+00    5.223477000000000E-01    4.283080000000000E-02    1.936979000000000E-03    1.167623000000000E-01    1.029482000000000E-02    9.816786000000000E-05    2.550713000000000E-03    6.203312000000000E-02    6.017602000000000E-02    1.618268000000000E-02    2.191292000000000E-02    0.000000000000000E+00    0.000000000000000E+00    0.000000000000000E+00    0.000000000000000E+00    0.000000000000000E+00    1.767102000000000E-02    0.000000000000000E+00    1.542338000000000E-02    1.139570041709000E+39    2.777563569684333E+11    7.196098015257668E+08
                      146    4.554367307209445E+29    3.061149042300166E+33    3.179252194659758E+14    2.357000000000000E+07    4.598732558014514E-13    1.910423461023519E-01    3.506601216674773E+03    2.950151374314552E+03    4.134272306917632E-03    1.522191238437376E+00    3.061376715230361E+33    3.183142031089696E+14    1.095412000000000E-01    0.000000000000000E+00    5.223477000000000E-01    4.283080000000000E-02    1.936979000000000E-03    1.167623000000000E-01    1.029482000000000E-02    9.816786000000000E-05    2.550713000000000E-03    6.203312000000000E-02    6.017602000000000E-02    1.618268000000000E-02    2.191292000000000E-02    0.000000000000000E+00    0.000000000000000E+00    0.000000000000000E+00    0.000000000000000E+00    0.000000000000000E+00    1.767102000000000E-02    0.000000000000000E+00    1.542338000000000E-02    1.159426722278667E+39    2.767706889114667E+11    7.185954695827336E+08
                      147    4.555600121329277E+29    3.061604388160556E+33    3.187031867519633E+14    2.363000000000000E+07    4.588155766633931E-13    1.910423461023519E-01    3.506601216674773E+03    2.950151374314552E+03    4.137272306917634E-03    1.520714495749291E+00    3.061831066885815E+33    3.190898113738700E+14    1.095412000000000E-01    0.000000000000000E+00    5.223477000000000E-01    4.283080000000000E-02    1.936979000000000E-03    1.167623000000000E-01    1.029482000000000E-02    9.816786000000000E-05    2.550713000000000E-03    6.203312000000000E-02    6.017602000000000E-02    1.618268000000000E-02    2.191292000000000E-02    0.000000000000000E+00    0.000000000000000E+00    0.000000000000000E+00    0.000000000000000E+00    0.000000000000000E+00    1.767102000000000E-02    0.000000000000000E+00    1.542338000000000E-02    1.169570041709000E+39    2.767563569684334E+11    7.175954695827336E+08
                      148    4.540569731116671E+29    3.062057745611075E+33    3.194764359957767E+14    2.369500000000000E+07    4.588013199027628E-13    1.910423461023519E-01    3.506601216674773E+03    2.950151374314552E+03    4.139272306917634E-03    1.519246046057750E+00    3.062284424336335E+33    3.198604233564838E+14    1.095412000000000E-01    0.000000000000000E+00    5.223477000000000E-01    4.283080000000000E-02    1.936979000000000E-03    1.167623000000000E-01    1.029482000000000E-02    9.816786000000000E-05    2.550713000000000E-03    6.203312000000000E-02    6.017602000000000E-02    1.618268000000000E-02    2.191292000000000E-02    0.000000000000000E+00    0.000000000000000E+00    0.000000000000000E+00    0.000000000000000E+00    0.000000000000000E+00    1.767102000000000E-02    0.000000000000000E+00    1.542338000000000E-02    1.179570041709000E+39    2.757706889114667E+11    7.156098015257670E+08
                      149    4.527617229218944E+29    3.062511103061594E+33    3.202444107171910E+14    2.376000000000000E+07    4.577461061488578E-13    1.910423461023519E-01    3.506601216674773E+03    2.950151374314552E+03    4.142272306917633E-03    1.517789912978748E+00    3.062736787581918E+33    3.206263645044060E+14    1.095412000000000E-01    0.000000000000000E+00    5.223477000000000E-01    4.283080000000000E-02    1.936979000000000E-03    1.167623000000000E-01    1.029482000000000E-02    9.816786000000000E-05    2.550713000000000E-03    6.203312000000000E-02    6.017602000000000E-02    1.618268000000000E-02    2.191292000000000E-02    0.000000000000000E+00    0.000000000000000E+00    0.000000000000000E+00    0.000000000000000E+00    0.000000000000000E+00    1.767102000000000E-02    0.000000000000000E+00    1.542338000000000E-02    1.199426722278667E+39    2.757563569684333E+11    7.146098015257668E+08
                      150    4.517478327288254E+29    3.062962472102242E+33    3.210083182916209E+14    2.382000000000000E+07    4.566933193192413E-13    1.910423461023519E-01    3.498649764209491E+03    2.950151374314552E+03    4.145272306917633E-03    1.516343776194590E+00    3.063187162417631E+33    3.213885153844657E+14    1.095412000000000E-01    0.000000000000000E+00    5.223477000000000E-01    4.283080000000000E-02    1.936979000000000E-03    1.167623000000000E-01    1.029482000000000E-02    9.816786000000000E-05    2.550713000000000E-03    6.203312000000000E-02    6.017602000000000E-02    1.618268000000000E-02    2.191292000000000E-02    0.000000000000000E+00    0.000000000000000E+00    0.000000000000000E+00    0.000000000000000E+00    0.000000000000000E+00    1.767102000000000E-02    0.000000000000000E+00    1.542338000000000E-02    1.209570041709000E+39    2.747706889114667E+11    7.126098015257668E+08
                      151    4.501620758569437E+29    3.063411852733021E+33    3.217687124773105E+14    2.388000000000000E+07    4.546091301724870E-13    1.910423461023519E-01    3.498649764209491E+03    2.950151374314552E+03    4.149257974974600E-03    1.514909480657508E+00    3.063637537253345E+33    3.221482500585767E+14    1.095412000000000E-01    0.000000000000000E+00    5.223477000000000E-01    4.283080000000000E-02    1.936979000000000E-03    1.167623000000000E-01    1.029482000000000E-02    9.816786000000000E-05    2.550713000000000E-03    6.203312000000000E-02    6.017602000000000E-02    1.618268000000000E-02    2.191292000000000E-02    0.000000000000000E+00    0.000000000000000E+00    0.000000000000000E+00    0.000000000000000E+00    0.000000000000000E+00    1.767102000000000E-02    0.000000000000000E+00    1.542338000000000E-02    1.219570041709000E+39    2.737706889114667E+11    7.106241334688002E+08
                      152    4.499803351947619E+29    3.063863221773669E+33    3.225277876398429E+14    2.394000000000000E+07    4.535635581874054E-13    1.910423461023519E-01    3.498649764209491E+03    2.950151374314552E+03    4.152257974974601E-03    1.513479933252879E+00    3.064088906293993E+33    3.229074389594292E+14    1.095412000000000E-01    0.000000000000000E+00    5.223477000000000E-01    4.283080000000000E-02    1.936979000000000E-03    1.167623000000000E-01    1.029482000000000E-02    9.816786000000000E-05    2.550713000000000E-03    6.203312000000000E-02    6.017602000000000E-02    1.618268000000000E-02    2.191292000000000E-02    0.000000000000000E+00    0.000000000000000E+00    0.000000000000000E+00    0.000000000000000E+00    0.000000000000000E+00    1.767102000000000E-02    0.000000000000000E+00    1.542338000000000E-02    1.239426722278667E+39    2.737563569684333E+11    7.086241334688002E+08
                      153    4.516038718541869E+29    3.064314590814317E+33    3.232870902790156E+14    2.400000000000000E+07    4.535494646225644E-13    1.910423461023519E-01    3.498649764209491E+03    2.950151374314552E+03    4.154257974974600E-03    1.512049314278711E+00    3.064540275334642E+33    3.236660306263472E+14    1.095412000000000E-01    0.000000000000000E+00    5.223477000000000E-01    4.283080000000000E-02    1.936979000000000E-03    1.167623000000000E-01    1.029482000000000E-02    9.816786000000000E-05    2.550713000000000E-03    6.203312000000000E-02    6.017602000000000E-02    1.618268000000000E-02    2.191292000000000E-02    0.000000000000000E+00    0.000000000000000E+00    0.000000000000000E+00    0.000000000000000E+00    0.000000000000000E+00    1.767102000000000E-02    0.000000000000000E+00    1.542338000000000E-02    1.249570041709000E+39    2.727706889114667E+11    7.076241334688002E+08
                      154    4.526694607038940E+29    3.064765959854965E+33    3.240449709736789E+14    2.406000000000000E+07    4.525203909511585E-13    1.910423461023519E-01    3.498649764209491E+03    2.950151374314552E+03    4.156257974974600E-03    1.510623927189300E+00    3.064992638580225E+33    3.244233412899279E+14    1.095412000000000E-01    0.000000000000000E+00    5.223477000000000E-01    4.283080000000000E-02    1.936979000000000E-03    1.167623000000000E-01    1.029482000000000E-02    9.816786000000000E-05    2.550713000000000E-03    6.203312000000000E-02    6.017602000000000E-02    1.618268000000000E-02    2.191292000000000E-02    0.000000000000000E+00    0.000000000000000E+00    0.000000000000000E+00    0.000000000000000E+00    0.000000000000000E+00    1.767102000000000E-02    0.000000000000000E+00    1.542338000000000E-02    1.259570041709000E+39    2.727706889114667E+11    7.066241334688002E+08
                      155    4.535383958173891E+29    3.065219317305485E+33    3.248017116061769E+14    2.412492834028484E+07    4.514796229329781E-13    1.893135743097738E-01    3.498649764209491E+03    2.943461060841238E+03    4.157272306917634E-03    1.509203611294320E+00    3.065446990235679E+33    3.251793554751794E+14    1.095412000000000E-01    0.000000000000000E+00    5.223477000000000E-01    4.283080000000000E-02    1.936979000000000E-03    1.167623000000000E-01    1.029482000000000E-02    9.816786000000000E-05    2.550713000000000E-03    6.203312000000000E-02    6.017602000000000E-02    1.618268000000000E-02    2.191292000000000E-02    0.000000000000000E+00    0.000000000000000E+00    0.000000000000000E+00    0.000000000000000E+00    0.000000000000000E+00    1.767102000000000E-02    0.000000000000000E+00    1.542338000000000E-02    1.279426722278667E+39    2.717706889114667E+11    7.056241334688002E+08
                      156    4.538263175666661E+29    3.065674663165874E+33    3.255569993441818E+14    2.418992834028484E+07    4.514655941221857E-13    1.893135743097738E-01    3.498649764209491E+03    2.943461060841238E+03    4.160272306917632E-03    1.507785044914385E+00    3.065902336096069E+33    3.259360103166407E+14    1.095412000000000E-01    0.000000000000000E+00    5.223477000000000E-01    4.283080000000000E-02    1.936979000000000E-03    1.167623000000000E-01    1.029482000000000E-02    9.816786000000000E-05    2.550713000000000E-03    6.203312000000000E-02    6.017602000000000E-02    1.618268000000000E-02    2.191292000000000E-02    0.000000000000000E+00    0.000000000000000E+00    0.000000000000000E+00    0.000000000000000E+00    0.000000000000000E+00    1.767102000000000E-02    0.000000000000000E+00    1.542338000000000E-02    1.289570041709000E+39    2.717706889114667E+11    7.046241334688002E+08
                      157    4.562629150222195E+29    3.066130009026264E+33    3.263150212890996E+14    2.425000000000000E+07    4.494052624913104E-13    1.893135743097738E-01    3.498649764209491E+03    2.943461060841238E+03    4.163272306917634E-03    1.506366817482117E+00    3.066360664571266E+33    3.266963811297438E+14    1.095412000000000E-01    0.000000000000000E+00    5.223477000000000E-01    4.283080000000000E-02    1.936979000000000E-03    1.167623000000000E-01    1.029482000000000E-02    9.816786000000000E-05    2.550713000000000E-03    6.203312000000000E-02    6.017602000000000E-02    1.618268000000000E-02    2.191292000000000E-02    0.000000000000000E+00    0.000000000000000E+00    0.000000000000000E+00    0.000000000000000E+00    0.000000000000000E+00    1.767102000000000E-02    0.000000000000000E+00    1.542338000000000E-02    1.309426722278667E+39    2.707706889114667E+11    7.026241334688002E+08
                      158    4.604369850227888E+29    3.066591320116266E+33    3.270777409703880E+14    2.431000000000000E+07    4.493912981370486E-13    1.893135743097738E-01    3.498649764209491E+03    2.943461060841238E+03    4.166257974974601E-03    1.504938822285342E+00    3.066822969866202E+33    3.274601437195438E+14    1.095412000000000E-01    0.000000000000000E+00    5.223477000000000E-01    4.283080000000000E-02    1.936979000000000E-03    1.167623000000000E-01    1.029482000000000E-02    9.816786000000000E-05    2.550713000000000E-03    6.203312000000000E-02    6.017602000000000E-02    1.618268000000000E-02    2.191292000000000E-02    0.000000000000000E+00    0.000000000000000E+00    0.000000000000000E+00    0.000000000000000E+00    0.000000000000000E+00    1.767102000000000E-02    0.000000000000000E+00    1.542338000000000E-02    1.319426722278667E+39    2.707706889114667E+11    7.016241334688002E+08
                      159    4.635158388665777E+29    3.067054619616139E+33    3.278425464686994E+14    2.437000000000000E+07    4.483716590697723E-13    1.893135743097738E-01    3.498649764209491E+03    2.943461060841238E+03    4.167272306917633E-03    1.503509822158492E+00    3.067287263571011E+33    3.282256920597597E+14    1.095412000000000E-01    0.000000000000000E+00    5.223477000000000E-01    4.283080000000000E-02    1.936979000000000E-03    1.167623000000000E-01    1.029482000000000E-02    9.816786000000000E-05    2.550713000000000E-03    6.203312000000000E-02    6.017602000000000E-02    1.618268000000000E-02    2.191292000000000E-02    0.000000000000000E+00    0.000000000000000E+00    0.000000000000000E+00    0.000000000000000E+00    0.000000000000000E+00    1.767102000000000E-02    0.000000000000000E+00    1.542338000000000E-02    1.329570041709000E+39    2.697706889114667E+11    7.006241334688002E+08
                      160    4.658373073906176E+29    3.067519907525882E+33    3.286088376508201E+14    2.443000000000000E+07    4.473404328701356E-13    1.893135743097738E-01    3.498649764209491E+03    2.943461060841238E+03    4.169272306917634E-03    1.502080653531833E+00    3.067754539890625E+33    3.289927655885171E+14    1.095412000000000E-01    0.000000000000000E+00    5.223477000000000E-01    4.283080000000000E-02    1.936979000000000E-03    1.167623000000000E-01    1.029482000000000E-02    9.816786000000000E-05    2.550713000000000E-03    6.203312000000000E-02    6.017602000000000E-02    1.618268000000000E-02    2.191292000000000E-02    0.000000000000000E+00    0.000000000000000E+00    0.000000000000000E+00    0.000000000000000E+00    0.000000000000000E+00    1.767102000000000E-02    0.000000000000000E+00    1.542338000000000E-02    1.349426722278667E+39    2.697706889114667E+11    6.996241334688002E+08
                      161    4.685765408284913E+29    3.067989172255367E+33    3.293766935262142E+14    2.449500000000000E+07    4.473265326762535E-13    1.893135743097738E-01    3.498649764209491E+03    2.943461060841238E+03    4.171272306917634E-03    1.500647925499306E+00    3.068222810415174E+33    3.297599233027229E+14    1.095412000000000E-01    0.000000000000000E+00    5.223477000000000E-01    4.283080000000000E-02    1.936979000000000E-03    1.167623000000000E-01    1.029482000000000E-02    9.816786000000000E-05    2.550713000000000E-03    6.203312000000000E-02    6.017602000000000E-02    1.618268000000000E-02    2.191292000000000E-02    0.000000000000000E+00    0.000000000000000E+00    0.000000000000000E+00    0.000000000000000E+00    0.000000000000000E+00    1.767102000000000E-02    0.000000000000000E+00    1.542338000000000E-02    1.359570041709000E+39    2.687706889114667E+11    6.976384654118336E+08
                      162    4.684830855645685E+29    3.068456448574981E+33    3.301431530792315E+14    2.456000000000000E+07    4.452850902793103E-13    1.893135743097738E-01    3.498649764209491E+03    2.943461060841238E+03    4.175272306917633E-03    1.499222963353619E+00    3.068690086734789E+33    3.305245282879208E+14    1.095412000000000E-01    0.000000000000000E+00    5.223477000000000E-01    4.283080000000000E-02    1.936979000000000E-03    1.167623000000000E-01    1.029482000000000E-02    9.816786000000000E-05    2.550713000000000E-03    6.203312000000000E-02    6.017602000000000E-02    1.618268000000000E-02    2.191292000000000E-02    0.000000000000000E+00    0.000000000000000E+00    0.000000000000000E+00    0.000000000000000E+00    0.000000000000000E+00    1.767102000000000E-02    0.000000000000000E+00    1.542338000000000E-02    1.379426722278667E+39    2.687706889114667E+11    6.956384654118335E+08
                      163    4.671778933254423E+29    3.068923724894595E+33    3.309059034966100E+14    2.462000000000000E+07    4.442609629908989E-13    1.893135743097738E-01    3.498649764209491E+03    2.943461060841238E+03    4.179257974974601E-03    1.497806807124207E+00    3.069157363054402E+33    3.312854492678215E+14    1.095412000000000E-01    0.000000000000000E+00    5.223477000000000E-01    4.283080000000000E-02    1.936979000000000E-03    1.167623000000000E-01    1.029482000000000E-02    9.816786000000000E-05    2.550713000000000E-03    6.203312000000000E-02    6.017602000000000E-02    1.618268000000000E-02    2.191292000000000E-02    0.000000000000000E+00    0.000000000000000E+00    0.000000000000000E+00    0.000000000000000E+00    0.000000000000000E+00    1.767102000000000E-02    0.000000000000000E+00    1.542338000000000E-02    1.389426722278667E+39    2.677706889114667E+11    6.936527973548669E+08
                      164    4.671520439971233E+29    3.069391001214209E+33    3.316649950390331E+14    2.468000000000000E+07    4.442609629908989E-13    1.893135743097738E-01    3.498649764209491E+03    2.943461060841238E+03    4.179257974974601E-03    1.496397444249131E+00    3.069624639374016E+33    3.320429255011933E+14    1.095412000000000E-01    0.000000000000000E+00    5.223477000000000E-01    4.283080000000000E-02    1.936979000000000E-03    1.167623000000000E-01    1.029482000000000E-02    9.816786000000000E-05    2.550713000000000E-03    6.203312000000000E-02    6.017602000000000E-02    1.618268000000000E-02    2.191292000000000E-02    0.000000000000000E+00    0.000000000000000E+00    0.000000000000000E+00    0.000000000000000E+00    0.000000000000000E+00    1.767102000000000E-02    0.000000000000000E+00    1.542338000000000E-02    1.399570041709000E+39    2.677706889114667E+11    6.936384654118335E+08
                      165    4.667959197892812E+29    3.069858277533823E+33    3.324208559633536E+14    2.474000000000000E+07    4.442471584852785E-13    1.893135743097738E-01    3.498649764209491E+03    2.943461060841238E+03    4.180272306917633E-03    1.494993784155601E+00    3.070091915693630E+33    3.327980767120472E+14    1.095412000000000E-01    0.000000000000000E+00    5.223477000000000E-01    4.283080000000000E-02    1.936979000000000E-03    1.167623000000000E-01    1.029482000000000E-02    9.816786000000000E-05    2.550713000000000E-03    6.203312000000000E-02    6.017602000000000E-02    1.618268000000000E-02    2.191292000000000E-02    0.000000000000000E+00    0.000000000000000E+00    0.000000000000000E+00    0.000000000000000E+00    0.000000000000000E+00    1.767102000000000E-02    0.000000000000000E+00    1.542338000000000E-02    1.419426722278667E+39    2.667850208545000E+11    6.926527973548669E+08
                      166    4.669577763527560E+29    3.070325553853437E+33    3.331752974607409E+14    2.480000000000000E+07    4.422197692789473E-13    1.893135743097738E-01    3.498536257676665E+03    2.943461060841238E+03    4.184272306917634E-03    1.493597818494897E+00    3.070562174628050E+33    3.335575637903422E+14    1.095412000000000E-01    0.000000000000000E+00    5.223477000000000E-01    4.283080000000000E-02    1.936979000000000E-03    1.167623000000000E-01    1.029482000000000E-02    9.816786000000000E-05    2.550713000000000E-03    6.203312000000000E-02    6.017602000000000E-02    1.618268000000000E-02    2.191292000000000E-02    0.000000000000000E+00    0.000000000000000E+00    0.000000000000000E+00    0.000000000000000E+00    0.000000000000000E+00    1.767102000000000E-02    0.000000000000000E+00    1.542338000000000E-02    1.429426722278667E+39    2.667706889114667E+11    6.906527973548669E+08
                      167    4.743256302876405E+29    3.070798795402663E+33    3.339398301199434E+14    2.486492834028483E+07    4.412026920332001E-13    1.893135743097738E-01    3.498536257676665E+03    2.943461060841238E+03    4.187272306917632E-03    1.492185422268117E+00    3.071040387201953E+33    3.343274012109769E+14    1.095412000000000E-01    0.000000000000000E+00    5.223477000000000E-01    4.283080000000000E-02    1.936979000000000E-03    1.167623000000000E-01    1.029482000000000E-02    9.816786000000000E-05    2.550713000000000E-03    6.203312000000000E-02    6.017602000000000E-02    1.618268000000000E-02    2.191292000000000E-02    0.000000000000000E+00    0.000000000000000E+00    0.000000000000000E+00    0.000000000000000E+00    0.000000000000000E+00    1.767102000000000E-02    0.000000000000000E+00    1.542338000000000E-02    1.449426722278667E+39    2.657706889114667E+11    6.886527973548669E+08
                      168    4.823528409356486E+29    3.071281979001243E+33    3.347149723020102E+14    2.492992834028483E+07    4.412026920332001E-13    1.893135743097738E-01    3.498536257676665E+03    2.943461060841238E+03    4.187257974974599E-03    1.490753429952551E+00    3.071526553415339E+33    3.351061121171454E+14    1.095412000000000E-01    0.000000000000000E+00    5.223477000000000E-01    4.283080000000000E-02    1.936979000000000E-03    1.167623000000000E-01    1.029482000000000E-02    9.816786000000000E-05    2.550713000000000E-03    6.203312000000000E-02    6.017602000000000E-02    1.618268000000000E-02    2.191292000000000E-02    0.000000000000000E+00    0.000000000000000E+00    0.000000000000000E+00    0.000000000000000E+00    0.000000000000000E+00    1.767102000000000E-02    0.000000000000000E+00    1.542338000000000E-02    1.459426722278667E+39    2.657706889114667E+11    6.886527973548669E+08
                      169    4.887181386137272E+29    3.071771127829435E+33    3.354972519322808E+14    2.499000000000000E+07    4.412026920332001E-13    1.893135743097738E-01    3.498536257676665E+03    2.943461060841238E+03    4.187272306917632E-03    1.489308247973276E+00    3.072018684858336E+33    3.358926725133968E+14    1.095412000000000E-01    0.000000000000000E+00    5.223477000000000E-01    4.283080000000000E-02    1.936979000000000E-03    1.167623000000000E-01    1.029482000000000E-02    9.816786000000000E-05    2.550713000000000E-03    6.203312000000000E-02    6.017602000000000E-02    1.618268000000000E-02    2.191292000000000E-02    0.000000000000000E+00    0.000000000000000E+00    0.000000000000000E+00    0.000000000000000E+00    0.000000000000000E+00    1.767102000000000E-02    0.000000000000000E+00    1.542338000000000E-02    1.469570041709000E+39    2.657706889114667E+11    6.886527973548669E+08
                      170    4.961824304273406E+29    3.072266241887239E+33    3.362880930945129E+14    2.505492834028483E+07    4.411889825571280E-13    1.893135743097738E-01    3.498536257676665E+03    2.943461060841238E+03    4.188272306917633E-03    1.487846946755060E+00    3.072516781530946E+33    3.366863850393030E+14    1.095412000000000E-01    0.000000000000000E+00    5.223477000000000E-01    4.283080000000000E-02    1.936979000000000E-03    1.167623000000000E-01    1.029482000000000E-02    9.816786000000000E-05    2.550713000000000E-03    6.203312000000000E-02    6.017602000000000E-02    1.618268000000000E-02    2.191292000000000E-02    0.000000000000000E+00    0.000000000000000E+00    0.000000000000000E+00    0.000000000000000E+00    0.000000000000000E+00    1.767102000000000E-02    0.000000000000000E+00    1.542338000000000E-02    1.489426722278667E+39    2.657706889114667E+11    6.876527973548669E+08
                      171    5.014485351288973E+29    3.072767321174655E+33    3.370846769840930E+14    2.511992834028483E+07    4.401742760550545E-13    1.893135743097738E-01    3.498536257676665E+03    2.943461060841238E+03    4.191257974974601E-03    1.486377372241756E+00    3.073017860818363E+33    3.374798256355224E+14    1.095412000000000E-01    0.000000000000000E+00    5.223477000000000E-01    4.283080000000000E-02    1.936979000000000E-03    1.167623000000000E-01    1.029482000000000E-02    9.816786000000000E-05    2.550713000000000E-03    6.203312000000000E-02    6.017602000000000E-02    1.618268000000000E-02    2.191292000000000E-02    0.000000000000000E+00    0.000000000000000E+00    0.000000000000000E+00    0.000000000000000E+00    0.000000000000000E+00    1.767102000000000E-02    0.000000000000000E+00    1.542338000000000E-02    1.499570041709000E+39    2.647850208545000E+11    6.856671292979002E+08
                      172    5.002222827616378E+29    3.073268400462071E+33    3.378749742869519E+14    2.518000000000000E+07    4.401879540002067E-13    1.893135743097738E-01    3.498536257676665E+03    2.943461060841238E+03    4.190243643031566E-03    1.484919701300047E+00    3.073517945900843E+33    3.382691846712879E+14    1.095412000000000E-01    0.000000000000000E+00    5.223477000000000E-01    4.283080000000000E-02    1.936979000000000E-03    1.167623000000000E-01    1.029482000000000E-02    9.816786000000000E-05    2.550713000000000E-03    6.203312000000000E-02    6.017602000000000E-02    1.618268000000000E-02    2.191292000000000E-02    0.000000000000000E+00    0.000000000000000E+00    0.000000000000000E+00    0.000000000000000E+00    0.000000000000000E+00    1.767102000000000E-02    0.000000000000000E+00    1.542338000000000E-02    1.519426722278667E+39    2.647850208545000E+11    6.866527973548669E+08
                      173    4.997287594317306E+29    3.073767491339615E+33    3.386633950556240E+14    2.524492834028483E+07    4.391619033131738E-13    1.893135743097738E-01    3.498536257676665E+03    2.943461060841238E+03    4.192286638860667E-03    1.483468176963070E+00    3.074018030983323E+33    3.390571908560998E+14    1.095412000000000E-01    0.000000000000000E+00    5.223477000000000E-01    4.283080000000000E-02    1.936979000000000E-03    1.167623000000000E-01    1.029482000000000E-02    9.816786000000000E-05    2.550713000000000E-03    6.203312000000000E-02    6.017602000000000E-02    1.618268000000000E-02    2.191292000000000E-02    0.000000000000000E+00    0.000000000000000E+00    0.000000000000000E+00    0.000000000000000E+00    0.000000000000000E+00    1.767102000000000E-02    0.000000000000000E+00    1.542338000000000E-02    1.529426722278667E+39    2.647706889114667E+11    6.846527973548669E+08
                      174    5.005839745171178E+29    3.074268570627032E+33    3.394509866565756E+14    2.530992834028483E+07    4.381654740646907E-13    1.893135743097738E-01    3.498536257676665E+03    2.943461060841238E+03    4.195257974974600E-03    1.482020441072628E+00    3.074519110270739E+33    3.398427235362839E+14    1.095412000000000E-01    0.000000000000000E+00    5.223477000000000E-01    4.283080000000000E-02    1.936979000000000E-03    1.167623000000000E-01    1.029482000000000E-02    9.816786000000000E-05    2.550713000000000E-03    6.203312000000000E-02    6.017602000000000E-02    1.618268000000000E-02    2.191292000000000E-02    0.000000000000000E+00    0.000000000000000E+00    0.000000000000000E+00    0.000000000000000E+00    0.000000000000000E+00    1.767102000000000E-02    0.000000000000000E+00    1.542338000000000E-02    1.549426722278667E+39    2.637850208545000E+11    6.836671292979002E+08
                      175    5.005784069694798E+29    3.074769649914447E+33    3.402344604159922E+14    2.537000000000000E+07    4.391619033131738E-13    1.893135743097738E-01    3.498536257676665E+03    2.943461060841238E+03    4.193272306917633E-03    1.480577684453515E+00    3.075021183763091E+33    3.406281222466755E+14    1.095412000000000E-01    0.000000000000000E+00    5.223477000000000E-01    4.283080000000000E-02    1.936979000000000E-03    1.167623000000000E-01    1.029482000000000E-02    9.816786000000000E-05    2.550713000000000E-03    6.203312000000000E-02    6.017602000000000E-02    1.618268000000000E-02    2.191292000000000E-02    0.000000000000000E+00    0.000000000000000E+00    0.000000000000000E+00    0.000000000000000E+00    0.000000000000000E+00    1.767102000000000E-02    0.000000000000000E+00    1.542338000000000E-02    1.569283402848334E+39    2.647706889114667E+11    6.836671292979002E+08
                      176    5.029432228287010E+29    3.075272717611734E+33    3.410217840773588E+14    2.543492834028483E+07    4.371441376523409E-13    1.893135743097738E-01    3.498536257676665E+03    2.943461060841238E+03    4.199257974974600E-03    1.479132439460691E+00    3.075527234075184E+33    3.414183650023029E+14    1.095412000000000E-01    0.000000000000000E+00    5.223477000000000E-01    4.283080000000000E-02    1.936979000000000E-03    1.167623000000000E-01    1.029482000000000E-02    9.816786000000000E-05    2.550713000000000E-03    6.203312000000000E-02    6.017602000000000E-02    1.618268000000000E-02    2.191292000000000E-02    0.000000000000000E+00    0.000000000000000E+00    0.000000000000000E+00    0.000000000000000E+00    0.000000000000000E+00    1.767102000000000E-02    0.000000000000000E+00    1.542338000000000E-02    1.579426722278667E+39    2.627850208545000E+11    6.816527973548669E+08
                      177    5.087632985202342E+29    3.075781750538633E+33    3.418149459272469E+14    2.549992834028484E+07    4.371441376523409E-13    1.892908593454700E-01    3.498536257676665E+03    2.943366214439820E+03    4.199272306917632E-03    1.477676473094202E+00    3.076038255411953E+33    3.422144208920362E+14    1.095412000000000E-01    0.000000000000000E+00    5.223477000000000E-01    4.283080000000000E-02    1.936979000000000E-03    1.167623000000000E-01    1.029482000000000E-02    9.816786000000000E-05    2.550713000000000E-03    6.203312000000000E-02    6.017602000000000E-02    1.618268000000000E-02    2.191292000000000E-02    0.000000000000000E+00    0.000000000000000E+00    0.000000000000000E+00    0.000000000000000E+00    0.000000000000000E+00    1.767102000000000E-02    0.000000000000000E+00    1.542338000000000E-02    1.599283402848333E+39    2.627850208545000E+11    6.806671292979002E+08
                      178    5.135060537438232E+29    3.076294760285273E+33    3.426138958568258E+14    2.556492834028484E+07    4.351491641576107E-13    1.892908593454700E-01    3.498536257676665E+03    2.943366214439820E+03    4.203272306917633E-03    1.476215182935246E+00    3.076553253568463E+33    3.430156081176854E+14    1.095412000000000E-01    0.000000000000000E+00    5.223477000000000E-01    4.283080000000000E-02    1.936979000000000E-03    1.167623000000000E-01    1.029482000000000E-02    9.816786000000000E-05    2.550713000000000E-03    6.203312000000000E-02    6.017602000000000E-02    1.618268000000000E-02    2.191292000000000E-02    0.000000000000000E+00    0.000000000000000E+00    0.000000000000000E+00    0.000000000000000E+00    0.000000000000000E+00    1.767102000000000E-02    0.000000000000000E+00    1.542338000000000E-02    1.609426722278667E+39    2.617850208545000E+11    6.786671292979002E+08
                      179    5.173699318045638E+29    3.076811746851655E+33    3.434173203785450E+14    2.562992834028483E+07    4.341483488523786E-13    1.892908593454700E-01    3.498536257676665E+03    2.943366214439820E+03    4.206272306917633E-03    1.474748041760587E+00    3.077073222749651E+33    3.438221146871671E+14    1.095412000000000E-01    0.000000000000000E+00    5.223477000000000E-01    4.283080000000000E-02    1.936979000000000E-03    1.167623000000000E-01    1.029482000000000E-02    9.816786000000000E-05    2.550713000000000E-03    6.203312000000000E-02    6.017602000000000E-02    1.618268000000000E-02    2.191292000000000E-02    0.000000000000000E+00    0.000000000000000E+00    0.000000000000000E+00    0.000000000000000E+00    0.000000000000000E+00    1.767102000000000E-02    0.000000000000000E+00    1.542338000000000E-02    1.629283402848333E+39    2.617706889114667E+11    6.766671292979002E+08
                      180    5.221496714517477E+29    3.077334698647648E+33    3.442269089957891E+14    2.569492834028484E+07    4.321536183818784E-13    1.892908593454700E-01    3.490603093044571E+03    2.943366214439820E+03    4.211272306917634E-03    1.473274687584478E+00    3.077596174545645E+33    3.446324198227582E+14    1.095412000000000E-01    0.000000000000000E+00    5.223477000000000E-01    4.283080000000000E-02    1.936979000000000E-03    1.167623000000000E-01    1.029482000000000E-02    9.816786000000000E-05    2.550713000000000E-03    6.203312000000000E-02    6.017602000000000E-02    1.618268000000000E-02    2.191292000000000E-02    0.000000000000000E+00    0.000000000000000E+00    0.000000000000000E+00    0.000000000000000E+00    0.000000000000000E+00    1.767102000000000E-02    0.000000000000000E+00    1.542338000000000E-02    1.639426722278667E+39    2.607706889114667E+11    6.736814612409335E+08
                      181    5.235548807073700E+29    3.077857650443641E+33    3.450379306497273E+14    2.575992834028483E+07    4.311462952304496E-13    1.892908593454700E-01    3.490603093044571E+03    2.943366214439820E+03    4.216272306917633E-03    1.471800418815595E+00    3.078119126341638E+33    3.454416518257295E+14    1.095412000000000E-01    0.000000000000000E+00    5.223477000000000E-01    4.283080000000000E-02    1.936979000000000E-03    1.167623000000000E-01    1.029482000000000E-02    9.816786000000000E-05    2.550713000000000E-03    6.203312000000000E-02    6.017602000000000E-02    1.618268000000000E-02    2.191292000000000E-02    0.000000000000000E+00    0.000000000000000E+00    0.000000000000000E+00    0.000000000000000E+00    0.000000000000000E+00    1.767102000000000E-02    0.000000000000000E+00    1.542338000000000E-02    1.659283402848334E+39    2.597706889114667E+11    6.716814612409335E+08
                      182    5.222049492461531E+29    3.078380602239635E+33    3.458453730017318E+14    2.582500000000000E+07    4.291786937982192E-13    1.892908593454700E-01    3.490603093044571E+03    2.943366214439820E+03    4.220272306917633E-03    1.470337967997117E+00    3.078641083932697E+33    3.462481620170861E+14    1.095412000000000E-01    0.000000000000000E+00    5.223477000000000E-01    4.283080000000000E-02    1.936979000000000E-03    1.167623000000000E-01    1.029482000000000E-02    9.816786000000000E-05    2.550713000000000E-03    6.203312000000000E-02    6.017602000000000E-02    1.618268000000000E-02    2.191292000000000E-02    0.000000000000000E+00    0.000000000000000E+00    0.000000000000000E+00    0.000000000000000E+00    0.000000000000000E+00    1.767102000000000E-02    0.000000000000000E+00    1.542338000000000E-02    1.669426722278667E+39    2.587850208545000E+11    6.696814612409335E+08
                      183    5.223668058096279E+29    3.078901565625758E+33    3.466509510324404E+14    2.589000000000000E+07    4.281916101937630E-13    1.875779370279548E-01    3.490489847569526E+03    2.936691288260504E+03    4.221272306917634E-03    1.468881904496727E+00    3.079163041523754E+33    3.470530387493993E+14    1.095412000000000E-01    0.000000000000000E+00    5.223477000000000E-01    4.283080000000000E-02    1.936979000000000E-03    1.167623000000000E-01    1.029482000000000E-02    9.816786000000000E-05    2.550713000000000E-03    6.203312000000000E-02    6.017602000000000E-02    1.618268000000000E-02    2.191292000000000E-02    0.000000000000000E+00    0.000000000000000E+00    0.000000000000000E+00    0.000000000000000E+00    0.000000000000000E+00    1.767102000000000E-02    0.000000000000000E+00    1.542338000000000E-02    1.689426722278667E+39    2.577850208545000E+11    6.646957931839669E+08
                      184    5.220953878622776E+29    3.079424517421751E+33    3.474551264663581E+14    2.595500000000000E+07    4.271935222364982E-13    1.875779370279548E-01    3.490489847569526E+03    2.936691288260504E+03    4.224272306917634E-03    1.467430734948822E+00    3.079684004909878E+33    3.478550590859989E+14    1.095412000000000E-01    0.000000000000000E+00    5.223477000000000E-01    4.283080000000000E-02    1.936979000000000E-03    1.167623000000000E-01    1.029482000000000E-02    9.816786000000000E-05    2.550713000000000E-03    6.203312000000000E-02    6.017602000000000E-02    1.618268000000000E-02    2.191292000000000E-02    0.000000000000000E+00    0.000000000000000E+00    0.000000000000000E+00    0.000000000000000E+00    0.000000000000000E+00    1.767102000000000E-02    0.000000000000000E+00    1.542338000000000E-02    1.709283402848333E+39    2.567850208545001E+11    6.616957931839669E+08
                      185    5.200747657516743E+29    3.079943492398004E+33    3.482549917056396E+14    2.602000000000000E+07    4.252439598826266E-13    1.875779370279548E-01    3.490489847569526E+03    2.936691288260504E+03    4.229272306917633E-03    1.465992228553359E+00    3.080210933525612E+33    3.486631189302710E+14    1.095412000000000E-01    0.000000000000000E+00    5.223477000000000E-01    4.283080000000000E-02    1.936979000000000E-03    1.167623000000000E-01    1.029482000000000E-02    9.816786000000000E-05    2.550713000000000E-03    6.203312000000000E-02    6.017602000000000E-02    1.618268000000000E-02    2.191292000000000E-02    0.000000000000000E+00    0.000000000000000E+00    0.000000000000000E+00    0.000000000000000E+00    0.000000000000000E+00    1.767102000000000E-02    0.000000000000000E+00    1.542338000000000E-02    1.719426722278667E+39    2.557850208545000E+11    6.596957931839669E+08
                      186    5.331421977399277E+29    3.080478374653222E+33    3.490712461549022E+14    2.608500000000000E+07    4.252307462916897E-13    1.875779370279548E-01    3.490489847569526E+03    2.936691288260504E+03    4.231272306917633E-03    1.464523599804288E+00    3.080753769420313E+33    3.494926959544111E+14    1.095412000000000E-01    0.000000000000000E+00    5.223477000000000E-01    4.283080000000000E-02    1.936979000000000E-03    1.167623000000000E-01    1.029482000000000E-02    9.816786000000000E-05    2.550713000000000E-03    6.203312000000000E-02    6.017602000000000E-02    1.618268000000000E-02    2.191292000000000E-02    0.000000000000000E+00    0.000000000000000E+00    0.000000000000000E+00    0.000000000000000E+00    0.000000000000000E+00    1.767102000000000E-02    0.000000000000000E+00    1.542338000000000E-02    1.739283402848334E+39    2.557850208545000E+11    6.586957931839668E+08
                      187    5.515938459760573E+29    3.081029164187404E+33    3.499141457539199E+14    2.615500000000000E+07    4.242659259150525E-13    1.875779370279548E-01    3.490489847569526E+03    2.936691288260504E+03    4.232272306917633E-03    1.463010112209802E+00    3.081312512593979E+33    3.503463866843118E+14    1.095412000000000E-01    0.000000000000000E+00    5.223477000000000E-01    4.283080000000000E-02    1.936979000000000E-03    1.167623000000000E-01    1.029482000000000E-02    9.816786000000000E-05    2.550713000000000E-03    6.203312000000000E-02    6.017602000000000E-02    1.618268000000000E-02    2.191292000000000E-02    0.000000000000000E+00    0.000000000000000E+00    0.000000000000000E+00    0.000000000000000E+00    0.000000000000000E+00    1.767102000000000E-02    0.000000000000000E+00    1.542338000000000E-02    1.749426722278667E+39    2.557850208545000E+11    6.586957931839668E+08
                      188    5.660716570855969E+29    3.081595861000554E+33    3.507786276147036E+14    2.622500000000000E+07    4.242527427145313E-13    1.875779370279548E-01    3.490489847569526E+03    2.936691288260504E+03    4.233272306917633E-03    1.461457554896764E+00    3.081887163046611E+33    3.512212487287009E+14    1.095412000000000E-01    0.000000000000000E+00    5.223477000000000E-01    4.283080000000000E-02    1.936979000000000E-03    1.167623000000000E-01    1.029482000000000E-02    9.816786000000000E-05    2.550713000000000E-03    6.203312000000000E-02    6.017602000000000E-02    1.618268000000000E-02    2.191292000000000E-02    0.000000000000000E+00    0.000000000000000E+00    0.000000000000000E+00    0.000000000000000E+00    0.000000000000000E+00    1.767102000000000E-02    0.000000000000000E+00    1.542338000000000E-02    1.769283402848334E+39    2.557850208545000E+11    6.576957931839668E+08
                      189    5.822897245139714E+29    3.082178465092668E+33    3.516638698426982E+14    2.629992834028483E+07    4.232901413631822E-13    1.875779370279548E-01    3.490489847569526E+03    2.936691288260504E+03    4.235272306917634E-03    1.459870569847350E+00    3.082476726573273E+33    3.521154006391809E+14    1.095412000000000E-01    0.000000000000000E+00    5.223477000000000E-01    4.283080000000000E-02    1.936979000000000E-03    1.167623000000000E-01    1.029482000000000E-02    9.816786000000000E-05    2.550713000000000E-03    6.203312000000000E-02    6.017602000000000E-02    1.618268000000000E-02    2.191292000000000E-02    0.000000000000000E+00    0.000000000000000E+00    0.000000000000000E+00    0.000000000000000E+00    0.000000000000000E+00    1.767102000000000E-02    0.000000000000000E+00    1.542338000000000E-02    1.789283402848333E+39    2.547850208545000E+11    6.567101251270001E+08
                      190    5.972564856107156E+29    3.082774988053878E+33    3.525669314356636E+14    2.637492834028484E+07    4.223166010535050E-13    1.875779370279548E-01    3.490489847569526E+03    2.936691288260504E+03    4.238272306917633E-03    1.458254218974008E+00    3.083073249534482E+33    3.530170573874666E+14    1.095412000000000E-01    0.000000000000000E+00    5.223477000000000E-01    4.283080000000000E-02    1.936979000000000E-03    1.167623000000000E-01    1.029482000000000E-02    9.816786000000000E-05    2.550713000000000E-03    6.203312000000000E-02    6.017602000000000E-02    1.618268000000000E-02    2.191292000000000E-02    0.000000000000000E+00    0.000000000000000E+00    0.000000000000000E+00    0.000000000000000E+00    0.000000000000000E+00    1.767102000000000E-02    0.000000000000000E+00    1.542338000000000E-02    1.809283402848333E+39    2.547850208545000E+11    6.547101251270002E+08
                      191    5.964424306096518E+29    3.083371511015087E+33    3.534671833392696E+14    2.644500000000000E+07    4.203762325261418E-13    1.875779370279548E-01    3.490489847569526E+03    2.936691288260504E+03    4.243272306917633E-03    1.456648408107866E+00    3.083668778290757E+33    3.539153556218229E+14    1.095412000000000E-01    0.000000000000000E+00    5.223477000000000E-01    4.283080000000000E-02    1.936979000000000E-03    1.167623000000000E-01    1.029482000000000E-02    9.816786000000000E-05    2.550713000000000E-03    6.203312000000000E-02    6.017602000000000E-02    1.618268000000000E-02    2.191292000000000E-02    0.000000000000000E+00    0.000000000000000E+00    0.000000000000000E+00    0.000000000000000E+00    0.000000000000000E+00    1.767102000000000E-02    0.000000000000000E+00    1.542338000000000E-02    1.819426722278667E+39    2.537850208545000E+11    6.527101251270002E+08
                      192    5.941354774776679E+29    3.083966045566426E+33    3.543635279043761E+14    2.651500000000000E+07    4.194093940208168E-13    1.875779370279548E-01    3.490489847569526E+03    2.936691288260504E+03    4.248257974974600E-03    1.455051369237729E+00    3.084263312842095E+33    3.548109143510274E+14    1.095412000000000E-01    0.000000000000000E+00    5.223477000000000E-01    4.283080000000000E-02    1.936979000000000E-03    1.167623000000000E-01    1.029482000000000E-02    9.816786000000000E-05    2.550713000000000E-03    6.203312000000000E-02    6.017602000000000E-02    1.618268000000000E-02    2.191292000000000E-02    0.000000000000000E+00    0.000000000000000E+00    0.000000000000000E+00    0.000000000000000E+00    0.000000000000000E+00    1.767102000000000E-02    0.000000000000000E+00    1.542338000000000E-02    1.839283402848334E+39    2.527850208545000E+11    6.507101251270002E+08
                      193    5.949125480551368E+29    3.084560580117764E+33    3.552583007976788E+14    2.658500000000000E+07    4.184447791823469E-13    1.875779370279548E-01    3.490489847569526E+03    2.936691288260504E+03    4.250257974974601E-03    1.453460048496556E+00    3.084862818418111E+33    3.557106713095489E+14    1.095412000000000E-01    0.000000000000000E+00    5.223477000000000E-01    4.283080000000000E-02    1.936979000000000E-03    1.167623000000000E-01    1.029482000000000E-02    9.816786000000000E-05    2.550713000000000E-03    6.203312000000000E-02    6.017602000000000E-02    1.618268000000000E-02    2.191292000000000E-02    0.000000000000000E+00    0.000000000000000E+00    0.000000000000000E+00    0.000000000000000E+00    0.000000000000000E+00    1.767102000000000E-02    0.000000000000000E+00    1.542338000000000E-02    1.859283402848334E+39    2.517993527975334E+11    6.487244570700336E+08
                      194    6.047034782584540E+29    3.085165056718457E+33    3.561630418214191E+14    2.665500000000000E+07    4.184447791823469E-13    1.875779370279548E-01    3.490489847569526E+03    2.936691288260504E+03    4.250257974974601E-03    1.451850999793125E+00    3.085465306608932E+33    3.566127001670881E+14    1.095412000000000E-01    0.000000000000000E+00    5.223477000000000E-01    4.283080000000000E-02    1.936979000000000E-03    1.167623000000000E-01    1.029482000000000E-02    9.816786000000000E-05    2.550713000000000E-03    6.203312000000000E-02    6.017602000000000E-02    1.618268000000000E-02    2.191292000000000E-02    0.000000000000000E+00    0.000000000000000E+00    0.000000000000000E+00    0.000000000000000E+00    0.000000000000000E+00    1.767102000000000E-02    0.000000000000000E+00    1.542338000000000E-02    1.879283402848333E+39    2.517850208545001E+11    6.487244570700336E+08
                      195    6.013392875982200E+29    3.085765556499408E+33    3.570623585127571E+14    2.672500000000000E+07    4.184447791823469E-13    1.875554303156956E-01    3.490489847569526E+03    2.936596659999756E+03    4.251257974974600E-03    1.450251221773029E+00    3.086046916496112E+33    3.574838934347284E+14    1.095412000000000E-01    0.000000000000000E+00    5.223477000000000E-01    4.283080000000000E-02    1.936979000000000E-03    1.167623000000000E-01    1.029482000000000E-02    9.816786000000000E-05    2.550713000000000E-03    6.203312000000000E-02    6.017602000000000E-02    1.618268000000000E-02    2.191292000000000E-02    0.000000000000000E+00    0.000000000000000E+00    0.000000000000000E+00    0.000000000000000E+00    0.000000000000000E+00    1.767102000000000E-02    0.000000000000000E+00    1.542338000000000E-02    1.899283402848333E+39    2.517850208545001E+11    6.477244570700336E+08
                      196    5.615677098874787E+29    3.086328276492815E+33    3.579054283566997E+14    2.679000000000000E+07    4.165092574805777E-13    1.875554303156956E-01    3.482574928709767E+03    2.936596659999756E+03    4.257257974974600E-03    1.448756331525115E+00    3.086590746595747E+33    3.582947142103339E+14    1.095412000000000E-01    0.000000000000000E+00    5.223477000000000E-01    4.283080000000000E-02    1.936979000000000E-03    1.167623000000000E-01    1.029482000000000E-02    9.816786000000000E-05    2.550713000000000E-03    6.203312000000000E-02    6.017602000000000E-02    1.618268000000000E-02    2.191292000000000E-02    0.000000000000000E+00    0.000000000000000E+00    0.000000000000000E+00    0.000000000000000E+00    0.000000000000000E+00    1.767102000000000E-02    0.000000000000000E+00    1.542338000000000E-02    1.909283402848333E+39    2.507850208545000E+11    6.447244570700336E+08
                      197    5.260825473350013E+29    3.086853216698680E+33    3.586840000639681E+14    2.685000000000000E+07    4.136548814037487E-13    1.875554303156956E-01    3.482574928709767E+03    2.936596659999756E+03    4.265257974974600E-03    1.447382689910872E+00    3.087099779522646E+33    3.590475224480293E+14    1.095412000000000E-01    0.000000000000000E+00    5.223477000000000E-01    4.283080000000000E-02    1.936979000000000E-03    1.167623000000000E-01    1.029482000000000E-02    9.816786000000000E-05    2.550713000000000E-03    6.203312000000000E-02    6.017602000000000E-02    1.618268000000000E-02    2.191292000000000E-02    0.000000000000000E+00    0.000000000000000E+00    0.000000000000000E+00    0.000000000000000E+00    0.000000000000000E+00    1.767102000000000E-02    0.000000000000000E+00    1.542338000000000E-02    1.929283402848334E+39    2.487993527975334E+11    6.417244570700336E+08
                      198    4.932131379674272E+29    3.087346342346612E+33    3.594110448320906E+14    2.690500000000000E+07    4.117543098631949E-13    1.875554303156956E-01    3.482574928709767E+03    2.936596659999756E+03    4.272257974974599E-03    1.446103755646851E+00    3.087572026866937E+33    3.597476933059878E+14    1.095412000000000E-01    0.000000000000000E+00    5.223477000000000E-01    4.283080000000000E-02    1.936979000000000E-03    1.167623000000000E-01    1.029482000000000E-02    9.816786000000000E-05    2.550713000000000E-03    6.203312000000000E-02    6.017602000000000E-02    1.618268000000000E-02    2.191292000000000E-02    0.000000000000000E+00    0.000000000000000E+00    0.000000000000000E+00    0.000000000000000E+00    0.000000000000000E+00    1.767102000000000E-02    0.000000000000000E+00    1.542338000000000E-02    1.939283402848334E+39    2.477993527975334E+11    6.377387890130668E+08
                      199    4.496301762165320E+29    3.087797711387261E+33    3.600843417798850E+14    2.695500000000000E+07    4.098497350132124E-13    1.875554303156956E-01    3.482574928709767E+03    2.936596659999756E+03    4.278257974974600E-03    1.444923192394648E+00    3.088012459653296E+33    3.604083714733094E+14    1.095412000000000E-01    0.000000000000000E+00    5.223477000000000E-01    4.283080000000000E-02    1.936979000000000E-03    1.167623000000000E-01    1.029482000000000E-02    9.816786000000000E-05    2.550713000000000E-03    6.203312000000000E-02    6.017602000000000E-02    1.618268000000000E-02    2.191292000000000E-02    0.000000000000000E+00    0.000000000000000E+00    0.000000000000000E+00    0.000000000000000E+00    0.000000000000000E+00    1.767102000000000E-02    0.000000000000000E+00    1.542338000000000E-02    1.959140083418000E+39    2.467850208545001E+11    6.347531209561001E+08
                      200    4.294559685094167E+29    3.088227207919332E+33    3.607324011667339E+14    2.701000000000000E+07    4.089071067803382E-13    1.875554303156956E-01    3.482574928709767E+03    2.936596659999756E+03    4.281272306917634E-03    1.443788695608822E+00    3.088446927210044E+33    3.610620483778598E+14    1.095412000000000E-01    0.000000000000000E+00    5.223477000000000E-01    4.283080000000000E-02    1.936979000000000E-03    1.167623000000000E-01    1.029482000000000E-02    9.816786000000000E-05    2.550713000000000E-03    6.203312000000000E-02    6.017602000000000E-02    1.618268000000000E-02    2.191292000000000E-02    0.000000000000000E+00    0.000000000000000E+00    0.000000000000000E+00    0.000000000000000E+00    0.000000000000000E+00    1.767102000000000E-02    0.000000000000000E+00    1.542338000000000E-02    1.969283402848333E+39    2.457993527975334E+11    6.337387890130669E+08
                      201    4.406234748662181E+29    3.088666646500756E+33    3.613916955889858E+14    2.706500000000000E+07    4.089071067803382E-13    1.875554303156956E-01    3.482574928709767E+03    2.936596659999756E+03    4.281257974974600E-03    1.442634534393483E+00    3.088888354201339E+33    3.617212378937534E+14    1.095412000000000E-01    0.000000000000000E+00    5.223477000000000E-01    4.283080000000000E-02    1.936979000000000E-03    1.167623000000000E-01    1.029482000000000E-02    9.816786000000000E-05    2.550713000000000E-03    6.203312000000000E-02    6.017602000000000E-02    1.618268000000000E-02    2.191292000000000E-02    0.000000000000000E+00    0.000000000000000E+00    0.000000000000000E+00    0.000000000000000E+00    0.000000000000000E+00    1.767102000000000E-02    0.000000000000000E+00    1.542338000000000E-02    1.979283402848333E+39    2.457993527975334E+11    6.337387890130669E+08
                      202    4.427775192791453E+29    3.089110061901922E+33    3.620507801985212E+14    2.711500000000000E+07    4.079793236597283E-13    1.875554303156956E-01    3.482574928709767E+03    2.936596659999756E+03    4.282257974974600E-03    1.441483088793308E+00    3.089331769602504E+33    3.623805059168366E+14    1.095412000000000E-01    0.000000000000000E+00    5.223477000000000E-01    4.283080000000000E-02    1.936979000000000E-03    1.167623000000000E-01    1.029482000000000E-02    9.816786000000000E-05    2.550713000000000E-03    6.203312000000000E-02    6.017602000000000E-02    1.618268000000000E-02    2.191292000000000E-02    0.000000000000000E+00    0.000000000000000E+00    0.000000000000000E+00    0.000000000000000E+00    0.000000000000000E+00    1.767102000000000E-02    0.000000000000000E+00    1.542338000000000E-02    1.999140083418000E+39    2.457993527975334E+11    6.327387890130669E+08
                      203    4.439363645517881E+29    3.089553477303087E+33    3.627102316351521E+14    2.717000000000000E+07    4.079666465322387E-13    1.875554303156956E-01    3.482574928709767E+03    2.936596659999756E+03    4.284257974974599E-03    1.440330500996649E+00    3.089776179208605E+33    3.630405573155446E+14    1.095412000000000E-01    0.000000000000000E+00    5.223477000000000E-01    4.283080000000000E-02    1.936979000000000E-03    1.167623000000000E-01    1.029482000000000E-02    9.816786000000000E-05    2.550713000000000E-03    6.203312000000000E-02    6.017602000000000E-02    1.618268000000000E-02    2.191292000000000E-02    0.000000000000000E+00    0.000000000000000E+00    0.000000000000000E+00    0.000000000000000E+00    0.000000000000000E+00    1.767102000000000E-02    0.000000000000000E+00    1.542338000000000E-02    2.009283402848334E+39    2.457850208545000E+11    6.317387890130669E+08
                      204    4.453672242947424E+29    3.089998881114124E+33    3.633708829959372E+14    2.722500000000000E+07    4.070283492826882E-13    1.875554303156956E-01    3.482574928709767E+03    2.936596659999756E+03    4.286272306917633E-03    1.439177930061623E+00    3.090221583019642E+33    3.637010954088299E+14    1.095412000000000E-01    0.000000000000000E+00    5.223477000000000E-01    4.283080000000000E-02    1.936979000000000E-03    1.167623000000000E-01    1.029482000000000E-02    9.816786000000000E-05    2.550713000000000E-03    6.203312000000000E-02    6.017602000000000E-02    1.618268000000000E-02    2.191292000000000E-02    0.000000000000000E+00    0.000000000000000E+00    0.000000000000000E+00    0.000000000000000E+00    0.000000000000000E+00    1.767102000000000E-02    0.000000000000000E+00    1.542338000000000E-02    2.019283402848334E+39    2.447993527975334E+11    6.297531209561002E+08
                      205    4.459074752566111E+29    3.090444284925160E+33    3.640313078217227E+14    2.727500000000000E+07    4.061048289383058E-13    1.858582121643817E-01    3.482461943692088E+03    2.929937085724642E+03    4.288257974974600E-03    1.438027834484721E+00    3.090666986830678E+33    3.643603137422277E+14    1.095412000000000E-01    0.000000000000000E+00    5.223477000000000E-01    4.283080000000000E-02    1.936979000000000E-03    1.167623000000000E-01    1.029482000000000E-02    9.816786000000000E-05    2.550713000000000E-03    6.203312000000000E-02    6.017602000000000E-02    1.618268000000000E-02    2.191292000000000E-02    0.000000000000000E+00    0.000000000000000E+00    0.000000000000000E+00    0.000000000000000E+00    0.000000000000000E+00    1.767102000000000E-02    0.000000000000000E+00    1.542338000000000E-02    2.039140083418000E+39    2.447850208545000E+11    6.287531209561002E+08
                      206    4.458166049255202E+29    3.090889688736196E+33    3.646893196627327E+14    2.732500000000000E+07    4.061048289383058E-13    1.858582121643817E-01    3.482461943692088E+03    2.929937085724642E+03    4.289243643031567E-03    1.436881677241225E+00    3.091113384846650E+33    3.650166897663076E+14    1.095412000000000E-01    0.000000000000000E+00    5.223477000000000E-01    4.283080000000000E-02    1.936979000000000E-03    1.167623000000000E-01    1.029482000000000E-02    9.816786000000000E-05    2.550713000000000E-03    6.203312000000000E-02    6.017602000000000E-02    1.618268000000000E-02    2.191292000000000E-02    0.000000000000000E+00    0.000000000000000E+00    0.000000000000000E+00    0.000000000000000E+00    0.000000000000000E+00    1.767102000000000E-02    0.000000000000000E+00    1.542338000000000E-02    2.049283402848334E+39    2.447850208545000E+11    6.287531209561002E+08
                      207    4.460074922731072E+29    3.091337080957104E+33    3.653440598698824E+14    2.737500000000000E+07    4.061048289383058E-13    1.858582121643817E-01    3.482461943692088E+03    2.929937085724642E+03    4.287257974974599E-03    1.435741746578067E+00    3.091559782862622E+33    3.656700403497672E+14    1.095412000000000E-01    0.000000000000000E+00    5.223477000000000E-01    4.283080000000000E-02    1.936979000000000E-03    1.167623000000000E-01    1.029482000000000E-02    9.816786000000000E-05    2.550713000000000E-03    6.203312000000000E-02    6.017602000000000E-02    1.618268000000000E-02    2.191292000000000E-02    0.000000000000000E+00    0.000000000000000E+00    0.000000000000000E+00    0.000000000000000E+00    0.000000000000000E+00    1.767102000000000E-02    0.000000000000000E+00    1.542338000000000E-02    2.059283402848333E+39    2.447993527975334E+11    6.287674528991336E+08
                      208    4.461059185617068E+29    3.091782484768140E+33    3.659960208296522E+14    2.742992834028484E+07    4.070283492826882E-13    1.858582121643817E-01    3.482461943692088E+03    2.929937085724642E+03    4.286257974974599E-03    1.434604340228379E+00    3.092005186673658E+33    3.663212359470110E+14    1.095412000000000E-01    0.000000000000000E+00    5.223477000000000E-01    4.283080000000000E-02    1.936979000000000E-03    1.167623000000000E-01    1.029482000000000E-02    9.816786000000000E-05    2.550713000000000E-03    6.203312000000000E-02    6.017602000000000E-02    1.618268000000000E-02    2.191292000000000E-02    0.000000000000000E+00    0.000000000000000E+00    0.000000000000000E+00    0.000000000000000E+00    0.000000000000000E+00    1.767102000000000E-02    0.000000000000000E+00    1.542338000000000E-02    2.079140083418000E+39    2.447993527975334E+11    6.297531209561002E+08
                      209    4.460880228728705E+29    3.092227888579176E+33    3.666464510643699E+14    2.748492834028484E+07    4.061048289383058E-13    1.858582121643817E-01    3.482461943692088E+03    2.929937085724642E+03    4.287272306917633E-03    1.433471911034367E+00    3.092451584689630E+33    3.669725419997954E+14    1.095412000000000E-01    0.000000000000000E+00    5.223477000000000E-01    4.283080000000000E-02    1.936979000000000E-03    1.167623000000000E-01    1.029482000000000E-02    9.816786000000000E-05    2.550713000000000E-03    6.203312000000000E-02    6.017602000000000E-02    1.618268000000000E-02    2.191292000000000E-02    0.000000000000000E+00    0.000000000000000E+00    0.000000000000000E+00    0.000000000000000E+00    0.000000000000000E+00    1.767102000000000E-02    0.000000000000000E+00    1.542338000000000E-02    2.089283402848333E+39    2.447850208545000E+11    6.287387890130669E+08
                      210    4.470589634127324E+29    3.092675280800083E+33    3.672986329352210E+14    2.753500000000000E+07    4.051582238916367E-13    1.858582121643817E-01    3.482461943692088E+03    2.929937085724642E+03    4.292272306917633E-03    1.432337759013380E+00    3.092899971115472E+33    3.676257668006241E+14    1.095412000000000E-01    0.000000000000000E+00    5.223477000000000E-01    4.283080000000000E-02    1.936979000000000E-03    1.167623000000000E-01    1.029482000000000E-02    9.816786000000000E-05    2.550713000000000E-03    6.203312000000000E-02    6.017602000000000E-02    1.618268000000000E-02    2.191292000000000E-02    0.000000000000000E+00    0.000000000000000E+00    0.000000000000000E+00    0.000000000000000E+00    0.000000000000000E+00    1.767102000000000E-02    0.000000000000000E+00    1.542338000000000E-02    2.099283402848333E+39    2.437850208545000E+11    6.257531209561002E+08
                      211    4.483834432276043E+29    3.093124661430861E+33    3.679529006660271E+14    2.758992834028484E+07    4.032966909462583E-13    1.858582121643817E-01    3.482461943692088E+03    2.929937085724642E+03    4.298257974974599E-03    1.431203627164664E+00    3.093349351746250E+33    3.682803170895772E+14    1.095412000000000E-01    0.000000000000000E+00    5.223477000000000E-01    4.283080000000000E-02    1.936979000000000E-03    1.167623000000000E-01    1.029482000000000E-02    9.816786000000000E-05    2.550713000000000E-03    6.203312000000000E-02    6.017602000000000E-02    1.618268000000000E-02    2.191292000000000E-02    0.000000000000000E+00    0.000000000000000E+00    0.000000000000000E+00    0.000000000000000E+00    0.000000000000000E+00    1.767102000000000E-02    0.000000000000000E+00    1.542338000000000E-02    2.119140083418000E+39    2.427850208545000E+11    6.237531209561002E+08
                      212    4.494794547483331E+29    3.093574042061639E+33    3.686077335131273E+14    2.764492834028483E+07    4.023691342965069E-13    1.858582121643817E-01    3.482461943692088E+03    2.929937085724642E+03    4.300257974974599E-03    1.430070598854952E+00    3.093795749762222E+33    3.689308018006402E+14    1.095412000000000E-01    0.000000000000000E+00    5.223477000000000E-01    4.283080000000000E-02    1.936979000000000E-03    1.167623000000000E-01    1.029482000000000E-02    9.816786000000000E-05    2.550713000000000E-03    6.203312000000000E-02    6.017602000000000E-02    1.618268000000000E-02    2.191292000000000E-02    0.000000000000000E+00    0.000000000000000E+00    0.000000000000000E+00    0.000000000000000E+00    0.000000000000000E+00    1.767102000000000E-02    0.000000000000000E+00    1.542338000000000E-02    2.129140083418000E+39    2.417993527975334E+11    6.217674528991334E+08
                      213    4.442046010433453E+29    3.094017457462804E+33    3.692538700881529E+14    2.769500000000000E+07    4.023691342965069E-13    1.858582121643817E-01    3.482461943692088E+03    2.929937085724642E+03    4.301257974974599E-03    1.428952357474939E+00    3.094239165163387E+33    3.695741422545641E+14    1.095412000000000E-01    0.000000000000000E+00    5.223477000000000E-01    4.283080000000000E-02    1.936979000000000E-03    1.167623000000000E-01    1.029482000000000E-02    9.816786000000000E-05    2.550713000000000E-03    6.203312000000000E-02    6.017602000000000E-02    1.618268000000000E-02    2.191292000000000E-02    0.000000000000000E+00    0.000000000000000E+00    0.000000000000000E+00    0.000000000000000E+00    0.000000000000000E+00    1.767102000000000E-02    0.000000000000000E+00    1.542338000000000E-02    2.139283402848334E+39    2.417993527975334E+11    6.217674528991334E+08
                      214    4.422796214475225E+29    3.094460872863970E+33    3.698944144209752E+14    2.774992834028483E+07    4.014437109678501E-13    1.858582121643817E-01    3.482461943692088E+03    2.929937085724642E+03    4.303257974974601E-03    1.427845830073457E+00    3.094702464663260E+33    3.702400729272524E+14    1.095412000000000E-01    0.000000000000000E+00    5.223477000000000E-01    4.283080000000000E-02    1.936979000000000E-03    1.167623000000000E-01    1.029482000000000E-02    9.816786000000000E-05    2.550713000000000E-03    6.203312000000000E-02    6.017602000000000E-02    1.618268000000000E-02    2.191292000000000E-02    0.000000000000000E+00    0.000000000000000E+00    0.000000000000000E+00    0.000000000000000E+00    0.000000000000000E+00    1.767102000000000E-02    0.000000000000000E+00    1.542338000000000E-02    2.159140083418000E+39    2.417993527975334E+11    6.207674528991334E+08
                      215    4.832086525439970E+29    3.094944056462550E+33    3.705857314335296E+14    2.780992834028484E+07    4.023691342965069E-13    1.858582121643817E-01    3.482461943692088E+03    2.929937085724642E+03    4.301257974974599E-03    1.426649397344528E+00    3.095207520770417E+33    3.709646966374135E+14    1.095412000000000E-01    0.000000000000000E+00    5.223477000000000E-01    4.283080000000000E-02    1.936979000000000E-03    1.167623000000000E-01    1.029482000000000E-02    9.816786000000000E-05    2.550713000000000E-03    6.203312000000000E-02    6.017602000000000E-02    1.618268000000000E-02    2.191292000000000E-02    0.000000000000000E+00    0.000000000000000E+00    0.000000000000000E+00    0.000000000000000E+00    0.000000000000000E+00    1.767102000000000E-02    0.000000000000000E+00    1.542338000000000E-02    2.169140083418000E+39    2.417993527975334E+11    6.217531209561001E+08
                      216    5.281719684271309E+29    3.095470985078285E+33    3.713436618412975E+14    2.787000000000000E+07    4.023816374872866E-13    1.858582121643817E-01    3.482461943692088E+03    2.929937085724642E+03    4.298272306917632E-03    1.425338548529293E+00    3.095754333484859E+33    3.717518506461568E+14    1.095412000000000E-01    0.000000000000000E+00    5.223477000000000E-01    4.283080000000000E-02    1.936979000000000E-03    1.167623000000000E-01    1.029482000000000E-02    9.816786000000000E-05    2.550713000000000E-03    6.203312000000000E-02    6.017602000000000E-02    1.618268000000000E-02    2.191292000000000E-02    0.000000000000000E+00    0.000000000000000E+00    0.000000000000000E+00    0.000000000000000E+00    0.000000000000000E+00    1.767102000000000E-02    0.000000000000000E+00    1.542338000000000E-02    2.189140083418000E+39    2.427850208545000E+11    6.217674528991334E+08
                      217    5.666978073538797E+29    3.096037681891434E+33    3.721600394510161E+14    2.793500000000000E+07    4.032966909462583E-13    1.858582121643817E-01    3.482461943692088E+03    2.929937085724642E+03    4.297257974974600E-03    1.423923738679792E+00    3.096344891216456E+33    3.725977238260614E+14    1.095412000000000E-01    0.000000000000000E+00    5.223477000000000E-01    4.283080000000000E-02    1.936979000000000E-03    1.167623000000000E-01    1.029482000000000E-02    9.816786000000000E-05    2.550713000000000E-03    6.203312000000000E-02    6.017602000000000E-02    1.618268000000000E-02    2.191292000000000E-02    0.000000000000000E+00    0.000000000000000E+00    0.000000000000000E+00    0.000000000000000E+00    0.000000000000000E+00    1.767102000000000E-02    0.000000000000000E+00    1.542338000000000E-02    2.209140083418000E+39    2.427850208545000E+11    6.227531209561002E+08
                      218    6.146242516263277E+29    3.096652100541479E+33    3.730354082011066E+14    2.800992834028483E+07    4.033092229598694E-13    1.858582121643817E-01    3.482461943692088E+03    2.929937085724642E+03    4.295257974974600E-03    1.422407352332634E+00    3.096977205555338E+33    3.734918170162059E+14    1.095412000000000E-01    0.000000000000000E+00    5.223477000000000E-01    4.283080000000000E-02    1.936979000000000E-03    1.167623000000000E-01    1.029482000000000E-02    9.816786000000000E-05    2.550713000000000E-03    6.203312000000000E-02    6.017602000000000E-02    1.618268000000000E-02    2.191292000000000E-02    0.000000000000000E+00    0.000000000000000E+00    0.000000000000000E+00    0.000000000000000E+00    0.000000000000000E+00    1.767102000000000E-02    0.000000000000000E+00    1.542338000000000E-02    2.219283402848333E+39    2.427993527975334E+11    6.227674528991336E+08
                      219    6.487964671411833E+29    3.097302310569197E+33    3.739482258313052E+14    2.808492834028484E+07    4.033092229598694E-13    1.858582121643817E-01    3.482461943692088E+03    2.929937085724642E+03    4.294257974974600E-03    1.420826462250915E+00    3.097623438763316E+33    3.744006151485354E+14    1.095412000000000E-01    0.000000000000000E+00    5.223477000000000E-01    4.283080000000000E-02    1.936979000000000E-03    1.167623000000000E-01    1.029482000000000E-02    9.816786000000000E-05    2.550713000000000E-03    6.203312000000000E-02    6.017602000000000E-02    1.618268000000000E-02    2.191292000000000E-02    0.000000000000000E+00    0.000000000000000E+00    0.000000000000000E+00    0.000000000000000E+00    0.000000000000000E+00    1.767102000000000E-02    0.000000000000000E+00    1.542338000000000E-02    2.239140083418000E+39    2.427993527975334E+11    6.227674528991336E+08
                      220    6.420686823436763E+29    3.097944566957433E+33    3.748530044657655E+14    2.815500000000000E+07    4.014437109678501E-13    1.858582121643817E-01    3.482461943692088E+03    2.929937085724642E+03    4.302257974974600E-03    1.419263838212768E+00    3.098263706741680E+33    3.753043647830187E+14    1.095412000000000E-01    0.000000000000000E+00    5.223477000000000E-01    4.283080000000000E-02    1.936979000000000E-03    1.167623000000000E-01    1.029482000000000E-02    9.816786000000000E-05    2.550713000000000E-03    6.203312000000000E-02    6.017602000000000E-02    1.618268000000000E-02    2.191292000000000E-02    0.000000000000000E+00    0.000000000000000E+00    0.000000000000000E+00    0.000000000000000E+00    0.000000000000000E+00    1.767102000000000E-02    0.000000000000000E+00    1.542338000000000E-02    2.259140083418000E+39    2.417993527975334E+11    6.187674528991334E+08
                      221    6.395797897085237E+29    3.098582846525927E+33    3.757557251002719E+14    2.822500000000000E+07    3.996116617785186E-13    1.858582121643817E-01    3.474565228640560E+03    2.929937085724642E+03    4.308243643031567E-03    1.417709722231892E+00    3.098903974720045E+33    3.762078688306517E+14    1.095412000000000E-01    0.000000000000000E+00    5.223477000000000E-01    4.283080000000000E-02    1.936979000000000E-03    1.167623000000000E-01    1.029482000000000E-02    9.816786000000000E-05    2.550713000000000E-03    6.203312000000000E-02    6.017602000000000E-02    1.618268000000000E-02    2.191292000000000E-02    0.000000000000000E+00    0.000000000000000E+00    0.000000000000000E+00    0.000000000000000E+00    0.000000000000000E+00    1.767102000000000E-02    0.000000000000000E+00    1.542338000000000E-02    2.279140083418000E+39    2.407993527975334E+11    6.167674528991334E+08
                      222    6.412679496887463E+29    3.099225102914163E+33    3.766600125610316E+14    2.829500000000000E+07    3.977756129711829E-13    1.858359117949007E-01    3.474565228640560E+03    2.929842675102854E+03    4.313243643031566E-03    1.416158263240233E+00    3.099546231108280E+33    3.771112940385685E+14    1.095412000000000E-01    0.000000000000000E+00    5.223477000000000E-01    4.283080000000000E-02    1.936979000000000E-03    1.167623000000000E-01    1.029482000000000E-02    9.816786000000000E-05    2.550713000000000E-03    6.203312000000000E-02    6.017602000000000E-02    1.618268000000000E-02    2.191292000000000E-02    0.000000000000000E+00    0.000000000000000E+00    0.000000000000000E+00    0.000000000000000E+00    0.000000000000000E+00    1.767102000000000E-02    0.000000000000000E+00    1.542338000000000E-02    2.299140083418000E+39    2.397993527975334E+11    6.137817848421669E+08
                      223    6.420939351490342E+29    3.099867359302398E+33    3.775625755161054E+14    2.836500000000000E+07    3.968607544484050E-13    1.858359117949007E-01    3.474565228640560E+03    2.929842675102854E+03    4.315257974974600E-03    1.414612604125353E+00    3.100189481701451E+33    3.780164172953116E+14    1.095412000000000E-01    0.000000000000000E+00    5.223477000000000E-01    4.283080000000000E-02    1.936979000000000E-03    1.167623000000000E-01    1.029482000000000E-02    9.816786000000000E-05    2.550713000000000E-03    6.203312000000000E-02    6.017602000000000E-02    1.618268000000000E-02    2.191292000000000E-02    0.000000000000000E+00    0.000000000000000E+00    0.000000000000000E+00    0.000000000000000E+00    0.000000000000000E+00    1.767102000000000E-02    0.000000000000000E+00    1.542338000000000E-02    2.319140083418000E+39    2.387993527975334E+11    6.127817848421669E+08
                      224    6.449926390585378E+29    3.100511604100504E+33    3.784702590745178E+14    2.843500000000000E+07    3.950250699303275E-13    1.858359117949007E-01    3.474565228640560E+03    2.929842675102854E+03    4.323257974974600E-03    1.413062498227552E+00    3.100837703319299E+33    3.789271548725197E+14    1.095412000000000E-01    0.000000000000000E+00    5.223477000000000E-01    4.283080000000000E-02    1.936979000000000E-03    1.167623000000000E-01    1.029482000000000E-02    9.816786000000000E-05    2.550713000000000E-03    6.203312000000000E-02    6.017602000000000E-02    1.618268000000000E-02    2.191292000000000E-02    0.000000000000000E+00    0.000000000000000E+00    0.000000000000000E+00    0.000000000000000E+00    0.000000000000000E+00    1.767102000000000E-02    0.000000000000000E+00    1.542338000000000E-02    2.339140083418000E+39    2.377993527975334E+11    6.087961167852002E+08
                      225    6.511054086830378E+29    3.101163802538093E+33    3.793840506705214E+14    2.851000000000000E+07    3.941287842311504E-13    1.858359117949007E-01    3.474565228640560E+03    2.929842675102854E+03    4.325257974974599E-03    1.411504780043313E+00    3.101491890166759E+33    3.798423631388145E+14    1.095412000000000E-01    0.000000000000000E+00    5.223477000000000E-01    4.283080000000000E-02    1.936979000000000E-03    1.167623000000000E-01    1.029482000000000E-02    9.816786000000000E-05    2.550713000000000E-03    6.203312000000000E-02    6.017602000000000E-02    1.618268000000000E-02    2.191292000000000E-02    0.000000000000000E+00    0.000000000000000E+00    0.000000000000000E+00    0.000000000000000E+00    0.000000000000000E+00    1.767102000000000E-02    0.000000000000000E+00    1.542338000000000E-02    2.359140083418000E+39    2.368136847405667E+11    6.077817848421669E+08
                      226    6.562854152371933E+29    3.101819977795424E+33    3.803006756071076E+14    2.858500000000000E+07    3.941165374809960E-13    1.858359117949007E-01    3.474565228640560E+03    2.929842675102854E+03    4.325272306917633E-03    1.409942278050807E+00    3.102150053833959E+33    3.807614540537359E+14    1.095412000000000E-01    0.000000000000000E+00    5.223477000000000E-01    4.283080000000000E-02    1.936979000000000E-03    1.167623000000000E-01    1.029482000000000E-02    9.816786000000000E-05    2.550713000000000E-03    6.203312000000000E-02    6.017602000000000E-02    1.618268000000000E-02    2.191292000000000E-02    0.000000000000000E+00    0.000000000000000E+00    0.000000000000000E+00    0.000000000000000E+00    0.000000000000000E+00    1.767102000000000E-02    0.000000000000000E+00    1.542338000000000E-02    2.379140083418000E+39    2.377850208545000E+11    6.077817848421669E+08
                      227    6.601775287180976E+29    3.102480129872495E+33    3.812222325003642E+14    2.865500000000000E+07    3.923179269578584E-13    1.858359117949007E-01    3.474565228640560E+03    2.929842675102854E+03    4.330272306917633E-03    1.408376728700886E+00    3.102812194320902E+33    3.816856143934989E+14    1.095412000000000E-01    0.000000000000000E+00    5.223477000000000E-01    4.283080000000000E-02    1.936979000000000E-03    1.167623000000000E-01    1.029482000000000E-02    9.816786000000000E-05    2.550713000000000E-03    6.203312000000000E-02    6.017602000000000E-02    1.618268000000000E-02    2.191292000000000E-02    0.000000000000000E+00    0.000000000000000E+00    0.000000000000000E+00    0.000000000000000E+00    0.000000000000000E+00    1.767102000000000E-02    0.000000000000000E+00    1.542338000000000E-02    2.399140083418000E+39    2.367850208545000E+11    6.047961167852002E+08
                      228    6.650175171843638E+29    3.103144258769309E+33    3.821489962866338E+14    2.872992834028484E+07    3.914034583204675E-13    1.858359117949007E-01    3.474452503481210E+03    2.929842675102854E+03    4.335229311088534E-03    1.406804204518938E+00    3.103477317422651E+33    3.826138594385058E+14    1.095412000000000E-01    0.000000000000000E+00    5.223477000000000E-01    4.283080000000000E-02    1.936979000000000E-03    1.167623000000000E-01    1.029482000000000E-02    9.816786000000000E-05    2.550713000000000E-03    6.203312000000000E-02    6.017602000000000E-02    1.618268000000000E-02    2.191292000000000E-02    0.000000000000000E+00    0.000000000000000E+00    0.000000000000000E+00    0.000000000000000E+00    0.000000000000000E+00    1.767102000000000E-02    0.000000000000000E+00    1.542338000000000E-02    2.419140083418000E+39    2.357993527975334E+11    6.027961167852001E+08
                      229    6.664674656620768E+29    3.103810376075992E+33    3.830787225903778E+14    2.880492834028484E+07    3.887211345839531E-13    1.858359117949007E-01    3.474452503481210E+03    2.929842675102854E+03    4.343243643031566E-03    1.405234567693584E+00    3.104143434729334E+33    3.835435223670681E+14    1.095412000000000E-01    0.000000000000000E+00    5.223477000000000E-01    4.283080000000000E-02    1.936979000000000E-03    1.167623000000000E-01    1.029482000000000E-02    9.816786000000000E-05    2.550713000000000E-03    6.203312000000000E-02    6.017602000000000E-02    1.618268000000000E-02    2.191292000000000E-02    0.000000000000000E+00    0.000000000000000E+00    0.000000000000000E+00    0.000000000000000E+00    0.000000000000000E+00    1.767102000000000E-02    0.000000000000000E+00    1.542338000000000E-02    2.438996763987667E+39    2.338136847405667E+11    5.988104487282335E+08
                      230    6.648825041541434E+29    3.104476493382676E+33    3.840083221437584E+14    2.887500000000000E+07    3.860451971157174E-13    1.841542538331271E-01    3.474452503481210E+03    2.923198417423542E+03    4.352243643031567E-03    1.403672718822998E+00    3.104808557831083E+33    3.844723050341683E+14    1.095412000000000E-01    0.000000000000000E+00    5.223477000000000E-01    4.283080000000000E-02    1.936979000000000E-03    1.167623000000000E-01    1.029482000000000E-02    9.816786000000000E-05    2.550713000000000E-03    6.203312000000000E-02    6.017602000000000E-02    1.618268000000000E-02    2.191292000000000E-02    0.000000000000000E+00    0.000000000000000E+00    0.000000000000000E+00    0.000000000000000E+00    0.000000000000000E+00    1.767102000000000E-02    0.000000000000000E+00    1.542338000000000E-02    2.458996763987667E+39    2.327993527975334E+11    5.948104487282335E+08
                      231    6.648779308114409E+29    3.105140622279490E+33    3.849362879245781E+14    2.894500000000000E+07    3.842714805515234E-13    1.841542538331271E-01    3.474452503481210E+03    2.923198417423542E+03    4.356257974974599E-03    1.402119348012349E+00    3.105473680932831E+33    3.854014332192345E+14    1.095412000000000E-01    0.000000000000000E+00    5.223477000000000E-01    4.283080000000000E-02    1.936979000000000E-03    1.167623000000000E-01    1.029482000000000E-02    9.816786000000000E-05    2.550713000000000E-03    6.203312000000000E-02    6.017602000000000E-02    1.618268000000000E-02    2.191292000000000E-02    0.000000000000000E+00    0.000000000000000E+00    0.000000000000000E+00    0.000000000000000E+00    0.000000000000000E+00    1.767102000000000E-02    0.000000000000000E+00    1.542338000000000E-02    2.478996763987667E+39    2.317993527975334E+11    5.928104487282336E+08
                      232    6.667788506478281E+29    3.105806739586173E+33    3.858665785138909E+14    2.901992834028484E+07    3.825059134746785E-13    1.841542538331271E-01    3.474452503481210E+03    2.923198417423542E+03    4.362243643031567E-03    1.400567109870756E+00    3.106141786649386E+33    3.863338289493431E+14    1.095412000000000E-01    0.000000000000000E+00    5.223477000000000E-01    4.283080000000000E-02    1.936979000000000E-03    1.167623000000000E-01    1.029482000000000E-02    9.816786000000000E-05    2.550713000000000E-03    6.203312000000000E-02    6.017602000000000E-02    1.618268000000000E-02    2.191292000000000E-02    0.000000000000000E+00    0.000000000000000E+00    0.000000000000000E+00    0.000000000000000E+00    0.000000000000000E+00    1.767102000000000E-02    0.000000000000000E+00    1.542338000000000E-02    2.498996763987667E+39    2.307993527975334E+11    5.898247806712669E+08
                      233    6.697797588246856E+29    3.106476833712599E+33    3.868010793847952E+14    2.909492834028484E+07    3.816143160292049E-13    1.841542538331271E-01    3.474452503481210E+03    2.923198417423542E+03    4.368243643031566E-03    1.399009342950614E+00    3.106808898161005E+33    3.872643265851111E+14    1.095412000000000E-01    0.000000000000000E+00    5.223477000000000E-01    4.283080000000000E-02    1.936979000000000E-03    1.167623000000000E-01    1.029482000000000E-02    9.816786000000000E-05    2.550713000000000E-03    6.203312000000000E-02    6.017602000000000E-02    1.618268000000000E-02    2.191292000000000E-02    0.000000000000000E+00    0.000000000000000E+00    0.000000000000000E+00    0.000000000000000E+00    0.000000000000000E+00    1.767102000000000E-02    0.000000000000000E+00    1.542338000000000E-02    2.518996763987667E+39    2.297993527975334E+11    5.878247806712669E+08
                      234    6.633798628148569E+29    3.107140962609412E+33    3.877275737854269E+14    2.916500000000000E+07    3.798609575143683E-13    1.841542538331271E-01    3.474452503481210E+03    2.923198417423542E+03    4.373257974974600E-03    1.397470253657049E+00    3.107467061828206E+33    3.881834731806018E+14    1.095412000000000E-01    0.000000000000000E+00    5.223477000000000E-01    4.283080000000000E-02    1.936979000000000E-03    1.167623000000000E-01    1.029482000000000E-02    9.816786000000000E-05    2.550713000000000E-03    6.203312000000000E-02    6.017602000000000E-02    1.618268000000000E-02    2.191292000000000E-02    0.000000000000000E+00    0.000000000000000E+00    0.000000000000000E+00    0.000000000000000E+00    0.000000000000000E+00    1.767102000000000E-02    0.000000000000000E+00    1.542338000000000E-02    2.538996763987667E+39    2.287993527975334E+11    5.848391126143003E+08
                      235    6.534901086409660E+29    3.107793161047001E+33    3.886393725757768E+14    2.923500000000000E+07    3.772577355927020E-13    1.841542538331271E-01    3.466573950370312E+03    2.923198417423542E+03    4.381243643031567E-03    1.395963208551725E+00    3.108116277650989E+33    3.890882292111701E+14    1.095412000000000E-01    0.000000000000000E+00    5.223477000000000E-01    4.283080000000000E-02    1.936979000000000E-03    1.167623000000000E-01    1.029482000000000E-02    9.816786000000000E-05    2.550713000000000E-03    6.203312000000000E-02    6.017602000000000E-02    1.618268000000000E-02    2.191292000000000E-02    0.000000000000000E+00    0.000000000000000E+00    0.000000000000000E+00    0.000000000000000E+00    0.000000000000000E+00    1.767102000000000E-02    0.000000000000000E+00    1.542338000000000E-02    2.558996763987666E+39    2.277993527975334E+11    5.808534445573335E+08
                      236    6.457629490424464E+29    3.108439394254978E+33    3.895370858465635E+14    2.930500000000000E+07    3.755243937467458E-13    1.841542538331271E-01    3.466573950370312E+03    2.923198417423542E+03    4.386257974974600E-03    1.394484571932943E+00    3.108757539834289E+33    3.899789795426211E+14    1.095412000000000E-01    0.000000000000000E+00    5.223477000000000E-01    4.283080000000000E-02    1.936979000000000E-03    1.167623000000000E-01    1.029482000000000E-02    9.816786000000000E-05    2.550713000000000E-03    6.203312000000000E-02    6.017602000000000E-02    1.618268000000000E-02    2.191292000000000E-02    0.000000000000000E+00    0.000000000000000E+00    0.000000000000000E+00    0.000000000000000E+00    0.000000000000000E+00    1.767102000000000E-02    0.000000000000000E+00    1.542338000000000E-02    2.578996763987667E+39    2.267993527975334E+11    5.788391126143001E+08
                      237    6.366029412911015E+29    3.109075685413601E+33    3.904208732386787E+14    2.937500000000000E+07    3.755127250901770E-13    1.841321579146624E-01    3.466461484471634E+03    2.923104223940159E+03    4.386257974974600E-03    1.393028919461002E+00    3.109389854173171E+33    3.908569676087547E+14    1.095412000000000E-01    0.000000000000000E+00    5.223477000000000E-01    4.283080000000000E-02    1.936979000000000E-03    1.167623000000000E-01    1.029482000000000E-02    9.816786000000000E-05    2.550713000000000E-03    6.203312000000000E-02    6.017602000000000E-02    1.618268000000000E-02    2.191292000000000E-02    0.000000000000000E+00    0.000000000000000E+00    0.000000000000000E+00    0.000000000000000E+00    0.000000000000000E+00    1.767102000000000E-02    0.000000000000000E+00    1.542338000000000E-02    2.598996763987667E+39    2.258136847405667E+11    5.748391126143001E+08
                      238    6.280670953981690E+29    3.109704022932742E+33    3.912930619788307E+14    2.944500000000000E+07    3.746490697886502E-13    1.841321579146624E-01    3.466461484471634E+03    2.923104223940159E+03    4.387257974974600E-03    1.391595348043460E+00    3.110018191692312E+33    3.917284142216311E+14    1.095412000000000E-01    0.000000000000000E+00    5.223477000000000E-01    4.283080000000000E-02    1.936979000000000E-03    1.167623000000000E-01    1.029482000000000E-02    9.816786000000000E-05    2.550713000000000E-03    6.203312000000000E-02    6.017602000000000E-02    1.618268000000000E-02    2.191292000000000E-02    0.000000000000000E+00    0.000000000000000E+00    0.000000000000000E+00    0.000000000000000E+00    0.000000000000000E+00    1.767102000000000E-02    0.000000000000000E+00    1.542338000000000E-02    2.618996763987667E+39    2.257993527975334E+11    5.728534445573335E+08
                      239    6.287385814115038E+29    3.110332360451882E+33    3.921637664644316E+14    2.951500000000000E+07    3.737990158831588E-13    1.841321579146624E-01    3.466461484471634E+03    2.923104223940159E+03    4.388257974974601E-03    1.390167136666929E+00    3.110647523416387E+33    3.925982322113536E+14    1.095412000000000E-01    0.000000000000000E+00    5.223477000000000E-01    4.283080000000000E-02    1.936979000000000E-03    1.167623000000000E-01    1.029482000000000E-02    9.816786000000000E-05    2.550713000000000E-03    6.203312000000000E-02    6.017602000000000E-02    1.618268000000000E-02    2.191292000000000E-02    0.000000000000000E+00    0.000000000000000E+00    0.000000000000000E+00    0.000000000000000E+00    0.000000000000000E+00    1.767102000000000E-02    0.000000000000000E+00    1.542338000000000E-02    2.638996763987667E+39    2.248136847405667E+11    5.728391126143003E+08
                      240    6.303609250250063E+29    3.110962686380893E+33    3.930326979582754E+14    2.958500000000000E+07    3.737874008391969E-13    1.841321579146624E-01    3.466461484471634E+03    2.923104223940159E+03    4.390257974974600E-03    1.388741229355351E+00    3.111278843550335E+33    3.934659042379709E+14    1.095412000000000E-01    0.000000000000000E+00    5.223477000000000E-01    4.283080000000000E-02    1.936979000000000E-03    1.167623000000000E-01    1.029482000000000E-02    9.816786000000000E-05    2.550713000000000E-03    6.203312000000000E-02    6.017602000000000E-02    1.618268000000000E-02    2.191292000000000E-02    0.000000000000000E+00    0.000000000000000E+00    0.000000000000000E+00    0.000000000000000E+00    0.000000000000000E+00    1.767102000000000E-02    0.000000000000000E+00    1.542338000000000E-02    2.648996763987667E+39    2.248136847405667E+11    5.718534445573335E+08
                      241    6.307033292047405E+29    3.111595000719776E+33    3.938991105176663E+14    2.965500000000000E+07    3.729277136733328E-13    1.841321579146624E-01    3.466461484471634E+03    2.923104223940159E+03    4.392257974974600E-03    1.387322079381130E+00    3.111908175274410E+33    3.943294995155203E+14    1.095412000000000E-01    0.000000000000000E+00    5.223477000000000E-01    4.283080000000000E-02    1.936979000000000E-03    1.167623000000000E-01    1.029482000000000E-02    9.816786000000000E-05    2.550713000000000E-03    6.203312000000000E-02    6.017602000000000E-02    1.618268000000000E-02    2.191292000000000E-02    0.000000000000000E+00    0.000000000000000E+00    0.000000000000000E+00    0.000000000000000E+00    0.000000000000000E+00    1.767102000000000E-02    0.000000000000000E+00    1.542338000000000E-02    2.668996763987667E+39    2.247993527975334E+11    5.708534445573336E+08
                      242    6.277362239956849E+29    3.112221349829045E+33    3.947598885133744E+14    2.972492834028483E+07    3.720700037330828E-13    1.841321579146624E-01    3.466461484471634E+03    2.923104223940159E+03    4.395257974974599E-03    1.385914440554512E+00    3.112536512793551E+33    3.951904437198164E+14    1.095412000000000E-01    0.000000000000000E+00    5.223477000000000E-01    4.283080000000000E-02    1.936979000000000E-03    1.167623000000000E-01    1.029482000000000E-02    9.816786000000000E-05    2.550713000000000E-03    6.203312000000000E-02    6.017602000000000E-02    1.618268000000000E-02    2.191292000000000E-02    0.000000000000000E+00    0.000000000000000E+00    0.000000000000000E+00    0.000000000000000E+00    0.000000000000000E+00    1.767102000000000E-02    0.000000000000000E+00    1.542338000000000E-02    2.688996763987667E+39    2.238136847405667E+11    5.688534445573336E+08
                      243    6.296417171747747E+29    3.112851675758057E+33    3.956209989262586E+14    2.979485668056967E+07    3.712258015575164E-13    1.824659174857532E-01    3.466461484471634E+03    2.916475247629452E+03    4.398257974974600E-03    1.384508493114618E+00    3.113174792362045E+33    3.960619417928184E+14    1.095412000000000E-01    0.000000000000000E+00    5.223477000000000E-01    4.283080000000000E-02    1.936979000000000E-03    1.167623000000000E-01    1.029482000000000E-02    9.816786000000000E-05    2.550713000000000E-03    6.203312000000000E-02    6.017602000000000E-02    1.618268000000000E-02    2.191292000000000E-02    0.000000000000000E+00    0.000000000000000E+00    0.000000000000000E+00    0.000000000000000E+00    0.000000000000000E+00    1.767102000000000E-02    0.000000000000000E+00    1.542338000000000E-02    2.708996763987667E+39    2.238136847405667E+11    5.678534445573336E+08
                      244    6.472369572795948E+29    3.113497908966033E+33    3.965028846593784E+14    2.986492834028483E+07    3.712142664709548E-13    1.824659174857532E-01    3.466461484471634E+03    2.916475247629452E+03    4.398257974974600E-03    1.383068671231167E+00    3.113829973414440E+33    3.969542360045363E+14    1.095412000000000E-01    0.000000000000000E+00    5.223477000000000E-01    4.283080000000000E-02    1.936979000000000E-03    1.167623000000000E-01    1.029482000000000E-02    9.816786000000000E-05    2.550713000000000E-03    6.203312000000000E-02    6.017602000000000E-02    1.618268000000000E-02    2.191292000000000E-02    0.000000000000000E+00    0.000000000000000E+00    0.000000000000000E+00    0.000000000000000E+00    0.000000000000000E+00    1.767102000000000E-02    0.000000000000000E+00    1.542338000000000E-02    2.728996763987667E+39    2.237993527975334E+11    5.678534445573336E+08
                      245    6.635470880849826E+29    3.114162037862846E+33    3.974055873496942E+14    2.993500000000000E+07    3.712142664709548E-13    1.824659174857532E-01    3.466461484471634E+03    2.916475247629452E+03    4.399257974974600E-03    1.381594527285678E+00    3.114501061745800E+33    3.978657169522909E+14    1.095412000000000E-01    0.000000000000000E+00    5.223477000000000E-01    4.283080000000000E-02    1.936979000000000E-03    1.167623000000000E-01    1.029482000000000E-02    9.816786000000000E-05    2.550713000000000E-03    6.203312000000000E-02    6.017602000000000E-02    1.618268000000000E-02    2.191292000000000E-02    0.000000000000000E+00    0.000000000000000E+00    0.000000000000000E+00    0.000000000000000E+00    0.000000000000000E+00    1.767102000000000E-02    0.000000000000000E+00    1.542338000000000E-02    2.748996763987667E+39    2.237993527975334E+11    5.668534445573336E+08
                      246    6.771064526752467E+29    3.114840085628754E+33    3.983258465548875E+14    3.001000000000000E+07    3.703604973499136E-13    1.824659174857532E-01    3.466461484471634E+03    2.916475247629452E+03    4.401257974974601E-03    1.380094487793343E+00    3.115187063151191E+33    3.987955447270037E+14    1.095412000000000E-01    0.000000000000000E+00    5.223477000000000E-01    4.283080000000000E-02    1.936979000000000E-03    1.167623000000000E-01    1.029482000000000E-02    9.816786000000000E-05    2.550713000000000E-03    6.203312000000000E-02    6.017602000000000E-02    1.618268000000000E-02    2.191292000000000E-02    0.000000000000000E+00    0.000000000000000E+00    0.000000000000000E+00    0.000000000000000E+00    0.000000000000000E+00    1.767102000000000E-02    0.000000000000000E+00    1.542338000000000E-02    2.768996763987667E+39    2.228136847405667E+11    5.658677765003668E+08
                      247    6.945054367258287E+29    3.115534040673629E+33    3.992652428991199E+14    3.008500000000000E+07    3.695201739310142E-13    1.824659174857532E-01    3.466461484471634E+03    2.916475247629452E+03    4.403257974974600E-03    1.378566033095144E+00    3.115885989220742E+33    3.997385375562232E+14    1.095412000000000E-01    0.000000000000000E+00    5.223477000000000E-01    4.283080000000000E-02    1.936979000000000E-03    1.167623000000000E-01    1.029482000000000E-02    9.816786000000000E-05    2.550713000000000E-03    6.203312000000000E-02    6.017602000000000E-02    1.618268000000000E-02    2.191292000000000E-02    0.000000000000000E+00    0.000000000000000E+00    0.000000000000000E+00    0.000000000000000E+00    0.000000000000000E+00    1.767102000000000E-02    0.000000000000000E+00    1.542338000000000E-02    2.788996763987667E+39    2.228136847405667E+11    5.648677765003668E+08
                      248    7.030369081170459E+29    3.116237937767855E+33    4.002118322133266E+14    3.016000000000000E+07    3.686588454351100E-13    1.824659174857532E-01    3.458601051530062E+03    2.916475247629452E+03    4.407257974974601E-03    1.377028070484167E+00    3.116586903700163E+33    4.006819537812398E+14    1.095412000000000E-01    0.000000000000000E+00    5.223477000000000E-01    4.283080000000000E-02    1.936979000000000E-03    1.167623000000000E-01    1.029482000000000E-02    9.816786000000000E-05    2.550713000000000E-03    6.203312000000000E-02    6.017602000000000E-02    1.618268000000000E-02    2.191292000000000E-02    0.000000000000000E+00    0.000000000000000E+00    0.000000000000000E+00    0.000000000000000E+00    0.000000000000000E+00    1.767102000000000E-02    0.000000000000000E+00    1.542338000000000E-02    2.808996763987667E+39    2.218136847405667E+11    5.628677765003668E+08
                      249    6.980211442182100E+29    3.116935869632470E+33    4.011520753491529E+14    3.023500000000000E+07    3.669650119006680E-13    1.824659174857532E-01    3.458601051530062E+03    2.916475247629452E+03    4.413257974974600E-03    1.375505367530287E+00    3.117283841359843E+33    4.016212189131269E+14    1.095412000000000E-01    0.000000000000000E+00    5.223477000000000E-01    4.283080000000000E-02    1.936979000000000E-03    1.167623000000000E-01    1.029482000000000E-02    9.816786000000000E-05    2.550713000000000E-03    6.203312000000000E-02    6.017602000000000E-02    1.618268000000000E-02    2.191292000000000E-02    0.000000000000000E+00    0.000000000000000E+00    0.000000000000000E+00    0.000000000000000E+00    0.000000000000000E+00    1.767102000000000E-02    0.000000000000000E+00    1.542338000000000E-02    2.828996763987667E+39    2.208136847405667E+11    5.608677765003668E+08
                      250    6.966574927288854E+29    3.117631813087214E+33    4.020903624771009E+14    3.031000000000000E+07    3.652789608243920E-13    1.824659174857532E-01    3.458601051530062E+03    2.916475247629452E+03    4.419257974974600E-03    1.373990757668789E+00    3.117980779019521E+33    4.025596275914585E+14    1.095412000000000E-01    0.000000000000000E+00    5.223477000000000E-01    4.283080000000000E-02    1.936979000000000E-03    1.167623000000000E-01    1.029482000000000E-02    9.816786000000000E-05    2.550713000000000E-03    6.203312000000000E-02    6.017602000000000E-02    1.618268000000000E-02    2.191292000000000E-02    0.000000000000000E+00    0.000000000000000E+00    0.000000000000000E+00    0.000000000000000E+00    0.000000000000000E+00    1.767102000000000E-02    0.000000000000000E+00    1.542338000000000E-02    2.848996763987667E+39    2.198136847405667E+11    5.578821084434001E+08
                      251    6.971271551403441E+29    3.118329744951830E+33    4.030288927058161E+14    3.038500000000000E+07    3.636119549509041E-13    1.824659174857532E-01    3.458601051530062E+03    2.916475247629452E+03    4.424257974974599E-03    1.372480961638886E+00    3.118677716679202E+33    4.034977662309396E+14    1.095412000000000E-01    0.000000000000000E+00    5.223477000000000E-01    4.283080000000000E-02    1.936979000000000E-03    1.167623000000000E-01    1.029482000000000E-02    9.816786000000000E-05    2.550713000000000E-03    6.203312000000000E-02    6.017602000000000E-02    1.618268000000000E-02    2.191292000000000E-02    0.000000000000000E+00    0.000000000000000E+00    0.000000000000000E+00    0.000000000000000E+00    0.000000000000000E+00    1.767102000000000E-02    0.000000000000000E+00    1.542338000000000E-02    2.878853444557334E+39    2.188136847405667E+11    5.558677765003668E+08
                      252    6.965835238816954E+29    3.119025688406574E+33    4.039666397560632E+14    3.046000000000000E+07    3.619413097719094E-13    1.824659174857532E-01    3.458601051530062E+03    2.916475247629452E+03    4.430257974974600E-03    1.370977320408050E+00    3.119375648543817E+33    4.044373028008675E+14    1.095412000000000E-01    0.000000000000000E+00    5.223477000000000E-01    4.283080000000000E-02    1.936979000000000E-03    1.167623000000000E-01    1.029482000000000E-02    9.816786000000000E-05    2.550713000000000E-03    6.203312000000000E-02    6.017602000000000E-02    1.618268000000000E-02    2.191292000000000E-02    0.000000000000000E+00    0.000000000000000E+00    0.000000000000000E+00    0.000000000000000E+00    0.000000000000000E+00    1.767102000000000E-02    0.000000000000000E+00    1.542338000000000E-02    2.898853444557334E+39    2.178136847405667E+11    5.528821084434001E+08
                      253    6.995858239454623E+29    3.119725608681060E+33    4.049079658456718E+14    3.053992834028484E+07    3.610976471360234E-13    1.824659174857532E-01    3.458601051530062E+03    2.916475247629452E+03    4.435257974974600E-03    1.369469760143363E+00    3.120078551433108E+33    4.053822007272418E+14    1.095412000000000E-01    0.000000000000000E+00    5.223477000000000E-01    4.283080000000000E-02    1.936979000000000E-03    1.167623000000000E-01    1.029482000000000E-02    9.816786000000000E-05    2.550713000000000E-03    6.203312000000000E-02    6.017602000000000E-02    1.618268000000000E-02    2.191292000000000E-02    0.000000000000000E+00    0.000000000000000E+00    0.000000000000000E+00    0.000000000000000E+00    0.000000000000000E+00    1.767102000000000E-02    0.000000000000000E+00    1.542338000000000E-02    2.918853444557334E+39    2.168280166836000E+11    5.508821084434003E+08
                      254    7.059590752630237E+29    3.120431494185157E+33    4.058564356088118E+14    3.061492834028484E+07    3.594497233209757E-13    1.824440241438867E-01    3.458488844295774E+03    2.916381270785069E+03    4.439257974974600E-03    1.367956326164277E+00    3.120786425347077E+33    4.063329047219414E+14    1.095412000000000E-01    0.000000000000000E+00    5.223477000000000E-01    4.283080000000000E-02    1.936979000000000E-03    1.167623000000000E-01    1.029482000000000E-02    9.816786000000000E-05    2.550713000000000E-03    6.203312000000000E-02    6.017602000000000E-02    1.618268000000000E-02    2.191292000000000E-02    0.000000000000000E+00    0.000000000000000E+00    0.000000000000000E+00    0.000000000000000E+00    0.000000000000000E+00    1.767102000000000E-02    0.000000000000000E+00    1.542338000000000E-02    2.938853444557334E+39    2.168136847405667E+11    5.488964403864336E+08
                      255    7.105530974282845E+29    3.121141356508997E+33    4.068093738350709E+14    3.068992834028483E+07    3.586118684178242E-13    1.824440241438867E-01    3.458488844295774E+03    2.916381270785069E+03    4.443243643031567E-03    1.366437945232810E+00    3.121498276080787E+33    4.072870072559964E+14    1.095412000000000E-01    0.000000000000000E+00    5.223477000000000E-01    4.283080000000000E-02    1.936979000000000E-03    1.167623000000000E-01    1.029482000000000E-02    9.816786000000000E-05    2.550713000000000E-03    6.203312000000000E-02    6.017602000000000E-02    1.618268000000000E-02    2.191292000000000E-02    0.000000000000000E+00    0.000000000000000E+00    0.000000000000000E+00    0.000000000000000E+00    0.000000000000000E+00    1.767102000000000E-02    0.000000000000000E+00    1.542338000000000E-02    2.958853444557333E+39    2.158136847405667E+11    5.478821084434003E+08
                      256    7.139260370919496E+29    3.121855195652577E+33    4.077646406769221E+14    3.076492834028483E+07    3.577982018592068E-13    1.824440241438867E-01    3.458488844295774E+03    2.916381270785069E+03    4.446243643031567E-03    1.364918280723584E+00    3.122214103634238E+33    4.082430192265508E+14    1.095412000000000E-01    0.000000000000000E+00    5.223477000000000E-01    4.283080000000000E-02    1.936979000000000E-03    1.167623000000000E-01    1.029482000000000E-02    9.816786000000000E-05    2.550713000000000E-03    6.203312000000000E-02    6.017602000000000E-02    1.618268000000000E-02    2.191292000000000E-02    0.000000000000000E+00    0.000000000000000E+00    0.000000000000000E+00    0.000000000000000E+00    0.000000000000000E+00    1.767102000000000E-02    0.000000000000000E+00    1.542338000000000E-02    2.978853444557334E+39    2.158136847405667E+11    5.458964403864335E+08
                      257    7.180412501603462E+29    3.122573011615899E+33    4.087213977761794E+14    3.083500000000000E+07    3.569752888305252E-13    1.824440241438867E-01    3.458488844295774E+03    2.916381270785069E+03    4.448243643031567E-03    1.363399062993667E+00    3.122931919597561E+33    4.091981139124567E+14    1.095412000000000E-01    0.000000000000000E+00    5.223477000000000E-01    4.283080000000000E-02    1.936979000000000E-03    1.167623000000000E-01    1.029482000000000E-02    9.816786000000000E-05    2.550713000000000E-03    6.203312000000000E-02    6.017602000000000E-02    1.618268000000000E-02    2.191292000000000E-02    0.000000000000000E+00    0.000000000000000E+00    0.000000000000000E+00    0.000000000000000E+00    0.000000000000000E+00    1.767102000000000E-02    0.000000000000000E+00    1.542338000000000E-02    2.998853444557333E+39    2.148280166836000E+11    5.448964403864335E+08
                      258    7.179990958710875E+29    3.123290827579221E+33    4.096748300487339E+14    3.090992834028483E+07    3.569641965496554E-13    1.824440241438867E-01    3.458488844295774E+03    2.916381270785069E+03    4.449243643031567E-03    1.361884832201357E+00    3.123648741355947E+33    4.101480718586641E+14    1.095412000000000E-01    0.000000000000000E+00    5.223477000000000E-01    4.283080000000000E-02    1.936979000000000E-03    1.167623000000000E-01    1.029482000000000E-02    9.816786000000000E-05    2.550713000000000E-03    6.203312000000000E-02    6.017602000000000E-02    1.618268000000000E-02    2.191292000000000E-02    0.000000000000000E+00    0.000000000000000E+00    0.000000000000000E+00    0.000000000000000E+00    0.000000000000000E+00    1.767102000000000E-02    0.000000000000000E+00    1.542338000000000E-02    3.018853444557334E+39    2.148136847405667E+11    5.439107723294668E+08
                      259    7.158842231326129E+29    3.124006655132672E+33    4.106213136685943E+14    3.098492834028483E+07    3.569641965496554E-13    1.824440241438867E-01    3.458488844295774E+03    2.916381270785069E+03    4.449243643031567E-03    1.360381637068458E+00    3.124364568909398E+33    4.110913355618914E+14    1.095412000000000E-01    0.000000000000000E+00    5.223477000000000E-01    4.283080000000000E-02    1.936979000000000E-03    1.167623000000000E-01    1.029482000000000E-02    9.816786000000000E-05    2.550713000000000E-03    6.203312000000000E-02    6.017602000000000E-02    1.618268000000000E-02    2.191292000000000E-02    0.000000000000000E+00    0.000000000000000E+00    0.000000000000000E+00    0.000000000000000E+00    0.000000000000000E+00    1.767102000000000E-02    0.000000000000000E+00    1.542338000000000E-02    3.048853444557333E+39    2.148136847405667E+11    5.438964403864335E+08
                      260    7.155702532140299E+29    3.124722482686124E+33    4.115613574551886E+14    3.105500000000000E+07    3.569752888305252E-13    1.824440241438867E-01    3.458488844295774E+03    2.916381270785069E+03    4.447243643031567E-03    1.358889292997913E+00    3.125084373282591E+33    4.120337390347474E+14    1.095412000000000E-01    0.000000000000000E+00    5.223477000000000E-01    4.283080000000000E-02    1.936979000000000E-03    1.167623000000000E-01    1.029482000000000E-02    9.816786000000000E-05    2.550713000000000E-03    6.203312000000000E-02    6.017602000000000E-02    1.618268000000000E-02    2.191292000000000E-02    0.000000000000000E+00    0.000000000000000E+00    0.000000000000000E+00    0.000000000000000E+00    0.000000000000000E+00    1.767102000000000E-02    0.000000000000000E+00    1.542338000000000E-02    3.068853444557333E+39    2.148280166836000E+11    5.439107723294668E+08
                      261    7.242260002221655E+29    3.125446263879058E+33    4.125061206143062E+14    3.112500000000000E+07    3.577982018592068E-13    1.807930598990523E-01    3.458488844295774E+03    2.909767540696802E+03    4.443243643031567E-03    1.357387351673426E+00    3.125811137090331E+33    4.129796348697469E+14    1.095412000000000E-01    0.000000000000000E+00    5.223477000000000E-01    4.283080000000000E-02    1.936979000000000E-03    1.167623000000000E-01    1.029482000000000E-02    9.816786000000000E-05    2.550713000000000E-03    6.203312000000000E-02    6.017602000000000E-02    1.618268000000000E-02    2.191292000000000E-02    0.000000000000000E+00    0.000000000000000E+00    0.000000000000000E+00    0.000000000000000E+00    0.000000000000000E+00    1.767102000000000E-02    0.000000000000000E+00    1.542338000000000E-02    3.088853444557334E+39    2.158136847405667E+11    5.448964403864335E+08
                      262    7.297042682569257E+29    3.126176010301604E+33    4.134531491251876E+14    3.119500000000000E+07    3.586230118983363E-13    1.807930598990523E-01    3.458488844295774E+03    2.909767540696802E+03    4.440243643031567E-03    1.355879357343392E+00    3.126516028389493E+33    4.138938322531286E+14    1.095412000000000E-01    0.000000000000000E+00    5.223477000000000E-01    4.283080000000000E-02    1.936979000000000E-03    1.167623000000000E-01    1.029482000000000E-02    9.816786000000000E-05    2.550713000000000E-03    6.203312000000000E-02    6.017602000000000E-02    1.618268000000000E-02    2.191292000000000E-02    0.000000000000000E+00    0.000000000000000E+00    0.000000000000000E+00    0.000000000000000E+00    0.000000000000000E+00    1.767102000000000E-02    0.000000000000000E+00    1.542338000000000E-02    3.108853444557333E+39    2.158280166836000E+11    5.458964403864335E+08
                      263    6.791626673225355E+29    3.126856046477383E+33    4.143345153810696E+14    3.126492834028483E+07    3.577870840079888E-13    1.807930598990523E-01    3.458488844295774E+03    2.909767540696802E+03    4.444243643031567E-03    1.354477931061297E+00    3.127167232622147E+33    4.147341227117670E+14    1.095412000000000E-01    0.000000000000000E+00    5.223477000000000E-01    4.283080000000000E-02    1.936979000000000E-03    1.167623000000000E-01    1.029482000000000E-02    9.816786000000000E-05    2.550713000000000E-03    6.203312000000000E-02    6.017602000000000E-02    1.618268000000000E-02    2.191292000000000E-02    0.000000000000000E+00    0.000000000000000E+00    0.000000000000000E+00    0.000000000000000E+00    0.000000000000000E+00    1.767102000000000E-02    0.000000000000000E+00    1.542338000000000E-02    3.128853444557334E+39    2.158136847405667E+11    5.438964403864335E+08
                      264    6.217745735213580E+29    3.127478418766911E+33    4.151337300424645E+14    3.132492834028484E+07    3.553351363625311E-13    1.807930598990523E-01    3.458488844295774E+03    2.909767540696802E+03    4.452243643031566E-03    1.353213566989117E+00    3.127764749788292E+33    4.155002560730569E+14    1.095412000000000E-01    0.000000000000000E+00    5.223477000000000E-01    4.283080000000000E-02    1.936979000000000E-03    1.167623000000000E-01    1.029482000000000E-02    9.816786000000000E-05    2.550713000000000E-03    6.203312000000000E-02    6.017602000000000E-02    1.618268000000000E-02    2.191292000000000E-02    0.000000000000000E+00    0.000000000000000E+00    0.000000000000000E+00    0.000000000000000E+00    0.000000000000000E+00    1.767102000000000E-02    0.000000000000000E+00    1.542338000000000E-02    3.148853444557333E+39    2.138280166836000E+11    5.409107723294668E+08
                      265    5.733182180183689E+29    3.128051080809672E+33    4.158667821036492E+14    3.137992834028483E+07    3.537025197106071E-13    1.807930598990523E-01    3.458488844295774E+03    2.909767540696802E+03    4.459243643031567E-03    1.352057386232816E+00    3.128307585682992E+33    4.161988966668581E+14    1.095412000000000E-01    0.000000000000000E+00    5.223477000000000E-01    4.283080000000000E-02    1.936979000000000E-03    1.167623000000000E-01    1.029482000000000E-02    9.816786000000000E-05    2.550713000000000E-03    6.203312000000000E-02    6.017602000000000E-02    1.618268000000000E-02    2.191292000000000E-02    0.000000000000000E+00    0.000000000000000E+00    0.000000000000000E+00    0.000000000000000E+00    0.000000000000000E+00    1.767102000000000E-02    0.000000000000000E+00    1.542338000000000E-02    3.168710125127000E+39    2.128280166836000E+11    5.379107723294668E+08
                      266    5.129147006482776E+29    3.128564090556312E+33    4.165310112300671E+14    3.142992834028484E+07    3.520774042508230E-13    1.807930598990523E-01    3.450646489848290E+03    2.909767540696802E+03    4.465243643031566E-03    1.351013164304771E+00    3.128798722921055E+33    4.168379122550570E+14    1.095412000000000E-01    0.000000000000000E+00    5.223477000000000E-01    4.283080000000000E-02    1.936979000000000E-03    1.167623000000000E-01    1.029482000000000E-02    9.816786000000000E-05    2.550713000000000E-03    6.203312000000000E-02    6.017602000000000E-02    1.618268000000000E-02    2.191292000000000E-02    0.000000000000000E+00    0.000000000000000E+00    0.000000000000000E+00    0.000000000000000E+00    0.000000000000000E+00    1.767102000000000E-02    0.000000000000000E+00    1.542338000000000E-02    3.178853444557333E+39    2.118280166836000E+11    5.359107723294668E+08
                      267    4.688968736586607E+29    3.129033355285797E+33    4.171448132800469E+14    3.147500000000000E+07    3.512567337639613E-13    1.807930598990523E-01    3.450646489848290E+03    2.909767540696802E+03    4.469243643031567E-03    1.350049605330271E+00    3.129272958675217E+33    4.174570752526067E+14    1.095412000000000E-01    0.000000000000000E+00    5.223477000000000E-01    4.283080000000000E-02    1.936979000000000E-03    1.167623000000000E-01    1.029482000000000E-02    9.816786000000000E-05    2.550713000000000E-03    6.203312000000000E-02    6.017602000000000E-02    1.618268000000000E-02    2.191292000000000E-02    0.000000000000000E+00    0.000000000000000E+00    0.000000000000000E+00    0.000000000000000E+00    0.000000000000000E+00    1.767102000000000E-02    0.000000000000000E+00    1.542338000000000E-02    3.198710125127000E+39    2.118136847405667E+11    5.339251042725002E+08
                      268    4.796756458857407E+29    3.129512562064636E+33    4.177693372251664E+14    3.152500000000000E+07    3.520664641617522E-13    1.807930598990523E-01    3.450646489848290E+03    2.909767540696802E+03    4.466243643031566E-03    1.349067614968399E+00    3.129756142273796E+33    4.180828381146884E+14    1.095412000000000E-01    0.000000000000000E+00    5.223477000000000E-01    4.283080000000000E-02    1.936979000000000E-03    1.167623000000000E-01    1.029482000000000E-02    9.816786000000000E-05    2.550713000000000E-03    6.203312000000000E-02    6.017602000000000E-02    1.618268000000000E-02    2.191292000000000E-02    0.000000000000000E+00    0.000000000000000E+00    0.000000000000000E+00    0.000000000000000E+00    0.000000000000000E+00    1.767102000000000E-02    0.000000000000000E+00    1.542338000000000E-02    3.208853444557334E+39    2.118136847405667E+11    5.349107723294669E+08
                      269    4.861204799586473E+29    3.129999722482957E+33    4.183963390042105E+14    3.157992834028483E+07    3.520664641617522E-13    1.807930598990523E-01    3.450646489848290E+03    2.909767540696802E+03    4.464257974974599E-03    1.348082167072122E+00    3.130242308487182E+33    4.187082360123379E+14    1.095412000000000E-01    0.000000000000000E+00    5.223477000000000E-01    4.283080000000000E-02    1.936979000000000E-03    1.167623000000000E-01    1.029482000000000E-02    9.816786000000000E-05    2.550713000000000E-03    6.203312000000000E-02    6.017602000000000E-02    1.618268000000000E-02    2.191292000000000E-02    0.000000000000000E+00    0.000000000000000E+00    0.000000000000000E+00    0.000000000000000E+00    0.000000000000000E+00    1.767102000000000E-02    0.000000000000000E+00    1.542338000000000E-02    3.228710125127001E+39    2.118280166836000E+11    5.349107723294669E+08
                      270    4.859614071689914E+29    3.130484894491407E+33    4.190201330204655E+14    3.163485668056967E+07    3.520664641617522E-13    1.807930598990523E-01    3.450646489848290E+03    2.909767540696802E+03    4.464272306917633E-03    1.347101757747379E+00    3.130727480495632E+33    4.193313362288501E+14    1.095412000000000E-01    0.000000000000000E+00    5.223477000000000E-01    4.283080000000000E-02    1.936979000000000E-03    1.167623000000000E-01    1.029482000000000E-02    9.816786000000000E-05    2.550713000000000E-03    6.203312000000000E-02    6.017602000000000E-02    1.618268000000000E-02    2.191292000000000E-02    0.000000000000000E+00    0.000000000000000E+00    0.000000000000000E+00    0.000000000000000E+00    0.000000000000000E+00    1.767102000000000E-02    0.000000000000000E+00    1.542338000000000E-02    3.238710125127000E+39    2.118136847405667E+11    5.349107723294669E+08
                      271    4.855692927424898E+29    3.130970066499857E+33    4.196425394372347E+14    3.168485668056966E+07    3.520664641617522E-13    1.807930598990523E-01    3.450646489848290E+03    2.909767540696802E+03    4.465257974974600E-03    1.346123313318561E+00    3.131212652504082E+33    4.199528003305107E+14    1.095412000000000E-01    0.000000000000000E+00    5.223477000000000E-01    4.283080000000000E-02    1.936979000000000E-03    1.167623000000000E-01    1.029482000000000E-02    9.816786000000000E-05    2.550713000000000E-03    6.203312000000000E-02    6.017602000000000E-02    1.618268000000000E-02    2.191292000000000E-02    0.000000000000000E+00    0.000000000000000E+00    0.000000000000000E+00    0.000000000000000E+00    0.000000000000000E+00    1.767102000000000E-02    0.000000000000000E+00    1.542338000000000E-02    3.248853444557333E+39    2.118136847405667E+11    5.349107723294669E+08
                      272    4.849841037175433E+29    3.131455238508307E+33    4.202630612237866E+14    3.173492834028484E+07    3.520664641617522E-13    1.807930598990523E-01    3.450646489848290E+03    2.909767540696802E+03    4.465272306917633E-03    1.345147828346356E+00    3.131696830307597E+33    4.205718454945882E+14    1.095412000000000E-01    0.000000000000000E+00    5.223477000000000E-01    4.283080000000000E-02    1.936979000000000E-03    1.167623000000000E-01    1.029482000000000E-02    9.816786000000000E-05    2.550713000000000E-03    6.203312000000000E-02    6.017602000000000E-02    1.618268000000000E-02    2.191292000000000E-02    0.000000000000000E+00    0.000000000000000E+00    0.000000000000000E+00    0.000000000000000E+00    0.000000000000000E+00    1.767102000000000E-02    0.000000000000000E+00    1.542338000000000E-02    3.268710125127000E+39    2.118136847405667E+11    5.339107723294669E+08
                      273    4.835178502788906E+29    3.131938422106887E+33    4.208806297653897E+14    3.178500000000000E+07    3.512567337639613E-13    1.807930598990523E-01    3.450646489848290E+03    2.909767540696802E+03    4.467272306917632E-03    1.344178785528157E+00    3.132180013906177E+33    4.211888009095482E+14    1.095412000000000E-01    0.000000000000000E+00    5.223477000000000E-01    4.283080000000000E-02    1.936979000000000E-03    1.167623000000000E-01    1.029482000000000E-02    9.816786000000000E-05    2.550713000000000E-03    6.203312000000000E-02    6.017602000000000E-02    1.618268000000000E-02    2.191292000000000E-02    0.000000000000000E+00    0.000000000000000E+00    0.000000000000000E+00    0.000000000000000E+00    0.000000000000000E+00    1.767102000000000E-02    0.000000000000000E+00    1.542338000000000E-02    3.278853444557334E+39    2.118136847405667E+11    5.329107723294668E+08
                      274    4.822896095017604E+29    3.132421605705467E+33    4.214969720537068E+14    3.183500000000000E+07    3.504488656944056E-13    1.807930598990523E-01    3.450646489848290E+03    2.909767540696802E+03    4.471272306917634E-03    1.343213027328888E+00    3.132661209094885E+33    4.218038449773826E+14    1.095412000000000E-01    0.000000000000000E+00    5.223477000000000E-01    4.283080000000000E-02    1.936979000000000E-03    1.167623000000000E-01    1.029482000000000E-02    9.816786000000000E-05    2.550713000000000E-03    6.203312000000000E-02    6.017602000000000E-02    1.618268000000000E-02    2.191292000000000E-02    0.000000000000000E+00    0.000000000000000E+00    0.000000000000000E+00    0.000000000000000E+00    0.000000000000000E+00    1.767102000000000E-02    0.000000000000000E+00    1.542338000000000E-02    3.298710125127000E+39    2.108136847405667E+11    5.319107723294668E+08
                      275    4.791765550081955E+29    3.132900812484305E+33    4.221107179010585E+14    3.188500000000000E+07    3.488386994169092E-13    1.807713672765504E-01    3.450646489848290E+03    2.909673779993163E+03    4.476272306917634E-03    1.342254685645751E+00    3.133124508594758E+33    4.223995424793814E+14    1.095412000000000E-01    0.000000000000000E+00    5.223477000000000E-01    4.283080000000000E-02    1.936979000000000E-03    1.167623000000000E-01    1.029482000000000E-02    9.816786000000000E-05    2.550713000000000E-03    6.203312000000000E-02    6.017602000000000E-02    1.618268000000000E-02    2.191292000000000E-02    0.000000000000000E+00    0.000000000000000E+00    0.000000000000000E+00    0.000000000000000E+00    0.000000000000000E+00    1.767102000000000E-02    0.000000000000000E+00    1.542338000000000E-02    3.308853444557333E+39    2.098280166836000E+11    5.299107723294668E+08
                      276    4.470889884017799E+29    3.133348204705212E+33    4.226883670577044E+14    3.193500000000000E+07    3.464373107012186E-13    1.807713672765504E-01    3.450534540683479E+03    2.909673779993163E+03    4.486257974974601E-03    1.341356918137266E+00    3.133600732758791E+33    4.230083387097606E+14    1.095412000000000E-01    0.000000000000000E+00    5.223477000000000E-01    4.283080000000000E-02    1.936979000000000E-03    1.167623000000000E-01    1.029482000000000E-02    9.816786000000000E-05    2.550713000000000E-03    6.203312000000000E-02    6.017602000000000E-02    1.618268000000000E-02    2.191292000000000E-02    0.000000000000000E+00    0.000000000000000E+00    0.000000000000000E+00    0.000000000000000E+00    0.000000000000000E+00    1.767102000000000E-02    0.000000000000000E+00    1.542338000000000E-02    3.328710125127000E+39    2.088136847405667E+11    5.259251042725002E+08
                      277    5.056293657230271E+29    3.133853260812369E+33    4.233283103618168E+14    3.199492834028483E+07    3.472359311814525E-13    1.807713672765504E-01    3.450534540683479E+03    2.909673779993163E+03    4.483257974974600E-03    1.340360708512968E+00    3.134173394801551E+33    4.237268781368731E+14    1.095412000000000E-01    0.000000000000000E+00    5.223477000000000E-01    4.283080000000000E-02    1.936979000000000E-03    1.167623000000000E-01    1.029482000000000E-02    9.816786000000000E-05    2.550713000000000E-03    6.203312000000000E-02    6.017602000000000E-02    1.618268000000000E-02    2.191292000000000E-02    0.000000000000000E+00    0.000000000000000E+00    0.000000000000000E+00    0.000000000000000E+00    0.000000000000000E+00    1.767102000000000E-02    0.000000000000000E+00    1.542338000000000E-02    3.338710125127001E+39    2.088280166836000E+11    5.269251042725002E+08
                      278    6.403288237068155E+29    3.134493528790734E+33    4.241254459119294E+14    3.206492834028483E+07    3.504488656944056E-13    1.807713672765504E-01    3.450646489848290E+03    2.909673779993163E+03    4.468257974974600E-03    1.339112503027601E+00    3.134864367231620E+33    4.245922883174609E+14    1.095412000000000E-01    0.000000000000000E+00    5.223477000000000E-01    4.283080000000000E-02    1.936979000000000E-03    1.167623000000000E-01    1.029482000000000E-02    9.816786000000000E-05    2.550713000000000E-03    6.203312000000000E-02    6.017602000000000E-02    1.618268000000000E-02    2.191292000000000E-02    0.000000000000000E+00    0.000000000000000E+00    0.000000000000000E+00    0.000000000000000E+00    0.000000000000000E+00    1.767102000000000E-02    0.000000000000000E+00    1.542338000000000E-02    3.358710125127000E+39    2.108280166836000E+11    5.319107723294668E+08
                      279    7.428864314947184E+29    3.135235205672504E+33    4.250591307229924E+14    3.214500000000000E+07    3.536915291243795E-13    1.807713672765504E-01    3.450646489848290E+03    2.909673779993163E+03    4.456257974974600E-03    1.337640915013070E+00    3.135661719589769E+33    4.255891009214354E+14    1.095412000000000E-01    0.000000000000000E+00    5.223477000000000E-01    4.283080000000000E-02    1.936979000000000E-03    1.167623000000000E-01    1.029482000000000E-02    9.816786000000000E-05    2.550713000000000E-03    6.203312000000000E-02    6.017602000000000E-02    1.618268000000000E-02    2.191292000000000E-02    0.000000000000000E+00    0.000000000000000E+00    0.000000000000000E+00    0.000000000000000E+00    0.000000000000000E+00    1.767102000000000E-02    0.000000000000000E+00    1.542338000000000E-02    3.378710125127000E+39    2.128136847405667E+11    5.359107723294668E+08
                      280    8.522332659451327E+29    3.136088233507034E+33    4.261190711198784E+14    3.223500000000000E+07    3.561542684492891E-13    1.807713672765504E-01    3.450646489848290E+03    2.909673779993163E+03    4.445257974974600E-03    1.335962853407206E+00    3.136577382335226E+33    4.267125831517194E+14    1.095412000000000E-01    0.000000000000000E+00    5.223477000000000E-01    4.283080000000000E-02    1.936979000000000E-03    1.167623000000000E-01    1.029482000000000E-02    9.816786000000000E-05    2.550713000000000E-03    6.203312000000000E-02    6.017602000000000E-02    1.618268000000000E-02    2.191292000000000E-02    0.000000000000000E+00    0.000000000000000E+00    0.000000000000000E+00    0.000000000000000E+00    0.000000000000000E+00    1.767102000000000E-02    0.000000000000000E+00    1.542338000000000E-02    3.408710125127001E+39    2.148136847405667E+11    5.388964403864335E+08
                      281    9.778765111728270E+29    3.137066531163417E+33    4.273060951835603E+14    3.232992834028483E+07    3.586230118983363E-13    1.807713672765504E-01    3.450646489848290E+03    2.909673779993163E+03    4.435257974974600E-03    1.334074827045063E+00    3.137564627836027E+33    4.279074765217470E+14    1.095412000000000E-01    0.000000000000000E+00    5.223477000000000E-01    4.283080000000000E-02    1.936979000000000E-03    1.167623000000000E-01    1.029482000000000E-02    9.816786000000000E-05    2.550713000000000E-03    6.203312000000000E-02    6.017602000000000E-02    1.618268000000000E-02    2.191292000000000E-02    0.000000000000000E+00    0.000000000000000E+00    0.000000000000000E+00    0.000000000000000E+00    0.000000000000000E+00    1.767102000000000E-02    0.000000000000000E+00    1.542338000000000E-02    3.438710125127000E+39    2.158136847405667E+11    5.418964403864335E+08
                      282    9.965767106427937E+29    3.138062724508637E+33    4.285088578599336E+14    3.242492834028484E+07    3.569752888305252E-13    1.807713672765504E-01    3.450646489848290E+03    2.909673779993163E+03    4.441243643031566E-03    1.332167987090056E+00    3.138547896517087E+33    4.290974863775394E+14    1.095412000000000E-01    0.000000000000000E+00    5.223477000000000E-01    4.283080000000000E-02    1.936979000000000E-03    1.167623000000000E-01    1.029482000000000E-02    9.816786000000000E-05    2.550713000000000E-03    6.203312000000000E-02    6.017602000000000E-02    1.618268000000000E-02    2.191292000000000E-02    0.000000000000000E+00    0.000000000000000E+00    0.000000000000000E+00    0.000000000000000E+00    0.000000000000000E+00    1.767102000000000E-02    0.000000000000000E+00    1.542338000000000E-02    3.468710125127000E+39    2.148280166836000E+11    5.398964403864335E+08
                      283    9.703623102714589E+29    3.139033068525538E+33    4.296861148951451E+14    3.251500000000000E+07    3.545178882272926E-13    1.807713672765504E-01    3.450534540683479E+03    2.909673779993163E+03    4.451243643031566E-03    1.330310258109304E+00    3.139518240533988E+33    4.302766064234986E+14    1.095412000000000E-01    0.000000000000000E+00    5.223477000000000E-01    4.283080000000000E-02    1.936979000000000E-03    1.167623000000000E-01    1.029482000000000E-02    9.816786000000000E-05    2.550713000000000E-03    6.203312000000000E-02    6.017602000000000E-02    1.618268000000000E-02    2.191292000000000E-02    0.000000000000000E+00    0.000000000000000E+00    0.000000000000000E+00    0.000000000000000E+00    0.000000000000000E+00    1.767102000000000E-02    0.000000000000000E+00    1.542338000000000E-02    3.498566805696667E+39    2.138136847405667E+11    5.359107723294668E+08
                      284    9.711055778811260E+29    3.140003412542438E+33    4.308670979518520E+14    3.260500000000000E+07    3.520774042508230E-13    1.791355391628928E-01    3.450534540683479E+03    2.903075261061994E+03    4.459243643031567E-03    1.328456151717889E+00    3.140489578755824E+33    4.314565278500974E+14    1.095412000000000E-01    0.000000000000000E+00    5.223477000000000E-01    4.283080000000000E-02    1.936979000000000E-03    1.167623000000000E-01    1.029482000000000E-02    9.816786000000000E-05    2.550713000000000E-03    6.203312000000000E-02    6.017602000000000E-02    1.618268000000000E-02    2.191292000000000E-02    0.000000000000000E+00    0.000000000000000E+00    0.000000000000000E+00    0.000000000000000E+00    0.000000000000000E+00    1.767102000000000E-02    0.000000000000000E+00    1.542338000000000E-02    3.528566805696667E+39    2.118280166836000E+11    5.329107723294668E+08
                      285    9.715863753878607E+29    3.140975744969210E+33    4.320459577483426E+14    3.269500000000000E+07    3.512567337639613E-13    1.791355391628928E-01    3.450534540683479E+03    2.903075261061994E+03    4.464243643031567E-03    1.326607624107729E+00    3.141461911182595E+33    4.326347507698428E+14    1.095412000000000E-01    0.000000000000000E+00    5.223477000000000E-01    4.283080000000000E-02    1.936979000000000E-03    1.167623000000000E-01    1.029482000000000E-02    9.816786000000000E-05    2.550713000000000E-03    6.203312000000000E-02    6.017602000000000E-02    1.618268000000000E-02    2.191292000000000E-02    0.000000000000000E+00    0.000000000000000E+00    0.000000000000000E+00    0.000000000000000E+00    0.000000000000000E+00    1.767102000000000E-02    0.000000000000000E+00    1.542338000000000E-02    3.558566805696667E+39    2.118136847405667E+11    5.299251042725002E+08
                      286    9.721385568089535E+29    3.141948077395981E+33    4.332235437913429E+14    3.278500000000000E+07    3.488495392066405E-13    1.791355391628928E-01    3.450534540683479E+03    2.903075261061994E+03    4.471229311088534E-03    1.324770876121379E+00    3.142436232019237E+33    4.338135415284445E+14    1.095412000000000E-01    0.000000000000000E+00    5.223477000000000E-01    4.283080000000000E-02    1.936979000000000E-03    1.167623000000000E-01    1.029482000000000E-02    9.816786000000000E-05    2.550713000000000E-03    6.203312000000000E-02    6.017602000000000E-02    1.618268000000000E-02    2.191292000000000E-02    0.000000000000000E+00    0.000000000000000E+00    0.000000000000000E+00    0.000000000000000E+00    0.000000000000000E+00    1.767102000000000E-02    0.000000000000000E+00    1.542338000000000E-02    3.578710125127000E+39    2.098280166836000E+11    5.269251042725002E+08
                      287    9.757682001869259E+29    3.142924386642494E+33    4.344035392655462E+14    3.287992834028483E+07    3.480472075309332E-13    1.791355391628928E-01    3.442710223150710E+03    2.903075261061994E+03    4.470243643031567E-03    1.322935008082200E+00    3.143423477520039E+33    4.350039711097019E+14    1.095412000000000E-01    0.000000000000000E+00    5.223477000000000E-01    4.283080000000000E-02    1.936979000000000E-03    1.167623000000000E-01    1.029482000000000E-02    9.816786000000000E-05    2.550713000000000E-03    6.203312000000000E-02    6.017602000000000E-02    1.618268000000000E-02    2.191292000000000E-02    0.000000000000000E+00    0.000000000000000E+00    0.000000000000000E+00    0.000000000000000E+00    0.000000000000000E+00    1.767102000000000E-02    0.000000000000000E+00    1.542338000000000E-02    3.608710125127000E+39    2.098136847405667E+11    5.219251042725002E+08
                      288    9.980437594453949E+29    3.143922568397584E+33    4.356044029538575E+14    3.297492834028484E+07    3.480472075309332E-13    1.791140454195495E-01    3.442710223150710E+03    2.902981716001990E+03    4.470243643031567E-03    1.321066672844063E+00    3.144403763586293E+33    4.361877389417422E+14    1.095412000000000E-01    0.000000000000000E+00    5.223477000000000E-01    4.283080000000000E-02    1.936979000000000E-03    1.167623000000000E-01    1.029482000000000E-02    9.816786000000000E-05    2.550713000000000E-03    6.203312000000000E-02    6.017602000000000E-02    1.618268000000000E-02    2.191292000000000E-02    0.000000000000000E+00    0.000000000000000E+00    0.000000000000000E+00    0.000000000000000E+00    0.000000000000000E+00    1.767102000000000E-02    0.000000000000000E+00    1.542338000000000E-02    3.638710125127000E+39    2.098136847405667E+11    5.219394362155335E+08
                      289    9.633825939433348E+29    3.144884958775002E+33    4.367710749296270E+14    3.306000000000000E+07    3.464480758703623E-13    1.791140454195495E-01    3.442710223150710E+03    2.902981716001990E+03    4.476243643031567E-03    1.319257448930354E+00    3.145325391561362E+33    4.373049543572066E+14    1.095412000000000E-01    0.000000000000000E+00    5.223477000000000E-01    4.283080000000000E-02    1.936979000000000E-03    1.167623000000000E-01    1.029482000000000E-02    9.816786000000000E-05    2.550713000000000E-03    6.203312000000000E-02    6.017602000000000E-02    1.618268000000000E-02    2.191292000000000E-02    0.000000000000000E+00    0.000000000000000E+00    0.000000000000000E+00    0.000000000000000E+00    0.000000000000000E+00    1.767102000000000E-02    0.000000000000000E+00    1.542338000000000E-02    3.668566805696667E+39    2.088280166836000E+11    5.199394362155335E+08
                      290    8.804955296422994E+29    3.145765824347721E+33    4.378388337847862E+14    3.313992834028484E+07    3.432611543455081E-13    1.791140454195495E-01    3.442598531461833E+03    2.902981716001990E+03    4.490243643031567E-03    1.317611717034367E+00    3.146174442576150E+33    4.383254631717929E+14    1.095412000000000E-01    0.000000000000000E+00    5.223477000000000E-01    4.283080000000000E-02    1.936979000000000E-03    1.167623000000000E-01    1.029482000000000E-02    9.816786000000000E-05    2.550713000000000E-03    6.203312000000000E-02    6.017602000000000E-02    1.618268000000000E-02    2.191292000000000E-02    0.000000000000000E+00    0.000000000000000E+00    0.000000000000000E+00    0.000000000000000E+00    0.000000000000000E+00    1.767102000000000E-02    0.000000000000000E+00    1.542338000000000E-02    3.698566805696667E+39    2.068280166836000E+11    5.149394362155334E+08
                      291    8.175211971503826E+29    3.146583060804578E+33    4.388120925587996E+14    3.321485668056966E+07    3.393424207791327E-13    1.791140454195495E-01    3.442598531461833E+03    2.902981716001990E+03    4.504243643031567E-03    1.316124138144451E+00    3.146957876065205E+33    4.392623396091058E+14    1.095412000000000E-01    0.000000000000000E+00    5.223477000000000E-01    4.283080000000000E-02    1.936979000000000E-03    1.167623000000000E-01    1.029482000000000E-02    9.816786000000000E-05    2.550713000000000E-03    6.203312000000000E-02    6.017602000000000E-02    1.618268000000000E-02    2.191292000000000E-02    0.000000000000000E+00    0.000000000000000E+00    0.000000000000000E+00    0.000000000000000E+00    0.000000000000000E+00    1.767102000000000E-02    0.000000000000000E+00    1.542338000000000E-02    3.718566805696667E+39    2.048280166836000E+11    5.099537681585668E+08
                      292    7.493606940337113E+29    3.147332691325832E+33    4.397125866594119E+14    3.327992834028484E+07    3.369959321973680E-13    1.791140454195495E-01    3.442598531461833E+03    2.902981716001990E+03    4.516243643031567E-03    1.314753653546409E+00    3.147667738389044E+33    4.401258173826749E+14    1.095412000000000E-01    0.000000000000000E+00    5.223477000000000E-01    4.283080000000000E-02    1.936979000000000E-03    1.167623000000000E-01    1.029482000000000E-02    9.816786000000000E-05    2.550713000000000E-03    6.203312000000000E-02    6.017602000000000E-02    1.618268000000000E-02    2.191292000000000E-02    0.000000000000000E+00    0.000000000000000E+00    0.000000000000000E+00    0.000000000000000E+00    0.000000000000000E+00    1.767102000000000E-02    0.000000000000000E+00    1.542338000000000E-02    3.738710125127000E+39    2.028280166836000E+11    5.059681001016002E+08
                      293    6.705538467873484E+29    3.148002785452256E+33    4.405390481059378E+14    3.334492834028484E+07    3.346760685177795E-13    1.774932146681838E-01    3.442598531461833E+03    2.896398373243228E+03    4.526243643031566E-03    1.313501734106966E+00    3.148332861490792E+33    4.409467546382823E+14    1.095412000000000E-01    0.000000000000000E+00    5.223477000000000E-01    4.283080000000000E-02    1.936979000000000E-03    1.167623000000000E-01    1.029482000000000E-02    9.816786000000000E-05    2.550713000000000E-03    6.203312000000000E-02    6.017602000000000E-02    1.618268000000000E-02    2.191292000000000E-02    0.000000000000000E+00    0.000000000000000E+00    0.000000000000000E+00    0.000000000000000E+00    0.000000000000000E+00    1.767102000000000E-02    0.000000000000000E+00    1.542338000000000E-02    3.758566805696666E+39    2.018280166836000E+11    5.029537681585668E+08
                      294    6.597945609770012E+29    3.148662937529328E+33    4.413544611706267E+14    3.340992834028483E+07    3.339063349200697E-13    1.774932146681838E-01    3.442598531461833E+03    2.896398373243228E+03    4.527257974974600E-03    1.312269115544376E+00    3.149001961412282E+33    4.417684210985354E+14    1.095412000000000E-01    0.000000000000000E+00    5.223477000000000E-01    4.283080000000000E-02    1.936979000000000E-03    1.167623000000000E-01    1.029482000000000E-02    9.816786000000000E-05    2.550713000000000E-03    6.203312000000000E-02    6.017602000000000E-02    1.618268000000000E-02    2.191292000000000E-02    0.000000000000000E+00    0.000000000000000E+00    0.000000000000000E+00    0.000000000000000E+00    0.000000000000000E+00    1.767102000000000E-02    0.000000000000000E+00    1.542338000000000E-02    3.778566805696667E+39    2.008280166836000E+11    5.019681001016002E+08
                      295    6.781700531150831E+29    3.149340985295236E+33    4.421823810264442E+14    3.347500000000000E+07    3.339167107025346E-13    1.774932146681838E-01    3.442598531461833E+03    2.896398373243228E+03    4.526243643031566E-03    1.311017831612513E+00    3.149681003383126E+33    4.425944165470171E+14    1.095412000000000E-01    0.000000000000000E+00    5.223477000000000E-01    4.283080000000000E-02    1.936979000000000E-03    1.167623000000000E-01    1.029482000000000E-02    9.816786000000000E-05    2.550713000000000E-03    6.203312000000000E-02    6.017602000000000E-02    1.618268000000000E-02    2.191292000000000E-02    0.000000000000000E+00    0.000000000000000E+00    0.000000000000000E+00    0.000000000000000E+00    0.000000000000000E+00    1.767102000000000E-02    0.000000000000000E+00    1.542338000000000E-02    3.798566805696667E+39    2.008280166836000E+11    5.019681001016002E+08
                      296    6.794531740046445E+29    3.150021021471015E+33    4.430064520675900E+14    3.354500000000000E+07    3.339167107025346E-13    1.774932146681838E-01    3.442598531461833E+03    2.896398373243228E+03    4.526257974974600E-03    1.309772361195921E+00    3.150361039558904E+33    4.434182846152727E+14    1.095412000000000E-01    0.000000000000000E+00    5.223477000000000E-01    4.283080000000000E-02    1.936979000000000E-03    1.167623000000000E-01    1.029482000000000E-02    9.816786000000000E-05    2.550713000000000E-03    6.203312000000000E-02    6.017602000000000E-02    1.618268000000000E-02    2.191292000000000E-02    0.000000000000000E+00    0.000000000000000E+00    0.000000000000000E+00    0.000000000000000E+00    0.000000000000000E+00    1.767102000000000E-02    0.000000000000000E+00    1.542338000000000E-02    3.828423486266334E+39    2.008280166836000E+11    5.019681001016002E+08
                      297    6.810848631445393E+29    3.150701057646794E+33    4.438301171629554E+14    3.360999999999999E+07    3.339167107025346E-13    1.774932146681838E-01    3.442598531461833E+03    2.896398373243228E+03    4.525257974974601E-03    1.308527779347453E+00    3.151043064144554E+33    4.442415899241471E+14    1.095412000000000E-01    0.000000000000000E+00    5.223477000000000E-01    4.283080000000000E-02    1.936979000000000E-03    1.167623000000000E-01    1.029482000000000E-02    9.816786000000000E-05    2.550713000000000E-03    6.203312000000000E-02    6.017602000000000E-02    1.618268000000000E-02    2.191292000000000E-02    0.000000000000000E+00    0.000000000000000E+00    0.000000000000000E+00    0.000000000000000E+00    0.000000000000000E+00    1.767102000000000E-02    0.000000000000000E+00    1.542338000000000E-02    3.848423486266333E+39    2.008280166836000E+11    5.019537681585668E+08
                      298    6.826296587730847E+29    3.151385070642314E+33    4.446530626853386E+14    3.367500000000000E+07    3.339063349200697E-13    1.774932146681838E-01    3.442598531461833E+03    2.896398373243228E+03    4.525272306917634E-03    1.307284320768357E+00    3.151727077140074E+33    4.450646829462759E+14    1.095412000000000E-01    0.000000000000000E+00    5.223477000000000E-01    4.283080000000000E-02    1.936979000000000E-03    1.167623000000000E-01    1.029482000000000E-02    9.816786000000000E-05    2.550713000000000E-03    6.203312000000000E-02    6.017602000000000E-02    1.618268000000000E-02    2.191292000000000E-02    0.000000000000000E+00    0.000000000000000E+00    0.000000000000000E+00    0.000000000000000E+00    0.000000000000000E+00    1.767102000000000E-02    0.000000000000000E+00    1.542338000000000E-02    3.868423486266333E+39    2.008280166836000E+11    5.009681001016002E+08
                      299    6.849678299400385E+29    3.152069083637834E+33    4.454763032072132E+14    3.374500000000000E+07    3.339063349200697E-13    1.774932146681838E-01    3.442598531461833E+03    2.896398373243228E+03    4.526257974974600E-03    1.306040145360246E+00    3.152413078545465E+33    4.458880168308847E+14    1.095412000000000E-01    0.000000000000000E+00    5.223477000000000E-01    4.283080000000000E-02    1.936979000000000E-03    1.167623000000000E-01    1.029482000000000E-02    9.816786000000000E-05    2.550713000000000E-03    6.203312000000000E-02    6.017602000000000E-02    1.618268000000000E-02    2.191292000000000E-02    0.000000000000000E+00    0.000000000000000E+00    0.000000000000000E+00    0.000000000000000E+00    0.000000000000000E+00    1.767102000000000E-02    0.000000000000000E+00    1.542338000000000E-02    3.888423486266333E+39    2.008280166836000E+11    5.009681001016002E+08
                      300    6.874189427876480E+29    3.152757073453096E+33    4.462997304545561E+14    3.381492834028483E+07    3.339063349200697E-13    1.774932146681838E-01    3.442598531461833E+03    2.896398373243228E+03    4.527257974974600E-03    1.304795412687859E+00    3.153102062565662E+33    4.467112255294958E+14    1.095413000000000E-01    0.000000000000000E+00    5.223477000000000E-01    4.283079000000000E-02    1.936980000000000E-03    1.167622000000000E-01    1.029482000000000E-02    9.816789000000001E-05    2.550713000000000E-03    6.203310000000000E-02    6.017600000000000E-02    1.618268000000000E-02    2.191291000000000E-02    0.000000000000000E+00    0.000000000000000E+00    0.000000000000000E+00    0.000000000000000E+00    0.000000000000000E+00    1.767101000000000E-02    0.000000000000000E+00    1.542338000000000E-02    3.908423486266334E+39    2.008280166836000E+11    5.009537681585668E+08
                      301    6.897483649511708E+29    3.153447051678228E+33    4.471227206044355E+14    3.387992834028483E+07    3.339063349200697E-13    1.774932146681838E-01    3.434792209360020E+03    2.896398373243228E+03    4.527257974974600E-03    1.303551340505951E+00    3.153793034995730E+33    4.475345626683538E+14    1.095414000000000E-01    0.000000000000000E+00    5.223478000000000E-01    4.283078000000000E-02    1.936981000000000E-03    1.167621000000000E-01    1.029482000000000E-02    9.816796000000000E-05    2.550714000000000E-03    6.203305000000000E-02    6.017595000000000E-02    1.618267000000000E-02    2.191289000000000E-02    0.000000000000000E+00    0.000000000000000E+00    0.000000000000000E+00    0.000000000000000E+00    0.000000000000000E+00    1.767100000000000E-02    0.000000000000000E+00    1.542337000000000E-02    3.928423486266334E+39    2.008280166836000E+11    4.999681001016002E+08
                      302    6.922241340811768E+29    3.154139018313231E+33    4.479464047322721E+14    3.394500000000000E+07    3.331487235793356E-13    1.774932146681838E-01    3.434792209360020E+03    2.896398373243228E+03    4.527257974974600E-03    1.302309043519985E+00    3.154485995835668E+33    4.483589538200019E+14    1.107930000000000E-01    0.000000000000000E+00    5.231988000000000E-01    4.274230000000000E-02    1.948250000000000E-03    1.160659000000000E-01    1.028297000000000E-02    9.873909000000000E-05    2.553609000000000E-03    6.159397000000000E-02    5.974959000000000E-02    1.606790000000000E-02    2.175734000000000E-02    0.000000000000000E+00    0.000000000000000E+00    0.000000000000000E+00    0.000000000000000E+00    0.000000000000000E+00    1.754269000000000E-02    0.000000000000000E+00    1.536616000000000E-02    3.948423486266334E+39    2.008280166836000E+11    4.969681001016002E+08
                      303    6.945209463228203E+29    3.154832973358105E+33    4.487715029077316E+14    3.400999999999999E+07    3.331383716605081E-13    1.774932146681838E-01    3.434792209360020E+03    2.896398373243228E+03    4.529257974974600E-03    1.301064103758854E+00    3.155180945085476E+33    4.491838794244104E+14    1.133263000000000E-01    0.000000000000000E+00    5.249213000000000E-01    4.256322000000000E-02    1.971059000000000E-03    1.146567000000000E-01    1.025899000000000E-02    9.989507000000000E-05    2.559469000000000E-03    6.070526000000000E-02    5.888663000000000E-02    1.583562000000000E-02    2.144250000000000E-02    0.000000000000000E+00    0.000000000000000E+00    0.000000000000000E+00    0.000000000000000E+00    0.000000000000000E+00    1.728298000000000E-02    0.000000000000000E+00    1.525036000000000E-02    3.968423486266334E+39    2.008280166836000E+11    4.909824320446335E+08
                      304    6.961808708828790E+29    3.155528916812849E+33    4.495962559410892E+14    3.407500000000000E+07    3.323825027775057E-13    1.774932146681838E-01    3.434792209360020E+03    2.896398373243228E+03    4.530257974974600E-03    1.299822233039855E+00    3.155877882745156E+33    4.500085598585456E+14    1.139159000000000E-01    0.000000000000000E+00    5.253222000000000E-01    4.252155000000000E-02    1.976367000000000E-03    1.143287000000000E-01    1.025341000000000E-02    1.001641000000000E-04    2.560833000000000E-03    6.049843000000000E-02    5.868579000000000E-02    1.578157000000000E-02    2.136923000000000E-02    0.000000000000000E+00    0.000000000000000E+00    0.000000000000000E+00    0.000000000000000E+00    0.000000000000000E+00    1.722254000000000E-02    0.000000000000000E+00    1.522341000000000E-02    3.988423486266334E+39    2.008280166836000E+11    4.889967639876668E+08
                      305    6.978811601633129E+29    3.156226848677464E+33    4.504208637760019E+14    3.414492834028483E+07    3.323721746674308E-13    1.774719179806639E-01    3.434792209360020E+03    2.896305043330892E+03    4.464243643031567E-03    1.298598712892356E+00    3.156576808814707E+33    4.508334548191362E+14    1.139160000000000E-01    0.000000000000000E+00    5.253223000000000E-01    4.252154000000000E-02    1.976369000000000E-03    1.143286000000000E-01    1.025341000000000E-02    1.001642000000000E-04    2.560834000000000E-03    6.049839000000000E-02    5.868575000000000E-02    1.578155000000000E-02    2.136921000000000E-02    0.000000000000000E+00    0.000000000000000E+00    0.000000000000000E+00    0.000000000000000E+00    0.000000000000000E+00    1.722253000000000E-02    0.000000000000000E+00    1.522341000000000E-02    4.008423486266334E+39    1.998280166836000E+11    4.899824320446335E+08
                      306    6.996249956199151E+29    3.156926768951949E+33    4.512460458622706E+14    3.420992834028482E+07    3.316180442346172E-13    1.774719179806639E-01    3.434792209360020E+03    2.896305043330892E+03    4.466229311088533E-03    1.297376574018650E+00    3.157272752269451E+33    4.516538766499671E+14    1.139161000000000E-01    0.000000000000000E+00    5.253223000000000E-01    4.252153000000000E-02    1.976369000000000E-03    1.143286000000000E-01    1.025341000000000E-02    1.001642000000000E-04    2.560834000000000E-03    6.049838000000000E-02    5.868574000000000E-02    1.578155000000000E-02    2.136921000000000E-02    0.000000000000000E+00    0.000000000000000E+00    0.000000000000000E+00    0.000000000000000E+00    0.000000000000000E+00    1.722253000000000E-02    0.000000000000000E+00    1.522341000000000E-02    4.028566805696667E+39    1.998280166836000E+11    4.889967639876668E+08
                      307    6.923229580517507E+29    3.157618735586953E+33    4.520617074376636E+14    3.427492834028483E+07    3.308553438975876E-13    1.774719179806639E-01    3.434792209360020E+03    2.896305043330892E+03    4.468243643031567E-03    1.296170770631980E+00    3.157970684134066E+33    4.524731952471947E+14    1.139161000000000E-01    0.000000000000000E+00    5.253223000000000E-01    4.252153000000000E-02    1.976369000000000E-03    1.143286000000000E-01    1.025341000000000E-02    1.001642000000000E-04    2.560834000000000E-03    6.049838000000000E-02    5.868574000000000E-02    1.578155000000000E-02    2.136921000000000E-02    0.000000000000000E+00    0.000000000000000E+00    0.000000000000000E+00    0.000000000000000E+00    0.000000000000000E+00    1.722253000000000E-02    0.000000000000000E+00    1.522341000000000E-02    4.048566805696667E+39    1.998280166836000E+11    4.879967639876668E+08
                      308    7.031707281013438E+29    3.158322632681179E+33    4.528846830567259E+14    3.434485668056966E+07    3.308553438975876E-13    1.774719179806639E-01    3.434792209360020E+03    2.896305043330892E+03    4.468243643031567E-03    1.294954154791842E+00    3.158694465327000E+33    4.533159351495906E+14    1.139161000000000E-01    0.000000000000000E+00    5.253223000000000E-01    4.252153000000000E-02    1.976369000000000E-03    1.143286000000000E-01    1.025341000000000E-02    1.001642000000000E-04    2.560834000000000E-03    6.049838000000000E-02    5.868574000000000E-02    1.578155000000000E-02    2.136921000000000E-02    0.000000000000000E+00    0.000000000000000E+00    0.000000000000000E+00    0.000000000000000E+00    0.000000000000000E+00    1.722253000000000E-02    0.000000000000000E+00    1.522341000000000E-02    4.068566805696667E+39    1.998280166836000E+11    4.870110959307001E+08
                      309    7.431898628409870E+29    3.159066297972820E+33    4.537471872424554E+14    3.441492834028482E+07    3.323721746674308E-13    1.774719179806639E-01    3.434792209360020E+03    2.896305043330892E+03    4.464243643031567E-03    1.293674405517692E+00    3.159454037897607E+33    4.541985222325770E+14    1.139161000000000E-01    0.000000000000000E+00    5.253223000000000E-01    4.252153000000000E-02    1.976369000000000E-03    1.143286000000000E-01    1.025341000000000E-02    1.001642000000000E-04    2.560834000000000E-03    6.049838000000000E-02    5.868574000000000E-02    1.578155000000000E-02    2.136921000000000E-02    0.000000000000000E+00    0.000000000000000E+00    0.000000000000000E+00    0.000000000000000E+00    0.000000000000000E+00    1.722253000000000E-02    0.000000000000000E+00    1.522341000000000E-02    4.098423486266334E+39    1.998280166836000E+11    4.889824320446335E+08
                      310    7.761515344265614E+29    3.159841777822393E+33    4.546498572226986E+14    3.448500000000000E+07    3.331383716605081E-13    1.774719179806639E-01    3.434792209360020E+03    2.896305043330892E+03    4.459243643031567E-03    1.292333475824626E+00    3.160246419231080E+33    4.551179822702311E+14    1.139161000000000E-01    0.000000000000000E+00    5.253223000000000E-01    4.252153000000000E-02    1.976369000000000E-03    1.143286000000000E-01    1.025341000000000E-02    1.001642000000000E-04    2.560834000000000E-03    6.049838000000000E-02    5.868574000000000E-02    1.578155000000000E-02    2.136921000000000E-02    0.000000000000000E+00    0.000000000000000E+00    0.000000000000000E+00    0.000000000000000E+00    0.000000000000000E+00    1.722253000000000E-02    0.000000000000000E+00    1.522341000000000E-02    4.118423486266333E+39    2.008280166836000E+11    4.899824320446335E+08
                      311    8.085296077150860E+29    3.160651060639767E+33    4.555861073177635E+14    3.456000000000000E+07    3.339063349200697E-13    1.774719179806639E-01    3.434792209360020E+03    2.896305043330892E+03    4.456243643031567E-03    1.290940394019500E+00    3.161075586147161E+33    4.560716998131924E+14    1.139161000000000E-01    0.000000000000000E+00    5.253223000000000E-01    4.252153000000000E-02    1.976369000000000E-03    1.143286000000000E-01    1.025341000000000E-02    1.001642000000000E-04    2.560834000000000E-03    6.049838000000000E-02    5.868574000000000E-02    1.578155000000000E-02    2.136921000000000E-02    0.000000000000000E+00    0.000000000000000E+00    0.000000000000000E+00    0.000000000000000E+00    0.000000000000000E+00    1.722253000000000E-02    0.000000000000000E+00    1.522341000000000E-02    4.138423486266333E+39    2.008280166836000E+11    4.899967639876668E+08
                      312    8.494765345003968E+29    3.161500111654555E+33    4.565572923086212E+14    3.463992834028483E+07    3.346760685177795E-13    1.758659470949454E-01    3.434792209360020E+03    2.889736841840306E+03    4.452243643031566E-03    1.289493299992325E+00    3.161932590801432E+33    4.570481340053530E+14    1.139161000000000E-01    0.000000000000000E+00    5.253223000000000E-01    4.252153000000000E-02    1.976369000000000E-03    1.143286000000000E-01    1.025341000000000E-02    1.001642000000000E-04    2.560834000000000E-03    6.049838000000000E-02    5.868574000000000E-02    1.578155000000000E-02    2.136921000000000E-02    0.000000000000000E+00    0.000000000000000E+00    0.000000000000000E+00    0.000000000000000E+00    0.000000000000000E+00    1.722253000000000E-02    0.000000000000000E+00    1.522341000000000E-02    4.168423486266334E+39    2.018280166836000E+11    4.909967639876668E+08
                      313    8.649650543472123E+29    3.162365069948308E+33    4.575389757020847E+14    3.471492834028482E+07    3.346760685177795E-13    1.758659470949454E-01    3.434792209360020E+03    2.889736841840306E+03    4.452243643031566E-03    1.288030563031699E+00    3.162793572275444E+33    4.580260162281337E+14    1.139161000000000E-01    0.000000000000000E+00    5.253223000000000E-01    4.252153000000000E-02    1.976369000000000E-03    1.143286000000000E-01    1.025341000000000E-02    1.001642000000000E-04    2.560834000000000E-03    6.049838000000000E-02    5.868574000000000E-02    1.578155000000000E-02    2.136921000000000E-02    0.000000000000000E+00    0.000000000000000E+00    0.000000000000000E+00    0.000000000000000E+00    0.000000000000000E+00    1.722253000000000E-02    0.000000000000000E+00    1.522341000000000E-02    4.188423486266334E+39    2.018280166836000E+11    4.909967639876668E+08
                      314    8.579497454824025E+29    3.163222074602580E+33    4.585130567541828E+14    3.479000000000000E+07    3.331487235793356E-13    1.758659470949454E-01    3.434792209360020E+03    2.889736841840306E+03    4.456243643031567E-03    1.286584478375711E+00    3.163652565339586E+33    4.590008167651598E+14    1.139161000000000E-01    0.000000000000000E+00    5.253223000000000E-01    4.252153000000000E-02    1.976369000000000E-03    1.143286000000000E-01    1.025341000000000E-02    1.001642000000000E-04    2.560834000000000E-03    6.049838000000000E-02    5.868574000000000E-02    1.578155000000000E-02    2.136921000000000E-02    0.000000000000000E+00    0.000000000000000E+00    0.000000000000000E+00    0.000000000000000E+00    0.000000000000000E+00    1.722253000000000E-02    0.000000000000000E+00    1.522341000000000E-02    4.218423486266334E+39    2.008280166836000E+11    4.889967639876668E+08
                      315    8.601006084395367E+29    3.164083056076592E+33    4.594885767761368E+14    3.487000000000000E+07    3.323825027775057E-13    1.758659470949454E-01    3.434792209360020E+03    2.889736841840306E+03    4.459243643031567E-03    1.285138615576320E+00    3.164513546813598E+33    4.599762082463336E+14    1.139161000000000E-01    0.000000000000000E+00    5.253223000000000E-01    4.252153000000000E-02    1.976369000000000E-03    1.143286000000000E-01    1.025341000000000E-02    1.001642000000000E-04    2.560834000000000E-03    6.049838000000000E-02    5.868574000000000E-02    1.578155000000000E-02    2.136921000000000E-02    0.000000000000000E+00    0.000000000000000E+00    0.000000000000000E+00    0.000000000000000E+00    0.000000000000000E+00    1.722253000000000E-02    0.000000000000000E+00    1.522341000000000E-02    4.248280166836000E+39    1.998423486266334E+11    4.879967639876668E+08
                      316    8.613952621063480E+29    3.164944037550604E+33    4.604638397165304E+14    3.494992834028483E+07    3.316180442346172E-13    1.758659470949454E-01    3.434792209360020E+03    2.889736841840306E+03    4.462243643031567E-03    1.283695488102046E+00    3.165373534082675E+33    4.609500100802435E+14    1.139161000000000E-01    0.000000000000000E+00    5.253223000000000E-01    4.252153000000000E-02    1.976369000000000E-03    1.143286000000000E-01    1.025341000000000E-02    1.001642000000000E-04    2.560834000000000E-03    6.049838000000000E-02    5.868574000000000E-02    1.578155000000000E-02    2.136921000000000E-02    0.000000000000000E+00    0.000000000000000E+00    0.000000000000000E+00    0.000000000000000E+00    0.000000000000000E+00    1.722253000000000E-02    0.000000000000000E+00    1.522341000000000E-02    4.268423486266333E+39    1.998280166836000E+11    4.869967639876668E+08
                      317    8.593682770841585E+29    3.165803030614746E+33    4.614361804439565E+14    3.502492834028483E+07    3.308553438975876E-13    1.758659470949454E-01    3.434680774554899E+03    2.889736841840306E+03    4.466229311088533E-03    1.282258711649006E+00    3.166241474991234E+33    4.619291811141790E+14    1.139161000000000E-01    0.000000000000000E+00    5.253223000000000E-01    4.252153000000000E-02    1.976369000000000E-03    1.143286000000000E-01    1.025341000000000E-02    1.001642000000000E-04    2.560834000000000E-03    6.049838000000000E-02    5.868574000000000E-02    1.578155000000000E-02    2.136921000000000E-02    0.000000000000000E+00    0.000000000000000E+00    0.000000000000000E+00    0.000000000000000E+00    0.000000000000000E+00    1.722253000000000E-02    0.000000000000000E+00    1.522341000000000E-02    4.298280166836001E+39    1.998280166836000E+11    4.850110959307001E+08
                      318    8.769953317469096E+29    3.166679919367723E+33    4.624221817844014E+14    3.510000000000000E+07    3.308450632408681E-13    1.758659470949454E-01    3.434680774554899E+03    2.889736841840306E+03    4.467243643031566E-03    1.280801465438693E+00    3.167132282613307E+33    4.629291459066796E+14    1.139161000000000E-01    0.000000000000000E+00    5.253223000000000E-01    4.252153000000000E-02    1.976369000000000E-03    1.143286000000000E-01    1.025341000000000E-02    1.001642000000000E-04    2.560834000000000E-03    6.049838000000000E-02    5.868574000000000E-02    1.578155000000000E-02    2.136921000000000E-02    0.000000000000000E+00    0.000000000000000E+00    0.000000000000000E+00    0.000000000000000E+00    0.000000000000000E+00    1.722253000000000E-02    0.000000000000000E+00    1.522341000000000E-02    4.318423486266333E+39    1.988280166836000E+11    4.849967639876668E+08
                      319    9.034004206248444E+29    3.167584645858891E+33    4.634361100289579E+14    3.518492834028484E+07    3.308450632408681E-13    1.758659470949454E-01    3.434680774554899E+03    2.889736841840306E+03    4.466243643031566E-03    1.279303280228767E+00    3.168046951153828E+33    4.639556832997177E+14    1.139161000000000E-01    0.000000000000000E+00    5.253223000000000E-01    4.252153000000000E-02    1.976369000000000E-03    1.143286000000000E-01    1.025341000000000E-02    1.001642000000000E-04    2.560834000000000E-03    6.049838000000000E-02    5.868574000000000E-02    1.578155000000000E-02    2.136921000000000E-02    0.000000000000000E+00    0.000000000000000E+00    0.000000000000000E+00    0.000000000000000E+00    0.000000000000000E+00    1.722253000000000E-02    0.000000000000000E+00    1.522341000000000E-02    4.348423486266334E+39    1.988280166836000E+11    4.849967639876668E+08
                      320    9.248953301680775E+29    3.168509256448766E+33    4.644752565704776E+14    3.526992834028483E+07    3.308553438975876E-13    1.758659470949454E-01    3.434680774554899E+03    2.889736841840306E+03    4.464243643031567E-03    1.277768471156734E+00    3.168983492202927E+33    4.650044085820740E+14    1.139161000000000E-01    0.000000000000000E+00    5.253223000000000E-01    4.252153000000000E-02    1.976369000000000E-03    1.143286000000000E-01    1.025341000000000E-02    1.001642000000000E-04    2.560834000000000E-03    6.049838000000000E-02    5.868574000000000E-02    1.578155000000000E-02    2.136921000000000E-02    0.000000000000000E+00    0.000000000000000E+00    0.000000000000000E+00    0.000000000000000E+00    0.000000000000000E+00    1.722253000000000E-02    0.000000000000000E+00    1.522341000000000E-02    4.378280166836000E+39    1.998280166836000E+11    4.849967639876668E+08
                      321    9.494537827990948E+29    3.169457727957088E+33    4.655335605936702E+14    3.535000000000000E+07    3.308553438975876E-13    1.758659470949454E-01    3.434680774554899E+03    2.889736841840306E+03    4.464229311088534E-03    1.276205371364743E+00    3.169944888375409E+33    4.660714390072793E+14    1.139161000000000E-01    0.000000000000000E+00    5.253223000000000E-01    4.252153000000000E-02    1.976369000000000E-03    1.143286000000000E-01    1.025341000000000E-02    1.001642000000000E-04    2.560834000000000E-03    6.049838000000000E-02    5.868574000000000E-02    1.578155000000000E-02    2.136921000000000E-02    0.000000000000000E+00    0.000000000000000E+00    0.000000000000000E+00    0.000000000000000E+00    0.000000000000000E+00    1.722253000000000E-02    0.000000000000000E+00    1.522341000000000E-02    4.408280166836001E+39    1.998280166836000E+11    4.849967639876668E+08
                      322    9.735195074641535E+29    3.170432048793731E+33    4.666093174208884E+14    3.543500000000000E+07    3.316077398785363E-13    1.758659470949454E-01    3.434680774554899E+03    2.889736841840306E+03    4.463229311088533E-03    1.274613238699170E+00    3.170920203416987E+33    4.671474679924312E+14    1.139161000000000E-01    0.000000000000000E+00    5.253223000000000E-01    4.252153000000000E-02    1.976369000000000E-03    1.143286000000000E-01    1.025341000000000E-02    1.001642000000000E-04    2.560834000000000E-03    6.049838000000000E-02    5.868574000000000E-02    1.578155000000000E-02    2.136921000000000E-02    0.000000000000000E+00    0.000000000000000E+00    0.000000000000000E+00    0.000000000000000E+00    0.000000000000000E+00    1.722253000000000E-02    0.000000000000000E+00    1.522341000000000E-02    4.438280166836000E+39    1.998280166836000E+11    4.849967639876668E+08
                      323    9.772901291019579E+29    3.171408358040243E+33    4.676856185639741E+14    3.552000000000000E+07    3.308553438975876E-13    1.758448456566303E-01    3.434680774554899E+03    2.889643726580811E+03    4.464229311088534E-03    1.273023557161663E+00    3.171897506868435E+33    4.682222049007699E+14    1.139161000000000E-01    0.000000000000000E+00    5.253223000000000E-01    4.252153000000000E-02    1.976369000000000E-03    1.143286000000000E-01    1.025341000000000E-02    1.001642000000000E-04    2.560834000000000E-03    6.049838000000000E-02    5.868574000000000E-02    1.578155000000000E-02    2.136921000000000E-02    0.000000000000000E+00    0.000000000000000E+00    0.000000000000000E+00    0.000000000000000E+00    0.000000000000000E+00    1.722253000000000E-02    0.000000000000000E+00    1.522341000000000E-02    4.468280166836000E+39    1.988423486266334E+11    4.839967639876668E+08
                      324    9.778578201200423E+29    3.172386655696627E+33    4.687587912375659E+14    3.560500000000000E+07    3.308450632408681E-13    1.758448456566303E-01    3.434680774554899E+03    2.889643726580811E+03    4.465229311088533E-03    1.271438191866572E+00    3.172877792934690E+33    4.692954196264360E+14    1.139161000000000E-01    0.000000000000000E+00    5.253223000000000E-01    4.252153000000000E-02    1.976369000000000E-03    1.143286000000000E-01    1.025341000000000E-02    1.001642000000000E-04    2.560834000000000E-03    6.049838000000000E-02    5.868574000000000E-02    1.578155000000000E-02    2.136921000000000E-02    0.000000000000000E+00    0.000000000000000E+00    0.000000000000000E+00    0.000000000000000E+00    0.000000000000000E+00    1.722253000000000E-02    0.000000000000000E+00    1.522341000000000E-02    4.488423486266334E+39    1.988280166836000E+11    4.830110959307001E+08
                      325    9.818425935009212E+29    3.173368930172752E+33    4.698320480153061E+14    3.569000000000000E+07    3.300943977226564E-13    1.758448456566303E-01    3.434680774554899E+03    2.889643726580811E+03    4.465243643031566E-03    1.269856293742772E+00    3.173861061615749E+33    4.703680067342364E+14    1.139161000000000E-01    0.000000000000000E+00    5.253223000000000E-01    4.252153000000000E-02    1.976369000000000E-03    1.143286000000000E-01    1.025341000000000E-02    1.001642000000000E-04    2.560834000000000E-03    6.049838000000000E-02    5.868574000000000E-02    1.578155000000000E-02    2.136921000000000E-02    0.000000000000000E+00    0.000000000000000E+00    0.000000000000000E+00    0.000000000000000E+00    0.000000000000000E+00    1.722253000000000E-02    0.000000000000000E+00    1.522341000000000E-02    4.518280166836001E+39    1.988280166836000E+11    4.829967639876668E+08
                      326    9.844130109407727E+29    3.174353193058747E+33    4.709039654531668E+14    3.577500000000000E+07    3.300841407107913E-13    1.758448456566303E-01    3.434680774554899E+03    2.889643726580811E+03    4.466229311088533E-03    1.268276070936495E+00    3.174847312911616E+33    4.714392482941830E+14    1.139161000000000E-01    0.000000000000000E+00    5.253223000000000E-01    4.252153000000000E-02    1.976369000000000E-03    1.143286000000000E-01    1.025341000000000E-02    1.001642000000000E-04    2.560834000000000E-03    6.049838000000000E-02    5.868574000000000E-02    1.578155000000000E-02    2.136921000000000E-02    0.000000000000000E+00    0.000000000000000E+00    0.000000000000000E+00    0.000000000000000E+00    0.000000000000000E+00    1.722253000000000E-02    0.000000000000000E+00    1.522341000000000E-02    4.548280166836001E+39    1.988280166836000E+11    4.820110959307001E+08
                      327    9.886815304102001E+29    3.175341432764484E+33    4.719745311351994E+14    3.586000000000000E+07    3.300841407107913E-13    1.758448456566303E-01    3.434680774554899E+03    2.889643726580811E+03    4.466243643031566E-03    1.266697836558202E+00    3.175841517846965E+33    4.725126094983292E+14    1.139161000000000E-01    0.000000000000000E+00    5.253223000000000E-01    4.252153000000000E-02    1.976369000000000E-03    1.143286000000000E-01    1.025341000000000E-02    1.001642000000000E-04    2.560834000000000E-03    6.049838000000000E-02    5.868574000000000E-02    1.578155000000000E-02    2.136921000000000E-02    0.000000000000000E+00    0.000000000000000E+00    0.000000000000000E+00    0.000000000000000E+00    0.000000000000000E+00    1.722253000000000E-02    0.000000000000000E+00    1.522341000000000E-02    4.578280166836000E+39    1.988280166836000E+11    4.819967639876668E+08
                      328    9.994346521499482E+29    3.176341602929446E+33    4.730506878614590E+14    3.594500000000000E+07    3.300943977226564E-13    1.758448456566303E-01    3.434680774554899E+03    2.889643726580811E+03    4.464243643031567E-03    1.265112019623942E+00    3.176846659036603E+33    4.735929937670974E+14    1.139161000000000E-01    0.000000000000000E+00    5.253223000000000E-01    4.252153000000000E-02    1.976369000000000E-03    1.143286000000000E-01    1.025341000000000E-02    1.001642000000000E-04    2.560834000000000E-03    6.049838000000000E-02    5.868574000000000E-02    1.578155000000000E-02    2.136921000000000E-02    0.000000000000000E+00    0.000000000000000E+00    0.000000000000000E+00    0.000000000000000E+00    0.000000000000000E+00    1.722253000000000E-02    0.000000000000000E+00    1.522341000000000E-02    4.608280166836000E+39    1.988280166836000E+11    4.819967639876668E+08
                      329    1.009770008975862E+30    3.177351715143760E+33    4.741352996727357E+14    3.603492834028483E+07    3.300943977226564E-13    1.742535984004936E-01    3.434680774554899E+03    2.883090631534458E+03    4.463243643031567E-03    1.263514101097257E+00    3.177861742275594E+33    4.746797283716722E+14    1.139161000000000E-01    0.000000000000000E+00    5.253223000000000E-01    4.252153000000000E-02    1.976369000000000E-03    1.143286000000000E-01    1.025341000000000E-02    1.001642000000000E-04    2.560834000000000E-03    6.049838000000000E-02    5.868574000000000E-02    1.578155000000000E-02    2.136921000000000E-02    0.000000000000000E+00    0.000000000000000E+00    0.000000000000000E+00    0.000000000000000E+00    0.000000000000000E+00    1.722253000000000E-02    0.000000000000000E+00    1.522341000000000E-02    4.638280166836000E+39    1.988280166836000E+11    4.819967639876668E+08
                      330    1.019804917070314E+30    3.178371769407428E+33    4.752241570706088E+14    3.611992834028483E+07    3.308450632408681E-13    1.742535984004936E-01    3.434680774554899E+03    2.883090631534458E+03    4.460257974974601E-03    1.261907357310075E+00    3.178886767563939E+33    4.757726263896968E+14    1.139161000000000E-01    0.000000000000000E+00    5.253223000000000E-01    4.252153000000000E-02    1.976369000000000E-03    1.143286000000000E-01    1.025341000000000E-02    1.001642000000000E-04    2.560834000000000E-03    6.049838000000000E-02    5.868574000000000E-02    1.578155000000000E-02    2.136921000000000E-02    0.000000000000000E+00    0.000000000000000E+00    0.000000000000000E+00    0.000000000000000E+00    0.000000000000000E+00    1.722253000000000E-02    0.000000000000000E+00    1.522341000000000E-02    4.668280166836000E+39    1.998280166836000E+11    4.819967639876668E+08
                      331    1.031871383529658E+30    3.179401765720449E+33    4.763210957087848E+14    3.620492834028483E+07    3.308553438975876E-13    1.742535984004936E-01    3.434680774554899E+03    2.883090631534458E+03    4.461229311088533E-03    1.260288283142367E+00    3.179922729106572E+33    4.768739042775953E+14    1.139161000000000E-01    0.000000000000000E+00    5.253223000000000E-01    4.252153000000000E-02    1.976369000000000E-03    1.143286000000000E-01    1.025341000000000E-02    1.001642000000000E-04    2.560834000000000E-03    6.049838000000000E-02    5.868574000000000E-02    1.578155000000000E-02    2.136921000000000E-02    0.000000000000000E+00    0.000000000000000E+00    0.000000000000000E+00    0.000000000000000E+00    0.000000000000000E+00    1.722253000000000E-02    0.000000000000000E+00    1.522341000000000E-02    4.698280166836001E+39    1.988423486266334E+11    4.819967639876668E+08
                      332    1.040207990753547E+30    3.180443692492695E+33    4.774267128464058E+14    3.628992834028483E+07    3.293352016753614E-13    1.742535984004936E-01    3.426892406495702E+03    2.883090631534458E+03    4.461243643031567E-03    1.258663891606544E+00    3.180964655878818E+33    4.779799830055088E+14    1.139161000000000E-01    0.000000000000000E+00    5.253223000000000E-01    4.252153000000000E-02    1.976369000000000E-03    1.143286000000000E-01    1.025341000000000E-02    1.001642000000000E-04    2.560834000000000E-03    6.049838000000000E-02    5.868574000000000E-02    1.578155000000000E-02    2.136921000000000E-02    0.000000000000000E+00    0.000000000000000E+00    0.000000000000000E+00    0.000000000000000E+00    0.000000000000000E+00    1.722253000000000E-02    0.000000000000000E+00    1.522341000000000E-02    4.738136847405667E+39    1.988280166836000E+11    4.770254278737335E+08
                      333    1.042500229652488E+30    3.181485619264941E+33    4.785332531646118E+14    3.637500000000000E+07    3.285675418453455E-13    1.742535984004936E-01    3.426781227983521E+03    2.883090631534458E+03    4.466229311088533E-03    1.257040122394749E+00    3.182008571060934E+33    4.790863739459743E+14    1.139161000000000E-01    0.000000000000000E+00    5.253223000000000E-01    4.252153000000000E-02    1.976369000000000E-03    1.143286000000000E-01    1.025341000000000E-02    1.001642000000000E-04    2.560834000000000E-03    6.049838000000000E-02    5.868574000000000E-02    1.578155000000000E-02    2.136921000000000E-02    0.000000000000000E+00    0.000000000000000E+00    0.000000000000000E+00    0.000000000000000E+00    0.000000000000000E+00    1.722253000000000E-02    0.000000000000000E+00    1.522341000000000E-02    4.768136847405667E+39    1.978280166836000E+11    4.750110959307001E+08
                      334    1.046195888238167E+30    3.182531522856928E+33    4.796394947273369E+14    3.646500000000000E+07    3.278118574691204E-13    1.742535984004936E-01    3.426781227983521E+03    2.883090631534458E+03    4.469243643031567E-03    1.255419432920482E+00    3.183056463062793E+33    4.801926235992281E+14    1.139161000000000E-01    0.000000000000000E+00    5.253223000000000E-01    4.252153000000000E-02    1.976369000000000E-03    1.143286000000000E-01    1.025341000000000E-02    1.001642000000000E-04    2.560834000000000E-03    6.049838000000000E-02    5.868574000000000E-02    1.578155000000000E-02    2.136921000000000E-02    0.000000000000000E+00    0.000000000000000E+00    0.000000000000000E+00    0.000000000000000E+00    0.000000000000000E+00    1.722253000000000E-02    0.000000000000000E+00    1.522341000000000E-02    4.798136847405667E+39    1.978280166836000E+11    4.750110959307001E+08
                      335    1.049326043056620E+30    3.183581403268657E+33    4.807457524711194E+14    3.655500000000000E+07    3.278118574691204E-13    1.742326904213278E-01    3.426781227983521E+03    2.882997730434117E+03    4.470243643031567E-03    1.253798357506420E+00    3.184103360859715E+33    4.812944986590033E+14    1.139161000000000E-01    0.000000000000000E+00    5.253223000000000E-01    4.252153000000000E-02    1.976369000000000E-03    1.143286000000000E-01    1.025341000000000E-02    1.001642000000000E-04    2.560834000000000E-03    6.049838000000000E-02    5.868574000000000E-02    1.578155000000000E-02    2.136921000000000E-02    0.000000000000000E+00    0.000000000000000E+00    0.000000000000000E+00    0.000000000000000E+00    0.000000000000000E+00    1.722253000000000E-02    0.000000000000000E+00    1.522341000000000E-02    4.828136847405666E+39    1.968423486266334E+11    4.740110959307001E+08
                      336    1.044311869885681E+30    3.184625318450773E+33    4.818432448468874E+14    3.664500000000000E+07    3.270579111187309E-13    1.742326904213278E-01    3.426781227983521E+03    2.882997730434117E+03    4.472243643031567E-03    1.252193107563941E+00    3.185156223886250E+33    4.823975806738753E+14    1.139161000000000E-01    0.000000000000000E+00    5.253223000000000E-01    4.252153000000000E-02    1.976369000000000E-03    1.143286000000000E-01    1.025341000000000E-02    1.001642000000000E-04    2.560834000000000E-03    6.049838000000000E-02    5.868574000000000E-02    1.578155000000000E-02    2.136921000000000E-02    0.000000000000000E+00    0.000000000000000E+00    0.000000000000000E+00    0.000000000000000E+00    0.000000000000000E+00    1.722253000000000E-02    0.000000000000000E+00    1.522341000000000E-02    4.858136847405667E+39    1.968280166836000E+11    4.739967639876668E+08
                      337    1.062781413810647E+30    3.185687129321726E+33    4.829519165008632E+14    3.673500000000000E+07    3.270579111187309E-13    1.742326904213278E-01    3.426781227983521E+03    2.882997730434117E+03    4.472243643031567E-03    1.250571506212867E+00    3.186238913060845E+33    4.835234096901404E+14    1.139161000000000E-01    0.000000000000000E+00    5.253223000000000E-01    4.252153000000000E-02    1.976369000000000E-03    1.143286000000000E-01    1.025341000000000E-02    1.001642000000000E-04    2.560834000000000E-03    6.049838000000000E-02    5.868574000000000E-02    1.578155000000000E-02    2.136921000000000E-02    0.000000000000000E+00    0.000000000000000E+00    0.000000000000000E+00    0.000000000000000E+00    0.000000000000000E+00    1.722253000000000E-02    0.000000000000000E+00    1.522341000000000E-02    4.888136847405667E+39    1.968280166836000E+11    4.730110959307001E+08
                      338    1.102492345020331E+30    3.186790696799964E+33    4.840949028794175E+14    3.682500000000000E+07    3.278118574691204E-13    1.742326904213278E-01    3.426781227983521E+03    2.882997730434117E+03    4.469243643031567E-03    1.248896984186583E+00    3.187357393613113E+33    4.846818829576561E+14    1.139161000000000E-01    0.000000000000000E+00    5.253223000000000E-01    4.252153000000000E-02    1.976369000000000E-03    1.143286000000000E-01    1.025341000000000E-02    1.001642000000000E-04    2.560834000000000E-03    6.049838000000000E-02    5.868574000000000E-02    1.578155000000000E-02    2.136921000000000E-02    0.000000000000000E+00    0.000000000000000E+00    0.000000000000000E+00    0.000000000000000E+00    0.000000000000000E+00    1.722253000000000E-02    0.000000000000000E+00    1.522341000000000E-02    4.918136847405667E+39    1.968423486266334E+11    4.740110959307001E+08
                      339    1.133984184029486E+30    3.187924090426261E+33    4.852688630358945E+14    3.692000000000000E+07    3.278220438722126E-13    1.742326904213278E-01    3.426781227983521E+03    2.882997730434117E+03    4.467229311088532E-03    1.247177804486525E+00    3.188508682928247E+33    4.858699798464183E+14    1.139161000000000E-01    0.000000000000000E+00    5.253223000000000E-01    4.252153000000000E-02    1.976369000000000E-03    1.143286000000000E-01    1.025341000000000E-02    1.001642000000000E-04    2.560834000000000E-03    6.049838000000000E-02    5.868574000000000E-02    1.578155000000000E-02    2.136921000000000E-02    0.000000000000000E+00    0.000000000000000E+00    0.000000000000000E+00    0.000000000000000E+00    0.000000000000000E+00    1.722253000000000E-02    0.000000000000000E+00    1.522341000000000E-02    4.958136847405667E+39    1.978280166836000E+11    4.740110959307001E+08
                      340    1.168071096760888E+30    3.189093275430232E+33    4.864710966569422E+14    3.702000000000000E+07    3.285675418453455E-13    1.726560318077245E-01    3.426781227983521E+03    2.876459707088135E+03    4.464243643031567E-03    1.245414397525805E+00    3.189696757825989E+33    4.870856604186521E+14    1.139161000000000E-01    0.000000000000000E+00    5.253223000000000E-01    4.252153000000000E-02    1.976369000000000E-03    1.143286000000000E-01    1.025341000000000E-02    1.001642000000000E-04    2.560834000000000E-03    6.049838000000000E-02    5.868574000000000E-02    1.578155000000000E-02    2.136921000000000E-02    0.000000000000000E+00    0.000000000000000E+00    0.000000000000000E+00    0.000000000000000E+00    0.000000000000000E+00    1.722253000000000E-02    0.000000000000000E+00    1.522341000000000E-02    4.988136847405667E+39    1.978280166836000E+11    4.750110959307001E+08
                      341    1.206868552475975E+30    3.190300240221745E+33    4.877002241803619E+14    3.711500000000000E+07    3.285777517305219E-13    1.726560318077245E-01    3.426781227983521E+03    2.876459707088135E+03    4.463243643031567E-03    1.243611889397855E+00    3.190909687847115E+33    4.883170716647973E+14    1.139161000000000E-01    0.000000000000000E+00    5.253223000000000E-01    4.252153000000000E-02    1.976369000000000E-03    1.143286000000000E-01    1.025341000000000E-02    1.001642000000000E-04    2.560834000000000E-03    6.049838000000000E-02    5.868574000000000E-02    1.578155000000000E-02    2.136921000000000E-02    0.000000000000000E+00    0.000000000000000E+00    0.000000000000000E+00    0.000000000000000E+00    0.000000000000000E+00    1.722253000000000E-02    0.000000000000000E+00    1.522341000000000E-02    5.028136847405667E+39    1.978280166836000E+11    4.750110959307001E+08
                      342    1.218902011331465E+30    3.191519135472484E+33    4.889339191492326E+14    3.721000000000000E+07    3.285675418453455E-13    1.726560318077245E-01    3.426781227983521E+03    2.876459707088135E+03    4.464229311088534E-03    1.241802340847734E+00    3.192127588892917E+33    4.895497294678820E+14    1.139161000000000E-01    0.000000000000000E+00    5.253223000000000E-01    4.252153000000000E-02    1.976369000000000E-03    1.143286000000000E-01    1.025341000000000E-02    1.001642000000000E-04    2.560834000000000E-03    6.049838000000000E-02    5.868574000000000E-02    1.578155000000000E-02    2.136921000000000E-02    0.000000000000000E+00    0.000000000000000E+00    0.000000000000000E+00    0.000000000000000E+00    0.000000000000000E+00    1.722253000000000E-02    0.000000000000000E+00    1.522341000000000E-02    5.067993527975334E+39    1.978280166836000E+11    4.740110959307001E+08
                      343    1.218193739735523E+30    3.192736042313351E+33    4.901655397865316E+14    3.730992834028483E+07    3.285675418453455E-13    1.726560318077245E-01    3.426781227983521E+03    2.876459707088135E+03    4.465229311088533E-03    1.239995429940201E+00    3.193348472553525E+33    4.907825044778482E+14    1.139161000000000E-01    0.000000000000000E+00    5.253223000000000E-01    4.252153000000000E-02    1.976369000000000E-03    1.143286000000000E-01    1.025341000000000E-02    1.001642000000000E-04    2.560834000000000E-03    6.049838000000000E-02    5.868574000000000E-02    1.578155000000000E-02    2.136921000000000E-02    0.000000000000000E+00    0.000000000000000E+00    0.000000000000000E+00    0.000000000000000E+00    0.000000000000000E+00    1.722253000000000E-02    0.000000000000000E+00    1.522341000000000E-02    5.098136847405667E+39    1.978280166836000E+11    4.740110959307001E+08
                      344    1.224825086654301E+30    3.193960902793701E+33    4.913994691691648E+14    3.740492834028483E+07    3.285675418453455E-13    1.726560318077245E-01    3.426781227983521E+03    2.876459707088135E+03    4.464229311088534E-03    1.238185537160191E+00    3.194582280878294E+33    4.920199162010518E+14    1.139161000000000E-01    0.000000000000000E+00    5.253223000000000E-01    4.252153000000000E-02    1.976369000000000E-03    1.143286000000000E-01    1.025341000000000E-02    1.001642000000000E-04    2.560834000000000E-03    6.049838000000000E-02    5.868574000000000E-02    1.578155000000000E-02    2.136921000000000E-02    0.000000000000000E+00    0.000000000000000E+00    0.000000000000000E+00    0.000000000000000E+00    0.000000000000000E+00    1.722253000000000E-02    0.000000000000000E+00    1.522341000000000E-02    5.137993527975333E+39    1.978280166836000E+11    4.740110959307001E+08
                      345    1.241513413017095E+30    3.195203658962887E+33    4.926403632329388E+14    3.750000000000000E+07    3.285777517305219E-13    1.726560318077245E-01    3.426781227983521E+03    2.876459707088135E+03    4.462229311088533E-03    1.236366186434542E+00    3.195831996482028E+33    4.932660169657831E+14    1.139161000000000E-01    0.000000000000000E+00    5.253223000000000E-01    4.252153000000000E-02    1.976369000000000E-03    1.143286000000000E-01    1.025341000000000E-02    1.001642000000000E-04    2.560834000000000E-03    6.049838000000000E-02    5.868574000000000E-02    1.578155000000000E-02    2.136921000000000E-02    0.000000000000000E+00    0.000000000000000E+00    0.000000000000000E+00    0.000000000000000E+00    0.000000000000000E+00    1.722253000000000E-02    0.000000000000000E+00    1.522341000000000E-02    5.177993527975334E+39    1.978280166836000E+11    4.740110959307001E+08
                      346    1.257598058143146E+30    3.196460334001168E+33    4.938916706986276E+14    3.759992834028483E+07    3.293352016753614E-13    1.726560318077245E-01    3.426781227983521E+03    2.876459707088135E+03    4.459229311088534E-03    1.234528575157458E+00    3.197058845372248E+33    4.944901843330112E+14    1.139161000000000E-01    0.000000000000000E+00    5.253223000000000E-01    4.252153000000000E-02    1.976369000000000E-03    1.143286000000000E-01    1.025341000000000E-02    1.001642000000000E-04    2.560834000000000E-03    6.049838000000000E-02    5.868574000000000E-02    1.578155000000000E-02    2.136921000000000E-02    0.000000000000000E+00    0.000000000000000E+00    0.000000000000000E+00    0.000000000000000E+00    0.000000000000000E+00    1.722253000000000E-02    0.000000000000000E+00    1.522341000000000E-02    5.207993527975333E+39    1.988280166836000E+11    4.740110959307001E+08
                      347    1.196892700154683E+30    3.197657356743328E+33    4.950886979673950E+14    3.768992834028483E+07    3.278220438722126E-13    1.726560318077245E-01    3.426781227983521E+03    2.876459707088135E+03    4.464243643031567E-03    1.232776786638243E+00    3.198219082531800E+33    4.956451256936468E+14    1.139161000000000E-01    0.000000000000000E+00    5.253223000000000E-01    4.252153000000000E-02    1.976369000000000E-03    1.143286000000000E-01    1.025341000000000E-02    1.001642000000000E-04    2.560834000000000E-03    6.049838000000000E-02    5.868574000000000E-02    1.578155000000000E-02    2.136921000000000E-02    0.000000000000000E+00    0.000000000000000E+00    0.000000000000000E+00    0.000000000000000E+00    0.000000000000000E+00    1.722253000000000E-02    0.000000000000000E+00    1.522341000000000E-02    5.247993527975334E+39    1.978280166836000E+11    4.720110959307002E+08
                      348    1.123221319081372E+30    3.198780808320273E+33    4.962015534198986E+14    3.777000000000000E+07    3.255653327956456E-13    1.726353155140639E-01    3.419010772673782E+03    2.876367019654396E+03    4.474229311088533E-03    1.231155772338334E+00    3.199311713755749E+33    4.967226473249439E+14    1.139161000000000E-01    0.000000000000000E+00    5.253223000000000E-01    4.252153000000000E-02    1.976369000000000E-03    1.143286000000000E-01    1.025341000000000E-02    1.001642000000000E-04    2.560834000000000E-03    6.049838000000000E-02    5.868574000000000E-02    1.578155000000000E-02    2.136921000000000E-02    0.000000000000000E+00    0.000000000000000E+00    0.000000000000000E+00    0.000000000000000E+00    0.000000000000000E+00    1.722253000000000E-02    0.000000000000000E+00    1.522341000000000E-02    5.277993527975334E+39    1.958423486266334E+11    4.690110959307002E+08
                      349    1.061932163954871E+30    3.199842619191226E+33    4.972437412299892E+14    3.785000000000000E+07    3.240594261663384E-13    1.726353155140639E-01    3.419010772673782E+03    2.876367019654396E+03    4.481229311088532E-03    1.229642353233957E+00    3.200334750634223E+33    4.977316286938893E+14    1.139161000000000E-01    0.000000000000000E+00    5.253223000000000E-01    4.252153000000000E-02    1.976369000000000E-03    1.143286000000000E-01    1.025341000000000E-02    1.001642000000000E-04    2.560834000000000E-03    6.049838000000000E-02    5.868574000000000E-02    1.578155000000000E-02    2.136921000000000E-02    0.000000000000000E+00    0.000000000000000E+00    0.000000000000000E+00    0.000000000000000E+00    0.000000000000000E+00    1.722253000000000E-02    0.000000000000000E+00    1.522341000000000E-02    5.307993527975334E+39    1.948423486266334E+11    4.660254278737335E+08
                      350    9.846882068668772E+29    3.200826882077221E+33    4.982195161577894E+14    3.792500000000000E+07    3.225705083498006E-13    1.726353155140639E-01    3.419010772673782E+03    2.876367019654396E+03    4.487229311088533E-03    1.228229998344786E+00    3.201290181577094E+33    4.986816961989929E+14    1.139161000000000E-01    0.000000000000000E+00    5.253223000000000E-01    4.252153000000000E-02    1.976369000000000E-03    1.143286000000000E-01    1.025341000000000E-02    1.001642000000000E-04    2.560834000000000E-03    6.049838000000000E-02    5.868574000000000E-02    1.578155000000000E-02    2.136921000000000E-02    0.000000000000000E+00    0.000000000000000E+00    0.000000000000000E+00    0.000000000000000E+00    0.000000000000000E+00    1.722253000000000E-02    0.000000000000000E+00    1.522341000000000E-02    5.337993527975334E+39    1.938423486266334E+11    4.640254278737335E+08
                      351    9.256813485899643E+29    3.201753481076967E+33    4.991438762401963E+14    3.800000000000000E+07    3.218286167678693E-13    1.726353155140639E-01    3.419010772673782E+03    2.876367019654396E+03    4.491243643031567E-03    1.226893945607393E+00    3.202223740011387E+33    4.996106585539248E+14    1.139161000000000E-01    0.000000000000000E+00    5.253223000000000E-01    4.252153000000000E-02    1.976369000000000E-03    1.143286000000000E-01    1.025341000000000E-02    1.001642000000000E-04    2.560834000000000E-03    6.049838000000000E-02    5.868574000000000E-02    1.578155000000000E-02    2.136921000000000E-02    0.000000000000000E+00    0.000000000000000E+00    0.000000000000000E+00    0.000000000000000E+00    0.000000000000000E+00    1.722253000000000E-02    0.000000000000000E+00    1.522341000000000E-02    5.367993527975334E+39    1.938280166836000E+11    4.630254278737335E+08
                      352    9.412547735382586E+29    3.202693998945806E+33    5.000774408676533E+14    3.807992834028483E+07    3.218286167678693E-13    1.726353155140639E-01    3.419010772673782E+03    2.876367019654396E+03    4.488257974974600E-03    1.225545486384511E+00    3.203171217314774E+33    5.005479794536969E+14    1.139161000000000E-01    0.000000000000000E+00    5.253223000000000E-01    4.252153000000000E-02    1.976369000000000E-03    1.143286000000000E-01    1.025341000000000E-02    1.001642000000000E-04    2.560834000000000E-03    6.049838000000000E-02    5.868574000000000E-02    1.578155000000000E-02    2.136921000000000E-02    0.000000000000000E+00    0.000000000000000E+00    0.000000000000000E+00    0.000000000000000E+00    0.000000000000000E+00    1.722253000000000E-02    0.000000000000000E+00    1.522341000000000E-02    5.397850208545000E+39    1.938280166836000E+11    4.630254278737335E+08
                      353    9.537529237805311E+29    3.203648435683742E+33    5.010185180397403E+14    3.815492834028483E+07    3.225705083498006E-13    1.726353155140639E-01    3.419010772673782E+03    2.876367019654396E+03    4.487243643031566E-03    1.224183349954111E+00    3.204126648257644E+33    5.014890752598276E+14    1.139161000000000E-01    0.000000000000000E+00    5.253223000000000E-01    4.252153000000000E-02    1.976369000000000E-03    1.143286000000000E-01    1.025341000000000E-02    1.001642000000000E-04    2.560834000000000E-03    6.049838000000000E-02    5.868574000000000E-02    1.578155000000000E-02    2.136921000000000E-02    0.000000000000000E+00    0.000000000000000E+00    0.000000000000000E+00    0.000000000000000E+00    0.000000000000000E+00    1.722253000000000E-02    0.000000000000000E+00    1.522341000000000E-02    5.427850208545000E+39    1.938423486266334E+11    4.630254278737335E+08
                      354    9.577506218255695E+29    3.204604860831547E+33    5.019596324799149E+14    3.823000000000000E+07    3.225705083498006E-13    1.710731117935154E-01    3.419010772673782E+03    2.869844033344836E+03    4.485257974974600E-03    1.222821762547005E+00    3.205085061815321E+33    5.024291629430170E+14    1.139161000000000E-01    0.000000000000000E+00    5.253223000000000E-01    4.252153000000000E-02    1.976369000000000E-03    1.143286000000000E-01    1.025341000000000E-02    1.001642000000000E-04    2.560834000000000E-03    6.049838000000000E-02    5.868574000000000E-02    1.578155000000000E-02    2.136921000000000E-02    0.000000000000000E+00    0.000000000000000E+00    0.000000000000000E+00    0.000000000000000E+00    0.000000000000000E+00    1.722253000000000E-02    0.000000000000000E+00    1.522341000000000E-02    5.457850208545000E+39    1.938423486266334E+11    4.640254278737335E+08
                      355    9.603423152510374E+29    3.205565262799094E+33    5.028986934061191E+14    3.830500000000000E+07    3.225705083498006E-13    1.710731117935154E-01    3.419010772673782E+03    2.869844033344836E+03    4.484243643031567E-03    1.221463453213081E+00    3.206048446397674E+33    5.033682901699751E+14    1.139161000000000E-01    0.000000000000000E+00    5.253223000000000E-01    4.252153000000000E-02    1.976369000000000E-03    1.143286000000000E-01    1.025341000000000E-02    1.001642000000000E-04    2.560834000000000E-03    6.049838000000000E-02    5.868574000000000E-02    1.578155000000000E-02    2.136921000000000E-02    0.000000000000000E+00    0.000000000000000E+00    0.000000000000000E+00    0.000000000000000E+00    0.000000000000000E+00    1.722253000000000E-02    0.000000000000000E+00    1.522341000000000E-02    5.477993527975334E+39    1.948280166836000E+11    4.640254278737335E+08
                      356    9.655543352041112E+29    3.206531629996254E+33    5.038378869338311E+14    3.838000000000000E+07    3.225805318835710E-13    1.710731117935154E-01    3.419010772673782E+03    2.869844033344836E+03    4.483243643031567E-03    1.220105211764832E+00    3.207018790414574E+33    5.043099862185194E+14    1.139161000000000E-01    0.000000000000000E+00    5.253223000000000E-01    4.252153000000000E-02    1.976369000000000E-03    1.143286000000000E-01    1.025341000000000E-02    1.001642000000000E-04    2.560834000000000E-03    6.049838000000000E-02    5.868574000000000E-02    1.578155000000000E-02    2.136921000000000E-02    0.000000000000000E+00    0.000000000000000E+00    0.000000000000000E+00    0.000000000000000E+00    0.000000000000000E+00    1.722253000000000E-02    0.000000000000000E+00    1.522341000000000E-02    5.507993527975333E+39    1.948280166836000E+11    4.640254278737335E+08
                      357    9.752786536767599E+29    3.207505950832895E+33    5.047820855032079E+14    3.845992834028483E+07    3.233141101684556E-13    1.710731117935154E-01    3.419010772673782E+03    2.869844033344836E+03    4.481243643031566E-03    1.218737238232641E+00    3.207998082275893E+33    5.052560002439011E+14    1.139161000000000E-01    0.000000000000000E+00    5.253223000000000E-01    4.252153000000000E-02    1.976369000000000E-03    1.143286000000000E-01    1.025341000000000E-02    1.001642000000000E-04    2.560834000000000E-03    6.049838000000000E-02    5.868574000000000E-02    1.578155000000000E-02    2.136921000000000E-02    0.000000000000000E+00    0.000000000000000E+00    0.000000000000000E+00    0.000000000000000E+00    0.000000000000000E+00    1.722253000000000E-02    0.000000000000000E+00    1.522341000000000E-02    5.537850208545000E+39    1.948280166836000E+11    4.640254278737335E+08
                      358    9.840024043024735E+29    3.208490213718891E+33    5.057299149845944E+14    3.853492834028484E+07    3.240594261663384E-13    1.710731117935154E-01    3.419010772673782E+03    2.869844033344836E+03    4.479243643031566E-03    1.217361452688608E+00    3.208987316186566E+33    5.062055954540609E+14    1.139161000000000E-01    0.000000000000000E+00    5.253223000000000E-01    4.252153000000000E-02    1.976369000000000E-03    1.143286000000000E-01    1.025341000000000E-02    1.001642000000000E-04    2.560834000000000E-03    6.049838000000000E-02    5.868574000000000E-02    1.578155000000000E-02    2.136921000000000E-02    0.000000000000000E+00    0.000000000000000E+00    0.000000000000000E+00    0.000000000000000E+00    0.000000000000000E+00    1.722253000000000E-02    0.000000000000000E+00    1.522341000000000E-02    5.567850208545000E+39    1.948280166836000E+11    4.640254278737335E+08
                      359    9.926830064339928E+29    3.209484418654240E+33    5.066812759235274E+14    3.860992834028484E+07    3.240694959666386E-13    1.710731117935154E-01    3.418899849865084E+03    2.869844033344836E+03    4.476243643031567E-03    1.215981422255553E+00    3.209985497941656E+33    5.071586694373517E+14    1.139161000000000E-01    0.000000000000000E+00    5.253223000000000E-01    4.252153000000000E-02    1.976369000000000E-03    1.143286000000000E-01    1.025341000000000E-02    1.001642000000000E-04    2.560834000000000E-03    6.049838000000000E-02    5.868574000000000E-02    1.578155000000000E-02    2.136921000000000E-02    0.000000000000000E+00    0.000000000000000E+00    0.000000000000000E+00    0.000000000000000E+00    0.000000000000000E+00    1.722253000000000E-02    0.000000000000000E+00    1.522341000000000E-02    5.597850208545000E+39    1.948423486266334E+11    4.650254278737335E+08
                      360    1.002798643969195E+30    3.210486577229072E+33    5.076360629511759E+14    3.868492834028484E+07    3.248064602950389E-13    1.710731117935154E-01    3.418899849865084E+03    2.869844033344836E+03    4.473257974974601E-03    1.214594199521244E+00    3.210990639131294E+33    5.081135371652638E+14    1.139161000000000E-01    0.000000000000000E+00    5.253223000000000E-01    4.252153000000000E-02    1.976369000000000E-03    1.143286000000000E-01    1.025341000000000E-02    1.001642000000000E-04    2.560834000000000E-03    6.049838000000000E-02    5.868574000000000E-02    1.578155000000000E-02    2.136921000000000E-02    0.000000000000000E+00    0.000000000000000E+00    0.000000000000000E+00    0.000000000000000E+00    0.000000000000000E+00    1.722253000000000E-02    0.000000000000000E+00    1.522341000000000E-02    5.627850208545000E+39    1.958280166836000E+11    4.650254278737335E+08
                      361    1.008920957961074E+30    3.211494701033516E+33    5.085910113793516E+14    3.876000000000000E+07    3.255552165152591E-13    1.710731117935154E-01    3.418899849865084E+03    2.869844033344836E+03    4.471257974974600E-03    1.213204165775096E+00    3.212000751345609E+33    5.090674479025883E+14    1.139161000000000E-01    0.000000000000000E+00    5.253223000000000E-01    4.252153000000000E-02    1.976369000000000E-03    1.143286000000000E-01    1.025341000000000E-02    1.001642000000000E-04    2.560834000000000E-03    6.049838000000000E-02    5.868574000000000E-02    1.578155000000000E-02    2.136921000000000E-02    0.000000000000000E+00    0.000000000000000E+00    0.000000000000000E+00    0.000000000000000E+00    0.000000000000000E+00    1.722253000000000E-02    0.000000000000000E+00    1.522341000000000E-02    5.657850208545001E+39    1.958280166836000E+11    4.660110959307001E+08
                      362    1.011278019021800E+30    3.212506801657701E+33    5.095438844258250E+14    3.883992834028483E+07    3.255552165152591E-13    1.710731117935154E-01    3.418899849865084E+03    2.869844033344836E+03    4.470243643031567E-03    1.211817467462925E+00    3.213013846174729E+33    5.100200960290748E+14    1.139161000000000E-01    0.000000000000000E+00    5.253223000000000E-01    4.252153000000000E-02    1.976369000000000E-03    1.143286000000000E-01    1.025341000000000E-02    1.001642000000000E-04    2.560834000000000E-03    6.049838000000000E-02    5.868574000000000E-02    1.578155000000000E-02    2.136921000000000E-02    0.000000000000000E+00    0.000000000000000E+00    0.000000000000000E+00    0.000000000000000E+00    0.000000000000000E+00    1.722253000000000E-02    0.000000000000000E+00    1.522341000000000E-02    5.687850208545000E+39    1.958280166836000E+11    4.660110959307001E+08
                      363    1.015086420447148E+30    3.213520890691757E+33    5.104963076323246E+14    3.891492834028483E+07    3.255653327956456E-13    1.710731117935154E-01    3.418899849865084E+03    2.869844033344836E+03    4.468243643031567E-03    1.210431999655886E+00    3.214030917823591E+33    5.109729374313688E+14    1.139161000000000E-01    0.000000000000000E+00    5.253223000000000E-01    4.252153000000000E-02    1.976369000000000E-03    1.143286000000000E-01    1.025341000000000E-02    1.001642000000000E-04    2.560834000000000E-03    6.049838000000000E-02    5.868574000000000E-02    1.578155000000000E-02    2.136921000000000E-02    0.000000000000000E+00    0.000000000000000E+00    0.000000000000000E+00    0.000000000000000E+00    0.000000000000000E+00    1.722253000000000E-02    0.000000000000000E+00    1.522341000000000E-02    5.717850208545000E+39    1.958423486266334E+11    4.660254278737335E+08
                      364    1.018569319176663E+30    3.214540944955426E+33    5.114495672304130E+14    3.899000000000000E+07    3.263056987968292E-13    1.710525854279767E-01    3.418899849865084E+03    2.869751559086279E+03    4.466243643031566E-03    1.209042784757184E+00    3.215050972087260E+33    5.119232542737172E+14    1.139161000000000E-01    0.000000000000000E+00    5.253223000000000E-01    4.252153000000000E-02    1.976369000000000E-03    1.143286000000000E-01    1.025341000000000E-02    1.001642000000000E-04    2.560834000000000E-03    6.049838000000000E-02    5.868574000000000E-02    1.578155000000000E-02    2.136921000000000E-02    0.000000000000000E+00    0.000000000000000E+00    0.000000000000000E+00    0.000000000000000E+00    0.000000000000000E+00    1.722253000000000E-02    0.000000000000000E+00    1.522341000000000E-02    5.747850208545001E+39    1.968280166836000E+11    4.670110959307001E+08
                      365    1.020949445791888E+30    3.215560999219094E+33    5.123969413170215E+14    3.906500000000000E+07    3.263056987968292E-13    1.710525854279767E-01    3.418899849865084E+03    2.869751559086279E+03    4.465243643031566E-03    1.207662456416369E+00    3.216075997375604E+33    5.128709121826462E+14    1.139161000000000E-01    0.000000000000000E+00    5.253223000000000E-01    4.252153000000000E-02    1.976369000000000E-03    1.143286000000000E-01    1.025341000000000E-02    1.001642000000000E-04    2.560834000000000E-03    6.049838000000000E-02    5.868574000000000E-02    1.578155000000000E-02    2.136921000000000E-02    0.000000000000000E+00    0.000000000000000E+00    0.000000000000000E+00    0.000000000000000E+00    0.000000000000000E+00    1.722253000000000E-02    0.000000000000000E+00    1.522341000000000E-02    5.777850208545000E+39    1.968280166836000E+11    4.670110959307001E+08
                      366    1.029154420282337E+30    3.216590995532115E+33    5.133448830482710E+14    3.914000000000000E+07    3.270579111187309E-13    1.710525854279767E-01    3.418899849865084E+03    2.869751559086279E+03    4.463243643031567E-03    1.206278736755783E+00    3.217110964713303E+33    5.138227531095759E+14    1.139161000000000E-01    0.000000000000000E+00    5.253223000000000E-01    4.252153000000000E-02    1.976369000000000E-03    1.143286000000000E-01    1.025341000000000E-02    1.001642000000000E-04    2.560834000000000E-03    6.049838000000000E-02    5.868574000000000E-02    1.578155000000000E-02    2.136921000000000E-02    0.000000000000000E+00    0.000000000000000E+00    0.000000000000000E+00    0.000000000000000E+00    0.000000000000000E+00    1.722253000000000E-02    0.000000000000000E+00    1.522341000000000E-02    5.807850208545000E+39    1.968280166836000E+11    4.670110959307001E+08
                      367    1.040101014302503E+30    3.217630933894490E+33    5.143006231708809E+14    3.921992834028484E+07    3.278118574691204E-13    1.710525854279767E-01    3.418899849865084E+03    2.869751559086279E+03    4.460243643031567E-03    1.204881357976336E+00    3.218155874100355E+33    5.147812803465034E+14    1.139161000000000E-01    0.000000000000000E+00    5.253223000000000E-01    4.252153000000000E-02    1.976369000000000E-03    1.143286000000000E-01    1.025341000000000E-02    1.001642000000000E-04    2.560834000000000E-03    6.049838000000000E-02    5.868574000000000E-02    1.578155000000000E-02    2.136921000000000E-02    0.000000000000000E+00    0.000000000000000E+00    0.000000000000000E+00    0.000000000000000E+00    0.000000000000000E+00    1.722253000000000E-02    0.000000000000000E+00    1.522341000000000E-02    5.837850208545001E+39    1.968423486266334E+11    4.670254278737335E+08
                      368    1.049743012606505E+30    3.218680814306219E+33    5.152619375221259E+14    3.929492834028484E+07    3.278118574691204E-13    1.710525854279767E-01    3.418899849865084E+03    2.869751559086279E+03    4.458257974974600E-03    1.203476454935747E+00    3.219210725536760E+33    5.157450986811185E+14    1.139161000000000E-01    0.000000000000000E+00    5.253223000000000E-01    4.252153000000000E-02    1.976369000000000E-03    1.143286000000000E-01    1.025341000000000E-02    1.001642000000000E-04    2.560834000000000E-03    6.049838000000000E-02    5.868574000000000E-02    1.578155000000000E-02    2.136921000000000E-02    0.000000000000000E+00    0.000000000000000E+00    0.000000000000000E+00    0.000000000000000E+00    0.000000000000000E+00    1.722253000000000E-02    0.000000000000000E+00    1.522341000000000E-02    5.877706889114667E+39    1.978280166836000E+11    4.680110959307001E+08
                      369    1.060780079275789E+30    3.219740636767301E+33    5.162282598401110E+14    3.937000000000000E+07    3.278118574691204E-13    1.710525854279767E-01    3.418899849865084E+03    2.869751559086279E+03    4.457257974974600E-03    1.202064549959236E+00    3.220276513227454E+33    5.167158385240141E+14    1.139161000000000E-01    0.000000000000000E+00    5.253223000000000E-01    4.252153000000000E-02    1.976369000000000E-03    1.143286000000000E-01    1.025341000000000E-02    1.001642000000000E-04    2.560834000000000E-03    6.049838000000000E-02    5.868574000000000E-02    1.578155000000000E-02    2.136921000000000E-02    0.000000000000000E+00    0.000000000000000E+00    0.000000000000000E+00    0.000000000000000E+00    0.000000000000000E+00    1.722253000000000E-02    0.000000000000000E+00    1.522341000000000E-02    5.907706889114667E+39    1.978280166836000E+11    4.680110959307001E+08
                      370    1.071737808391232E+30    3.220812389687607E+33    5.172034172079171E+14    3.944999999999999E+07    3.278118574691204E-13    1.695047040772261E-01    3.418899849865084E+03    2.863243575228914E+03    4.457243643031567E-03    1.200639740096119E+00    3.221350254557631E+33    5.176911439974469E+14    1.139161000000000E-01    0.000000000000000E+00    5.253223000000000E-01    4.252153000000000E-02    1.976369000000000E-03    1.143286000000000E-01    1.025341000000000E-02    1.001642000000000E-04    2.560834000000000E-03    6.049838000000000E-02    5.868574000000000E-02    1.578155000000000E-02    2.136921000000000E-02    0.000000000000000E+00    0.000000000000000E+00    0.000000000000000E+00    0.000000000000000E+00    0.000000000000000E+00    1.722253000000000E-02    0.000000000000000E+00    1.522341000000000E-02    5.937706889114666E+39    1.978280166836000E+11    4.680110959307001E+08
                      371    1.075734909913309E+30    3.221888119427655E+33    5.181788707869769E+14    3.953000000000000E+07    3.278118574691204E-13    1.695047040772261E-01    3.418899849865084E+03    2.863243575228914E+03    4.457257974974600E-03    1.199214493465008E+00    3.222427972707549E+33    5.186681749082498E+14    1.139161000000000E-01    0.000000000000000E+00    5.253223000000000E-01    4.252153000000000E-02    1.976369000000000E-03    1.143286000000000E-01    1.025341000000000E-02    1.001642000000000E-04    2.560834000000000E-03    6.049838000000000E-02    5.868574000000000E-02    1.578155000000000E-02    2.136921000000000E-02    0.000000000000000E+00    0.000000000000000E+00    0.000000000000000E+00    0.000000000000000E+00    0.000000000000000E+00    1.722253000000000E-02    0.000000000000000E+00    1.522341000000000E-02    5.967706889114668E+39    1.978280166836000E+11    4.670110959307001E+08
                      372    1.078545726106528E+30    3.222967825987443E+33    5.191574790295229E+14    3.961000000000000E+07    3.278118574691204E-13    1.695047040772261E-01    3.418899849865084E+03    2.863243575228914E+03    4.458257974974600E-03    1.197784316725503E+00    3.223508673472274E+33    5.196485464677487E+14    1.139161000000000E-01    0.000000000000000E+00    5.253223000000000E-01    4.252153000000000E-02    1.976369000000000E-03    1.143286000000000E-01    1.025341000000000E-02    1.001642000000000E-04    2.560834000000000E-03    6.049838000000000E-02    5.868574000000000E-02    1.578155000000000E-02    2.136921000000000E-02    0.000000000000000E+00    0.000000000000000E+00    0.000000000000000E+00    0.000000000000000E+00    0.000000000000000E+00    1.722253000000000E-02    0.000000000000000E+00    1.522341000000000E-02    5.997706889114667E+39    1.968423486266334E+11    4.670110959307001E+08
                      373    1.082257490812160E+30    3.224049520957103E+33    5.201396139059744E+14    3.968992834028483E+07    3.270680740937461E-13    1.695047040772261E-01    3.418899849865084E+03    2.863243575228914E+03    4.458257974974600E-03    1.196352241698446E+00    3.224586391622192E+33    5.206247073156009E+14    1.139161000000000E-01    0.000000000000000E+00    5.253223000000000E-01    4.252153000000000E-02    1.976369000000000E-03    1.143286000000000E-01    1.025341000000000E-02    1.001642000000000E-04    2.560834000000000E-03    6.049838000000000E-02    5.868574000000000E-02    1.578155000000000E-02    2.136921000000000E-02    0.000000000000000E+00    0.000000000000000E+00    0.000000000000000E+00    0.000000000000000E+00    0.000000000000000E+00    1.722253000000000E-02    0.000000000000000E+00    1.522341000000000E-02    6.037563569684334E+39    1.968280166836000E+11    4.660110959307001E+08
                      374    1.073606913669688E+30    3.225123262287281E+33    5.211098007252274E+14    3.976492834028483E+07    3.263056987968292E-13    1.695047040772261E-01    3.411147266106631E+03    2.863243575228914E+03    4.458243643031567E-03    1.194940890831097E+00    3.225662121362239E+33    5.215948337283472E+14    1.139161000000000E-01    0.000000000000000E+00    5.253223000000000E-01    4.252153000000000E-02    1.976369000000000E-03    1.143286000000000E-01    1.025341000000000E-02    1.001642000000000E-04    2.560834000000000E-03    6.049838000000000E-02    5.868574000000000E-02    1.578155000000000E-02    2.136921000000000E-02    0.000000000000000E+00    0.000000000000000E+00    0.000000000000000E+00    0.000000000000000E+00    0.000000000000000E+00    1.722253000000000E-02    0.000000000000000E+00    1.522341000000000E-02    6.067706889114667E+39    1.968280166836000E+11    4.610254278737335E+08
                      375    1.078920143685180E+30    3.226200980437199E+33    5.220798667314671E+14    3.984000000000000E+07    3.248165533086262E-13    1.695047040772261E-01    3.411147266106631E+03    2.863243575228914E+03    4.464229311088534E-03    1.193534268010715E+00    3.226774636684895E+33    5.225912143468486E+14    1.139161000000000E-01    0.000000000000000E+00    5.253223000000000E-01    4.252153000000000E-02    1.976369000000000E-03    1.143286000000000E-01    1.025341000000000E-02    1.001642000000000E-04    2.560834000000000E-03    6.049838000000000E-02    5.868574000000000E-02    1.578155000000000E-02    2.136921000000000E-02    0.000000000000000E+00    0.000000000000000E+00    0.000000000000000E+00    0.000000000000000E+00    0.000000000000000E+00    1.722253000000000E-02    0.000000000000000E+00    1.522341000000000E-02    6.097706889114667E+39    1.958280166836000E+11    4.600254278737335E+08
                      376    1.146461058286142E+30    3.227348292932592E+33    5.231025619622302E+14    3.992492834028483E+07    3.255552165152591E-13    1.695047040772261E-01    3.411147266106631E+03    2.863243575228914E+03    4.463229311088533E-03    1.192048292751450E+00    3.227953763738219E+33    5.236426125131032E+14    1.139161000000000E-01    0.000000000000000E+00    5.253223000000000E-01    4.252153000000000E-02    1.976369000000000E-03    1.143286000000000E-01    1.025341000000000E-02    1.001642000000000E-04    2.560834000000000E-03    6.049838000000000E-02    5.868574000000000E-02    1.578155000000000E-02    2.136921000000000E-02    0.000000000000000E+00    0.000000000000000E+00    0.000000000000000E+00    0.000000000000000E+00    0.000000000000000E+00    1.722253000000000E-02    0.000000000000000E+00    1.522341000000000E-02    6.127706889114667E+39    1.958423486266334E+11    4.610254278737335E+08
                      377    1.211847530792203E+30    3.228559234543846E+33    5.241826630639764E+14    4.001485668056966E+07    3.263056987968292E-13    1.694843658985378E-01    3.411147266106631E+03    2.863151313655250E+03    4.459243643031567E-03    1.190476694328566E+00    3.229195525702470E+33    5.247464502603396E+14    1.139161000000000E-01    0.000000000000000E+00    5.253223000000000E-01    4.252153000000000E-02    1.976369000000000E-03    1.143286000000000E-01    1.025341000000000E-02    1.001642000000000E-04    2.560834000000000E-03    6.049838000000000E-02    5.868574000000000E-02    1.578155000000000E-02    2.136921000000000E-02    0.000000000000000E+00    0.000000000000000E+00    0.000000000000000E+00    0.000000000000000E+00    0.000000000000000E+00    1.722253000000000E-02    0.000000000000000E+00    1.522341000000000E-02    6.167563569684334E+39    1.968280166836000E+11    4.620254278737335E+08
                      378    1.271584732014623E+30    3.229831816861093E+33    5.253102374567027E+14    4.010492834028484E+07    3.270680740937461E-13    1.694843658985378E-01    3.411147266106631E+03    2.863151313655250E+03    4.454243643031566E-03    1.188834029985887E+00    3.230505887807260E+33    5.259002717654612E+14    1.139161000000000E-01    0.000000000000000E+00    5.253223000000000E-01    4.252153000000000E-02    1.976369000000000E-03    1.143286000000000E-01    1.025341000000000E-02    1.001642000000000E-04    2.560834000000000E-03    6.049838000000000E-02    5.868574000000000E-02    1.578155000000000E-02    2.136921000000000E-02    0.000000000000000E+00    0.000000000000000E+00    0.000000000000000E+00    0.000000000000000E+00    0.000000000000000E+00    1.722253000000000E-02    0.000000000000000E+00    1.522341000000000E-02    6.207563569684333E+39    1.968423486266334E+11    4.630254278737335E+08
                      379    1.348027757606700E+30    3.231179958753427E+33    5.264903060742198E+14    4.019992834028484E+07    3.293249682539689E-13    1.694843658985378E-01    3.411147266106631E+03    2.863151313655250E+03    4.447257974974601E-03    1.187105745258782E+00    3.231876896413107E+33    5.270953958425349E+14    1.139161000000000E-01    0.000000000000000E+00    5.253223000000000E-01    4.252153000000000E-02    1.976369000000000E-03    1.143286000000000E-01    1.025341000000000E-02    1.001642000000000E-04    2.560834000000000E-03    6.049838000000000E-02    5.868574000000000E-02    1.578155000000000E-02    2.136921000000000E-02    0.000000000000000E+00    0.000000000000000E+00    0.000000000000000E+00    0.000000000000000E+00    0.000000000000000E+00    1.722253000000000E-02    0.000000000000000E+00    1.522341000000000E-02    6.247563569684334E+39    1.978280166836000E+11    4.650110959307001E+08
                      380    1.394069587003701E+30    3.232573834072786E+33    5.277004856108500E+14    4.029492834028483E+07    3.300841407107913E-13    1.694843658985378E-01    3.411147266106631E+03    2.863151313655250E+03    4.443257974974600E-03    1.185330873213908E+00    3.233266794912725E+33    5.283007542805259E+14    1.139161000000000E-01    0.000000000000000E+00    5.253223000000000E-01    4.252153000000000E-02    1.976369000000000E-03    1.143286000000000E-01    1.025341000000000E-02    1.001642000000000E-04    2.560834000000000E-03    6.049838000000000E-02    5.868574000000000E-02    1.578155000000000E-02    2.136921000000000E-02    0.000000000000000E+00    0.000000000000000E+00    0.000000000000000E+00    0.000000000000000E+00    0.000000000000000E+00    1.722253000000000E-02    0.000000000000000E+00    1.522341000000000E-02    6.287563569684333E+39    1.988280166836000E+11    4.660110959307001E+08
                      381    1.385316805593875E+30    3.233959755752663E+33    5.289010229502019E+14    4.039000000000000E+07    3.293249682539689E-13    1.694843658985378E-01    3.411147266106631E+03    2.863151313655250E+03    4.446257974974601E-03    1.183573005958637E+00    3.234653710797536E+33    5.295011925241878E+14    1.139161000000000E-01    0.000000000000000E+00    5.253223000000000E-01    4.252153000000000E-02    1.976369000000000E-03    1.143286000000000E-01    1.025341000000000E-02    1.001642000000000E-04    2.560834000000000E-03    6.049838000000000E-02    5.868574000000000E-02    1.578155000000000E-02    2.136921000000000E-02    0.000000000000000E+00    0.000000000000000E+00    0.000000000000000E+00    0.000000000000000E+00    0.000000000000000E+00    1.722253000000000E-02    0.000000000000000E+00    1.522341000000000E-02    6.327563569684334E+39    1.978280166836000E+11    4.650110959307001E+08
                      382    1.388119469306624E+30    3.235347665842410E+33    5.301013620981736E+14    4.048500000000000E+07    3.285675418453455E-13    1.679506756093112E-01    3.411147266106631E+03    2.856658297745405E+03    4.449257974974600E-03    1.181818288067174E+00    3.236043609297154E+33    5.307028937550692E+14    1.139161000000000E-01    0.000000000000000E+00    5.253223000000000E-01    4.252153000000000E-02    1.976369000000000E-03    1.143286000000000E-01    1.025341000000000E-02    1.001642000000000E-04    2.560834000000000E-03    6.049838000000000E-02    5.868574000000000E-02    1.578155000000000E-02    2.136921000000000E-02    0.000000000000000E+00    0.000000000000000E+00    0.000000000000000E+00    0.000000000000000E+00    0.000000000000000E+00    1.722253000000000E-02    0.000000000000000E+00    1.522341000000000E-02    6.367563569684333E+39    1.978280166836000E+11    4.640110959307001E+08
                      383    1.393387960100025E+30    3.236739552751899E+33    5.313044254119649E+14    4.058000000000000E+07    3.278118574691204E-13    1.679506756093112E-01    3.411147266106631E+03    2.856658297745405E+03    4.452257974974600E-03    1.180062449636649E+00    3.237435496206643E+33    5.319035798224146E+14    1.139161000000000E-01    0.000000000000000E+00    5.253223000000000E-01    4.252153000000000E-02    1.976369000000000E-03    1.143286000000000E-01    1.025341000000000E-02    1.001642000000000E-04    2.560834000000000E-03    6.049838000000000E-02    5.868574000000000E-02    1.578155000000000E-02    2.136921000000000E-02    0.000000000000000E+00    0.000000000000000E+00    0.000000000000000E+00    0.000000000000000E+00    0.000000000000000E+00    1.722253000000000E-02    0.000000000000000E+00    1.522341000000000E-02    6.407563569684334E+39    1.968423486266334E+11    4.620254278737335E+08
                      384    1.391678921816160E+30    3.238131439661387E+33    5.325027342328642E+14    4.067500000000000E+07    3.270579111187309E-13    1.679506756093112E-01    3.411147266106631E+03    2.856658297745405E+03    4.455243643031567E-03    1.178316401856645E+00    3.238836330960550E+33    5.331052685698844E+14    1.139161000000000E-01    0.000000000000000E+00    5.253223000000000E-01    4.252153000000000E-02    1.976369000000000E-03    1.143286000000000E-01    1.025341000000000E-02    1.001642000000000E-04    2.560834000000000E-03    6.049838000000000E-02    5.868574000000000E-02    1.578155000000000E-02    2.136921000000000E-02    0.000000000000000E+00    0.000000000000000E+00    0.000000000000000E+00    0.000000000000000E+00    0.000000000000000E+00    1.722253000000000E-02    0.000000000000000E+00    1.522341000000000E-02    6.447563569684334E+39    1.968280166836000E+11    4.610254278737335E+08
                      385    1.408861169190836E+30    3.239541222259712E+33    5.337078029069043E+14    4.077000000000000E+07    3.263158383976505E-13    1.679506756093112E-01    3.411036598413313E+03    2.856658297745405E+03    4.455257974974600E-03    1.176564481729457E+00    3.240263015042776E+33    5.343221685538977E+14    1.139161000000000E-01    0.000000000000000E+00    5.253223000000000E-01    4.252153000000000E-02    1.976369000000000E-03    1.143286000000000E-01    1.025341000000000E-02    1.001642000000000E-04    2.560834000000000E-03    6.049838000000000E-02    5.868574000000000E-02    1.578155000000000E-02    2.136921000000000E-02    0.000000000000000E+00    0.000000000000000E+00    0.000000000000000E+00    0.000000000000000E+00    0.000000000000000E+00    1.722253000000000E-02    0.000000000000000E+00    1.522341000000000E-02    6.497420250254000E+39    1.968280166836000E+11    4.610254278737335E+08
                      386    1.444222254967382E+30    3.240984807825839E+33    5.349365342008911E+14    4.086992834028483E+07    3.270579111187309E-13    1.679506756093112E-01    3.411036598413313E+03    2.856658297745405E+03    4.453243643031566E-03    1.174774909124746E+00    3.241721513682932E+33    5.355616363622838E+14    1.139161000000000E-01    0.000000000000000E+00    5.253223000000000E-01    4.252153000000000E-02    1.976369000000000E-03    1.143286000000000E-01    1.025341000000000E-02    1.001642000000000E-04    2.560834000000000E-03    6.049838000000000E-02    5.868574000000000E-02    1.578155000000000E-02    2.136921000000000E-02    0.000000000000000E+00    0.000000000000000E+00    0.000000000000000E+00    0.000000000000000E+00    0.000000000000000E+00    1.722253000000000E-02    0.000000000000000E+00    1.522341000000000E-02    6.537420250254001E+39    1.968280166836000E+11    4.610254278737335E+08
                      387    1.472968298786090E+30    3.242458219540026E+33    5.361867385236765E+14    4.096985668056966E+07    3.278118574691204E-13    1.679506756093112E-01    3.411036598413313E+03    2.856658297745405E+03    4.450243643031567E-03    1.172951094481913E+00    3.243210832676086E+33    5.368207886016609E+14    1.139161000000000E-01    0.000000000000000E+00    5.253223000000000E-01    4.252153000000000E-02    1.976369000000000E-03    1.143286000000000E-01    1.025341000000000E-02    1.001642000000000E-04    2.560834000000000E-03    6.049838000000000E-02    5.868574000000000E-02    1.578155000000000E-02    2.136921000000000E-02    0.000000000000000E+00    0.000000000000000E+00    0.000000000000000E+00    0.000000000000000E+00    0.000000000000000E+00    1.722253000000000E-02    0.000000000000000E+00    1.522341000000000E-02    6.577563569684333E+39    1.978280166836000E+11    4.620110959307002E+08
                      388    1.504221727451747E+30    3.243963445812144E+33    5.374548386796451E+14    4.106985668056966E+07    3.285675418453455E-13    1.679506756093112E-01    3.411036598413313E+03    2.856658297745405E+03    4.447243643031567E-03    1.171098158590013E+00    3.244732960432105E+33    5.380981404021401E+14    1.139161000000000E-01    0.000000000000000E+00    5.253223000000000E-01    4.252153000000000E-02    1.976369000000000E-03    1.143286000000000E-01    1.025341000000000E-02    1.001642000000000E-04    2.560834000000000E-03    6.049838000000000E-02    5.868574000000000E-02    1.578155000000000E-02    2.136921000000000E-02    0.000000000000000E+00    0.000000000000000E+00    0.000000000000000E+00    0.000000000000000E+00    0.000000000000000E+00    1.722253000000000E-02    0.000000000000000E+00    1.522341000000000E-02    6.627420250254000E+39    1.978280166836000E+11    4.620254278737335E+08
                      389    1.539781853056350E+30    3.245502475052065E+33    5.387414421246352E+14    4.116992834028483E+07    3.285777517305219E-13    1.679506756093112E-01    3.411036598413313E+03    2.856658297745405E+03    4.444257974974600E-03    1.169219388257273E+00    3.246278949106573E+33    5.393862216621521E+14    1.139161000000000E-01    0.000000000000000E+00    5.253223000000000E-01    4.252153000000000E-02    1.976369000000000E-03    1.143286000000000E-01    1.025341000000000E-02    1.001642000000000E-04    2.560834000000000E-03    6.049838000000000E-02    5.868574000000000E-02    1.578155000000000E-02    2.136921000000000E-02    0.000000000000000E+00    0.000000000000000E+00    0.000000000000000E+00    0.000000000000000E+00    0.000000000000000E+00    1.722253000000000E-02    0.000000000000000E+00    1.522341000000000E-02    6.667563569684334E+39    1.978280166836000E+11    4.630110959307002E+08
                      390    1.553455153532205E+30    3.247055423161080E+33    5.400310011996689E+14    4.127000000000000E+07    3.293249682539689E-13    1.679305238921659E-01    3.411036598413313E+03    2.856566248367471E+03    4.443257974974600E-03    1.167332445763524E+00    3.247833885625458E+33    5.406743977211066E+14    1.139161000000000E-01    0.000000000000000E+00    5.253223000000000E-01    4.252153000000000E-02    1.976369000000000E-03    1.143286000000000E-01    1.025341000000000E-02    1.001642000000000E-04    2.560834000000000E-03    6.049838000000000E-02    5.868574000000000E-02    1.578155000000000E-02    2.136921000000000E-02    0.000000000000000E+00    0.000000000000000E+00    0.000000000000000E+00    0.000000000000000E+00    0.000000000000000E+00    1.722253000000000E-02    0.000000000000000E+00    1.522341000000000E-02    6.717420250254000E+39    1.978423486266334E+11    4.630110959307002E+08
                      391    1.556047443480634E+30    3.248612348089837E+33    5.413177942425442E+14    4.137000000000000E+07    3.293249682539689E-13    1.679305238921659E-01    3.411036598413313E+03    2.856566248367471E+03    4.443257974974600E-03    1.165449551106620E+00    3.249393793169021E+33    5.419629103545030E+14    1.139161000000000E-01    0.000000000000000E+00    5.253223000000000E-01    4.252153000000000E-02    1.976369000000000E-03    1.143286000000000E-01    1.025341000000000E-02    1.001642000000000E-04    2.560834000000000E-03    6.049838000000000E-02    5.868574000000000E-02    1.578155000000000E-02    2.136921000000000E-02    0.000000000000000E+00    0.000000000000000E+00    0.000000000000000E+00    0.000000000000000E+00    0.000000000000000E+00    1.722253000000000E-02    0.000000000000000E+00    1.522341000000000E-02    6.767276930823667E+39    1.978280166836000E+11    4.620254278737335E+08
                      392    1.564320222747674E+30    3.250175238248205E+33    5.426080264664618E+14    4.147000000000000E+07    3.293249682539689E-13    1.679305238921659E-01    3.411036598413313E+03    2.856566248367471E+03    4.442257974974600E-03    1.163562048833779E+00    3.250950718097777E+33    5.432468538729632E+14    1.139161000000000E-01    0.000000000000000E+00    5.253223000000000E-01    4.252153000000000E-02    1.976369000000000E-03    1.143286000000000E-01    1.025341000000000E-02    1.001642000000000E-04    2.560834000000000E-03    6.049838000000000E-02    5.868574000000000E-02    1.578155000000000E-02    2.136921000000000E-02    0.000000000000000E+00    0.000000000000000E+00    0.000000000000000E+00    0.000000000000000E+00    0.000000000000000E+00    1.722253000000000E-02    0.000000000000000E+00    1.522341000000000E-02    6.807420250253999E+39    1.978280166836000E+11    4.620254278737335E+08
                      393    1.550807188107397E+30    3.251726197947350E+33    5.438856812794647E+14    4.157000000000000E+07    3.285675418453455E-13    1.679305238921659E-01    3.411036598413313E+03    2.856566248367471E+03    4.444257974974600E-03    1.161696405669352E+00    3.252493724157439E+33    5.445147810262503E+14    1.139161000000000E-01    0.000000000000000E+00    5.253223000000000E-01    4.252153000000000E-02    1.976369000000000E-03    1.143286000000000E-01    1.025341000000000E-02    1.001642000000000E-04    2.560834000000000E-03    6.049838000000000E-02    5.868574000000000E-02    1.578155000000000E-02    2.136921000000000E-02    0.000000000000000E+00    0.000000000000000E+00    0.000000000000000E+00    0.000000000000000E+00    0.000000000000000E+00    1.722253000000000E-02    0.000000000000000E+00    1.522341000000000E-02    6.857420250254000E+39    1.978280166836000E+11    4.610254278737335E+08
                      394    1.534390279691952E+30    3.253261250367529E+33    5.451438807730359E+14    4.167500000000000E+07    3.278118574691204E-13    1.664108945600282E-01    3.411036598413313E+03    2.850088165979817E+03    4.446257974974601E-03    1.159862572440860E+00    3.254107318767511E+33    5.458194181998014E+14    1.139161000000000E-01    0.000000000000000E+00    5.253223000000000E-01    4.252153000000000E-02    1.976369000000000E-03    1.143286000000000E-01    1.025341000000000E-02    1.001642000000000E-04    2.560834000000000E-03    6.049838000000000E-02    5.868574000000000E-02    1.578155000000000E-02    2.136921000000000E-02    0.000000000000000E+00    0.000000000000000E+00    0.000000000000000E+00    0.000000000000000E+00    0.000000000000000E+00    1.722253000000000E-02    0.000000000000000E+00    1.522341000000000E-02    6.897420250254001E+39    1.978280166836000E+11    4.600254278737335E+08
                      395    1.692947275827337E+30    3.254953387167493E+33    5.464949556265669E+14    4.179000000000000E+07    3.308450632408681E-13    1.664108945600282E-01    3.411036598413313E+03    2.850088165979817E+03    4.434257974974600E-03    1.157880515789455E+00    3.255896887651139E+33    5.472408647818683E+14    1.139161000000000E-01    0.000000000000000E+00    5.253223000000000E-01    4.252153000000000E-02    1.976369000000000E-03    1.143286000000000E-01    1.025341000000000E-02    1.001642000000000E-04    2.560834000000000E-03    6.049838000000000E-02    5.868574000000000E-02    1.578155000000000E-02    2.136921000000000E-02    0.000000000000000E+00    0.000000000000000E+00    0.000000000000000E+00    0.000000000000000E+00    0.000000000000000E+00    1.722253000000000E-02    0.000000000000000E+00    1.522341000000000E-02    6.947420250253999E+39    1.988280166836000E+11    4.640110959307001E+08
                      396    1.885599138333608E+30    3.256840388134785E+33    5.479867739371696E+14    4.191500000000000E+07    3.354475765346881E-13    1.664108945600282E-01    3.411036598413313E+03    2.850088165979817E+03    4.415272306917633E-03    1.155671041073017E+00    3.257865413423130E+33    5.487959614057992E+14    1.139161000000000E-01    0.000000000000000E+00    5.253223000000000E-01    4.252153000000000E-02    1.976369000000000E-03    1.143286000000000E-01    1.025341000000000E-02    1.001642000000000E-04    2.560834000000000E-03    6.049838000000000E-02    5.868574000000000E-02    1.578155000000000E-02    2.136921000000000E-02    0.000000000000000E+00    0.000000000000000E+00    0.000000000000000E+00    0.000000000000000E+00    0.000000000000000E+00    1.722253000000000E-02    0.000000000000000E+00    1.522341000000000E-02    7.007276930823666E+39    2.018280166836000E+11    4.689967639876668E+08
                      397    2.050617273502839E+30    3.258890438711475E+33    5.496051488744288E+14    4.205000000000000E+07    3.393318764037652E-13    1.664108945600282E-01    3.411036598413313E+03    2.850088165979817E+03    4.399257974974600E-03    1.153255166854998E+00    3.260015878698290E+33    5.504732742320271E+14    1.139161000000000E-01    0.000000000000000E+00    5.253223000000000E-01    4.252153000000000E-02    1.976369000000000E-03    1.143286000000000E-01    1.025341000000000E-02    1.001642000000000E-04    2.560834000000000E-03    6.049838000000000E-02    5.868574000000000E-02    1.578155000000000E-02    2.136921000000000E-02    0.000000000000000E+00    0.000000000000000E+00    0.000000000000000E+00    0.000000000000000E+00    0.000000000000000E+00    1.722253000000000E-02    0.000000000000000E+00    1.522341000000000E-02    7.067276930823668E+39    2.038280166836000E+11    4.739824320446335E+08
                      398    2.251603754823127E+30    3.261141318685105E+33    5.513413995896253E+14    4.219000000000000E+07    3.424716755983172E-13    1.664108945600282E-01    3.411036598413313E+03    2.850088165979817E+03    4.386257974974600E-03    1.150647077618897E+00    3.262350271886490E+33    5.522514890723605E+14    1.139161000000000E-01    0.000000000000000E+00    5.253223000000000E-01    4.252153000000000E-02    1.976369000000000E-03    1.143286000000000E-01    1.025341000000000E-02    1.001642000000000E-04    2.560834000000000E-03    6.049838000000000E-02    5.868574000000000E-02    1.578155000000000E-02    2.136921000000000E-02    0.000000000000000E+00    0.000000000000000E+00    0.000000000000000E+00    0.000000000000000E+00    0.000000000000000E+00    1.722253000000000E-02    0.000000000000000E+00    1.522341000000000E-02    7.137276930823668E+39    2.058280166836000E+11    4.779824320446334E+08
                      399    2.416953954440765E+30    3.263559225087874E+33    5.531615785550956E+14    4.232992834028484E+07    3.440631440914100E-13    1.664108945600282E-01    3.411036598413313E+03    2.850088165979817E+03    4.377243643031567E-03    1.147905852616512E+00    3.264768178289258E+33    5.540668727834668E+14    1.139161000000000E-01    0.000000000000000E+00    5.253223000000000E-01    4.252153000000000E-02    1.976369000000000E-03    1.143286000000000E-01    1.025341000000000E-02    1.001642000000000E-04    2.560834000000000E-03    6.049838000000000E-02    5.868574000000000E-02    1.578155000000000E-02    2.136921000000000E-02    0.000000000000000E+00    0.000000000000000E+00    0.000000000000000E+00    0.000000000000000E+00    0.000000000000000E+00    1.722253000000000E-02    0.000000000000000E+00    1.522341000000000E-02    7.207276930823668E+39    2.078136847405667E+11    4.799824320446335E+08
                      400    2.418661998519695E+30    3.265977131490643E+33    5.549721670118379E+14    4.246492834028483E+07    3.440631440914100E-13    1.664108945600282E-01    3.411036598413313E+03    2.850088165979817E+03    4.378243643031567E-03    1.145178447408888E+00    3.267189067306833E+33    5.558786927126539E+14    1.139161000000000E-01    0.000000000000000E+00    5.253223000000000E-01    4.252153000000000E-02    1.976369000000000E-03    1.143286000000000E-01    1.025341000000000E-02    1.001642000000000E-04    2.560834000000000E-03    6.049838000000000E-02    5.868574000000000E-02    1.578155000000000E-02    2.136921000000000E-02    0.000000000000000E+00    0.000000000000000E+00    0.000000000000000E+00    0.000000000000000E+00    0.000000000000000E+00    1.722253000000000E-02    0.000000000000000E+00    1.522341000000000E-02    7.277276930823667E+39    2.068280166836000E+11    4.789824320446335E+08
                      401    2.423825898953897E+30    3.268401003123024E+33    5.567852184134698E+14    4.259992834028485E+07    3.448562915523716E-13    1.663909275949362E-01    3.411036598413313E+03    2.849996328309578E+03    4.373243643031567E-03    1.142444162243566E+00    3.269623875193503E+33    5.576937391098298E+14    1.139161000000000E-01    0.000000000000000E+00    5.253223000000000E-01    4.252153000000000E-02    1.976369000000000E-03    1.143286000000000E-01    1.025341000000000E-02    1.001642000000000E-04    2.560834000000000E-03    6.049838000000000E-02    5.868574000000000E-02    1.578155000000000E-02    2.136921000000000E-02    0.000000000000000E+00    0.000000000000000E+00    0.000000000000000E+00    0.000000000000000E+00    0.000000000000000E+00    1.722253000000000E-02    0.000000000000000E+00    1.522341000000000E-02    7.347276930823667E+39    2.078280166836000E+11    4.799824320446335E+08
                      402    2.445760048237568E+30    3.270846747263982E+33    5.586022598061898E+14    4.273992834028483E+07    3.464480758703623E-13    1.663909275949362E-01    3.411036598413313E+03    2.849996328309578E+03    4.365243643031567E-03    1.139696246754154E+00    3.272117341171358E+33    5.595244627664388E+14    1.139161000000000E-01    0.000000000000000E+00    5.253223000000000E-01    4.252153000000000E-02    1.976369000000000E-03    1.143286000000000E-01    1.025341000000000E-02    1.001642000000000E-04    2.560834000000000E-03    6.049838000000000E-02    5.868574000000000E-02    1.578155000000000E-02    2.136921000000000E-02    0.000000000000000E+00    0.000000000000000E+00    0.000000000000000E+00    0.000000000000000E+00    0.000000000000000E+00    1.722253000000000E-02    0.000000000000000E+00    1.522341000000000E-02    7.427133611393334E+39    2.088280166836000E+11    4.819681001016002E+08
                      403    2.540603222250123E+30    3.273387935078734E+33    5.604466657266876E+14    4.287999999999999E+07    3.504597555183330E-13    1.648852303082582E-01    3.411036598413313E+03    2.843533145097968E+03    4.351243643031567E-03    1.136883699673536E+00    3.274637650682468E+33    5.613440819550612E+14    1.139161000000000E-01    0.000000000000000E+00    5.253223000000000E-01    4.252153000000000E-02    1.976369000000000E-03    1.143286000000000E-01    1.025341000000000E-02    1.001642000000000E-04    2.560834000000000E-03    6.049838000000000E-02    5.868574000000000E-02    1.578155000000000E-02    2.136921000000000E-02    0.000000000000000E+00    0.000000000000000E+00    0.000000000000000E+00    0.000000000000000E+00    0.000000000000000E+00    1.722253000000000E-02    0.000000000000000E+00    1.522341000000000E-02    7.497133611393335E+39    2.108280166836000E+11    4.859681001016001E+08
                      404    2.498971884787318E+30    3.275887366286202E+33    5.622414981834347E+14    4.301500000000000E+07    3.504597555183330E-13    1.648852303082582E-01    3.411036598413313E+03    2.843533145097968E+03    4.349257974974600E-03    1.134147997467124E+00    3.276984968534827E+33    5.630362956852399E+14    1.139161000000000E-01    0.000000000000000E+00    5.253223000000000E-01    4.252153000000000E-02    1.976369000000000E-03    1.143286000000000E-01    1.025341000000000E-02    1.001642000000000E-04    2.560834000000000E-03    6.049838000000000E-02    5.868574000000000E-02    1.578155000000000E-02    2.136921000000000E-02    0.000000000000000E+00    0.000000000000000E+00    0.000000000000000E+00    0.000000000000000E+00    0.000000000000000E+00    1.722253000000000E-02    0.000000000000000E+00    1.522341000000000E-02    7.576990291963001E+39    2.108280166836000E+11    4.859537681585668E+08
                      405    2.194814768915991E+30    3.278082570783452E+33    5.638310931870449E+14    4.313500000000000E+07    3.456405269971193E-13    1.648852303082582E-01    3.411036598413313E+03    2.843533145097968E+03    4.369272306917632E-03    1.131747445590264E+00    3.279053909005289E+33    5.645301828442719E+14    1.139161000000000E-01    0.000000000000000E+00    5.253223000000000E-01    4.252153000000000E-02    1.976369000000000E-03    1.143286000000000E-01    1.025341000000000E-02    1.001642000000000E-04    2.560834000000000E-03    6.049838000000000E-02    5.868574000000000E-02    1.578155000000000E-02    2.136921000000000E-02    0.000000000000000E+00    0.000000000000000E+00    0.000000000000000E+00    0.000000000000000E+00    0.000000000000000E+00    1.722253000000000E-02    0.000000000000000E+00    1.522341000000000E-02    7.637133611393333E+39    2.078280166836000E+11    4.779824320446334E+08
                      406    1.943393464271369E+30    3.280025247227124E+33    5.652292725014986E+14    4.324000000000000E+07    3.393318764037652E-13    1.648654464014025E-01    3.403191431938029E+03    2.843441518648509E+03    4.386286638860667E-03    1.129666430220393E+00    3.280872309832042E+33    5.658456222679104E+14    1.139161000000000E-01    0.000000000000000E+00    5.253223000000000E-01    4.252153000000000E-02    1.976369000000000E-03    1.143286000000000E-01    1.025341000000000E-02    1.001642000000000E-04    2.560834000000000E-03    6.049838000000000E-02    5.868574000000000E-02    1.578155000000000E-02    2.136921000000000E-02    0.000000000000000E+00    0.000000000000000E+00    0.000000000000000E+00    0.000000000000000E+00    0.000000000000000E+00    1.722253000000000E-02    0.000000000000000E+00    1.522341000000000E-02    7.696990291963000E+39    2.048136847405667E+11    4.659967639876668E+08
                      407    1.694842031593126E+30    3.281719372436959E+33    5.664619720343222E+14    4.333000000000000E+07    3.339063349200697E-13    1.648654464014025E-01    3.403191431938029E+03    2.843441518648509E+03    4.410272306917633E-03    1.127851172658302E+00    3.282361628825195E+33    5.669539401216741E+14    1.139161000000000E-01    0.000000000000000E+00    5.253223000000000E-01    4.252153000000000E-02    1.976369000000000E-03    1.143286000000000E-01    1.025341000000000E-02    1.001642000000000E-04    2.560834000000000E-03    6.049838000000000E-02    5.868574000000000E-02    1.578155000000000E-02    2.136921000000000E-02    0.000000000000000E+00    0.000000000000000E+00    0.000000000000000E+00    0.000000000000000E+00    0.000000000000000E+00    1.722253000000000E-02    0.000000000000000E+00    1.522341000000000E-02    7.746990291963000E+39    2.008280166836000E+11    4.600110959307002E+08
                      408    1.283175769673883E+30    3.283003885213430E+33    5.674459082090259E+14    4.341000000000000E+07    3.263056987968292E-13    1.648654464014025E-01    3.395474468066393E+03    2.843441518648509E+03    4.442257974974600E-03    1.126424952810361E+00    3.283655089446084E+33    5.679372920500621E+14    1.139161000000000E-01    0.000000000000000E+00    5.253223000000000E-01    4.252153000000000E-02    1.976369000000000E-03    1.143286000000000E-01    1.025341000000000E-02    1.001642000000000E-04    2.560834000000000E-03    6.049838000000000E-02    5.868574000000000E-02    1.578155000000000E-02    2.136921000000000E-02    0.000000000000000E+00    0.000000000000000E+00    0.000000000000000E+00    0.000000000000000E+00    0.000000000000000E+00    1.722253000000000E-02    0.000000000000000E+00    1.522341000000000E-02    7.786990291963001E+39    1.968280166836000E+11    4.500397598167668E+08
                      409    1.304022457599269E+30    3.284306293678738E+33    5.684286758910985E+14    4.350492834028484E+07    3.270579111187309E-13    1.648654464014025E-01    3.395474468066393E+03    2.843441518648509E+03    4.439272306917633E-03    1.124998102808949E+00    3.285212014374840E+33    5.690699636031998E+14    1.139161000000000E-01    0.000000000000000E+00    5.253223000000000E-01    4.252153000000000E-02    1.976369000000000E-03    1.143286000000000E-01    1.025341000000000E-02    1.001642000000000E-04    2.560834000000000E-03    6.049838000000000E-02    5.868574000000000E-02    1.578155000000000E-02    2.136921000000000E-02    0.000000000000000E+00    0.000000000000000E+00    0.000000000000000E+00    0.000000000000000E+00    0.000000000000000E+00    1.722253000000000E-02    0.000000000000000E+00    1.522341000000000E-02    7.816990291963000E+39    1.968280166836000E+11    4.510254278737335E+08
                      410    1.809863191291551E+30    3.286117735070943E+33    5.697112513153009E+14    4.361985668056966E+07    3.377727880523669E-13    1.633735534304230E-01    3.403191431938029E+03    2.836993200345787E+03    4.393272306917633E-03    1.123094893342030E+00    3.287170598097478E+33    5.704599169799670E+14    1.139161000000000E-01    0.000000000000000E+00    5.253223000000000E-01    4.252153000000000E-02    1.976369000000000E-03    1.143286000000000E-01    1.025341000000000E-02    1.001642000000000E-04    2.560834000000000E-03    6.049838000000000E-02    5.868574000000000E-02    1.578155000000000E-02    2.136921000000000E-02    0.000000000000000E+00    0.000000000000000E+00    0.000000000000000E+00    0.000000000000000E+00    0.000000000000000E+00    1.722253000000000E-02    0.000000000000000E+00    1.522341000000000E-02    7.876846972532667E+39    2.038136847405667E+11    4.649967639876668E+08
                      411    2.106276842603419E+30    3.288223461124012E+33    5.712085826446330E+14    4.374485668056966E+07    3.480363926720265E-13    1.633735534304230E-01    3.403301845102715E+03    2.836993200345787E+03    4.353286638860666E-03    1.120826332108556E+00    3.289305156093672E+33    5.719716131099434E+14    1.139161000000000E-01    0.000000000000000E+00    5.253223000000000E-01    4.252153000000000E-02    1.976369000000000E-03    1.143286000000000E-01    1.025341000000000E-02    1.001642000000000E-04    2.560834000000000E-03    6.049838000000000E-02    5.868574000000000E-02    1.578155000000000E-02    2.136921000000000E-02    0.000000000000000E+00    0.000000000000000E+00    0.000000000000000E+00    0.000000000000000E+00    0.000000000000000E+00    1.722253000000000E-02    0.000000000000000E+00    1.522341000000000E-02    7.936990291963001E+39    2.098136847405667E+11    4.779681001016001E+08
                      412    2.163368066810901E+30    3.290386851063331E+33    5.727346435752535E+14    4.386992834028484E+07    3.520664641617522E-13    1.633735534304230E-01    3.403301845102715E+03    2.836993200345787E+03    4.337286638860666E-03    1.118496067159757E+00    3.291528198329112E+33    5.735012974028548E+14    1.139161000000000E-01    0.000000000000000E+00    5.253223000000000E-01    4.252153000000000E-02    1.976369000000000E-03    1.143286000000000E-01    1.025341000000000E-02    1.001642000000000E-04    2.560834000000000E-03    6.049838000000000E-02    5.868574000000000E-02    1.578155000000000E-02    2.136921000000000E-02    0.000000000000000E+00    0.000000000000000E+00    0.000000000000000E+00    0.000000000000000E+00    0.000000000000000E+00    1.722253000000000E-02    0.000000000000000E+00    1.522341000000000E-02    7.996990291963000E+39    2.118136847405667E+11    4.829537681585668E+08
                      413    2.283388486606235E+30    3.292669545594893E+33    5.742679512304558E+14    4.398992834028483E+07    3.545068723051472E-13    1.633735534304230E-01    3.403301845102715E+03    2.836993200345787E+03    4.328286638860666E-03    1.116143398972137E+00    3.293743286925070E+33    5.749809093721582E+14    1.139161000000000E-01    0.000000000000000E+00    5.253223000000000E-01    4.252153000000000E-02    1.976369000000000E-03    1.143286000000000E-01    1.025341000000000E-02    1.001642000000000E-04    2.560834000000000E-03    6.049838000000000E-02    5.868574000000000E-02    1.578155000000000E-02    2.136921000000000E-02    0.000000000000000E+00    0.000000000000000E+00    0.000000000000000E+00    0.000000000000000E+00    0.000000000000000E+00    1.722253000000000E-02    0.000000000000000E+00    1.522341000000000E-02    8.066846972532667E+39    2.138136847405667E+11    4.849537681585668E+08
                      414    2.147967832362345E+30    3.294817028255247E+33    5.756938675138605E+14    4.409992834028483E+07    3.512567337639613E-13    1.633735534304230E-01    3.403191431938029E+03    2.836993200345787E+03    4.339286638860666E-03    1.113970058568432E+00    3.295714795311867E+33    5.763128643975885E+14    1.139161000000000E-01    0.000000000000000E+00    5.253223000000000E-01    4.252153000000000E-02    1.976369000000000E-03    1.143286000000000E-01    1.025341000000000E-02    1.001642000000000E-04    2.560834000000000E-03    6.049838000000000E-02    5.868574000000000E-02    1.578155000000000E-02    2.136921000000000E-02    0.000000000000000E+00    0.000000000000000E+00    0.000000000000000E+00    0.000000000000000E+00    0.000000000000000E+00    1.722253000000000E-02    0.000000000000000E+00    1.522341000000000E-02    8.126846972532667E+39    2.118136847405667E+11    4.809537681585668E+08
                      415    1.794556014424943E+30    3.296612562368488E+33    5.769318612813161E+14    4.419500000000000E+07    3.448455758446873E-13    1.633735534304230E-01    3.403191431938029E+03    2.836993200345787E+03    4.363286638860667E-03    1.112107338522356E+00    3.297430793030280E+33    5.775069279413194E+14    1.139161000000000E-01    0.000000000000000E+00    5.253223000000000E-01    4.252153000000000E-02    1.976369000000000E-03    1.143286000000000E-01    1.025341000000000E-02    1.001642000000000E-04    2.560834000000000E-03    6.049838000000000E-02    5.868573000000000E-02    1.578155000000000E-02    2.136921000000000E-02    0.000000000000000E+00    0.000000000000000E+00    0.000000000000000E+00    0.000000000000000E+00    0.000000000000000E+00    1.722253000000000E-02    0.000000000000000E+00    1.522341000000000E-02    8.176990291963000E+39    2.078136847405667E+11    4.729681001016002E+08
                      416    1.637267424946076E+30    3.298249023692072E+33    5.780819946013226E+14    4.429000000000000E+07    3.416840126018576E-13    1.633735534304230E-01    3.403191431938029E+03    2.836993200345787E+03    4.375286638860667E-03    1.110387965600966E+00    3.299101057321666E+33    5.786727467446646E+14    1.139161000000000E-01    0.000000000000000E+00    5.253223000000000E-01    4.252153000000000E-02    1.976369000000000E-03    1.143286000000000E-01    1.025341000000000E-02    1.001642000000000E-04    2.560834000000000E-03    6.049837000000000E-02    5.868573000000000E-02    1.578155000000000E-02    2.136921000000000E-02    0.000000000000000E+00    0.000000000000000E+00    0.000000000000000E+00    0.000000000000000E+00    0.000000000000000E+00    1.722252000000000E-02    0.000000000000000E+00    1.522340000000000E-02    8.226846972532667E+39    2.058280166836000E+11    4.679967639876668E+08
                      417    1.702758686652323E+30    3.299953090951260E+33    5.792634988880066E+14    4.439000000000000E+07    3.432505124042366E-13    1.633539509035155E-01    3.403191431938029E+03    2.836901784631314E+03    4.370286638860666E-03    1.108615626733405E+00    3.300815066630208E+33    5.798591329338280E+14    1.139172000000000E-01    0.000000000000000E+00    5.253230000000000E-01    4.252146000000000E-02    1.976379000000000E-03    1.143280000000000E-01    1.025340000000000E-02    1.001647000000000E-04    2.560836000000000E-03    6.049800000000000E-02    5.868537000000000E-02    1.578145000000000E-02    2.136907000000000E-02    0.000000000000000E+00    0.000000000000000E+00    0.000000000000000E+00    0.000000000000000E+00    0.000000000000000E+00    1.722242000000000E-02    0.000000000000000E+00    1.522336000000000E-02    8.276846972532667E+39    2.068136847405667E+11    4.689967639876668E+08
                      418    1.725033052864870E+30    3.301677042309156E+33    5.804547669796492E+14    4.448992834028483E+07    3.432611543455081E-13    1.633539509035155E-01    3.403191431938029E+03    2.836901784631314E+03    4.368286638860666E-03    1.106829402254821E+00    3.302542000602909E+33    5.810484106902924E+14    1.139238000000000E-01    0.000000000000000E+00    5.253273000000001E-01    4.252098000000000E-02    1.976438000000000E-03    1.143244000000000E-01    1.025333000000000E-02    1.001677000000000E-04    2.560851000000000E-03    6.049573000000000E-02    5.868317000000000E-02    1.578086000000000E-02    2.136827000000000E-02    0.000000000000000E+00    0.000000000000000E+00    0.000000000000000E+00    0.000000000000000E+00    0.000000000000000E+00    1.722176000000000E-02    0.000000000000000E+00    1.522306000000000E-02    8.326846972532668E+39    2.068136847405667E+11    4.699824320446335E+08
                      419    1.729236352490538E+30    3.303406958896663E+33    5.816420544009354E+14    4.458492834028483E+07    3.432611543455081E-13    1.633539509035155E-01    3.403191431938029E+03    2.836901784631314E+03    4.368272306917633E-03    1.105049151983170E+00    3.304269928780546E+33    5.822344967507398E+14    1.139937000000000E-01    0.000000000000000E+00    5.253725000000000E-01    4.251600000000000E-02    1.977059000000000E-03    1.142863000000000E-01    1.025265000000000E-02    1.001992000000000E-04    2.561008000000000E-03    6.047178000000000E-02    5.865991000000000E-02    1.577460000000000E-02    2.135978000000000E-02    0.000000000000000E+00    0.000000000000000E+00    0.000000000000000E+00    0.000000000000000E+00    0.000000000000000E+00    1.721476000000000E-02    0.000000000000000E+00    1.521990000000000E-02    8.386703653102335E+39    2.068280166836000E+11    4.689824320446335E+08
                      420    1.725247999971892E+30    3.305132898664429E+33    5.828269391005441E+14    4.468000000000000E+07    3.432611543455081E-13    1.618757356895086E-01    3.395474468066393E+03    2.830468297049142E+03    4.367286638860666E-03    1.103272905544416E+00    3.306003822187795E+33    5.834247541187296E+14    1.155616000000000E-01    0.000000000000000E+00    5.263866000000000E-01    4.240405000000000E-02    1.991006000000000E-03    1.134314000000000E-01    1.023728000000000E-02    1.009060000000000E-04    2.564534000000000E-03    5.993412000000000E-02    5.813778000000000E-02    1.563405000000000E-02    2.116928000000000E-02    0.000000000000000E+00    0.000000000000000E+00    0.000000000000000E+00    0.000000000000000E+00    0.000000000000000E+00    1.705784000000000E-02    0.000000000000000E+00    1.514912000000000E-02    8.436703653102334E+39    2.068280166836000E+11    4.659967639876668E+08
                      421    1.741770095269496E+30    3.306874745711160E+33    5.840225691369151E+14    4.477992834028483E+07    3.432611543455081E-13    1.618757356895086E-01    3.395474468066393E+03    2.830468297049142E+03    4.366272306917633E-03    1.101480966458069E+00    3.307763564923362E+33    5.846284146038792E+14    1.171637000000000E-01    0.000000000000000E+00    5.274228000000000E-01    4.228966000000000E-02    2.005258000000000E-03    1.125578000000000E-01    1.022158000000000E-02    1.016283000000000E-04    2.568137000000000E-03    5.938473000000000E-02    5.760425000000000E-02    1.549044000000000E-02    2.097461000000000E-02    0.000000000000000E+00    0.000000000000000E+00    0.000000000000000E+00    0.000000000000000E+00    0.000000000000000E+00    1.689749000000000E-02    0.000000000000000E+00    1.507679000000000E-02    8.486703653102334E+39    2.068280166836000E+11    4.629967639876668E+08
                      422    1.777926544994321E+30    3.308652384135564E+33    5.852342600708434E+14    4.487492834028484E+07    3.440524530291694E-13    1.618757356895086E-01    3.395474468066393E+03    2.830468297049142E+03    4.365272306917634E-03    1.099661186619123E+00    3.309556116421796E+33    5.858469655138280E+14    1.172487000000000E-01    0.000000000000000E+00    5.274778000000000E-01    4.228359000000000E-02    2.006015000000000E-03    1.125114000000000E-01    1.022075000000000E-02    1.016667000000000E-04    2.568328000000000E-03    5.935558000000000E-02    5.757594000000000E-02    1.548282000000000E-02    2.096428000000000E-02    0.000000000000000E+00    0.000000000000000E+00    0.000000000000000E+00    0.000000000000000E+00    0.000000000000000E+00    1.688898000000000E-02    0.000000000000000E+00    1.507295000000000E-02    8.536703653102334E+39    2.068280166836000E+11    4.629967639876668E+08
                      423    1.807743944051361E+30    3.310459848708029E+33    5.864596709568126E+14    4.497000000000000E+07    3.440524530291694E-13    1.618757356895086E-01    3.395474468066393E+03    2.830468297049142E+03    4.364272306917633E-03    1.097821222873997E+00    3.311381476683097E+33    5.870823209342980E+14    1.172554000000000E-01    0.000000000000000E+00    5.274821000000001E-01    4.228311000000000E-02    2.006074000000000E-03    1.125078000000000E-01    1.022068000000000E-02    1.016697000000000E-04    2.568343000000000E-03    5.935329000000000E-02    5.757372000000000E-02    1.548222000000000E-02    2.096347000000000E-02    0.000000000000000E+00    0.000000000000000E+00    0.000000000000000E+00    0.000000000000000E+00    0.000000000000000E+00    1.688831000000000E-02    0.000000000000000E+00    1.507265000000000E-02    8.596703653102335E+39    2.068280166836000E+11    4.629967639876668E+08
                      424    1.844459733472813E+30    3.312303104658166E+33    5.877049709117836E+14    4.507492834028483E+07    3.440524530291694E-13    1.618757356895086E-01    3.395474468066393E+03    2.830468297049142E+03    4.363272306917633E-03    1.095951824132351E+00    3.313246605141812E+33    5.883365383653940E+14    1.172565000000000E-01    0.000000000000000E+00    5.274829000000000E-01    4.228303000000000E-02    2.006084000000000E-03    1.125072000000000E-01    1.022067000000000E-02    1.016702000000000E-04    2.568345000000000E-03    5.935289000000000E-02    5.757333000000000E-02    1.548212000000000E-02    2.096333000000000E-02    0.000000000000000E+00    0.000000000000000E+00    0.000000000000000E+00    0.000000000000000E+00    0.000000000000000E+00    1.688820000000000E-02    0.000000000000000E+00    1.507260000000000E-02    8.646703653102333E+39    2.068280166836000E+11    4.629967639876668E+08
                      425    1.886220715259188E+30    3.314190105625459E+33    5.889681058190046E+14    4.517992834028483E+07    3.440524530291694E-13    1.618757356895086E-01    3.395474468066393E+03    2.830468297049142E+03    4.362272306917634E-03    1.094056086941191E+00    3.315141559748587E+33    5.896021219073621E+14    1.172566000000000E-01    0.000000000000000E+00    5.274829000000000E-01    4.228303000000000E-02    2.006084000000000E-03    1.125071000000000E-01    1.022067000000000E-02    1.016702000000000E-04    2.568345000000000E-03    5.935288000000000E-02    5.757332000000000E-02    1.548212000000000E-02    2.096333000000000E-02    0.000000000000000E+00    0.000000000000000E+00    0.000000000000000E+00    0.000000000000000E+00    0.000000000000000E+00    1.688820000000000E-02    0.000000000000000E+00    1.507260000000000E-02    8.706560333672000E+39    2.068280166836000E+11    4.620110959307002E+08
                      426    1.903717131393434E+30    3.316093013871716E+33    5.902361379957194E+14    4.528000000000000E+07    3.440524530291694E-13    1.618757356895086E-01    3.395474468066393E+03    2.830468297049142E+03    4.363272306917633E-03    1.092152564233912E+00    3.317048444814586E+33    5.908711144882276E+14    1.172566000000000E-01    0.000000000000000E+00    5.274829000000000E-01    4.228303000000000E-02    2.006085000000000E-03    1.125071000000000E-01    1.022067000000000E-02    1.016702000000000E-04    2.568345000000000E-03    5.935288000000000E-02    5.757332000000000E-02    1.548212000000000E-02    2.096333000000000E-02    0.000000000000000E+00    0.000000000000000E+00    0.000000000000000E+00    0.000000000000000E+00    0.000000000000000E+00    1.688819000000000E-02    0.000000000000000E+00    1.507260000000000E-02    8.756703653102333E+39    2.068280166836000E+11    4.619967639876668E+08
                      427    1.909459460259023E+30    3.318003875757457E+33    5.915060909807359E+14    4.538500000000000E+07    3.432611543455081E-13    1.618563128796481E-01    3.395474468066393E+03    2.830377091584978E+03    4.364300970803699E-03    1.090250095431216E+00    3.318963283520069E+33    5.921446185733956E+14    1.172566000000000E-01    0.000000000000000E+00    5.274829000000000E-01    4.228303000000000E-02    2.006085000000000E-03    1.125071000000000E-01    1.022067000000000E-02    1.016702000000000E-04    2.568345000000000E-03    5.935288000000000E-02    5.757332000000000E-02    1.548212000000000E-02    2.096333000000000E-02    0.000000000000000E+00    0.000000000000000E+00    0.000000000000000E+00    0.000000000000000E+00    0.000000000000000E+00    1.688819000000000E-02    0.000000000000000E+00    1.507260000000000E-02    8.816560333672001E+39    2.068136847405667E+11    4.609967639876668E+08
                      428    1.919599952917609E+30    3.319922691282681E+33    5.927831461660556E+14    4.549500000000000E+07    3.424716755983172E-13    1.618563128796481E-01    3.395474468066393E+03    2.830377091584978E+03    4.367286638860666E-03    1.088340081262650E+00    3.320873151200875E+33    5.934175124684696E+14    1.172566000000000E-01    0.000000000000000E+00    5.274829000000000E-01    4.228303000000000E-02    2.006085000000000E-03    1.125071000000000E-01    1.022067000000000E-02    1.016702000000000E-04    2.568345000000000E-03    5.935288000000000E-02    5.757332000000000E-02    1.548212000000000E-02    2.096333000000000E-02    0.000000000000000E+00    0.000000000000000E+00    0.000000000000000E+00    0.000000000000000E+00    0.000000000000000E+00    1.688819000000000E-02    0.000000000000000E+00    1.507260000000000E-02    8.876560333672000E+39    2.068136847405667E+11    4.590110959307001E+08
                      429    1.900156883519949E+30    3.321823611119068E+33    5.940518787708836E+14    4.560000000000000E+07    3.408981611800199E-13    1.618563128796481E-01    3.395474468066393E+03    2.830377091584978E+03    4.372300970803700E-03    1.086449064771450E+00    3.322760152168166E+33    5.946764301354679E+14    1.172566000000000E-01    0.000000000000000E+00    5.274829000000000E-01    4.228303000000000E-02    2.006085000000000E-03    1.125071000000000E-01    1.022067000000000E-02    1.016702000000000E-04    2.568345000000000E-03    5.935288000000000E-02    5.757332000000000E-02    1.548212000000000E-02    2.096333000000000E-02    0.000000000000000E+00    0.000000000000000E+00    0.000000000000000E+00    0.000000000000000E+00    0.000000000000000E+00    1.688819000000000E-02    0.000000000000000E+00    1.507260000000000E-02    8.926560333672000E+39    2.058136847405667E+11    4.570110959307001E+08
                      430    1.873999351670916E+30    3.323696693217265E+33    5.953009815000522E+14    4.570500000000000E+07    3.393213562797882E-13    1.618563128796481E-01    3.395364308844939E+03    2.830377091584978E+03    4.380286638860666E-03    1.084592534173377E+00    3.324728677940158E+33    5.959654451228388E+14    1.172566000000000E-01    0.000000000000000E+00    5.274829000000000E-01    4.228303000000000E-02    2.006085000000000E-03    1.125071000000000E-01    1.022067000000000E-02    1.016702000000000E-04    2.568345000000000E-03    5.935288000000000E-02    5.757332000000000E-02    1.548212000000000E-02    2.096333000000000E-02    0.000000000000000E+00    0.000000000000000E+00    0.000000000000000E+00    0.000000000000000E+00    0.000000000000000E+00    1.688819000000000E-02    0.000000000000000E+00    1.507260000000000E-02    8.986560333672000E+39    2.038280166836000E+11    4.540110959307002E+08
                      431    2.063156186147461E+30    3.325760662663050E+33    5.966299087456251E+14    4.582000000000000E+07    3.401141171662966E-13    1.603916500241835E-01    3.395364308844939E+03    2.823958400613643E+03    4.374286638860667E-03    1.082615456194201E+00    3.326908969363379E+33    5.973733119686479E+14    1.172566000000000E-01    0.000000000000000E+00    5.274829000000000E-01    4.228303000000000E-02    2.006085000000000E-03    1.125071000000000E-01    1.022067000000000E-02    1.016702000000000E-04    2.568345000000000E-03    5.935288000000000E-02    5.757332000000000E-02    1.548212000000000E-02    2.096333000000000E-02    0.000000000000000E+00    0.000000000000000E+00    0.000000000000000E+00    0.000000000000000E+00    0.000000000000000E+00    1.688819000000000E-02    0.000000000000000E+00    1.507260000000000E-02    9.046560333672001E+39    2.048280166836000E+11    4.560110959307001E+08
                      432    2.297094595844957E+30    3.328057276063707E+33    5.981167151916704E+14    4.594992834028484E+07    3.440524530291694E-13    1.603916500241835E-01    3.395364308844939E+03    2.823958400613643E+03    4.359272306917634E-03    1.080385563515047E+00    3.329307985872376E+33    5.989372947175672E+14    1.172566000000000E-01    0.000000000000000E+00    5.274829000000000E-01    4.228303000000000E-02    2.006085000000000E-03    1.125071000000000E-01    1.022067000000000E-02    1.016702000000000E-04    2.568345000000000E-03    5.935288000000000E-02    5.757332000000000E-02    1.548212000000000E-02    2.096333000000000E-02    0.000000000000000E+00    0.000000000000000E+00    0.000000000000000E+00    0.000000000000000E+00    0.000000000000000E+00    1.688819000000000E-02    0.000000000000000E+00    1.507260000000000E-02    9.116417014241667E+39    2.068280166836000E+11    4.599967639876668E+08
                      433    2.501282417057069E+30    3.330558695681045E+33    5.997578742434644E+14    4.608985668056966E+07    3.480363926720265E-13    1.603916500241835E-01    3.395474468066393E+03    2.823958400613643E+03    4.294272306917634E-03    1.077932799295392E+00    3.331936663721439E+33    6.006359602122475E+14    1.172566000000000E-01    0.000000000000000E+00    5.274829000000000E-01    4.228303000000000E-02    2.006085000000000E-03    1.125071000000000E-01    1.022067000000000E-02    1.016702000000000E-04    2.568345000000000E-03    5.935288000000000E-02    5.757332000000000E-02    1.548212000000000E-02    2.096333000000000E-02    0.000000000000000E+00    0.000000000000000E+00    0.000000000000000E+00    0.000000000000000E+00    0.000000000000000E+00    1.688819000000000E-02    0.000000000000000E+00    1.507260000000000E-02    9.186560333672001E+39    2.098136847405667E+11    4.649967639876668E+08
                      434    2.756711560637069E+30    3.333314631761832E+33    6.015140461810306E+14    4.622992834028484E+07    3.504488656944056E-13    1.603916500241835E-01    3.395474468066393E+03    2.823958400613643E+03    4.285272306917632E-03    1.075295489724728E+00    3.334798979730308E+33    6.024326984018574E+14    1.172566000000000E-01    0.000000000000000E+00    5.274829000000000E-01    4.228303000000000E-02    2.006085000000000E-03    1.125071000000000E-01    1.022067000000000E-02    1.016702000000000E-04    2.568345000000000E-03    5.935288000000000E-02    5.757332000000000E-02    1.548212000000000E-02    2.096333000000000E-02    0.000000000000000E+00    0.000000000000000E+00    0.000000000000000E+00    0.000000000000000E+00    0.000000000000000E+00    1.688819000000000E-02    0.000000000000000E+00    1.507260000000000E-02    9.266560333672001E+39    2.108136847405667E+11    4.679824320446334E+08
                      435    2.968831148823396E+30    3.336283327698784E+33    6.033513506226841E+14    4.637500000000000E+07    3.512567337639613E-13    1.603916500241835E-01    3.395474468066393E+03    2.823958400613643E+03    4.280272306917634E-03    1.072533206790033E+00    3.337767675667260E+33    6.042720434244748E+14    1.172566000000000E-01    0.000000000000000E+00    5.274829000000000E-01    4.228303000000000E-02    2.006085000000000E-03    1.125071000000000E-01    1.022067000000000E-02    1.016702000000000E-04    2.568345000000000E-03    5.935288000000000E-02    5.757332000000000E-02    1.548212000000000E-02    2.096333000000000E-02    0.000000000000000E+00    0.000000000000000E+00    0.000000000000000E+00    0.000000000000000E+00    0.000000000000000E+00    1.688819000000000E-02    0.000000000000000E+00    1.507260000000000E-02    9.356417014241667E+39    2.118136847405667E+11    4.679967639876668E+08
                      436    2.968630319426456E+30    3.339252023635736E+33    6.051927362262654E+14    4.652500000000001E+07    3.488386994169092E-13    1.603916500241835E-01    3.395474468066393E+03    2.823958400613643E+03    4.288272306917634E-03    1.069778707217738E+00    3.340737365809148E+33    6.061176387251239E+14    1.172566000000000E-01    0.000000000000000E+00    5.274829000000000E-01    4.228303000000000E-02    2.006085000000000E-03    1.125071000000000E-01    1.022067000000000E-02    1.016702000000000E-04    2.568345000000000E-03    5.935288000000000E-02    5.757332000000000E-02    1.548212000000000E-02    2.096333000000000E-02    0.000000000000000E+00    0.000000000000000E+00    0.000000000000000E+00    0.000000000000000E+00    0.000000000000000E+00    1.688819000000000E-02    0.000000000000000E+00    1.507260000000000E-02    9.446273694811334E+39    2.098280166836000E+11    4.649967639876668E+08
                      437    2.969113503025036E+30    3.342222707982560E+33    6.070425412239824E+14    4.667500000000000E+07    3.464373107012186E-13    1.603724052837142E-01    3.395364308844939E+03    2.823867404916225E+03    4.297272306917632E-03    1.067024894620628E+00    3.343717992205325E+33    6.079669790387346E+14    1.172566000000000E-01    0.000000000000000E+00    5.274829000000000E-01    4.228303000000000E-02    2.006085000000000E-03    1.125071000000000E-01    1.022067000000000E-02    1.016702000000000E-04    2.568345000000000E-03    5.935288000000000E-02    5.757332000000000E-02    1.548212000000000E-02    2.096333000000000E-02    0.000000000000000E+00    0.000000000000000E+00    0.000000000000000E+00    0.000000000000000E+00    0.000000000000000E+00    1.688819000000000E-02    0.000000000000000E+00    1.507260000000000E-02    9.536273694811334E+39    2.088136847405667E+11    4.619967639876668E+08
                      438    2.992312280986470E+30    3.345213276428089E+33    6.088914168534866E+14    4.682500000000000E+07    3.440524530291694E-13    1.589211705380220E-01    3.387555187635412E+03    2.817463476524468E+03    4.299272306917633E-03    1.064290141488267E+00    3.346664815633699E+33    6.098102325877582E+14    1.172566000000000E-01    0.000000000000000E+00    5.274829000000000E-01    4.228303000000000E-02    2.006085000000000E-03    1.125071000000000E-01    1.022067000000000E-02    1.016702000000000E-04    2.568345000000000E-03    5.935288000000000E-02    5.757332000000000E-02    1.548212000000000E-02    2.096333000000000E-02    0.000000000000000E+00    0.000000000000000E+00    0.000000000000000E+00    0.000000000000000E+00    0.000000000000000E+00    1.688819000000000E-02    0.000000000000000E+00    1.507260000000000E-02    9.616273694811334E+39    2.068280166836000E+11    4.530110959307002E+08
                      439    2.901555289258199E+30    3.348116354839308E+33    6.107290483220298E+14    4.697992834028484E+07    3.408981611800199E-13    1.589211705380220E-01    3.387555187635412E+03    2.817463476524468E+03    4.312286638860666E-03    1.061588787747147E+00    3.349621581111426E+33    6.116826549914635E+14    1.172566000000000E-01    0.000000000000000E+00    5.274829000000000E-01    4.228303000000000E-02    2.006085000000000E-03    1.125071000000000E-01    1.022067000000000E-02    1.016702000000000E-04    2.568345000000000E-03    5.935288000000000E-02    5.757332000000000E-02    1.548212000000000E-02    2.096333000000000E-02    0.000000000000000E+00    0.000000000000000E+00    0.000000000000000E+00    0.000000000000000E+00    0.000000000000000E+00    1.688819000000000E-02    0.000000000000000E+00    1.507260000000000E-02    9.706273694811335E+39    2.048280166836000E+11    4.500110959307001E+08
                      440    3.011544181255861E+30    3.351126807383545E+33    6.126362616608971E+14    4.714485668056966E+07    3.408981611800199E-13    1.589211705380220E-01    3.387555187635412E+03    2.817463476524468E+03    4.314272306917633E-03    1.058783855533793E+00    3.352892515348725E+33    6.136994889946875E+14    1.172566000000000E-01    0.000000000000000E+00    5.274829000000000E-01    4.228303000000000E-02    2.006085000000000E-03    1.125071000000000E-01    1.022067000000000E-02    1.016702000000000E-04    2.568345000000000E-03    5.935288000000000E-02    5.757332000000000E-02    1.548212000000000E-02    2.096333000000000E-02    0.000000000000000E+00    0.000000000000000E+00    0.000000000000000E+00    0.000000000000000E+00    0.000000000000000E+00    1.688819000000000E-02    0.000000000000000E+00    1.507260000000000E-02    9.796130375380999E+39    2.048280166836000E+11    4.490254278737335E+08
                      441    3.530467458851414E+30    3.354658223313905E+33    6.147627163284781E+14    4.732492834028484E+07    3.456405269971193E-13    1.589021022343938E-01    3.387665093497688E+03    2.817372690111347E+03    4.292286638860667E-03    1.055629138856774E+00    3.356644644774732E+33    6.159840032847002E+14    1.172566000000000E-01    0.000000000000000E+00    5.274829000000000E-01    4.228303000000000E-02    2.006085000000000E-03    1.125071000000000E-01    1.022067000000000E-02    1.016702000000000E-04    2.568345000000000E-03    5.935288000000000E-02    5.757332000000000E-02    1.548212000000000E-02    2.096333000000000E-02    0.000000000000000E+00    0.000000000000000E+00    0.000000000000000E+00    0.000000000000000E+00    0.000000000000000E+00    1.688819000000000E-02    0.000000000000000E+00    1.507260000000000E-02    9.896130375381001E+39    2.088136847405667E+11    4.560110959307001E+08
                      442    3.973264464547293E+30    3.358631066235560E+33    6.172052902409222E+14    4.752500000000000E+07    3.561432016799574E-13    1.589021022343938E-01    3.387665093497688E+03    2.817372690111347E+03    4.255286638860666E-03    1.051927516375167E+00    3.360835218577228E+33    6.185370297742552E+14    1.172566000000000E-01    0.000000000000000E+00    5.274829000000000E-01    4.228303000000000E-02    2.006085000000000E-03    1.125071000000000E-01    1.022067000000000E-02    1.016702000000000E-04    2.568345000000000E-03    5.935288000000000E-02    5.757332000000000E-02    1.548212000000000E-02    2.096333000000000E-02    0.000000000000000E+00    0.000000000000000E+00    0.000000000000000E+00    0.000000000000000E+00    0.000000000000000E+00    1.688819000000000E-02    0.000000000000000E+00    1.507260000000000E-02    9.996417014241667E+39    2.138280166836000E+11    4.679824320446334E+08
                      443    4.407835418608093E+30    3.363039370918897E+33    6.198687693075881E+14    4.774000000000000E+07    3.627643981452251E-13    1.574641724888231E-01    3.387665093497688E+03    2.810983490346172E+03    4.231272306917633E-03    1.047839280332322E+00    3.365530848486882E+33    6.212833802685840E+14    1.172566000000000E-01    0.000000000000000E+00    5.274829000000000E-01    4.228303000000000E-02    2.006085000000000E-03    1.125071000000000E-01    1.022067000000000E-02    1.016702000000000E-04    2.568345000000000E-03    5.935288000000000E-02    5.757332000000000E-02    1.548212000000000E-02    2.096333000000000E-02    0.000000000000000E+00    0.000000000000000E+00    0.000000000000000E+00    0.000000000000000E+00    0.000000000000000E+00    1.688819000000000E-02    0.000000000000000E+00    1.507260000000000E-02    1.019541377822933E+40    2.178136847405667E+11    4.749681001016002E+08
                      444    4.982485871239830E+30    3.368022326054867E+33    6.226979912295796E+14    4.796500000000000E+07    3.669650119006680E-13    1.574641724888231E-01    3.387665093497688E+03    2.810983490346172E+03    4.213272306917632E-03    1.043465043056730E+00    3.370624160370675E+33    6.241426085055769E+14    1.172566000000000E-01    0.000000000000000E+00    5.274829000000000E-01    4.228303000000000E-02    2.006085000000000E-03    1.125071000000000E-01    1.022067000000000E-02    1.016702000000000E-04    2.568345000000000E-03    5.935288000000000E-02    5.757332000000000E-02    1.548212000000000E-02    2.096333000000000E-02    0.000000000000000E+00    0.000000000000000E+00    0.000000000000000E+00    0.000000000000000E+00    0.000000000000000E+00    1.688819000000000E-02    0.000000000000000E+00    1.507260000000000E-02    1.029570041709000E+40    2.208136847405667E+11    4.799537681585668E+08
                      445    5.204092162919257E+30    3.373225994686483E+33    6.255872257815740E+14    4.819000000000000E+07    3.678109536193579E-13    1.574641724888231E-01    3.387665093497688E+03    2.810983490346172E+03    4.211272306917634E-03    1.038989848339457E+00    3.375752269427206E+33    6.270015754594910E+14    1.172566000000000E-01    0.000000000000000E+00    5.274829000000000E-01    4.228303000000000E-02    2.006085000000000E-03    1.125071000000000E-01    1.022067000000000E-02    1.016702000000000E-04    2.568345000000000E-03    5.935288000000000E-02    5.757332000000000E-02    1.548212000000000E-02    2.096333000000000E-02    0.000000000000000E+00    0.000000000000000E+00    0.000000000000000E+00    0.000000000000000E+00    0.000000000000000E+00    1.688819000000000E-02    0.000000000000000E+00    1.507260000000000E-02    1.049570041709000E+40    2.208136847405667E+11    4.799537681585668E+08
                      446    5.052873592252670E+30    3.378278544167927E+33    6.284159251374079E+14    4.841000000000000E+07    3.636006564491361E-13    1.574452790044533E-01    3.387665093497688E+03    2.810892912736007E+03    4.224272306917634E-03    1.034645201554212E+00    3.380793882654360E+33    6.298035378090425E+14    1.172566000000000E-01    0.000000000000000E+00    5.274829000000000E-01    4.228303000000000E-02    2.006085000000000E-03    1.125071000000000E-01    1.022067000000000E-02    1.016702000000000E-04    2.568345000000000E-03    5.935288000000000E-02    5.757332000000000E-02    1.548212000000000E-02    2.096333000000000E-02    0.000000000000000E+00    0.000000000000000E+00    0.000000000000000E+00    0.000000000000000E+00    0.000000000000000E+00    1.688819000000000E-02    0.000000000000000E+00    1.507260000000000E-02    1.059570041709000E+40    2.188136847405667E+11    4.739681001016002E+08
                      447    5.030422456402618E+30    3.383309221140793E+33    6.311911504806770E+14    4.863000000000000E+07    3.610976471360234E-13    1.574452790044533E-01    3.387665093497688E+03    2.810892912736007E+03    4.232272306917633E-03    1.030404013586267E+00    3.385805669733455E+33    6.325585505212951E+14    1.172566000000000E-01    0.000000000000000E+00    5.274829000000000E-01    4.228303000000000E-02    2.006085000000000E-03    1.125071000000000E-01    1.022067000000000E-02    1.016702000000000E-04    2.568345000000000E-03    5.935288000000000E-02    5.757332000000000E-02    1.548212000000000E-02    2.096333000000000E-02    0.000000000000000E+00    0.000000000000000E+00    0.000000000000000E+00    0.000000000000000E+00    0.000000000000000E+00    1.688819000000000E-02    0.000000000000000E+00    1.507260000000000E-02    1.069713361139333E+40    2.178136847405667E+11    4.699824320446335E+08
                      448    4.993201412033021E+30    3.388302118326116E+33    6.339259505619134E+14    4.885000000000000E+07    3.602671455937849E-13    1.560205322780309E-01    3.387555187635412E+03    2.804518407722520E+03    4.233286638860667E-03    1.026233219675908E+00    3.390765758155911E+33    6.352649771224161E+14    1.172566000000000E-01    0.000000000000000E+00    5.274829000000000E-01    4.228302000000000E-02    2.006085000000000E-03    1.125071000000000E-01    1.022067000000000E-02    1.016702000000000E-04    2.568345000000000E-03    5.935287000000000E-02    5.757332000000000E-02    1.548212000000000E-02    2.096332000000000E-02    0.000000000000000E+00    0.000000000000000E+00    0.000000000000000E+00    0.000000000000000E+00    0.000000000000000E+00    1.688819000000000E-02    0.000000000000000E+00    1.507260000000000E-02    1.089570041709000E+40    2.168136847405667E+11    4.689681001016002E+08
                      449    4.926893908074854E+30    3.393229397985706E+33    6.366040036829186E+14    4.907000000000000E+07    3.602559764248972E-13    1.560205322780309E-01    3.387555187635412E+03    2.804518407722520E+03    4.234286638860667E-03    1.022148135549317E+00    3.395724852373432E+33    6.379405173832681E+14    1.172567000000000E-01    0.000000000000000E+00    5.274830000000000E-01    4.228302000000000E-02    2.006086000000000E-03    1.125071000000000E-01    1.022067000000000E-02    1.016702000000000E-04    2.568346000000000E-03    5.935284000000000E-02    5.757329000000000E-02    1.548211000000000E-02    2.096331000000000E-02    0.000000000000000E+00    0.000000000000000E+00    0.000000000000000E+00    0.000000000000000E+00    0.000000000000000E+00    1.688818000000000E-02    0.000000000000000E+00    1.507259000000000E-02    1.099570041709000E+40    2.168136847405667E+11    4.669824320446334E+08
                      450    4.990807366548701E+30    3.398220306761158E+33    6.392770310836174E+14    4.929000000000000E+07    3.619188424586129E-13    1.560018120101671E-01    3.387555187635412E+03    2.804428038435078E+03    4.226286638860666E-03    1.018059636364606E+00    3.400784361289423E+33    6.406340082859928E+14    1.172569000000000E-01    0.000000000000000E+00    5.274831000000000E-01    4.228300000000000E-02    2.006087000000000E-03    1.125070000000000E-01    1.022067000000000E-02    1.016703000000000E-04    2.568346000000000E-03    5.935277000000000E-02    5.757322000000000E-02    1.548209000000000E-02    2.096329000000000E-02    0.000000000000000E+00    0.000000000000000E+00    0.000000000000000E+00    0.000000000000000E+00    0.000000000000000E+00    1.688816000000000E-02    0.000000000000000E+00    1.507258000000000E-02    1.119570041709000E+40    2.178136847405667E+11    4.689681001016002E+08
                      451    5.128997875742474E+30    3.403348415817688E+33    6.419909854883681E+14    4.951000000000000E+07    3.652789608243920E-13    1.560018120101671E-01    3.387555187635412E+03    2.804428038435078E+03    4.212286638860666E-03    1.013883872656255E+00    3.405963174797656E+33    6.433593614814354E+14    1.172648000000000E-01    0.000000000000000E+00    5.274879000000000E-01    4.228243000000000E-02    2.006157000000000E-03    1.125027000000000E-01    1.022059000000000E-02    1.016739000000000E-04    2.568363000000000E-03    5.935012000000000E-02    5.757064000000000E-02    1.548140000000000E-02    2.096235000000000E-02    0.000000000000000E+00    0.000000000000000E+00    0.000000000000000E+00    0.000000000000000E+00    0.000000000000000E+00    1.688739000000000E-02    0.000000000000000E+00    1.507223000000000E-02    1.129570041709000E+40    2.198136847405667E+11    4.719681001016002E+08
                      452    5.229496087427295E+30    3.408577933777624E+33    6.447277374745024E+14    4.972992834028483E+07    3.678109536193579E-13    1.545901274402464E-01    3.387555187635412E+03    2.798068194376285E+03    4.201286638860666E-03    1.009654915741357E+00    3.411258310283326E+33    6.461043979583814E+14    1.172892000000000E-01    0.000000000000000E+00    5.275027000000000E-01    4.228067000000000E-02    2.006370000000000E-03    1.124898000000000E-01    1.022034000000000E-02    1.016847000000000E-04    2.568416000000000E-03    5.934199000000000E-02    5.756275000000000E-02    1.547927000000000E-02    2.095947000000000E-02    0.000000000000000E+00    0.000000000000000E+00    0.000000000000000E+00    0.000000000000000E+00    0.000000000000000E+00    1.688502000000000E-02    0.000000000000000E+00    1.507115000000000E-02    1.149570041709000E+40    2.218136847405667E+11    4.749537681585668E+08
                      453    5.359534116151206E+30    3.413938686789026E+33    6.474810584422602E+14    4.994985668056967E+07    3.703720059065124E-13    1.545901274402464E-01    3.379873679992081E+03    2.798068194376285E+03    4.190286638860666E-03    1.005381943528206E+00    3.416688657640201E+33    6.488693635256609E+14    1.178278000000000E-01    0.000000000000000E+00    5.278303000000000E-01    4.224179000000000E-02    2.011093000000000E-03    1.122030000000000E-01    1.021485000000000E-02    1.019240000000000E-04    2.569587000000000E-03    5.916224000000000E-02    5.738817000000000E-02    1.543228000000000E-02    2.089576000000000E-02    0.000000000000000E+00    0.000000000000000E+00    0.000000000000000E+00    0.000000000000000E+00    0.000000000000000E+00    1.683263000000000E-02    0.000000000000000E+00    1.504718000000000E-02    1.159570041709000E+40    2.228136847405667E+11    4.759537681585668E+08
                      454    5.501335577670166E+30    3.419438628491377E+33    6.502576686090615E+14    5.016492834028484E+07    3.737874008391969E-13    1.545715788008299E-01    3.379873679992081E+03    2.797978032932436E+03    4.178286638860667E-03    1.001045549171280E+00    3.422133918071108E+33    6.516191494045081E+14    1.199023000000000E-01    0.000000000000000E+00    5.290918000000000E-01    4.209205000000000E-02    2.029280000000000E-03    1.110987000000000E-01    1.019372000000000E-02    1.028458000000000E-04    2.574097000000000E-03    5.846992000000000E-02    5.671579000000000E-02    1.525128000000000E-02    2.065042000000000E-02    0.000000000000000E+00    0.000000000000000E+00    0.000000000000000E+00    0.000000000000000E+00    0.000000000000000E+00    1.663084000000000E-02    0.000000000000000E+00    1.495489000000000E-02    1.179570041709000E+40    2.248136847405667E+11    4.749537681585668E+08
                      455    5.389398043999220E+30    3.424829207650839E+33    6.529806301999549E+14    5.037500000000000E+07    3.737874008391969E-13    1.531728366328403E-01    3.372100186240268E+03    2.791632816109077E+03    4.171286638860666E-03    9.968000657035210E-01    3.427437007196260E+33    6.542851598570678E+14    1.209063000000000E-01    0.000000000000000E+00    5.297023000000000E-01    4.201957000000000E-02    2.038083000000000E-03    1.105641000000000E-01    1.018350000000000E-02    1.032919000000000E-04    2.576280000000000E-03    5.813484000000000E-02    5.639036000000000E-02    1.516368000000000E-02    2.053167000000000E-02    0.000000000000000E+00    0.000000000000000E+00    0.000000000000000E+00    0.000000000000000E+00    0.000000000000000E+00    1.653317000000000E-02    0.000000000000000E+00    1.491022000000000E-02    1.199426722278667E+40    2.248136847405667E+11    4.649681001016002E+08
                      456    5.215575229922538E+30    3.430044806741680E+33    6.555896895141806E+14    5.058000000000000E+07    3.703604973499136E-13    1.531728366328403E-01    3.372100186240268E+03    2.791632816109077E+03    4.183286638860667E-03    9.927578715220635E-01    3.432589971376174E+33    6.568441932191479E+14    1.209344000000000E-01    0.000000000000000E+00    5.297194000000000E-01    4.201754000000000E-02    2.038330000000000E-03    1.105492000000000E-01    1.018321000000000E-02    1.033044000000000E-04    2.576341000000000E-03    5.812546000000000E-02    5.638125000000000E-02    1.516123000000000E-02    2.052834000000000E-02    0.000000000000000E+00    0.000000000000000E+00    0.000000000000000E+00    0.000000000000000E+00    0.000000000000000E+00    1.653043000000000E-02    0.000000000000000E+00    1.490897000000000E-02    1.209570041709000E+40    2.228136847405667E+11    4.619824320446335E+08
                      457    5.090868128061967E+30    3.435135136010667E+33    6.580986969241151E+14    5.077992834028483E+07    3.678109536193579E-13    1.531544580483722E-01    3.372100186240268E+03    2.791542862030794E+03    4.192286638860667E-03    9.888891408070247E-01    3.437633573013199E+33    6.593315362933984E+14    1.209464000000000E-01    0.000000000000000E+00    5.297267000000000E-01    4.201668000000000E-02    2.038434000000000E-03    1.105428000000000E-01    1.018309000000000E-02    1.033097000000000E-04    2.576367000000000E-03    5.812147000000000E-02    5.637737000000000E-02    1.516018000000000E-02    2.052693000000000E-02    0.000000000000000E+00    0.000000000000000E+00    0.000000000000000E+00    0.000000000000000E+00    0.000000000000000E+00    1.652927000000000E-02    0.000000000000000E+00    1.490843000000000E-02    1.229426722278667E+40    2.208136847405667E+11    4.579967639876668E+08
                      458    4.996136305002172E+30    3.440132010015732E+33    6.605643756626818E+14    5.097492834028483E+07    3.678109536193579E-13    1.517685396256588E-01    3.372100186240268E+03    2.785212238801158E+03    4.190286638860666E-03    9.850890341765512E-01    3.442567812107336E+33    6.617705403441231E+14    1.209471000000000E-01    0.000000000000000E+00    5.297271000000000E-01    4.201663000000000E-02    2.038441000000000E-03    1.105424000000000E-01    1.018308000000000E-02    1.033100000000000E-04    2.576369000000000E-03    5.812123000000000E-02    5.637714000000000E-02    1.516012000000000E-02    2.052684000000000E-02    0.000000000000000E+00    0.000000000000000E+00    0.000000000000000E+00    0.000000000000000E+00    0.000000000000000E+00    1.652920000000000E-02    0.000000000000000E+00    1.490840000000000E-02    1.239570041709000E+40    2.217993527975334E+11    4.579967639876668E+08
                      459    4.871824896705871E+30    3.445003614198941E+33    6.629767050255644E+14    5.116492834028483E+07    3.686588454351100E-13    1.517685396256588E-01    3.372100186240268E+03    2.785212238801158E+03    4.188286638860666E-03    9.813643581158612E-01    3.447287302935438E+33    6.641122860826202E+14    1.209473000000000E-01    0.000000000000000E+00    5.297272000000000E-01    4.201662000000000E-02    2.038442000000000E-03    1.105423000000000E-01    1.018308000000000E-02    1.033101000000000E-04    2.576369000000000E-03    5.812117000000000E-02    5.637708000000000E-02    1.516011000000000E-02    2.052682000000000E-02    0.000000000000000E+00    0.000000000000000E+00    0.000000000000000E+00    0.000000000000000E+00    0.000000000000000E+00    1.652918000000000E-02    0.000000000000000E+00    1.490839000000000E-02    1.249570041709000E+40    2.218136847405667E+11    4.579824320446334E+08
                      460    4.567462974617862E+30    3.449570991671935E+33    6.652478671396762E+14    5.134485668056966E+07    3.652789608243920E-13    1.517685396256588E-01    3.372100186240268E+03    2.785212238801158E+03    4.198286638860666E-03    9.778815007610900E-01    3.451701572848388E+33    6.663026594750570E+14    1.209473000000000E-01    0.000000000000000E+00    5.297273000000000E-01    4.201661000000000E-02    2.038442000000000E-03    1.105423000000000E-01    1.018308000000000E-02    1.033101000000000E-04    2.576369000000000E-03    5.812116000000000E-02    5.637707000000000E-02    1.516010000000000E-02    2.052682000000000E-02    0.000000000000000E+00    0.000000000000000E+00    0.000000000000000E+00    0.000000000000000E+00    0.000000000000000E+00    1.652918000000000E-02    0.000000000000000E+00    1.490839000000000E-02    1.269426722278667E+40    2.198136847405667E+11    4.539824320446335E+08
                      461    4.262776941720929E+30    3.453832154024841E+33    6.673574518104380E+14    5.150985668056967E+07    3.610976471360234E-13    1.517503295370659E-01    3.371990785349560E+03    2.785122491611515E+03    4.212286638860666E-03    9.746727920572895E-01    3.455818575485668E+33    6.683389083054191E+14    1.209473000000000E-01    0.000000000000000E+00    5.297273000000000E-01    4.201661000000000E-02    2.038442000000000E-03    1.105423000000000E-01    1.018308000000000E-02    1.033101000000000E-04    2.576369000000000E-03    5.812116000000000E-02    5.637707000000000E-02    1.516010000000000E-02    2.052682000000000E-02    0.000000000000000E+00    0.000000000000000E+00    0.000000000000000E+00    0.000000000000000E+00    0.000000000000000E+00    1.652918000000000E-02    0.000000000000000E+00    1.490839000000000E-02    1.279570041709000E+40    2.177993527975334E+11    4.480110959307001E+08
                      462    3.972457170139789E+30    3.457804996946496E+33    6.693203648004004E+14    5.166485668056967E+07    3.569641965496554E-13    1.503771172908268E-01    3.364344571027960E+03    2.778806428411273E+03    4.225300970803699E-03    9.717122311588243E-01    3.459601525264671E+33    6.702216347128205E+14    1.209473000000000E-01    0.000000000000000E+00    5.297273000000000E-01    4.201661000000000E-02    2.038442000000000E-03    1.105423000000000E-01    1.018308000000000E-02    1.033101000000000E-04    2.576369000000000E-03    5.812116000000000E-02    5.637707000000000E-02    1.516010000000000E-02    2.052682000000000E-02    0.000000000000000E+00    0.000000000000000E+00    0.000000000000000E+00    0.000000000000000E+00    0.000000000000000E+00    1.652918000000000E-02    0.000000000000000E+00    1.490839000000000E-02    1.289570041709000E+40    2.148136847405667E+11    4.430110959307002E+08
                      463    3.593022833383576E+30    3.461398053582847E+33    6.711229046252404E+14    5.180985668056966E+07    3.520664641617522E-13    1.503771172908268E-01    3.364344571027960E+03    2.778806428411273E+03    4.241286638860666E-03    9.690207095494164E-01    3.463079254128522E+33    6.719733027404252E+14    1.209473000000000E-01    0.000000000000000E+00    5.297273000000000E-01    4.201661000000000E-02    2.038442000000000E-03    1.105423000000000E-01    1.018308000000000E-02    1.033101000000000E-04    2.576369000000000E-03    5.812116000000000E-02    5.637707000000000E-02    1.516010000000000E-02    2.052682000000000E-02    0.000000000000000E+00    0.000000000000000E+00    0.000000000000000E+00    0.000000000000000E+00    0.000000000000000E+00    1.652918000000000E-02    0.000000000000000E+00    1.490839000000000E-02    1.299570041709000E+40    2.118136847405667E+11    4.370254278737335E+08
                      464    3.362595955517732E+30    3.464760454674197E+33    6.728237008556101E+14    5.194985668056968E+07    3.504380009163782E-13    1.503771172908268E-01    3.364344571027960E+03    2.778806428411273E+03    4.249286638860667E-03    9.664880904665021E-01    3.466484406032093E+33    6.736841775763789E+14    1.209473000000000E-01    0.000000000000000E+00    5.297273000000000E-01    4.201661000000000E-02    2.038442000000000E-03    1.105423000000000E-01    1.018308000000000E-02    1.033101000000000E-04    2.576369000000000E-03    5.812116000000000E-02    5.637707000000000E-02    1.516010000000000E-02    2.052682000000000E-02    0.000000000000000E+00    0.000000000000000E+00    0.000000000000000E+00    0.000000000000000E+00    0.000000000000000E+00    1.652918000000000E-02    0.000000000000000E+00    1.490839000000000E-02    1.309570041709000E+40    2.108136847405667E+11    4.330397598167669E+08
                      465    3.447264436221925E+30    3.468208357389988E+33    6.745446542971479E+14    5.208985668056966E+07    3.520664641617522E-13    1.503771172908268E-01    3.364344571027960E+03    2.778806428411273E+03    4.187286638860666E-03    9.639511100311766E-01    3.469947221821914E+33    6.754061617995856E+14    1.209473000000000E-01    0.000000000000000E+00    5.297273000000000E-01    4.201661000000000E-02    2.038442000000000E-03    1.105423000000000E-01    1.018308000000000E-02    1.033101000000000E-04    2.576369000000000E-03    5.812116000000000E-02    5.637707000000000E-02    1.516010000000000E-02    2.052682000000000E-02    0.000000000000000E+00    0.000000000000000E+00    0.000000000000000E+00    0.000000000000000E+00    0.000000000000000E+00    1.652918000000000E-02    0.000000000000000E+00    1.490839000000000E-02    1.319570041709000E+40    2.118136847405667E+11    4.360397598167668E+08
                      466    3.476951395591447E+30    3.471686086253839E+33    6.762676693020238E+14    5.222985668056966E+07    3.544958817189196E-13    1.503590741533296E-01    3.364344571027960E+03    2.778716887634438E+03    4.180286638860667E-03    9.613978404851597E-01    3.473429921710441E+33    6.771243546053924E+14    1.209473000000000E-01    0.000000000000000E+00    5.297273000000000E-01    4.201661000000000E-02    2.038442000000000E-03    1.105423000000000E-01    1.018308000000000E-02    1.033101000000000E-04    2.576369000000000E-03    5.812116000000000E-02    5.637707000000000E-02    1.516010000000000E-02    2.052682000000000E-02    0.000000000000000E+00    0.000000000000000E+00    0.000000000000000E+00    0.000000000000000E+00    0.000000000000000E+00    1.652918000000000E-02    0.000000000000000E+00    1.490839000000000E-02    1.329570041709000E+40    2.128136847405667E+11    4.380254278737335E+08
                      467    3.488271412985331E+30    3.475173757167043E+33    6.779810399087611E+14    5.236985668056968E+07    3.553240950460624E-13    1.503590741533296E-01    3.364344571027960E+03    2.778716887634438E+03    4.174286638860666E-03    9.588565818070618E-01    3.476917592623645E+33    6.788331636850626E+14    1.209473000000000E-01    0.000000000000000E+00    5.297273000000000E-01    4.201661000000000E-02    2.038442000000000E-03    1.105423000000000E-01    1.018308000000000E-02    1.033101000000000E-04    2.576369000000000E-03    5.812116000000000E-02    5.637707000000000E-02    1.516010000000000E-02    2.052682000000000E-02    0.000000000000000E+00    0.000000000000000E+00    0.000000000000000E+00    0.000000000000000E+00    0.000000000000000E+00    1.652918000000000E-02    0.000000000000000E+00    1.490839000000000E-02    1.339570041709000E+40    2.138136847405667E+11    4.390110959307001E+08
                      468    3.488331065281452E+30    3.478661428080247E+33    6.796852874613639E+14    5.250985668056967E+07    3.561432016799574E-13    1.489984515926379E-01    3.364344571027960E+03    2.772415350976450E+03    4.170286638860667E-03    9.563254547980620E-01    3.480421170815815E+33    6.805397885747339E+14    1.209473000000000E-01    0.000000000000000E+00    5.297273000000000E-01    4.201661000000000E-02    2.038442000000000E-03    1.105423000000000E-01    1.018308000000000E-02    1.033101000000000E-04    2.576369000000000E-03    5.812116000000000E-02    5.637707000000000E-02    1.516010000000000E-02    2.052682000000000E-02    0.000000000000000E+00    0.000000000000000E+00    0.000000000000000E+00    0.000000000000000E+00    0.000000000000000E+00    1.652918000000000E-02    0.000000000000000E+00    1.490839000000000E-02    1.349570041709000E+40    2.148136847405667E+11    4.390254278737335E+08
                      469    3.518869064075633E+30    3.482180913551383E+33    6.813942896881040E+14    5.264992834028483E+07    3.577870840079888E-13    1.489984515926379E-01    3.364344571027960E+03    2.772415350976450E+03    4.164300970803701E-03    9.537792107303429E-01    3.483973465049817E+33    6.822567603401944E+14    1.209473000000000E-01    0.000000000000000E+00    5.297273000000000E-01    4.201661000000000E-02    2.038442000000000E-03    1.105423000000000E-01    1.018308000000000E-02    1.033101000000000E-04    2.576369000000000E-03    5.812116000000000E-02    5.637707000000000E-02    1.516010000000000E-02    2.052682000000000E-02    0.000000000000000E+00    0.000000000000000E+00    0.000000000000000E+00    0.000000000000000E+00    0.000000000000000E+00    1.652918000000000E-02    0.000000000000000E+00    1.490839000000000E-02    1.359570041709000E+40    2.157993527975334E+11    4.400110959307001E+08
                      470    3.585677647321216E+30    3.485766016548252E+33    6.831192309922851E+14    5.279000000000000E+07    3.586118684178242E-13    1.489984515926379E-01    3.364344571027960E+03    2.772415350976450E+03    4.159286638860667E-03    9.512063961336900E-01    3.487586405784875E+33    6.839889300129489E+14    1.209473000000000E-01    0.000000000000000E+00    5.297273000000000E-01    4.201661000000000E-02    2.038443000000000E-03    1.105423000000000E-01    1.018308000000000E-02    1.033101000000000E-04    2.576370000000000E-03    5.812116000000000E-02    5.637707000000000E-02    1.516010000000000E-02    2.052682000000000E-02    0.000000000000000E+00    0.000000000000000E+00    0.000000000000000E+00    0.000000000000000E+00    0.000000000000000E+00    1.652918000000000E-02    0.000000000000000E+00    1.490839000000000E-02    1.369570041709000E+40    2.158136847405667E+11    4.410110959307002E+08
                      471    3.639460157503857E+30    3.489406795021500E+33    6.848586290336126E+14    5.293492834028483E+07    3.594385541520880E-13    1.489984515926379E-01    3.364344571027960E+03    2.772415350976450E+03    4.155300970803700E-03    9.486085300852102E-01    3.491250050971636E+33    6.857335475269931E+14    1.209473000000000E-01    0.000000000000000E+00    5.297273000000000E-01    4.201661000000000E-02    2.038443000000000E-03    1.105423000000000E-01    1.018308000000000E-02    1.033101000000000E-04    2.576370000000000E-03    5.812115000000000E-02    5.637706000000000E-02    1.516010000000000E-02    2.052681000000000E-02    0.000000000000000E+00    0.000000000000000E+00    0.000000000000000E+00    0.000000000000000E+00    0.000000000000000E+00    1.652918000000000E-02    0.000000000000000E+00    1.490839000000000E-02    1.379570041709000E+40    2.168136847405667E+11    4.410110959307002E+08
                      472    3.687901798773803E+30    3.493093306921774E+33    6.866084660203736E+14    5.307992834028482E+07    3.602559764248972E-13    1.489805738756195E-01    3.364235421752318E+03    2.772326016137687E+03    4.154286638860667E-03    9.459897710000041E-01    3.494966389019972E+33    6.874837937221152E+14    1.209474000000000E-01    0.000000000000000E+00    5.297273000000000E-01    4.201661000000000E-02    2.038443000000000E-03    1.105423000000000E-01    1.018308000000000E-02    1.033102000000000E-04    2.576370000000000E-03    5.812113000000000E-02    5.637704000000000E-02    1.516009000000000E-02    2.052681000000000E-02    0.000000000000000E+00    0.000000000000000E+00    0.000000000000000E+00    0.000000000000000E+00    0.000000000000000E+00    1.652917000000000E-02    0.000000000000000E+00    1.490839000000000E-02    1.389570041709000E+40    2.168136847405667E+11    4.400254278737335E+08
                      473    3.746160219575385E+30    3.496839471118169E+33    6.883591214238569E+14    5.322000000000000E+07    3.594385541520880E-13    1.476324255775444E-01    3.364235421752318E+03    2.766038972611831E+03    4.155286638860667E-03    9.433750998909852E-01    3.498721501060785E+33    6.892369999326122E+14    1.209479000000000E-01    0.000000000000000E+00    5.297276000000000E-01    4.201657000000000E-02    2.038447000000000E-03    1.105420000000000E-01    1.018307000000000E-02    1.033104000000000E-04    2.576371000000000E-03    5.812097000000000E-02    5.637689000000000E-02    1.516005000000000E-02    2.052675000000000E-02    0.000000000000000E+00    0.000000000000000E+00    0.000000000000000E+00    0.000000000000000E+00    0.000000000000000E+00    1.652913000000000E-02    0.000000000000000E+00    1.490837000000000E-02    1.399570041709000E+40    2.167993527975334E+11    4.390254278737335E+08
                      474    3.763276451742354E+30    3.500603531003401E+33    6.901148784413680E+14    5.336000000000001E+07    3.586118684178242E-13    1.476324255775444E-01    3.364235421752318E+03    2.766038972611831E+03    4.156286638860667E-03    9.407582109981752E-01    3.502479595716404E+33    6.909879830336382E+14    1.209489000000000E-01    0.000000000000000E+00    5.297282000000000E-01    4.201650000000000E-02    2.038456000000000E-03    1.105415000000000E-01    1.018306000000000E-02    1.033108000000000E-04    2.576373000000000E-03    5.812064000000000E-02    5.637656000000000E-02    1.515997000000000E-02    2.052663000000000E-02    0.000000000000000E+00    0.000000000000000E+00    0.000000000000000E+00    0.000000000000000E+00    0.000000000000000E+00    1.652903000000000E-02    0.000000000000000E+00    1.490832000000000E-02    1.419426722278666E+40    2.158136847405667E+11    4.370254278737335E+08
                      475    3.753008303170070E+30    3.504355660429408E+33    6.918610876259086E+14    5.349999999999999E+07    3.569641965496554E-13    1.476324255775444E-01    3.356606793235654E+03    2.766038972611831E+03    4.160286638860666E-03    9.381650170797019E-01    3.506235701962152E+33    6.927289750138481E+14    1.209545000000000E-01    0.000000000000000E+00    5.297313000000000E-01    4.201609000000000E-02    2.038504000000000E-03    1.105386000000000E-01    1.018300000000000E-02    1.033133000000000E-04    2.576384000000000E-03    5.811884000000000E-02    5.637481000000000E-02    1.515949000000000E-02    2.052599000000000E-02    0.000000000000000E+00    0.000000000000000E+00    0.000000000000000E+00    0.000000000000000E+00    0.000000000000000E+00    1.652851000000000E-02    0.000000000000000E+00    1.490808000000000E-02    1.429426722278667E+40    2.148136847405667E+11    4.350254278737335E+08
                      476    3.758744865647034E+30    3.508115743494898E+33    6.935968624017878E+14    5.364492834028483E+07    3.561432016799574E-13    1.476324255775444E-01    3.356606793235654E+03    2.766038972611831E+03    4.164286638860667E-03    9.355907745666777E-01    3.510014674921414E+33    6.944746924766722E+14    1.209701000000000E-01    0.000000000000000E+00    5.297401000000000E-01    4.201494000000000E-02    2.038639000000000E-03    1.105305000000000E-01    1.018284000000000E-02    1.033201000000000E-04    2.576417000000000E-03    5.811378000000000E-02    5.636990000000000E-02    1.515817000000000E-02    2.052420000000000E-02    0.000000000000000E+00    0.000000000000000E+00    0.000000000000000E+00    0.000000000000000E+00    0.000000000000000E+00    1.652703000000000E-02    0.000000000000000E+00    1.490739000000000E-02    1.439426722278667E+40    2.138280166836000E+11    4.330254278737335E+08
                      477    3.799105609202462E+30    3.511913606347931E+33    6.953525225515566E+14    5.378985668056968E+07    3.553240950460624E-13    1.476147117644208E-01    3.356606793235654E+03    2.765949843237495E+03    4.164286638860667E-03    9.329930294388787E-01    3.513840375512637E+33    6.962273567167071E+14    1.210131000000000E-01    0.000000000000000E+00    5.297643000000000E-01    4.201181000000000E-02    2.039009000000000E-03    1.105083000000000E-01    1.018238000000000E-02    1.033389000000000E-04    2.576507000000000E-03    5.809991000000000E-02    5.635643000000000E-02    1.515455000000000E-02    2.051929000000000E-02    0.000000000000000E+00    0.000000000000000E+00    0.000000000000000E+00    0.000000000000000E+00    0.000000000000000E+00    1.652300000000000E-02    0.000000000000000E+00    1.490552000000000E-02    1.449426722278667E+40    2.138136847405667E+11    4.320254278737335E+08
                      478    3.853619854217520E+30    3.515767144677344E+33    6.971021908818576E+14    5.392492834028483E+07    3.545068723051472E-13    1.476147117644208E-01    3.356606793235654E+03    2.765949843237495E+03    4.166286638860667E-03    9.304088636140803E-01    3.517592504938644E+33    6.979284616942532E+14    1.211705000000000E-01    0.000000000000000E+00    5.298530000000000E-01    4.200030000000000E-02    2.040367000000000E-03    1.104268000000000E-01    1.018071000000000E-02    1.034076000000000E-04    2.576836000000000E-03    5.804903000000000E-02    5.630701000000000E-02    1.514124000000000E-02    2.050125000000000E-02    0.000000000000000E+00    0.000000000000000E+00    0.000000000000000E+00    0.000000000000000E+00    0.000000000000000E+00    1.650819000000000E-02    0.000000000000000E+00    1.489863000000000E-02    1.459426722278667E+40    2.138136847405667E+11    4.300397598167668E+08
                      479    3.649205354280149E+30    3.519417865199945E+33    6.987547325066489E+14    5.405492834028485E+07    3.504488656944056E-13    1.462789233642347E-01    3.356497894996380E+03    2.759677259510491E+03    4.181286638860667E-03    9.279874008130289E-01    3.521110001999909E+33    6.995251471645899E+14    1.215057000000000E-01    0.000000000000000E+00    5.300419000000000E-01    4.197580000000000E-02    2.043255000000000E-03    1.102534000000000E-01    1.017714000000000E-02    1.035540000000000E-04    2.577535000000000E-03    5.794074000000000E-02    5.620183000000000E-02    1.511293000000000E-02    2.046286000000000E-02    0.000000000000000E+00    0.000000000000000E+00    0.000000000000000E+00    0.000000000000000E+00    0.000000000000000E+00    1.647668000000000E-02    0.000000000000000E+00    1.488397000000000E-02    1.469426722278667E+40    2.108136847405667E+11    4.240397598167669E+08
                      480    3.385406993554380E+30    3.522802138799873E+33    7.002955618225309E+14    5.417492834028483E+07    3.456405269971193E-13    1.462789233642347E-01    3.348886811838428E+03    2.759677259510491E+03    4.197286638860667E-03    9.257520861523038E-01    3.524378947827337E+33    7.010154809291371E+14    1.229538000000000E-01    0.000000000000000E+00    5.308578000000000E-01    4.186996000000000E-02    2.055737000000000E-03    1.095040000000000E-01    1.016175000000000E-02    1.041866000000000E-04    2.580559000000000E-03    5.747279000000000E-02    5.574729000000000E-02    1.499057000000000E-02    2.029699000000000E-02    0.000000000000000E+00    0.000000000000000E+00    0.000000000000000E+00    0.000000000000000E+00    0.000000000000000E+00    1.634051000000000E-02    0.000000000000000E+00    1.482063000000000E-02    1.479426722278667E+40    2.078280166836000E+11    4.150684237028335E+08
                      481    3.153041416064605E+30    3.525955756854801E+33    7.017354000357434E+14    5.428492834028484E+07    3.416840126018576E-13    1.462789233642347E-01    3.348886811838428E+03    2.759677259510491E+03    4.161272306917633E-03    9.237049092932833E-01    3.527380452527156E+33    7.023944672554021E+14    1.245395000000000E-01    0.000000000000000E+00    5.317513000000000E-01    4.175406000000000E-02    2.069404000000000E-03    1.086835000000000E-01    1.014490000000000E-02    1.048793000000000E-04    2.583870000000000E-03    5.696042000000000E-02    5.524962000000000E-02    1.485659000000000E-02    2.011537000000000E-02    0.000000000000000E+00    0.000000000000000E+00    0.000000000000000E+00    0.000000000000000E+00    0.000000000000000E+00    1.619141000000000E-02    0.000000000000000E+00    1.475128000000000E-02    1.489426722278667E+40    2.058136847405667E+11    4.090827556458668E+08
                      482    2.849212387821943E+30    3.528805148199511E+33    7.030535344750609E+14    5.438985668056967E+07    3.369959321973680E-13    1.462789233642347E-01    3.348886811838428E+03    2.759677259510491E+03    4.177272306917634E-03    9.218493790260285E-01    3.530102585640141E+33    7.036634039675625E+14    1.250307000000000E-01    0.000000000000000E+00    5.320279999999999E-01    4.171816000000000E-02    2.073638000000000E-03    1.084293000000000E-01    1.013968000000000E-02    1.050939000000000E-04    2.584895000000000E-03    5.680170000000000E-02    5.509545000000000E-02    1.481509000000000E-02    2.005911000000000E-02    0.000000000000000E+00    0.000000000000000E+00    0.000000000000000E+00    0.000000000000000E+00    0.000000000000000E+00    1.614522000000000E-02    0.000000000000000E+00    1.472980000000000E-02    1.499426722278667E+40    2.028280166836000E+11    4.020970875889001E+08
                      483    2.595302389383156E+30    3.531400023080772E+33    7.042732734600640E+14    5.448985668056966E+07    3.331383716605081E-13    1.462613719523260E-01    3.348886811838428E+03    2.759588335128028E+03    4.190272306917633E-03    9.201467319698166E-01    3.532707402570756E+33    7.048847707752848E+14    1.252577000000000E-01    0.000000000000000E+00    5.321559000000000E-01    4.170157000000000E-02    2.075595000000000E-03    1.083118000000000E-01    1.013727000000000E-02    1.051931000000000E-04    2.585370000000000E-03    5.672834000000000E-02    5.502419000000000E-02    1.479591000000000E-02    2.003311000000000E-02    0.000000000000000E+00    0.000000000000000E+00    0.000000000000000E+00    0.000000000000000E+00    0.000000000000000E+00    1.612388000000000E-02    0.000000000000000E+00    1.471987000000000E-02    1.499426722278667E+40    2.008280166836000E+11    3.971114195319335E+08
                      484    2.614460718487331E+30    3.534014782060740E+33    7.054962680905055E+14    5.458985668056968E+07    3.331383716605081E-13    1.462613719523260E-01    3.348886811838428E+03    2.759588335128028E+03    4.190272306917633E-03    9.184395405067289E-01    3.535332103600077E+33    7.061110253247972E+14    1.253319000000000E-01    0.000000000000000E+00    5.321977000000000E-01    4.169615000000000E-02    2.076234000000000E-03    1.082734000000000E-01    1.013648000000000E-02    1.052254000000000E-04    2.585524000000000E-03    5.670438000000000E-02    5.500092000000000E-02    1.478965000000000E-02    2.002461000000000E-02    0.000000000000000E+00    0.000000000000000E+00    0.000000000000000E+00    0.000000000000000E+00    0.000000000000000E+00    1.611691000000000E-02    0.000000000000000E+00    1.471662000000000E-02    1.509426722278667E+40    2.008280166836000E+11    3.961114195319335E+08
                      485    2.634828000792892E+30    3.536649425139415E+33    7.067257825590889E+14    5.468992834028483E+07    3.331383716605081E-13    1.449378301338049E-01    3.348778164058155E+03    2.753330177943267E+03    4.189272306917633E-03    9.167236577021182E-01    3.537970723498494E+33    7.073394140753671E+14    1.253613000000000E-01    0.000000000000000E+00    5.322143000000000E-01    4.169400000000000E-02    2.076488000000000E-03    1.082582000000000E-01    1.013616000000000E-02    1.052383000000000E-04    2.585586000000000E-03    5.669486000000000E-02    5.499168000000000E-02    1.478716000000000E-02    2.002124000000000E-02    0.000000000000000E+00    0.000000000000000E+00    0.000000000000000E+00    0.000000000000000E+00    0.000000000000000E+00    1.611414000000000E-02    0.000000000000000E+00    1.471533000000000E-02    1.519426722278667E+40    2.008280166836000E+11    3.961114195319335E+08
                      486    2.643089843805642E+30    3.539292021857572E+33    7.079530455916456E+14    5.479492834028482E+07    3.331280435504333E-13    1.449378301338049E-01    3.348778164058155E+03    2.753330177943267E+03    4.190272306917633E-03    9.150105632046327E-01    3.540627239085746E+33    7.085790114566139E+14    1.253726000000000E-01    0.000000000000000E+00    5.322207000000000E-01    4.169317000000000E-02    2.076585000000000E-03    1.082524000000000E-01    1.013604000000000E-02    1.052432000000000E-04    2.585609000000000E-03    5.669122000000000E-02    5.498814000000000E-02    1.478621000000000E-02    2.001995000000000E-02    0.000000000000000E+00    0.000000000000000E+00    0.000000000000000E+00    0.000000000000000E+00    0.000000000000000E+00    1.611308000000000E-02    0.000000000000000E+00    1.471484000000000E-02    1.529283402848333E+40    2.008136847405667E+11    3.951114195319335E+08
                      487    2.670563702989077E+30    3.541962456313920E+33    7.092049773215819E+14    5.489992834028482E+07    3.331383716605081E-13    1.449378301338049E-01    3.348778164058155E+03    2.753330177943267E+03    4.187286638860666E-03    9.132642244598053E-01    3.543304632976641E+33    7.098397413045321E+14    1.253744000000000E-01    0.000000000000000E+00    5.322217000000000E-01    4.169304000000000E-02    2.076600000000000E-03    1.082515000000000E-01    1.013603000000000E-02    1.052440000000000E-04    2.585613000000000E-03    5.669065000000000E-02    5.498759000000000E-02    1.478605000000000E-02    2.001975000000000E-02    0.000000000000000E+00    0.000000000000000E+00    0.000000000000000E+00    0.000000000000000E+00    0.000000000000000E+00    1.611291000000000E-02    0.000000000000000E+00    1.471476000000000E-02    1.529426722278667E+40    2.008280166836000E+11    3.951114195319335E+08
                      488    2.683438656901847E+30    3.544646809639362E+33    7.104745052874822E+14    5.500499999999999E+07    3.331383716605081E-13    1.449378301338049E-01    3.348778164058155E+03    2.753330177943267E+03    4.187286638860666E-03    9.114933407962794E-01    3.545986003687277E+33    7.111037670386824E+14    1.253752000000000E-01    0.000000000000000E+00    5.322222000000000E-01    4.169298000000000E-02    2.076608000000000E-03    1.082510000000000E-01    1.013602000000000E-02    1.052444000000000E-04    2.585615000000000E-03    5.669037000000000E-02    5.498732000000000E-02    1.478598000000000E-02    2.001965000000000E-02    0.000000000000000E+00    0.000000000000000E+00    0.000000000000000E+00    0.000000000000000E+00    0.000000000000000E+00    1.611283000000000E-02    0.000000000000000E+00    1.471473000000000E-02    1.539426722278667E+40    2.008280166836000E+11    3.941114195319334E+08
                      489    2.679306741190536E+30    3.547325197735193E+33    7.117330287898821E+14    5.511500000000000E+07    3.323618703113500E-13    1.449378301338049E-01    3.341184585905708E+03    2.753330177943267E+03    4.190300970803700E-03    9.097406400892638E-01    3.548664391783107E+33    7.123735852703841E+14    1.253754000000000E-01    0.000000000000000E+00    5.322222000000000E-01    4.169297000000000E-02    2.076609000000000E-03    1.082509000000000E-01    1.013602000000000E-02    1.052444000000000E-04    2.585615000000000E-03    5.669033000000000E-02    5.498727000000000E-02    1.478597000000000E-02    2.001963000000000E-02    0.000000000000000E+00    0.000000000000000E+00    0.000000000000000E+00    0.000000000000000E+00    0.000000000000000E+00    1.611282000000000E-02    0.000000000000000E+00    1.471472000000000E-02    1.549426722278667E+40    1.998280166836000E+11    3.931114195319334E+08
                      490    2.677228852875657E+30    3.550003585831023E+33    7.130141417508859E+14    5.522492834028483E+07    3.323618703113500E-13    1.449378301338049E-01    3.341184585905708E+03    2.753330177943267E+03    4.190300970803700E-03    9.079564800000225E-01    3.551342779878938E+33    7.136592205361224E+14    1.253754000000000E-01    0.000000000000000E+00    5.322223000000000E-01    4.169297000000000E-02    2.076609000000000E-03    1.082509000000000E-01    1.013601000000000E-02    1.052445000000000E-04    2.585615000000000E-03    5.669031000000000E-02    5.498726000000000E-02    1.478597000000000E-02    2.001963000000000E-02    0.000000000000000E+00    0.000000000000000E+00    0.000000000000000E+00    0.000000000000000E+00    0.000000000000000E+00    1.611281000000000E-02    0.000000000000000E+00    1.471472000000000E-02    1.559283402848333E+40    1.998280166836000E+11    3.921114195319334E+08
                      491    2.678839464870922E+30    3.552681973926853E+33    7.143042993213588E+14    5.532992834028482E+07    3.315974592218169E-13    1.449204396342078E-01    3.341184585905708E+03    2.753241458081208E+03    4.192286638860667E-03    9.061630061137185E-01    3.553934672145393E+33    7.149116575867660E+14    1.253754000000000E-01    0.000000000000000E+00    5.322223000000000E-01    4.169297000000000E-02    2.076609000000000E-03    1.082509000000000E-01    1.013601000000000E-02    1.052445000000000E-04    2.585615000000000E-03    5.669031000000000E-02    5.498726000000000E-02    1.478597000000000E-02    2.001963000000000E-02    0.000000000000000E+00    0.000000000000000E+00    0.000000000000000E+00    0.000000000000000E+00    0.000000000000000E+00    1.611281000000000E-02    0.000000000000000E+00    1.471472000000000E-02    1.559426722278667E+40    1.998136847405667E+11    3.911114195319335E+08
                      492    2.505185665633249E+30    3.555187370363932E+33    7.155190158521734E+14    5.543492834028482E+07    3.278118574691204E-13    1.449204396342078E-01    3.341184585905708E+03    2.753241458081208E+03    4.205286638860667E-03    9.044885035675582E-01    3.556568321019132E+33    7.161591787256598E+14    1.253754000000000E-01    0.000000000000000E+00    5.322223000000000E-01    4.169297000000000E-02    2.076609000000000E-03    1.082509000000000E-01    1.013601000000000E-02    1.052445000000000E-04    2.585615000000000E-03    5.669031000000000E-02    5.498726000000000E-02    1.478597000000000E-02    2.001963000000000E-02    0.000000000000000E+00    0.000000000000000E+00    0.000000000000000E+00    0.000000000000000E+00    0.000000000000000E+00    1.611281000000000E-02    0.000000000000000E+00    1.471472000000000E-02    1.569426722278667E+40    1.978136847405667E+11    3.861257514749668E+08
                      493    2.762933295122484E+30    3.557949271674332E+33    7.167993415991464E+14    5.555485668056966E+07    3.293147583687924E-13    1.436090321200157E-01    3.341184585905708E+03    2.746997694258560E+03    4.199286638860666E-03    9.027179975017323E-01    3.559738840557960E+33    7.175880848264118E+14    1.253754000000000E-01    0.000000000000000E+00    5.322223000000000E-01    4.169297000000000E-02    2.076609000000000E-03    1.082509000000000E-01    1.013601000000000E-02    1.052445000000000E-04    2.585615000000000E-03    5.669031000000000E-02    5.498726000000000E-02    1.478597000000000E-02    2.001963000000000E-02    0.000000000000000E+00    0.000000000000000E+00    0.000000000000000E+00    0.000000000000000E+00    0.000000000000000E+00    1.611281000000000E-02    0.000000000000000E+00    1.471472000000000E-02    1.579426722278667E+40    1.978280166836000E+11    3.871257514749668E+08
                      494    3.578382171505626E+30    3.561528409441589E+33    7.183768280536771E+14    5.569485668056968E+07    3.385514347450638E-13    1.436090321200157E-01    3.341184585905708E+03    2.746997694258560E+03    4.163272306917634E-03    9.004946064671667E-01    3.563617234010757E+33    7.193151271051950E+14    1.253754000000000E-01    0.000000000000000E+00    5.322223000000000E-01    4.169297000000000E-02    2.076609000000000E-03    1.082509000000000E-01    1.013601000000000E-02    1.052445000000000E-04    2.585615000000000E-03    5.669031000000000E-02    5.498726000000000E-02    1.478597000000000E-02    2.001963000000000E-02    0.000000000000000E+00    0.000000000000000E+00    0.000000000000000E+00    0.000000000000000E+00    0.000000000000000E+00    1.611281000000000E-02    0.000000000000000E+00    1.471472000000000E-02    1.589426722278667E+40    2.038280166836000E+11    3.971114195319335E+08
                      495    4.178734810126005E+30    3.565706058579926E+33    7.202534261567129E+14    5.584985668056966E+07    3.480363926720265E-13    1.436090321200157E-01    3.341184585905708E+03    2.746997694258560E+03    4.126286638860667E-03    8.977996853373205E-01    3.567930095020301E+33    7.212469696886720E+14    1.253754000000000E-01    0.000000000000000E+00    5.322223000000000E-01    4.169297000000000E-02    2.076609000000000E-03    1.082509000000000E-01    1.013601000000000E-02    1.052445000000000E-04    2.585615000000000E-03    5.669031000000000E-02    5.498726000000000E-02    1.478597000000000E-02    2.001963000000000E-02    0.000000000000000E+00    0.000000000000000E+00    0.000000000000000E+00    0.000000000000000E+00    0.000000000000000E+00    1.611281000000000E-02    0.000000000000000E+00    1.471472000000000E-02    1.599426722278667E+40    2.098136847405667E+11    4.070827556458668E+08
                      496    4.447983402307357E+30    3.570154131460677E+33    7.222405132206310E+14    5.600992834028485E+07    3.512567337639613E-13    1.436090321200157E-01    3.341184585905708E+03    2.746997694258560E+03    4.116272306917633E-03    8.949266792288207E-01    3.572575020478251E+33    7.232912456576921E+14    1.253754000000000E-01    0.000000000000000E+00    5.322223000000000E-01    4.169297000000000E-02    2.076609000000000E-03    1.082509000000000E-01    1.013601000000000E-02    1.052445000000000E-04    2.585615000000000E-03    5.669031000000000E-02    5.498726000000000E-02    1.478597000000000E-02    2.001963000000000E-02    0.000000000000000E+00    0.000000000000000E+00    0.000000000000000E+00    0.000000000000000E+00    0.000000000000000E+00    1.611281000000000E-02    0.000000000000000E+00    1.471472000000000E-02    1.609426722278667E+40    2.118136847405667E+11    4.090827556458668E+08
                      497    4.841778035149753E+30    3.574995909495826E+33    7.243419780947532E+14    5.617000000000000E+07    3.528780611808897E-13    1.435918010574772E-01    3.341184585905708E+03    2.746909178446522E+03    4.096272306917633E-03    8.918891070850880E-01    3.577363111446892E+33    7.253736001429466E+14    1.253754000000000E-01    0.000000000000000E+00    5.322223000000000E-01    4.169297000000000E-02    2.076609000000000E-03    1.082509000000000E-01    1.013601000000000E-02    1.052445000000000E-04    2.585615000000000E-03    5.669031000000000E-02    5.498726000000000E-02    1.478597000000000E-02    2.001963000000000E-02    0.000000000000000E+00    0.000000000000000E+00    0.000000000000000E+00    0.000000000000000E+00    0.000000000000000E+00    1.611281000000000E-02    0.000000000000000E+00    1.471472000000000E-02    1.629283402848333E+40    2.128136847405667E+11    4.110827556458668E+08
                      498    4.732948386106707E+30    3.579730313397959E+33    7.264052221911402E+14    5.632500000000000E+07    3.480472075309332E-13    1.435918010574772E-01    3.341184585905708E+03    2.746909178446522E+03    4.111257974974600E-03    8.889368444201992E-01    3.581828085811545E+33    7.273416671274802E+14    1.253754000000000E-01    0.000000000000000E+00    5.322223000000000E-01    4.169297000000000E-02    2.076609000000000E-03    1.082509000000000E-01    1.013601000000000E-02    1.052445000000000E-04    2.585615000000000E-03    5.669031000000000E-02    5.498726000000000E-02    1.478597000000000E-02    2.001963000000000E-02    0.000000000000000E+00    0.000000000000000E+00    0.000000000000000E+00    0.000000000000000E+00    0.000000000000000E+00    1.611281000000000E-02    0.000000000000000E+00    1.471472000000000E-02    1.639426722278667E+40    2.098136847405667E+11    4.050827556458668E+08
                      499    4.196867119736900E+30    3.583925858225132E+33    7.282781120638202E+14    5.647000000000000E+07    3.377832839807303E-13    1.422924165996431E-01    3.341076188008395E+03    2.740679774882173E+03    4.147257974974599E-03    8.863132118709539E-01    3.585909297071153E+33    7.291693952756380E+14    1.253754000000000E-01    0.000000000000000E+00    5.322223000000000E-01    4.169297000000000E-02    2.076609000000000E-03    1.082509000000000E-01    1.013601000000000E-02    1.052445000000000E-04    2.585615000000000E-03    5.669031000000000E-02    5.498726000000000E-02    1.478597000000000E-02    2.001963000000000E-02    0.000000000000000E+00    0.000000000000000E+00    0.000000000000000E+00    0.000000000000000E+00    0.000000000000000E+00    1.611281000000000E-02    0.000000000000000E+00    1.471472000000000E-02    1.649426722278667E+40    2.038280166836000E+11    3.931114195319334E+08
                      500    3.965517619691053E+30    3.587892735917174E+33    7.300606784874556E+14    5.661000000000001E+07    3.316180442346172E-13    1.422924165996431E-01    3.333500074601057E+03    2.740679774882173E+03    4.169257974974600E-03    8.838486812786269E-01    3.589913954550739E+33    7.309704064524602E+14    1.253754000000000E-01    0.000000000000000E+00    5.322223000000000E-01    4.169297000000000E-02    2.076609000000000E-03    1.082509000000000E-01    1.013601000000000E-02    1.052445000000000E-04    2.585615000000000E-03    5.669031000000000E-02    5.498726000000000E-02    1.478597000000000E-02    2.001963000000000E-02    0.000000000000000E+00    0.000000000000000E+00    0.000000000000000E+00    0.000000000000000E+00    0.000000000000000E+00    1.611281000000000E-02    0.000000000000000E+00    1.471472000000000E-02    1.669283402848333E+40    1.998280166836000E+11    3.851400834180002E+08
                      501    4.043149117862846E+30    3.591935173184303E+33    7.318801344174645E+14    5.675000000000000E+07    3.308450632408681E-13    1.422924165996431E-01    3.333500074601057E+03    2.740679774882173E+03    4.173257974974599E-03    8.813366060877816E-01    3.593971304891898E+33    7.327941606161550E+14    1.253754000000000E-01    0.000000000000000E+00    5.322223000000000E-01    4.169297000000000E-02    2.076609000000000E-03    1.082509000000000E-01    1.013601000000000E-02    1.052445000000000E-04    2.585615000000000E-03    5.669031000000000E-02    5.498726000000000E-02    1.478597000000000E-02    2.001963000000000E-02    0.000000000000000E+00    0.000000000000000E+00    0.000000000000000E+00    0.000000000000000E+00    0.000000000000000E+00    1.611281000000000E-02    0.000000000000000E+00    1.471472000000000E-02    1.679283402848333E+40    1.988280166836000E+11    3.831400834180001E+08
                      502    4.072032759644606E+30    3.596007436599493E+33    7.337081868148455E+14    5.689500000000001E+07    3.285675418453455E-13    1.422753435124356E-01    3.333500074601057E+03    2.740591462650853E+03    4.179272306917634E-03    8.788264252197062E-01    3.598047545126829E+33    7.346239057225970E+14    1.253754000000000E-01    0.000000000000000E+00    5.322223000000000E-01    4.169297000000000E-02    2.076609000000000E-03    1.082509000000000E-01    1.013601000000000E-02    1.052445000000000E-04    2.585615000000000E-03    5.669031000000000E-02    5.498726000000000E-02    1.478597000000000E-02    2.001963000000000E-02    0.000000000000000E+00    0.000000000000000E+00    0.000000000000000E+00    0.000000000000000E+00    0.000000000000000E+00    1.611281000000000E-02    0.000000000000000E+00    1.471472000000000E-02    1.689283402848333E+40    1.978280166836000E+11    3.801400834180001E+08
                      503    4.080061958702485E+30    3.600087653654165E+33    7.355396246303484E+14    5.704492834028483E+07    3.270579111187309E-13    1.422753435124356E-01    3.333500074601057E+03    2.740591462650853E+03    4.185272306917634E-03    8.763195567983851E-01    3.602125773771631E+33    7.364542373001369E+14    1.253754000000000E-01    0.000000000000000E+00    5.322223000000000E-01    4.169297000000000E-02    2.076609000000000E-03    1.082509000000000E-01    1.013601000000000E-02    1.052445000000000E-04    2.585615000000000E-03    5.669031000000000E-02    5.498726000000000E-02    1.478597000000000E-02    2.001963000000000E-02    0.000000000000000E+00    0.000000000000000E+00    0.000000000000000E+00    0.000000000000000E+00    0.000000000000000E+00    1.611281000000000E-02    0.000000000000000E+00    1.471472000000000E-02    1.699283402848333E+40    1.968280166836000E+11    3.771544153610335E+08
                      504    4.076172628995399E+30    3.604163893889096E+33    7.373688499699251E+14    5.719485668056966E+07    3.255451235016719E-13    1.409878718829159E-01    3.333391926011990E+03    2.734376386317123E+03    4.190272306917633E-03    8.738243233266988E-01    3.606214938670721E+33    7.382869299051744E+14    1.253754000000000E-01    0.000000000000000E+00    5.322223000000000E-01    4.169297000000000E-02    2.076609000000000E-03    1.082509000000000E-01    1.013601000000000E-02    1.052445000000000E-04    2.585615000000000E-03    5.669031000000000E-02    5.498726000000000E-02    1.478597000000000E-02    2.001963000000000E-02    0.000000000000000E+00    0.000000000000000E+00    0.000000000000000E+00    0.000000000000000E+00    0.000000000000000E+00    1.611281000000000E-02    0.000000000000000E+00    1.471472000000000E-02    1.709426722278667E+40    1.958280166836000E+11    3.751544153610334E+08
                      505    4.102731819638313E+30    3.608265983452347E+33    7.392050098404238E+14    5.734485668056966E+07    3.240594261663384E-13    1.409878718829159E-01    3.325833237181958E+03    2.734376386317123E+03    4.193272306917633E-03    8.713292743762178E-01    3.610349836996838E+33    7.401339966975519E+14    1.253754000000000E-01    0.000000000000000E+00    5.322223000000000E-01    4.169297000000000E-02    2.076609000000000E-03    1.082509000000000E-01    1.013601000000000E-02    1.052445000000000E-04    2.585615000000000E-03    5.669031000000000E-02    5.498726000000000E-02    1.478597000000000E-02    2.001963000000000E-02    0.000000000000000E+00    0.000000000000000E+00    0.000000000000000E+00    0.000000000000000E+00    0.000000000000000E+00    1.611281000000000E-02    0.000000000000000E+00    1.471472000000000E-02    1.719426722278667E+40    1.948423486266334E+11    3.731544153610334E+08
                      506    4.166951493232248E+30    3.612433690541330E+33    7.410629835546800E+14    5.749492834028484E+07    3.240594261663384E-13    1.409878718829159E-01    3.325833237181958E+03    2.734376386317123E+03    4.193272306917633E-03    8.688045844340212E-01    3.614542399209205E+33    7.420006361055549E+14    1.253754000000000E-01    0.000000000000000E+00    5.322223000000000E-01    4.169297000000000E-02    2.076609000000000E-03    1.082509000000000E-01    1.013601000000000E-02    1.052445000000000E-04    2.585615000000000E-03    5.669031000000000E-02    5.498725000000000E-02    1.478597000000000E-02    2.001962000000000E-02    0.000000000000000E+00    0.000000000000000E+00    0.000000000000000E+00    0.000000000000000E+00    0.000000000000000E+00    1.611281000000000E-02    0.000000000000000E+00    1.471472000000000E-02    1.739283402848334E+40    1.948280166836000E+11    3.721544153610334E+08
                      507    4.218399610226689E+30    3.616651107877080E+33    7.429382886564300E+14    5.764992834028484E+07    3.233141101684556E-13    1.409709553227127E-01    3.325833237181958E+03    2.734288277198298E+03    4.193286638860667E-03    8.662621965173281E-01    3.618783677463404E+33    7.438832888037821E+14    1.253755000000000E-01    0.000000000000000E+00    5.322223000000000E-01    4.169296000000000E-02    2.076610000000000E-03    1.082509000000000E-01    1.013601000000000E-02    1.052445000000000E-04    2.585615000000000E-03    5.669030000000000E-02    5.498724000000000E-02    1.478596000000000E-02    2.001962000000000E-02    0.000000000000000E+00    0.000000000000000E+00    0.000000000000000E+00    0.000000000000000E+00    0.000000000000000E+00    1.611281000000000E-02    0.000000000000000E+00    1.471472000000000E-02    1.749283402848334E+40    1.948280166836000E+11    3.711544153610334E+08
                      508    4.264654000638867E+30    3.620916247049727E+33    7.448282889511345E+14    5.780985668056967E+07    3.233040866346852E-13    1.409709553227127E-01    3.325833237181958E+03    2.734288277198298E+03    4.194286638860667E-03    8.636993567431788E-01    3.623076654374241E+33    7.457816225746286E+14    1.253756000000000E-01    0.000000000000000E+00    5.322224000000000E-01    4.169295000000000E-02    2.076611000000000E-03    1.082508000000000E-01    1.013601000000000E-02    1.052445000000000E-04    2.585616000000000E-03    5.669025000000000E-02    5.498720000000000E-02    1.478595000000000E-02    2.001960000000000E-02    0.000000000000000E+00    0.000000000000000E+00    0.000000000000000E+00    0.000000000000000E+00    0.000000000000000E+00    1.611279000000000E-02    0.000000000000000E+00    1.471471000000000E-02    1.759283402848333E+40    1.948280166836000E+11    3.691687473040668E+08
                      509    4.320671483516173E+30    3.625237061698754E+33    7.467349561981228E+14    5.796492834028483E+07    3.225605078695181E-13    1.396952873040420E-01    3.325833237181958E+03    2.728087495143477E+03    4.195286638860667E-03    8.611192475312339E-01    3.627405422662751E+33    7.476904704026405E+14    1.253770000000000E-01    0.000000000000000E+00    5.322230999999999E-01    4.169285000000000E-02    2.076623000000000E-03    1.082501000000000E-01    1.013600000000000E-02    1.052451000000000E-04    2.585618000000000E-03    5.668981000000000E-02    5.498677000000000E-02    1.478583000000000E-02    2.001945000000000E-02    0.000000000000000E+00    0.000000000000000E+00    0.000000000000000E+00    0.000000000000000E+00    0.000000000000000E+00    1.611267000000000E-02    0.000000000000000E+00    1.471465000000000E-02    1.769283402848333E+40    1.938280166836000E+11    3.681544153610335E+08
                      510    4.337879182537195E+30    3.629573783626746E+33    7.486459846071580E+14    5.811992834028482E+07    3.210884314892270E-13    1.396952873040420E-01    3.325725337327743E+03    2.728087495143477E+03    4.199286638860666E-03    8.585425819275317E-01    3.631738167771001E+33    7.495998802912184E+14    1.253801000000000E-01    0.000000000000000E+00    5.322247000000000E-01    4.169262000000000E-02    2.076649000000000E-03    1.082486000000000E-01    1.013596000000000E-02    1.052465000000000E-04    2.585625000000000E-03    5.668884000000000E-02    5.498583000000000E-02    1.478558000000000E-02    2.001911000000000E-02    0.000000000000000E+00    0.000000000000000E+00    0.000000000000000E+00    0.000000000000000E+00    0.000000000000000E+00    1.611239000000000E-02    0.000000000000000E+00    1.471452000000000E-02    1.779426722278667E+40    1.938280166836000E+11    3.661544153610334E+08
                      511    4.328328849928232E+30    3.633902551915256E+33    7.505537759752788E+14    5.827492834028483E+07    3.196032553579531E-13    1.396952873040420E-01    3.325725337327743E+03    2.728087495143477E+03    4.205272306917634E-03    8.559785306521226E-01    3.636068924469382E+33    7.515081074536949E+14    1.254125000000000E-01    0.000000000000000E+00    5.322420000000000E-01    4.169023000000000E-02    2.076925000000000E-03    1.082321000000000E-01    1.013561000000000E-02    1.052605000000000E-04    2.585690000000000E-03    5.667860000000000E-02    5.497588000000000E-02    1.478291000000000E-02    2.001548000000000E-02    0.000000000000000E+00    0.000000000000000E+00    0.000000000000000E+00    0.000000000000000E+00    0.000000000000000E+00    1.610941000000000E-02    0.000000000000000E+00    1.471312000000000E-02    1.799283402848333E+40    1.918423486266334E+11    3.631687473040668E+08
                      512    4.333122906126484E+30    3.638235297023507E+33    7.524624389321110E+14    5.842499999999999E+07    3.174129626072178E-13    1.396785258357950E-01    3.318184032999610E+03    2.727999588670003E+03    4.210272306917634E-03    8.534278563236605E-01    3.640408629012180E+33    7.534191972814785E+14    1.255116000000000E-01    0.000000000000000E+00    5.322946000000000E-01    4.168292999999999E-02    2.077768000000000E-03    1.081819000000000E-01    1.013452000000000E-02    1.053032000000000E-04    2.585891000000000E-03    5.664734000000000E-02    5.494552000000000E-02    1.477473000000000E-02    2.000439000000000E-02    0.000000000000000E+00    0.000000000000000E+00    0.000000000000000E+00    0.000000000000000E+00    0.000000000000000E+00    1.610032000000000E-02    0.000000000000000E+00    1.470884000000000E-02    1.809283402848333E+40    1.918280166836000E+11    3.601830792471001E+08
                      513    4.345977975940547E+30    3.642581961000854E+33    7.543759556308460E+14    5.857992834028484E+07    3.159545825168225E-13    1.384145532118181E-01    3.318184032999610E+03    2.721813068018158E+03    4.203272306917633E-03    8.508866767172860E-01    3.644762252424074E+33    7.553363647536371E+14    1.261872000000000E-01    0.000000000000000E+00    5.326535999999999E-01    4.163313000000000E-02    2.083519000000000E-03    1.078396000000000E-01    1.012713000000000E-02    1.055946000000000E-04    2.587260000000000E-03    5.643417000000000E-02    5.473844000000000E-02    1.471898000000000E-02    1.992882000000000E-02    0.000000000000000E+00    0.000000000000000E+00    0.000000000000000E+00    0.000000000000000E+00    0.000000000000000E+00    1.603836000000000E-02    0.000000000000000E+00    1.467965000000000E-02    1.819283402848334E+40    1.908280166836000E+11    3.571830792471001E+08
                      514    4.360936783397809E+30    3.646942543847295E+33    7.562967738764281E+14    5.873492834028484E+07    3.145029030742853E-13    1.384145532118181E-01    3.318184032999610E+03    2.721813068018158E+03    4.208257974974600E-03    8.483445084274973E-01    3.649112893221161E+33    7.572534306321035E+14    1.286582000000000E-01    0.000000000000000E+00    5.339663000000000E-01    4.145100000000000E-02    2.104549000000000E-03    1.065876000000000E-01    1.010009000000000E-02    1.066604000000000E-04    2.592268000000000E-03    5.565454000000000E-02    5.398111000000000E-02    1.451511000000000E-02    1.965242000000000E-02    0.000000000000000E+00    0.000000000000000E+00    0.000000000000000E+00    0.000000000000000E+00    0.000000000000000E+00    1.581175000000000E-02    0.000000000000000E+00    1.457291000000000E-02    1.829283402848333E+40    1.898280166836000E+11    3.512117431331668E+08
                      515    4.339485817712718E+30    3.651283242595028E+33    7.582100873877788E+14    5.888500000000000E+07    3.130578934929259E-13    1.384145532118181E-01    3.318076381308173E+03    2.721813068018158E+03    4.214257974974599E-03    8.458203132952102E-01    3.653436690484994E+33    7.591610257149894E+14    1.299926000000000E-01    0.000000000000000E+00    5.346753000000000E-01    4.135264000000000E-02    2.115906000000000E-03    1.059114000000000E-01    1.008549000000000E-02    1.072360000000000E-04    2.594972000000000E-03    5.523351000000000E-02    5.357212000000000E-02    1.440500000000000E-02    1.950316000000000E-02    0.000000000000000E+00    0.000000000000000E+00    0.000000000000000E+00    0.000000000000000E+00    0.000000000000000E+00    1.568937000000000E-02    0.000000000000000E+00    1.451526000000000E-02    1.849283402848334E+40    1.888280166836000E+11    3.472117431331668E+08
                      516    4.307392882399652E+30    3.655590138374960E+33    7.601119640422000E+14    5.903499999999999E+07    3.109028181126761E-13    1.384145532118181E-01    3.318076381308173E+03    2.721813068018158E+03    4.221257974974600E-03    8.433243401403218E-01    3.657731655805702E+33    7.610581802828915E+14    1.301131000000000E-01    0.000000000000000E+00    5.347393000000000E-01    4.134376000000000E-02    2.116931000000000E-03    1.058504000000000E-01    1.008417000000000E-02    1.072880000000000E-04    2.595216000000000E-03    5.519550000000000E-02    5.353521000000000E-02    1.439506000000000E-02    1.948968000000000E-02    0.000000000000000E+00    0.000000000000000E+00    0.000000000000000E+00    0.000000000000000E+00    0.000000000000000E+00    1.567832000000000E-02    0.000000000000000E+00    1.451006000000000E-02    1.859283402848333E+40    1.868423486266334E+11    3.442117431331668E+08
                      517    4.283462369605801E+30    3.659873173236444E+33    7.620043965235829E+14    5.918500000000000E+07    3.087625781669931E-13    1.383979454136356E-01    3.310552421498689E+03    2.721725363723962E+03    4.228257974974599E-03    8.408537678231225E-01    3.662000771798091E+33    7.629477809601520E+14    1.301659000000000E-01    0.000000000000000E+00    5.347674000000000E-01    4.133986000000000E-02    2.117381000000000E-03    1.058236000000000E-01    1.008359000000000E-02    1.073108000000000E-04    2.595323000000000E-03    5.517882000000000E-02    5.351900000000000E-02    1.439070000000000E-02    1.948377000000000E-02    0.000000000000000E+00    0.000000000000000E+00    0.000000000000000E+00    0.000000000000000E+00    0.000000000000000E+00    1.567348000000000E-02    0.000000000000000E+00    1.450778000000000E-02    1.869283402848333E+40    1.858423486266333E+11    3.412260750762001E+08
                      518    4.254437550723221E+30    3.664128370359737E+33    7.638911653967209E+14    5.933992834028483E+07    3.073344145635978E-13    1.371455609603293E-01    3.310552421498689E+03    2.715553071674776E+03    4.234272306917634E-03    8.383984976604674E-01    3.666243044257225E+33    7.648338012726744E+14    1.301716000000000E-01    0.000000000000000E+00    5.347704000000000E-01    4.133944000000000E-02    2.117429000000000E-03    1.058207000000000E-01    1.008353000000000E-02    1.073133000000000E-04    2.595335000000000E-03    5.517702000000000E-02    5.351725000000000E-02    1.439023000000000E-02    1.948313000000000E-02    0.000000000000000E+00    0.000000000000000E+00    0.000000000000000E+00    0.000000000000000E+00    0.000000000000000E+00    1.567295000000000E-02    0.000000000000000E+00    1.450753000000000E-02    1.879283402848334E+40    1.848423486266334E+11    3.382260750762001E+08
                      519    4.229713662390961E+30    3.668357718154712E+33    7.657764371486279E+14    5.949485668056966E+07    3.052282021612361E-13    1.371455609603293E-01    3.310552421498689E+03    2.715553071674776E+03    4.240257974974600E-03    8.359585423345729E-01    3.670477363076876E+33    7.667165398118964E+14    1.301736000000000E-01    0.000000000000000E+00    5.347714000000000E-01    4.133930000000000E-02    2.117446000000000E-03    1.058197000000000E-01    1.008351000000000E-02    1.073141000000000E-04    2.595339000000000E-03    5.517640000000000E-02    5.351665000000000E-02    1.439007000000000E-02    1.948291000000000E-02    0.000000000000000E+00    0.000000000000000E+00    0.000000000000000E+00    0.000000000000000E+00    0.000000000000000E+00    1.567277000000000E-02    0.000000000000000E+00    1.450745000000000E-02    1.889283402848333E+40    1.838423486266334E+11    3.362260750762001E+08
                      520    4.239285867508502E+30    3.672597007999040E+33    7.676566424751646E+14    5.964492834028482E+07    3.038258059597610E-13    1.371455609603293E-01    3.310445017399272E+03    2.715553071674776E+03    4.246257974974600E-03    8.335328972542203E-01    3.674721623945881E+33    7.686071144572416E+14    1.301740000000000E-01    0.000000000000000E+00    5.347717000000000E-01    4.133927000000000E-02    2.117450000000000E-03    1.058195000000000E-01    1.008351000000000E-02    1.073143000000000E-04    2.595340000000000E-03    5.517627000000000E-02    5.351652000000000E-02    1.439003000000000E-02    1.948286000000000E-02    0.000000000000000E+00    0.000000000000000E+00    0.000000000000000E+00    0.000000000000000E+00    0.000000000000000E+00    1.567273000000000E-02    0.000000000000000E+00    1.450743000000000E-02    1.909140083418000E+40    1.828423486266334E+11    3.332404070192335E+08
                      521    4.249975558973375E+30    3.676846239892722E+33    7.695575864393188E+14    5.979500000000000E+07    3.031176283125543E-13    1.371455609603293E-01    3.310445017399272E+03    2.715553071674776E+03    4.248257974974600E-03    8.310850629075897E-01    3.678975826864240E+33    7.705076587222212E+14    1.301740000000000E-01    0.000000000000000E+00    5.347717000000000E-01    4.133926000000000E-02    2.117450000000000E-03    1.058195000000000E-01    1.008351000000000E-02    1.073143000000000E-04    2.595340000000000E-03    5.517626000000000E-02    5.351651000000000E-02    1.439003000000000E-02    1.948286000000000E-02    0.000000000000000E+00    0.000000000000000E+00    0.000000000000000E+00    0.000000000000000E+00    0.000000000000000E+00    1.567273000000000E-02    0.000000000000000E+00    1.450743000000000E-02    1.919283402848334E+40    1.828280166836000E+11    3.322404070192335E+08
                      522    4.257573273089312E+30    3.681105413835757E+33    7.714577310051235E+14    5.994992834028483E+07    3.010403142277229E-13    1.371291054233558E-01    3.302938362217151E+03    2.715465569094859E+03    4.253257974974600E-03    8.286521643268102E-01    3.683249913881305E+33    7.724162049907366E+14    1.301741000000000E-01    0.000000000000000E+00    5.347717000000000E-01    4.133926000000000E-02    2.117450000000000E-03    1.058195000000000E-01    1.008351000000000E-02    1.073143000000000E-04    2.595340000000000E-03    5.517625000000000E-02    5.351650000000000E-02    1.439003000000000E-02    1.948286000000000E-02    0.000000000000000E+00    0.000000000000000E+00    0.000000000000000E+00    0.000000000000000E+00    0.000000000000000E+00    1.567273000000000E-02    0.000000000000000E+00    1.450743000000000E-02    1.929283402848333E+40    1.818423486266334E+11    3.292547389622667E+08
                      523    4.289793466634103E+30    3.685394413926853E+33    7.733746789763495E+14    6.010985668056966E+07    3.003479407181605E-13    1.358882028997322E-01    3.302938362217151E+03    2.709307472923452E+03    4.255272306917633E-03    8.262022368418190E-01    3.687535931357594E+33    7.743509767808652E+14    1.301742000000000E-01    0.000000000000000E+00    5.347718000000000E-01    4.133925000000000E-02    2.117451000000000E-03    1.058194000000000E-01    1.008350000000000E-02    1.073144000000000E-04    2.595340000000000E-03    5.517621000000000E-02    5.351646000000000E-02    1.439002000000000E-02    1.948284000000000E-02    0.000000000000000E+00    0.000000000000000E+00    0.000000000000000E+00    0.000000000000000E+00    0.000000000000000E+00    1.567272000000000E-02    0.000000000000000E+00    1.450742000000000E-02    1.939283402848333E+40    1.808423486266333E+11    3.282404070192334E+08
                      524    4.282863858234720E+30    3.689677448788337E+33    7.753272745853811E+14    6.026492834028483E+07    3.003479407181605E-13    1.358882028997322E-01    3.302938362217151E+03    2.709307472923452E+03    4.255257974974600E-03    8.237067584631312E-01    3.691768261767376E+33    7.762911825598154E+14    1.301745000000000E-01    0.000000000000000E+00    5.347719000000000E-01    4.133923000000000E-02    2.117454000000000E-03    1.058192000000000E-01    1.008350000000000E-02    1.073145000000000E-04    2.595341000000000E-03    5.517611000000000E-02    5.351637000000000E-02    1.438999000000000E-02    1.948281000000000E-02    0.000000000000000E+00    0.000000000000000E+00    0.000000000000000E+00    0.000000000000000E+00    0.000000000000000E+00    1.567269000000000E-02    0.000000000000000E+00    1.450741000000000E-02    1.959140083418000E+40    1.808423486266333E+11    3.272404070192334E+08
                      525    4.182013698002786E+30    3.693859074746415E+33    7.772550905342496E+14    6.041992834028484E+07    2.982711126115286E-13    1.358882028997322E-01    3.302938362217151E+03    2.709307472923452E+03    4.263272306917634E-03    8.212553799370103E-01    3.695907136913234E+33    7.782145775268954E+14    1.301756000000000E-01    0.000000000000000E+00    5.347725000000000E-01    4.133915000000000E-02    2.117463000000000E-03    1.058187000000000E-01    1.008349000000000E-02    1.073150000000000E-04    2.595343000000000E-03    5.517578000000000E-02    5.351605000000000E-02    1.438991000000000E-02    1.948269000000000E-02    0.000000000000000E+00    0.000000000000000E+00    0.000000000000000E+00    0.000000000000000E+00    0.000000000000000E+00    1.567259000000000E-02    0.000000000000000E+00    1.450736000000000E-02    1.969140083418000E+40    1.798423486266334E+11    3.242547389622668E+08
                      526    4.095273294213325E+30    3.697955199080053E+33    7.791740645195410E+14    6.057492834028483E+07    2.962270124819010E-13    1.358882028997322E-01    3.302831205140308E+03    2.709307472923452E+03    4.269272306917633E-03    8.188285547688965E-01    3.699960510434651E+33    7.801266593236172E+14    1.301804000000000E-01    0.000000000000000E+00    5.347748000000000E-01    4.133879000000000E-02    2.117503000000000E-03    1.058163000000000E-01    1.008343000000000E-02    1.073170000000000E-04    2.595352000000000E-03    5.517430000000000E-02    5.351461000000000E-02    1.438952000000000E-02    1.948217000000000E-02    0.000000000000000E+00    0.000000000000000E+00    0.000000000000000E+00    0.000000000000000E+00    0.000000000000000E+00    1.567216000000000E-02    0.000000000000000E+00    1.450715000000000E-02    1.979283402848334E+40    1.788423486266334E+11    3.212690709053001E+08
                      527    4.011608960493834E+30    3.701965821789251E+33    7.810792541276934E+14    6.072500000000001E+07    2.941878000715641E-13    1.358718982280286E-01    3.295341814786009E+03    2.709220171593885E+03    4.276272306917634E-03    8.164318250093348E-01    3.703915457667470E+33    7.819994738912438E+14    1.301900000000000E-01    0.000000000000000E+00    5.347796000000000E-01    4.133808000000000E-02    2.117584000000000E-03    1.058116000000000E-01    1.008333000000000E-02    1.073211000000000E-04    2.595371000000000E-03    5.517135000000000E-02    5.351174000000000E-02    1.438875000000000E-02    1.948112000000000E-02    0.000000000000000E+00    0.000000000000000E+00    0.000000000000000E+00    0.000000000000000E+00    0.000000000000000E+00    1.567131000000000E-02    0.000000000000000E+00    1.450675000000000E-02    1.989283402848333E+40    1.768566805696667E+11    3.182690709053001E+08
                      528    3.899705229790689E+30    3.705865093545690E+33    7.829196936547940E+14    6.087500000000000E+07    2.908112440266767E-13    1.346423723671249E-01    3.295341814786009E+03    2.703076238650649E+03    4.291272306917633E-03    8.141350983368359E-01    3.707791862710396E+33    7.838242872577925E+14    1.302097000000000E-01    0.000000000000000E+00    5.347894000000000E-01    4.133661000000000E-02    2.117749000000000E-03    1.058018000000000E-01    1.008310000000000E-02    1.073295000000000E-04    2.595410000000000E-03    5.516529000000000E-02    5.350586000000000E-02    1.438716000000000E-02    1.947897000000000E-02    0.000000000000000E+00    0.000000000000000E+00    0.000000000000000E+00    0.000000000000000E+00    0.000000000000000E+00    1.566955000000000E-02    0.000000000000000E+00    1.450591000000000E-02    1.999283402848333E+40    1.748566805696667E+11    3.142690709053001E+08
                      529    3.852387040097687E+30    3.709718631875102E+33    7.847288808607908E+14    6.102500000000000E+07    2.881450705156370E-13    1.346423723671249E-01    3.295341814786009E+03    2.703076238650649E+03    4.242257974974599E-03    8.119236224894494E-01    3.711659319908904E+33    7.856483357911536E+14    1.302449000000000E-01    0.000000000000000E+00    5.348069000000000E-01    4.133400000000000E-02    2.118044000000000E-03    1.057844000000000E-01    1.008271000000000E-02    1.073444000000000E-04    2.595479000000000E-03    5.515449000000000E-02    5.349536000000000E-02    1.438434000000000E-02    1.947514000000000E-02    0.000000000000000E+00    0.000000000000000E+00    0.000000000000000E+00    0.000000000000000E+00    0.000000000000000E+00    1.566641000000000E-02    0.000000000000000E+00    1.450441000000000E-02    2.019140083418000E+40    1.738423486266334E+11    3.122690709053001E+08
                      530    3.881672340673328E+30    3.713600007942705E+33    7.865677907215164E+14    6.117992834028483E+07    2.868300566126492E-13    1.346423723671249E-01    3.295341814786009E+03    2.703076238650649E+03    4.245272306917632E-03    8.096844821808080E-01    3.715543678591312E+33    7.874840475851661E+14    1.302972000000000E-01    0.000000000000000E+00    5.348328000000000E-01    4.133011000000000E-02    2.118483000000000E-03    1.057585000000000E-01    1.008212000000000E-02    1.073667000000000E-04    2.595581000000000E-03    5.513842000000000E-02    5.347976000000000E-02    1.438014000000000E-02    1.946945000000000E-02    0.000000000000000E+00    0.000000000000000E+00    0.000000000000000E+00    0.000000000000000E+00    0.000000000000000E+00    1.566175000000000E-02    0.000000000000000E+00    1.450218000000000E-02    2.029140083418000E+40    1.728423486266334E+11    3.102834028483334E+08
                      531    3.887212050573094E+30    3.717487349239920E+33    7.884003044488156E+14    6.133492834028484E+07    2.842003828472136E-13    1.346423723671249E-01    3.295341814786009E+03    2.703076238650649E+03    4.255257974974600E-03    8.074683868952586E-01    3.719430025683592E+33    7.893244317069569E+14    1.303662000000000E-01    0.000000000000000E+00    5.348671000000000E-01    4.132497000000000E-02    2.119063000000000E-03    1.057243000000000E-01    1.008134000000000E-02    1.073960000000000E-04    2.595717000000000E-03    5.511720000000000E-02    5.345913000000000E-02    1.437458000000000E-02    1.946192000000000E-02    0.000000000000000E+00    0.000000000000000E+00    0.000000000000000E+00    0.000000000000000E+00    0.000000000000000E+00    1.565558000000000E-02    0.000000000000000E+00    1.449924000000000E-02    2.039140083418000E+40    1.708566805696667E+11    3.072834028483334E+08
                      532    3.886685121957358E+30    3.721372702127264E+33    7.902485589650981E+14    6.149000000000000E+07    2.822439611729412E-13    1.346262171775499E-01    3.295234904163603E+03    2.702989138108568E+03    4.263257974974601E-03    8.052444698262685E-01    3.723291517652487E+33    7.911617236110886E+14    1.304549000000000E-01    0.000000000000000E+00    5.349112000000000E-01    4.131838000000000E-02    2.119807000000000E-03    1.056804000000000E-01    1.008034000000000E-02    1.074338000000000E-04    2.595891000000000E-03    5.508993000000000E-02    5.343265000000000E-02    1.436745000000000E-02    1.945225000000000E-02    0.000000000000000E+00    0.000000000000000E+00    0.000000000000000E+00    0.000000000000000E+00    0.000000000000000E+00    1.564767000000000E-02    0.000000000000000E+00    1.449545000000000E-02    2.049140083418000E+40    1.698566805696667E+11    3.042977347913668E+08
                      533    3.836022426861843E+30    3.725210333177711E+33    7.920748882570790E+14    6.165000000000001E+07    2.790044911711273E-13    1.334079636774947E-01    3.287762738929131E+03    2.696859335818981E+03    4.277272306917634E-03    8.030650182803700E-01    3.727198743048409E+33    7.930136569181810E+14    1.305616000000000E-01    0.000000000000000E+00    5.349641000000001E-01    4.131045000000000E-02    2.120702000000000E-03    1.056276000000000E-01    1.007914000000000E-02    1.074791000000000E-04    2.596100000000000E-03    5.505715000000000E-02    5.340080000000000E-02    1.435888000000000E-02    1.944063000000000E-02    0.000000000000000E+00    0.000000000000000E+00    0.000000000000000E+00    0.000000000000000E+00    0.000000000000000E+00    1.563815000000000E-02    0.000000000000000E+00    1.449091000000000E-02    2.059283402848333E+40    1.678566805696667E+11    3.002977347913668E+08
                      534    3.976688506344635E+30    3.729187152919107E+33    7.939524255792831E+14    6.182000000000000E+07    2.777225819771466E-13    1.334079636774947E-01    3.287762738929131E+03    2.696859335818981E+03    4.283272306917633E-03    8.008316237600607E-01    3.731310774661012E+33    7.949472116815235E+14    1.306928000000000E-01    0.000000000000000E+00    5.350293000000000E-01    4.130069000000000E-02    2.121804000000000E-03    1.055627000000000E-01    1.007766000000000E-02    1.075349000000000E-04    2.596357000000000E-03    5.501682000000000E-02    5.336163000000000E-02    1.434833000000000E-02    1.942633000000000E-02    0.000000000000000E+00    0.000000000000000E+00    0.000000000000000E+00    0.000000000000000E+00    0.000000000000000E+00    1.562644000000000E-02    0.000000000000000E+00    1.448532000000000E-02    2.069283402848333E+40    1.668566805696667E+11    2.973120667344001E+08
                      535    4.248941585840612E+30    3.733434396402918E+33    7.959419977837641E+14    6.200000000000000E+07    2.770838377635632E-13    1.334079636774947E-01    3.287762738929131E+03    2.696859335818981E+03    4.282286638860666E-03    7.984709472847490E-01    3.735662409663035E+33    7.969793376218235E+14    1.308532000000000E-01    0.000000000000000E+00    5.351089000000000E-01    4.128877000000000E-02    2.123149000000000E-03    1.054833000000000E-01    1.007585000000000E-02    1.076031000000000E-04    2.596672000000000E-03    5.496754000000000E-02    5.331375000000000E-02    1.433544000000000E-02    1.940886000000000E-02    0.000000000000000E+00    0.000000000000000E+00    0.000000000000000E+00    0.000000000000000E+00    0.000000000000000E+00    1.561214000000000E-02    0.000000000000000E+00    1.447848000000000E-02    2.089140083418000E+40    1.668566805696667E+11    2.963120667344001E+08
                      536    4.455954937478985E+30    3.737890422923152E+33    7.980166774598830E+14    6.218507165971517E+07    2.758107531704025E-13    1.334079636774947E-01    3.287762738929131E+03    2.696859335818981E+03    4.288286638860667E-03    7.960171662843514E-01    3.740228792931094E+33    7.991103394982756E+14    1.310408000000000E-01    0.000000000000000E+00    5.352020000000000E-01    4.127482000000000E-02    2.124723000000000E-03    1.053904000000000E-01    1.007373000000000E-02    1.076829000000000E-04    2.597039000000000E-03    5.490991000000000E-02    5.325776000000000E-02    1.432037000000000E-02    1.938842000000000E-02    0.000000000000000E+00    0.000000000000000E+00    0.000000000000000E+00    0.000000000000000E+00    0.000000000000000E+00    1.559540000000000E-02    0.000000000000000E+00    1.447049000000000E-02    2.099140083418000E+40    1.658566805696667E+11    2.943120667344001E+08
                      537    4.675326256463748E+30    3.742567162939034E+33    8.002040015366682E+14    6.238514331943034E+07    2.739120853005917E-13    1.333919565995880E-01    3.287656074194333E+03    2.696772435602588E+03    4.294286638860667E-03    7.934443720101187E-01    3.745023843334282E+33    8.013610900377500E+14    1.312590000000000E-01    0.000000000000000E+00    5.353104000000000E-01    4.125860000000000E-02    2.126555000000000E-03    1.052824000000000E-01    1.007127000000000E-02    1.077757000000000E-04    2.597467000000000E-03    5.484285000000000E-02    5.319261000000000E-02    1.430283000000000E-02    1.936464000000000E-02    0.000000000000000E+00    0.000000000000000E+00    0.000000000000000E+00    0.000000000000000E+00    0.000000000000000E+00    1.557593000000000E-02    0.000000000000000E+00    1.446119000000000E-02    2.109140083418000E+40    1.648566805696667E+11    2.913263986774334E+08
                      538    4.914885900865708E+30    3.747480523729529E+33    8.025181785388318E+14    6.260007165971517E+07    2.720180734129375E-13    1.321848721147559E-01    3.280201094463007E+03    2.690656731467047E+03    4.303300970803701E-03    7.907355205222671E-01    3.749950128788936E+33    8.037040085266842E+14    1.315102000000000E-01    0.000000000000000E+00    5.354350000000000E-01    4.123992000000000E-02    2.128662000000000E-03    1.051581000000000E-01    1.006844000000000E-02    1.078825000000000E-04    2.597960000000000E-03    5.476567000000000E-02    5.311764000000001E-02    1.428265000000000E-02    1.933728000000000E-02    0.000000000000000E+00    0.000000000000000E+00    0.000000000000000E+00    0.000000000000000E+00    0.000000000000000E+00    1.555353000000000E-02    0.000000000000000E+00    1.445048000000000E-02    2.129140083418000E+40    1.638566805696667E+11    2.883263986774334E+08
                      539    4.939058999663785E+30    3.752419733848343E+33    8.048898385145369E+14    6.282000000000000E+07    2.658344089332210E-13    1.321848721147559E-01    3.280201094463007E+03    2.690656731467047E+03    4.329286638860667E-03    7.880061062452373E-01    3.754868460604107E+33    8.060855899585354E+14    1.317674000000000E-01    0.000000000000000E+00    5.355626999999999E-01    4.122079000000000E-02    2.130821000000000E-03    1.050308000000000E-01    1.006554000000000E-02    1.079920000000000E-04    2.598464000000000E-03    5.468663000000000E-02    5.304085000000000E-02    1.426197000000000E-02    1.930925000000000E-02    0.000000000000000E+00    0.000000000000000E+00    0.000000000000000E+00    0.000000000000000E+00    0.000000000000000E+00    1.553058000000000E-02    0.000000000000000E+00    1.443952000000000E-02    2.139140083418000E+40    1.598566805696667E+11    2.813407306204668E+08
                      540    4.895737513810886E+30    3.757317187359872E+33    8.072813414025338E+14    6.304007165971516E+07    2.579869631763689E-13    1.321848721147559E-01    3.280094675050292E+03    2.690656731467047E+03    4.367300970803700E-03    7.853116522589371E-01    3.759767902525508E+33    8.085044251161059E+14    1.320263000000000E-01    0.000000000000000E+00    5.356911000000000E-01    4.120154000000000E-02    2.132993000000000E-03    1.049027000000000E-01    1.006262000000000E-02    1.081020000000000E-04    2.598971000000000E-03    5.460710000000000E-02    5.296359000000000E-02    1.424118000000000E-02    1.928105000000000E-02    0.000000000000000E+00    0.000000000000000E+00    0.000000000000000E+00    0.000000000000000E+00    0.000000000000000E+00    1.550749000000000E-02    0.000000000000000E+00    1.442849000000000E-02    2.159140083418000E+40    1.558566805696667E+11    2.723550625635000E+08
                      541    4.902110367446473E+30    3.762218617691143E+33    8.097275088296776E+14    6.327014331943034E+07    2.498030636477642E-13    1.321848721147559E-01    3.272656841296553E+03    2.690656731467047E+03    4.406300970803700E-03    7.826192066529520E-01    3.764577866002726E+33    8.109583235196100E+14    1.322839000000000E-01    0.000000000000000E+00    5.358189000000000E-01    4.118239000000000E-02    2.135154000000000E-03    1.047752000000000E-01    1.005971000000000E-02    1.082116000000000E-04    2.599476000000000E-03    5.452797000000000E-02    5.288672000000000E-02    1.422048000000000E-02    1.925299000000000E-02    0.000000000000000E+00    0.000000000000000E+00    0.000000000000000E+00    0.000000000000000E+00    0.000000000000000E+00    1.548452000000000E-02    0.000000000000000E+00    1.441751000000000E-02    2.169140083418000E+40    1.508566805696667E+11    2.633837264495668E+08
                      542    4.718096952782463E+30    3.766937114314309E+33    8.121891382095425E+14    6.351014331943034E+07    2.396612170182799E-13    1.309729939228649E-01    3.272550666641695E+03    2.684468392709253E+03    4.459300970803701E-03    7.799884784443140E-01    3.769273495912379E+33    8.134437719209406E+14    1.325223000000000E-01    0.000000000000000E+00    5.359370000000000E-01    4.116466000000000E-02    2.137155000000000E-03    1.046572000000000E-01    1.005702000000000E-02    1.083129000000000E-04    2.599943000000000E-03    5.445475000000000E-02    5.281558000000000E-02    1.420133000000000E-02    1.922703000000000E-02    0.000000000000000E+00    0.000000000000000E+00    0.000000000000000E+00    0.000000000000000E+00    0.000000000000000E+00    1.546326000000000E-02    0.000000000000000E+00    1.440735000000000E-02    2.179140083418000E+40    1.438710125127000E+11    2.523980583926001E+08
                      543    4.673248368148869E+30    3.771609877510450E+33    8.146984056323389E+14    6.377014331943033E+07    2.299311229572149E-13    1.309729939228649E-01    3.265129939430884E+03    2.684468392709253E+03    4.513300970803700E-03    7.773845580915647E-01    3.774457280445290E+33    8.161890070530789E+14    1.327501000000000E-01    0.000000000000000E+00    5.360499000000000E-01    4.114772000000000E-02    2.139065000000000E-03    1.045446000000000E-01    1.005445000000000E-02    1.084098000000000E-04    2.600389000000000E-03    5.438481000000000E-02    5.274764000000000E-02    1.418304000000000E-02    1.920223000000000E-02    0.000000000000000E+00    0.000000000000000E+00    0.000000000000000E+00    0.000000000000000E+00    0.000000000000000E+00    1.544296000000000E-02    0.000000000000000E+00    1.439765000000000E-02    2.199140083418000E+40    1.388710125127000E+11    2.424267222786667E+08
                      544    5.694334616539861E+30    3.777304683380129E+33    8.176796084738188E+14    6.406021497914550E+07    2.304611689371503E-13    1.309729939228649E-01    3.265024008970956E+03    2.684468392709253E+03    4.508286638860666E-03    7.742872127856489E-01    3.780304199670077E+33    8.193228040852134E+14    1.330105000000000E-01    0.000000000000000E+00    5.361788000000000E-01    4.112835000000000E-02    2.141249000000000E-03    1.044158000000000E-01    1.005151000000000E-02    1.085205000000000E-04    2.600899000000000E-03    5.430488000000000E-02    5.266999000000000E-02    1.416213000000000E-02    1.917389000000000E-02    0.000000000000000E+00    0.000000000000000E+00    0.000000000000000E+00    0.000000000000000E+00    0.000000000000000E+00    1.541975000000000E-02    0.000000000000000E+00    1.438656000000000E-02    2.209140083418000E+40    1.388710125127000E+11    2.424123903356334E+08
                      545    5.999843851123263E+30    3.783303715960025E+33    8.209659996966080E+14    6.441021497914550E+07    2.236648615165506E-13    1.309729939228649E-01    3.257620348959123E+03    2.684468392709253E+03    4.498272306917634E-03    7.709808406424163E-01    3.787838284670152E+33    8.231791990128009E+14    1.332974000000000E-01    0.000000000000000E+00    5.363210000000000E-01    4.110702000000000E-02    2.143656000000000E-03    1.042739000000000E-01    1.004827000000000E-02    1.086424000000000E-04    2.601461000000000E-03    5.421677000000000E-02    5.258439000000000E-02    1.413909000000000E-02    1.914265000000000E-02    0.000000000000000E+00    0.000000000000000E+00    0.000000000000000E+00    0.000000000000000E+00    0.000000000000000E+00    1.539417000000000E-02    0.000000000000000E+00    1.437434000000000E-02    2.229140083418000E+40    1.348710125127000E+11    2.354267222786668E+08
                      546    9.069344214880360E+30    3.792372853380279E+33    8.253923983289935E+14    6.485021497914551E+07    2.391100115149284E-13    1.309572790070563E-01    3.265129939430884E+03    2.684381891763086E+03    4.409272306917632E-03    7.663141968526341E-01    3.799590781210912E+33    8.284658448493569E+14    1.336369000000000E-01    0.000000000000000E+00    5.364884000000000E-01    4.108175000000000E-02    2.146501000000000E-03    1.041062000000000E-01    1.004443000000000E-02    1.087866000000000E-04    2.602125000000000E-03    5.411271000000000E-02    5.248329000000000E-02    1.411187000000000E-02    1.910575000000000E-02    0.000000000000000E+00    0.000000000000000E+00    0.000000000000000E+00    0.000000000000000E+00    0.000000000000000E+00    1.536397000000000E-02    0.000000000000000E+00    1.435988000000000E-02    2.258996763987666E+40    1.438710125127000E+11    2.484123903356334E+08
                      547    1.443641241603164E+31    3.806808709041546E+33    8.315392913697202E+14    6.536521497914551E+07    2.695408903694812E-13    1.297722262970211E-01    3.272656841296553E+03    2.678294286735650E+03    4.253243643031567E-03    7.592674002610864E-01    3.816010075718202E+33    8.353351638792825E+14    1.340554000000000E-01    0.000000000000000E+00    5.366949000000000E-01    4.105062000000000E-02    2.150008000000000E-03    1.038995000000000E-01    1.003970000000000E-02    1.089644000000000E-04    2.602943000000000E-03    5.398440000000000E-02    5.235865000000000E-02    1.407831000000000E-02    1.906025000000000E-02    0.000000000000000E+00    0.000000000000000E+00    0.000000000000000E+00    0.000000000000000E+00    0.000000000000000E+00    1.532672000000000E-02    0.000000000000000E+00    1.434207000000000E-02    2.298996763987667E+40    1.628566805696667E+11    2.763693945065334E+08
                      548    1.840227005381059E+31    3.825211442394857E+33    8.391310363888450E+14    6.595007165971517E+07    2.777398225281398E-13    1.297722262970211E-01    3.272656841296553E+03    2.678294286735650E+03    4.212229311088533E-03    7.503859491789653E-01    3.836013479017425E+33    8.435172752082834E+14    1.345360000000000E-01    0.000000000000000E+00    5.369299000000000E-01    4.101483000000000E-02    2.154029000000000E-03    1.036628000000000E-01    1.003425000000000E-02    1.091681000000000E-04    2.603878000000000E-03    5.383757000000000E-02    5.221600000000000E-02    1.403991000000000E-02    1.900819000000000E-02    0.000000000000000E+00    0.000000000000000E+00    0.000000000000000E+00    0.000000000000000E+00    0.000000000000000E+00    1.528410000000000E-02    0.000000000000000E+00    1.432165000000000E-02    2.348996763987667E+40    1.678566805696667E+11    2.823550625635000E+08
                      549    2.160262170592871E+31    3.846815515639992E+33    8.479035140277216E+14    6.658507165971518E+07    2.771010386623894E-13    1.285824673749418E-01    3.265129939430884E+03    2.672134380811739E+03    4.213200647202466E-03    7.401444135360586E-01    3.859484669131144E+33    8.527741303937369E+14    1.350448000000000E-01    0.000000000000000E+00    5.371693000000000E-01    4.097676000000000E-02    2.158253000000000E-03    1.034154000000000E-01    1.002839000000000E-02    1.093822000000000E-04    2.604851000000000E-03    5.368432000000000E-02    5.206712000000000E-02    1.399983000000000E-02    1.895384000000000E-02    0.000000000000000E+00    0.000000000000000E+00    0.000000000000000E+00    0.000000000000000E+00    0.000000000000000E+00    1.523964000000000E-02    0.000000000000000E+00    1.430018000000000E-02    2.408996763987667E+40    1.668566805696667E+11    2.783693945065334E+08
                      550    2.533963921691863E+31    3.872153822622297E+33    8.576447467597521E+14    6.726507165971516E+07    2.941969416430113E-13    1.274036162282245E-01    3.272550666641695E+03    2.665988642278311E+03    4.136200647202467E-03    7.282909199928169E-01    3.884704665726143E+33    8.626044510134179E+14    1.355665000000000E-01    0.000000000000000E+00    5.374069000000000E-01    4.093761000000000E-02    2.162556000000000E-03    1.031644000000000E-01    1.002230000000000E-02    1.096003000000000E-04    2.605834000000000E-03    5.352904000000000E-02    5.191626000000000E-02    1.395921000000000E-02    1.889878000000000E-02    0.000000000000000E+00    0.000000000000000E+00    0.000000000000000E+00    0.000000000000000E+00    0.000000000000000E+00    1.519462000000000E-02    0.000000000000000E+00    1.427830000000000E-02    2.478996763987667E+40    1.768566805696667E+11    2.913407306204668E+08
                      551    2.510053292996718E+31    3.897255508829989E+33    8.675641552670836E+14    6.800000000000000E+07    2.835555510169418E-13    1.262355728537832E-01    3.257620348959123E+03    2.659857038551271E+03    4.174214979145500E-03    7.165502994546529E-01    3.908968237173336E+33    8.723822669006750E+14    1.362916000000000E-01    0.000000000000000E+00    5.377338000000000E-01    4.088311000000000E-02    2.168526000000000E-03    1.028166000000000E-01    1.001381000000000E-02    1.099029000000000E-04    2.607193000000000E-03    5.331399000000000E-02    5.170732000000000E-02    1.390296000000000E-02    1.882251000000000E-02    0.000000000000000E+00    0.000000000000000E+00    0.000000000000000E+00    0.000000000000000E+00    0.000000000000000E+00    1.513228000000000E-02    0.000000000000000E+00    1.424794000000000E-02    2.548996763987666E+40    1.708566805696667E+11    2.773693945065334E+08
                      552    2.342613274604977E+31    3.920680965516683E+33    8.772003785342665E+14    6.877500000000000E+07    2.615921206838054E-13    1.250782381653667E-01    3.250128030066167E+03    2.653739537121472E+03    4.265243643031567E-03    7.057988609415069E-01    3.932175962979188E+33    8.819108956592046E+14    1.373759000000000E-01    0.000000000000000E+00    5.382213000000000E-01    4.080161000000000E-02    2.177449000000000E-03    1.022970000000000E-01    1.000110000000000E-02    1.103551000000000E-04    2.609224000000000E-03    5.299276000000000E-02    5.139521000000000E-02    1.381893000000000E-02    1.870858000000000E-02    0.000000000000000E+00    0.000000000000000E+00    0.000000000000000E+00    0.000000000000000E+00    0.000000000000000E+00    1.503916000000000E-02    0.000000000000000E+00    1.420257000000000E-02    2.618996763987667E+40    1.578566805696667E+11    2.533980583926001E+08
                      553    2.299003469320827E+31    3.943670960441694E+33    8.866214127841429E+14    6.958000000000000E+07    2.544551201770483E-13    1.239315139851513E-01    3.242652943028484E+03    2.647636105554526E+03    4.294257974974600E-03    6.955047647973098E-01    3.954698681584585E+33    8.912839648192226E+14    1.385562000000000E-01    0.000000000000000E+00    5.387504000000000E-01    4.071288000000000E-02    2.187155000000000E-03    1.017319000000000E-01    9.987260000000000E-03    1.108470000000000E-04    2.611431000000000E-03    5.264344000000000E-02    5.105582000000000E-02    1.372756000000000E-02    1.858470000000000E-02    0.000000000000000E+00    0.000000000000000E+00    0.000000000000000E+00    0.000000000000000E+00    0.000000000000000E+00    1.493790000000000E-02    0.000000000000000E+00    1.415320000000000E-02    2.678996763987667E+40    1.528710125127000E+11    2.424267222786667E+08
                      554    2.205460715363708E+31    3.965726402727476E+33    8.959465168543022E+14    7.041000000000000E+07    2.430027532442749E-13    1.227953030354128E-01    3.235090088930273E+03    2.641546711490648E+03    4.346272306917634E-03    6.856562281075642E-01    3.976539375604333E+33    9.006651112084918E+14    1.394725000000000E-01    0.000000000000000E+00    5.391609000000001E-01    4.064398000000000E-02    2.194690000000000E-03    1.012933000000000E-01    9.976509000000000E-03    1.112289000000000E-04    2.613145000000000E-03    5.237231000000000E-02    5.079239000000000E-02    1.365664000000000E-02    1.848854000000000E-02    0.000000000000000E+00    0.000000000000000E+00    0.000000000000000E+00    0.000000000000000E+00    0.000000000000000E+00    1.485931000000000E-02    0.000000000000000E+00    1.411488000000000E-02    2.748853444557333E+40    1.458710125127000E+11    2.284553861647334E+08
                      555    2.162709903143700E+31    3.987352348481188E+33    9.053837055626812E+14    7.124007165971516E+07    2.278301490202166E-13    1.216695089302744E-01    3.220330677180959E+03    2.635471322644473E+03    4.420286638860666E-03    6.761524998887020E-01    4.000948100972086E+33    9.104505904254348E+14    1.402656000000000E-01    0.000000000000000E+00    5.395152000000000E-01    4.058432000000000E-02    2.201209000000000E-03    1.009140000000000E-01    9.967192999999999E-03    1.115593000000000E-04    2.614626000000000E-03    5.213785000000000E-02    5.056460000000000E-02    1.359531000000000E-02    1.840539000000000E-02    0.000000000000000E+00    0.000000000000000E+00    0.000000000000000E+00    0.000000000000000E+00    0.000000000000000E+00    1.479135000000000E-02    0.000000000000000E+00    1.408173000000000E-02    2.808853444557333E+40    1.368853444557334E+11    2.124840500508001E+08
                      556    2.719041135636695E+31    4.014543853462984E+33    9.155174752881882E+14    7.206007165971516E+07    2.574095519324709E-13    1.205540361675319E-01    3.227754306081424E+03    2.629409906804900E+03    4.262272306917634E-03    6.650344738341756E-01    4.031579555030190E+33    9.213463993019941E+14    1.414628000000000E-01    0.000000000000000E+00    5.400454000000000E-01    4.049420000000000E-02    2.211031000000000E-03    1.003431000000000E-01    9.953088000000001E-03    1.120571000000000E-04    2.616853000000000E-03    5.178508000000000E-02    5.022185000000000E-02    1.350303000000000E-02    1.828028000000000E-02    0.000000000000000E+00    0.000000000000000E+00    0.000000000000000E+00    0.000000000000000E+00    0.000000000000000E+00    1.468911000000000E-02    0.000000000000000E+00    1.403177000000000E-02    2.878853444557333E+40    1.548710125127000E+11    2.344553861647334E+08
                      557    3.407255641213610E+31    4.048615256597395E+33    9.271753233158002E+14    7.300000000000000E+07    2.739290893023572E-13    1.205395713800056E-01    3.227754306081424E+03    2.629325179994401E+03    4.181229311088533E-03    6.516822721048282E-01    4.066946407195361E+33    9.337832095372589E+14    1.431606000000000E-01    0.000000000000000E+00    5.407999000000000E-01    4.036642000000000E-02    2.224972000000000E-03    9.953246000000000E-02    9.933109000000001E-03    1.127636000000000E-04    2.620016000000000E-03    5.128413000000000E-02    4.973513000000000E-02    1.337199000000000E-02    1.810261000000000E-02    0.000000000000000E+00    0.000000000000000E+00    0.000000000000000E+00    0.000000000000000E+00    0.000000000000000E+00    1.454392000000000E-02    0.000000000000000E+00    1.396087000000000E-02    2.968853444557333E+40    1.648566805696667E+11    2.444410542217001E+08
                      558    3.666255968921385E+31    4.085277557793326E+33    9.403910957587174E+14    7.407500000000000E+07    2.550416998091972E-13    1.183536770302314E-01    3.220226200141429E+03    2.617328865671373E+03    4.262257974974600E-03    6.373163286114359E-01    4.104047152767780E+33    9.471536945428152E+14    1.450510000000000E-01    0.000000000000000E+00    5.416210000000000E-01    4.022384000000000E-02    2.240427000000000E-03    9.863632000000000E-02    9.910686000000000E-03    1.135469000000000E-04    2.623502000000000E-03    5.073085000000000E-02    4.919756000000000E-02    1.322726000000000E-02    1.790638000000000E-02    0.000000000000000E+00    0.000000000000000E+00    0.000000000000000E+00    0.000000000000000E+00    0.000000000000000E+00    1.438361000000000E-02    0.000000000000000E+00    1.388224000000000E-02    3.068853444557333E+40    1.538566805696667E+11    2.234697181077667E+08
                      559    3.753944844219169E+31    4.122816747742234E+33    9.539162933269131E+14    7.518499999999999E+07    2.492439691263420E-13    1.172686039970743E-01    3.205534601729236E+03    2.611309176324938E+03    4.279257974974600E-03    6.228909337821685E-01    4.142036717552402E+33    9.608982784614901E+14    1.470477000000000E-01    0.000000000000000E+00    5.424483000000000E-01    4.007253000000000E-02    2.256612000000000E-03    9.770328000000000E-02    9.886623000000001E-03    1.143671000000000E-04    2.627109000000000E-03    5.015588000000000E-02    4.863888000000000E-02    1.307684000000000E-02    1.770244000000000E-02    0.000000000000000E+00    0.000000000000000E+00    0.000000000000000E+00    0.000000000000000E+00    0.000000000000000E+00    1.421714000000000E-02    0.000000000000000E+00    1.379985000000000E-02    3.178710125127000E+40    1.498710125127000E+11    2.134983819938334E+08
                      560    3.843820970374720E+31    4.161256687362569E+33    9.678802635960670E+14    7.627000000000000E+07    2.413374161116992E-13    1.151282107549531E-01    3.198162076730662E+03    2.599311300493598E+03    4.310257974974600E-03    6.083655446382340E-01    4.179231912593680E+33    9.742976032707628E+14    1.491036000000000E-01    0.000000000000000E+00    5.432792000000000E-01    3.991638000000000E-02    2.273204000000000E-03    9.674959000000000E-02    9.861651000000001E-03    1.152081000000000E-04    2.630784000000000E-03    4.956875000000000E-02    4.806838000000000E-02    1.292324000000000E-02    1.749417000000000E-02    0.000000000000000E+00    0.000000000000000E+00    0.000000000000000E+00    0.000000000000000E+00    0.000000000000000E+00    1.404720000000000E-02    0.000000000000000E+00    1.371536000000000E-02    3.278710125127000E+40    1.458710125127000E+11    2.025127139368668E+08
                      561    3.595150431945222E+31    4.197207137824790E+33    9.807149429454582E+14    7.725000000000000E+07    2.385674531457596E-13    1.140727089743547E-01    3.198162076730662E+03    2.593333050397147E+03    4.053214979145500E-03    5.959551217857475E-01    4.213881943000463E+33    9.864167066727741E+14    1.508865000000000E-01    0.000000000000000E+00    5.439978000000000E-01    3.978093000000000E-02    2.287586000000000E-03    9.592320999999999E-02    9.839977000000000E-03    1.159369000000000E-04    2.633967000000000E-03    4.906005000000000E-02    4.757409000000000E-02    1.279016000000000E-02    1.731372000000000E-02    0.000000000000000E+00    0.000000000000000E+00    0.000000000000000E+00    0.000000000000000E+00    0.000000000000000E+00    1.389998000000000E-02    0.000000000000000E+00    1.364212000000000E-02    3.378566805696667E+40    1.438710125127000E+11    1.995270458799001E+08
                      562    3.334859626231364E+31    4.230556748176137E+33    9.921184704000900E+14    7.820000000000000E+07    2.402211237297845E-13    1.130268840922462E-01    3.190806508069053E+03    2.587368549894369E+03    4.038200647202467E-03    5.848932371166814E-01    4.248554840120761E+33    9.981808145606511E+14    1.524333000000000E-01    0.000000000000000E+00    5.446177000000000E-01    3.966336000000000E-02    2.300050000000000E-03    9.520748000000000E-02    9.821140000000001E-03    1.165687000000000E-04    2.636722000000000E-03    4.861957000000000E-02    4.714607000000000E-02    1.267492000000000E-02    1.715747000000000E-02    0.000000000000000E+00    0.000000000000000E+00    0.000000000000000E+00    0.000000000000000E+00    0.000000000000000E+00    1.377250000000000E-02    0.000000000000000E+00    1.357864000000000E-02    3.468566805696667E+40    1.448710125127000E+11    1.965413778229334E+08
                      563    3.599674064401060E+31    4.266552932065384E+33    1.004243158721212E+15    7.923000000000000E+07    2.369325118414188E-13    1.109639109635211E-01    3.190806508069053E+03    2.575480671249821E+03    4.045200647202467E-03    5.732726931582360E-01    4.286821788082345E+33    1.010978440234826E+15    1.538261000000000E-01    0.000000000000000E+00    5.451613000000000E-01    3.955726000000000E-02    2.311223000000000E-03    9.456790000000000E-02    9.804046000000000E-03    1.171349000000000E-04    2.639177000000000E-03    4.822633000000000E-02    4.676395000000000E-02    1.257204000000000E-02    1.701797000000000E-02    0.000000000000000E+00    0.000000000000000E+00    0.000000000000000E+00    0.000000000000000E+00    0.000000000000000E+00    1.365874000000000E-02    0.000000000000000E+00    1.352172000000000E-02    3.558566805696667E+40    1.428710125127000E+11    1.905557097659667E+08
                      564    4.053787110671081E+31    4.307090644099305E+33    1.017713721748440E+15    8.034000000000000E+07    2.352941849769476E-13    1.099465877128936E-01    3.183467856745913E+03    2.569557230079699E+03    4.047214979145500E-03    5.604451354524819E-01    4.328768288509655E+33    1.024818576708980E+15    1.548782000000000E-01    0.000000000000000E+00    5.455601000000000E-01    3.947691000000000E-02    2.319620000000000E-03    9.408880000000000E-02    9.791022000000000E-03    1.175605000000000E-04    2.641008000000000E-03    4.793207000000000E-02    4.647801000000000E-02    1.249505000000000E-02    1.691358000000000E-02    0.000000000000000E+00    0.000000000000000E+00    0.000000000000000E+00    0.000000000000000E+00    0.000000000000000E+00    1.357364000000000E-02    0.000000000000000E+00    1.347891000000000E-02    3.668566805696667E+40    1.418710125127000E+11    1.855557097659667E+08
                      565    4.335550754578607E+31    4.350445932920005E+33    1.031923431669519E+15    8.151500000000000E+07    2.320730225663975E-13    1.089385913378893E-01    3.176146083852443E+03    2.563647412446217E+03    4.053214979145500E-03    5.470791608304251E-01    4.373592018019866E+33    1.039416922156736E+15    1.560444000000000E-01    0.000000000000000E+00    5.459776000000000E-01    3.938747000000000E-02    2.328840000000000E-03    9.356607000000000E-02    9.776362000000000E-03    1.180277000000000E-04    2.642993000000000E-03    4.761166000000000E-02    4.616664000000000E-02    1.241121000000000E-02    1.679990000000000E-02    0.000000000000000E+00    0.000000000000000E+00    0.000000000000000E+00    0.000000000000000E+00    0.000000000000000E+00    1.348104000000000E-02    0.000000000000000E+00    1.343187000000000E-02    3.778566805696667E+40    1.398710125127000E+11    1.785843736520334E+08
                      566    4.629304510006442E+31    4.396738103119727E+33    1.046910412643952E+15    8.274500000000000E+07    2.278372125349911E-13    1.069502379614678E-01    3.161553018166559E+03    2.551868522528191E+03    4.064214979145500E-03    5.332018086440671E-01    4.421177648840477E+33    1.054739119580571E+15    1.580375000000000E-01    0.000000000000000E+00    5.466681000000000E-01    3.923423000000000E-02    2.344514000000000E-03    9.268048000000000E-02    9.751096000000001E-03    1.188221000000000E-04    2.646343000000000E-03    4.706944000000000E-02    4.563971000000000E-02    1.226934000000000E-02    1.660752000000000E-02    0.000000000000000E+00    0.000000000000000E+00    0.000000000000000E+00    0.000000000000000E+00    0.000000000000000E+00    1.332440000000000E-02    0.000000000000000E+00    1.335184000000000E-02    3.898423486266334E+40    1.368853444557334E+11    1.715987055950667E+08
                      567    4.887732175671455E+31    4.445617194561226E+33    1.062567826517190E+15    8.395000000000000E+07    2.236787147496345E-13    1.059697122861055E-01    3.154281648003164E+03    2.545999387793141E+03    4.075214979145500E-03    5.189297588082894E-01    4.468417296343585E+33    1.069809570903353E+15    1.606036000000000E-01    0.000000000000000E+00    5.475409000000000E-01    3.903670000000000E-02    2.364637000000000E-03    9.154577000000000E-02    9.718420000000000E-03    1.198420000000000E-04    2.650625000000000E-03    4.637513000000000E-02    4.496496000000000E-02    1.208766000000000E-02    1.636117000000000E-02    0.000000000000000E+00    0.000000000000000E+00    0.000000000000000E+00    0.000000000000000E+00    0.000000000000000E+00    1.312387000000000E-02    0.000000000000000E+00    1.324907000000000E-02    4.028280166836000E+40    1.348853444557334E+11    1.636130375381001E+08
                      568    4.560024333291580E+31    4.491217398125945E+33    1.077051315289516E+15    8.504500000000000E+07    2.201023394360173E-13    1.040355470593034E-01    3.147027001527066E+03    2.534301583182963E+03    4.084200647202467E-03    5.059102039462143E-01    4.511716909687906E+33    1.083516030321730E+15    1.630009000000000E-01    0.000000000000000E+00    5.483306000000000E-01    3.885177000000000E-02    2.383343000000000E-03    9.049445000000000E-02    9.687662999999999E-03    1.207900000000000E-04    2.654579000000000E-03    4.573251000000000E-02    4.434044000000000E-02    1.191950000000000E-02    1.613315000000000E-02    0.000000000000000E+00    0.000000000000000E+00    0.000000000000000E+00    0.000000000000000E+00    0.000000000000000E+00    1.293832000000000E-02    0.000000000000000E+00    1.315347000000000E-02    4.138423486266333E+40    1.328853444557334E+11    1.566273694811334E+08
                      569    4.100047466312871E+31    4.532216421249868E+33    1.089980745353944E+15    8.607000000000000E+07    2.160850189951963E-13    1.030817434307528E-01    3.132567725871571E+03    2.528472851287240E+03    4.094214979145500E-03    4.944717892283859E-01    4.552480306242151E+33    1.096329180297015E+15    1.651536000000000E-01    0.000000000000000E+00    5.490074000000000E-01    3.868522000000000E-02    2.400022000000000E-03    8.956138000000000E-02    9.659753000000000E-03    1.216353000000000E-04    2.658071000000000E-03    4.516300000000000E-02    4.378695000000000E-02    1.177046000000000E-02    1.593105000000000E-02    0.000000000000000E+00    0.000000000000000E+00    0.000000000000000E+00    0.000000000000000E+00    0.000000000000000E+00    1.277396000000000E-02    0.000000000000000E+00    1.306815000000000E-02    4.248280166836000E+40    1.298853444557334E+11    1.496417014241667E+08
                      570    4.052645763405300E+31    4.572744191234436E+33    1.102677615240086E+15    8.709500000000000E+07    2.121344460217332E-13    1.012002895760551E-01    3.125363020030538E+03    2.516855573797579E+03    4.108214979145500E-03    4.834067785982433E-01    4.593253644845751E+33    1.109060703293192E+15    1.672560000000000E-01    0.000000000000000E+00    5.496501000000000E-01    3.852230000000000E-02    2.416244000000000E-03    8.865634000000000E-02    9.632333000000000E-03    1.224575000000000E-04    2.661447000000000E-03    4.461108000000000E-02    4.325053000000000E-02    1.162603000000000E-02    1.573519000000000E-02    0.000000000000000E+00    0.000000000000000E+00    0.000000000000000E+00    0.000000000000000E+00    0.000000000000000E+00    1.261472000000000E-02    0.000000000000000E+00    1.298512000000000E-02    4.348280166836000E+40    1.278853444557334E+11    1.426560333672000E+08
                      571    4.101950374559129E+31    4.613763098457066E+33    1.115443791346297E+15    8.814000000000000E+07    2.082625560255204E-13    1.002724797443541E-01    3.118174884553117E+03    2.511066966609995E+03    4.120214979145500E-03    4.724525269821186E-01    4.635049026122888E+33    1.122036162297437E+15    1.693168000000000E-01    0.000000000000000E+00    5.502774000000000E-01    3.836257000000000E-02    2.432136000000000E-03    8.777009000000000E-02    9.605432000000001E-03    1.232629000000000E-04    2.664751000000000E-03    4.407068000000000E-02    4.272532000000000E-02    1.148461000000000E-02    1.554342000000000E-02    0.000000000000000E+00    0.000000000000000E+00    0.000000000000000E+00    0.000000000000000E+00    0.000000000000000E+00    1.245882000000000E-02    0.000000000000000E+00    1.290378000000000E-02    4.448280166836000E+40    1.248996763987667E+11    1.366703653102334E+08
                      572    4.257201440443492E+31    4.656334953788711E+33    1.128628533248577E+15    8.929500000000000E+07    2.039910879626152E-13    9.845422171325878E-02    3.111003281328526E+03    2.499610389276089E+03    4.135214979145500E-03    4.613308130577718E-01    4.681712034763495E+33    1.136442228613582E+15    1.713923000000000E-01    0.000000000000000E+00    5.508925000000000E-01    3.820146000000000E-02    2.448079000000000E-03    8.688322000000000E-02    9.578190000000000E-03    1.240709000000000E-04    2.668049000000000E-03    4.353034000000000E-02    4.220016000000000E-02    1.134320000000000E-02    1.535167000000000E-02    0.000000000000000E+00    0.000000000000000E+00    0.000000000000000E+00    0.000000000000000E+00    0.000000000000000E+00    1.230296000000000E-02    0.000000000000000E+00    1.282212000000000E-02    4.558136847405667E+40    1.228853444557334E+11    1.306846972532667E+08
                      573    5.075344612201428E+31    4.707089115738279E+33    1.144255923978588E+15    9.064500000000000E+07    1.998134224802643E-13    9.753977629255230E-02    3.103848172333643E+03    2.493780903200058E+03    4.148214979145499E-03    4.483780175242009E-01    4.736660747335300E+33    1.153290641870780E+15    1.737330000000000E-01    0.000000000000000E+00    5.515471000000000E-01    3.801922000000000E-02    2.465913000000000E-03    8.589634000000000E-02    9.547127000000001E-03    1.249747000000000E-04    2.671697000000000E-03    4.293004000000000E-02    4.161670000000000E-02    1.118609000000000E-02    1.513862000000000E-02    0.000000000000000E+00    0.000000000000000E+00    0.000000000000000E+00    0.000000000000000E+00    0.000000000000000E+00    1.212990000000000E-02    0.000000000000000E+00    1.273066000000000E-02    4.678136847405667E+40    1.198996763987667E+11    1.246990291963000E+08
                      574    5.914441647176781E+31    4.766232378932321E+33    1.162325359762972E+15    9.208500000000000E+07    1.957152462696561E-13    9.664552624835514E-02    3.089587285377546E+03    2.488045366282163E+03    4.160214979145500E-03    4.336658666122786E-01    4.795304919651798E+33    1.171216278099121E+15    1.763303000000000E-01    0.000000000000000E+00    5.522434000000001E-01    3.781658000000000E-02    2.485591000000000E-03    8.481155999999999E-02    9.512392000000000E-03    1.259720000000000E-04    2.675691000000000E-03    4.227098000000000E-02    4.097611000000000E-02    1.101360000000000E-02    1.490471000000000E-02    0.000000000000000E+00    0.000000000000000E+00    0.000000000000000E+00    0.000000000000000E+00    0.000000000000000E+00    1.193996000000000E-02    0.000000000000000E+00    1.262966000000000E-02    4.827993527975334E+40    1.178996763987667E+11    1.187162275279400E+08
                      575    5.814480306157050E+31    4.824377460371274E+33    1.180107196435270E+15    9.350000000000000E+07    1.899435972466069E-13    9.488154659640678E-02    3.082481431806525E+03    2.476613836213631E+03    4.183214979145500E-03    4.195371537684712E-01    4.851682304715700E+33    1.188704752931136E+15    1.789691000000000E-01    0.000000000000000E+00    5.529045000000000E-01    3.761009000000000E-02    2.505408000000000E-03    8.372524000000001E-02    9.476703000000000E-03    1.269763000000000E-04    2.679664000000000E-03    4.161213000000000E-02    4.033571000000000E-02    1.084116000000000E-02    1.467085000000000E-02    0.000000000000000E+00    0.000000000000000E+00    0.000000000000000E+00    0.000000000000000E+00    0.000000000000000E+00    1.175018000000000E-02    0.000000000000000E+00    1.252778000000000E-02    4.967993527975334E+40    1.148996763987667E+11    1.107434582197034E+08
                      576    5.460889332490298E+31    4.878987149060125E+33    1.197302309427002E+15    9.486500000000000E+07    1.789058981727038E-13    9.314976320157696E-02    3.068318716105708E+03    2.465234829254794E+03    4.238214979145500E-03    4.064993706797947E-01    4.905033329956399E+33    1.205475058647145E+15    1.816083000000000E-01    0.000000000000000E+00    5.535057000000000E-01    3.740278000000000E-02    2.525000000000000E-03    8.265925000000000E-02    9.440489999999999E-03    1.279693000000000E-04    2.683530000000000E-03    4.096714000000000E-02    3.970876000000000E-02    1.067233000000000E-02    1.444190000000000E-02    0.000000000000000E+00    0.000000000000000E+00    0.000000000000000E+00    0.000000000000000E+00    0.000000000000000E+00    1.156451000000000E-02    0.000000000000000E+00    1.242685000000000E-02    5.097993527975333E+40    1.078996763987667E+11    1.017549237741300E+08
                      577    5.209383321585184E+31    4.931079510852673E+33    1.213647807867289E+15    9.610000000000001E+07    1.748280824736788E-13    9.144958841594700E-02    3.075491926048031E+03    2.453908104083890E+03    3.733100323601234E-03    3.958316853130017E-01    4.954821124708808E+33    1.220785930371465E+15    1.842375000000000E-01    0.000000000000000E+00    5.540645000000000E-01    3.719572000000000E-02    2.544367000000000E-03    8.161098999999999E-02    9.404068999999999E-03    1.289508000000000E-04    2.687309000000000E-03    4.033391000000000E-02    3.909321000000000E-02    1.050657000000000E-02    1.421711000000000E-02    0.000000000000000E+00    0.000000000000000E+00    0.000000000000000E+00    0.000000000000000E+00    0.000000000000000E+00    1.138232000000000E-02    0.000000000000000E+00    1.232694000000000E-02    5.217993527975334E+40    1.049111419531933E+11    1.017620897456467E+08
                      578    4.748171652076771E+31    4.978562738564943E+33    1.227924052875642E+15    9.719000000000000E+07    1.776743186324734E-13    9.061117354981561E-02    3.068418490903868E+03    2.448264272059176E+03    3.708114655544266E-03    3.864261545753425E-01    5.000435247142620E+33    1.234417518003443E+15    1.867541000000000E-01    0.000000000000000E+00    5.545760000000000E-01    3.699725000000000E-02    2.562813000000000E-03    8.061566000000001E-02    9.369008999999999E-03    1.298857000000000E-04    2.690884000000000E-03    3.973325000000000E-02    3.850931000000000E-02    1.034934000000000E-02    1.400387000000000E-02    0.000000000000000E+00    0.000000000000000E+00    0.000000000000000E+00    0.000000000000000E+00    0.000000000000000E+00    1.120953000000000E-02    0.000000000000000E+00    1.223168000000000E-02    5.327850208545000E+40    1.069140083418000E+11    1.007635229399500E+08
                      579    4.374479843027133E+31    5.022307755720299E+33    1.240910983131245E+15    9.824500000000000E+07    1.756404975251947E-13    8.896810563692496E-02    3.061361324209093E+03    2.437094227874910E+03    3.711114655544267E-03    3.779611524668527E-01    5.044904045490913E+33    1.247603081511710E+15    1.891985000000000E-01    0.000000000000000E+00    5.550437000000000E-01    3.680411000000000E-02    2.580618000000000E-03    7.965887000000001E-02    9.334708000000001E-03    1.307881000000000E-04    2.694305000000000E-03    3.915658000000000E-02    3.794872000000000E-02    1.019838000000000E-02    1.379915000000000E-02    0.000000000000000E+00    0.000000000000000E+00    0.000000000000000E+00    0.000000000000000E+00    0.000000000000000E+00    1.104372000000000E-02    0.000000000000000E+00    1.213962000000000E-02    5.437706889114667E+40    1.059068423702833E+11    9.687642168868004E+07
                      580    4.519244035253434E+31    5.067500335261525E+33    1.254295179892174E+15    9.933500000000000E+07    1.724346971563666E-13    8.814176751375616E-02    3.054320388547306E+03    2.431410539357565E+03    3.721114655544267E-03    3.693733599882796E-01    5.091009305162789E+33    1.261235218061552E+15    1.917781000000000E-01    0.000000000000000E+00    5.555106000000000E-01    3.659995000000000E-02    2.599306000000000E-03    7.865825000000000E-02    9.298284000000000E-03    1.317352000000000E-04    2.697867000000000E-03    3.855419000000000E-02    3.736312000000000E-02    1.004068000000000E-02    1.358528000000000E-02    0.000000000000000E+00    0.000000000000000E+00    0.000000000000000E+00    0.000000000000000E+00    0.000000000000000E+00    1.087055000000000E-02    0.000000000000000E+00    1.204289000000000E-02    5.537850208545001E+40    1.039082755645867E+11    9.268645404880336E+07
                      581    4.701803922301963E+31    5.114518275064051E+33    1.268175256230931E+15    1.004600000000000E+08    1.692874092385368E-13    8.733367893194091E-02    3.047295646588174E+03    2.425818450295869E+03    3.730114655544267E-03    3.606087977069474E-01    5.138598912803139E+33    1.275259120310010E+15    1.945301000000000E-01    0.000000000000000E+00    5.559859000000000E-01    3.638188000000000E-02    2.619153000000000E-03    7.759857000000001E-02    9.259234000000000E-03    1.327411000000000E-04    2.701626000000000E-03    3.791683000000000E-02    3.674350000000000E-02    9.873823000000000E-03    1.335898000000000E-02    0.000000000000000E+00    0.000000000000000E+00    0.000000000000000E+00    0.000000000000000E+00    0.000000000000000E+00    1.068738000000000E-02    0.000000000000000E+00    1.194005000000000E-02    5.647706889114666E+40    1.019125751474967E+11    8.859648640892670E+07
                      582    4.816302527886369E+31    5.162679550542228E+33    1.282342984389089E+15    1.016150000000000E+08    1.661975657991158E-13    8.653299895077561E-02    3.040188201029898E+03    2.420239222682116E+03    3.739114655544267E-03    3.518046934014177E-01    5.187599297246751E+33    1.289645282826149E+15    1.973487000000000E-01    0.000000000000000E+00    5.564425000000000E-01    3.615816000000000E-02    2.639364000000000E-03    7.652359000000000E-02    9.218985000000001E-03    1.337654000000000E-04    2.705422000000000E-03    3.727103000000000E-02    3.611568000000000E-02    9.704753999999999E-03    1.312969000000000E-02    0.000000000000000E+00    0.000000000000000E+00    0.000000000000000E+00    0.000000000000000E+00    0.000000000000000E+00    1.050184000000000E-02    0.000000000000000E+00    1.183521000000000E-02    5.757706889114667E+40    9.991544153610335E+10    8.460508557474668E+07
                      583    4.983834013132163E+31    5.212519043951274E+33    1.296947581263208E+15    1.027900000000000E+08    1.631641183582105E-13    8.496388127563537E-02    3.033195962200103E+03    2.409197040936306E+03    3.749100323601233E-03    3.428709619634297E-01    5.237902090155671E+33    1.304350863594453E+15    2.002129000000000E-01    0.000000000000000E+00    5.568698000000000E-01    3.593041000000000E-02    2.659758000000000E-03    7.544381000000000E-02    9.177780000000000E-03    1.347990000000000E-04    2.709214000000000E-03    3.662330000000000E-02    3.548596000000000E-02    9.535171000000000E-03    1.289969000000000E-02    0.000000000000000E+00    0.000000000000000E+00    0.000000000000000E+00    0.000000000000000E+00    0.000000000000000E+00    1.031581000000000E-02    0.000000000000000E+00    1.172925000000000E-02    5.867706889114667E+40    9.821400834180002E+10    8.071511793487003E+07
                      584    5.076567484271908E+31    5.263285136360067E+33    1.311754145925697E+15    1.039550000000000E+08    1.601860375728424E-13    8.417473449446190E-02    3.026219805073352E+03    2.403578413063415E+03    3.757114655544266E-03    3.339599925089484E-01    5.288127335079633E+33    1.318969348620453E+15    2.030957000000000E-01    0.000000000000000E+00    5.572677000000000E-01    3.570079000000000E-02    2.680158000000000E-03    7.436806999999999E-02    9.136038000000001E-03    1.358329000000000E-04    2.712973000000000E-03    3.597882000000000E-02    3.485938000000000E-02    9.366436000000001E-03    1.267085000000000E-02    0.000000000000000E+00    0.000000000000000E+00    0.000000000000000E+00    0.000000000000000E+00    0.000000000000000E+00    1.013078000000000E-02    0.000000000000000E+00    1.162311000000000E-02    5.977706889114667E+40    9.651544153610335E+10    7.712228390638669E+07
                      585    4.968507349848822E+31    5.312969533799199E+33    1.326184551315210E+15    1.050950000000000E+08    1.576199532012627E-13    8.340301588998014E-02    3.019259692662758E+03    2.398050336115882E+03    3.765100323601233E-03    3.253963686026506E-01    5.337389195421240E+33    1.333251481645214E+15    2.058528000000000E-01    0.000000000000000E+00    5.576152000000000E-01    3.548080000000000E-02    2.699539000000000E-03    7.335054000000001E-02    9.095842000000000E-03    1.368151000000000E-04    2.716510000000000E-03    3.537007000000000E-02    3.426754000000000E-02    9.207051000000001E-03    1.245468000000000E-02    0.000000000000000E+00    0.000000000000000E+00    0.000000000000000E+00    0.000000000000000E+00    0.000000000000000E+00    9.956067000000001E-03    0.000000000000000E+00    1.152213000000000E-02    6.087563569684333E+40    9.481687473040668E+10    7.363088307220669E+07
                      586    4.884017826032991E+31    5.361808857043284E+33    1.340318411975218E+15    1.062150000000000E+08    1.547430648342458E-13    8.189065473319861E-02    3.005485182883212E+03    2.387109389700821E+03    3.773114655544267E-03    3.171442922624940E-01    5.385904407856403E+33    1.347265897027279E+15    2.085022000000000E-01    0.000000000000000E+00    5.579132999999999E-01    3.526900000000000E-02    2.718022000000000E-03    7.238508000000000E-02    9.056919000000000E-03    1.377518000000000E-04    2.719845000000000E-03    3.479342000000000E-02    3.370688000000000E-02    9.056062000000000E-03    1.224989000000000E-02    0.000000000000000E+00    0.000000000000000E+00    0.000000000000000E+00    0.000000000000000E+00    0.000000000000000E+00    9.790635000000001E-03    0.000000000000000E+00    1.142565000000000E-02    6.197563569684334E+40    9.311830792471001E+10    7.033948223802668E+07
                      587    4.819062440786898E+31    5.409999958669522E+33    1.354213382079340E+15    1.073100000000000E+08    1.519233955970950E-13    8.113987669783704E-02    2.998572758780317E+03    2.381619190455923E+03    3.781114655544267E-03    3.091626239624454E-01    5.433568580866906E+33    1.360987667301226E+15    2.110508000000000E-01    0.000000000000000E+00    5.581767000000000E-01    3.506499000000000E-02    2.735709000000000E-03    7.146433000000001E-02    9.019282999999999E-03    1.386483000000000E-04    2.723011000000000E-03    3.424409000000000E-02    3.317277000000000E-02    8.912223000000000E-03    1.205481000000000E-02    0.000000000000000E+00    0.000000000000000E+00    0.000000000000000E+00    0.000000000000000E+00    0.000000000000000E+00    9.633084000000000E-03    0.000000000000000E+00    1.133321000000000E-02    6.307420250254000E+40    9.151974111901335E+10    6.734521501524003E+07
                      588    4.713660810360936E+31    5.457137203064291E+33    1.367761952523112E+15    1.083900000000000E+08    1.494896738007007E-13    8.038624737253408E-02    2.991676232811693E+03    2.376064878484454E+03    3.789114655544267E-03    3.014884144505544E-01    5.480634242506329E+33    1.374508594799831E+15    2.134720000000000E-01    0.000000000000000E+00    5.584063000000000E-01    3.487094000000000E-02    2.752430000000000E-03    7.059674000000001E-02    8.983358000000000E-03    1.394957000000000E-04    2.725983000000000E-03    3.372702000000000E-02    3.267003000000000E-02    8.776829999999999E-03    1.187117000000000E-02    0.000000000000000E+00    0.000000000000000E+00    0.000000000000000E+00    0.000000000000000E+00    0.000000000000000E+00    9.484826000000000E-03    0.000000000000000E+00    1.124572000000000E-02    6.407420250254000E+40    8.992117431331668E+10    6.445381418106002E+07
                      589    4.699403911588031E+31    5.504131281948368E+33    1.381255237076549E+15    1.094900000000000E+08    1.464281780439863E-13    7.964926182675909E-02    2.984795568412643E+03    2.370600080910468E+03    3.799100323601233E-03    2.939823082449440E-01    5.528291456082285E+33    1.388205115785597E+15    2.158224000000000E-01    0.000000000000000E+00    5.586071000000000E-01    3.468233000000000E-02    2.768575000000000E-03    6.976206000000000E-02    8.948304000000001E-03    1.403139000000000E-04    2.728828000000000E-03    3.323015000000000E-02    3.218691000000000E-02    8.646722000000001E-03    1.169470000000000E-02    0.000000000000000E+00    0.000000000000000E+00    0.000000000000000E+00    0.000000000000000E+00    0.000000000000000E+00    9.342401000000000E-03    0.000000000000000E+00    1.116114000000000E-02    6.507420250254001E+40    8.822260750762001E+10    6.165954695827335E+07
                      590    4.831985116536564E+31    5.552451630216201E+33    1.395154994494646E+15    1.106250000000000E+08    1.434249339757264E-13    7.820496813464593E-02    2.977930729102569E+03    2.359784374473383E+03    3.811114655544267E-03    2.863847256752040E-01    5.577025393603223E+33    1.402293107555794E+15    2.181769000000000E-01    0.000000000000000E+00    5.587903000000000E-01    3.449320000000000E-02    2.784675000000000E-03    6.893212000000000E-02    8.913043000000001E-03    1.411299000000000E-04    2.731647000000000E-03    3.273658000000000E-02    3.170699000000000E-02    8.517472999999999E-03    1.151940000000000E-02    0.000000000000000E+00    0.000000000000000E+00    0.000000000000000E+00    0.000000000000000E+00    0.000000000000000E+00    9.200951000000001E-03    0.000000000000000E+00    1.107669000000000E-02    6.607420250254000E+40    8.632547389622667E+10    5.886671292979002E+07
                      591    4.914776538322819E+31    5.601599156990245E+33    1.409431220616943E+15    1.117900000000000E+08    1.391953279749688E-13    7.748798067712791E-02    2.970985068757101E+03    2.354357021019557E+03    3.831100323601234E-03    2.787717725827927E-01    5.625754360099485E+33    1.416698788346052E+15    2.205134000000000E-01    0.000000000000000E+00    5.589527000000000E-01    3.430531000000000E-02    2.800575000000000E-03    6.811520000000000E-02    8.877892000000000E-03    1.419357000000000E-04    2.734410000000000E-03    3.225126000000000E-02    3.123510000000000E-02    8.390385000000000E-03    1.134702000000000E-02    0.000000000000000E+00    0.000000000000000E+00    0.000000000000000E+00    0.000000000000000E+00    0.000000000000000E+00    9.061905000000000E-03    0.000000000000000E+00    1.099319000000000E-02    6.717276930823667E+40    8.382690709053001E+10    5.577387890130668E+07
                      592    4.830998865240699E+31    5.649909563208725E+33    1.423966356075161E+15    1.129600000000000E+08    1.317077086284431E-13    7.677756660013194E-02    2.957430798157613E+03    2.348942150132289E+03    3.874100323601233E-03    2.713553867230431E-01    5.673563687030548E+33    1.431079836677358E+15    2.228201000000000E-01    0.000000000000000E+00    5.590939000000000E-01    3.411962000000000E-02    2.816194000000000E-03    6.731529000000000E-02    8.843037999999999E-03    1.427273000000000E-04    2.737104000000000E-03    3.177655000000000E-02    3.077350000000000E-02    8.266070000000000E-03    1.117841000000000E-02    0.000000000000000E+00    0.000000000000000E+00    0.000000000000000E+00    0.000000000000000E+00    0.000000000000000E+00    8.925927000000000E-03    0.000000000000000E+00    1.091106000000000E-02    6.817276930823666E+40    7.932977347913667E+10    5.158247806712668E+07
                      593    4.730975883514974E+31    5.697217810852373E+33    1.438193317279555E+15    1.140750000000000E+08    1.290103812422708E-13    7.607366563854281E-02    2.984795568412643E+03    2.343539733102471E+03    3.244985668056967E-03    2.653995661775519E-01    5.720538876020856E+33    1.444902054756028E+15    2.250893000000000E-01    0.000000000000000E+00    5.592134000000000E-01    3.393676000000000E-02    2.831480000000000E-03    6.653505999999999E-02    8.808595000000001E-03    1.435020000000000E-04    2.739720000000000E-03    3.131403000000000E-02    3.032376000000000E-02    8.144947000000000E-03    1.101412000000000E-02    0.000000000000000E+00    0.000000000000000E+00    0.000000000000000E+00    0.000000000000000E+00    0.000000000000000E+00    8.793476999999999E-03    0.000000000000000E+00    1.083056000000000E-02    6.917133611393333E+40    7.773120667344002E+10    5.397961167852002E+07
                      594    4.664127532071977E+31    5.743859941189337E+33    1.451610792232502E+15    1.151200000000000E+08    1.323197460275636E-13    7.537621807975953E-02    2.977930729102569E+03    2.338149741287025E+03    3.222000000000000E-03    2.596793424838270E-01    5.766338914777578E+33    1.457980755077823E+15    2.273464000000000E-01    0.000000000000000E+00    5.593133000000000E-01    3.375468000000000E-02    2.846606000000000E-03    6.576551999999999E-02    8.774184000000001E-03    1.442686000000000E-04    2.742289000000000E-03    3.085835000000000E-02    2.988066000000000E-02    8.025611000000000E-03    1.085226000000000E-02    0.000000000000000E+00    0.000000000000000E+00    0.000000000000000E+00    0.000000000000000E+00    0.000000000000000E+00    8.663017000000000E-03    0.000000000000000E+00    1.075079000000000E-02    7.007276930823667E+40    7.972977347913667E+10    5.407961167852002E+07
                      595    4.495750972631137E+31    5.788817888365820E+33    1.464350717923144E+15    1.161400000000000E+08    1.320154190566844E-13    7.468516475862932E-02    2.977833896666474E+03    2.332772146108750E+03    3.219000000000000E-03    2.542655128541572E-01    5.811256099551712E+33    1.470692914345150E+15    2.295549000000000E-01    0.000000000000000E+00    5.593951000000001E-01    3.357637000000000E-02    2.861342000000000E-03    6.501801000000000E-02    8.740388999999999E-03    1.450154000000000E-04    2.744775000000000E-03    3.041613000000000E-02    2.945064000000000E-02    7.909797999999999E-03    1.069517000000000E-02    0.000000000000000E+00    0.000000000000000E+00    0.000000000000000E+00    0.000000000000000E+00    0.000000000000000E+00    8.536435000000000E-03    0.000000000000000E+00    1.067299000000000E-02    7.097276930823667E+40    7.952977347913669E+10    5.268391126143002E+07
                      596    4.487749611311448E+31    5.833694310737604E+33    1.477035110767155E+15    1.172150000000000E+08    1.302000629548218E-13    7.400044705242953E-02    2.971081678484773E+03    2.327406919056175E+03    3.223999999999999E-03    2.489411494637946E-01    5.858623005286545E+33    1.484067326113623E+15    2.317890000000000E-01    0.000000000000000E+00    5.594583000000000E-01    3.339581000000000E-02    2.876167000000000E-03    6.426862000000000E-02    8.706047000000000E-03    1.457668000000000E-04    2.747255000000000E-03    2.997332000000000E-02    2.902004000000000E-02    7.793828000000000E-03    1.053787000000000E-02    0.000000000000000E+00    0.000000000000000E+00    0.000000000000000E+00    0.000000000000000E+00    0.000000000000000E+00    8.409717000000001E-03    0.000000000000000E+00    1.059459000000000E-02    7.196990291963000E+40    7.833120667344000E+10    5.088821084434002E+07
                      597    4.985788620035059E+31    5.883551699835487E+33    1.491099541460091E+15    1.183950000000000E+08    1.278276069576368E-13    7.332200687589308E-02    2.964248380246278E+03    2.322054031683399E+03    3.230000000000000E-03    2.431342890010935E-01    5.910955964673448E+33    1.498788528640754E+15    2.343064000000000E-01    0.000000000000000E+00    5.595045000000000E-01    3.319210000000000E-02    2.892767000000000E-03    6.343277999999999E-02    8.667147000000000E-03    1.466081000000000E-04    2.750004000000000E-03    2.948009000000000E-02    2.854040000000000E-02    7.664649000000000E-03    1.036265000000000E-02    0.000000000000000E+00    0.000000000000000E+00    0.000000000000000E+00    0.000000000000000E+00    0.000000000000000E+00    8.268609000000000E-03    0.000000000000000E+00    1.050663000000000E-02    7.296990291963001E+40    7.703120667344002E+10    4.889251042725001E+07
                      598    5.480681964343226E+31    5.938360229511408E+33    1.506477515821418E+15    1.196200000000000E+08    1.260698378429745E-13    7.264978667628214E-02    2.957430798157613E+03    2.316713455609945E+03    3.233000000000000E-03    2.368665947069460E-01    5.965886781556417E+33    1.514166944530569E+15    2.371094000000000E-01    0.000000000000000E+00    5.595365000000000E-01    3.296503000000000E-02    2.911165000000000E-03    6.250890000000001E-02    8.623665000000001E-03    1.475405000000000E-04    2.753028000000000E-03    2.893546000000000E-02    2.801077000000000E-02    7.522005000000000E-03    1.016916000000000E-02    0.000000000000000E+00    0.000000000000000E+00    0.000000000000000E+00    0.000000000000000E+00    0.000000000000000E+00    8.112828000000001E-03    0.000000000000000E+00    1.040898000000000E-02    7.397133611393334E+40    7.593263986774335E+10    4.699681001016002E+07
                      599    5.505348188789235E+31    5.993413333601426E+33    1.521856373239720E+15    1.208400000000000E+08    1.240579666415254E-13    7.198372942850507E-02    2.950628896072636E+03    2.311385162520608E+03    3.236000000000000E-03    2.306928406421104E-01    6.020782801266650E+33    1.529474572969617E+15    2.399281000000000E-01    0.000000000000000E+00    5.595322000000000E-01    3.273662000000000E-02    2.929527000000000E-03    6.159232000000000E-02    8.579725999999999E-03    1.484711000000000E-04    2.756020000000000E-03    2.839600000000000E-02    2.748616000000000E-02    7.380712000000000E-03    9.977508000000000E-03    0.000000000000000E+00    0.000000000000000E+00    0.000000000000000E+00    0.000000000000000E+00    0.000000000000000E+00    7.958579000000000E-03    0.000000000000000E+00    1.031140000000000E-02    7.506990291963000E+40    7.473407306204668E+10    4.510110959307002E+07
                      600    5.473951196930914E+31    6.048152268931872E+33    1.537092772699515E+15    1.220350000000000E+08    1.220744169334051E-13    7.132377863028047E-02    2.943842637928336E+03    2.306069124165314E+03    3.241000000000000E-03    2.246647729487377E-01    6.074809885863385E+33    1.544473441399392E+15    2.427227000000000E-01    0.000000000000000E+00    5.594822000000000E-01    3.250970000000000E-02    2.947535000000000E-03    6.069942000000000E-02    8.535790999999999E-03    1.493838000000000E-04    2.758902000000000E-03    2.787171000000000E-02    2.697629000000000E-02    7.243387000000000E-03    9.791233999999999E-03    0.000000000000000E+00    0.000000000000000E+00    0.000000000000000E+00    0.000000000000000E+00    0.000000000000000E+00    7.808738000000000E-03    0.000000000000000E+00    1.021535000000000E-02    7.616990291963001E+40    7.353550625635001E+10    4.320540917598001E+07
                      601    5.331453791957208E+31    6.101467502794899E+33    1.551854110099270E+15    1.231550000000000E+08    1.203994931418089E-13    7.066987829734210E-02    2.937071987744655E+03    2.300765312358954E+03    3.243000000000000E-03    2.189012316525032E-01    6.125659491486747E+33    1.558518694413004E+15    2.454410000000000E-01    0.000000000000000E+00    5.594031000000000E-01    3.228855000000000E-02    2.964911000000000E-03    5.984146000000000E-02    8.492774000000000E-03    1.502644000000000E-04    2.761643000000000E-03    2.736883000000000E-02    2.648722000000000E-02    7.111666000000000E-03    9.612558000000000E-03    0.000000000000000E+00    0.000000000000000E+00    0.000000000000000E+00    0.000000000000000E+00    0.000000000000000E+00    7.665065000000000E-03    0.000000000000000E+00    1.012236000000000E-02    7.716990291963000E+40    7.253550625635001E+10    4.141114195319335E+07
                      602    4.838441483386721E+31    6.149851480178595E+33    1.565183278726738E+15    1.241800000000000E+08    1.187475501661616E-13    7.002197295869070E-02    2.930316909624277E+03    2.295473698981246E+03    3.245000000000000E-03    2.137651192559021E-01    6.172161438927826E+33    1.571330631612680E+15    2.479002000000000E-01    0.000000000000000E+00    5.593092000000000E-01    3.208837000000000E-02    2.980540000000000E-03    5.907298000000000E-02    8.453709000000000E-03    1.510565000000000E-04    2.764088000000000E-03    2.691897000000000E-02    2.604971000000000E-02    6.993827000000000E-03    9.452712000000000E-03    0.000000000000000E+00    0.000000000000000E+00    0.000000000000000E+00    0.000000000000000E+00    0.000000000000000E+00    7.536568000000000E-03    0.000000000000000E+00    1.003860000000000E-02    7.816846972532668E+40    7.153837264495668E+10    3.991400834180001E+07
                      603    4.461942039599658E+31    6.194471397677059E+33    1.577477984498623E+15    1.251650000000000E+08    1.168489081454303E-13    6.938000765188812E-02    2.923577367752449E+03    2.290194255976580E+03    3.250000000000000E-03    2.090961795923298E-01    6.217095525185862E+33    1.583725072339589E+15    2.501615000000000E-01    0.000000000000000E+00    5.591962000000000E-01    3.190410000000000E-02    2.994797000000000E-03    5.837558000000000E-02    8.417589000000000E-03    1.517791000000000E-04    2.766291000000000E-03    2.651143000000000E-02    2.565336000000000E-02    6.887074000000000E-03    9.307902999999999E-03    0.000000000000000E+00    0.000000000000000E+00    0.000000000000000E+00    0.000000000000000E+00    0.000000000000000E+00    7.420203000000000E-03    0.000000000000000E+00    9.961988000000000E-03    7.896846972532666E+40    7.033837264495668E+10    3.831687473040668E+07
                      604    4.524815559711130E+31    6.239719652694663E+33    1.589972160180555E+15    1.261750000000000E+08    1.147161752159073E-13    6.874392791839547E-02    2.916853326396788E+03    2.284926955353879E+03    3.256000000000000E-03    2.044294920798531E-01    6.262960187263382E+33    1.596381091422268E+15    2.524620000000000E-01    0.000000000000000E+00    5.590559000000001E-01    3.171645000000000E-02    3.009192000000000E-03    5.767485000000000E-02    8.380654000000000E-03    1.525086000000000E-04    2.768488000000000E-03    2.610264000000000E-02    2.525577000000000E-02    6.779989000000000E-03    9.162640999999999E-03    0.000000000000000E+00    0.000000000000000E+00    0.000000000000000E+00    0.000000000000000E+00    0.000000000000000E+00    7.303514000000000E-03    0.000000000000000E+00    9.884443000000000E-03    7.986703653102333E+40    6.913980583926001E+10    3.682117431331668E+07
                      605    4.648184461728720E+31    6.286200721832101E+33    1.602790022663980E+15    1.272000000000000E+08    1.131422102855250E-13    6.327531901311800E-02    2.883464382469933E+03    2.238063070159515E+03    3.229000000000000E-03    1.997467483387823E-01    6.309366691030669E+33    1.609195756139636E+15    2.548334000000000E-01    0.000000000000000E+00    5.588862999999999E-01    3.152283000000000E-02    3.023922000000000E-03    5.696115000000000E-02    8.342393000000000E-03    1.532551000000000E-04    2.770710000000000E-03    2.568697000000000E-02    2.485149000000000E-02    6.671098000000000E-03    9.014928000000000E-03    0.000000000000000E+00    0.000000000000000E+00    0.000000000000000E+00    0.000000000000000E+00    0.000000000000000E+00    7.184897000000000E-03    0.000000000000000E+00    9.804891000000000E-03    8.066703653102335E+40    6.813980583926001E+10    3.282977347913668E+07
                      606    4.633098396039734E+31    6.332532660229236E+33    1.615601489615291E+15    1.282250000000000E+08    1.110736885518558E-13    6.155089090361229E-02    2.876832598420312E+03    2.222656352353639E+03    3.236000000000000E-03    1.951419530424882E-01    6.355350657700433E+33    1.621984001035960E+15    2.572039000000000E-01    0.000000000000000E+00    5.586932999999999E-01    3.132910000000000E-02    3.038545000000000E-03    5.625584000000000E-02    8.303972000000000E-03    1.539962000000000E-04    2.772891000000000E-03    2.527683000000000E-02    2.445258000000000E-02    6.563654000000000E-03    8.869178000000000E-03    0.000000000000000E+00    0.000000000000000E+00    0.000000000000000E+00    0.000000000000000E+00    0.000000000000000E+00    7.067894000000000E-03    0.000000000000000E+00    9.725730000000000E-03    8.146703653102333E+40    6.684123903356334E+10    3.153263986774334E+07
                      607    4.563679030633924E+31    6.378168655171628E+33    1.628366512456628E+15    1.292650000000000E+08    1.080499719887545E-13    5.987345824748765E-02    2.870216067050748E+03    2.207355693647132E+03    3.246985668056966E-03    1.906635959080173E-01    6.400754008687951E+33    1.634875996421434E+15    2.595501000000000E-01    0.000000000000000E+00    5.584788000000001E-01    3.113718000000000E-02    3.052914000000000E-03    5.556589000000000E-02    8.265771000000000E-03    1.547245000000000E-04    2.775009000000000E-03    2.487627000000000E-02    2.406298000000000E-02    6.458717000000000E-03    8.726826000000000E-03    0.000000000000000E+00    0.000000000000000E+00    0.000000000000000E+00    0.000000000000000E+00    0.000000000000000E+00    6.953656000000000E-03    0.000000000000000E+00    9.647741000000000E-03    8.226703653102334E+40    6.504267222786667E+10    2.993693945065334E+07
                      608    4.517176088987908E+31    6.423339362204274E+33    1.641385480386240E+15    1.303050000000000E+08    1.031869221690845E-13    5.878064447596406E-02    2.863614753281046E+03    2.197213815478095E+03    3.268785020854500E-03    1.862724217101669E-01    6.445356030497579E+33    1.647724361716411E+15    2.618780000000000E-01    0.000000000000000E+00    5.582436000000000E-01    3.094661000000000E-02    3.067074000000000E-03    5.488907000000000E-02    8.227702000000000E-03    1.554421000000000E-04    2.777072000000000E-03    2.448396000000000E-02    2.368140000000000E-02    6.355938000000000E-03    8.587401000000000E-03    0.000000000000000E+00    0.000000000000000E+00    0.000000000000000E+00    0.000000000000000E+00    0.000000000000000E+00    6.841801000000000E-03    0.000000000000000E+00    9.570703999999999E-03    8.306703653102333E+40    6.214553861647334E+10    2.794410542217001E+07
                      609    4.403260087495617E+31    6.467372698790883E+33    1.654063243046582E+15    1.312950000000000E+08    1.017679893646396E-13    5.770777680366661E-02    2.890205647844052E+03    2.187118535006513E+03    2.695727693082366E-03    1.827944716984792E-01    6.488397150558709E+33    1.659938850047184E+15    2.641384000000000E-01    0.000000000000000E+00    5.579985000000000E-01    3.076146000000000E-02    3.080749000000000E-03    5.423766000000000E-02    8.190618000000000E-03    1.561352000000000E-04    2.779047000000000E-03    2.410685000000000E-02    2.331460000000000E-02    6.257139000000000E-03    8.453374000000000E-03    0.000000000000000E+00    0.000000000000000E+00    0.000000000000000E+00    0.000000000000000E+00    0.000000000000000E+00    6.734302000000000E-03    0.000000000000000E+00    9.496159000000001E-03    8.386560333672001E+40    6.124697181077668E+10    2.994123903356334E+07
                      610    4.204810817170339E+31    6.509421602326535E+33    1.665814457047786E+15    1.322900000000000E+08    1.034215861678938E-13    5.665449117325617E-02    2.890111454360669E+03    2.177069638135419E+03    2.684799352797533E-03    1.795316086617517E-01    6.532967357810406E+33    1.672328651609759E+15    2.662912000000000E-01    0.000000000000000E+00    5.577484000000000E-01    3.058500000000000E-02    3.093699000000000E-03    5.362308000000000E-02    8.155176000000000E-03    1.567915000000000E-04    2.780898000000000E-03    2.375153000000000E-02    2.296899000000000E-02    6.164048000000000E-03    8.327090000000001E-03    0.000000000000000E+00    0.000000000000000E+00    0.000000000000000E+00    0.000000000000000E+00    0.000000000000000E+00    6.633040000000000E-03    0.000000000000000E+00    9.425420000000000E-03    8.456703653102334E+40    6.224553861647334E+10    2.974123903356334E+07
                      611    4.709224667939408E+31    6.556513113294277E+33    1.678842846171732E+15    1.334250000000000E+08    1.027096369764838E-13    5.613507967610760E-02    2.883558359314316E+03    2.172062516913851E+03    2.682770688911467E-03    1.759417384881501E-01    6.584539750421766E+33    1.686507541563552E+15    2.686851000000000E-01    0.000000000000000E+00    5.574475000000000E-01    3.038864000000000E-02    3.107998000000000E-03    5.294748000000000E-02    8.115600000000001E-03    1.575162000000000E-04    2.782919000000000E-03    2.336157000000000E-02    2.258967000000000E-02    6.061878000000000E-03    8.188488000000001E-03    0.000000000000000E+00    0.000000000000000E+00    0.000000000000000E+00    0.000000000000000E+00    0.000000000000000E+00    6.521934000000000E-03    0.000000000000000E+00    9.347101000000000E-03    8.546560333672000E+40    6.184553861647334E+10    2.894267222786668E+07
                      612    5.605347309596511E+31    6.612566387549255E+33    1.694172236955372E+15    1.346950000000000E+08    1.020057512383732E-13    5.511049900328145E-02    2.876926359123951E+03    2.162082796162239E+03    2.679756356968433E-03    1.717515026407255E-01    6.642762379845677E+33    1.702364467137184E+15    2.715115000000000E-01    0.000000000000000E+00    5.570761000000000E-01    3.015670000000000E-02    3.124808000000000E-03    5.215548000000000E-02    8.068756999999999E-03    1.583681000000000E-04    2.785277000000000E-03    2.290489000000000E-02    2.214545000000000E-02    5.942226000000000E-03    8.026169000000000E-03    0.000000000000000E+00    0.000000000000000E+00    0.000000000000000E+00    0.000000000000000E+00    0.000000000000000E+00    6.391840000000000E-03    0.000000000000000E+00    9.254884000000000E-03    8.636560333672000E+40    6.144553861647334E+10    2.804410542217001E+07
                      613    6.039188517234766E+31    6.672958372142095E+33    1.710556697318996E+15    1.360150000000000E+08    1.010705568897651E-13    5.460524291143235E-02    2.870309612110752E+03    2.157110143720711E+03    2.678699029196300E-03    1.673156744292649E-01    6.703747904784920E+33    1.718879852100120E+15    2.745469000000000E-01    0.000000000000000E+00    5.566526000000001E-01    2.990747000000000E-02    3.142748000000000E-03    5.131349000000000E-02    8.018276000000000E-03    1.592774000000000E-04    2.787767000000000E-03    2.242008000000000E-02    2.167386000000000E-02    5.815201000000000E-03    7.853847000000001E-03    0.000000000000000E+00    0.000000000000000E+00    0.000000000000000E+00    0.000000000000000E+00    0.000000000000000E+00    6.253765000000000E-03    0.000000000000000E+00    9.156226000000000E-03    8.746417014241668E+40    6.084697181077668E+10    2.694840500508001E+07
                      614    6.157866760367379E+31    6.734537437427745E+33    1.727203006881243E+15    1.373600000000000E+08    9.945455044499136E-14    5.360858490640519E-02    2.863708083193383E+03    2.147199122883525E+03    2.677656033367200E-03    1.628827360199903E-01    6.766252574865378E+33    1.735737470079859E+15    2.776476000000000E-01    0.000000000000000E+00    5.561767000000000E-01    2.965262000000000E-02    3.160879000000000E-03    5.046840000000000E-02    7.966403000000000E-03    1.601962000000000E-04    2.790237000000000E-03    2.193471000000000E-02    2.120172000000000E-02    5.688026000000000E-03    7.681319000000000E-03    0.000000000000000E+00    0.000000000000000E+00    0.000000000000000E+00    0.000000000000000E+00    0.000000000000000E+00    6.115585000000000E-03    0.000000000000000E+00    9.056105000000000E-03    8.846417014241668E+40    5.994697181077667E+10    2.575270458799000E+07
                      615    6.343009591837944E+31    6.797967712303012E+33    1.744271933278475E+15    1.386650000000000E+08    9.808998285656930E-14    5.263011796007559E-02    2.857121737371201E+03    2.137333639050709E+03    2.672670365310233E-03    1.584079683725285E-01    6.827280850616843E+33    1.752105030435568E+15    2.808418000000000E-01    0.000000000000000E+00    5.556510000000000E-01    2.938989000000000E-02    3.179395000000000E-03    4.961008000000000E-02    7.912714000000000E-03    1.611346000000000E-04    2.792722000000000E-03    2.144277000000000E-02    2.072318000000000E-02    5.559125000000000E-03    7.506448000000000E-03    0.000000000000000E+00    0.000000000000000E+00    0.000000000000000E+00    0.000000000000000E+00    0.000000000000000E+00    5.975581000000000E-03    0.000000000000000E+00    8.953501000000001E-03    8.956417014241666E+40    5.904840500508001E+10    2.475270458799001E+07
                      616    5.862621697536520E+31    6.856593988930673E+33    1.759938127592660E+15    1.398300000000000E+08    9.696715610770768E-14    5.166951004820322E-02    2.850550539724052E+03    2.127513482998728E+03    2.667670365310233E-03    1.543555473715188E-01    6.882124177465500E+33    1.766754210427044E+15    2.837670000000000E-01    0.000000000000000E+00    5.551541000000000E-01    2.914921000000000E-02    3.196279000000000E-03    4.882948000000000E-02    7.863439999999999E-03    1.619904000000000E-04    2.794971000000000E-03    2.099582000000000E-02    2.028841000000000E-02    5.442013000000000E-03    7.347569000000000E-03    0.000000000000000E+00    0.000000000000000E+00    0.000000000000000E+00    0.000000000000000E+00    0.000000000000000E+00    5.848400000000000E-03    0.000000000000000E+00    8.859778000000000E-03    9.056273694811334E+40    5.844840500508001E+10    2.375557097659667E+07
                      617    5.106155023147895E+31    6.907654366000328E+33    1.773570293261428E+15    1.409250000000000E+08    9.541675850405797E-14    5.119580113271765E-02    2.843994455412101E+03    2.122620337771174E+03    2.664656033367200E-03    1.508895758162662E-01    6.933456966687442E+33    1.780487744666314E+15    2.862982000000000E-01    0.000000000000000E+00    5.547088999999999E-01    2.894087000000000E-02    3.210819000000000E-03    4.815929000000000E-02    7.820697000000000E-03    1.627273000000000E-04    2.796891000000000E-03    2.061253000000000E-02    1.991555000000000E-02    5.341578000000000E-03    7.211315000000000E-03    0.000000000000000E+00    0.000000000000000E+00    0.000000000000000E+00    0.000000000000000E+00    0.000000000000000E+00    5.739351000000000E-03    0.000000000000000E+00    8.778909000000000E-03    9.136273694811335E+40    5.744983819938334E+10    2.285843736520334E+07
                      618    5.160400832830409E+31    6.959259567374556E+33    1.787405196071201E+15    1.420850000000000E+08    9.345975939488503E-14    5.026751448507782E-02    2.837453449675640E+03    2.112936177647392E+03    2.661670365310233E-03    1.474480642302381E-01    6.987579494957972E+33    1.794998159123970E+15    2.887914000000000E-01    0.000000000000000E+00    5.542515000000000E-01    2.873557000000000E-02    3.225053000000000E-03    4.750571000000000E-02    7.778467000000000E-03    1.634486000000000E-04    2.798750000000000E-03    2.023928000000000E-02    1.955245000000000E-02    5.243774000000000E-03    7.078628000000000E-03    0.000000000000000E+00    0.000000000000000E+00    0.000000000000000E+00    0.000000000000000E+00    0.000000000000000E+00    5.633181000000000E-03    0.000000000000000E+00    8.699538000000000E-03    9.216273694811334E+40    5.634983819938334E+10    2.195987055950667E+07
                      619    5.663959667355077E+31    7.015899422541389E+33    1.802591122176739E+15    1.433400000000000E+08    9.196544118633038E-14    4.980057342088864E-02    2.831019962093467E+03    2.108008322145216E+03    2.658670365310233E-03    1.437350669728756E-01    7.046238580348500E+33    1.810712512895534E+15    2.914558000000000E-01    0.000000000000000E+00    5.537508000000000E-01    2.851613000000000E-02    3.240207000000000E-03    4.681141000000000E-02    7.733258000000000E-03    1.642167000000000E-04    2.800718000000000E-03    1.984312000000000E-02    1.916706000000000E-02    5.139964000000000E-03    6.937794000000000E-03    0.000000000000000E+00    0.000000000000000E+00    0.000000000000000E+00    0.000000000000000E+00    0.000000000000000E+00    5.520506000000000E-03    0.000000000000000E+00    8.614899000000001E-03    9.316130375381000E+40    5.545127139368667E+10    2.116130375381000E+07
                      620    6.067946889194672E+31    7.076577738155610E+33    1.818833903614330E+15    1.447300000000000E+08    9.049501547357138E-14    4.934399901939419E-02    2.830927487834910E+03    2.103160037542756E+03    2.654670365310233E-03    1.398330437453651E-01    7.111205896053818E+33    1.828070083649374E+15    2.942215000000000E-01    0.000000000000000E+00    5.532114000000000E-01    2.828826000000000E-02    3.255845000000000E-03    4.609755000000000E-02    7.686197000000000E-03    1.650092000000000E-04    2.802726000000000E-03    1.943637000000000E-02    1.877138000000000E-02    5.033378000000000E-03    6.793193000000000E-03    0.000000000000000E+00    0.000000000000000E+00    0.000000000000000E+00    0.000000000000000E+00    0.000000000000000E+00    5.404844000000000E-03    0.000000000000000E+00    8.527340000000000E-03    9.406273694811334E+40    5.455270458799001E+10    2.036273694811334E+07
                      621    6.925659417379500E+31    7.145834053952024E+33    1.837306263684419E+15    1.463000000000000E+08    8.904810024201992E-14    4.844336953767051E-02    2.824416535289911E+03    2.093496894927301E+03    2.651656033367200E-03    1.354713163714044E-01    7.184741269891973E+33    1.847654972744405E+15    2.971715000000000E-01    0.000000000000000E+00    5.525997000000000E-01    2.804507000000000E-02    3.272350000000000E-03    4.534876000000000E-02    7.635760000000000E-03    1.658457000000000E-04    2.804808000000000E-03    1.901077000000000E-02    1.835734000000000E-02    4.921849000000000E-03    6.641884000000000E-03    0.000000000000000E+00    0.000000000000000E+00    0.000000000000000E+00    0.000000000000000E+00    0.000000000000000E+00    5.283857000000000E-03    0.000000000000000E+00    8.434492000000000E-03    9.516130375381001E+40    5.365270458799001E+10    1.956417014241667E+07
                      622    7.781266219511258E+31    7.223648485831921E+33    1.858003681804391E+15    1.480150000000000E+08    8.742278924244045E-14    4.799923805616898E-02    2.817920557520220E+03    2.088681985681284E+03    2.646670365310233E-03    1.306824260425003E-01    7.264997469093088E+33    1.869040458316158E+15    3.002766000000000E-01    0.000000000000000E+00    5.519284000000000E-01    2.778899000000000E-02    3.289592000000000E-03    4.457017000000000E-02    7.582488000000000E-03    1.667195000000000E-04    2.806953000000000E-03    1.856904000000000E-02    1.792760000000000E-02    4.806090000000000E-03    6.484836000000000E-03    0.000000000000000E+00    0.000000000000000E+00    0.000000000000000E+00    0.000000000000000E+00    0.000000000000000E+00    5.158315000000000E-03    0.000000000000000E+00    8.337178000000001E-03    9.636130375381001E+40    5.275270458799001E+10    1.866560333672000E+07
                      623    8.269909991595822E+31    7.306346452354253E+33    1.880077234827924E+15    1.498800000000000E+08    8.523631361173046E-14    4.712315322817056E-02    2.811439520084806E+03    2.079085363671696E+03    2.643670365310234E-03    1.257085107742342E-01    7.350477221024525E+33    1.892199043497354E+15    3.036793000000000E-01    0.000000000000000E+00    5.511334000000000E-01    2.750819000000000E-02    3.308198000000000E-03    4.373763000000000E-02    7.523724000000000E-03    1.676625000000000E-04    2.809205000000000E-03    1.809844000000000E-02    1.746977000000000E-02    4.682763000000000E-03    6.317518000000000E-03    0.000000000000000E+00    0.000000000000000E+00    0.000000000000000E+00    0.000000000000000E+00    0.000000000000000E+00    5.024631000000000E-03    0.000000000000000E+00    8.231430000000000E-03    9.766130375381000E+40    5.135413778229334E+10    1.766846972532667E+07
                      624    8.826133849955800E+31    7.394607989694798E+33    1.904320852166784E+15    1.518600000000000E+08    8.083718734345374E-14    4.626305875037184E-02    2.804973388621860E+03    2.069532834135074E+03    2.642670365310234E-03    1.205295149172853E-01    7.439864198351885E+33    1.916716235130949E+15    3.074766000000000E-01    0.000000000000000E+00    5.501815000000000E-01    2.719460000000000E-02    3.328648000000000E-03    4.283110000000000E-02    7.457723000000000E-03    1.686989000000000E-04    2.811609000000000E-03    1.758798000000000E-02    1.697314000000000E-02    4.548983000000000E-03    6.136015000000000E-03    0.000000000000000E+00    0.000000000000000E+00    0.000000000000000E+00    0.000000000000000E+00    0.000000000000000E+00    4.879691000000000E-03    0.000000000000000E+00    8.114392999999999E-03    9.905987055950668E+40    4.865700417090001E+10    1.637133611393334E+07
                      625    9.051239743007656E+31    7.485120407008973E+33    1.929111618095114E+15    1.537850000000000E+08    7.899955749026689E-14    4.542421300976868E-02    2.844087356512442E+03    2.060090878364390E+03    2.061770688911467E-03    1.164916773061307E-01    7.529125905857392E+33    1.940680898305810E+15    3.115452000000000E-01    0.000000000000000E+00    5.491060000000000E-01    2.685847000000000E-02    3.350286000000000E-03    4.187919000000000E-02    7.386650000000000E-03    1.697955000000000E-04    2.814092000000000E-03    1.705366000000000E-02    1.645329000000000E-02    4.408947000000000E-03    5.946022000000000E-03    0.000000000000000E+00    0.000000000000000E+00    0.000000000000000E+00    0.000000000000000E+00    0.000000000000000E+00    4.728035000000000E-03    0.000000000000000E+00    7.989830999999999E-03    9.996560333672002E+40    4.755843736520334E+10    1.806703653102334E+07
                      626    8.801161410389702E+31    7.573131404705811E+33    1.952250178516504E+15    1.556050000000000E+08    8.028319703684721E-14    4.500226196285502E-02    2.837546137109379E+03    2.055286270313602E+03    2.053785020854500E-03    1.126765429392923E-01    7.616440960099485E+33    1.963493172101706E+15    3.158466000000000E-01    0.000000000000000E+00    5.479049000000000E-01    2.650295000000000E-02    3.372843000000000E-03    4.089510000000000E-02    7.311107000000000E-03    1.709388000000000E-04    2.816611000000000E-03    1.650325000000000E-02    1.591777000000000E-02    4.264689000000000E-03    5.750300000000000E-03    0.000000000000000E+00    0.000000000000000E+00    0.000000000000000E+00    0.000000000000000E+00    0.000000000000000E+00    4.571877000000000E-03    0.000000000000000E+00    7.859099000000000E-03    1.019541377822933E+41    4.835700417090000E+10    1.766703653102334E+07
                      627    8.661954823752002E+31    7.659750515493160E+33    1.974736165686909E+15    1.573050000000000E+08    7.936420287972812E-14    4.418627709750594E-02    2.831019962093467E+03    2.045909312509253E+03    2.049785020854500E-03    1.090185839894055E-01    7.698902305847205E+33    1.984829923655462E+15    3.203750000000000E-01    0.000000000000000E+00    5.465840000000000E-01    2.612854000000000E-02    3.396311000000000E-03    3.987878000000000E-02    7.231220000000000E-03    1.721282000000000E-04    2.819169000000000E-03    1.593660000000000E-02    1.536644000000000E-02    4.116170000000000E-03    5.548794000000000E-03    0.000000000000000E+00    0.000000000000000E+00    0.000000000000000E+00    0.000000000000000E+00    0.000000000000000E+00    4.411169000000000E-03    0.000000000000000E+00    7.722313000000000E-03    1.029570041709000E+41    4.785700417090001E+10    1.686846972532667E+07
                      628    7.830189055969913E+31    7.738054096201248E+33    1.994923681624015E+15    1.588100000000000E+08    7.845329604091266E-14    4.377582538805087E-02    2.824508796863575E+03    2.041137779147643E+03    2.045785020854500E-03    1.057785631917533E-01    7.772372062159627E+33    2.003720416430121E+15    3.245537000000000E-01    0.000000000000000E+00    5.453213000000000E-01    2.578297000000000E-02    3.417744000000000E-03    3.895620000000000E-02    7.157234000000000E-03    1.732144000000000E-04    2.821457000000000E-03    1.542360000000000E-02    1.486730000000000E-02    3.981708000000000E-03    5.366358000000000E-03    0.000000000000000E+00    0.000000000000000E+00    0.000000000000000E+00    0.000000000000000E+00    0.000000000000000E+00    4.265715000000000E-03    0.000000000000000E+00    7.596740000000000E-03    1.039570041709000E+41    4.715843736520334E+10    1.607133611393334E+07
                      629    6.863642901922298E+31    7.806690028118003E+33    2.012517151236227E+15    1.601350000000000E+08    7.737687646530452E-14    4.298207837563854E-02    2.818012606898153E+03    2.031825371866778E+03    2.042785020854500E-03    1.029977034270050E-01    7.837718169945310E+33    2.020430528857144E+15    3.283200000000000E-01    0.000000000000000E+00    5.441279000000000E-01    2.547145000000000E-02    3.436779000000000E-03    3.814404000000000E-02    7.090214000000000E-03    1.741791000000000E-04    2.823428000000000E-03    1.497376000000000E-02    1.442961000000000E-02    3.863800000000000E-03    5.206381000000000E-03    0.000000000000000E+00    0.000000000000000E+00    0.000000000000000E+00    0.000000000000000E+00    0.000000000000000E+00    4.138226000000000E-03    0.000000000000000E+00    7.484388999999999E-03    1.049570041709000E+41    4.655843736520334E+10    1.537276930823667E+07
                      630    6.205596550903614E+31    7.868746311772619E+33    2.028343906478061E+15    1.613050000000000E+08    7.631759195327869E-14    4.258801631246734E-02    2.811531357755045E+03    2.027152303187768E+03    2.039785020854501E-03    1.005339633711761E-01    7.895585868207301E+33    2.035179143229611E+15    3.317705000000000E-01    0.000000000000000E+00    5.430017000000000E-01    2.518602000000000E-02    3.454048000000000E-03    3.741145000000000E-02    7.028617000000000E-03    1.750543000000000E-04    2.825179000000000E-03    1.456907000000000E-02    1.403584000000000E-02    3.757721000000000E-03    5.062454000000000E-03    0.000000000000000E+00    0.000000000000000E+00    0.000000000000000E+00    0.000000000000000E+00    0.000000000000000E+00    4.023561000000000E-03    0.000000000000000E+00    7.381948000000000E-03    1.059570041709000E+41    4.605843736520334E+10    1.477420250254000E+07
                      631    5.367905321706845E+31    7.922425424641984E+33    2.042014379981161E+15    1.623600000000000E+08    7.544399170217915E-14    4.219756703200698E-02    2.805065015071319E+03    2.022489982268473E+03    2.037785020854500E-03    9.843231287961693E-02    7.947146330359436E+33    2.048360933437209E+15    3.347419000000000E-01    0.000000000000000E+00    5.420199000000000E-01    2.494020000000000E-02    3.468858000000000E-03    3.678473000000000E-02    6.975502000000000E-03    1.758049000000000E-04    2.826667000000000E-03    1.422326000000000E-02    1.369935000000000E-02    3.667076000000000E-03    4.939465000000000E-03    0.000000000000000E+00    0.000000000000000E+00    0.000000000000000E+00    0.000000000000000E+00    0.000000000000000E+00    3.925590000000000E-03    0.000000000000000E+00    7.293906000000000E-03    1.069570041709000E+41    4.545987055950667E+10    1.427420250254000E+07
                      632    4.944304424902686E+31    7.971867236076890E+33    2.054707486893258E+15    1.634950000000000E+08    7.389434335386227E-14    4.181069741206644E-02    2.804973388621860E+03    2.017838384389731E+03    2.036785020854500E-03    9.652194055743783E-02    8.002186509785293E+33    2.062507874059078E+15    3.374738000000000E-01    0.000000000000000E+00    5.410920000000000E-01    2.471419000000000E-02    3.482342000000000E-03    3.621734000000000E-02    6.926519000000000E-03    1.764883000000000E-04    2.827994000000000E-03    1.391101000000000E-02    1.339552000000000E-02    3.585226000000000E-03    4.828410000000000E-03    0.000000000000000E+00    0.000000000000000E+00    0.000000000000000E+00    0.000000000000000E+00    0.000000000000000E+00    3.837150000000000E-03    0.000000000000000E+00    7.213336000000000E-03    1.069570041709000E+41    4.446130375381001E+10    1.367563569684334E+07
                      633    6.063705610940472E+31    8.032505783493698E+33    2.070308261224899E+15    1.648450000000000E+08    7.254561958846674E-14    4.180558869255756E-02    2.798613544563067E+03    2.017773068197594E+03    2.035785020854500E-03    9.421793813496408E-02    8.068049604137360E+33    2.079390057833906E+15    3.407617000000000E-01    0.000000000000000E+00    5.399508000000000E-01    2.444218000000000E-02    3.498442000000000E-03    3.554307000000000E-02    6.867426000000000E-03    1.773042000000000E-04    2.829551000000000E-03    1.354076000000000E-02    1.303526000000000E-02    3.488174000000000E-03    4.696726000000000E-03    0.000000000000000E+00    0.000000000000000E+00    0.000000000000000E+00    0.000000000000000E+00    0.000000000000000E+00    3.732307000000000E-03    0.000000000000000E+00    7.116734000000000E-03    1.079570041709000E+41    4.366130375381001E+10    1.317706889114667E+07
                      634    7.108795943290531E+31    8.103593424781025E+33    2.088471854442913E+15    1.663300000000000E+08    7.188051735029142E-14    4.142231275163379E-02    2.792176912025235E+03    2.013132318920168E+03    2.032785020854500E-03    9.156395537583067E-02    8.141005356498209E+33    2.097986782020224E+15    3.446026000000000E-01    0.000000000000000E+00    5.385989000000000E-01    2.412441000000000E-02    3.517153000000000E-03    3.476190000000000E-02    6.798281000000000E-03    1.782525000000000E-04    2.831339000000000E-03    1.311245000000000E-02    1.261849000000000E-02    3.375897000000000E-03    4.544387000000000E-03    0.000000000000000E+00    0.000000000000000E+00    0.000000000000000E+00    0.000000000000000E+00    0.000000000000000E+00    3.611038000000000E-03    0.000000000000000E+00    7.004158000000000E-03    1.089570041709000E+41    4.326273694811334E+10    1.267850208545000E+07
                      635    7.482503659619134E+31    8.178417288215392E+33    2.107501709597534E+15    1.678900000000000E+08    7.105770787217240E-14    4.104255070565783E-02    2.792085706561071E+03    2.008502243069896E+03    2.029785020854500E-03    8.881928350238363E-02    8.217859386410559E+33    2.117488058404937E+15    3.483998000000000E-01    0.000000000000000E+00    5.372240000000000E-01    2.381027000000000E-02    3.535444000000000E-03    3.400305000000000E-02    6.729708000000000E-03    1.791795000000000E-04    2.833044000000000E-03    1.269766000000000E-02    1.221486000000000E-02    3.267163000000000E-03    4.396852000000000E-03    0.000000000000000E+00    0.000000000000000E+00    0.000000000000000E+00    0.000000000000000E+00    0.000000000000000E+00    3.493628000000000E-03    0.000000000000000E+00    6.893431000000000E-03    1.099570041709000E+41    4.276273694811333E+10    1.217850208545000E+07
                      636    7.888375894016150E+31    8.257301484605724E+33    2.127474407212339E+15    1.694800000000000E+08    7.008493237582887E-14    4.066627033904702E-02    2.785664087634018E+03    2.003882816098578E+03    2.026785020854500E-03    8.598225974950018E-02    8.296907626615224E+33    2.137422868039026E+15    3.520156000000000E-01    0.000000000000000E+00    5.358589000000000E-01    2.351118000000000E-02    3.552562000000000E-03    3.330000000000000E-02    6.664096000000000E-03    1.800471000000000E-04    2.834576000000000E-03    1.231527000000000E-02    1.184276000000000E-02    3.166921000000000E-03    4.260836000000000E-03    0.000000000000000E+00    0.000000000000000E+00    0.000000000000000E+00    0.000000000000000E+00    0.000000000000000E+00    3.385438000000000E-03    0.000000000000000E+00    6.788819000000000E-03    1.109570041709000E+41    4.216417014241667E+10    1.167993527975334E+07
                      637    7.921174714833314E+31    8.336513768624723E+33    2.147371328865714E+15    1.709750000000000E+08    6.944023696849148E-14    3.992890604490898E-02    2.779257238020655E+03    1.994740379406024E+03    2.022785020854500E-03    8.318752526693282E-02    8.371778217681554E+33    2.156184057714390E+15    3.554409000000000E-01    0.000000000000000E+00    5.345280000000000E-01    2.322789000000000E-02    3.568573000000000E-03    3.264719000000000E-02    6.601732000000000E-03    1.808586000000000E-04    2.835966000000000E-03    1.196152000000000E-02    1.149853000000000E-02    3.074185000000000E-03    4.135007000000000E-03    0.000000000000000E+00    0.000000000000000E+00    0.000000000000000E+00    0.000000000000000E+00    0.000000000000000E+00    3.285385000000000E-03    0.000000000000000E+00    6.690276000000000E-03    1.119570041709000E+41    4.176273694811334E+10    1.127993527975334E+07
                      638    7.053015081187839E+31    8.407042666738383E+33    2.164996786563066E+15    1.723350000000000E+08    6.848960454583096E-14    3.956283563391778E-02    2.772865123752501E+03    1.990152603842815E+03    2.019785020854500E-03    8.074935444637600E-02    8.439325495194101E+33    2.173180965229064E+15    3.583829000000000E-01    0.000000000000000E+00    5.333625000000000E-01    2.298460000000000E-02    3.582202000000000E-03    3.209433000000000E-02    6.548044000000000E-03    1.815493000000000E-04    2.837123000000000E-03    1.166273000000000E-02    1.120777000000000E-02    2.995853000000000E-03    4.028720000000000E-03    0.000000000000000E+00    0.000000000000000E+00    0.000000000000000E+00    0.000000000000000E+00    0.000000000000000E+00    3.200890000000000E-03    0.000000000000000E+00    6.605965000000000E-03    1.129570041709000E+41    4.126417014241667E+10    1.088050855747467E+07
                      639    6.456513992487001E+31    8.471608323649819E+33    2.181365143895060E+15    1.737500000000000E+08    6.646778313554923E-14    3.920012137662769E-02    2.766578080226645E+03    1.985575379870598E+03    2.019785020854500E-03    7.855192416828306E-02    8.507363909944711E+33    2.190713000183552E+15    3.609362000000000E-01    0.000000000000000E+00    5.323206000000000E-01    2.277350000000000E-02    3.593864000000000E-03    3.162515000000000E-02    6.501287000000000E-03    1.821403000000000E-04    2.838078000000000E-03    1.141024000000000E-02    1.096206000000000E-02    2.929659000000000E-03    3.938902000000000E-03    0.000000000000000E+00    0.000000000000000E+00    0.000000000000000E+00    0.000000000000000E+00    0.000000000000000E+00    3.129515000000000E-03    0.000000000000000E+00    6.533241000000000E-03    1.139426722278667E+41    4.006417014241667E+10    1.038108183519600E+07
                      640    7.151103340109373E+31    8.543119496239605E+33    2.200060856472043E+15    1.753600000000000E+08    6.333024880270718E-14    3.884073250363660E-02    2.760215127212200E+03    1.981008683221386E+03    2.021785020854500E-03    7.615815772769083E-02    8.583542874705961E+33    2.210567915945709E+15    3.637828000000000E-01    0.000000000000000E+00    5.311267000000000E-01    2.253821000000000E-02    3.606686000000000E-03    3.111337000000000E-02    6.448985000000000E-03    1.827902000000000E-04    2.839091000000000E-03    1.113599000000000E-02    1.069518000000000E-02    2.857760000000000E-03    3.841343000000000E-03    0.000000000000000E+00    0.000000000000000E+00    0.000000000000000E+00    0.000000000000000E+00    0.000000000000000E+00    3.052018000000000E-03    0.000000000000000E+00    6.452636000000000E-03    1.149426722278667E+41    3.816560333672000E+10    9.722658348929670E+06
                      641    8.084669728041591E+31    8.623966253172315E+33    2.221074975419374E+15    1.770550000000000E+08    6.260531343931010E-14    3.883598667493337E-02    2.817920557520220E+03    1.980944559184111E+03    1.499885344455733E-03    7.418494683432032E-02    8.666463543133811E+33    2.231636926176916E+15    3.670001000000000E-01    0.000000000000000E+00    5.297532000000000E-01    2.227232000000000E-02    3.621045000000000E-03    3.054344000000000E-02    6.389743000000000E-03    1.835179000000000E-04    2.840196000000000E-03    1.083149000000000E-02    1.039885000000000E-02    2.777926000000000E-03    3.733015000000000E-03    0.000000000000000E+00    0.000000000000000E+00    0.000000000000000E+00    0.000000000000000E+00    0.000000000000000E+00    2.965989000000000E-03    0.000000000000000E+00    6.361891000000000E-03    1.159426722278667E+41    3.766703653102334E+10    1.118079519633534E+07
                      642    8.499537528693644E+31    8.708960833095304E+33    2.242198876934460E+15    1.787500000000000E+08    6.421325109154910E-14    3.847993620895371E-02    2.811531357755045E+03    1.976388513126926E+03    1.492885344455733E-03    7.215997671428155E-02    8.752394664105898E+33    2.252838595654149E+15    3.704759000000000E-01    0.000000000000000E+00    5.282336000000000E-01    2.198517000000000E-02    3.636355000000000E-03    2.994020000000000E-02    6.325557000000000E-03    1.842938000000000E-04    2.841332000000000E-03    1.051051000000000E-02    1.008648000000000E-02    2.693772000000000E-03    3.618825000000000E-03    0.000000000000000E+00    0.000000000000000E+00    0.000000000000000E+00    0.000000000000000E+00    0.000000000000000E+00    2.875334000000000E-03    0.000000000000000E+00    6.264377000000000E-03    1.169426722278667E+41    3.866560333672001E+10    1.118022191861400E+07
                      643    8.686640932296720E+31    8.795828495116491E+33    2.263478314373838E+15    1.804700000000000E+08    6.406357852198623E-14    3.813180924083460E-02    2.805065015071319E+03    1.971906775098982E+03    1.489885344455733E-03    7.012894185620500E-02    8.840549821518359E+33    2.274371070725164E+15    3.742421000000000E-01    0.000000000000000E+00    5.265431000000000E-01    2.167415000000000E-02    3.652695000000000E-03    2.930197000000000E-02    6.255783000000000E-03    1.851219000000000E-04    2.842493000000000E-03    1.017259000000000E-02    9.757617000000000E-03    2.605173000000000E-03    3.498602000000000E-03    0.000000000000000E+00    0.000000000000000E+00    0.000000000000000E+00    0.000000000000000E+00    0.000000000000000E+00    2.779926000000000E-03    0.000000000000000E+00    6.159357000000000E-03    1.179426722278667E+41    3.856560333672000E+10    1.078136847405667E+07
                      644    8.944279199243064E+31    8.885271147920229E+33    2.285263827076490E+15    1.822200000000000E+08    6.318459327235921E-14    3.778221471237619E-02    2.798613544563067E+03    1.967371515368380E+03    1.487885344455733E-03    6.808088674061369E-02    8.930860415230659E+33    2.296319860820412E+15    3.782494000000000E-01    0.000000000000000E+00    5.247095000000001E-01    2.134332000000000E-02    3.669881000000000E-03    2.863509000000000E-02    6.181368000000000E-03    1.859929000000000E-04    2.843671000000000E-03    9.820835999999999E-03    9.415290000000000E-03    2.512946000000000E-03    3.373456000000000E-03    0.000000000000000E+00    0.000000000000000E+00    0.000000000000000E+00    0.000000000000000E+00    0.000000000000000E+00    2.680643000000000E-03    0.000000000000000E+00    6.048124000000000E-03    1.189426722278667E+41    3.806560333672001E+10    1.028280166836000E+07
                      645    9.117833577987203E+31    8.976449682541089E+33    2.307375894564335E+15    1.840000000000000E+08    6.217434149300160E-14    3.743582528581988E-02    2.792176912025235E+03    1.962846686445707E+03    1.486885344455733E-03    6.603674394024318E-02    9.023312526373700E+33    2.318702525629018E+15    3.823547000000000E-01    0.000000000000000E+00    5.228039000000000E-01    2.100454000000000E-02    3.687325000000000E-03    2.796146000000000E-02    6.105005000000000E-03    1.868770000000000E-04    2.844835000000000E-03    9.466573000000001E-03    9.070517000000000E-03    2.420060000000000E-03    3.247415000000000E-03    0.000000000000000E+00    0.000000000000000E+00    0.000000000000000E+00    0.000000000000000E+00    0.000000000000000E+00    2.580668000000000E-03    0.000000000000000E+00    5.934566000000000E-03    1.199426722278667E+41    3.746703653102334E+10    9.852944987790335E+06
                      646    9.372552859243363E+31    9.070175370206313E+33    2.330029156693700E+15    1.857800000000000E+08    6.118024252249890E-14    3.709261157661465E-02    2.785755083331435E+03    1.958332264340768E+03    1.484885344455733E-03    6.397882585922067E-02    9.115864058010276E+33    2.341057753021086E+15    3.866071000000000E-01    0.000000000000000E+00    5.208051000000000E-01    2.065372000000000E-02    3.705248000000000E-03    2.727240000000000E-02    6.025789000000000E-03    1.877854000000000E-04    2.846001000000000E-03    9.105166000000000E-03    8.718788000000000E-03    2.325300000000000E-03    3.118830000000000E-03    0.000000000000000E+00    0.000000000000000E+00    0.000000000000000E+00    0.000000000000000E+00    0.000000000000000E+00    2.478695000000000E-03    0.000000000000000E+00    5.817300000000000E-03    1.209426722278667E+41    3.676846972532668E+10    9.393661584942002E+06
                      647    9.137864819024614E+31    9.161552745814241E+33    2.352086349348471E+15    1.875100000000000E+08    6.020203809529851E-14    3.675254446960911E-02    2.779348024433776E+03    1.953828225118550E+03    1.482885344455733E-03    6.200975107236879E-02    9.205812761126109E+33    2.362748988838792E+15    3.907753000000000E-01    0.000000000000000E+00    5.188052000000000E-01    2.031008000000000E-02    3.722567000000000E-03    2.661132000000000E-02    5.947961000000000E-03    1.886631000000000E-04    2.847079000000000E-03    8.760023000000000E-03    8.382884000000000E-03    2.234803000000000E-03    2.996029000000000E-03    0.000000000000000E+00    0.000000000000000E+00    0.000000000000000E+00    0.000000000000000E+00    0.000000000000000E+00    2.381336000000000E-03    0.000000000000000E+00    5.702946000000000E-03    1.219426722278667E+41    3.626703653102334E+10    8.944521501524001E+06
                      648    8.851901653470175E+31    9.250072776437978E+33    2.373411628329113E+15    1.891600000000000E+08    5.923947407522852E-14    3.641559511658076E-02    2.772955701362666E+03    1.949334544899084E+03    1.480885344455733E-03    6.013898033153500E-02    9.291971555028391E+33    2.383463348064454E+15    3.948360000000000E-01    0.000000000000000E+00    5.167988000000000E-01    1.997564000000000E-02    3.739085000000000E-03    2.598760000000000E-02    5.871885000000000E-03    1.895002000000000E-04    2.848038000000000E-03    8.436694000000000E-03    8.068205000000000E-03    2.150023000000000E-03    2.880987000000000E-03    0.000000000000000E+00    0.000000000000000E+00    0.000000000000000E+00    0.000000000000000E+00    0.000000000000000E+00    2.290166000000000E-03    0.000000000000000E+00    5.592375000000000E-03    1.219570041709000E+41    3.566846972532667E+10    8.525381418106003E+06
                      649    8.379755718082794E+31    9.333870333618804E+33    2.393515067799796E+15    1.906400000000000E+08    5.842667801997989E-14    3.608173493378931E-02    2.766578080226645E+03    1.944851199857324E+03    1.477885344455733E-03    5.840311689089584E-02    9.369864529098180E+33    2.402122797152794E+15    3.986935000000000E-01    0.000000000000000E+00    5.148553000000000E-01    1.965817000000000E-02    3.754544000000000E-03    2.540835000000000E-02    5.799455000000000E-03    1.902837000000000E-04    2.848888000000000E-03    8.137953999999999E-03    7.777454000000000E-03    2.071690000000000E-03    2.774691000000000E-03    0.000000000000000E+00    0.000000000000000E+00    0.000000000000000E+00    0.000000000000000E+00    0.000000000000000E+00    2.205954000000000E-03    0.000000000000000E+00    5.487884000000000E-03    1.229570041709000E+41    3.516846972532668E+10    8.165811376397002E+06
                      650    7.198920620679920E+31    9.405858724577558E+33    2.410730526505790E+15    1.919200000000000E+08    5.775787336717558E-14    3.607732621844659E-02    2.760215127212200E+03    1.944788246215630E+03    1.475885344455733E-03    5.693562518661149E-02    9.437043950784650E+33    2.418231410721998E+15    4.020054000000000E-01    0.000000000000000E+00    5.131700000000000E-01    1.938571000000000E-02    3.767712000000000E-03    2.491681000000000E-02    5.737199000000000E-03    1.909511000000000E-04    2.849593000000000E-03    7.885135000000000E-03    7.531396000000000E-03    2.005398000000000E-03    2.684733000000000E-03    0.000000000000000E+00    0.000000000000000E+00    0.000000000000000E+00    0.000000000000000E+00    0.000000000000000E+00    2.134695000000000E-03    0.000000000000000E+00    5.398405000000000E-03    1.239570041709000E+41    3.476990291963000E+10    7.846527973548668E+06
                      651    6.237081032796247E+31    9.468229176991742E+33    2.425732294938206E+15    1.932050000000000E+08    5.657325854165234E-14    3.575093559955167E-02    2.753866808583589E+03    1.940378166223020E+03    1.474885344455733E-03    5.568391111012131E-02    9.503740188872538E+33    2.434327926292046E+15    4.048765000000000E-01    0.000000000000000E+00    5.116840000000000E-01    1.914970000000000E-02    3.778971000000000E-03    2.449951000000000E-02    5.683127000000000E-03    1.915217000000000E-04    2.850164000000000E-03    7.671552000000000E-03    7.323522000000000E-03    1.949393000000000E-03    2.608735000000000E-03    0.000000000000000E+00    0.000000000000000E+00    0.000000000000000E+00    0.000000000000000E+00    0.000000000000000E+00    2.074511000000000E-03    0.000000000000000E+00    5.321199000000000E-03    1.249426722278667E+41    3.406990291963000E+10    7.526957931839669E+06
                      652    7.102015465631451E+31    9.539251200753336E+33    2.442923557645886E+15    1.946900000000000E+08    5.528720799728482E-14    3.542316905183992E-02    2.747533090682659E+03    1.935915420280597E+03    1.474885344455733E-03    5.428211744288303E-02    9.580594218784889E+33    2.452923705378372E+15    4.081137000000000E-01    0.000000000000000E+00    5.099800000000000E-01    1.888379000000000E-02    3.791484000000000E-03    2.403902000000000E-02    5.622045000000000E-03    1.921559000000000E-04    2.850763000000000E-03    7.437078000000000E-03    7.095314000000000E-03    1.887909000000000E-03    2.525302000000000E-03    0.000000000000000E+00    0.000000000000000E+00    0.000000000000000E+00    0.000000000000000E+00    0.000000000000000E+00    2.008457000000000E-03    0.000000000000000E+00    5.234556000000000E-03    1.249570041709000E+41    3.336990291963000E+10    7.197531209561002E+06
                      653    8.268776597969523E+31    9.621937236816444E+33    2.462923853110859E+15    1.963500000000000E+08    5.452863906554779E-14    3.542316905183992E-02    2.747443343493016E+03    1.935915420280597E+03    1.473885344455734E-03    5.267473885811639E-02    9.666277782728075E+33    2.473675006792230E+15    4.118540000000000E-01    0.000000000000000E+00    5.079920999999999E-01    1.857669000000000E-02    3.805822000000000E-03    2.351368000000000E-02    5.551390000000000E-03    1.928825000000000E-04    2.851425000000000E-03    7.170419000000000E-03    6.835778000000000E-03    1.817985000000000E-03    2.430416000000000E-03    0.000000000000000E+00    0.000000000000000E+00    0.000000000000000E+00    0.000000000000000E+00    0.000000000000000E+00    1.933347000000000E-03    0.000000000000000E+00    5.134722000000000E-03    1.259570041709000E+41    3.287133611393334E+10    6.917961167852001E+06
                      654    8.868027657521536E+31    9.710618328639706E+33    2.484426160473602E+15    1.981450000000000E+08    5.353337923828071E-14    3.509840748589987E-02    2.741213939928667E+03    1.931462938369017E+03    1.471885344455733E-03    5.098049037107662E-02    9.757962367661026E+33    2.496054492253300E+15    4.158346000000000E-01    0.000000000000000E+00    5.058404000000000E-01    1.825015000000000E-02    3.820848000000000E-03    2.296723000000000E-02    5.476058000000000E-03    1.936441000000000E-04    2.852073000000000E-03    6.894625000000000E-03    6.567350000000000E-03    1.745665000000000E-03    2.332278000000000E-03    0.000000000000000E+00    0.000000000000000E+00    0.000000000000000E+00    0.000000000000000E+00    0.000000000000000E+00    1.855686000000000E-03    0.000000000000000E+00    5.028989000000000E-03    1.269426722278667E+41    3.227133611393334E+10    6.598534445573336E+06
                      655    9.468847572461531E+31    9.805306406682348E+33    2.507682824032998E+15    2.000900000000000E+08    5.195467813108419E-14    3.477662335189307E-02    2.734819987979338E+03    1.927020696881665E+03    1.471885344455733E-03    4.920204948312718E-02    9.854550371335120E+33    2.520244697865816E+15    4.200363000000000E-01    0.000000000000000E+00    5.035148000000000E-01    1.790592000000000E-02    3.836355000000000E-03    2.240958000000000E-02    5.396335000000000E-03    1.944300000000000E-04    2.852672000000000E-03    6.615605000000000E-03    6.295779000000000E-03    1.672498000000000E-03    2.232989000000000E-03    0.000000000000000E+00    0.000000000000000E+00    0.000000000000000E+00    0.000000000000000E+00    0.000000000000000E+00    1.777146000000000E-03    0.000000000000000E+00    4.918162000000000E-03    1.279426722278667E+41    3.127276930823667E+10    6.219251042725001E+06
                      656    9.848788953734772E+31    9.903794335987893E+33    2.532806571698633E+15    2.020400000000000E+08    4.915992302847916E-14    3.445778935255935E-02    2.722343555898336E+03    1.922588672266217E+03    1.473885344455734E-03    4.738170976874641E-02    9.949493960046146E+33    2.544486241888980E+15    4.243795000000000E-01    0.000000000000000E+00    5.010722000000000E-01    1.755042000000000E-02    3.852134000000000E-03    2.184673000000000E-02    5.313781000000000E-03    1.952297000000000E-04    2.853231000000000E-03    6.335768000000000E-03    6.023410000000000E-03    1.599115000000000E-03    2.133407000000000E-03    0.000000000000000E+00    0.000000000000000E+00    0.000000000000000E+00    0.000000000000000E+00    0.000000000000000E+00    1.698400000000000E-03    0.000000000000000E+00    4.804154000000000E-03    1.289426722278667E+41    2.957420250254000E+10    5.729967639876668E+06
                      657    9.139910892781563E+31    9.995193584104399E+33    2.556165912079328E+15    2.038100000000000E+08    4.815165228985778E-14    2.839797756453338E-02    2.747533090682659E+03    1.831835111930578E+03    1.045957004170900E-03    4.620524727924098E-02    1.003741647350374E+34    2.566550699778103E+15    4.284409000000000E-01    0.000000000000000E+00    4.987659000000000E-01    1.721820000000000E-02    3.866739000000000E-03    2.132823000000000E-02    5.236508000000000E-03    1.959698000000000E-04    2.853719000000000E-03    6.079023000000000E-03    5.773516000000000E-03    1.531788000000000E-03    2.042043000000000E-03    0.000000000000000E+00    0.000000000000000E+00    0.000000000000000E+00    0.000000000000000E+00    0.000000000000000E+00    1.626164000000000E-03    0.000000000000000E+00    4.697862000000000E-03    1.299426722278667E+41    2.897420250254000E+10    5.969967639876668E+06
                      658    8.444508285522076E+31    1.007963936290307E+34    2.576935487476879E+15    2.054500000000000E+08    4.915992302847916E-14    2.762405383678036E-02    2.741213939928667E+03    1.819224847719214E+03    1.040957004170900E-03    4.514241647261399E-02    1.012154012990336E+34    2.587124132832074E+15    4.322439000000000E-01    0.000000000000000E+00    4.965804000000000E-01    1.690736000000000E-02    3.880243000000000E-03    2.085180000000000E-02    5.164057000000000E-03    1.966543000000000E-04    2.854135000000000E-03    5.844336000000000E-03    5.545091000000000E-03    1.470244000000000E-03    1.958527000000000E-03    0.000000000000000E+00    0.000000000000000E+00    0.000000000000000E+00    0.000000000000000E+00    0.000000000000000E+00    1.560148000000000E-03    0.000000000000000E+00    4.598698000000000E-03    1.299570041709000E+41    2.957420250254000E+10    5.890110959307002E+06
                      659    8.380107666629907E+31    1.016344089690364E+34    2.597312778187269E+15    2.070800000000000E+08    4.882302213266261E-14    2.687122167919359E-02    2.734909322818101E+03    1.806701391956082E+03    1.038957004170900E-03    4.410879514512455E-02    1.020576121838665E+34    2.607578671231183E+15    4.359140000000000E-01    0.000000000000000E+00    4.944498000000000E-01    1.660761000000000E-02    3.893127000000000E-03    2.039962000000000E-02    5.094071000000000E-03    1.973072000000000E-04    2.854504000000000E-03    5.622629000000000E-03    5.329297000000000E-03    1.412104000000000E-03    1.879629000000000E-03    0.000000000000000E+00    0.000000000000000E+00    0.000000000000000E+00    0.000000000000000E+00    0.000000000000000E+00    1.497794000000000E-03    0.000000000000000E+00    4.503306000000000E-03    1.309426722278667E+41    2.937420250254000E+10    5.670397598167668E+06
                      660    8.464261149177591E+31    1.024808153986965E+34    2.617844564275096E+15    2.087300000000000E+08    4.826265331223018E-14    2.638076660998227E-02    2.728619205924517E+03    1.798400353089628E+03    1.036957004170900E-03    4.308127290907979E-02    1.029084428254888E+34    2.628227758797383E+15    4.394937000000000E-01    0.000000000000000E+00    4.923545000000000E-01    1.631543000000000E-02    3.905576000000000E-03    1.996458000000000E-02    5.025753000000000E-03    1.979382000000000E-04    2.854837000000000E-03    5.410150000000000E-03    5.122486000000000E-03    1.356384000000000E-03    1.804015000000000E-03    0.000000000000000E+00    0.000000000000000E+00    0.000000000000000E+00    0.000000000000000E+00    0.000000000000000E+00    1.438045000000000E-03    0.000000000000000E+00    4.410505000000000E-03    1.319426722278667E+41    2.907420250254000E+10    5.430684237028334E+06
                      661    8.552371567367962E+31    1.033360702522811E+34    2.638610953319670E+15    2.104250000000000E+08    4.738322961079622E-14    2.566181748096829E-02    2.722343555898336E+03    1.786020252139183E+03    1.035957004170900E-03    4.206193030675461E-02    1.037812951064291E+34    2.649436341563180E+15    4.429442000000000E-01    0.000000000000000E+00    4.903106000000000E-01    1.603407000000000E-02    3.917406000000000E-03    1.955377000000000E-02    4.959829000000000E-03    1.985377000000000E-04    2.855121000000000E-03    5.210699000000000E-03    4.928354000000000E-03    1.304080000000000E-03    1.733037000000000E-03    0.000000000000000E+00    0.000000000000000E+00    0.000000000000000E+00    0.000000000000000E+00    0.000000000000000E+00    1.381971000000000E-03    0.000000000000000E+00    4.321396000000000E-03    1.319570041709000E+41    2.857420250254000E+10    5.171257514749668E+06
                      662    8.904566677305483E+31    1.042265199605771E+34    2.660261729806691E+15    2.121800000000000E+08    4.662417865466054E-14    2.519343652609495E-02    2.709924243295280E+03    1.777814234478883E+03    1.034957004170900E-03    4.101721123275279E-02    1.046856537417707E+34    2.671426693835305E+15    4.462010000000000E-01    0.000000000000000E+00    4.883499000000000E-01    1.576890000000000E-02    3.928346000000000E-03    1.917713000000000E-02    4.897519000000000E-03    1.990922000000000E-04    2.855340000000000E-03    5.029396000000000E-03    4.751885000000000E-03    1.256535000000000E-03    1.668516000000000E-03    0.000000000000000E+00    0.000000000000000E+00    0.000000000000000E+00    0.000000000000000E+00    0.000000000000000E+00    1.331013000000000E-03    0.000000000000000E+00    4.237732000000000E-03    1.329426722278667E+41    2.807563569684334E+10    4.931544153610335E+06
                      663    9.182737264576658E+31    1.051447875229642E+34    2.682591657863918E+15    2.139400000000000E+08    4.587870959317720E-14    2.473360448709831E-02    2.703603074677947E+03    1.769645920044939E+03    1.032957004170900E-03    3.995899764738588E-02    1.055950430540851E+34    2.693545792585756E+15    4.492842000000000E-01    0.000000000000000E+00    4.864621000000000E-01    1.551826000000000E-02    3.938477000000000E-03    1.883171000000000E-02    4.838441000000000E-03    1.996056000000000E-04    2.855500000000000E-03    4.864741000000000E-03    4.591620000000000E-03    1.213355000000000E-03    1.609920000000000E-03    0.000000000000000E+00    0.000000000000000E+00    0.000000000000000E+00    0.000000000000000E+00    0.000000000000000E+00    1.284749000000000E-03    0.000000000000000E+00    4.158974000000000E-03    1.339426722278667E+41    2.757563569684334E+10    4.701974111901334E+06
                      664    9.004965468496768E+31    1.060452985852059E+34    2.704499927307594E+15    2.156600000000000E+08    4.504272520693912E-14    2.428216532867856E-02    2.697384960157040E+03    1.761515135606759E+03    1.031957004170900E-03    3.894067093072919E-02    1.064839318606326E+34    2.715183197001965E+15    4.524638000000000E-01    0.000000000000000E+00    4.844797000000000E-01    1.526025000000000E-02    3.948666000000000E-03    1.848800000000000E-02    4.777427000000000E-03    2.001220000000000E-04    2.855611000000000E-03    4.702760000000000E-03    4.433956000000000E-03    1.170876000000000E-03    1.552274000000000E-03    0.000000000000000E+00    0.000000000000000E+00    0.000000000000000E+00    0.000000000000000E+00    0.000000000000000E+00    1.239253000000000E-03    0.000000000000000E+00    4.078251000000000E-03    1.339570041709000E+41    2.717563569684334E+10    4.482260750762002E+06
                      665    8.772802708813808E+31    1.069225651360592E+34    2.725866466696336E+15    2.173500000000000E+08    4.432116772940725E-14    2.383896586350141E-02    2.691181146902675E+03    1.753421708729678E+03    1.029957004170900E-03    3.796532865818363E-02    1.073529067423250E+34    2.736360876651829E+15    4.557814000000000E-01    0.000000000000000E+00    4.823739000000000E-01    1.499153000000000E-02    3.959026000000000E-03    1.814251000000000E-02    4.713666000000000E-03    2.006471000000000E-04    2.855679000000000E-03    4.541965000000000E-03    4.277448000000000E-03    1.128708000000000E-03    1.495051000000000E-03    0.000000000000000E+00    0.000000000000000E+00    0.000000000000000E+00    0.000000000000000E+00    0.000000000000000E+00    1.194108000000000E-03    0.000000000000000E+00    3.994547000000000E-03    1.349426722278667E+41    2.667706889114667E+10    4.262690709053001E+06
                      666    8.606748612101942E+31    1.077832483485908E+34    2.746855286607322E+15    2.190050000000000E+08    4.361252126603865E-14    2.340385570021609E-02    2.678903996995413E+03    1.745365467771292E+03    1.028957004170900E-03    3.702346288910240E-02    1.082036379634538E+34    2.757122055815636E+15    4.591689000000000E-01    0.000000000000000E+00    4.801965000000000E-01    1.471753000000000E-02    3.969403000000000E-03    1.779934000000000E-02    4.648497000000000E-03    2.011730000000000E-04    2.855690000000000E-03    4.383776000000001E-03    4.123475000000000E-03    1.087224000000000E-03    1.438754000000000E-03    0.000000000000000E+00    0.000000000000000E+00    0.000000000000000E+00    0.000000000000000E+00    0.000000000000000E+00    1.149708000000000E-03    0.000000000000000E+00    3.909461000000000E-03    1.359426722278667E+41    2.627563569684333E+10    4.062977347913668E+06
                      667    8.407802239308989E+31    1.086240275783168E+34    2.767388825023948E+15    2.206250000000000E+08    4.281783050105893E-14    2.318928786143482E-02    2.672655186196901E+03    1.741351238589099E+03    1.027957004170900E-03    3.611969643375208E-02    1.090364536116476E+34    2.777481034194010E+15    4.626350000000000E-01    0.000000000000000E+00    4.779478000000000E-01    1.443749000000000E-02    3.979864000000000E-03    1.745553000000000E-02    4.581774000000000E-03    2.017031000000000E-04    2.855653000000000E-03    4.226482000000000E-03    3.970374000000000E-03    1.045974000000000E-03    1.382777000000000E-03    0.000000000000000E+00    0.000000000000000E+00    0.000000000000000E+00    0.000000000000000E+00    0.000000000000000E+00    1.105568000000000E-03    0.000000000000000E+00    3.822693000000000E-03    1.359426722278667E+41    2.577706889114667E+10    3.883263986774334E+06
                      668    8.248512712977239E+31    1.094488796449785E+34    2.787573243364074E+15    2.222350000000000E+08    4.213322073763983E-14    2.276603565806188E-02    2.666508249844327E+03    1.733350456403380E+03    1.026957004170900E-03    3.524635118868766E-02    1.098596851242647E+34    2.797656943622175E+15    4.661486000000000E-01    0.000000000000000E+00    4.756468000000000E-01    1.415393000000000E-02    3.990305000000000E-03    1.711460000000000E-02    4.514087000000000E-03    2.022323000000000E-04    2.855613000000000E-03    4.071763000000000E-03    3.819779000000000E-03    1.005400000000000E-03    1.327715000000000E-03    0.000000000000000E+00    0.000000000000000E+00    0.000000000000000E+00    0.000000000000000E+00    0.000000000000000E+00    1.062160000000000E-03    0.000000000000000E+00    3.735033000000000E-03    1.369426722278667E+41    2.537706889114667E+10    3.703550625635001E+06
                      669    8.216143388692146E+31    1.102704906035509E+34    2.807740643880276E+15    2.238400000000000E+08    4.145827177893292E-14    2.255731538857558E-02    2.660375451053048E+03    1.729363860980504E+03    1.025957004170900E-03    3.438855747063387E-02    1.106791883683742E+34    2.817805167273602E+15    4.695906000000000E-01    0.000000000000000E+00    4.733759000000000E-01    1.387641000000000E-02    4.000406000000000E-03    1.678646000000000E-02    4.447749000000000E-03    2.027442000000000E-04    2.855563000000000E-03    3.923839000000000E-03    3.675798000000000E-03    9.666074000000000E-04    1.275072000000000E-03    0.000000000000000E+00    0.000000000000000E+00    0.000000000000000E+00    0.000000000000000E+00    0.000000000000000E+00    1.020667000000000E-03    0.000000000000000E+00    3.649391000000000E-03    1.369426722278667E+41    2.497706889114667E+10    3.533837264495668E+06
                      670    8.174030856040632E+31    1.110878861331975E+34    2.827869690666928E+15    2.254400000000000E+08    4.070157304013086E-14    2.214559798278715E-02    2.654256757307580E+03    1.721418155791948E+03    1.024957004170900E-03    3.354884112249779E-02    1.114936708775602E+34    2.837893245308902E+15    4.729987000000000E-01    0.000000000000000E+00    4.711090000000000E-01    1.360192000000000E-02    4.010265000000000E-03    1.646810000000000E-02    4.382029000000000E-03    2.032439000000000E-04    2.855464000000000E-03    3.781437000000000E-03    3.537192000000000E-03    9.292631000000000E-04    1.224394000000000E-03    0.000000000000000E+00    0.000000000000000E+00    0.000000000000000E+00    0.000000000000000E+00    0.000000000000000E+00    9.807303000000001E-04    0.000000000000000E+00    3.564852000000000E-03    1.379426722278667E+41    2.447850208545000E+10    3.374123903356334E+06
                      671    8.115567629022368E+31    1.118994556219229E+34    2.847916799950876E+15    2.270300000000000E+08    3.995992446590988E-14    2.194256592009827E-02    2.648152136167218E+03    1.717459003898927E+03    1.023957004170900E-03    3.272858224499339E-02    1.122899395523306E+34    2.857759504584358E+15    4.762049000000000E-01    0.000000000000000E+00    4.689641000000000E-01    1.334388000000000E-02    4.019444000000000E-03    1.617288000000000E-02    4.320180000000000E-03    2.037091000000000E-04    2.855347000000000E-03    3.650142000000000E-03    3.409397000000000E-03    8.948316000000000E-04    1.177668000000000E-03    0.000000000000000E+00    0.000000000000000E+00    0.000000000000000E+00    0.000000000000000E+00    0.000000000000000E+00    9.439141000000001E-04    0.000000000000000E+00    3.485488000000000E-03    1.379426722278667E+41    2.407850208545000E+10    3.224410542217001E+06
                      672    7.809686561793145E+31    1.126804234827382E+34    2.867602209217840E+15    2.286300000000000E+08    3.869111044129964E-14    2.154206895663693E-02    2.642061555265864E+03    1.709567996560150E+03    1.024957004170900E-03    3.194793684614601E-02    1.130810284193878E+34    2.877689478223560E+15    4.790824000000000E-01    0.000000000000000E+00    4.670287000000000E-01    1.311248000000000E-02    4.027601000000000E-03    1.591162000000000E-02    4.264654000000000E-03    2.041225000000000E-04    2.855233000000000E-03    3.534593000000000E-03    3.296928000000000E-03    8.645294000000000E-04    1.136547000000000E-03    0.000000000000000E+00    0.000000000000000E+00    0.000000000000000E+00    0.000000000000000E+00    0.000000000000000E+00    9.115179000000000E-04    0.000000000000000E+00    3.414405000000000E-03    1.389426722278667E+41    2.327993527975334E+10    3.044697181077668E+06
                      673    8.012136512778267E+31    1.134816333560373E+34    2.887776747229280E+15    2.303000000000000E+08    3.816024850454535E-14    2.134457008131871E-02    2.691181146902675E+03    1.705636099277057E+03    7.813928340284833E-04    3.134638074183418E-02    1.139266394850995E+34    2.898488868927972E+15    4.817833000000000E-01    0.000000000000000E+00    4.651995000000000E-01    1.289549000000000E-02    4.035159000000000E-03    1.567080000000000E-02    4.212514000000000E-03    2.045055000000000E-04    2.855106000000000E-03    3.428879000000000E-03    3.194033000000000E-03    8.368068000000000E-04    1.098926000000000E-03    0.000000000000000E+00    0.000000000000000E+00    0.000000000000000E+00    0.000000000000000E+00    0.000000000000000E+00    8.818849000000000E-04    0.000000000000000E+00    3.347859000000000E-03    1.389426722278667E+41    2.297993527975334E+10    3.544123903356334E+06
                      674    8.900096731916154E+31    1.143716456141618E+34    2.909200990626664E+15    2.320600000000000E+08    3.931979041168646E-14    2.095498777198050E-02    2.685079508496323E+03    1.697799413250708E+03    7.762942672227866E-04    3.069244521108579E-02    1.148525325993407E+34    2.920478861671690E+15    4.843712000000000E-01    0.000000000000000E+00    4.634383000000000E-01    1.268772000000000E-02    4.042332000000000E-03    1.544308000000000E-02    4.162544000000000E-03    2.048691000000000E-04    2.854972000000000E-03    3.329464000000000E-03    3.097269000000000E-03    8.107360000000001E-04    1.063547000000000E-03    0.000000000000000E+00    0.000000000000000E+00    0.000000000000000E+00    0.000000000000000E+00    0.000000000000000E+00    8.540209999999999E-04    0.000000000000000E+00    3.284214000000000E-03    1.399426722278667E+41    2.367850208545000E+10    3.554123903356334E+06
                      675    9.617876903860478E+31    1.153334195845197E+34    2.931756732716716E+15    2.339800000000000E+08    3.977509212626737E-14    2.076287128931563E-02    2.678903996995413E+03    1.693894582958126E+03    7.728942672227866E-04    2.999905080866931E-02    1.158834932911496E+34    2.944559187144596E+15    4.868349000000000E-01    0.000000000000000E+00    4.617512000000000E-01    1.249012000000000E-02    4.049078000000000E-03    1.522996000000000E-02    4.114957000000000E-03    2.052110000000000E-04    2.854829000000000E-03    3.237092000000000E-03    3.007360000000000E-03    7.865121000000000E-04    1.030674000000000E-03    0.000000000000000E+00    0.000000000000000E+00    0.000000000000000E+00    0.000000000000000E+00    0.000000000000000E+00    8.281356000000000E-04    0.000000000000000E+00    3.223769000000000E-03    1.399426722278667E+41    2.397850208545000E+10    3.494267222786667E+06
                      676    1.100136477005528E+32    1.164335669977795E+34    2.957361641572474E+15    2.362000000000000E+08    3.932100945983132E-14    2.057251614115083E-02    2.672655186196901E+03    1.689998733526000E+03    7.715942672227867E-04    2.922221524904341E-02    1.170789948997588E+34    2.972400981934030E+15    4.898914000000000E-01    0.000000000000000E+00    4.596291000000000E-01    1.224549000000000E-02    4.057212000000000E-03    1.497576000000000E-02    4.055880000000000E-03    2.056232000000000E-04    2.854609000000000E-03    3.128814000000000E-03    2.901971000000000E-03    7.581174999999999E-04    9.921412000000001E-04    0.000000000000000E+00    0.000000000000000E+00    0.000000000000000E+00    0.000000000000000E+00    0.000000000000000E+00    7.978049000000000E-04    0.000000000000000E+00    3.149175000000000E-03    1.409426722278667E+41    2.367993527975333E+10    3.354410542217001E+06
                      677    1.290862365711041E+32    1.177244228017380E+34    2.987440322295587E+15    2.386400000000000E+08    3.860212335665008E-14    2.019702540432021E-02    2.666508249844327E+03    1.682233894668999E+03    7.708957004170901E-04    2.832714418805390E-02    1.183924092137003E+34    3.003075665287778E+15    4.936674000000000E-01    0.000000000000000E+00    4.569870000000000E-01    1.194365000000000E-02    4.067095000000000E-03    1.466899000000000E-02    3.982870000000000E-03    2.061241000000000E-04    2.854306000000000E-03    2.999556000000000E-03    2.776162000000000E-03    7.242215000000000E-04    9.461430000000000E-04    0.000000000000000E+00    0.000000000000000E+00    0.000000000000000E+00    0.000000000000000E+00    0.000000000000000E+00    7.616069000000000E-04    0.000000000000000E+00    3.057309000000000E-03    1.419426722278667E+41    2.327850208545000E+10    3.184553861647334E+06
                      678    1.335971233196710E+32    1.190603956256626E+34    3.018711008279970E+15    2.410800000000000E+08    3.772343175204613E-14    1.982838814581378E-02    2.654256757307580E+03    1.674504732005880E+03    7.700957004170900E-04    2.741872722825661E-02    1.197021350273317E+34    3.033807809372202E+15    4.979512000000000E-01    0.000000000000000E+00    4.539603000000000E-01    1.160180000000000E-02    4.078065000000000E-03    1.433127000000000E-02    3.900014000000000E-03    2.066801000000000E-04    2.853919000000000E-03    2.859279000000000E-03    2.639630000000000E-03    6.874364000000000E-04    8.962244000000000E-04    0.000000000000000E+00    0.000000000000000E+00    0.000000000000000E+00    0.000000000000000E+00    0.000000000000000E+00    7.223349999999999E-04    0.000000000000000E+00    2.953490000000000E-03    1.429283402848333E+41    2.267993527975334E+10    2.994840500508001E+06
                      679    1.283480990589035E+32    1.203438744290008E+34    3.048904610464435E+15    2.434600000000000E+08    3.678109536193578E-14    1.946647927555447E-02    2.642148056212031E+03    1.666811081619419E+03    7.693957004170901E-04    2.656428724776067E-02    1.209722716004375E+34    3.063738737401337E+15    5.028912000000000E-01    0.000000000000000E+00    4.504269000000000E-01    1.120842000000000E-02    4.090355000000000E-03    1.395699000000000E-02    3.804425000000000E-03    2.073029000000000E-04    2.853408000000000E-03    2.706889000000000E-03    2.491310000000000E-03    6.474756000000000E-04    8.419966000000000E-04    0.000000000000000E+00    0.000000000000000E+00    0.000000000000000E+00    0.000000000000000E+00    0.000000000000000E+00    6.796899000000000E-04    0.000000000000000E+00    2.834354000000000E-03    1.429426722278667E+41    2.217993527975334E+10    2.795270458799001E+06
                      680    1.256789173007746E+32    1.216006687718742E+34    3.078572864338239E+15    2.457200000000000E+08    3.594274106715760E-14    1.928800952081242E-02    2.635984982311865E+03    1.662977522511834E+03    7.685971336113933E-04    2.574470255202684E-02    1.221750905573708E+34    3.092181962370145E+15    5.082155000000000E-01    0.000000000000000E+00    4.465910000000000E-01    1.078500000000000E-02    4.103371000000000E-03    1.356334000000000E-02    3.701375000000000E-03    2.079626000000000E-04    2.852818000000000E-03    2.548666000000000E-03    2.337314000000000E-03    6.059858000000000E-04    7.856940000000000E-04    0.000000000000000E+00    0.000000000000000E+00    0.000000000000000E+00    0.000000000000000E+00    0.000000000000000E+00    6.354246000000000E-04    0.000000000000000E+00    2.706330000000000E-03    1.439426722278667E+41    2.158136847405667E+10    2.615557097659667E+06
                      681    1.148842576788277E+32    1.227495123428674E+34    3.105791060402051E+15    2.477750000000000E+08    3.512567337639614E-14    1.893596367200742E-02    2.623873731450501E+03    1.655336834842100E+03    7.677957004170900E-04    2.501065889018161E-02    1.232661608795709E+34    3.118082552974766E+15    5.128423000000000E-01    0.000000000000000E+00    4.432411000000000E-01    1.041740000000000E-02    4.114541000000000E-03    1.322709000000000E-02    3.611815000000000E-03    2.085287000000000E-04    2.852280000000000E-03    2.414765000000000E-03    2.206992000000000E-03    5.708744000000000E-04    7.380473000000000E-04    0.000000000000000E+00    0.000000000000000E+00    0.000000000000000E+00    0.000000000000000E+00    0.000000000000000E+00    5.979712000000001E-04    0.000000000000000E+00    2.595304000000000E-03    1.439426722278667E+41    2.118136847405667E+10    2.455843736520334E+06
                      682    1.033301447908664E+32    1.237828094162743E+34    3.130374045547480E+15    2.497100000000000E+08    3.440417865556897E-14    1.859263589842255E-02    2.611903637510217E+03    1.647784711946716E+03    7.671971336113933E-04    2.436180831340428E-02    1.242882731474551E+34    3.142474802012994E+15    5.168199000000000E-01    0.000000000000000E+00    4.403401000000000E-01    1.010180000000000E-02    4.123965000000000E-03    1.294545000000000E-02    3.534804000000000E-03    2.090063000000000E-04    2.851787000000000E-03    2.304232000000000E-03    2.099414000000000E-03    5.418908000000000E-04    6.987163000000000E-04    0.000000000000000E+00    0.000000000000000E+00    0.000000000000000E+00    0.000000000000000E+00    0.000000000000000E+00    5.670630000000000E-04    0.000000000000000E+00    2.500140000000000E-03    1.449426722278667E+41    2.068280166836000E+10    2.316130375381001E+06
                      683    1.010918713358165E+32    1.247937368786359E+34    3.154575558478508E+15    2.516400000000000E+08    3.362208630612553E-14    1.841990609148675E-02    2.605811111733611E+03    1.643941576224003E+03    7.668971336113934E-04    2.373779124620946E-02    1.252994093928532E+34    3.166748646151711E+15    5.204534000000000E-01    0.000000000000000E+00    4.376771000000000E-01    9.813788000000000E-03    4.132463000000000E-03    1.269277000000000E-02    3.464450000000000E-03    2.094370000000000E-04    2.851317000000000E-03    2.206098000000000E-03    2.003906000000000E-03    5.161591000000000E-04    6.637983000000001E-04    0.000000000000000E+00    0.000000000000000E+00    0.000000000000000E+00    0.000000000000000E+00    0.000000000000000E+00    5.396281000000000E-04    0.000000000000000E+00    2.413391000000000E-03    1.449426722278667E+41    2.028136847405667E+10    2.196130375381000E+06
                      684    1.011350198300106E+32    1.258050819070704E+34    3.178921733824915E+15    2.535900000000000E+08    3.293249682539688E-14    1.825103137736989E-02    2.599817912486143E+03    1.640160615519236E+03    7.664971336113934E-04    2.312323999597446E-02    1.263138861668340E+34    3.191233760387440E+15    5.237600000000000E-01    0.000000000000000E+00    4.352430000000000E-01    9.551909000000001E-03    4.140105000000000E-03    1.246655000000000E-02    3.400418000000000E-03    2.098243000000000E-04    2.850874000000000E-03    2.119086000000000E-03    1.919222000000000E-03    4.933439000000000E-04    6.328380000000000E-04    0.000000000000000E+00    0.000000000000000E+00    0.000000000000000E+00    0.000000000000000E+00    0.000000000000000E+00    5.153072000000000E-04    0.000000000000000E+00    2.334589000000000E-03    1.459426722278667E+41    1.988280166836000E+10    2.086417014241667E+06
                      685    1.017616672007611E+32    1.268226904265975E+34    3.203545786949964E+15    2.556100000000000E+08    3.225705083498006E-14    1.808370491593835E-02    2.587957561026742E+03    1.636388350782780E+03    7.660985668056968E-04    2.251473941911199E-02    1.273574533772231E+34    3.216578112185444E+15    5.268240000000000E-01    0.000000000000000E+00    4.329762000000000E-01    9.309487000000000E-03    4.147088000000000E-03    1.226096000000000E-02    3.341078000000000E-03    2.101782000000000E-04    2.850447000000000E-03    2.040938000000000E-03    1.843166000000000E-03    4.728532000000000E-04    6.050323000000000E-04    0.000000000000000E+00    0.000000000000000E+00    0.000000000000000E+00    0.000000000000000E+00    0.000000000000000E+00    4.934691000000000E-04    0.000000000000000E+00    2.261723000000000E-03    1.459426722278667E+41    1.948280166836000E+10    1.976560333672001E+06
                      686    1.069519339498494E+32    1.278922163278486E+34    3.229610437420922E+15    2.577450000000000E+08    3.152279071420617E-14    1.775582943758954E-02    2.581920891862199E+03    1.628922676323319E+03    7.660985668056968E-04    2.188530088357633E-02    1.284472212909578E+34    3.243343413378946E+15    5.298292999999999E-01    0.000000000000000E+00    4.307470000000000E-01    9.071829999999999E-03    4.153889000000000E-03    1.206128000000000E-02    3.282872000000000E-03    2.105229000000000E-04    2.850020000000000E-03    1.965507000000000E-03    1.769754000000000E-03    4.530749000000000E-04    5.781934000000000E-04    0.000000000000000E+00    0.000000000000000E+00    0.000000000000000E+00    0.000000000000000E+00    0.000000000000000E+00    4.723926000000000E-04    0.000000000000000E+00    2.190328000000000E-03    1.469426722278667E+41    1.898280166836000E+10    1.866846972532667E+06
                      687    1.109998791123204E+32    1.290022262540671E+34    3.257076389336971E+15    2.600000000000000E+08    3.059223411951649E-14    1.759087375258087E-02    2.575982638595700E+03    1.625123532611443E+03    7.667985668056966E-04    2.124101446772288E-02    1.295677896735897E+34    3.271587726498828E+15    5.327304000000000E-01    0.000000000000000E+00    4.285878000000000E-01    8.842581000000000E-03    4.160389000000000E-03    1.187117000000000E-02    3.226682000000000E-03    2.108523000000000E-04    2.849596000000000E-03    1.894320000000000E-03    1.700474000000000E-03    4.344098000000000E-04    5.528652000000000E-04    0.000000000000000E+00    0.000000000000000E+00    0.000000000000000E+00    0.000000000000000E+00    0.000000000000000E+00    4.525055000000000E-04    0.000000000000000E+00    2.121512000000000E-03    1.469426722278667E+41    1.838423486266334E+10    1.756990291963000E+06
                      688    1.131127833250228E+32    1.301333530931124E+34    3.286099063660686E+15    2.623750000000000E+08    2.894840624498547E-14    1.742959965263286E-02    2.564147073461639E+03    1.621385852205970E+03    7.695999999999999E-04    2.059443901821673E-02    1.307213855441739E+34    3.301263865084985E+15    5.357028000000000E-01    0.000000000000000E+00    4.263641000000000E-01    8.607953000000000E-03    4.166948000000000E-03    1.168038000000000E-02    3.169109000000000E-03    2.111847000000000E-04    2.849146000000000E-03    1.823835000000000E-03    1.631879000000000E-03    4.159293000000000E-04    5.277876000000000E-04    0.000000000000000E+00    0.000000000000000E+00    0.000000000000000E+00    0.000000000000000E+00    0.000000000000000E+00    4.328197000000000E-04    0.000000000000000E+00    2.051157000000000E-03    1.479426722278667E+41    1.748423486266334E+10    1.617133611393334E+06
                      689    1.176081405924996E+32    1.313094179952354E+34    3.316428666509285E+15    2.647250000000000E+08    2.828946006994945E-14    1.711358375046569E-02    2.617838989330487E+03    1.613988623461366E+03    5.878200647202466E-04    2.009009455421575E-02    1.318810560069131E+34    3.330729505777117E+15    5.388069000000000E-01    0.000000000000000E+00    4.240302000000000E-01    8.363199999999999E-03    4.173696000000000E-03    1.148527000000000E-02    3.108983000000000E-03    2.115267000000000E-04    2.848659000000000E-03    1.752763000000000E-03    1.562713000000000E-03    3.972952000000000E-04    5.025016999999999E-04    0.000000000000000E+00    0.000000000000000E+00    0.000000000000000E+00    0.000000000000000E+00    0.000000000000000E+00    4.129751000000000E-04    0.000000000000000E+00    1.977845000000000E-03    1.479426722278667E+41    1.708423486266334E+10    1.916846972532667E+06
                      690    1.143275227991310E+32    1.324526940185907E+34    3.345030345044949E+15    2.668850000000000E+08    2.868300566126492E-14    1.695459467364255E-02    2.611818126732192E+03    1.610224310508401E+03    5.846200647202467E-04    1.961049208802295E-02    1.329709829934375E+34    3.357905768079944E+15    5.419069000000000E-01    0.000000000000000E+00    4.216890000000000E-01    8.119002000000000E-03    4.180342000000000E-03    1.129407000000000E-02    3.048934000000000E-03    2.118636000000000E-04    2.848157000000000E-03    1.684031000000000E-03    1.495825000000000E-03    3.792751000000000E-04    4.780492000000000E-04    0.000000000000000E+00    0.000000000000000E+00    0.000000000000000E+00    0.000000000000000E+00    0.000000000000000E+00    3.937888000000000E-04    0.000000000000000E+00    1.904768000000000E-03    1.489283402848333E+41    1.728423486266334E+10    1.876846972532667E+06
                      691    1.036571189100040E+32    1.334892719682843E+34    3.370781191114939E+15    2.688650000000000E+08    2.842003828472136E-14    1.679915401535383E-02    2.599903030377830E+03    1.606520897362859E+03    5.835214979145500E-04    1.918345607699903E-02    1.339713619414350E+34    3.382773665972976E+15    5.449292999999999E-01    0.000000000000000E+00    4.193947000000000E-01    7.881193999999999E-03    4.186718000000000E-03    1.111178000000000E-02    2.990389000000000E-03    2.121867000000000E-04    2.847651000000000E-03    1.619545000000000E-03    1.433072000000000E-03    3.623688000000000E-04    4.551083000000000E-04    0.000000000000000E+00    0.000000000000000E+00    0.000000000000000E+00    0.000000000000000E+00    0.000000000000000E+00    3.757933000000000E-04    0.000000000000000E+00    1.833680000000000E-03    1.489426722278667E+41    1.708566805696667E+10    1.806990291963001E+06
                      692    9.641707996160794E+31    1.344534519145858E+34    3.394766140831012E+15    2.707100000000000E+08    2.796476629480802E-14    1.664513844558620E-02    2.593838497214443E+03    1.602826001831191E+03    5.834200647202467E-04    1.879214461266015E-02    1.349042741425198E+34    3.406026593998870E+15    5.478894000000000E-01    0.000000000000000E+00    4.171377000000000E-01    7.648520000000000E-03    4.192873000000000E-03    1.093680000000000E-02    2.933049000000000E-03    2.124986000000000E-04    2.847141000000000E-03    1.558574000000000E-03    1.373739000000000E-03    3.463841000000000E-04    4.334181000000000E-04    0.000000000000000E+00    0.000000000000000E+00    0.000000000000000E+00    0.000000000000000E+00    0.000000000000000E+00    3.587832000000000E-04    0.000000000000000E+00    1.764192000000000E-03    1.489426722278667E+41    1.678566805696667E+10    1.717133611393334E+06
                      693    9.016571816912034E+31    1.353550963704538E+34    3.417287047166728E+15    2.724200000000000E+08    2.745520296587923E-14    1.649253489904955E-02    2.587872834216244E+03    1.599139604323427E+03    5.833214979145500E-04    1.843147463309429E-02    1.357624519586144E+34    3.427543338315842E+15    5.506952000000001E-01    0.000000000000000E+00    4.149941000000000E-01    7.428078000000000E-03    4.198669000000000E-03    1.077243000000000E-02    2.878699000000000E-03    2.127924000000000E-04    2.846651000000000E-03    1.501695000000000E-03    1.318390000000000E-03    3.314729000000000E-04    4.131846000000000E-04    0.000000000000000E+00    0.000000000000000E+00    0.000000000000000E+00    0.000000000000000E+00    0.000000000000000E+00    3.429173000000000E-04    0.000000000000000E+00    1.698385000000000E-03    1.499283402848333E+41    1.658423486266334E+10    1.647133611393334E+06
                      694    8.147050122505130E+31    1.361698075467749E+34    3.437799629464957E+15    2.741150000000000E+08    2.695325339379733E-14    1.634133043023707E-02    2.581920891862199E+03    1.595461685294655E+03    5.836214979145500E-04    1.810880806393593E-02    1.366048616844343E+34    3.448819607677168E+15    5.533222000000000E-01    0.000000000000000E+00    4.129819000000000E-01    7.221803000000000E-03    4.204050000000000E-03    1.062037000000000E-02    2.827813000000000E-03    2.130651000000000E-04    2.846185000000000E-03    1.449565000000000E-03    1.267661000000000E-03    3.178064000000000E-04    3.946402000000000E-04    0.000000000000000E+00    0.000000000000000E+00    0.000000000000000E+00    0.000000000000000E+00    0.000000000000000E+00    3.283782000000000E-04    0.000000000000000E+00    1.636841000000000E-03    1.499426722278667E+41    1.618566805696667E+10    1.567420250254001E+06
                      695    8.701104625696175E+31    1.370399158220937E+34    3.459839585889378E+15    2.760000000000000E+08    2.634053906386267E-14    1.619151221232717E-02    2.570142186487958E+03    1.591792225244916E+03    5.841214979145501E-04    1.776970631290768E-02    1.375443853483391E+34    3.472561761901638E+15    5.559654000000001E-01    0.000000000000000E+00    4.109535000000000E-01    7.014343000000000E-03    4.209430000000000E-03    1.046870000000000E-02    2.776611000000000E-03    2.133377000000000E-04    2.845710000000000E-03    1.397933000000000E-03    1.217419000000000E-03    3.042711000000000E-04    3.762740000000000E-04    0.000000000000000E+00    0.000000000000000E+00    0.000000000000000E+00    0.000000000000000E+00    0.000000000000000E+00    3.139805000000000E-04    0.000000000000000E+00    1.574968000000000E-03    1.499426722278667E+41    1.588566805696667E+10    1.497420250254000E+06
                      696    1.008945813084458E+32    1.380488548745846E+34    3.485283937913898E+15    2.780750000000000E+08    2.609904755017095E-14    1.423270381617787E-02    2.523149197091164E+03    1.541297163473471E+03    5.727200647202466E-04    1.738938562526273E-02    1.385835184047166E+34    3.498655544904932E+15    5.588136000000000E-01    0.000000000000000E+00    4.087656000000000E-01    6.790843000000000E-03    4.215208000000000E-03    1.030603000000000E-02    2.721439000000000E-03    2.136306000000000E-04    2.845195000000000E-03    1.342761000000000E-03    1.163732000000000E-03    2.898077000000000E-04    3.566484000000000E-04    0.000000000000000E+00    0.000000000000000E+00    0.000000000000000E+00    0.000000000000000E+00    0.000000000000000E+00    2.985966000000000E-04    0.000000000000000E+00    1.508325000000000E-03    1.509283402848334E+41    1.568710125127000E+10    1.217850208545000E+06
                      697    1.069329247514855E+32    1.391181819348486E+34    3.512027151895966E+15    2.802100000000000E+08    2.597913331915527E-14    1.384482312402682E-02    2.511638607784781E+03    1.530686948431168E+03    5.704200647202466E-04    1.699308518255066E-02    1.396560865730698E+34    3.525468772738324E+15    5.616020000000000E-01    0.000000000000000E+00    4.066198000000000E-01    6.572128000000000E-03    4.220830000000000E-03    1.014814000000000E-02    2.667426000000000E-03    2.139155000000000E-04    2.844686000000000E-03    1.289579000000000E-03    1.111981000000000E-03    2.758660000000000E-04    3.377308000000000E-04    0.000000000000000E+00    0.000000000000000E+00    0.000000000000000E+00    0.000000000000000E+00    0.000000000000000E+00    2.837693000000000E-04    0.000000000000000E+00    1.443134000000000E-03    1.509426722278667E+41    1.568566805696667E+10    1.147993527975334E+06
                      698    1.075809276442473E+32    1.401939912112910E+34    3.538910393580683E+15    2.823600000000000E+08    2.562268624716109E-14    1.346751325758020E-02    2.500098676618220E+03    1.520149773595458E+03    5.691200647202467E-04    1.660107108448586E-02    1.407418975511619E+34    3.552445872859026E+15    5.640041000000000E-01    0.000000000000000E+00    4.047640000000000E-01    6.383882000000000E-03    4.225608000000000E-03    1.001464000000000E-02    2.620895000000000E-03    2.141577000000000E-04    2.844237000000000E-03    1.245313000000000E-03    1.068908000000000E-03    2.642622000000000E-04    3.219856000000000E-04    0.000000000000000E+00    0.000000000000000E+00    0.000000000000000E+00    0.000000000000000E+00    0.000000000000000E+00    2.714317000000000E-04    0.000000000000000E+00    1.387069000000000E-03    1.509426722278667E+41    1.548566805696667E+10    1.087993527975334E+06
                      699    1.095793193324963E+32    1.412898038910327E+34    3.565981352137368E+15    2.844400000000000E+08    2.550496069752262E-14    1.322170343822376E-02    2.494266947065639E+03    1.513165319822617E+03    5.670214979145500E-04    1.620958235359296E-02    1.418038177846575E+34    3.578576103434729E+15    5.661003999999999E-01    0.000000000000000E+00    4.031373000000000E-01    6.219786000000000E-03    4.229712000000000E-03    9.900720000000000E-03    2.580292000000000E-03    2.143657000000000E-04    2.843835000000000E-03    1.208266000000000E-03    1.032860000000000E-03    2.545510000000000E-04    3.088087000000000E-04    0.000000000000000E+00    0.000000000000000E+00    0.000000000000000E+00    0.000000000000000E+00    0.000000000000000E+00    2.611098000000000E-04    0.000000000000000E+00    1.338243000000000E-03    1.509426722278667E+41    1.538566805696667E+10    1.028179843234767E+06
                      700    1.028045881779422E+32    1.423178316782823E+34    3.591170854732091E+15    2.863350000000000E+08    2.538698896406169E-14    1.298038015369640E-02    2.482806831429993E+03    1.506212956699888E+03    5.652214979145500E-04    1.584813870703401E-02    1.427780789690035E+34    3.602457361411748E+15    5.677458000000000E-01    0.000000000000000E+00    4.018586000000000E-01    6.091022000000000E-03    4.232917000000000E-03    9.811957000000000E-03    2.548420000000000E-03    2.145281000000000E-04    2.843516000000000E-03    1.179588000000000E-03    1.004955000000000E-03    2.470337000000000E-04    2.986086000000000E-04    0.000000000000000E+00    0.000000000000000E+00    0.000000000000000E+00    0.000000000000000E+00    0.000000000000000E+00    2.531207000000000E-04    0.000000000000000E+00    1.299942000000000E-03    1.519283402848333E+41    1.528710125127000E+10    9.822371710069003E+05
                      701    9.204818556190760E+31    1.432383262597246E+34    3.613743868091404E+15    2.881250000000000E+08    2.503866641719997E-14    1.274346151550890E-02    2.471480283718657E+03    1.499292536784130E+03    5.645214979145500E-04    1.552907871157087E-02    1.436922901752543E+34    3.624963583496931E+15    5.686816000000000E-01    0.000000000000000E+00    4.011304000000000E-01    6.017815000000000E-03    4.234731000000000E-03    9.761799000000000E-03    2.530294000000000E-03    2.146200000000000E-04    2.843333000000000E-03    1.163476000000000E-03    9.892784000000000E-04    2.428104000000000E-04    2.928783000000000E-04    0.000000000000000E+00    0.000000000000000E+00    0.000000000000000E+00    0.000000000000000E+00    0.000000000000000E+00    2.486329000000000E-04    0.000000000000000E+00    1.278171000000000E-03    1.519426722278667E+41    1.508710125127000E+10    9.333374946081336E+05
                      702    9.079314101972041E+31    1.441462540907840E+34    3.636183298902458E+15    2.899800000000000E+08    2.446947539999227E-14    1.251086712980517E-02    2.465715309422253E+03    1.492403913309636E+03    5.645214979145500E-04    1.521911672461788E-02    1.446286721515634E+34    3.648246659312624E+15    5.696458000000000E-01    0.000000000000000E+00    4.003765000000000E-01    5.942475000000000E-03    4.236567000000000E-03    9.711389000000001E-03    2.511619000000000E-03    2.147131000000000E-04    2.843140000000000E-03    1.147652000000000E-03    9.738822000000000E-04    2.386629000000000E-04    2.872506000000000E-04    0.000000000000000E+00    0.000000000000000E+00    0.000000000000000E+00    0.000000000000000E+00    0.000000000000000E+00    2.442271000000000E-04    0.000000000000000E+00    1.255788000000000E-03    1.519426722278667E+41    1.478710125127000E+10    8.844234862663336E+05
                      703    9.648460636081685E+31    1.451110902123428E+34    3.660310019722791E+15    2.919500000000000E+08    2.391174079228985E-14    1.228403271927861E-02    2.454466733116923E+03    1.485595137279505E+03    5.649214979145500E-04    1.489321346371006E-02    1.456080236651783E+34    3.672990544337484E+15    5.713003000000000E-01    0.000000000000000E+00    3.990813000000000E-01    5.813242000000000E-03    4.239702000000000E-03    9.625468999999998E-03    2.479577000000000E-03    2.148720000000000E-04    2.842806000000000E-03    1.120854000000000E-03    9.478089000000001E-04    2.316390000000000E-04    2.777204000000000E-04    0.000000000000000E+00    0.000000000000000E+00    0.000000000000000E+00    0.000000000000000E+00    0.000000000000000E+00    2.367668000000000E-04    0.000000000000000E+00    1.217404000000000E-03    1.519426722278667E+41    1.438710125127000E+10    8.335238098675669E+05
                      704    9.938579578265884E+31    1.461049571180138E+34    3.685671068952178E+15    2.940050000000000E+08    2.310067438837353E-14    1.216991126756045E-02    2.448741444624428E+03    1.482130277034003E+03    5.660214979145500E-04    1.456161215559579E-02    1.466161077014249E+34    3.698770615335994E+15    5.733424000000000E-01    0.000000000000000E+00    3.974803000000000E-01    5.653786000000000E-03    4.243551000000000E-03    9.520245000000000E-03    2.440027000000000E-03    2.150670000000000E-04    2.842391000000000E-03    1.088283000000000E-03    9.161189000000000E-04    2.231022000000000E-04    2.661372000000000E-04    0.000000000000000E+00    0.000000000000000E+00    0.000000000000000E+00    0.000000000000000E+00    0.000000000000000E+00    2.277006000000000E-04    0.000000000000000E+00    1.170056000000000E-03    1.529283402848333E+41    1.388853444557334E+10    7.786241334688002E+05
                      705    1.022297388843234E+32    1.471272582848358E+34    3.711870161719810E+15    2.961050000000000E+08    2.267903956316015E-14    1.194778535366323E-02    2.477177634177465E+03    1.475320506980367E+03    4.736315302746733E-04    1.428020025520888E-02    1.476506475310010E+34    3.725089071675043E+15    5.756165000000000E-01    0.000000000000000E+00    3.956930000000000E-01    5.476336000000000E-03    4.247795000000000E-03    9.404635999999999E-03    2.395987000000000E-03    2.152821000000000E-04    2.841921000000000E-03    1.052970000000000E-03    8.817619000000000E-04    2.138469000000000E-04    2.535795000000000E-04    0.000000000000000E+00    0.000000000000000E+00    0.000000000000000E+00    0.000000000000000E+00    0.000000000000000E+00    2.178736000000000E-04    0.000000000000000E+00    1.117392000000000E-03    1.529426722278667E+41    1.368710125127000E+10    8.843948223802670E+05
                      706    1.046772924782644E+32    1.481740367771661E+34    3.738307981630276E+15    2.982500000000000E+08    2.273061542181722E-14    1.173116017335577E-02    2.471399370242793E+03    1.468589670364953E+03    4.720315302746733E-04    1.399654002864266E-02    1.487211179269406E+34    3.752035464705958E+15    5.782041999999999E-01    0.000000000000000E+00    3.936548000000000E-01    5.274522000000000E-03    4.252584000000000E-03    9.274612999999999E-03    2.345877000000000E-03    2.155249000000000E-04    2.841381000000000E-03    1.013722000000000E-03    8.435771000000000E-04    2.035606000000000E-04    2.396229000000000E-04    0.000000000000000E+00    0.000000000000000E+00    0.000000000000000E+00    0.000000000000000E+00    0.000000000000000E+00    2.069541000000000E-04    0.000000000000000E+00    1.057522000000000E-03    1.529426722278667E+41    1.368853444557334E+10    8.514664820954335E+05
                      707    1.094177610305021E+32    1.492681990767151E+34    3.765762947781640E+15    3.004900000000000E+08    2.252221988700867E-14    1.162217503305898E-02    2.465715309422253E+03    1.465164472046710E+03    4.711329634689767E-04    1.370522281029670E-02    1.498443209526512E+34    3.780219381793523E+15    5.806980000000000E-01    0.000000000000000E+00    3.916895000000000E-01    5.080055000000000E-03    4.257190000000000E-03    9.149703000000000E-03    2.297583000000000E-03    2.157583000000000E-04    2.840859000000000E-03    9.761414000000000E-04    8.070149000000000E-04    1.937114000000000E-04    2.262594000000000E-04    0.000000000000000E+00    0.000000000000000E+00    0.000000000000000E+00    0.000000000000000E+00    0.000000000000000E+00    1.964992000000000E-04    0.000000000000000E+00    9.998375999999999E-04    1.529426722278667E+41    1.358710125127000E+10    8.105381418106002E+05
                      708    1.152230230684985E+32    1.504204428285872E+34    3.794675815805407E+15    3.028500000000000E+08    2.216280159664952E-14    1.141004643212390E-02    2.454386376645509E+03    1.458432652786286E+03    4.707329634689767E-04    1.340358808499255E-02    1.510222649021021E+34    3.809848218896198E+15    5.832434000000000E-01    0.000000000000000E+00    3.896831000000000E-01    4.881584000000000E-03    4.261886000000000E-03    9.022367000000000E-03    2.248293000000000E-03    2.159963000000000E-04    2.840326000000000E-03    9.378776000000000E-04    7.697881000000000E-04    1.836831000000000E-04    2.126531000000000E-04    0.000000000000000E+00    0.000000000000000E+00    0.000000000000000E+00    0.000000000000000E+00    0.000000000000000E+00    1.858544000000000E-04    0.000000000000000E+00    9.409683000000000E-04    1.539283402848333E+41    1.338853444557334E+10    7.666098015257670E+05
                      709    1.203654089079004E+32    1.516240869756169E+34    3.825020621986988E+15    3.053300000000000E+08    2.175828487907069E-14    1.120178961450013E-02    2.443189482853688E+03    1.451731763425827E+03    4.707329634689767E-04    1.309279272093065E-02    1.522569083590159E+34    3.840987407110830E+15    5.852805000000000E-01    0.000000000000000E+00    3.880767000000000E-01    4.722755000000000E-03    4.265639000000000E-03    8.920677000000000E-03    2.208845000000000E-03    2.161865000000000E-04    2.839898000000000E-03    9.073892000000001E-04    7.401260999999999E-04    1.756927000000000E-04    2.018117000000000E-04    0.000000000000000E+00    0.000000000000000E+00    0.000000000000000E+00    0.000000000000000E+00    0.000000000000000E+00    1.773731000000000E-04    0.000000000000000E+00    8.938613000000000E-04    1.539283402848333E+41    1.308853444557333E+10    7.207101251270003E+05
                      710    1.265635608522481E+32    1.528897297424149E+34    3.856954192234671E+15    3.079350000000000E+08    2.136115142367048E-14    1.099869007570043E-02    2.431964046848838E+03    1.445108545445197E+03    4.705329634689767E-04    1.277183110898015E-02    1.535526655933056E+34    3.873738574916611E+15    5.858635000000000E-01    0.000000000000000E+00    3.876166000000000E-01    4.677313000000000E-03    4.266710000000000E-03    8.891697000000000E-03    2.197556000000000E-03    2.162408000000000E-04    2.839775000000000E-03    8.987377000000000E-04    7.317091000000000E-04    1.734254000000000E-04    1.987353000000000E-04    0.000000000000000E+00    0.000000000000000E+00    0.000000000000000E+00    0.000000000000000E+00    0.000000000000000E+00    1.749666000000000E-04    0.000000000000000E+00    8.803857000000000E-04    1.539426722278667E+41    1.288853444557334E+10    6.807961167852002E+05
                      711    1.325866730756783E+32    1.542156014441964E+34    3.890522957598550E+15    3.105850000000000E+08    2.097061630981197E-14    1.079794135773319E-02    2.426291248116747E+03    1.438468874797134E+03    4.704343966632800E-04    1.244067244611784E-02    1.548649465136209E+34    3.907071672033200E+15    5.860282999999999E-01    0.000000000000000E+00    3.874865000000000E-01    4.664467000000000E-03    4.267012000000000E-03    8.883518000000000E-03    2.194365000000000E-03    2.162561000000000E-04    2.839740000000000E-03    8.963007000000000E-04    7.293382000000000E-04    1.727867000000000E-04    1.978688000000000E-04    0.000000000000000E+00    0.000000000000000E+00    0.000000000000000E+00    0.000000000000000E+00    0.000000000000000E+00    1.742888000000000E-04    0.000000000000000E+00    8.765765000000000E-04    1.539426722278667E+41    1.258996763987667E+10    6.428677765003669E+05
                      712    1.298694513350733E+32    1.555142915830454E+34    3.923620386467850E+15    3.131800000000000E+08    2.049390216577694E-14    1.060085671680500E-02    2.415143452448009E+03    1.431859710664623E+03    4.705343966632800E-04    1.212151782004227E-02    1.561432156830978E+34    3.939723194834129E+15    5.865402000000000E-01    0.000000000000000E+00    3.870821000000000E-01    4.624578000000000E-03    4.267948000000000E-03    8.858250000000000E-03    2.184453000000000E-03    2.163035000000000E-04    2.839631000000000E-03    8.888136000000000E-04    7.220543000000000E-04    1.708245000000000E-04    1.952065000000000E-04    0.000000000000000E+00    0.000000000000000E+00    0.000000000000000E+00    0.000000000000000E+00    0.000000000000000E+00    1.722065000000000E-04    0.000000000000000E+00    8.647503000000000E-04    1.549283402848334E+41    1.238853444557334E+10    6.039537681585668E+05
                      713    1.257846211695009E+32    1.567721397831503E+34    3.955826003200408E+15    3.157200000000000E+08    2.002678310017061E-14    1.050237235213221E-02    2.404046876247816E+03    1.428520177797208E+03    4.709343966632800E-04    1.181778359109048E-02    1.573882286974874E+34    3.971683590707556E+15    5.892578000000001E-01    0.000000000000000E+00    3.849286000000000E-01    4.412965000000000E-03    4.272857000000000E-03    8.726268000000001E-03    2.131833000000000E-03    2.165523000000000E-04    2.839045000000000E-03    8.503865999999999E-04    6.846708000000000E-04    1.607543000000000E-04    1.815436000000000E-04    0.000000000000000E+00    0.000000000000000E+00    0.000000000000000E+00    0.000000000000000E+00    0.000000000000000E+00    1.615228000000000E-04    0.000000000000000E+00    8.020477000000000E-04    1.549283402848334E+41    1.208853444557333E+10    5.640254278737336E+05
                      714    1.232185981154638E+32    1.580043176118244E+34    3.987541178214704E+15    3.182000000000000E+08    1.952651136942829E-14    1.031068245353577E-02    2.393001284184094E+03    1.421956723775308E+03    4.712358298575833E-04    1.152595967852261E-02    1.585971918409211E+34    4.002947986305020E+15    5.925815000000000E-01    0.000000000000000E+00    3.822909000000000E-01    4.154265000000000E-03    4.278823000000000E-03    8.566284000000000E-03    2.067481000000000E-03    2.168547000000000E-04    2.838323000000000E-03    8.042642999999999E-04    6.398019000000000E-04    1.486678000000000E-04    1.651450000000000E-04    0.000000000000000E+00    0.000000000000000E+00    0.000000000000000E+00    0.000000000000000E+00    0.000000000000000E+00    1.487021000000000E-04    0.000000000000000E+00    7.254151000000000E-04    1.549426722278667E+41    1.178996763987667E+10    5.270970875889001E+05
                      715    1.185745276737575E+32    1.591900660700178E+34    4.018354794395336E+15    3.206300000000000E+08    1.912602233632409E-14    1.012249128989097E-02    2.382084428762446E+03    1.415423426085370E+03    4.714358298575833E-04    1.124812866351469E-02    1.597729584815636E+34    4.033562278734988E+15    5.946469000000000E-01    0.000000000000000E+00    3.806440000000000E-01    3.993703000000000E-03    4.282459000000000E-03    8.469564000000001E-03    2.027497000000000E-03    2.170389000000000E-04    2.837863000000000E-03    7.772491000000000E-04    6.135224000000001E-04    1.415890000000000E-04    1.555410000000000E-04    0.000000000000000E+00    0.000000000000000E+00    0.000000000000000E+00    0.000000000000000E+00    0.000000000000000E+00    1.411971000000000E-04    0.000000000000000E+00    6.778945000000000E-04    1.549426722278667E+41    1.148996763987667E+10    4.961687473040668E+05
                      716    1.165784027727612E+32    1.603558508931094E+34    4.048769763074640E+15    3.231300000000000E+08    1.877693308684045E-14    1.002968773192278E-02    2.376527979215127E+03    1.412168042541311E+03    4.715358298575833E-04    1.097884034054018E-02    1.609799928674227E+34    4.064966577576749E+15    5.962946000000000E-01    0.000000000000000E+00    3.793236000000000E-01    3.865805000000000E-03    4.285294000000000E-03    8.394796000000000E-03    1.995607000000000E-03    2.171826000000000E-04    2.837487000000000E-03    7.571541000000000E-04    5.939763000000000E-04    1.363240000000000E-04    1.483981000000000E-04    0.000000000000000E+00    0.000000000000000E+00    0.000000000000000E+00    0.000000000000000E+00    0.000000000000000E+00    1.356189000000000E-04    0.000000000000000E+00    6.400780000000000E-04    1.549426722278667E+41    1.128996763987667E+10    4.712117431331668E+05
                      717    1.248296276768020E+32    1.616041348417362E+34    4.081163392078858E+15    3.258050000000000E+08    1.843421543422950E-14    9.846625299947979E-03    2.365608824998215E+03    1.405679719756323E+03    4.715358298575833E-04    1.069726815445612E-02    1.622668718516398E+34    4.098560456074824E+15    5.981819000000000E-01    0.000000000000000E+00    3.778105000000000E-01    3.719310000000000E-03    4.288538000000000E-03    8.309331999999999E-03    1.959077000000000E-03    2.173470000000000E-04    2.837055000000000E-03    7.342462000000000E-04    5.716942000000000E-04    1.303222000000000E-04    1.402555000000000E-04    0.000000000000000E+00    0.000000000000000E+00    0.000000000000000E+00    0.000000000000000E+00    0.000000000000000E+00    1.292601000000000E-04    0.000000000000000E+00    5.967656000000000E-04    1.549426722278667E+41    1.108996763987667E+10    4.462690709053001E+05
                      718    1.325466861531786E+32    1.629296088615435E+34    4.115957520070791E+15    3.286700000000000E+08    1.809775308374206E-14    9.668096232185036E-03    2.354816933787224E+03    1.399266604448487E+03    4.716358298575833E-04    1.040028747365254E-02    1.636241703714277E+34    4.134497195294365E+15    6.005624000000001E-01    0.000000000000000E+00    3.759007000000000E-01    3.534574000000000E-03    4.292616000000000E-03    8.202005000000000E-03    1.913003000000000E-03    2.175537000000000E-04    2.836508000000000E-03    7.056378000000000E-04    5.438677000000000E-04    1.228269000000000E-04    1.300868000000000E-04    0.000000000000000E+00    0.000000000000000E+00    0.000000000000000E+00    0.000000000000000E+00    0.000000000000000E+00    1.213199000000000E-04    0.000000000000000E+00    5.421536000000000E-04    1.559283402848333E+41    1.088996763987667E+10    4.223120667344001E+05
                      719    1.389127593111068E+32    1.643187318813119E+34    4.153036870517939E+15    3.316849999999999E+08    1.764512172261639E-14    9.491633588866941E-03    2.343997532762915E+03    1.392837558387101E+03    4.721386962461900E-04    1.009138808166883E-02    1.650338634913084E+34    4.172328849365548E+15    6.017295000000000E-01    0.000000000000000E+00    3.749640000000000E-01    3.444014000000000E-03    4.294611000000000E-03    8.149527000000000E-03    1.890415000000000E-03    2.176548000000000E-04    2.836240000000000E-03    6.916980000000000E-04    5.303090000000000E-04    1.191747000000000E-04    1.251321000000000E-04    0.000000000000000E+00    0.000000000000000E+00    0.000000000000000E+00    0.000000000000000E+00    0.000000000000000E+00    1.174511000000000E-04    0.000000000000000E+00    5.153844000000001E-04    1.559426722278667E+41    1.059125751474967E+10    3.983550625635001E+05
                      720    1.430253079102767E+32    1.657489951013050E+34    4.191620828213157E+15    3.348550000000000E+08    1.696776570204226E-14    9.403454158781391E-03    2.333227842370818E+03    1.389589037061611E+03    4.739372630518867E-04    9.781115766602240E-03    1.665061517539188E+34    4.212144841987576E+15    6.017392000000000E-01    0.000000000000000E+00    3.749562000000000E-01    3.443265000000000E-03    4.294628000000000E-03    8.149099000000000E-03    1.890229000000000E-03    2.176557000000000E-04    2.836238000000000E-03    6.915862000000000E-04    5.302002000000001E-04    1.191454000000000E-04    1.250923000000000E-04    0.000000000000000E+00    0.000000000000000E+00    0.000000000000000E+00    0.000000000000000E+00    0.000000000000000E+00    1.174201000000000E-04    0.000000000000000E+00    5.151632000000000E-04    1.559426722278667E+41    1.019154415361033E+10    3.714123903356334E+05
                      721    1.514320264662062E+32    1.672633084065325E+34    4.232668855761996E+15    3.383300000000000E+08    1.639121678710254E-14    9.231821777666366E-03    2.349324088391915E+03    1.383204455383420E+03    4.169444290234033E-04    9.500590788888083E-03    1.681076270058283E+34    4.255771408629500E+15    6.017457000000000E-01    0.000000000000000E+00    3.749510000000000E-01    3.442761000000000E-03    4.294639000000000E-03    8.148809999999999E-03    1.890103000000000E-03    2.176562000000000E-04    2.836236000000000E-03    6.915109000000000E-04    5.301270000000000E-04    1.191257000000000E-04    1.250656000000000E-04    0.000000000000000E+00    0.000000000000000E+00    0.000000000000000E+00    0.000000000000000E+00    0.000000000000000E+00    1.173992000000000E-04    0.000000000000000E+00    5.150143000000000E-04    1.559426722278667E+41    9.861257514749668E+09    3.813693945065334E+05
                      722    1.688642169616289E+32    1.689519456051241E+34    4.278873961497004E+15    3.422200000000000E+08    1.594451062398040E-14    9.063322040551030E-03    2.338529924699751E+03    1.376849208193424E+03    4.177458622177066E-04    9.192837187650372E-03    1.698739513780681E+34    4.304656332151946E+15    6.021063000000000E-01    0.000000000000000E+00    3.746616000000000E-01    3.414784000000000E-03    4.295255000000000E-03    8.132613000000000E-03    1.883124000000000E-03    2.176874000000000E-04    2.836153000000000E-03    6.872143000000000E-04    5.259479000000000E-04    1.180000000000000E-04    1.235384000000000E-04    0.000000000000000E+00    0.000000000000000E+00    0.000000000000000E+00    0.000000000000000E+00    0.000000000000000E+00    1.162068000000000E-04    0.000000000000000E+00    5.067444000000000E-04    1.559426722278667E+41    9.601544153610334E+09    3.574267222786667E+05
                      723    1.844003393407488E+32    1.707959571510121E+34    4.330438702806888E+15    3.463700000000000E+08    1.533243718883833E-14    8.817408559688803E-03    2.322507634211328E+03    1.367415407907514E+03    4.195458622177067E-04    8.861146473797167E-03    1.717166803995894E+34    4.356799221917424E+15    6.036241000000000E-01    0.000000000000000E+00    3.734417000000000E-01    3.297053000000000E-03    4.297834000000000E-03    8.064945000000000E-03    1.853749000000000E-03    2.178182000000000E-04    2.835801000000000E-03    6.694390000000000E-04    5.086589000000000E-04    1.133432000000000E-04    1.172207000000000E-04    0.000000000000000E+00    0.000000000000000E+00    0.000000000000000E+00    0.000000000000000E+00    0.000000000000000E+00    1.112748000000000E-04    0.000000000000000E+00    4.719523000000000E-04    1.569283402848333E+41    9.231830792471003E+09    3.294697181077668E+05
                      724    1.841450076292525E+32    1.726374036481668E+34    4.383159741027960E+15    3.505700000000000E+08    1.467611797565663E-14    8.656472716241268E-03    2.311760994009796E+03    1.361132704801086E+03    4.216458622177066E-04    8.534909764634474E-03    1.735462362057174E+34    4.409608271505998E+15    6.055129000000000E-01    0.000000000000000E+00    3.719191000000000E-01    3.150679000000000E-03    4.300999999999999E-03    7.982372999999999E-03    1.817201000000000E-03    2.179786000000000E-04    2.835357000000000E-03    6.483144000000000E-04    4.881135000000000E-04    1.078093000000000E-04    1.097133000000000E-04    0.000000000000000E+00    0.000000000000000E+00    0.000000000000000E+00    0.000000000000000E+00    0.000000000000000E+00    1.054164000000000E-04    0.000000000000000E+00    4.287186000000000E-04    1.569426722278667E+41    8.832260750762001E+09    3.015413778229334E+05
                      725    1.817670086125886E+32    1.744550687632680E+34    4.436056801984036E+15    3.548000000000000E+08    1.401558385832802E-14    7.967846604557296E-03    2.259138889300176E+03    1.333215853164919E+03    4.177487286063133E-04    8.225205218721389E-03    1.753596858918927E+34    4.462828654971333E+15    6.079743000000000E-01    0.000000000000000E+00    3.699290000000000E-01    2.960093000000000E-03    4.305068000000000E-03    7.876853000000000E-03    1.769578000000000E-03    2.181848000000000E-04    2.834770000000000E-03    6.220543000000000E-04    4.625750000000000E-04    1.009307000000000E-04    1.003819000000000E-04    0.000000000000000E+00    0.000000000000000E+00    0.000000000000000E+00    0.000000000000000E+00    0.000000000000000E+00    9.813788999999999E-05    0.000000000000000E+00    3.724564000000000E-04    1.569426722278667E+41    8.432547389622668E+09    2.466703653102334E+05
                      726    1.809231274634643E+32    1.762643030205175E+34    4.489600507958632E+15    3.590850000000000E+08    1.338477867346496E-14    7.749744985029281E-03    2.238426979468180E+03    1.323995104081623E+03    4.190487286063133E-04    7.924892405912518E-03    1.771560352531801E+34    4.516626979778620E+15    6.101525000000000E-01    0.000000000000000E+00    3.681657000000000E-01    2.791491000000000E-03    4.308647000000000E-03    7.784214000000000E-03    1.727436000000000E-03    2.183662000000000E-04    2.834247000000000E-03    5.992667000000000E-04    4.404143000000000E-04    9.496197000000000E-05    9.228489999999999E-05    0.000000000000000E+00    0.000000000000000E+00    0.000000000000000E+00    0.000000000000000E+00    0.000000000000000E+00    9.182338000000000E-05    0.000000000000000E+00    3.226942000000000E-04    1.569426722278667E+41    8.052977347913668E+09    2.246990291963000E+05
                      727    1.783460886187435E+32    1.780477674858427E+34    4.543653451598608E+15    3.634300000000000E+08    1.278276069576368E-14    7.470350253446291E-03    2.217977571650003E+03    1.311899205891085E+03    4.208501618006166E-04    7.634114398128851E-03    1.789329379659320E+34    4.571199089324967E+15    6.111171000000000E-01    0.000000000000000E+00    3.673838000000000E-01    2.716862000000000E-03    4.310222000000000E-03    7.743569000000000E-03    1.708776000000000E-03    2.184460000000000E-04    2.834015000000000E-03    5.894049000000000E-04    4.308241000000000E-04    9.237898000000000E-05    8.878096000000000E-05    0.000000000000000E+00    0.000000000000000E+00    0.000000000000000E+00    0.000000000000000E+00    0.000000000000000E+00    8.909140000000001E-05    0.000000000000000E+00    3.006733000000000E-04    1.569426722278667E+41    7.703120667344001E+09    2.077276930823667E+05
                      728    1.770329228560358E+32    1.798181084460213E+34    4.598744727051324E+15    3.679200000000000E+08    1.220744169334051E-14    7.266762469681446E-03    2.202709121443309E+03    1.302868155281116E+03    4.229501618006166E-04    7.349676975513353E-03    1.807188879435956E+34    4.627658266630303E+15    6.115767000000000E-01    0.000000000000000E+00    3.670112000000000E-01    2.681299000000000E-03    4.310973000000000E-03    7.724200000000000E-03    1.699884000000000E-03    2.184840000000000E-04    2.833903000000000E-03    5.847056999999999E-04    4.262543000000000E-04    9.114817000000000E-05    8.711129999999999E-05    0.000000000000000E+00    0.000000000000000E+00    0.000000000000000E+00    0.000000000000000E+00    0.000000000000000E+00    8.778960000000000E-05    0.000000000000000E+00    2.901795000000000E-04    1.569426722278667E+41    7.363407306204667E+09    1.927563569684334E+05
                      729    1.801573112858637E+32    1.816196674411698E+34    4.656571806209280E+15    3.726400000000000E+08    1.163084302199625E-14    7.067851428590817E-03    2.187545778508525E+03    1.293857296071826E+03    4.255515949949200E-04    7.063467314177839E-03    1.825479367052065E+34    4.686964738675385E+15    6.121235000000000E-01    0.000000000000000E+00    3.665675000000000E-01    2.639010000000000E-03    4.311860000000000E-03    7.701341000000000E-03    1.689307000000000E-03    2.185290000000000E-04    2.833771000000000E-03    5.792253000000000E-04    4.209250000000000E-04    8.971283000000000E-05    8.516422000000000E-05    0.000000000000000E+00    0.000000000000000E+00    0.000000000000000E+00    0.000000000000000E+00    0.000000000000000E+00    8.627178000000000E-05    0.000000000000000E+00    2.777034000000000E-04    1.579283402848333E+41    7.003837264495667E+09    1.787850208545000E+05
                      730    1.856537136186446E+32    1.834762059692432E+34    4.717357671141490E+15    3.774149999999999E+08    1.098056427982872E-14    6.875232855229769E-03    2.172486819292284E+03    1.284950445095445E+03    4.288530281892233E-04    6.777230352441942E-03    1.843578569638613E+34    4.746964718792485E+15    6.126786000000000E-01    0.000000000000000E+00    3.661167000000000E-01    2.596083000000000E-03    4.312759000000000E-03    7.678223000000000E-03    1.678570000000000E-03    2.185746000000000E-04    2.833636000000000E-03    5.737163000000000E-04    4.155679000000000E-04    8.827000999999999E-05    8.320699000000000E-05    0.000000000000000E+00    0.000000000000000E+00    0.000000000000000E+00    0.000000000000000E+00    0.000000000000000E+00    8.474620000000001E-05    0.000000000000000E+00    2.650407000000000E-04    1.579283402848333E+41    6.614123903356335E+09    1.647993527975334E+05
                      731    1.763292047186971E+32    1.852395079584795E+34    4.776571766443480E+15    3.819400000000000E+08    1.036599975464049E-14    6.687863672744929E-03    2.157531525222116E+03    1.276104908449908E+03    4.324788256866833E-04    6.511776123295537E-03    1.860241344934570E+34    4.803848573488936E+15    6.134556000000000E-01    0.000000000000000E+00    3.654846000000000E-01    2.536023000000000E-03    4.314006000000000E-03    7.646251000000000E-03    1.663540000000000E-03    2.186378000000000E-04    2.833445000000000E-03    5.662411000000000E-04    4.082993000000000E-04    8.631237000000000E-05    8.055146000000000E-05    0.000000000000000E+00    0.000000000000000E+00    0.000000000000000E+00    0.000000000000000E+00    0.000000000000000E+00    8.267697000000001E-05    0.000000000000000E+00    2.473290000000000E-04    1.579283402848333E+41    6.234553861647334E+09    1.518136847405667E+05
                      732    1.569253666477863E+32    1.868087610284344E+34    4.831125380534394E+15    3.862200000000000E+08    9.831610362011087E-15    6.505600820661466E-03    2.142679182672176E+03    1.267320264050331E+03    4.368146555442667E-04    6.277497336008303E-03    1.875479325137677E+34    4.857634411114689E+15    6.149920000000000E-01    0.000000000000000E+00    3.642333000000000E-01    2.417326000000000E-03    4.316456000000000E-03    7.583620000000000E-03    1.633827000000000E-03    2.187619000000000E-04    2.833065000000000E-03    5.518145000000000E-04    3.942718000000000E-04    8.253445000000000E-05    7.542682000000000E-05    0.000000000000000E+00    0.000000000000000E+00    0.000000000000000E+00    0.000000000000000E+00    0.000000000000000E+00    7.868472000000000E-05    0.000000000000000E+00    2.123331000000000E-04    1.579283402848333E+41    5.924697181077668E+09    1.408280166836000E+05
                      733    1.478342175302638E+32    1.882871039991010E+34    4.884143441694984E+15    3.905300000000000E+08    9.367520639099334E-15    6.329085527951863E-03    2.132764639484333E+03    1.258636926617159E+03    4.430175219328733E-04    6.057479982716741E-03    1.890394486998277E+34    4.911753035874654E+15    6.164182000000000E-01    0.000000000000000E+00    3.630712000000000E-01    2.307141000000000E-03    4.318726000000000E-03    7.525607000000000E-03    1.606242000000000E-03    2.188770000000000E-04    2.832713000000000E-03    5.385016000000000E-04    3.813274000000000E-04    7.904824000000000E-05    7.069789000000000E-05    0.000000000000000E+00    0.000000000000000E+00    0.000000000000000E+00    0.000000000000000E+00    0.000000000000000E+00    7.500097999999999E-05    0.000000000000000E+00    1.798486000000000E-04    1.579426722278667E+41    5.644983819938334E+09    1.308423486266334E+05
                      734    1.504702326117495E+32    1.897917934005543E+34    4.939362630054324E+15    3.949849999999999E+08    8.945635414412419E-15    6.212800551346650E-03    2.118152136887581E+03    1.252813368948403E+03    4.492189551271767E-04    5.835585607850181E-03    1.905444960150577E+34    4.967704810780679E+15    6.165927000000000E-01    0.000000000000000E+00    3.629291000000000E-01    2.293664000000000E-03    4.319004000000000E-03    7.518517000000000E-03    1.602868000000000E-03    2.188911000000000E-04    2.832669000000000E-03    5.368769999999999E-04    3.797478000000000E-04    7.862283000000000E-05    7.012083000000000E-05    0.000000000000000E+00    0.000000000000000E+00    0.000000000000000E+00    0.000000000000000E+00    0.000000000000000E+00    7.455147000000000E-05    0.000000000000000E+00    1.758755000000000E-04    1.579426722278667E+41    5.385270458799000E+09    1.228423486266333E+05
                      735    1.505398468413227E+32    1.912971986295611E+34    4.996046991507035E+15    3.994650000000000E+08    8.523367107606270E-15    6.044229755489600E-03    2.108351084537126E+03    1.244229428856891E+03    4.560218215157833E-04    5.615269101535845E-03    1.920164760741381E+34    5.023983786224306E+15    6.166010000000000E-01    0.000000000000000E+00    3.629223000000000E-01    2.293021000000000E-03    4.319017000000000E-03    7.518179000000000E-03    1.602707000000000E-03    2.188917000000000E-04    2.832667000000000E-03    5.367998000000000E-04    3.796727000000000E-04    7.860262000000001E-05    7.009342000000000E-05    0.000000000000000E+00    0.000000000000000E+00    0.000000000000000E+00    0.000000000000000E+00    0.000000000000000E+00    7.453012000000000E-05    0.000000000000000E+00    1.756857000000000E-04    1.579426722278667E+41    5.125557097659667E+09    1.148566805696667E+05
                      736    1.438563638157349E+32    1.927357535187150E+34    5.051920580941576E+15    4.038449999999999E+08    8.065376743724834E-15    5.933178464965945E-03    2.098664091227223E+03    1.238472532901529E+03    4.638246879043900E-04    5.406256453123461E-03    1.934171020450084E+34    5.079009694524994E+15    6.166382000000000E-01    0.000000000000000E+00    3.628920000000000E-01    2.290153000000000E-03    4.319076000000000E-03    7.516681000000000E-03    1.601989000000000E-03    2.188947000000000E-04    2.832658000000000E-03    5.364606000000000E-04    3.793429000000000E-04    7.851379000000000E-05    6.997292000000000E-05    0.000000000000000E+00    0.000000000000000E+00    0.000000000000000E+00    0.000000000000000E+00    0.000000000000000E+00    7.443628000000000E-05    0.000000000000000E+00    1.748403000000000E-04    1.579426722278667E+41    4.855700417090000E+09    1.068667129297900E+05
                      737    1.362693672290008E+32    1.940984505713018E+34    5.106098808108411E+15    4.080700000000000E+08    7.702374993726932E-15    5.772194604702704E-03    2.084285226389057E+03    1.229986852359714E+03    4.397289874873000E-04    5.222762567086642E-03    1.947452206499438E+34    5.132166848501100E+15    6.170386000000000E-01    0.000000000000000E+00    3.625651000000000E-01    2.259237000000000E-03    4.319707000000000E-03    7.500618000000000E-03    1.594245000000000E-03    2.189267000000000E-04    2.832558000000000E-03    5.328594000000000E-04    3.758416000000000E-04    7.757082999999999E-05    6.869385999999999E-05    0.000000000000000E+00    0.000000000000000E+00    0.000000000000000E+00    0.000000000000000E+00    0.000000000000000E+00    7.344030000000000E-05    0.000000000000000E+00    1.657288000000000E-04    1.579426722278667E+41    4.645843736520334E+09    1.008638465411833E+05
                      738    1.293530215234556E+32    1.953919907285857E+34    5.158234888893788E+15    4.120850000000000E+08    7.440886132999053E-15    5.666141445584525E-03    2.074708805653422E+03    1.224295855047425E+03    4.446318538759066E-04    5.050277853861247E-03    1.959907605929490E+34    5.182677622958191E+15    6.175966000000001E-01    0.000000000000000E+00    3.621094000000000E-01    2.216158000000000E-03    4.320586000000000E-03    7.478277000000000E-03    1.583455000000000E-03    2.189712000000000E-04    2.832419000000000E-03    5.278672000000000E-04    3.709879000000000E-04    7.626368000000001E-05    6.692080000000000E-05    0.000000000000000E+00    0.000000000000000E+00    0.000000000000000E+00    0.000000000000000E+00    0.000000000000000E+00    7.205973999999999E-05    0.000000000000000E+00    1.530331000000000E-04    1.579426722278667E+41    4.485987055950667E+09    9.537387890130669E+04
                      739    1.197540126408582E+32    1.965895304573123E+34    5.207120357022594E+15    4.159200000000000E+08    7.188274589246839E-15    5.562722709062880E-03    2.069869340408276E+03    1.218670726555226E+03    4.497332870702100E-04    4.892245333838361E-03    1.971550640506869E+34    5.230836319200506E+15    6.180377000000000E-01    0.000000000000000E+00    3.617491000000000E-01    2.182116000000000E-03    4.321278000000000E-03    7.460695000000000E-03    1.574926000000000E-03    2.190063000000000E-04    2.832308000000000E-03    5.239668000000000E-04    3.671958000000000E-04    7.524242000000000E-05    6.553556000000000E-05    0.000000000000000E+00    0.000000000000000E+00    0.000000000000000E+00    0.000000000000000E+00    0.000000000000000E+00    7.098127000000000E-05    0.000000000000000E+00    1.430018000000000E-04    1.579426722278667E+41    4.326273694811334E+09    9.057961167852001E+04
                      740    1.131079514890370E+32    1.977205976440615E+34    5.254552281378420E+15    4.198600000000000E+08    6.896435180433370E-15    5.461191577213048E-03    2.060359154652231E+03    1.213071443180793E+03    4.561347202645134E-04    4.743043023765111E-03    1.983058463213041E+34    5.280299191118777E+15    6.184673000000001E-01    0.000000000000000E+00    3.613979000000000E-01    2.148961000000000E-03    4.321950000000000E-03    7.443625000000000E-03    1.566619000000000E-03    2.190404000000000E-04    2.832200000000000E-03    5.202028000000000E-04    3.635363000000000E-04    7.425688000000000E-05    6.419876000000000E-05    0.000000000000000E+00    0.000000000000000E+00    0.000000000000000E+00    0.000000000000000E+00    0.000000000000000E+00    6.994064000000000E-05    0.000000000000000E+00    1.332325000000000E-04    1.579426722278667E+41    4.156417014241667E+09    8.548677765003669E+04
                      741    1.170580867699684E+32    1.988910949985466E+34    5.306046100859135E+15    4.240300000000000E+08    6.525663248676448E-15    5.361513597366964E-03    2.050892664230642E+03    1.207497886176596E+03    4.652390198474233E-04    4.586712835711771E-03    1.994812550481698E+34    5.332752341036393E+15    6.188818000000000E-01    0.000000000000000E+00    3.610589000000000E-01    2.116976000000000E-03    4.322598000000000E-03    7.427216000000000E-03    1.558604000000000E-03    2.190732000000000E-04    2.832096000000000E-03    5.166076000000000E-04    3.600411000000000E-04    7.331558000000000E-05    6.292198000000000E-05    0.000000000000000E+00    0.000000000000000E+00    0.000000000000000E+00    0.000000000000000E+00    0.000000000000000E+00    6.894683000000000E-05    0.000000000000000E+00    1.238087000000000E-04    1.579426722278667E+41    3.936417014241667E+09    7.959251042725002E+04
                      742    1.180200396972147E+32    2.000714150977930E+34    5.359458581213649E+15    4.286400000000001E+08    6.062121809465582E-15    5.263654945688705E-03    2.041469668381689E+03    1.201949937340702E+03    4.778433194303334E-04    4.431995184566847E-03    2.007280874575910E+34    5.390736192902516E+15    6.192950000000000E-01    0.000000000000000E+00    3.607208000000000E-01    2.085098000000000E-03    4.323241000000000E-03    7.410935000000000E-03    1.550615000000000E-03    2.191058000000000E-04    2.831992000000000E-03    5.130697000000000E-04    3.566016000000000E-04    7.238931000000000E-05    6.166561000000000E-05    0.000000000000000E+00    0.000000000000000E+00    0.000000000000000E+00    0.000000000000000E+00    0.000000000000000E+00    6.796904000000000E-05    0.000000000000000E+00    1.144177000000000E-04    1.579426722278667E+41    3.656703653102334E+09    7.270110959307002E+04
                      743    1.313417296556343E+32    2.013847598173890E+34    5.422013804591383E+15    4.343050000000000E+08    5.579704433494232E-15    4.981280117394680E-03    2.013459654463209E+03    1.185497026980184E+03    4.904490522075467E-04    4.260814415222324E-03    2.021664037375605E+34    5.461976705798873E+15    6.196357000000000E-01    0.000000000000000E+00    3.604419000000000E-01    2.058813000000000E-03    4.323771000000000E-03    7.397525000000000E-03    1.544027000000000E-03    2.191326000000000E-04    2.831906000000000E-03    5.101623000000000E-04    3.537752000000000E-04    7.162814000000000E-05    6.063317000000000E-05    0.000000000000000E+00    0.000000000000000E+00    0.000000000000000E+00    0.000000000000000E+00    0.000000000000000E+00    6.716557000000000E-05    0.000000000000000E+00    1.066742000000000E-04    1.579426722278667E+41    3.356990291963000E+09    6.251257514749668E+04
                      744    1.563263780583372E+32    2.029480476577318E+34    5.501939607006364E+15    4.410900000000000E+08    5.159702464252371E-15    4.845526405051086E-03    1.999664562456991E+03    1.177336122849326E+03    5.041547849847600E-04    4.052910640190939E-03    2.037867589411923E+34    5.547298533704288E+15    6.198316000000000E-01    0.000000000000000E+00    3.602816000000000E-01    2.043703000000000E-03    4.324075000000000E-03    7.389814000000000E-03    1.540240000000000E-03    2.191481000000000E-04    2.831856000000000E-03    5.084889000000000E-04    3.521483000000000E-04    7.119002000000000E-05    6.003891000000000E-05    0.000000000000000E+00    0.000000000000000E+00    0.000000000000000E+00    0.000000000000000E+00    0.000000000000000E+00    6.670308999999999E-05    0.000000000000000E+00    1.022231000000000E-04    1.579426722278667E+41    3.107276930823667E+09    5.622117431331667E+04
                      745    1.677427537945552E+32    2.046254702246527E+34    5.592657460402212E+15    4.483800000000001E+08    4.793190155076059E-15    4.670258983924555E-03    1.985898968434663E+03    1.166542240395308E+03    5.175590845676700E-04    3.827868334829700E-03    2.054416130560808E+34    5.638890591284952E+15    6.199747000000000E-01    0.000000000000000E+00    3.601644000000000E-01    2.032658000000000E-03    4.324298000000000E-03    7.384181000000000E-03    1.537472000000000E-03    2.191594000000000E-04    2.831820000000000E-03    5.072687000000000E-04    3.509621000000000E-04    7.087056000000000E-05    5.960560000000000E-05    0.000000000000000E+00    0.000000000000000E+00    0.000000000000000E+00    0.000000000000000E+00    0.000000000000000E+00    6.636588000000000E-05    0.000000000000000E+00    9.896925000000000E-05    1.589283402848334E+41    2.887420250254000E+09    5.062834028483334E+04
                      746    1.632222829104115E+32    2.062577558875087E+34    5.685123722167690E+15    4.558899999999999E+08    4.401742760550545E-15    4.501331156547082E-03    1.972228136095040E+03    1.155847316850450E+03    5.334648173448834E-04    3.610747987084806E-03    2.070702201606760E+34    5.733277195272940E+15    6.202029999999999E-01    0.000000000000000E+00    3.599776000000000E-01    2.015051000000000E-03    4.324653000000000E-03    7.375200000000000E-03    1.533059000000000E-03    2.191774000000000E-04    2.831762000000000E-03    5.053214000000000E-04    3.490689000000000E-04    7.036071999999999E-05    5.891406000000000E-05    0.000000000000000E+00    0.000000000000000E+00    0.000000000000000E+00    0.000000000000000E+00    0.000000000000000E+00    6.582771000000000E-05    0.000000000000000E+00    9.378266000000000E-05    1.589283402848334E+41    2.657563569684334E+09    4.523550625635000E+04
                      747    1.624931727790240E+32    2.078826844338432E+34    5.781430668378190E+15    4.635300000000000E+08    4.032841877554785E-15    4.378117487409259E-03    1.958651413103290E+03    1.147853278929300E+03    5.510719833164000E-04    3.396723587855480E-03    2.086478245520878E+34    5.829372523978772E+15    6.204877000000000E-01    0.000000000000000E+00    3.597445000000000E-01    1.993082000000000E-03    4.325096000000000E-03    7.363991000000000E-03    1.527553000000000E-03    2.191998000000000E-04    2.831690000000000E-03    5.028911000000000E-04    3.467063000000000E-04    6.972444000000000E-05    5.805103000000000E-05    0.000000000000000E+00    0.000000000000000E+00    0.000000000000000E+00    0.000000000000000E+00    0.000000000000000E+00    6.515607000000000E-05    0.000000000000000E+00    8.731068000000000E-05    1.589283402848334E+41    2.427850208545000E+09    4.014267222786667E+04
                      748    1.530345257491991E+32    2.094129646703324E+34    5.877314379579356E+15    4.709450000000001E+08    3.686474161028578E-15    4.219756703200699E-03    1.949588397892152E+03    1.137329696813059E+03    5.697791492879166E-04    3.195328584466608E-03    2.100947904149948E+34    5.922594726253906E+15    6.207254000000000E-01    0.000000000000000E+00    3.595500000000000E-01    1.974749000000000E-03    4.325465000000000E-03    7.354639000000000E-03    1.522958000000000E-03    2.192185000000000E-04    2.831630000000000E-03    5.008631000000000E-04    3.447347000000000E-04    6.919348999999999E-05    5.733086000000000E-05    0.000000000000000E+00    0.000000000000000E+00    0.000000000000000E+00    0.000000000000000E+00    0.000000000000000E+00    6.459561000000000E-05    0.000000000000000E+00    8.191003000000000E-05    1.589283402848334E+41    2.217993527975334E+09    3.564983819938334E+04
                      749    1.363653676575581E+32    2.107766161596572E+34    5.967875072928459E+15    4.784250000000000E+08    3.377623162639689E-15    4.067123983176634E-03    1.936230915777443E+03    1.126902595477585E+03    5.886848820651300E-04    3.015267472320893E-03    2.114620210420868E+34    6.016547312331968E+15    6.208858000000000E-01    0.000000000000000E+00    3.594187000000000E-01    1.962371000000000E-03    4.325715000000000E-03    7.348324000000000E-03    1.519855000000000E-03    2.192312000000000E-04    2.831590000000000E-03    4.994939000000000E-04    3.434036000000000E-04    6.883500000000000E-05    5.684461000000000E-05    0.000000000000000E+00    0.000000000000000E+00    0.000000000000000E+00    0.000000000000000E+00    0.000000000000000E+00    6.421720000000000E-05    0.000000000000000E+00    7.826359999999999E-05    1.589283402848334E+41    2.028280166836000E+09    3.195413778229334E+04
                      750    1.370699209270425E+32    2.121474259245164E+34    6.065219551735477E+15    4.871700000000001E+08    3.101877614736290E-15    3.920495543687396E-03    1.927271644043551E+03    1.116607316421394E+03    6.073920480366466E-04    2.831870679165016E-03    2.129336431873904E+34    6.126424714135615E+15    6.210231000000001E-01    0.000000000000000E+00    3.593063000000000E-01    1.951781000000000E-03    4.325928000000000E-03    7.342921000000000E-03    1.517201000000000E-03    2.192420000000000E-04    2.831555000000000E-03    4.983223000000000E-04    3.422646000000000E-04    6.852829000000000E-05    5.642859000000000E-05    0.000000000000000E+00    0.000000000000000E+00    0.000000000000000E+00    0.000000000000000E+00    0.000000000000000E+00    6.389344000000000E-05    0.000000000000000E+00    7.514376999999999E-05    1.589283402848334E+41    1.868423486266334E+09    2.865987055950667E+04
                      751    1.572492984998217E+32    2.137198604502644E+34    6.187629876535752E+15    4.977050000000000E+08    2.732905776672186E-15    3.778687391994351E-03    1.914067063762231E+03    1.106370199011304E+03    6.375035135910734E-04    2.618609455937611E-03    2.145502204122679E+34    6.258861001564423E+15    6.211922000000000E-01    0.000000000000000E+00    3.591679000000000E-01    1.938739000000000E-03    4.326191000000000E-03    7.336267000000000E-03    1.513932000000000E-03    2.192553000000000E-04    2.831512000000000E-03    4.968797000000000E-04    3.408621000000000E-04    6.815058000000000E-05    5.591627000000000E-05    0.000000000000000E+00    0.000000000000000E+00    0.000000000000000E+00    0.000000000000000E+00    0.000000000000000E+00    6.349474000000000E-05    0.000000000000000E+00    7.130186999999999E-05    1.589283402848334E+41    1.648566805696667E+09    2.476417014241667E+04
                      752    1.660804829108490E+32    2.153805803742714E+34    6.330092126593093E+15    5.091599999999999E+08    2.315392694259879E-15    3.608618444247285E-03    1.900828485758889E+03    1.093705684068838E+03    6.794164123398033E-04    2.394506747188005E-03    2.161361761251367E+34    6.402824564376560E+15    6.213554000000000E-01    0.000000000000000E+00    3.590343000000000E-01    1.926146000000000E-03    4.326445000000000E-03    7.329843000000000E-03    1.510776000000000E-03    2.192682000000000E-04    2.831471000000000E-03    4.954866000000000E-04    3.395078000000000E-04    6.778585999999999E-05    5.542157000000000E-05    0.000000000000000E+00    0.000000000000000E+00    0.000000000000000E+00    0.000000000000000E+00    0.000000000000000E+00    6.310974000000001E-05    0.000000000000000E+00    6.759204000000000E-05    1.589283402848334E+41    1.398710125127000E+09    2.056990291963000E+04
                      753    1.511137218141048E+32    2.168917718760020E+34    6.475557002160028E+15    5.208500000000000E+08    1.952590599948007E-15    3.414187844090171E-03    1.879131402650871E+03    1.078664483317916E+03    7.177364770600500E-04    2.190652300938712E-03    2.175840367724855E+34    6.549702315284003E+15    6.214161000000000E-01    0.000000000000000E+00    3.589846000000000E-01    1.921462000000000E-03    4.326540000000000E-03    7.327453000000000E-03    1.509602000000000E-03    2.192730000000000E-04    2.831456000000000E-03    4.949684000000000E-04    3.390041000000000E-04    6.765020000000000E-05    5.523756000000000E-05    0.000000000000000E+00    0.000000000000000E+00    0.000000000000000E+00    0.000000000000000E+00    0.000000000000000E+00    6.296655000000000E-05    0.000000000000000E+00    6.621216999999999E-05    1.589283402848334E+41    1.178853444557333E+09    1.647706889114667E+04
                      754    1.384485650267923E+32    2.182763016689690E+34    6.623847628407977E+15    5.324099999999999E+08    1.669595225907075E-15    3.260524078390628E-03    1.866134455927581E+03    1.066317113080454E+03    7.631522421973865E-04    2.001713180511878E-03    2.188819713155836E+34    6.695024626302564E+15    6.214374000000000E-01    0.000000000000000E+00    3.589672000000000E-01    1.919820000000000E-03    4.326573000000000E-03    7.326615000000000E-03    1.509191000000000E-03    2.192747000000000E-04    2.831450000000000E-03    4.947868000000000E-04    3.388275000000000E-04    6.760264000000000E-05    5.517306000000000E-05    0.000000000000000E+00    0.000000000000000E+00    0.000000000000000E+00    0.000000000000000E+00    0.000000000000000E+00    6.291635000000000E-05    0.000000000000000E+00    6.572845000000000E-05    1.589283402848334E+41    1.009054091759800E+09    1.378136847405667E+04
                      755    1.211411870189533E+32    2.194876409621982E+34    6.766201624197150E+15    5.430000000000000E+08    1.444146307750675E-15    3.113776321407426E-03    1.853348753239956E+03    1.054111082021336E+03    8.078694405290267E-04    1.835636828876899E-03    2.199664500590623E+34    6.828169135855092E+15    6.214442999999999E-01    0.000000000000000E+00    3.589615000000000E-01    1.919285000000000E-03    4.326583000000000E-03    7.326343000000000E-03    1.509057000000000E-03    2.192752000000000E-04    2.831449000000000E-03    4.947276999999999E-04    3.387700000000000E-04    6.758716000000000E-05    5.515206000000000E-05    0.000000000000000E+00    0.000000000000000E+00    0.000000000000000E+00    0.000000000000000E+00    0.000000000000000E+00    6.290001000000000E-05    0.000000000000000E+00    6.557102000000000E-05    1.589283402848334E+41    8.692404070192335E+08    1.168423486266334E+04
                      756    9.575736533470774E+31    2.204452591559265E+34    6.890136647513032E+15    5.525000000000000E+08    1.275336116199183E-15    2.974000002443101E-03    1.840590390163531E+03    1.042078580351652E+03    8.481837724720598E-04    1.701578125883017E-03    2.208498011441199E+34    6.947635201939423E+15    6.214442999999999E-01    0.000000000000000E+00    3.589615000000000E-01    1.919285000000000E-03    4.326583000000000E-03    7.326342000000000E-03    1.509056000000000E-03    2.192752000000000E-04    2.831449000000000E-03    4.947276000000000E-04    3.387699000000000E-04    6.758715000000000E-05    5.515204000000000E-05    0.000000000000000E+00    0.000000000000000E+00    0.000000000000000E+00    0.000000000000000E+00    0.000000000000000E+00    6.289999000000000E-05    0.000000000000000E+00    6.557084000000000E-05    1.589283402848334E+41    7.683263986774334E+08    1.018566805696667E+04
                      757    8.091509857996792E+31    2.212543431323135E+34    7.005133756365815E+15    5.618850000000000E+08    1.147161752159075E-15    2.866427518612420E-03    1.832133645493938E+03    1.032524746500922E+03    8.846981044150934E-04    1.584872179321556E-03    2.216525222089207E+34    7.065738464118967E+15    6.214442999999999E-01    0.000000000000000E+00    3.589615000000000E-01    1.919284000000000E-03    4.326583000000000E-03    7.326342000000000E-03    1.509056000000000E-03    2.192752000000000E-04    2.831449000000000E-03    4.947276000000000E-04    3.387699000000000E-04    6.758714000000000E-05    5.515203000000000E-05    0.000000000000000E+00    0.000000000000000E+00    0.000000000000000E+00    0.000000000000000E+00    0.000000000000000E+00    6.289998000000000E-05    0.000000000000000E+00    6.557075000000000E-05    1.579426722278667E+41    6.913837264495667E+08    9.017531209561002E+03
                      758    7.963845990658495E+31    2.220507012855280E+34    7.126343171872118E+15    5.717050000000000E+08    1.022377290606007E-15    2.762746036553090E-03    1.823715756036669E+03    1.023058502725420E+03    9.266439666328001E-04    1.470044779496316E-03    2.224259142281287E+34    7.189273753853651E+15    6.214442999999999E-01    0.000000000000000E+00    3.589615000000000E-01    1.919284000000000E-03    4.326583000000000E-03    7.326342000000000E-03    1.509056000000000E-03    2.192752000000000E-04    2.831449000000000E-03    4.947276000000000E-04    3.387699000000000E-04    6.758714000000000E-05    5.515203000000000E-05    0.000000000000000E+00    0.000000000000000E+00    0.000000000000000E+00    0.000000000000000E+00    0.000000000000000E+00    6.289998000000000E-05    0.000000000000000E+00    6.557073999999999E-05    1.579426722278667E+41    6.154553861647334E+08    7.939107723294669E+03
                      759    7.503606653576853E+31    2.228011271707295E+34    7.252204335835183E+15    5.830450000000000E+08    8.966257233800719E-16    2.662814814931958E-03    1.815336543268235E+03    1.013679045994511E+03    9.825840960732933E-04    1.359163714851270E-03    2.232124297524834E+34    7.331825026836756E+15    6.214442999999999E-01    0.000000000000000E+00    3.589615000000000E-01    1.919284000000000E-03    4.326583000000000E-03    7.326342000000000E-03    1.509056000000000E-03    2.192752000000000E-04    2.831449000000000E-03    4.947276000000000E-04    3.387699000000000E-04    6.758714000000000E-05    5.515203000000000E-05    0.000000000000000E+00    0.000000000000000E+00    0.000000000000000E+00    0.000000000000000E+00    0.000000000000000E+00    6.289998000000000E-05    0.000000000000000E+00    6.557073999999999E-05    1.579426722278667E+41    5.395270458799001E+08    6.900684237028335E+03
                      760    8.225713605399815E+31    2.236237323342372E+34    7.411445717838328E+15    5.982450000000000E+08    7.649352217226305E-16    2.542968406208065E-03    1.802839854404666E+03    1.002075557906767E+03    1.055415626347967E-03    1.230608576961831E-03    2.241120857984807E+34    7.522967872674848E+15    6.214442999999999E-01    0.000000000000000E+00    3.589615000000000E-01    1.919284000000000E-03    4.326583000000000E-03    7.326342000000000E-03    1.509056000000000E-03    2.192752000000000E-04    2.831449000000000E-03    4.947276000000000E-04    3.387699000000000E-04    6.758714000000000E-05    5.515203000000000E-05    0.000000000000000E+00    0.000000000000000E+00    0.000000000000000E+00    0.000000000000000E+00    0.000000000000000E+00    6.289998000000000E-05    0.000000000000000E+00    6.557073999999999E-05    1.579426722278667E+41    4.605987055950667E+08    5.772260750762000E+03
                      761    9.766942026637099E+31    2.246004392627241E+34    7.634490027511368E+15    6.172100000000000E+08    6.203326765978451E-16    2.406251206133218E-03    1.790429192142135E+03    9.883265658158950E+02    1.160458622177067E-03    1.070051015337029E-03    2.250722889250408E+34    7.761419668036658E+15    6.214442999999999E-01    0.000000000000000E+00    3.589615000000000E-01    1.919284000000000E-03    4.326583000000000E-03    7.326342000000000E-03    1.509056000000000E-03    2.192752000000000E-04    2.831449000000000E-03    4.947276000000000E-04    3.387699000000000E-04    6.758714000000000E-05    5.515203000000000E-05    0.000000000000000E+00    0.000000000000000E+00    0.000000000000000E+00    0.000000000000000E+00    0.000000000000000E+00    6.289998000000000E-05    0.000000000000000E+00    6.557073999999999E-05    1.579426722278667E+41    3.736703653102334E+08    4.633837264495667E+03
                      762    9.437844285757605E+31    2.255441385873575E+34    7.888349308561947E+15    6.370950000000000E+08    4.804090656275257E-16    2.255731538857557E-03    1.778045751160165E+03    9.724927653200754E+02    1.306515949949200E-03    9.107187978710462E-04    2.259413234590294E+34    8.011385990997383E+15    6.214442999999999E-01    0.000000000000000E+00    3.589615000000000E-01    1.919284000000000E-03    4.326583000000000E-03    7.326342000000000E-03    1.509056000000000E-03    2.192752000000000E-04    2.831449000000000E-03    4.947276000000000E-04    3.387699000000000E-04    6.758714000000000E-05    5.515203000000000E-05    0.000000000000000E+00    0.000000000000000E+00    0.000000000000000E+00    0.000000000000000E+00    0.000000000000000E+00    6.289998000000000E-05    0.000000000000000E+00    6.557073999999999E-05    1.579426722278667E+41    2.887563569684334E+08    3.545270458799001E+03
                      763    7.942184253527110E+31    2.263385083307013E+34    8.134422673432818E+15    6.560950000000000E+08    3.619188424586121E-16    2.114888188657293E-03    1.761802209146795E+03    9.569436813473100E+02    1.487587609664367E-03    7.782410315501259E-04    2.266670930618342E+34    8.250348815886062E+15    6.214442999999999E-01    0.000000000000000E+00    3.589615000000000E-01    1.919284000000000E-03    4.326583000000000E-03    7.326342000000000E-03    1.509056000000000E-03    2.192752000000000E-04    2.831449000000000E-03    4.947276000000000E-04    3.387699000000000E-04    6.758714000000000E-05    5.515203000000000E-05    0.000000000000000E+00    0.000000000000000E+00    0.000000000000000E+00    0.000000000000000E+00    0.000000000000000E+00    6.289998000000000E-05    0.000000000000000E+00    6.557073999999999E-05    1.579426722278667E+41    2.178136847405667E+08    2.656417014241667E+03
                      764    6.573553785886160E+31    2.269956777929670E+34    8.366274958339305E+15    6.707800000000001E+08    2.758107531704031E-16    1.982838814581377E-03    1.745649909405294E+03    9.416432100336971E+02    1.685673601322567E-03    6.704504978023246E-04    2.271573355154548E+34    8.435114756857150E+15    6.214442999999999E-01    0.000000000000000E+00    3.589615000000000E-01    1.919284000000000E-03    4.326583000000000E-03    7.326342000000000E-03    1.509056000000000E-03    2.192752000000000E-04    2.831449000000000E-03    4.947276000000000E-04    3.387699000000000E-04    6.758714000000000E-05    5.515203000000000E-05    0.000000000000000E+00    0.000000000000000E+00    0.000000000000000E+00    0.000000000000000E+00    0.000000000000000E+00    6.289998000000000E-05    0.000000000000000E+00    6.557073999999999E-05    1.579426722278667E+41    1.658566805696667E+08    1.997420250254000E+03
                      765    3.231899763126620E+31    2.273189932379425E+34    8.503954555374996E+15    6.785300000000000E+08    2.407823554574123E-16    1.893596367200742E-03    1.737629376621232E+03    9.308643093415044E+02    1.792716597151666E-03    6.110224984568510E-04    2.273826223538049E+34    8.532709236472513E+15    6.214442999999999E-01    0.000000000000000E+00    3.589615000000000E-01    1.919284000000000E-03    4.326583000000000E-03    7.326342000000000E-03    1.509056000000000E-03    2.192752000000000E-04    2.831449000000000E-03    4.947276000000000E-04    3.387699000000000E-04    6.758714000000000E-05    5.515203000000000E-05    0.000000000000000E+00    0.000000000000000E+00    0.000000000000000E+00    0.000000000000000E+00    0.000000000000000E+00    6.289998000000000E-05    0.000000000000000E+00    6.557073999999999E-05    1.579426722278667E+41    1.448710125127000E+08    1.717850208545000E+03
                      766    1.272161967400087E+31    2.274462514696672E+34    8.561463917570030E+15    6.826499999999999E+08    2.424513790108006E-16    1.841990609148675E-03    1.733632939954946E+03    9.244562845093174E+02    1.785716597151666E-03    5.861247005371529E-04    2.274946692500187E+34    8.584587972993774E+15    6.214442999999999E-01    0.000000000000000E+00    3.589615000000000E-01    1.919284000000000E-03    4.326583000000000E-03    7.326342000000000E-03    1.509056000000000E-03    2.192752000000000E-04    2.831449000000000E-03    4.947276000000000E-04    3.387699000000000E-04    6.758714000000000E-05    5.515203000000000E-05    0.000000000000000E+00    0.000000000000000E+00    0.000000000000000E+00    0.000000000000000E+00    0.000000000000000E+00    6.289998000000000E-05    0.000000000000000E+00    6.557073999999999E-05    1.579426722278667E+41    1.458710125127000E+08    1.707706889114667E+03
                      767    9.681227642340917E+30    2.275430870303702E+34    8.607712028417518E+15    6.867750000000000E+08    2.273061542181717E-16    1.808593495288645E-03    1.729645694837931E+03    9.202386489652546E+02    1.840730929094700E-03    5.667747384952524E-04    2.276029381674782E+34    8.636428476401324E+15    6.214442999999999E-01    0.000000000000000E+00    3.589615000000000E-01    1.919284000000000E-03    4.326583000000000E-03    7.326342000000000E-03    1.509056000000000E-03    2.192752000000000E-04    2.831449000000000E-03    4.947276000000000E-04    3.387699000000000E-04    6.758714000000000E-05    5.515203000000000E-05    0.000000000000000E+00    0.000000000000000E+00    0.000000000000000E+00    0.000000000000000E+00    0.000000000000000E+00    6.289998000000000E-05    0.000000000000000E+00    6.557073999999999E-05    1.579426722278667E+41    1.368710125127000E+08    1.597993527975334E+03
                      768    1.198269673990141E+31    2.276627893045862E+34    8.665144924385130E+15    6.912400000000000E+08    2.257483884149918E-16    1.792012210457258E-03    1.729589068189479E+03    9.181221588046150E+02    1.843745261037733E-03    5.428706919134251E-04    2.277195584063947E+34    8.692487603153035E+15    6.214442999999999E-01    0.000000000000000E+00    3.589615000000000E-01    1.919284000000000E-03    4.326583000000000E-03    7.326342000000000E-03    1.509056000000000E-03    2.192752000000000E-04    2.831449000000000E-03    4.947276000000000E-04    3.387699000000000E-04    6.758714000000000E-05    5.515203000000000E-05    0.000000000000000E+00    0.000000000000000E+00    0.000000000000000E+00    0.000000000000000E+00    0.000000000000000E+00    6.289998000000000E-05    0.000000000000000E+00    6.557073999999999E-05    1.579426722278667E+41    1.358853444557333E+08    1.577993527975334E+03
                      769    1.135197312891599E+31    2.277763275082030E+34    8.719830281920942E+15    6.954850000000000E+08    2.262617773061103E-16    1.775364010340289E-03    1.725667620130209E+03    9.159808183487085E+02    1.842730929094700E-03    5.200710103543791E-04    2.278300145747119E+34    8.745785966154306E+15    6.214442999999999E-01    0.000000000000000E+00    3.589615000000000E-01    1.919284000000000E-03    4.326583000000000E-03    7.326342000000000E-03    1.509056000000000E-03    2.192752000000000E-04    2.831449000000000E-03    4.947276000000000E-04    3.387699000000000E-04    6.758714000000000E-05    5.515203000000000E-05    0.000000000000000E+00    0.000000000000000E+00    0.000000000000000E+00    0.000000000000000E+00    0.000000000000000E+00    6.289998000000000E-05    0.000000000000000E+00    6.557073999999999E-05    1.579426722278667E+41    1.358853444557333E+08    1.567993527975334E+03
                      770    1.073990875615720E+31    2.278837016412208E+34    8.771741650387668E+15    6.994550000000000E+08    2.211114304631459E-16    1.743174902696719E-03    1.721698694740423E+03    9.118018503197359E+02    1.861745261037733E-03    4.987022919037096E-04    2.279343066724300E+34    8.795699711358307E+15    6.214442999999999E-01    0.000000000000000E+00    3.589615000000000E-01    1.919284000000000E-03    4.326583000000000E-03    7.326342000000000E-03    1.509056000000000E-03    2.192752000000000E-04    2.831449000000000E-03    4.947276000000000E-04    3.387699000000000E-04    6.758714000000000E-05    5.515203000000000E-05    0.000000000000000E+00    0.000000000000000E+00    0.000000000000000E+00    0.000000000000000E+00    0.000000000000000E+00    6.289998000000000E-05    0.000000000000000E+00    6.557073999999999E-05    1.579426722278667E+41    1.328853444557333E+08    1.518136847405667E+03
                      771    1.012199646996868E+31    2.279849117036393E+34    8.819657772328947E+15    7.031800000000000E+08    2.141039396332008E-16    1.726980412252054E-03    1.721698694740423E+03    9.096752507478423E+02    1.887759592980767E-03    4.793363702254220E-04    2.280327329610296E+34    8.842518661071495E+15    6.214442999999999E-01    0.000000000000000E+00    3.589615000000000E-01    1.919284000000000E-03    4.326583000000000E-03    7.326342000000000E-03    1.509056000000000E-03    2.192752000000000E-04    2.831449000000000E-03    4.947276000000000E-04    3.387699000000000E-04    6.758714000000000E-05    5.515203000000000E-05    0.000000000000000E+00    0.000000000000000E+00    0.000000000000000E+00    0.000000000000000E+00    0.000000000000000E+00    6.289998000000000E-05    0.000000000000000E+00    6.557073999999999E-05    1.579426722278667E+41    1.288853444557333E+08    1.468136847405667E+03
                      772    9.556387317019012E+30    2.280805542184199E+34    8.865379549814045E+15    7.068300000000000E+08    2.063595910907134E-16    1.711147360663417E-03    1.717738897625726E+03    9.075830557289197E+02    1.920773924923800E-03    4.612142427742273E-04    2.281254922814977E+34    8.888355873278469E+15    6.214442999999999E-01    0.000000000000000E+00    3.589615000000000E-01    1.919284000000000E-03    4.326583000000000E-03    7.326342000000000E-03    1.509056000000000E-03    2.192752000000000E-04    2.831449000000000E-03    4.947276000000000E-04    3.387699000000000E-04    6.758714000000000E-05    5.515203000000000E-05    0.000000000000000E+00    0.000000000000000E+00    0.000000000000000E+00    0.000000000000000E+00    0.000000000000000E+00    6.289998000000000E-05    0.000000000000000E+00    6.557073999999999E-05    1.579426722278667E+41    1.238996763987667E+08    1.418136847405667E+03
                      773    8.996405364003415E+30    2.281704303445754E+34    8.911332196742892E+15    7.104900000000000E+08    1.988891969502458E-16    1.695459467364255E-03    1.717682660792380E+03    9.054956726250105E+02    1.954788256866833E-03    4.433491225823655E-04    2.282126840543278E+34    8.934350285551059E+15    6.214442999999999E-01    0.000000000000000E+00    3.589615000000000E-01    1.919284000000000E-03    4.326583000000000E-03    7.326342000000000E-03    1.509056000000000E-03    2.192752000000000E-04    2.831449000000000E-03    4.947276000000000E-04    3.387699000000000E-04    6.758714000000000E-05    5.515203000000000E-05    0.000000000000000E+00    0.000000000000000E+00    0.000000000000000E+00    0.000000000000000E+00    0.000000000000000E+00    6.289998000000000E-05    0.000000000000000E+00    6.557073999999999E-05    1.579426722278667E+41    1.198853444557334E+08    1.358280166836000E+03
                      774    8.439919035540505E+30    2.282549377640801E+34    8.957368374359227E+15    7.140300000000000E+08    1.921370835353636E-16    1.664719108214006E-03    1.713788207791669E+03    9.013645408474981E+02    1.985802588809866E-03    4.257848167161663E-04    2.282939105975458E+34    8.978819155982616E+15    6.214442999999999E-01    0.000000000000000E+00    3.589615000000000E-01    1.919284000000000E-03    4.326583000000000E-03    7.326342000000000E-03    1.509056000000000E-03    2.192752000000000E-04    2.831449000000000E-03    4.947276000000000E-04    3.387699000000000E-04    6.758714000000000E-05    5.515203000000000E-05    0.000000000000000E+00    0.000000000000000E+00    0.000000000000000E+00    0.000000000000000E+00    0.000000000000000E+00    6.289998000000000E-05    0.000000000000000E+00    6.557073999999999E-05    1.579426722278667E+41    1.158996763987667E+08    1.308423486266334E+03
                      775    7.801464486977808E+30    2.283328834310114E+34    9.000269937606005E+15    7.173200000000000E+08    1.843421543422950E-16    1.649456871691839E-03    1.713732100299451E+03    8.992914599309356E+02    2.022816920752900E-03    4.097877814460929E-04    2.283692713316452E+34    9.020091319762886E+15    6.214442999999999E-01    0.000000000000000E+00    3.589615000000000E-01    1.919284000000000E-03    4.326583000000000E-03    7.326342000000000E-03    1.509056000000000E-03    2.192752000000000E-04    2.831449000000000E-03    4.947276000000000E-04    3.387699000000000E-04    6.758714000000000E-05    5.515203000000000E-05    0.000000000000000E+00    0.000000000000000E+00    0.000000000000000E+00    0.000000000000000E+00    0.000000000000000E+00    6.289998000000000E-05    0.000000000000000E+00    6.557073999999999E-05    1.579426722278667E+41    1.108996763987667E+08    1.258423486266334E+03
                      776    7.266270051410334E+30    2.284056592322790E+34    9.039912701919766E+15    7.205700000000000E+08    1.732252489792685E-16    1.634334560195160E-03    1.709846604292088E+03    8.972231469681710E+02    2.082845584638967E-03    3.954851274802113E-04    2.284417488714322E+34    9.060941074357152E+15    6.214442999999999E-01    0.000000000000000E+00    3.589615000000000E-01    1.919284000000000E-03    4.326583000000000E-03    7.326342000000000E-03    1.509056000000000E-03    2.192752000000000E-04    2.831449000000000E-03    4.947276000000000E-04    3.387699000000000E-04    6.758714000000000E-05    5.515203000000000E-05    0.000000000000000E+00    0.000000000000000E+00    0.000000000000000E+00    0.000000000000000E+00    0.000000000000000E+00    6.289998000000000E-05    0.000000000000000E+00    6.557073999999999E-05    1.579426722278667E+41    1.039140083418000E+08    1.178566805696667E+03
                      777    7.228007080268491E+30    2.284778385105853E+34    9.081969446794540E+15    7.240500000000001E+08    1.605503269162988E-16    1.619350890883638E-03    1.709790625843521E+03    8.951595909932165E+02    2.157859916582000E-03    3.809152909716065E-04    2.285137293087514E+34    9.104690550116234E+15    6.214442999999999E-01    0.000000000000000E+00    3.589615000000000E-01    1.919284000000000E-03    4.326583000000000E-03    7.326342000000000E-03    1.509056000000000E-03    2.192752000000000E-04    2.831449000000000E-03    4.947276000000000E-04    3.387699000000000E-04    6.758714000000000E-05    5.515203000000000E-05    0.000000000000000E+00    0.000000000000000E+00    0.000000000000000E+00    0.000000000000000E+00    0.000000000000000E+00    6.289998000000000E-05    0.000000000000000E+00    6.557073999999999E-05    1.579426722278667E+41    9.671400834180002E+07    1.098566805696667E+03
                      778    7.177734113507632E+30    2.285496201069175E+34    9.127411653437932E+15    7.277500000000000E+08    1.491458570917716E-16    1.604306753609516E-03    1.705858216527284E+03    8.930718062378827E+02    2.232888580468067E-03    3.657823882924608E-04    2.285849143821224E+34    9.151184331583060E+15    6.214442999999999E-01    0.000000000000000E+00    3.589615000000000E-01    1.919284000000000E-03    4.326583000000000E-03    7.326342000000000E-03    1.509056000000000E-03    2.192752000000000E-04    2.831449000000000E-03    4.947276000000000E-04    3.387699000000000E-04    6.758714000000000E-05    5.515203000000000E-05    0.000000000000000E+00    0.000000000000000E+00    0.000000000000000E+00    0.000000000000000E+00    0.000000000000000E+00    6.289998000000000E-05    0.000000000000000E+00    6.557073999999999E-05    1.579426722278667E+41    8.981974111901335E+07    1.018710125127000E+03
                      779    7.063197728135683E+30    2.286202086573273E+34    9.174957009728188E+15    7.315650000000000E+08    1.395162063452822E-16    1.575219083427812E-03    1.701990572752456E+03    8.889973557132823E+02    2.301931576297166E-03    3.505133983453080E-04    2.286547075685839E+34    9.199140218659060E+15    6.214442999999999E-01    0.000000000000000E+00    3.589615000000000E-01    1.919284000000000E-03    4.326583000000000E-03    7.326342000000000E-03    1.509056000000000E-03    2.192752000000000E-04    2.831449000000000E-03    4.947276000000000E-04    3.387699000000000E-04    6.758714000000000E-05    5.515203000000000E-05    0.000000000000000E+00    0.000000000000000E+00    0.000000000000000E+00    0.000000000000000E+00    0.000000000000000E+00    6.289998000000000E-05    0.000000000000000E+00    6.557073999999999E-05    1.579426722278667E+41    8.402690709053001E+07    9.537961167852002E+02
                      780    6.891080969728060E+30    2.286892064798406E+34    9.223323427589932E+15    7.355550000000000E+08    1.305002050976901E-16    1.560584940660290E-03    1.698076103060510E+03    8.869239431671117E+02    2.374960240183233E-03    3.355235949758771E-04    2.287233077091230E+34    9.249245215243858E+15    6.214442999999999E-01    0.000000000000000E+00    3.589615000000000E-01    1.919284000000000E-03    4.326583000000000E-03    7.326342000000000E-03    1.509056000000000E-03    2.192752000000000E-04    2.831449000000000E-03    4.947276000000000E-04    3.387699000000000E-04    6.758714000000000E-05    5.515203000000000E-05    0.000000000000000E+00    0.000000000000000E+00    0.000000000000000E+00    0.000000000000000E+00    0.000000000000000E+00    6.289998000000000E-05    0.000000000000000E+00    6.557073999999999E-05    1.579426722278667E+41    7.853120667344001E+07    8.928677765003669E+02
                      781    6.822606099010831E+30    2.287574089384055E+34    9.275167002897784E+15    7.399000000000000E+08    1.215135359355407E-16    1.546277411924801E-03    1.698076103060510E+03    8.848840747035782E+02    2.454988904069300E-03    3.200584390570444E-04    2.287921066906492E+34    9.303787739600658E+15    6.214442999999999E-01    0.000000000000000E+00    3.589615000000000E-01    1.919284000000000E-03    4.326583000000000E-03    7.326342000000000E-03    1.509056000000000E-03    2.192752000000000E-04    2.831449000000000E-03    4.947276000000000E-04    3.387699000000000E-04    6.758714000000000E-05    5.515203000000000E-05    0.000000000000000E+00    0.000000000000000E+00    0.000000000000000E+00    0.000000000000000E+00    0.000000000000000E+00    6.289998000000000E-05    0.000000000000000E+00    6.557073999999999E-05    1.579426722278667E+41    7.313550625635000E+07    8.329394362155335E+02
                      782    6.943835472007550E+30    2.288268044428928E+34    9.332408476303532E+15    7.445100000000000E+08    1.128784908031504E-16    1.518241871174074E-03    1.694170636399024E+03    8.808469789659189E+02    2.540031899898400E-03    3.036470402110314E-04    2.288618998771107E+34    9.361735580663054E+15    6.214442999999999E-01    0.000000000000000E+00    3.589615000000000E-01    1.919284000000000E-03    4.326583000000000E-03    7.326342000000000E-03    1.509056000000000E-03    2.192752000000000E-04    2.831449000000000E-03    4.947276000000000E-04    3.387699000000000E-04    6.758714000000000E-05    5.515203000000000E-05    0.000000000000000E+00    0.000000000000000E+00    0.000000000000000E+00    0.000000000000000E+00    0.000000000000000E+00    6.289998000000000E-05    0.000000000000000E+00    6.557073999999999E-05    1.579426722278667E+41    6.794123903356335E+07    7.750110959307001E+02
                      783    7.025964753306862E+30    2.288969953113285E+34    9.391062685022574E+15    7.493950000000000E+08    1.036632113612900E-16    1.504137059638880E-03    1.690274152061603E+03    8.787925755802318E+02    2.641601941607400E-03    2.875857882505125E-04    2.289324884275204E+34    9.423177278398284E+15    6.214442999999999E-01    0.000000000000000E+00    3.589615000000000E-01    1.919284000000000E-03    4.326583000000000E-03    7.326342000000000E-03    1.509056000000000E-03    2.192752000000000E-04    2.831449000000000E-03    4.947276000000000E-04    3.387699000000000E-04    6.758714000000000E-05    5.515203000000000E-05    0.000000000000000E+00    0.000000000000000E+00    0.000000000000000E+00    0.000000000000000E+00    0.000000000000000E+00    6.289998000000000E-05    0.000000000000000E+00    6.557073999999999E-05    1.579426722278667E+41    6.244553861647335E+07    7.130970875889002E+02
                      784    7.091458997627914E+30    2.289679815437124E+34    9.455291871773998E+15    7.545100000000000E+08    9.563375187524598E-17    1.476865565206530E-03    1.690274152061603E+03    8.747832710141514E+02    2.686914008341800E-03    2.710817663461550E-04    2.290040711828656E+34    9.487483644335906E+15    6.214442999999999E-01    0.000000000000000E+00    3.589615000000000E-01    1.919284000000000E-03    4.326583000000000E-03    7.326342000000000E-03    1.509056000000000E-03    2.192752000000000E-04    2.831449000000000E-03    4.947276000000000E-04    3.387699000000000E-04    6.758714000000000E-05    5.515203000000000E-05    0.000000000000000E+00    0.000000000000000E+00    0.000000000000000E+00    0.000000000000000E+00    0.000000000000000E+00    6.289998000000000E-05    0.000000000000000E+00    6.557073999999999E-05    1.579426722278667E+41    5.754983819938334E+07    6.581687473040668E+02
                      785    7.216539920544175E+30    2.290401608220188E+34    9.519675416897814E+15    7.596800000000000E+08    9.049501547357154E-17    1.463145148943766E-03    1.686386629389472E+03    8.727430100418943E+02    2.684928340284833E-03    2.554385951334589E-04    2.290760516201849E+34    9.552520037171590E+15    6.214442999999999E-01    0.000000000000000E+00    3.589615000000000E-01    1.919284000000000E-03    4.326583000000000E-03    7.326342000000000E-03    1.509056000000000E-03    2.192752000000000E-04    2.831449000000000E-03    4.947276000000000E-04    3.387699000000000E-04    6.758714000000000E-05    5.515203000000000E-05    0.000000000000000E+00    0.000000000000000E+00    0.000000000000000E+00    0.000000000000000E+00    0.000000000000000E+00    6.289998000000000E-05    0.000000000000000E+00    6.557073999999999E-05    1.579426722278667E+41    5.455127139368667E+07    6.232117431331668E+02
                      786    7.176636511259007E+30    2.291119424183510E+34    9.585364657445364E+15    7.647300000000000E+08    8.986926591392346E-17    1.436616878446449E-03    1.682508047771377E+03    8.687613053343127E+02    2.683928340284834E-03    2.395944550049133E-04    2.291468390115817E+34    9.616021963617136E+15    6.214442999999999E-01    0.000000000000000E+00    3.589615000000000E-01    1.919284000000000E-03    4.326583000000000E-03    7.326342000000000E-03    1.509056000000000E-03    2.192752000000000E-04    2.831449000000000E-03    4.947276000000000E-04    3.387699000000000E-04    6.758714000000000E-05    5.515203000000000E-05    0.000000000000000E+00    0.000000000000000E+00    0.000000000000000E+00    0.000000000000000E+00    0.000000000000000E+00    6.289998000000000E-05    0.000000000000000E+00    6.557073999999999E-05    1.579426722278667E+41    5.405270458799001E+07    6.132260750762001E+02
                      787    6.972502377113404E+30    2.291817356048125E+34    9.646679269788908E+15    7.692300000000000E+08    9.475697636794242E-17    1.423270381617786E-03    1.682508047771377E+03    8.667350894197980E+02    2.682928340284833E-03    2.240069514954588E-04    2.292158368340949E+34    9.672566977154440E+15    6.214442999999999E-01    0.000000000000000E+00    3.589615000000000E-01    1.919284000000000E-03    4.326583000000000E-03    7.326342000000000E-03    1.509056000000000E-03    2.192752000000000E-04    2.831449000000000E-03    4.947276000000000E-04    3.387699000000000E-04    6.758714000000000E-05    5.515203000000000E-05    0.000000000000000E+00    0.000000000000000E+00    0.000000000000000E+00    0.000000000000000E+00    0.000000000000000E+00    6.289998000000000E-05    0.000000000000000E+00    6.557073999999999E-05    1.579426722278667E+41    5.704983819938334E+07    6.372117431331667E+02
                      788    6.828980941056289E+30    2.292499380633774E+34    9.698454684519976E+15    7.733400000000000E+08    1.006030608234290E-16    1.397465080139911E-03    1.678638386643463E+03    8.627807945746247E+02    2.674042995829100E-03    2.100787615017580E-04    2.292832439287116E+34    9.724135613259124E+15    6.214442999999999E-01    0.000000000000000E+00    3.589615000000000E-01    1.919284000000000E-03    4.326583000000000E-03    7.326342000000000E-03    1.509056000000000E-03    2.192752000000000E-04    2.831449000000000E-03    4.947276000000000E-04    3.387699000000000E-04    6.758714000000000E-05    5.515203000000000E-05    0.000000000000000E+00    0.000000000000000E+00    0.000000000000000E+00    0.000000000000000E+00    0.000000000000000E+00    6.289998000000000E-05    0.000000000000000E+00    6.557073999999999E-05    1.579426722278667E+41    6.054697181077667E+07    6.661830792471002E+02
                      789    6.665887586641894E+30    2.293165497940458E+34    9.749816541998272E+15    7.776999999999999E+08    9.899452912381700E-17    1.384653043274757E-03    1.674777625489171E+03    8.607964538119766E+02    2.680928340284833E-03    1.964477088094236E-04    2.293487620339510E+34    9.778662013343280E+15    6.214442999999999E-01    0.000000000000000E+00    3.589615000000000E-01    1.919284000000000E-03    4.326583000000000E-03    7.326342000000000E-03    1.509056000000000E-03    2.192752000000000E-04    2.831449000000000E-03    4.947276000000000E-04    3.387699000000000E-04    6.758714000000000E-05    5.515203000000000E-05    0.000000000000000E+00    0.000000000000000E+00    0.000000000000000E+00    0.000000000000000E+00    0.000000000000000E+00    6.289998000000000E-05    0.000000000000000E+00    6.557073999999999E-05    1.579426722278667E+41    5.964697181077667E+07    6.531974111901335E+02
                      790    6.445052797992297E+30    2.293809742738564E+34    9.807507484688292E+15    7.875100000000000E+08    8.348552723862275E-17    1.371789302267587E-03    1.674777625489171E+03    8.587888143566253E+02    2.679928340284834E-03    1.835404423917534E-04    2.294610077711520E+34    9.901815896671926E+15    6.214442999999999E-01    0.000000000000000E+00    3.589615000000000E-01    1.919284000000000E-03    4.326583000000000E-03    7.326342000000000E-03    1.509056000000000E-03    2.192752000000000E-04    2.831449000000000E-03    4.947276000000000E-04    3.387699000000000E-04    6.758714000000000E-05    5.515203000000000E-05    0.000000000000000E+00    0.000000000000000E+00    0.000000000000000E+00    0.000000000000000E+00    0.000000000000000E+00    6.289998000000000E-05    0.000000000000000E+00    6.557073999999999E-05    1.579426722278667E+41    5.025557097659667E+07    5.573263986774334E+02
                      791    1.599188978240235E+31    2.295410412684476E+34    9.996124308655560E+15    8.060900000000000E+08    5.762503394468597E-17    1.334404235387733E-03    1.670925743839129E+03    8.528769537419503E+02    2.677928340284833E-03    1.544344183434004E-04    2.296245544830169E+34    1.013534000782719E+16    6.214442999999999E-01    0.000000000000000E+00    3.589615000000000E-01    1.919284000000000E-03    4.326583000000000E-03    7.326342000000000E-03    1.509056000000000E-03    2.192752000000000E-04    2.831449000000000E-03    4.947276000000000E-04    3.387699000000000E-04    6.758714000000000E-05    5.515203000000000E-05    0.000000000000000E+00    0.000000000000000E+00    0.000000000000000E+00    0.000000000000000E+00    0.000000000000000E+00    6.289998000000000E-05    0.000000000000000E+00    6.557073999999999E-05    1.579426722278667E+41    3.466990291963001E+07    3.974983819938334E+02
                      792    1.671757189517282E+31    2.297080676975862E+34    1.027455570699883E+16    8.310800000000000E+08    4.252175630911684E-17    1.262662875807778E-03    1.655606604539518E+03    8.411750432433240E+02    2.671928340284833E-03    1.228009716555359E-04    2.297942652654810E+34    1.044935481441505E+16    6.214442999999999E-01    0.000000000000000E+00    3.589615000000000E-01    1.919284000000000E-03    4.326583000000000E-03    7.326342000000000E-03    1.509056000000000E-03    2.192752000000000E-04    2.831449000000000E-03    4.947276000000000E-04    3.387699000000000E-04    6.758714000000000E-05    5.515203000000000E-05    0.000000000000000E+00    0.000000000000000E+00    0.000000000000000E+00    0.000000000000000E+00    0.000000000000000E+00    6.289998000000000E-05    0.000000000000000E+00    6.557073999999999E-05    1.579283402848333E+41    2.557706889114667E+07    2.916417014241667E+02
                      793    1.722584326109105E+31    2.298804628333757E+34    1.062415392183128E+16    8.588950000000000E+08    3.377727880523669E-17    1.183824739913148E-03    1.644209488839887E+03    8.277255844405335E+02    2.666942672227867E-03    9.130898799289434E-05    2.299557241469817E+34    1.079890892364014E+16    6.214442999999999E-01    0.000000000000000E+00    3.589615000000000E-01    1.919284000000000E-03    4.326583000000000E-03    7.326342000000000E-03    1.509056000000000E-03    2.192752000000000E-04    2.831449000000000E-03    4.947276000000000E-04    3.387699000000000E-04    6.758714000000000E-05    5.515203000000000E-05    0.000000000000000E+00    0.000000000000000E+00    0.000000000000000E+00    0.000000000000000E+00    0.000000000000000E+00    6.289998000000000E-05    0.000000000000000E+00    6.557073999999999E-05    1.579283402848333E+41    2.038136847405667E+07    2.297133611393334E+02
                      794    1.505798735320198E+31    2.300309854605876E+34    1.097366392544899E+16    8.818100000000001E+08    2.726535735862626E-17    1.099869007570043E-03    1.632890830332872E+03    8.126442544895501E+02    2.661942672227866E-03    6.594241984345103E-05    2.300818887532774E+34    1.108689172052455E+16    6.214442999999999E-01    0.000000000000000E+00    3.589615000000000E-01    1.919284000000000E-03    4.326583000000000E-03    7.326342000000000E-03    1.509056000000000E-03    2.192752000000000E-04    2.831449000000000E-03    4.947276000000000E-04    3.387699000000000E-04    6.758714000000000E-05    5.515203000000000E-05    0.000000000000000E+00    0.000000000000000E+00    0.000000000000000E+00    0.000000000000000E+00    0.000000000000000E+00    6.289998000000000E-05    0.000000000000000E+00    6.557073999999999E-05    1.569426722278667E+41    1.638566805696667E+07    1.827706889114667E+02
                      795    1.017690243172827E+31    2.301327920459673E+34    1.120011951560011E+16    8.991500000000000E+08    2.726535735862626E-17    1.040608602365120E-03    1.621650088922959E+03    8.014683544746688E+02    2.657928340284834E-03    4.953161740940786E-05    2.301721625614071E+34    1.130468165034024E+16    6.214442999999999E-01    0.000000000000000E+00    3.589615000000000E-01    1.919284000000000E-03    4.326583000000000E-03    7.326342000000000E-03    1.509056000000000E-03    2.192752000000000E-04    2.831449000000000E-03    4.947276000000000E-04    3.387699000000000E-04    6.758714000000000E-05    5.515203000000000E-05    0.000000000000000E+00    0.000000000000000E+00    0.000000000000000E+00    0.000000000000000E+00    0.000000000000000E+00    6.289998000000000E-05    0.000000000000000E+00    6.557073999999999E-05    1.569426722278667E+41    1.638566805696667E+07    1.767850208545000E+02
                      796    7.867841585281451E+30    2.302115330768470E+34    1.140924378508037E+16    9.193050000000000E+08    2.257413896589100E-17    9.938960498541382E-04    1.614199283562499E+03    7.923197272778822E+02    2.654928340284833E-03    3.699845294571181E-05    2.302487163414290E+34    1.155762657557396E+16    6.214442999999999E-01    0.000000000000000E+00    3.589615000000000E-01    1.919284000000000E-03    4.326583000000000E-03    7.326342000000000E-03    1.509056000000000E-03    2.192752000000000E-04    2.831449000000000E-03    4.947276000000000E-04    3.387699000000000E-04    6.758714000000000E-05    5.515203000000000E-05    0.000000000000000E+00    0.000000000000000E+00    0.000000000000000E+00    0.000000000000000E+00    0.000000000000000E+00    6.289998000000000E-05    0.000000000000000E+00    6.557073999999999E-05    1.569426722278667E+41    1.358853444557334E+07    1.458280166836000E+02
                      797    7.445893057079842E+30    2.302858996060111E+34    1.170600936606755E+16    9.618099999999999E+08    1.427615301664319E-17    9.491633588866944E-04    1.606782711543065E+03    7.832501183582925E+02    2.650942672227867E-03    2.576748317218951E-05    2.303288492592182E+34    1.209118152092187E+16    6.214442999999999E-01    0.000000000000000E+00    3.589615000000000E-01    1.919284000000000E-03    4.326583000000000E-03    7.326342000000000E-03    1.509056000000000E-03    2.192752000000000E-04    2.831449000000000E-03    4.947276000000000E-04    3.387699000000000E-04    6.758714000000000E-05    5.515203000000000E-05    0.000000000000000E+00    0.000000000000000E+00    0.000000000000000E+00    0.000000000000000E+00    0.000000000000000E+00    6.289998000000000E-05    0.000000000000000E+00    6.557073999999999E-05    1.569426722278667E+41    8.592404070192335E+06    9.508391126143002E+01
                      798    8.599588348157558E+30    2.303717989124252E+34    1.247635367577619E+16    1.031195000000000E+09    5.923947407522850E-18    8.577109697344521E-04    1.588390021937165E+03    7.636607491402517E+02    2.644942672227867E-03    1.369755896481339E-05    2.304075902900978E+34    1.296201111585309E+16    6.214442999999999E-01    0.000000000000000E+00    3.589615000000000E-01    1.919284000000000E-03    4.326583000000000E-03    7.326342000000000E-03    1.509056000000000E-03    2.192752000000000E-04    2.831449000000000E-03    4.947276000000000E-04    3.387699000000000E-04    6.758714000000000E-05    5.515203000000000E-05    0.000000000000000E+00    0.000000000000000E+00    0.000000000000000E+00    0.000000000000000E+00    0.000000000000000E+00    6.289998000000000E-05    0.000000000000000E+00    6.557073999999999E-05    1.569426722278667E+41    3.566846972532667E+06    4.134840500508000E+01
                      799    7.151230598341099E+30    2.304433816677704E+34    1.344766855593001E+16    1.158175000000000E+09    4.262110043999361E-18    7.401861670652376E-04    1.566596493817933E+03    7.360383942237987E+02    2.635942672227867E-03    2.785338648749493E-06    2.304524289326820E+34    1.455332234818125E+16    6.214442999999999E-01    0.000000000000000E+00    3.589615000000000E-01    1.919284000000000E-03    4.326583000000000E-03    7.326342000000000E-03    1.509056000000000E-03    2.192752000000000E-04    2.831449000000000E-03    4.947276000000000E-04    3.387699000000000E-04    6.758714000000000E-05    5.515203000000000E-05    0.000000000000000E+00    0.000000000000000E+00    0.000000000000000E+00    0.000000000000000E+00    0.000000000000000E+00    6.289998000000000E-05    0.000000000000000E+00    6.557073999999999E-05    1.569426722278667E+41    2.567706889114667E+06    2.856560333672001E+01
                      800    1.804390490804429E+30    2.304614761975937E+34    1.565897614043249E+16    1.246450000000000E+09    4.804090656275257E-19    5.719274806477130E-04    1.527415347956876E+03    6.900816340629671E+02    2.621957004170900E-03    0.000000000000000E+00    2.304614761975937E+34    1.565897614043249E+16    6.214442999999999E-01    0.000000000000000E+00    3.589615000000000E-01    1.919284000000000E-03    4.326583000000000E-03    7.326342000000000E-03    1.509056000000000E-03    2.192752000000000E-04    2.831449000000000E-03    4.947276000000000E-04    3.387699000000000E-04    6.758714000000000E-05    5.515203000000000E-05    0.000000000000000E+00    0.000000000000000E+00    0.000000000000000E+00    0.000000000000000E+00    0.000000000000000E+00    6.289998000000000E-05    0.000000000000000E+00    6.557073999999999E-05    1.559426722278667E+41    2.897420250254000E+05    3.695127139368668E+00
